microrregion_code,microrregion_name,uf,macroregion,year,homicide_count,population,homicide_rate_per_100k,percentile_unweighted,population_status,homicide_definition,sim_status
11001,Porto Velho,RO,Norte,2015,270,637530.0,42.35094819067338,86.73835125448029,estimativa IBGE em 1º de julho,"CAUSABAS X85-X99, Y00-Y09, Y35 ou Y36; todas as idades; residência",final
11002,Guajará-Mirim,RO,Norte,2015,15,82285.0,18.229324907334266,42.473118279569896,estimativa IBGE em 1º de julho,"CAUSABAS X85-X99, Y00-Y09, Y35 ou Y36; todas as idades; residência",final
11003,Ariquemes,RO,Norte,2015,96,198611.0,48.33569137661056,91.21863799283155,estimativa IBGE em 1º de julho,"CAUSABAS X85-X99, Y00-Y09, Y35 ou Y36; todas as idades; residência",final
11004,Ji-Paraná,RO,Norte,2015,59,316823.0,18.62238536974904,43.54838709677419,estimativa IBGE em 1º de julho,"CAUSABAS X85-X99, Y00-Y09, Y35 ou Y36; todas as idades; residência",final
11005,Alvorada D'Oeste,RO,Norte,2015,12,75169.0,15.964027724194814,36.738351254480285,estimativa IBGE em 1º de julho,"CAUSABAS X85-X99, Y00-Y09, Y35 ou Y36; todas as idades; residência",final
11006,Cacoal,RO,Norte,2015,62,248619.0,24.937756165055767,58.96057347670251,estimativa IBGE em 1º de julho,"CAUSABAS X85-X99, Y00-Y09, Y35 ou Y36; todas as idades; residência",final
11007,Vilhena,RO,Norte,2015,72,154743.0,46.52876059013978,89.60573476702508,estimativa IBGE em 1º de julho,"CAUSABAS X85-X99, Y00-Y09, Y35 ou Y36; todas as idades; residência",final
11008,Colorado do Oeste,RO,Norte,2015,6,54424.0,11.024547993532265,20.788530465949822,estimativa IBGE em 1º de julho,"CAUSABAS X85-X99, Y00-Y09, Y35 ou Y36; todas as idades; residência",final
12001,Cruzeiro do Sul,AC,Norte,2015,20,143320.0,13.954786491766676,29.92831541218638,estimativa IBGE em 1º de julho,"CAUSABAS X85-X99, Y00-Y09, Y35 ou Y36; todas as idades; residência",final
12002,Tarauacá,AC,Norte,2015,21,78713.0,26.67920165665138,62.007168458781365,estimativa IBGE em 1º de julho,"CAUSABAS X85-X99, Y00-Y09, Y35 ou Y36; todas as idades; residência",final
12003,Sena Madureira,AC,Norte,2015,12,56200.0,21.352313167259787,50.89605734767025,estimativa IBGE em 1º de julho,"CAUSABAS X85-X99, Y00-Y09, Y35 ou Y36; todas as idades; residência",final
12004,Rio Branco,AC,Norte,2015,155,460354.0,33.669741112274465,73.83512544802868,estimativa IBGE em 1º de julho,"CAUSABAS X85-X99, Y00-Y09, Y35 ou Y36; todas as idades; residência",final
12005,Brasiléia,AC,Norte,2015,9,64926.0,13.86193512614361,29.74910394265233,estimativa IBGE em 1º de julho,"CAUSABAS X85-X99, Y00-Y09, Y35 ou Y36; todas as idades; residência",final
13001,Rio Negro,AM,Norte,2015,29,110602.0,26.220140684616915,61.64874551971326,estimativa IBGE em 1º de julho,"CAUSABAS X85-X99, Y00-Y09, Y35 ou Y36; todas as idades; residência",final
13002,Japurá,AM,Norte,2015,3,23548.0,12.739935450993714,26.344086021505376,estimativa IBGE em 1º de julho,"CAUSABAS X85-X99, Y00-Y09, Y35 ou Y36; todas as idades; residência",final
13003,Alto Solimões,AM,Norte,2015,36,245521.0,14.662696877252863,32.437275985663085,estimativa IBGE em 1º de julho,"CAUSABAS X85-X99, Y00-Y09, Y35 ou Y36; todas as idades; residência",final
13004,Juruá,AM,Norte,2015,27,144754.0,18.65233430509692,43.90681003584229,estimativa IBGE em 1º de julho,"CAUSABAS X85-X99, Y00-Y09, Y35 ou Y36; todas as idades; residência",final
13005,Tefé,AM,Norte,2015,6,91110.0,6.585446163977609,6.810035842293907,estimativa IBGE em 1º de julho,"CAUSABAS X85-X99, Y00-Y09, Y35 ou Y36; todas as idades; residência",final
13006,Coari,AM,Norte,2015,33,172058.0,19.17957897918144,44.623655913978496,estimativa IBGE em 1º de julho,"CAUSABAS X85-X99, Y00-Y09, Y35 ou Y36; todas as idades; residência",final
13007,Manaus,AM,Norte,2015,1200,2327732.0,51.55232647057307,93.36917562724014,estimativa IBGE em 1º de julho,"CAUSABAS X85-X99, Y00-Y09, Y35 ou Y36; todas as idades; residência",final
13008,Rio Preto da Eva,AM,Norte,2015,30,63342.0,47.36193994506015,90.3225806451613,estimativa IBGE em 1º de julho,"CAUSABAS X85-X99, Y00-Y09, Y35 ou Y36; todas as idades; residência",final
13009,Itacoatiara,AM,Norte,2015,41,171452.0,23.9133985022047,56.98924731182796,estimativa IBGE em 1º de julho,"CAUSABAS X85-X99, Y00-Y09, Y35 ou Y36; todas as idades; residência",final
13010,Parintins,AM,Norte,2015,28,270186.0,10.363231255505466,18.817204301075268,estimativa IBGE em 1º de julho,"CAUSABAS X85-X99, Y00-Y09, Y35 ou Y36; todas as idades; residência",final
13011,Boca do Acre,AM,Norte,2015,8,52876.0,15.129737499054391,33.691756272401435,estimativa IBGE em 1º de julho,"CAUSABAS X85-X99, Y00-Y09, Y35 ou Y36; todas as idades; residência",final
13012,Purus,AM,Norte,2015,4,76545.0,5.225684238029917,3.4050179211469533,estimativa IBGE em 1º de julho,"CAUSABAS X85-X99, Y00-Y09, Y35 ou Y36; todas as idades; residência",final
13013,Madeira,AM,Norte,2015,27,188610.0,14.315253698107206,31.182795698924732,estimativa IBGE em 1º de julho,"CAUSABAS X85-X99, Y00-Y09, Y35 ou Y36; todas as idades; residência",final
14001,Boa Vista,RR,Norte,2015,146,359804.0,40.57764783048549,84.05017921146954,estimativa IBGE em 1º de julho,"CAUSABAS X85-X99, Y00-Y09, Y35 ou Y36; todas as idades; residência",final
14002,Nordeste de Roraima,RR,Norte,2015,12,47524.0,25.250399797996803,59.49820788530466,estimativa IBGE em 1º de julho,"CAUSABAS X85-X99, Y00-Y09, Y35 ou Y36; todas as idades; residência",final
14003,Caracaraí,RR,Norte,2015,34,46961.0,72.40050254466472,99.2831541218638,estimativa IBGE em 1º de julho,"CAUSABAS X85-X99, Y00-Y09, Y35 ou Y36; todas as idades; residência",final
14004,Sudeste de Roraima,RR,Norte,2015,11,51376.0,21.410775459358454,51.075268817204304,estimativa IBGE em 1º de julho,"CAUSABAS X85-X99, Y00-Y09, Y35 ou Y36; todas as idades; residência",final
15001,Óbidos,PA,Norte,2015,16,198751.0,8.05027396088573,11.290322580645162,estimativa IBGE em 1º de julho,"CAUSABAS X85-X99, Y00-Y09, Y35 ou Y36; todas as idades; residência",final
15002,Santarém,PA,Norte,2015,88,507271.0,17.347729320225284,40.681003584229394,estimativa IBGE em 1º de julho,"CAUSABAS X85-X99, Y00-Y09, Y35 ou Y36; todas as idades; residência",final
15003,Almeirim,PA,Norte,2015,8,71843.0,11.135392452987764,21.32616487455197,estimativa IBGE em 1º de julho,"CAUSABAS X85-X99, Y00-Y09, Y35 ou Y36; todas as idades; residência",final
15004,Portel,PA,Norte,2015,18,144594.0,12.448649321548611,25.089605734767026,estimativa IBGE em 1º de julho,"CAUSABAS X85-X99, Y00-Y09, Y35 ou Y36; todas as idades; residência",final
15005,Furos de Breves,PA,Norte,2015,22,220578.0,9.973796117473183,17.921146953405017,estimativa IBGE em 1º de julho,"CAUSABAS X85-X99, Y00-Y09, Y35 ou Y36; todas as idades; residência",final
15006,Arari,PA,Norte,2015,15,168225.0,8.916629514043692,13.978494623655914,estimativa IBGE em 1º de julho,"CAUSABAS X85-X99, Y00-Y09, Y35 ou Y36; todas as idades; residência",final
15007,Belém,PA,Norte,2015,1428,2261942.0,63.13159223357628,97.31182795698925,estimativa IBGE em 1º de julho,"CAUSABAS X85-X99, Y00-Y09, Y35 ou Y36; todas as idades; residência",final
15008,Castanhal,PA,Norte,2015,205,324645.0,63.14589782685703,97.4910394265233,estimativa IBGE em 1º de julho,"CAUSABAS X85-X99, Y00-Y09, Y35 ou Y36; todas as idades; residência",final
15009,Salgado,PA,Norte,2015,82,260362.0,31.49461134881434,71.86379928315412,estimativa IBGE em 1º de julho,"CAUSABAS X85-X99, Y00-Y09, Y35 ou Y36; todas as idades; residência",final
15010,Bragantina,PA,Norte,2015,105,405443.0,25.897598429372316,61.111111111111114,estimativa IBGE em 1º de julho,"CAUSABAS X85-X99, Y00-Y09, Y35 ou Y36; todas as idades; residência",final
15011,Cametá,PA,Norte,2015,137,473045.0,28.961303892864315,66.48745519713262,estimativa IBGE em 1º de julho,"CAUSABAS X85-X99, Y00-Y09, Y35 ou Y36; todas as idades; residência",final
15012,Tomé-Açu,PA,Norte,2015,184,320418.0,57.424988608629974,95.3405017921147,estimativa IBGE em 1º de julho,"CAUSABAS X85-X99, Y00-Y09, Y35 ou Y36; todas as idades; residência",final
15013,Guamá,PA,Norte,2015,140,460985.0,30.36975172727963,69.89247311827957,estimativa IBGE em 1º de julho,"CAUSABAS X85-X99, Y00-Y09, Y35 ou Y36; todas as idades; residência",final
15014,Itaituba,PA,Norte,2015,106,214099.0,49.50980621114531,92.29390681003584,estimativa IBGE em 1º de julho,"CAUSABAS X85-X99, Y00-Y09, Y35 ou Y36; todas as idades; residência",final
15015,Altamira,PA,Norte,2015,227,294165.0,77.16757602026074,100.0,estimativa IBGE em 1º de julho,"CAUSABAS X85-X99, Y00-Y09, Y35 ou Y36; todas as idades; residência",final
15016,Tucuruí,PA,Norte,2015,167,362863.0,46.02287915824981,88.88888888888889,estimativa IBGE em 1º de julho,"CAUSABAS X85-X99, Y00-Y09, Y35 ou Y36; todas as idades; residência",final
15017,Paragominas,PA,Norte,2015,158,328594.0,48.083653383811026,91.0394265232975,estimativa IBGE em 1º de julho,"CAUSABAS X85-X99, Y00-Y09, Y35 ou Y36; todas as idades; residência",final
15018,São Félix do Xingu,PA,Norte,2015,62,199960.0,31.00620124024805,71.14695340501792,estimativa IBGE em 1º de julho,"CAUSABAS X85-X99, Y00-Y09, Y35 ou Y36; todas as idades; residência",final
15019,Parauapebas,PA,Norte,2015,176,300231.0,58.62152809003734,95.87813620071685,estimativa IBGE em 1º de julho,"CAUSABAS X85-X99, Y00-Y09, Y35 ou Y36; todas as idades; residência",final
15020,Marabá,PA,Norte,2015,218,314713.0,69.26946138227528,98.2078853046595,estimativa IBGE em 1º de julho,"CAUSABAS X85-X99, Y00-Y09, Y35 ou Y36; todas as idades; residência",final
15021,Redenção,PA,Norte,2015,63,189772.0,33.19773201526042,73.47670250896057,estimativa IBGE em 1º de julho,"CAUSABAS X85-X99, Y00-Y09, Y35 ou Y36; todas as idades; residência",final
15022,Conceição do Araguaia,PA,Norte,2015,43,152614.0,28.175658851743613,65.05376344086021,estimativa IBGE em 1º de julho,"CAUSABAS X85-X99, Y00-Y09, Y35 ou Y36; todas as idades; residência",final
16001,Oiapoque,AP,Norte,2015,12,34426.0,34.857375239644455,75.80645161290323,estimativa IBGE em 1º de julho,"CAUSABAS X85-X99, Y00-Y09, Y35 ou Y36; todas as idades; residência",final
16002,Amapá,AP,Norte,2015,6,28365.0,21.152829190904285,49.6415770609319,estimativa IBGE em 1º de julho,"CAUSABAS X85-X99, Y00-Y09, Y35 ou Y36; todas as idades; residência",final
16003,Macapá,AP,Norte,2015,242,624241.0,38.76707874042237,81.36200716845879,estimativa IBGE em 1º de julho,"CAUSABAS X85-X99, Y00-Y09, Y35 ou Y36; todas as idades; residência",final
16004,Mazagão,AP,Norte,2015,33,79647.0,41.432822328524615,85.84229390681004,estimativa IBGE em 1º de julho,"CAUSABAS X85-X99, Y00-Y09, Y35 ou Y36; todas as idades; residência",final
17001,Bico do Papagaio,TO,Norte,2015,54,210839.0,25.611959836652613,60.57347670250896,estimativa IBGE em 1º de julho,"CAUSABAS X85-X99, Y00-Y09, Y35 ou Y36; todas as idades; residência",final
17002,Araguaína,TO,Norte,2015,131,306848.0,42.692147252059655,86.91756272401433,estimativa IBGE em 1º de julho,"CAUSABAS X85-X99, Y00-Y09, Y35 ou Y36; todas as idades; residência",final
17003,Miracema do Tocantins,TO,Norte,2015,40,148608.0,26.916451335055985,62.18637992831541,estimativa IBGE em 1º de julho,"CAUSABAS X85-X99, Y00-Y09, Y35 ou Y36; todas as idades; residência",final
17004,Rio Formoso,TO,Norte,2015,31,124739.0,24.851890747881576,58.422939068100355,estimativa IBGE em 1º de julho,"CAUSABAS X85-X99, Y00-Y09, Y35 ou Y36; todas as idades; residência",final
17005,Gurupi,TO,Norte,2015,65,147284.0,44.13242443171016,88.17204301075269,estimativa IBGE em 1º de julho,"CAUSABAS X85-X99, Y00-Y09, Y35 ou Y36; todas as idades; residência",final
17006,Porto Nacional,TO,Norte,2015,129,375255.0,34.37662389575089,75.08960573476702,estimativa IBGE em 1º de julho,"CAUSABAS X85-X99, Y00-Y09, Y35 ou Y36; todas as idades; residência",final
17007,Jalapão,TO,Norte,2015,18,77860.0,23.118417672745956,54.659498207885306,estimativa IBGE em 1º de julho,"CAUSABAS X85-X99, Y00-Y09, Y35 ou Y36; todas as idades; residência",final
17008,Dianópolis,TO,Norte,2015,24,123693.0,19.402876476437633,45.69892473118279,estimativa IBGE em 1º de julho,"CAUSABAS X85-X99, Y00-Y09, Y35 ou Y36; todas as idades; residência",final
21001,Litoral Ocidental Maranhense,MA,Nordeste,2015,44,187243.0,23.498875792419476,55.7347670250896,estimativa IBGE em 1º de julho,"CAUSABAS X85-X99, Y00-Y09, Y35 ou Y36; todas as idades; residência",final
21002,Aglomeração Urbana de São Luís,MA,Nordeste,2015,1005,1395792.0,72.00213212283779,99.10394265232975,estimativa IBGE em 1º de julho,"CAUSABAS X85-X99, Y00-Y09, Y35 ou Y36; todas as idades; residência",final
21003,Rosário,MA,Nordeste,2015,40,172687.0,23.16329544204254,55.017921146953405,estimativa IBGE em 1º de julho,"CAUSABAS X85-X99, Y00-Y09, Y35 ou Y36; todas as idades; residência",final
21004,Lençóis Maranhenses,MA,Nordeste,2015,14,191719.0,7.302353965960599,8.78136200716846,estimativa IBGE em 1º de julho,"CAUSABAS X85-X99, Y00-Y09, Y35 ou Y36; todas as idades; residência",final
21005,Baixada Maranhense,MA,Nordeste,2015,163,590620.0,27.598117232738478,63.44086021505376,estimativa IBGE em 1º de julho,"CAUSABAS X85-X99, Y00-Y09, Y35 ou Y36; todas as idades; residência",final
21006,Itapecuru Mirim,MA,Nordeste,2015,51,229914.0,22.18220726010595,52.1505376344086,estimativa IBGE em 1º de julho,"CAUSABAS X85-X99, Y00-Y09, Y35 ou Y36; todas as idades; residência",final
21007,Gurupi,MA,Nordeste,2015,56,235816.0,23.747328425552126,56.630824372759854,estimativa IBGE em 1º de julho,"CAUSABAS X85-X99, Y00-Y09, Y35 ou Y36; todas as idades; residência",final
21008,Pindaré,MA,Nordeste,2015,183,650498.0,28.132292489754004,64.87455197132617,estimativa IBGE em 1º de julho,"CAUSABAS X85-X99, Y00-Y09, Y35 ou Y36; todas as idades; residência",final
21009,Imperatriz,MA,Nordeste,2015,240,586584.0,40.91485618428051,84.76702508960574,estimativa IBGE em 1º de julho,"CAUSABAS X85-X99, Y00-Y09, Y35 ou Y36; todas as idades; residência",final
21010,Médio Mearim,MA,Nordeste,2015,93,416015.0,22.35496316238597,52.32974910394265,estimativa IBGE em 1º de julho,"CAUSABAS X85-X99, Y00-Y09, Y35 ou Y36; todas as idades; residência",final
21011,Alto Mearim e Grajaú,MA,Nordeste,2015,84,328081.0,25.603433298484216,60.215053763440864,estimativa IBGE em 1º de julho,"CAUSABAS X85-X99, Y00-Y09, Y35 ou Y36; todas as idades; residência",final
21012,Presidente Dutra,MA,Nordeste,2015,50,195258.0,25.6071454178574,60.39426523297491,estimativa IBGE em 1º de julho,"CAUSABAS X85-X99, Y00-Y09, Y35 ou Y36; todas as idades; residência",final
21013,Baixo Parnaíba Maranhense,MA,Nordeste,2015,18,142624.0,12.620596814000448,25.806451612903224,estimativa IBGE em 1º de julho,"CAUSABAS X85-X99, Y00-Y09, Y35 ou Y36; todas as idades; residência",final
21014,Chapadinha,MA,Nordeste,2015,35,238969.0,14.646251187392506,32.07885304659498,estimativa IBGE em 1º de julho,"CAUSABAS X85-X99, Y00-Y09, Y35 ou Y36; todas as idades; residência",final
21015,Codó,MA,Nordeste,2015,76,272267.0,27.913775815651547,63.97849462365591,estimativa IBGE em 1º de julho,"CAUSABAS X85-X99, Y00-Y09, Y35 ou Y36; todas as idades; residência",final
21016,Coelho Neto,MA,Nordeste,2015,23,91578.0,25.115202341173646,59.13978494623656,estimativa IBGE em 1º de julho,"CAUSABAS X85-X99, Y00-Y09, Y35 ou Y36; todas as idades; residência",final
21017,Caxias,MA,Nordeste,2015,133,434610.0,30.60214905317411,70.43010752688173,estimativa IBGE em 1º de julho,"CAUSABAS X85-X99, Y00-Y09, Y35 ou Y36; todas as idades; residência",final
21018,Chapadas do Alto Itapecuru,MA,Nordeste,2015,29,216408.0,13.400613655687405,27.77777777777778,estimativa IBGE em 1º de julho,"CAUSABAS X85-X99, Y00-Y09, Y35 ou Y36; todas as idades; residência",final
21019,Porto Franco,MA,Nordeste,2015,43,117278.0,36.66501816197411,77.59856630824373,estimativa IBGE em 1º de julho,"CAUSABAS X85-X99, Y00-Y09, Y35 ou Y36; todas as idades; residência",final
21020,Gerais de Balsas,MA,Nordeste,2015,38,139570.0,27.226481335530558,63.08243727598566,estimativa IBGE em 1º de julho,"CAUSABAS X85-X99, Y00-Y09, Y35 ou Y36; todas as idades; residência",final
21021,Chapadas das Mangabeiras,MA,Nordeste,2015,6,70710.0,8.485362749257531,12.186379928315413,estimativa IBGE em 1º de julho,"CAUSABAS X85-X99, Y00-Y09, Y35 ou Y36; todas as idades; residência",final
22001,Baixo Parnaíba Piauiense,PI,Nordeste,2015,53,337635.0,15.69742473381018,36.02150537634409,estimativa IBGE em 1º de julho,"CAUSABAS X85-X99, Y00-Y09, Y35 ou Y36; todas as idades; residência",final
22002,Litoral Piauiense,PI,Nordeste,2015,46,313407.0,14.677400313330589,32.61648745519713,estimativa IBGE em 1º de julho,"CAUSABAS X85-X99, Y00-Y09, Y35 ou Y36; todas as idades; residência",final
22003,Teresina,PI,Nordeste,2015,380,1033979.0,36.75122995728153,77.95698924731182,estimativa IBGE em 1º de julho,"CAUSABAS X85-X99, Y00-Y09, Y35 ou Y36; todas as idades; residência",final
22004,Campo Maior,PI,Nordeste,2015,16,224045.0,7.141422482090651,8.243727598566307,estimativa IBGE em 1º de julho,"CAUSABAS X85-X99, Y00-Y09, Y35 ou Y36; todas as idades; residência",final
22005,Médio Parnaíba Piauiense,PI,Nordeste,2015,16,132824.0,12.046015780280673,23.476702508960575,estimativa IBGE em 1º de julho,"CAUSABAS X85-X99, Y00-Y09, Y35 ou Y36; todas as idades; residência",final
22006,Valença do Piauí,PI,Nordeste,2015,5,105099.0,4.757419195234969,2.867383512544803,estimativa IBGE em 1º de julho,"CAUSABAS X85-X99, Y00-Y09, Y35 ou Y36; todas as idades; residência",final
22007,Alto Parnaíba Piauiense,PI,Nordeste,2015,2,45533.0,4.392418685349088,2.3297491039426523,estimativa IBGE em 1º de julho,"CAUSABAS X85-X99, Y00-Y09, Y35 ou Y36; todas as idades; residência",final
22008,Bertolínia,PI,Nordeste,2015,2,41464.0,4.823461315840247,3.225806451612903,estimativa IBGE em 1º de julho,"CAUSABAS X85-X99, Y00-Y09, Y35 ou Y36; todas as idades; residência",final
22009,Floriano,PI,Nordeste,2015,24,122905.0,19.527277165290265,45.878136200716845,estimativa IBGE em 1º de julho,"CAUSABAS X85-X99, Y00-Y09, Y35 ou Y36; todas as idades; residência",final
22010,Alto Médio Gurguéia,PI,Nordeste,2015,5,91168.0,5.484380484380484,3.763440860215054,estimativa IBGE em 1º de julho,"CAUSABAS X85-X99, Y00-Y09, Y35 ou Y36; todas as idades; residência",final
22011,São Raimundo Nonato,PI,Nordeste,2015,16,139257.0,11.489548101711225,21.863799283154123,estimativa IBGE em 1º de julho,"CAUSABAS X85-X99, Y00-Y09, Y35 ou Y36; todas as idades; residência",final
22012,Chapadas do Extremo Sul Piauiense,PI,Nordeste,2015,13,84591.0,15.36806516059628,34.587813620071685,estimativa IBGE em 1º de julho,"CAUSABAS X85-X99, Y00-Y09, Y35 ou Y36; todas as idades; residência",final
22013,Picos,PI,Nordeste,2015,23,204288.0,11.258615288220552,21.50537634408602,estimativa IBGE em 1º de julho,"CAUSABAS X85-X99, Y00-Y09, Y35 ou Y36; todas as idades; residência",final
22014,Pio IX,PI,Nordeste,2015,14,59522.0,23.520715029736905,55.913978494623656,estimativa IBGE em 1º de julho,"CAUSABAS X85-X99, Y00-Y09, Y35 ou Y36; todas as idades; residência",final
22015,Alto Médio Canindé,PI,Nordeste,2015,31,268311.0,11.553756648068845,22.22222222222222,estimativa IBGE em 1º de julho,"CAUSABAS X85-X99, Y00-Y09, Y35 ou Y36; todas as idades; residência",final
23001,Litoral de Camocim e Acaraú,CE,Nordeste,2015,54,379727.0,14.220742796798753,30.82437275985663,estimativa IBGE em 1º de julho,"CAUSABAS X85-X99, Y00-Y09, Y35 ou Y36; todas as idades; residência",final
23002,Ibiapaba,CE,Nordeste,2015,62,311344.0,19.91366462819261,46.59498207885304,estimativa IBGE em 1º de julho,"CAUSABAS X85-X99, Y00-Y09, Y35 ou Y36; todas as idades; residência",final
23003,Coreaú,CE,Nordeste,2015,9,58469.0,15.392772238280115,34.946236559139784,estimativa IBGE em 1º de julho,"CAUSABAS X85-X99, Y00-Y09, Y35 ou Y36; todas as idades; residência",final
23004,Meruoca,CE,Nordeste,2015,1,25995.0,3.8468936333910366,1.7921146953405018,estimativa IBGE em 1º de julho,"CAUSABAS X85-X99, Y00-Y09, Y35 ou Y36; todas as idades; residência",final
23005,Sobral,CE,Nordeste,2015,142,404105.0,35.139382091288155,75.98566308243727,estimativa IBGE em 1º de julho,"CAUSABAS X85-X99, Y00-Y09, Y35 ou Y36; todas as idades; residência",final
23006,Ipu,CE,Nordeste,2015,13,139462.0,9.321535615436463,15.770609318996415,estimativa IBGE em 1º de julho,"CAUSABAS X85-X99, Y00-Y09, Y35 ou Y36; todas as idades; residência",final
23007,Santa Quitéria,CE,Nordeste,2015,12,73708.0,16.280458023552395,37.45519713261649,estimativa IBGE em 1º de julho,"CAUSABAS X85-X99, Y00-Y09, Y35 ou Y36; todas as idades; residência",final
23008,Itapipoca,CE,Nordeste,2015,54,221466.0,24.382975264826204,57.70609318996416,estimativa IBGE em 1º de julho,"CAUSABAS X85-X99, Y00-Y09, Y35 ou Y36; todas as idades; residência",final
23009,Baixo Curu,CE,Nordeste,2015,55,112709.0,48.79823261673868,91.93548387096774,estimativa IBGE em 1º de julho,"CAUSABAS X85-X99, Y00-Y09, Y35 ou Y36; todas as idades; residência",final
23010,Uruburetama,CE,Nordeste,2015,29,107434.0,26.993316827075226,62.365591397849464,estimativa IBGE em 1º de julho,"CAUSABAS X85-X99, Y00-Y09, Y35 ou Y36; todas as idades; residência",final
23011,Médio Curu,CE,Nordeste,2015,19,89371.0,21.259692741493325,50.0,estimativa IBGE em 1º de julho,"CAUSABAS X85-X99, Y00-Y09, Y35 ou Y36; todas as idades; residência",final
23012,Canindé,CE,Nordeste,2015,34,130632.0,26.027313368852962,61.29032258064516,estimativa IBGE em 1º de julho,"CAUSABAS X85-X99, Y00-Y09, Y35 ou Y36; todas as idades; residência",final
23013,Baturité,CE,Nordeste,2015,90,194349.0,46.308445116774465,89.24731182795699,estimativa IBGE em 1º de julho,"CAUSABAS X85-X99, Y00-Y09, Y35 ou Y36; todas as idades; residência",final
23014,Chorozinho,CE,Nordeste,2015,39,65002.0,59.99815390295683,96.23655913978494,estimativa IBGE em 1º de julho,"CAUSABAS X85-X99, Y00-Y09, Y35 ou Y36; todas as idades; residência",final
23015,Cascavel,CE,Nordeste,2015,51,142564.0,35.77340703122808,76.70250896057348,estimativa IBGE em 1º de julho,"CAUSABAS X85-X99, Y00-Y09, Y35 ou Y36; todas as idades; residência",final
23016,Fortaleza,CE,Nordeste,2015,2346,3563797.0,65.82866532521354,97.84946236559139,estimativa IBGE em 1º de julho,"CAUSABAS X85-X99, Y00-Y09, Y35 ou Y36; todas as idades; residência",final
23017,Pacajus,CE,Nordeste,2015,94,132165.0,71.12321719063291,98.9247311827957,estimativa IBGE em 1º de julho,"CAUSABAS X85-X99, Y00-Y09, Y35 ou Y36; todas as idades; residência",final
23018,Sertão de Cratéus,CE,Nordeste,2015,75,245891.0,30.501319690431938,70.07168458781362,estimativa IBGE em 1º de julho,"CAUSABAS X85-X99, Y00-Y09, Y35 ou Y36; todas as idades; residência",final
23019,Sertão de Quixeramobim,CE,Nordeste,2015,116,280176.0,41.402546970475704,85.48387096774194,estimativa IBGE em 1º de julho,"CAUSABAS X85-X99, Y00-Y09, Y35 ou Y36; todas as idades; residência",final
23020,Sertão de Inhamuns,CE,Nordeste,2015,37,149594.0,24.73361231065417,58.064516129032256,estimativa IBGE em 1º de julho,"CAUSABAS X85-X99, Y00-Y09, Y35 ou Y36; todas as idades; residência",final
23021,Sertão de Senador Pompeu,CE,Nordeste,2015,98,223216.0,43.903662819869545,87.99283154121864,estimativa IBGE em 1º de julho,"CAUSABAS X85-X99, Y00-Y09, Y35 ou Y36; todas as idades; residência",final
23022,Litoral de Aracati,CE,Nordeste,2015,25,115752.0,21.59789895638952,51.25448028673835,estimativa IBGE em 1º de julho,"CAUSABAS X85-X99, Y00-Y09, Y35 ou Y36; todas as idades; residência",final
23023,Baixo Jaguaribe,CE,Nordeste,2015,240,326336.0,73.54383212394588,99.46236559139786,estimativa IBGE em 1º de julho,"CAUSABAS X85-X99, Y00-Y09, Y35 ou Y36; todas as idades; residência",final
23024,Médio Jaguaribe,CE,Nordeste,2015,39,63660.0,61.262959472196044,96.59498207885305,estimativa IBGE em 1º de julho,"CAUSABAS X85-X99, Y00-Y09, Y35 ou Y36; todas as idades; residência",final
23025,Serra do Pereiro,CE,Nordeste,2015,8,43608.0,18.3452577508714,42.65232974910394,estimativa IBGE em 1º de julho,"CAUSABAS X85-X99, Y00-Y09, Y35 ou Y36; todas as idades; residência",final
23026,Iguatu,CE,Nordeste,2015,78,229940.0,33.92189266765243,74.37275985663082,estimativa IBGE em 1º de julho,"CAUSABAS X85-X99, Y00-Y09, Y35 ou Y36; todas as idades; residência",final
23027,Várzea Alegre,CE,Nordeste,2015,15,99477.0,15.078862450616725,33.51254480286738,estimativa IBGE em 1º de julho,"CAUSABAS X85-X99, Y00-Y09, Y35 ou Y36; todas as idades; residência",final
23028,Lavras da Mangabeira,CE,Nordeste,2015,9,57551.0,15.638303417838092,35.842293906810035,estimativa IBGE em 1º de julho,"CAUSABAS X85-X99, Y00-Y09, Y35 ou Y36; todas as idades; residência",final
23029,Chapada do Araripe,CE,Nordeste,2015,38,98489.0,38.58298896323447,81.00358422939068,estimativa IBGE em 1º de julho,"CAUSABAS X85-X99, Y00-Y09, Y35 ou Y36; todas as idades; residência",final
23030,Caririaçu,CE,Nordeste,2015,15,57557.0,26.06112201817329,61.46953405017921,estimativa IBGE em 1º de julho,"CAUSABAS X85-X99, Y00-Y09, Y35 ou Y36; todas as idades; residência",final
23031,Barro,CE,Nordeste,2015,27,92994.0,29.03413123427318,66.66666666666667,estimativa IBGE em 1º de julho,"CAUSABAS X85-X99, Y00-Y09, Y35 ou Y36; todas as idades; residência",final
23032,Cariri,CE,Nordeste,2015,212,563528.0,37.62013600034071,79.56989247311827,estimativa IBGE em 1º de julho,"CAUSABAS X85-X99, Y00-Y09, Y35 ou Y36; todas as idades; residência",final
23033,Brejo Santo,CE,Nordeste,2015,26,104391.0,24.906361659530035,58.78136200716846,estimativa IBGE em 1º de julho,"CAUSABAS X85-X99, Y00-Y09, Y35 ou Y36; todas as idades; residência",final
24001,Mossoró,RN,Nordeste,2015,224,368479.0,60.790438532453685,96.415770609319,estimativa IBGE em 1º de julho,"CAUSABAS X85-X99, Y00-Y09, Y35 ou Y36; todas as idades; residência",final
24002,Chapada do Apodi,RN,Nordeste,2015,28,75814.0,36.932492679452345,78.67383512544802,estimativa IBGE em 1º de julho,"CAUSABAS X85-X99, Y00-Y09, Y35 ou Y36; todas as idades; residência",final
24003,Médio Oeste,RN,Nordeste,2015,16,41204.0,38.831181438695275,81.54121863799283,estimativa IBGE em 1º de julho,"CAUSABAS X85-X99, Y00-Y09, Y35 ou Y36; todas as idades; residência",final
24004,Vale do Açu,RN,Nordeste,2015,45,152003.0,29.6046788550226,67.74193548387096,estimativa IBGE em 1º de julho,"CAUSABAS X85-X99, Y00-Y09, Y35 ou Y36; todas as idades; residência",final
24005,Serra de São Miguel,RN,Nordeste,2015,15,66658.0,22.502925380299438,52.867383512544805,estimativa IBGE em 1º de julho,"CAUSABAS X85-X99, Y00-Y09, Y35 ou Y36; todas as idades; residência",final
24006,Pau dos Ferros,RN,Nordeste,2015,20,118951.0,16.813645955057126,39.24731182795699,estimativa IBGE em 1º de julho,"CAUSABAS X85-X99, Y00-Y09, Y35 ou Y36; todas as idades; residência",final
24007,Umarizal,RN,Nordeste,2015,28,67583.0,41.430537265288606,85.66308243727599,estimativa IBGE em 1º de julho,"CAUSABAS X85-X99, Y00-Y09, Y35 ou Y36; todas as idades; residência",final
24008,Macau,RN,Nordeste,2015,19,58027.0,32.743378082616715,72.58064516129032,estimativa IBGE em 1º de julho,"CAUSABAS X85-X99, Y00-Y09, Y35 ou Y36; todas as idades; residência",final
24009,Angicos,RN,Nordeste,2015,14,53201.0,26.31529482528524,61.82795698924731,estimativa IBGE em 1º de julho,"CAUSABAS X85-X99, Y00-Y09, Y35 ou Y36; todas as idades; residência",final
24010,Serra de Santana,RN,Nordeste,2015,11,63966.0,17.196635712722383,40.14336917562724,estimativa IBGE em 1º de julho,"CAUSABAS X85-X99, Y00-Y09, Y35 ou Y36; todas as idades; residência",final
24011,Seridó Ocidental,RN,Nordeste,2015,49,104439.0,46.91733930811287,90.14336917562724,estimativa IBGE em 1º de julho,"CAUSABAS X85-X99, Y00-Y09, Y35 ou Y36; todas as idades; residência",final
24012,Seridó Oriental,RN,Nordeste,2015,31,124676.0,24.864448650903142,58.60215053763441,estimativa IBGE em 1º de julho,"CAUSABAS X85-X99, Y00-Y09, Y35 ou Y36; todas as idades; residência",final
24013,Baixa Verde,RN,Nordeste,2015,27,67253.0,40.146907944627,83.15412186379929,estimativa IBGE em 1º de julho,"CAUSABAS X85-X99, Y00-Y09, Y35 ou Y36; todas as idades; residência",final
24014,Borborema Potiguar,RN,Nordeste,2015,58,142602.0,40.67264133742865,84.22939068100358,estimativa IBGE em 1º de julho,"CAUSABAS X85-X99, Y00-Y09, Y35 ou Y36; todas as idades; residência",final
24015,Agreste Potiguar,RN,Nordeste,2015,74,247816.0,29.860864512380154,68.45878136200717,estimativa IBGE em 1º de julho,"CAUSABAS X85-X99, Y00-Y09, Y35 ou Y36; todas as idades; residência",final
24016,Litoral Nordeste,RN,Nordeste,2015,19,90648.0,20.960197687759244,49.10394265232975,estimativa IBGE em 1º de julho,"CAUSABAS X85-X99, Y00-Y09, Y35 ou Y36; todas as idades; residência",final
24017,Macaíba,RN,Nordeste,2015,226,318956.0,70.85616824891207,98.74551971326164,estimativa IBGE em 1º de julho,"CAUSABAS X85-X99, Y00-Y09, Y35 ou Y36; todas as idades; residência",final
24018,Natal,RN,Nordeste,2015,601,1139863.0,52.72563457187399,93.9068100358423,estimativa IBGE em 1º de julho,"CAUSABAS X85-X99, Y00-Y09, Y35 ou Y36; todas as idades; residência",final
24019,Litoral Sul,RN,Nordeste,2015,40,140036.0,28.564083521380216,65.59139784946237,estimativa IBGE em 1º de julho,"CAUSABAS X85-X99, Y00-Y09, Y35 ou Y36; todas as idades; residência",final
25001,Catolé do Rocha,PB,Nordeste,2015,46,121899.0,37.73615862312242,79.74910394265233,estimativa IBGE em 1º de julho,"CAUSABAS X85-X99, Y00-Y09, Y35 ou Y36; todas as idades; residência",final
25002,Cajazeiras,PB,Nordeste,2015,27,175657.0,15.370864810397537,34.76702508960574,estimativa IBGE em 1º de julho,"CAUSABAS X85-X99, Y00-Y09, Y35 ou Y36; todas as idades; residência",final
25003,Sousa,PB,Nordeste,2015,48,188370.0,25.481764612199395,59.85663082437276,estimativa IBGE em 1º de julho,"CAUSABAS X85-X99, Y00-Y09, Y35 ou Y36; todas as idades; residência",final
25004,Patos,PB,Nordeste,2015,61,132985.0,45.86983494379065,88.5304659498208,estimativa IBGE em 1º de julho,"CAUSABAS X85-X99, Y00-Y09, Y35 ou Y36; todas as idades; residência",final
25005,Piancó,PB,Nordeste,2015,11,71321.0,15.423227380434936,35.12544802867384,estimativa IBGE em 1º de julho,"CAUSABAS X85-X99, Y00-Y09, Y35 ou Y36; todas as idades; residência",final
25006,Itaporanga,PB,Nordeste,2015,24,85842.0,27.95834207031523,64.15770609318996,estimativa IBGE em 1º de julho,"CAUSABAS X85-X99, Y00-Y09, Y35 ou Y36; todas as idades; residência",final
25007,Serra do Teixeira,PB,Nordeste,2015,12,121088.0,9.91014799154334,17.56272401433692,estimativa IBGE em 1º de julho,"CAUSABAS X85-X99, Y00-Y09, Y35 ou Y36; todas as idades; residência",final
25008,Seridó Ocidental Paraibano,PB,Nordeste,2015,6,40830.0,14.695077149155033,32.795698924731184,estimativa IBGE em 1º de julho,"CAUSABAS X85-X99, Y00-Y09, Y35 ou Y36; todas as idades; residência",final
25009,Seridó Oriental Paraibano,PB,Nordeste,2015,20,78186.0,25.58002711482874,60.03584229390681,estimativa IBGE em 1º de julho,"CAUSABAS X85-X99, Y00-Y09, Y35 ou Y36; todas as idades; residência",final
25010,Cariri Ocidental,PB,Nordeste,2015,28,127274.0,21.999780002199977,51.7921146953405,estimativa IBGE em 1º de julho,"CAUSABAS X85-X99, Y00-Y09, Y35 ou Y36; todas as idades; residência",final
25011,Cariri Oriental,PB,Nordeste,2015,19,66344.0,28.63861087664295,66.12903225806451,estimativa IBGE em 1º de julho,"CAUSABAS X85-X99, Y00-Y09, Y35 ou Y36; todas as idades; residência",final
25012,Curimataú Ocidental,PB,Nordeste,2015,38,126686.0,29.995421751416888,68.81720430107526,estimativa IBGE em 1º de julho,"CAUSABAS X85-X99, Y00-Y09, Y35 ou Y36; todas as idades; residência",final
25013,Curimataú Oriental,PB,Nordeste,2015,11,96137.0,11.44200463921279,21.684587813620073,estimativa IBGE em 1º de julho,"CAUSABAS X85-X99, Y00-Y09, Y35 ou Y36; todas as idades; residência",final
25014,Esperança,PB,Nordeste,2015,16,56890.0,28.124450694322377,64.69534050179212,estimativa IBGE em 1º de julho,"CAUSABAS X85-X99, Y00-Y09, Y35 ou Y36; todas as idades; residência",final
25015,Brejo Paraibano,PB,Nordeste,2015,36,116235.0,30.97173828881146,70.96774193548387,estimativa IBGE em 1º de julho,"CAUSABAS X85-X99, Y00-Y09, Y35 ou Y36; todas as idades; residência",final
25016,Guarabira,PB,Nordeste,2015,39,170346.0,22.894579268077912,53.584229390681,estimativa IBGE em 1º de julho,"CAUSABAS X85-X99, Y00-Y09, Y35 ou Y36; todas as idades; residência",final
25017,Campina Grande,PB,Nordeste,2015,193,528512.0,36.51761927827561,77.41935483870968,estimativa IBGE em 1º de julho,"CAUSABAS X85-X99, Y00-Y09, Y35 ou Y36; todas as idades; residência",final
25018,Itabaiana,PB,Nordeste,2015,31,111195.0,27.878951391699268,63.799283154121866,estimativa IBGE em 1º de julho,"CAUSABAS X85-X99, Y00-Y09, Y35 ou Y36; todas as idades; residência",final
25019,Umbuzeiro,PB,Nordeste,2015,13,54576.0,23.819994136616828,56.81003584229391,estimativa IBGE em 1º de julho,"CAUSABAS X85-X99, Y00-Y09, Y35 ou Y36; todas as idades; residência",final
25020,Litoral Norte,PB,Nordeste,2015,53,150391.0,35.24147056672274,76.16487455197132,estimativa IBGE em 1º de julho,"CAUSABAS X85-X99, Y00-Y09, Y35 ou Y36; todas as idades; residência",final
25021,Sapé,PB,Nordeste,2015,58,138743.0,41.80391082793366,86.20071684587813,estimativa IBGE em 1º de julho,"CAUSABAS X85-X99, Y00-Y09, Y35 ou Y36; todas as idades; residência",final
25022,João Pessoa,PB,Nordeste,2015,673,1124931.0,59.82589154357023,96.05734767025089,estimativa IBGE em 1º de julho,"CAUSABAS X85-X99, Y00-Y09, Y35 ou Y36; todas as idades; residência",final
25023,Litoral Sul,PB,Nordeste,2015,48,87764.0,54.692128891117086,94.6236559139785,estimativa IBGE em 1º de julho,"CAUSABAS X85-X99, Y00-Y09, Y35 ou Y36; todas as idades; residência",final
26001,Araripina,PE,Nordeste,2015,108,326540.0,33.07404912108777,73.11827956989248,estimativa IBGE em 1º de julho,"CAUSABAS X85-X99, Y00-Y09, Y35 ou Y36; todas as idades; residência",final
26002,Salgueiro,PE,Nordeste,2015,47,169719.0,27.69283344822913,63.62007168458781,estimativa IBGE em 1º de julho,"CAUSABAS X85-X99, Y00-Y09, Y35 ou Y36; todas as idades; residência",final
26003,Pajeú,PE,Nordeste,2015,62,328145.0,18.8940864556827,44.2652329749104,estimativa IBGE em 1º de julho,"CAUSABAS X85-X99, Y00-Y09, Y35 ou Y36; todas as idades; residência",final
26004,Sertão do Moxotó,PE,Nordeste,2015,52,227553.0,22.851819136640696,53.40501792114696,estimativa IBGE em 1º de julho,"CAUSABAS X85-X99, Y00-Y09, Y35 ou Y36; todas as idades; residência",final
26005,Petrolina,PE,Nordeste,2015,165,493230.0,33.45295298339517,73.65591397849462,estimativa IBGE em 1º de julho,"CAUSABAS X85-X99, Y00-Y09, Y35 ou Y36; todas as idades; residência",final
26006,Itaparica,PE,Nordeste,2015,59,144396.0,40.859857613784314,84.58781362007169,estimativa IBGE em 1º de julho,"CAUSABAS X85-X99, Y00-Y09, Y35 ou Y36; todas as idades; residência",final
26007,Vale do Ipanema,PE,Nordeste,2015,46,192226.0,23.930165534318977,57.168458781362006,estimativa IBGE em 1º de julho,"CAUSABAS X85-X99, Y00-Y09, Y35 ou Y36; todas as idades; residência",final
26008,Vale do Ipojuca,PE,Nordeste,2015,473,915023.0,51.6926896919531,93.54838709677419,estimativa IBGE em 1º de julho,"CAUSABAS X85-X99, Y00-Y09, Y35 ou Y36; todas as idades; residência",final
26009,Alto Capibaribe,PE,Nordeste,2015,134,305270.0,43.8955678579618,87.81362007168458,estimativa IBGE em 1º de julho,"CAUSABAS X85-X99, Y00-Y09, Y35 ou Y36; todas as idades; residência",final
26010,Médio Capibaribe,PE,Nordeste,2015,78,259118.0,30.102115638435,69.17562724014337,estimativa IBGE em 1º de julho,"CAUSABAS X85-X99, Y00-Y09, Y35 ou Y36; todas as idades; residência",final
26011,Garanhuns,PE,Nordeste,2015,181,463207.0,39.0754025737953,82.07885304659499,estimativa IBGE em 1º de julho,"CAUSABAS X85-X99, Y00-Y09, Y35 ou Y36; todas as idades; residência",final
26012,Brejo Pernambucano,PE,Nordeste,2015,106,223270.0,47.47614995297174,90.50179211469533,estimativa IBGE em 1º de julho,"CAUSABAS X85-X99, Y00-Y09, Y35 ou Y36; todas as idades; residência",final
26013,Mata Setentrional Pernambucana,PE,Nordeste,2015,273,560367.0,48.71807226335598,91.75627240143369,estimativa IBGE em 1º de julho,"CAUSABAS X85-X99, Y00-Y09, Y35 ou Y36; todas as idades; residência",final
26014,Vitória de Santo Antão,PE,Nordeste,2015,78,227346.0,34.308938798131486,74.91039426523298,estimativa IBGE em 1º de julho,"CAUSABAS X85-X99, Y00-Y09, Y35 ou Y36; todas as idades; residência",final
26015,Mata Meridional Pernambucana,PE,Nordeste,2015,291,592516.0,49.11259780326607,92.1146953405018,estimativa IBGE em 1º de julho,"CAUSABAS X85-X99, Y00-Y09, Y35 ou Y36; todas as idades; residência",final
26016,Itamaracá,PE,Nordeste,2015,89,182965.0,48.64318312245511,91.57706093189964,estimativa IBGE em 1º de julho,"CAUSABAS X85-X99, Y00-Y09, Y35 ou Y36; todas as idades; residência",final
26017,Recife,PE,Nordeste,2015,1328,3439465.0,38.610656017723684,81.18279569892474,estimativa IBGE em 1º de julho,"CAUSABAS X85-X99, Y00-Y09, Y35 ou Y36; todas as idades; residência",final
26018,Suape,PE,Nordeste,2015,206,291887.0,70.57525686310113,98.5663082437276,estimativa IBGE em 1º de julho,"CAUSABAS X85-X99, Y00-Y09, Y35 ou Y36; todas as idades; residência",final
26019,Fernando de Noronha,PE,Nordeste,2015,0,2930.0,0.0,0.26881720430107525,estimativa IBGE em 1º de julho,"CAUSABAS X85-X99, Y00-Y09, Y35 ou Y36; todas as idades; residência",final
27001,Serrana do Sertão Alagoano,AL,Nordeste,2015,28,93222.0,30.03582845251121,68.99641577060932,estimativa IBGE em 1º de julho,"CAUSABAS X85-X99, Y00-Y09, Y35 ou Y36; todas as idades; residência",final
27002,Alagoana do Sertão do São Francisco,AL,Nordeste,2015,31,86245.0,35.944112702185635,76.88172043010752,estimativa IBGE em 1º de julho,"CAUSABAS X85-X99, Y00-Y09, Y35 ou Y36; todas as idades; residência",final
27003,Santana do Ipanema,AL,Nordeste,2015,69,179875.0,38.35997220291869,80.82437275985663,estimativa IBGE em 1º de julho,"CAUSABAS X85-X99, Y00-Y09, Y35 ou Y36; todas as idades; residência",final
27004,Batalha,AL,Nordeste,2015,30,97012.0,30.924009400898857,70.78853046594982,estimativa IBGE em 1º de julho,"CAUSABAS X85-X99, Y00-Y09, Y35 ou Y36; todas as idades; residência",final
27005,Palmeira dos Índios,AL,Nordeste,2015,87,181933.0,47.819801795166356,90.86021505376344,estimativa IBGE em 1º de julho,"CAUSABAS X85-X99, Y00-Y09, Y35 ou Y36; todas as idades; residência",final
27006,Arapiraca,AL,Nordeste,2015,221,440103.0,50.21551773107659,92.47311827956989,estimativa IBGE em 1º de julho,"CAUSABAS X85-X99, Y00-Y09, Y35 ou Y36; todas as idades; residência",final
27007,Traipu,AL,Nordeste,2015,15,40010.0,37.490627343164206,79.39068100358423,estimativa IBGE em 1º de julho,"CAUSABAS X85-X99, Y00-Y09, Y35 ou Y36; todas as idades; residência",final
27008,Serrana dos Quilombos,AL,Nordeste,2015,106,153466.0,69.07067363455097,98.02867383512545,estimativa IBGE em 1º de julho,"CAUSABAS X85-X99, Y00-Y09, Y35 ou Y36; todas as idades; residência",final
27009,Mata Alagoana,AL,Nordeste,2015,197,319401.0,61.677953419056294,96.95340501792114,estimativa IBGE em 1º de julho,"CAUSABAS X85-X99, Y00-Y09, Y35 ou Y36; todas as idades; residência",final
27010,Litoral Norte Alagoano,AL,Nordeste,2015,29,71967.0,40.296246890936125,83.51254480286738,estimativa IBGE em 1º de julho,"CAUSABAS X85-X99, Y00-Y09, Y35 ou Y36; todas as idades; residência",final
27011,Maceió,AL,Nordeste,2015,720,1239316.0,58.096562942784566,95.6989247311828,estimativa IBGE em 1º de julho,"CAUSABAS X85-X99, Y00-Y09, Y35 ou Y36; todas as idades; residência",final
27012,São Miguel dos Campos,AL,Nordeste,2015,157,306771.0,51.178240446456805,93.01075268817205,estimativa IBGE em 1º de julho,"CAUSABAS X85-X99, Y00-Y09, Y35 ou Y36; todas as idades; residência",final
27013,Penedo,AL,Nordeste,2015,57,131611.0,43.309449818024326,87.45519713261649,estimativa IBGE em 1º de julho,"CAUSABAS X85-X99, Y00-Y09, Y35 ou Y36; todas as idades; residência",final
28001,Sergipana do Sertão do São Francisco,SE,Nordeste,2015,69,169269.0,40.763518423338,84.40860215053763,estimativa IBGE em 1º de julho,"CAUSABAS X85-X99, Y00-Y09, Y35 ou Y36; todas as idades; residência",final
28002,Carira,SE,Nordeste,2015,34,73362.0,46.34551947874922,89.42652329749104,estimativa IBGE em 1º de julho,"CAUSABAS X85-X99, Y00-Y09, Y35 ou Y36; todas as idades; residência",final
28003,Nossa Senhora das Dores,SE,Nordeste,2015,27,66734.0,40.45913627236491,83.87096774193549,estimativa IBGE em 1º de julho,"CAUSABAS X85-X99, Y00-Y09, Y35 ou Y36; todas as idades; residência",final
28004,Agreste de Itabaiana,SE,Nordeste,2015,130,171382.0,75.85394032045372,99.82078853046595,estimativa IBGE em 1º de julho,"CAUSABAS X85-X99, Y00-Y09, Y35 ou Y36; todas as idades; residência",final
28005,Tobias Barreto,SE,Nordeste,2015,66,115317.0,57.23353885376831,95.16129032258064,estimativa IBGE em 1º de julho,"CAUSABAS X85-X99, Y00-Y09, Y35 ou Y36; todas as idades; residência",final
28006,Agreste de Lagarto,SE,Nordeste,2015,44,122233.0,35.996825734457964,77.24014336917563,estimativa IBGE em 1º de julho,"CAUSABAS X85-X99, Y00-Y09, Y35 ou Y36; todas as idades; residência",final
28007,Propriá,SE,Nordeste,2015,39,95020.0,41.043990738791834,84.94623655913979,estimativa IBGE em 1º de julho,"CAUSABAS X85-X99, Y00-Y09, Y35 ou Y36; todas as idades; residência",final
28008,Cotinguiba,SE,Nordeste,2015,29,50854.0,57.025995988516144,94.9820788530466,estimativa IBGE em 1º de julho,"CAUSABAS X85-X99, Y00-Y09, Y35 ou Y36; todas as idades; residência",final
28009,Japaratuba,SE,Nordeste,2015,30,58607.0,51.188424590919176,93.18996415770609,estimativa IBGE em 1º de julho,"CAUSABAS X85-X99, Y00-Y09, Y35 ou Y36; todas as idades; residência",final
28010,Baixo Cotinguiba,SE,Nordeste,2015,60,97556.0,61.503136659969655,96.7741935483871,estimativa IBGE em 1º de julho,"CAUSABAS X85-X99, Y00-Y09, Y35 ou Y36; todas as idades; residência",final
28011,Aracaju,SE,Nordeste,2015,644,925744.0,69.56566826250021,98.38709677419355,estimativa IBGE em 1º de julho,"CAUSABAS X85-X99, Y00-Y09, Y35 ou Y36; todas as idades; residência",final
28012,Boquim,SE,Nordeste,2015,66,163916.0,40.264525732692356,83.33333333333333,estimativa IBGE em 1º de julho,"CAUSABAS X85-X99, Y00-Y09, Y35 ou Y36; todas as idades; residência",final
28013,Estância,SE,Nordeste,2015,55,132943.0,41.37111393604778,85.30465949820788,estimativa IBGE em 1º de julho,"CAUSABAS X85-X99, Y00-Y09, Y35 ou Y36; todas as idades; residência",final
29001,Barreiras,BA,Nordeste,2015,4,332223.0,1.204010559172604,0.5376344086021505,estimativa IBGE em 1º de julho,"CAUSABAS X85-X99, Y00-Y09, Y35 ou Y36; todas as idades; residência",final
29002,Cotegipe,BA,Nordeste,2015,2,122743.0,1.629420822368689,0.7168458781362007,estimativa IBGE em 1º de julho,"CAUSABAS X85-X99, Y00-Y09, Y35 ou Y36; todas as idades; residência",final
29003,Santa Maria da Vitória,BA,Nordeste,2015,12,190013.0,6.315357370285191,5.913978494623656,estimativa IBGE em 1º de julho,"CAUSABAS X85-X99, Y00-Y09, Y35 ou Y36; todas as idades; residência",final
29004,Juazeiro,BA,Nordeste,2015,184,498392.0,36.918730637730945,78.49462365591398,estimativa IBGE em 1º de julho,"CAUSABAS X85-X99, Y00-Y09, Y35 ou Y36; todas as idades; residência",final
29005,Paulo Afonso,BA,Nordeste,2015,93,183634.0,50.64421621268392,92.831541218638,estimativa IBGE em 1º de julho,"CAUSABAS X85-X99, Y00-Y09, Y35 ou Y36; todas as idades; residência",final
29006,Barra,BA,Nordeste,2015,43,186837.0,23.01471335977349,54.121863799283155,estimativa IBGE em 1º de julho,"CAUSABAS X85-X99, Y00-Y09, Y35 ou Y36; todas as idades; residência",final
29007,Bom Jesus da Lapa,BA,Nordeste,2015,15,184362.0,8.136166889055229,11.64874551971326,estimativa IBGE em 1º de julho,"CAUSABAS X85-X99, Y00-Y09, Y35 ou Y36; todas as idades; residência",final
29008,Senhor do Bonfim,BA,Nordeste,2015,55,309957.0,17.744396803427573,41.577060931899645,estimativa IBGE em 1º de julho,"CAUSABAS X85-X99, Y00-Y09, Y35 ou Y36; todas as idades; residência",final
29009,Irecê,BA,Nordeste,2015,120,404025.0,29.70113235567106,68.10035842293907,estimativa IBGE em 1º de julho,"CAUSABAS X85-X99, Y00-Y09, Y35 ou Y36; todas as idades; residência",final
29010,Jacobina,BA,Nordeste,2015,95,349295.0,27.1976409625102,62.903225806451616,estimativa IBGE em 1º de julho,"CAUSABAS X85-X99, Y00-Y09, Y35 ou Y36; todas as idades; residência",final
29011,Itaberaba,BA,Nordeste,2015,61,264568.0,23.056454295304043,54.30107526881721,estimativa IBGE em 1º de julho,"CAUSABAS X85-X99, Y00-Y09, Y35 ou Y36; todas as idades; residência",final
29012,Feira de Santana,BA,Nordeste,2015,339,1082958.0,31.303153030865463,71.68458781362007,estimativa IBGE em 1º de julho,"CAUSABAS X85-X99, Y00-Y09, Y35 ou Y36; todas as idades; residência",final
29013,Jeremoabo,BA,Nordeste,2015,21,103200.0,20.348837209302324,47.8494623655914,estimativa IBGE em 1º de julho,"CAUSABAS X85-X99, Y00-Y09, Y35 ou Y36; todas as idades; residência",final
29014,Euclides da Cunha,BA,Nordeste,2015,63,316134.0,19.928258270227182,46.774193548387096,estimativa IBGE em 1º de julho,"CAUSABAS X85-X99, Y00-Y09, Y35 ou Y36; todas as idades; residência",final
29015,Ribeira do Pombal,BA,Nordeste,2015,83,335586.0,24.73285536345378,57.88530465949821,estimativa IBGE em 1º de julho,"CAUSABAS X85-X99, Y00-Y09, Y35 ou Y36; todas as idades; residência",final
29016,Serrinha,BA,Nordeste,2015,78,449981.0,17.334065216086902,40.50179211469534,estimativa IBGE em 1º de julho,"CAUSABAS X85-X99, Y00-Y09, Y35 ou Y36; todas as idades; residência",final
29017,Alagoinhas,BA,Nordeste,2015,186,336783.0,55.228440865483115,94.80286738351255,estimativa IBGE em 1º de julho,"CAUSABAS X85-X99, Y00-Y09, Y35 ou Y36; todas as idades; residência",final
29018,Entre Rios,BA,Nordeste,2015,48,126734.0,37.8746035002446,79.92831541218638,estimativa IBGE em 1º de julho,"CAUSABAS X85-X99, Y00-Y09, Y35 ou Y36; todas as idades; residência",final
29019,Catu,BA,Nordeste,2015,175,232579.0,75.24325068041396,99.6415770609319,estimativa IBGE em 1º de julho,"CAUSABAS X85-X99, Y00-Y09, Y35 ou Y36; todas as idades; residência",final
29020,Santo Antônio de Jesus,BA,Nordeste,2015,256,585436.0,43.72809325015886,87.63440860215054,estimativa IBGE em 1º de julho,"CAUSABAS X85-X99, Y00-Y09, Y35 ou Y36; todas as idades; residência",final
29021,Salvador,BA,Nordeste,2015,2213,3824450.0,57.86452954019532,95.51971326164875,estimativa IBGE em 1º de julho,"CAUSABAS X85-X99, Y00-Y09, Y35 ou Y36; todas as idades; residência",final
29022,Boquira,BA,Nordeste,2015,8,199366.0,4.012720323425258,1.971326164874552,estimativa IBGE em 1º de julho,"CAUSABAS X85-X99, Y00-Y09, Y35 ou Y36; todas as idades; residência",final
29023,Seabra,BA,Nordeste,2015,30,271254.0,11.059744741091375,20.967741935483872,estimativa IBGE em 1º de julho,"CAUSABAS X85-X99, Y00-Y09, Y35 ou Y36; todas as idades; residência",final
29024,Jequié,BA,Nordeste,2015,163,537271.0,30.33850701042863,69.71326164874552,estimativa IBGE em 1º de julho,"CAUSABAS X85-X99, Y00-Y09, Y35 ou Y36; todas as idades; residência",final
29025,Livramento do Brumado,BA,Nordeste,2015,12,104132.0,11.52383513233204,22.043010752688172,estimativa IBGE em 1º de julho,"CAUSABAS X85-X99, Y00-Y09, Y35 ou Y36; todas as idades; residência",final
29026,Guanambi,BA,Nordeste,2015,47,405109.0,11.601815807597461,22.40143369175627,estimativa IBGE em 1º de julho,"CAUSABAS X85-X99, Y00-Y09, Y35 ou Y36; todas as idades; residência",final
29027,Brumado,BA,Nordeste,2015,22,243257.0,9.043932959791496,14.695340501792115,estimativa IBGE em 1º de julho,"CAUSABAS X85-X99, Y00-Y09, Y35 ou Y36; todas as idades; residência",final
29028,Vitória da Conquista,BA,Nordeste,2015,247,668034.0,36.97416598556361,78.85304659498208,estimativa IBGE em 1º de julho,"CAUSABAS X85-X99, Y00-Y09, Y35 ou Y36; todas as idades; residência",final
29029,Itapetinga,BA,Nordeste,2015,60,207208.0,28.956410949384193,66.30824372759857,estimativa IBGE em 1º de julho,"CAUSABAS X85-X99, Y00-Y09, Y35 ou Y36; todas as idades; residência",final
29030,Valença,BA,Nordeste,2015,153,289292.0,52.887739723186264,94.08602150537635,estimativa IBGE em 1º de julho,"CAUSABAS X85-X99, Y00-Y09, Y35 ou Y36; todas as idades; residência",final
29031,Ilhéus-Itabuna,BA,Nordeste,2015,491,1052837.0,46.63589900430931,89.96415770609319,estimativa IBGE em 1º de julho,"CAUSABAS X85-X99, Y00-Y09, Y35 ou Y36; todas as idades; residência",final
29032,Porto Seguro,BA,Nordeste,2015,523,805684.0,64.91378753953163,97.67025089605735,estimativa IBGE em 1º de julho,"CAUSABAS X85-X99, Y00-Y09, Y35 ou Y36; todas as idades; residência",final
31001,Unaí,MG,Sudeste,2015,46,157777.0,29.15507329965711,66.84587813620071,estimativa IBGE em 1º de julho,"CAUSABAS X85-X99, Y00-Y09, Y35 ou Y36; todas as idades; residência",final
31002,Paracatu,MG,Sudeste,2015,71,232427.0,30.547225580504847,70.25089605734767,estimativa IBGE em 1º de julho,"CAUSABAS X85-X99, Y00-Y09, Y35 ou Y36; todas as idades; residência",final
31003,Januária,MG,Sudeste,2015,40,289271.0,13.827863837024797,29.211469534050178,estimativa IBGE em 1º de julho,"CAUSABAS X85-X99, Y00-Y09, Y35 ou Y36; todas as idades; residência",final
31004,Janaúba,MG,Sudeste,2015,108,258884.0,41.71752599619907,86.02150537634408,estimativa IBGE em 1º de julho,"CAUSABAS X85-X99, Y00-Y09, Y35 ou Y36; todas as idades; residência",final
31005,Salinas,MG,Sudeste,2015,16,221638.0,7.218978694989127,8.422939068100359,estimativa IBGE em 1º de julho,"CAUSABAS X85-X99, Y00-Y09, Y35 ou Y36; todas as idades; residência",final
31006,Pirapora,MG,Sudeste,2015,75,173984.0,43.10741217583226,87.27598566308244,estimativa IBGE em 1º de julho,"CAUSABAS X85-X99, Y00-Y09, Y35 ou Y36; todas as idades; residência",final
31007,Montes Claros,MG,Sudeste,2015,125,644907.0,19.382639667424915,45.51971326164875,estimativa IBGE em 1º de julho,"CAUSABAS X85-X99, Y00-Y09, Y35 ou Y36; todas as idades; residência",final
31008,Grão Mogol,MG,Sudeste,2015,4,44779.0,8.932758659192926,14.157706093189963,estimativa IBGE em 1º de julho,"CAUSABAS X85-X99, Y00-Y09, Y35 ou Y36; todas as idades; residência",final
31009,Bocaiúva,MG,Sudeste,2015,15,72892.0,20.578389946770564,48.38709677419355,estimativa IBGE em 1º de julho,"CAUSABAS X85-X99, Y00-Y09, Y35 ou Y36; todas as idades; residência",final
31010,Diamantina,MG,Sudeste,2015,19,85663.0,22.179937662701516,51.971326164874554,estimativa IBGE em 1º de julho,"CAUSABAS X85-X99, Y00-Y09, Y35 ou Y36; todas as idades; residência",final
31011,Capelinha,MG,Sudeste,2015,25,207654.0,12.039257611218662,23.29749103942652,estimativa IBGE em 1º de julho,"CAUSABAS X85-X99, Y00-Y09, Y35 ou Y36; todas as idades; residência",final
31012,Araçuaí,MG,Sudeste,2015,65,163120.0,39.84796468857283,82.79569892473118,estimativa IBGE em 1º de julho,"CAUSABAS X85-X99, Y00-Y09, Y35 ou Y36; todas as idades; residência",final
31013,Pedra Azul,MG,Sudeste,2015,33,84951.0,38.84592294381467,81.72043010752688,estimativa IBGE em 1º de julho,"CAUSABAS X85-X99, Y00-Y09, Y35 ou Y36; todas as idades; residência",final
31014,Almenara,MG,Sudeste,2015,34,188033.0,18.08193242675488,42.11469534050179,estimativa IBGE em 1º de julho,"CAUSABAS X85-X99, Y00-Y09, Y35 ou Y36; todas as idades; residência",final
31015,Teófilo Otoni,MG,Sudeste,2015,84,277293.0,30.29286711168331,69.53405017921148,estimativa IBGE em 1º de julho,"CAUSABAS X85-X99, Y00-Y09, Y35 ou Y36; todas as idades; residência",final
31016,Nanuque,MG,Sudeste,2015,26,122125.0,21.289662231320367,50.17921146953405,estimativa IBGE em 1º de julho,"CAUSABAS X85-X99, Y00-Y09, Y35 ou Y36; todas as idades; residência",final
31017,Ituiutaba,MG,Sudeste,2015,30,151811.0,19.76141386329054,46.236559139784944,estimativa IBGE em 1º de julho,"CAUSABAS X85-X99, Y00-Y09, Y35 ou Y36; todas as idades; residência",final
31018,Uberlândia,MG,Sudeste,2015,189,891313.0,21.20467220830393,49.82078853046595,estimativa IBGE em 1º de julho,"CAUSABAS X85-X99, Y00-Y09, Y35 ou Y36; todas as idades; residência",final
31019,Patrocínio,MG,Sudeste,2015,29,209297.0,13.855908111439724,29.56989247311828,estimativa IBGE em 1º de julho,"CAUSABAS X85-X99, Y00-Y09, Y35 ou Y36; todas as idades; residência",final
31020,Patos de Minas,MG,Sudeste,2015,40,269200.0,14.85884101040119,33.15412186379928,estimativa IBGE em 1º de julho,"CAUSABAS X85-X99, Y00-Y09, Y35 ou Y36; todas as idades; residência",final
31021,Frutal,MG,Sudeste,2015,31,194851.0,15.909592457826749,36.37992831541219,estimativa IBGE em 1º de julho,"CAUSABAS X85-X99, Y00-Y09, Y35 ou Y36; todas as idades; residência",final
31022,Uberaba,MG,Sudeste,2015,106,378103.0,28.034688960415547,64.33691756272401,estimativa IBGE em 1º de julho,"CAUSABAS X85-X99, Y00-Y09, Y35 ou Y36; todas as idades; residência",final
31023,Araxá,MG,Sudeste,2015,20,222607.0,8.984443436190237,14.516129032258064,estimativa IBGE em 1º de julho,"CAUSABAS X85-X99, Y00-Y09, Y35 ou Y36; todas as idades; residência",final
31024,Três Marias,MG,Sudeste,2015,22,103040.0,21.350931677018632,50.7168458781362,estimativa IBGE em 1º de julho,"CAUSABAS X85-X99, Y00-Y09, Y35 ou Y36; todas as idades; residência",final
31025,Curvelo,MG,Sudeste,2015,36,158147.0,22.76363130505163,53.225806451612904,estimativa IBGE em 1º de julho,"CAUSABAS X85-X99, Y00-Y09, Y35 ou Y36; todas as idades; residência",final
31026,Bom Despacho,MG,Sudeste,2015,25,176705.0,14.147873574601737,30.46594982078853,estimativa IBGE em 1º de julho,"CAUSABAS X85-X99, Y00-Y09, Y35 ou Y36; todas as idades; residência",final
31027,Sete Lagoas,MG,Sudeste,2015,143,424435.0,33.691849164182976,74.01433691756273,estimativa IBGE em 1º de julho,"CAUSABAS X85-X99, Y00-Y09, Y35 ou Y36; todas as idades; residência",final
31028,Conceição do Mato Dentro,MG,Sudeste,2015,6,85868.0,6.987469138677971,7.706093189964157,estimativa IBGE em 1º de julho,"CAUSABAS X85-X99, Y00-Y09, Y35 ou Y36; todas as idades; residência",final
31029,Pará de Minas,MG,Sudeste,2015,22,133521.0,16.476808891485234,38.35125448028674,estimativa IBGE em 1º de julho,"CAUSABAS X85-X99, Y00-Y09, Y35 ou Y36; todas as idades; residência",final
31030,Belo Horizonte,MG,Sudeste,2015,1582,5119360.0,30.90230028753594,70.60931899641577,estimativa IBGE em 1º de julho,"CAUSABAS X85-X99, Y00-Y09, Y35 ou Y36; todas as idades; residência",final
31031,Itabira,MG,Sudeste,2015,77,401315.0,19.18692299066818,44.80286738351254,estimativa IBGE em 1º de julho,"CAUSABAS X85-X99, Y00-Y09, Y35 ou Y36; todas as idades; residência",final
31032,Itaguara,MG,Sudeste,2015,4,64626.0,6.1894593507257145,5.555555555555555,estimativa IBGE em 1º de julho,"CAUSABAS X85-X99, Y00-Y09, Y35 ou Y36; todas as idades; residência",final
31033,Ouro Preto,MG,Sudeste,2015,25,186529.0,13.40274166483496,27.956989247311828,estimativa IBGE em 1º de julho,"CAUSABAS X85-X99, Y00-Y09, Y35 ou Y36; todas as idades; residência",final
31034,Conselheiro Lafaiete,MG,Sudeste,2015,29,265383.0,10.927602747726871,20.43010752688172,estimativa IBGE em 1º de julho,"CAUSABAS X85-X99, Y00-Y09, Y35 ou Y36; todas as idades; residência",final
31035,Guanhães,MG,Sudeste,2015,15,136176.0,11.015156855833627,20.60931899641577,estimativa IBGE em 1º de julho,"CAUSABAS X85-X99, Y00-Y09, Y35 ou Y36; todas as idades; residência",final
31036,Peçanha,MG,Sudeste,2015,19,82978.0,22.897635517848105,53.763440860215056,estimativa IBGE em 1º de julho,"CAUSABAS X85-X99, Y00-Y09, Y35 ou Y36; todas as idades; residência",final
31037,Governador Valadares,MG,Sudeste,2015,166,435981.0,38.07505372940564,80.28673835125448,estimativa IBGE em 1º de julho,"CAUSABAS X85-X99, Y00-Y09, Y35 ou Y36; todas as idades; residência",final
31038,Mantena,MG,Sudeste,2015,25,65720.0,38.04017041996348,80.10752688172043,estimativa IBGE em 1º de julho,"CAUSABAS X85-X99, Y00-Y09, Y35 ou Y36; todas as idades; residência",final
31039,Ipatinga,MG,Sudeste,2015,167,563624.0,29.629682199480506,67.92114695340501,estimativa IBGE em 1º de julho,"CAUSABAS X85-X99, Y00-Y09, Y35 ou Y36; todas as idades; residência",final
31040,Caratinga,MG,Sudeste,2015,53,266390.0,19.895641728293104,46.415770609319,estimativa IBGE em 1º de julho,"CAUSABAS X85-X99, Y00-Y09, Y35 ou Y36; todas as idades; residência",final
31041,Aimorés,MG,Sudeste,2015,36,154582.0,23.288610575616826,55.19713261648746,estimativa IBGE em 1º de julho,"CAUSABAS X85-X99, Y00-Y09, Y35 ou Y36; todas as idades; residência",final
31042,Piuí,MG,Sudeste,2015,11,85904.0,12.804991618550941,26.523297491039425,estimativa IBGE em 1º de julho,"CAUSABAS X85-X99, Y00-Y09, Y35 ou Y36; todas as idades; residência",final
31043,Divinópolis,MG,Sudeste,2015,105,533720.0,19.673236903245147,46.0573476702509,estimativa IBGE em 1º de julho,"CAUSABAS X85-X99, Y00-Y09, Y35 ou Y36; todas as idades; residência",final
31044,Formiga,MG,Sudeste,2015,14,159741.0,8.764187027751172,13.440860215053764,estimativa IBGE em 1º de julho,"CAUSABAS X85-X99, Y00-Y09, Y35 ou Y36; todas as idades; residência",final
31045,Campo Belo,MG,Sudeste,2015,18,117675.0,15.296367112810707,34.40860215053763,estimativa IBGE em 1º de julho,"CAUSABAS X85-X99, Y00-Y09, Y35 ou Y36; todas as idades; residência",final
31046,Oliveira,MG,Sudeste,2015,10,132470.0,7.548878991469767,9.31899641577061,estimativa IBGE em 1º de julho,"CAUSABAS X85-X99, Y00-Y09, Y35 ou Y36; todas as idades; residência",final
31047,Passos,MG,Sudeste,2015,22,239757.0,9.175957323456666,15.053763440860216,estimativa IBGE em 1º de julho,"CAUSABAS X85-X99, Y00-Y09, Y35 ou Y36; todas as idades; residência",final
31048,São Sebastião do Paraíso,MG,Sudeste,2015,16,278961.0,5.735568771261932,4.659498207885305,estimativa IBGE em 1º de julho,"CAUSABAS X85-X99, Y00-Y09, Y35 ou Y36; todas as idades; residência",final
31049,Alfenas,MG,Sudeste,2015,16,238847.0,6.69884905399691,7.168458781362007,estimativa IBGE em 1º de julho,"CAUSABAS X85-X99, Y00-Y09, Y35 ou Y36; todas as idades; residência",final
31050,Varginha,MG,Sudeste,2015,55,468088.0,11.749927364085385,22.759856630824373,estimativa IBGE em 1º de julho,"CAUSABAS X85-X99, Y00-Y09, Y35 ou Y36; todas as idades; residência",final
31051,Poços de Caldas,MG,Sudeste,2015,26,364958.0,7.124107431540067,8.064516129032258,estimativa IBGE em 1º de julho,"CAUSABAS X85-X99, Y00-Y09, Y35 ou Y36; todas as idades; residência",final
31052,Pouso Alegre,MG,Sudeste,2015,20,353879.0,5.6516492925548,4.301075268817204,estimativa IBGE em 1º de julho,"CAUSABAS X85-X99, Y00-Y09, Y35 ou Y36; todas as idades; residência",final
31053,Santa Rita do Sapucaí,MG,Sudeste,2015,10,149163.0,6.7040754074401825,7.347670250896058,estimativa IBGE em 1º de julho,"CAUSABAS X85-X99, Y00-Y09, Y35 ou Y36; todas as idades; residência",final
31054,São Lourenço,MG,Sudeste,2015,13,219651.0,5.918479770180878,4.838709677419355,estimativa IBGE em 1º de julho,"CAUSABAS X85-X99, Y00-Y09, Y35 ou Y36; todas as idades; residência",final
31055,Andrelândia,MG,Sudeste,2015,8,76325.0,10.481493612839829,19.17562724014337,estimativa IBGE em 1º de julho,"CAUSABAS X85-X99, Y00-Y09, Y35 ou Y36; todas as idades; residência",final
31056,Itajubá,MG,Sudeste,2015,13,198146.0,6.5608187901850155,6.630824372759856,estimativa IBGE em 1º de julho,"CAUSABAS X85-X99, Y00-Y09, Y35 ou Y36; todas as idades; residência",final
31057,Lavras,MG,Sudeste,2015,14,160132.0,8.742787200559539,12.903225806451612,estimativa IBGE em 1º de julho,"CAUSABAS X85-X99, Y00-Y09, Y35 ou Y36; todas as idades; residência",final
31058,São João Del Rei,MG,Sudeste,2015,26,192875.0,13.480233311730395,28.315412186379927,estimativa IBGE em 1º de julho,"CAUSABAS X85-X99, Y00-Y09, Y35 ou Y36; todas as idades; residência",final
31059,Barbacena,MG,Sudeste,2015,15,235232.0,6.37668344442933,6.093189964157706,estimativa IBGE em 1º de julho,"CAUSABAS X85-X99, Y00-Y09, Y35 ou Y36; todas as idades; residência",final
31060,Ponte Nova,MG,Sudeste,2015,33,191894.0,17.196994173866823,40.32258064516129,estimativa IBGE em 1º de julho,"CAUSABAS X85-X99, Y00-Y09, Y35 ou Y36; todas as idades; residência",final
31061,Manhuaçu,MG,Sudeste,2015,38,291431.0,13.039107027049285,27.240143369175627,estimativa IBGE em 1º de julho,"CAUSABAS X85-X99, Y00-Y09, Y35 ou Y36; todas as idades; residência",final
31062,Viçosa,MG,Sudeste,2015,43,230993.0,18.6152827141948,43.18996415770609,estimativa IBGE em 1º de julho,"CAUSABAS X85-X99, Y00-Y09, Y35 ou Y36; todas as idades; residência",final
31063,Muriaé,MG,Sudeste,2015,58,290247.0,19.982980013574647,46.95340501792115,estimativa IBGE em 1º de julho,"CAUSABAS X85-X99, Y00-Y09, Y35 ou Y36; todas as idades; residência",final
31064,Ubá,MG,Sudeste,2015,65,288861.0,22.50217232509754,52.68817204301075,estimativa IBGE em 1º de julho,"CAUSABAS X85-X99, Y00-Y09, Y35 ou Y36; todas as idades; residência",final
31065,Juiz de Fora,MG,Sudeste,2015,136,776228.0,17.52062538326368,41.03942652329749,estimativa IBGE em 1º de julho,"CAUSABAS X85-X99, Y00-Y09, Y35 ou Y36; todas as idades; residência",final
31066,Cataguases,MG,Sudeste,2015,21,226963.0,9.252609456166864,15.591397849462366,estimativa IBGE em 1º de julho,"CAUSABAS X85-X99, Y00-Y09, Y35 ou Y36; todas as idades; residência",final
32001,Barra de São Francisco,ES,Sudeste,2015,20,96016.0,20.82986168971838,48.74551971326165,estimativa IBGE em 1º de julho,"CAUSABAS X85-X99, Y00-Y09, Y35 ou Y36; todas as idades; residência",final
32002,Nova Venécia,ES,Sudeste,2015,55,136030.0,40.43225759023745,83.69175627240143,estimativa IBGE em 1º de julho,"CAUSABAS X85-X99, Y00-Y09, Y35 ou Y36; todas as idades; residência",final
32003,Colatina,ES,Sudeste,2015,65,218811.0,29.706001983446903,68.27956989247312,estimativa IBGE em 1º de julho,"CAUSABAS X85-X99, Y00-Y09, Y35 ou Y36; todas as idades; residência",final
32004,Montanha,ES,Sudeste,2015,30,59447.0,50.46512019109459,92.65232974910394,estimativa IBGE em 1º de julho,"CAUSABAS X85-X99, Y00-Y09, Y35 ou Y36; todas as idades; residência",final
32005,São Mateus,ES,Sudeste,2015,114,210474.0,54.163459619715496,94.26523297491039,estimativa IBGE em 1º de julho,"CAUSABAS X85-X99, Y00-Y09, Y35 ou Y36; todas as idades; residência",final
32006,Linhares,ES,Sudeste,2015,136,355230.0,38.28505475325845,80.64516129032258,estimativa IBGE em 1º de julho,"CAUSABAS X85-X99, Y00-Y09, Y35 ou Y36; todas as idades; residência",final
32007,Afonso Cláudio,ES,Sudeste,2015,23,143700.0,16.005567153792622,37.096774193548384,estimativa IBGE em 1º de julho,"CAUSABAS X85-X99, Y00-Y09, Y35 ou Y36; todas as idades; residência",final
32008,Santa Teresa,ES,Sudeste,2015,21,113972.0,18.42557821219247,43.01075268817204,estimativa IBGE em 1º de julho,"CAUSABAS X85-X99, Y00-Y09, Y35 ou Y36; todas as idades; residência",final
32009,Vitória,ES,Sudeste,2015,814,1770314.0,45.980543564587975,88.70967741935483,estimativa IBGE em 1º de julho,"CAUSABAS X85-X99, Y00-Y09, Y35 ou Y36; todas as idades; residência",final
32010,Guarapari,ES,Sudeste,2015,63,208948.0,30.151042364607463,69.35483870967742,estimativa IBGE em 1º de julho,"CAUSABAS X85-X99, Y00-Y09, Y35 ou Y36; todas as idades; residência",final
32011,Alegre,ES,Sudeste,2015,28,170649.0,16.407948479041774,37.992831541218635,estimativa IBGE em 1º de julho,"CAUSABAS X85-X99, Y00-Y09, Y35 ou Y36; todas as idades; residência",final
32012,Cachoeiro de Itapemirim,ES,Sudeste,2015,66,362816.0,18.191038983947788,42.29390681003584,estimativa IBGE em 1º de julho,"CAUSABAS X85-X99, Y00-Y09, Y35 ou Y36; todas as idades; residência",final
32013,Itapemirim,ES,Sudeste,2015,13,83504.0,15.568116497413298,35.30465949820788,estimativa IBGE em 1º de julho,"CAUSABAS X85-X99, Y00-Y09, Y35 ou Y36; todas as idades; residência",final
33001,Itaperuna,RJ,Sudeste,2015,13,200326.0,6.489422241745954,6.272401433691757,estimativa IBGE em 1º de julho,"CAUSABAS X85-X99, Y00-Y09, Y35 ou Y36; todas as idades; residência",final
33002,Santo Antônio de Pádua,RJ,Sudeste,2015,28,123687.0,22.63778731798815,53.04659498207885,estimativa IBGE em 1º de julho,"CAUSABAS X85-X99, Y00-Y09, Y35 ou Y36; todas as idades; residência",final
33003,Campos dos Goytacazes,RJ,Sudeste,2015,225,610105.0,36.87889789462469,78.31541218637993,estimativa IBGE em 1º de julho,"CAUSABAS X85-X99, Y00-Y09, Y35 ou Y36; todas as idades; residência",final
33004,Macaé,RJ,Sudeste,2015,108,294499.0,36.67245050068082,77.77777777777777,estimativa IBGE em 1º de julho,"CAUSABAS X85-X99, Y00-Y09, Y35 ou Y36; todas as idades; residência",final
33005,Três Rios,RJ,Sudeste,2015,16,159446.0,10.034745305620712,18.100358422939067,estimativa IBGE em 1º de julho,"CAUSABAS X85-X99, Y00-Y09, Y35 ou Y36; todas as idades; residência",final
33006,Cantagalo-Cordeiro,RJ,Sudeste,2015,12,64420.0,18.627755355479664,43.727598566308245,estimativa IBGE em 1º de julho,"CAUSABAS X85-X99, Y00-Y09, Y35 ou Y36; todas as idades; residência",final
33007,Nova Friburgo,RJ,Sudeste,2015,21,237312.0,8.849110032362459,13.620071684587813,estimativa IBGE em 1º de julho,"CAUSABAS X85-X99, Y00-Y09, Y35 ou Y36; todas as idades; residência",final
33008,Santa Maria Madalena,RJ,Sudeste,2015,7,29629.0,23.62550204191839,56.272401433691755,estimativa IBGE em 1º de julho,"CAUSABAS X85-X99, Y00-Y09, Y35 ou Y36; todas as idades; residência",final
33009,Bacia de São João,RJ,Sudeste,2015,80,193588.0,41.32487550881253,85.12544802867383,estimativa IBGE em 1º de julho,"CAUSABAS X85-X99, Y00-Y09, Y35 ou Y36; todas as idades; residência",final
33010,Lagos,RJ,Sudeste,2015,252,596660.0,42.23510877216505,86.37992831541219,estimativa IBGE em 1º de julho,"CAUSABAS X85-X99, Y00-Y09, Y35 ou Y36; todas as idades; residência",final
33011,Vale do Paraíba Fluminense,RJ,Sudeste,2015,142,699699.0,20.294440895299264,47.67025089605735,estimativa IBGE em 1º de julho,"CAUSABAS X85-X99, Y00-Y09, Y35 ou Y36; todas as idades; residência",final
33012,Barra do Piraí,RJ,Sudeste,2015,28,179482.0,15.600450184419607,35.483870967741936,estimativa IBGE em 1º de julho,"CAUSABAS X85-X99, Y00-Y09, Y35 ou Y36; todas as idades; residência",final
33013,Baía da Ilha Grande,RJ,Sudeste,2015,125,228754.0,54.64385322223874,94.44444444444444,estimativa IBGE em 1º de julho,"CAUSABAS X85-X99, Y00-Y09, Y35 ou Y36; todas as idades; residência",final
33014,Vassouras,RJ,Sudeste,2015,41,168338.0,24.355760434364196,57.526881720430104,estimativa IBGE em 1º de julho,"CAUSABAS X85-X99, Y00-Y09, Y35 ou Y36; todas as idades; residência",final
33015,Serrana,RJ,Sudeste,2015,39,492118.0,7.924928574041186,10.75268817204301,estimativa IBGE em 1º de julho,"CAUSABAS X85-X99, Y00-Y09, Y35 ou Y36; todas as idades; residência",final
33016,Macacu-Caceribu,RJ,Sudeste,2015,14,113905.0,12.290944207892542,24.551971326164875,estimativa IBGE em 1º de julho,"CAUSABAS X85-X99, Y00-Y09, Y35 ou Y36; todas as idades; residência",final
33017,Itaguaí,RJ,Sudeste,2015,116,242814.0,47.77319264951774,90.68100358422939,estimativa IBGE em 1º de julho,"CAUSABAS X85-X99, Y00-Y09, Y35 ou Y36; todas as idades; residência",final
33018,Rio de Janeiro,RJ,Sudeste,2015,3517,11915242.0,29.51681552082618,67.38351254480287,estimativa IBGE em 1º de julho,"CAUSABAS X85-X99, Y00-Y09, Y35 ou Y36; todas as idades; residência",final
35001,Jales,SP,Sudeste,2015,7,155236.0,4.509263315210389,2.5089605734767026,estimativa IBGE em 1º de julho,"CAUSABAS X85-X99, Y00-Y09, Y35 ou Y36; todas as idades; residência",final
35002,Fernandópolis,SP,Sudeste,2015,9,109865.0,8.191871842716061,11.827956989247312,estimativa IBGE em 1º de julho,"CAUSABAS X85-X99, Y00-Y09, Y35 ou Y36; todas as idades; residência",final
35003,Votuporanga,SP,Sudeste,2015,3,149651.0,2.004664185337886,0.8960573476702509,estimativa IBGE em 1º de julho,"CAUSABAS X85-X99, Y00-Y09, Y35 ou Y36; todas as idades; residência",final
35004,São José do Rio Preto,SP,Sudeste,2015,54,827593.0,6.524946441064629,6.451612903225806,estimativa IBGE em 1º de julho,"CAUSABAS X85-X99, Y00-Y09, Y35 ou Y36; todas as idades; residência",final
35005,Catanduva,SP,Sudeste,2015,19,237001.0,8.016843810785609,11.11111111111111,estimativa IBGE em 1º de julho,"CAUSABAS X85-X99, Y00-Y09, Y35 ou Y36; todas as idades; residência",final
35006,Auriflama,SP,Sudeste,2015,1,48781.0,2.04997847522601,1.075268817204301,estimativa IBGE em 1º de julho,"CAUSABAS X85-X99, Y00-Y09, Y35 ou Y36; todas as idades; residência",final
35007,Nhandeara,SP,Sudeste,2015,7,70192.0,9.972646455436516,17.741935483870968,estimativa IBGE em 1º de julho,"CAUSABAS X85-X99, Y00-Y09, Y35 ou Y36; todas as idades; residência",final
35008,Novo Horizonte,SP,Sudeste,2015,4,84885.0,4.712257760499499,2.6881720430107525,estimativa IBGE em 1º de julho,"CAUSABAS X85-X99, Y00-Y09, Y35 ou Y36; todas as idades; residência",final
35009,Barretos,SP,Sudeste,2015,16,143699.0,11.134385068789623,21.14695340501792,estimativa IBGE em 1º de julho,"CAUSABAS X85-X99, Y00-Y09, Y35 ou Y36; todas as idades; residência",final
35010,São Joaquim da Barra,SP,Sudeste,2015,21,227091.0,9.247394216415445,15.412186379928315,estimativa IBGE em 1º de julho,"CAUSABAS X85-X99, Y00-Y09, Y35 ou Y36; todas as idades; residência",final
35011,Ituverava,SP,Sudeste,2015,13,101463.0,12.812552358988006,26.70250896057348,estimativa IBGE em 1º de julho,"CAUSABAS X85-X99, Y00-Y09, Y35 ou Y36; todas as idades; residência",final
35012,Franca,SP,Sudeste,2015,38,414741.0,9.162344692229608,14.874551971326165,estimativa IBGE em 1º de julho,"CAUSABAS X85-X99, Y00-Y09, Y35 ou Y36; todas as idades; residência",final
35013,Jaboticabal,SP,Sudeste,2015,42,431105.0,9.74240614235511,17.025089605734767,estimativa IBGE em 1º de julho,"CAUSABAS X85-X99, Y00-Y09, Y35 ou Y36; todas as idades; residência",final
35014,Ribeirão Preto,SP,Sudeste,2015,138,1137140.0,12.135708883690663,23.835125448028673,estimativa IBGE em 1º de julho,"CAUSABAS X85-X99, Y00-Y09, Y35 ou Y36; todas as idades; residência",final
35015,Batatais,SP,Sudeste,2015,3,113444.0,2.6444765699375905,1.2544802867383513,estimativa IBGE em 1º de julho,"CAUSABAS X85-X99, Y00-Y09, Y35 ou Y36; todas as idades; residência",final
35016,Andradina,SP,Sudeste,2015,28,190976.0,14.661528150134048,32.25806451612903,estimativa IBGE em 1º de julho,"CAUSABAS X85-X99, Y00-Y09, Y35 ou Y36; todas as idades; residência",final
35017,Araçatuba,SP,Sudeste,2015,52,274717.0,18.92857012853227,44.44444444444444,estimativa IBGE em 1º de julho,"CAUSABAS X85-X99, Y00-Y09, Y35 ou Y36; todas as idades; residência",final
35018,Birigui,SP,Sudeste,2015,22,278357.0,7.903519580969762,10.57347670250896,estimativa IBGE em 1º de julho,"CAUSABAS X85-X99, Y00-Y09, Y35 ou Y36; todas as idades; residência",final
35019,Lins,SP,Sudeste,2015,13,171160.0,7.595232530965179,9.67741935483871,estimativa IBGE em 1º de julho,"CAUSABAS X85-X99, Y00-Y09, Y35 ou Y36; todas as idades; residência",final
35020,Bauru,SP,Sudeste,2015,42,600419.0,6.99511507797055,7.885304659498208,estimativa IBGE em 1º de julho,"CAUSABAS X85-X99, Y00-Y09, Y35 ou Y36; todas as idades; residência",final
35021,Jaú,SP,Sudeste,2015,29,372618.0,7.782769485102706,10.03584229390681,estimativa IBGE em 1º de julho,"CAUSABAS X85-X99, Y00-Y09, Y35 ou Y36; todas as idades; residência",final
35022,Avaré,SP,Sudeste,2015,15,192896.0,7.77621101526211,9.85663082437276,estimativa IBGE em 1º de julho,"CAUSABAS X85-X99, Y00-Y09, Y35 ou Y36; todas as idades; residência",final
35023,Botucatu,SP,Sudeste,2015,12,225585.0,5.319502626504422,3.5842293906810037,estimativa IBGE em 1º de julho,"CAUSABAS X85-X99, Y00-Y09, Y35 ou Y36; todas as idades; residência",final
35024,Araraquara,SP,Sudeste,2015,47,541610.0,8.677830911541514,12.544802867383513,estimativa IBGE em 1º de julho,"CAUSABAS X85-X99, Y00-Y09, Y35 ou Y36; todas as idades; residência",final
35025,São Carlos,SP,Sudeste,2015,30,334441.0,8.970192051811829,14.336917562724015,estimativa IBGE em 1º de julho,"CAUSABAS X85-X99, Y00-Y09, Y35 ou Y36; todas as idades; residência",final
35026,Rio Claro,SP,Sudeste,2015,25,261336.0,9.566228916031468,16.845878136200717,estimativa IBGE em 1º de julho,"CAUSABAS X85-X99, Y00-Y09, Y35 ou Y36; todas as idades; residência",final
35027,Limeira,SP,Sudeste,2015,49,626715.0,7.818545910022897,10.394265232974911,estimativa IBGE em 1º de julho,"CAUSABAS X85-X99, Y00-Y09, Y35 ou Y36; todas as idades; residência",final
35028,Piracicaba,SP,Sudeste,2015,77,600947.0,12.81310997475651,26.881720430107528,estimativa IBGE em 1º de julho,"CAUSABAS X85-X99, Y00-Y09, Y35 ou Y36; todas as idades; residência",final
35029,Pirassununga,SP,Sudeste,2015,17,196960.0,8.63119415109667,12.365591397849462,estimativa IBGE em 1º de julho,"CAUSABAS X85-X99, Y00-Y09, Y35 ou Y36; todas as idades; residência",final
35030,São João da Boa Vista,SP,Sudeste,2015,18,428815.0,4.197614355841097,2.150537634408602,estimativa IBGE em 1º de julho,"CAUSABAS X85-X99, Y00-Y09, Y35 ou Y36; todas as idades; residência",final
35031,Mogi Mirim,SP,Sudeste,2015,38,413802.0,9.18313589591157,15.232974910394265,estimativa IBGE em 1º de julho,"CAUSABAS X85-X99, Y00-Y09, Y35 ou Y36; todas as idades; residência",final
35032,Campinas,SP,Sudeste,2015,368,2893802.0,12.716834116501406,26.164874551971327,estimativa IBGE em 1º de julho,"CAUSABAS X85-X99, Y00-Y09, Y35 ou Y36; todas as idades; residência",final
35033,Amparo,SP,Sudeste,2015,14,192167.0,7.28532994738951,8.602150537634408,estimativa IBGE em 1º de julho,"CAUSABAS X85-X99, Y00-Y09, Y35 ou Y36; todas as idades; residência",final
35034,Dracena,SP,Sudeste,2015,11,123389.0,8.914895168937264,13.799283154121865,estimativa IBGE em 1º de julho,"CAUSABAS X85-X99, Y00-Y09, Y35 ou Y36; todas as idades; residência",final
35035,Adamantina,SP,Sudeste,2015,8,166840.0,4.795013186286262,3.046594982078853,estimativa IBGE em 1º de julho,"CAUSABAS X85-X99, Y00-Y09, Y35 ou Y36; todas as idades; residência",final
35036,Presidente Prudente,SP,Sudeste,2015,82,604601.0,13.562663640979753,28.67383512544803,estimativa IBGE em 1º de julho,"CAUSABAS X85-X99, Y00-Y09, Y35 ou Y36; todas as idades; residência",final
35037,Tupã,SP,Sudeste,2015,7,113970.0,6.141967184346758,5.376344086021505,estimativa IBGE em 1º de julho,"CAUSABAS X85-X99, Y00-Y09, Y35 ou Y36; todas as idades; residência",final
35038,Marília,SP,Sudeste,2015,21,349874.0,6.002160777880037,5.017921146953405,estimativa IBGE em 1º de julho,"CAUSABAS X85-X99, Y00-Y09, Y35 ou Y36; todas as idades; residência",final
35039,Assis,SP,Sudeste,2015,17,279744.0,6.07698467169984,5.197132616487456,estimativa IBGE em 1º de julho,"CAUSABAS X85-X99, Y00-Y09, Y35 ou Y36; todas as idades; residência",final
35040,Ourinhos,SP,Sudeste,2015,24,307576.0,7.802949514916638,10.21505376344086,estimativa IBGE em 1º de julho,"CAUSABAS X85-X99, Y00-Y09, Y35 ou Y36; todas as idades; residência",final
35041,Itapeva,SP,Sudeste,2015,19,251637.0,7.550558940060484,9.498207885304659,estimativa IBGE em 1º de julho,"CAUSABAS X85-X99, Y00-Y09, Y35 ou Y36; todas as idades; residência",final
35042,Itapetininga,SP,Sudeste,2015,22,209505.0,10.500942698264957,19.53405017921147,estimativa IBGE em 1º de julho,"CAUSABAS X85-X99, Y00-Y09, Y35 ou Y36; todas as idades; residência",final
35043,Tatuí,SP,Sudeste,2015,23,285570.0,8.054067303988514,11.469534050179211,estimativa IBGE em 1º de julho,"CAUSABAS X85-X99, Y00-Y09, Y35 ou Y36; todas as idades; residência",final
35044,Capão Bonito,SP,Sudeste,2015,14,136702.0,10.241254700004388,18.45878136200717,estimativa IBGE em 1º de julho,"CAUSABAS X85-X99, Y00-Y09, Y35 ou Y36; todas as idades; residência",final
35045,Piedade,SP,Sudeste,2015,21,200274.0,10.485634680487731,19.35483870967742,estimativa IBGE em 1º de julho,"CAUSABAS X85-X99, Y00-Y09, Y35 ou Y36; todas as idades; residência",final
35046,Sorocaba,SP,Sudeste,2015,157,1450720.0,10.82221241866108,20.25089605734767,estimativa IBGE em 1º de julho,"CAUSABAS X85-X99, Y00-Y09, Y35 ou Y36; todas as idades; residência",final
35047,Jundiaí,SP,Sudeste,2015,61,697334.0,8.747601579730803,13.082437275985663,estimativa IBGE em 1º de julho,"CAUSABAS X85-X99, Y00-Y09, Y35 ou Y36; todas as idades; residência",final
35048,Bragança Paulista,SP,Sudeste,2015,54,548162.0,9.851102411330958,17.204301075268816,estimativa IBGE em 1º de julho,"CAUSABAS X85-X99, Y00-Y09, Y35 ou Y36; todas as idades; residência",final
35049,Campos do Jordão,SP,Sudeste,2015,5,72950.0,6.854009595613434,7.526881720430108,estimativa IBGE em 1º de julho,"CAUSABAS X85-X99, Y00-Y09, Y35 ou Y36; todas as idades; residência",final
35050,São José dos Campos,SP,Sudeste,2015,211,1538038.0,13.718776779247326,29.032258064516128,estimativa IBGE em 1º de julho,"CAUSABAS X85-X99, Y00-Y09, Y35 ou Y36; todas as idades; residência",final
35051,Guaratinguetá,SP,Sudeste,2015,70,427268.0,16.383159983897695,37.81362007168459,estimativa IBGE em 1º de julho,"CAUSABAS X85-X99, Y00-Y09, Y35 ou Y36; todas as idades; residência",final
35052,Bananal,SP,Sudeste,2015,4,27501.0,14.54492563906767,31.54121863799283,estimativa IBGE em 1º de julho,"CAUSABAS X85-X99, Y00-Y09, Y35 ou Y36; todas as idades; residência",final
35053,Paraibuna/Paraitinga,SP,Sudeste,2015,9,72704.0,12.378961267605634,24.731182795698924,estimativa IBGE em 1º de julho,"CAUSABAS X85-X99, Y00-Y09, Y35 ou Y36; todas as idades; residência",final
35054,Caraguatatuba,SP,Sudeste,2015,108,314926.0,34.29377060007748,74.73118279569893,estimativa IBGE em 1º de julho,"CAUSABAS X85-X99, Y00-Y09, Y35 ou Y36; todas as idades; residência",final
35055,Registro,SP,Sudeste,2015,32,251972.0,12.699823789944915,25.985663082437277,estimativa IBGE em 1º de julho,"CAUSABAS X85-X99, Y00-Y09, Y35 ou Y36; todas as idades; residência",final
35056,Itanhaém,SP,Sudeste,2015,34,241666.0,14.069004328287802,30.107526881720432,estimativa IBGE em 1º de julho,"CAUSABAS X85-X99, Y00-Y09, Y35 ou Y36; todas as idades; residência",final
35057,Osasco,SP,Sudeste,2015,316,1907674.0,16.564675096478748,38.53046594982079,estimativa IBGE em 1º de julho,"CAUSABAS X85-X99, Y00-Y09, Y35 ou Y36; todas as idades; residência",final
35058,Franco da Rocha,SP,Sudeste,2015,63,502101.0,12.547276344799155,25.268817204301076,estimativa IBGE em 1º de julho,"CAUSABAS X85-X99, Y00-Y09, Y35 ou Y36; todas as idades; residência",final
35059,Guarulhos,SP,Sudeste,2015,231,1463646.0,15.782504785993334,36.200716845878134,estimativa IBGE em 1º de julho,"CAUSABAS X85-X99, Y00-Y09, Y35 ou Y36; todas as idades; residência",final
35060,Itapecerica da Serra,SP,Sudeste,2015,155,1092577.0,14.186643138195294,30.64516129032258,estimativa IBGE em 1º de julho,"CAUSABAS X85-X99, Y00-Y09, Y35 ou Y36; todas as idades; residência",final
35061,São Paulo,SP,Sudeste,2015,1827,14687396.0,12.439237016554875,24.910394265232974,estimativa IBGE em 1º de julho,"CAUSABAS X85-X99, Y00-Y09, Y35 ou Y36; todas as idades; residência",final
35062,Mogi das Cruzes,SP,Sudeste,2015,241,1437397.0,16.766418741655922,39.06810035842294,estimativa IBGE em 1º de julho,"CAUSABAS X85-X99, Y00-Y09, Y35 ou Y36; todas as idades; residência",final
35063,Santos,SP,Sudeste,2015,187,1583560.0,11.808835787718811,22.939068100358423,estimativa IBGE em 1º de julho,"CAUSABAS X85-X99, Y00-Y09, Y35 ou Y36; todas as idades; residência",final
41001,Paranavaí,PR,Sul,2015,80,285326.0,28.03810378304115,64.51612903225806,estimativa IBGE em 1º de julho,"CAUSABAS X85-X99, Y00-Y09, Y35 ou Y36; todas as idades; residência",final
41002,Umuarama,PR,Sul,2015,59,277040.0,21.296563673115795,50.3584229390681,estimativa IBGE em 1º de julho,"CAUSABAS X85-X99, Y00-Y09, Y35 ou Y36; todas as idades; residência",final
41003,Cianorte,PR,Sul,2015,26,154374.0,16.842214362522185,39.42652329749104,estimativa IBGE em 1º de julho,"CAUSABAS X85-X99, Y00-Y09, Y35 ou Y36; todas as idades; residência",final
41004,Goioerê,PR,Sul,2015,40,115459.0,34.644332620237485,75.62724014336918,estimativa IBGE em 1º de julho,"CAUSABAS X85-X99, Y00-Y09, Y35 ou Y36; todas as idades; residência",final
41005,Campo Mourão,PR,Sul,2015,54,224861.0,24.01483583191394,57.34767025089606,estimativa IBGE em 1º de julho,"CAUSABAS X85-X99, Y00-Y09, Y35 ou Y36; todas as idades; residência",final
41006,Astorga,PR,Sul,2015,32,194497.0,16.452695928471904,38.17204301075269,estimativa IBGE em 1º de julho,"CAUSABAS X85-X99, Y00-Y09, Y35 ou Y36; todas as idades; residência",final
41007,Porecatu,PR,Sul,2015,23,85016.0,27.053731062388255,62.72401433691756,estimativa IBGE em 1º de julho,"CAUSABAS X85-X99, Y00-Y09, Y35 ou Y36; todas as idades; residência",final
41008,Floraí,PR,Sul,2015,2,36195.0,5.525625086337892,3.942652329749104,estimativa IBGE em 1º de julho,"CAUSABAS X85-X99, Y00-Y09, Y35 ou Y36; todas as idades; residência",final
41009,Maringá,PR,Sul,2015,95,595781.0,15.945456468064608,36.55913978494624,estimativa IBGE em 1º de julho,"CAUSABAS X85-X99, Y00-Y09, Y35 ou Y36; todas as idades; residência",final
41010,Apucarana,PR,Sul,2015,58,311533.0,18.617610333415723,43.369175627240146,estimativa IBGE em 1º de julho,"CAUSABAS X85-X99, Y00-Y09, Y35 ou Y36; todas as idades; residência",final
41011,Londrina,PR,Sul,2015,158,784520.0,20.139703258043134,47.31182795698925,estimativa IBGE em 1º de julho,"CAUSABAS X85-X99, Y00-Y09, Y35 ou Y36; todas as idades; residência",final
41012,Faxinal,PR,Sul,2015,7,47301.0,14.798841462125537,32.97491039426523,estimativa IBGE em 1º de julho,"CAUSABAS X85-X99, Y00-Y09, Y35 ou Y36; todas as idades; residência",final
41013,Ivaiporã,PR,Sul,2015,29,137442.0,21.099809374136,49.46236559139785,estimativa IBGE em 1º de julho,"CAUSABAS X85-X99, Y00-Y09, Y35 ou Y36; todas as idades; residência",final
41014,Assaí,PR,Sul,2015,20,72666.0,27.523188286131067,63.261648745519715,estimativa IBGE em 1º de julho,"CAUSABAS X85-X99, Y00-Y09, Y35 ou Y36; todas as idades; residência",final
41015,Cornélio Procópio,PR,Sul,2015,22,179373.0,12.264945114370613,24.372759856630825,estimativa IBGE em 1º de julho,"CAUSABAS X85-X99, Y00-Y09, Y35 ou Y36; todas as idades; residência",final
41016,Jacarezinho,PR,Sul,2015,12,127938.0,9.379543216245368,15.949820788530467,estimativa IBGE em 1º de julho,"CAUSABAS X85-X99, Y00-Y09, Y35 ou Y36; todas as idades; residência",final
41017,Ibaiti,PR,Sul,2015,13,81195.0,16.01083810579469,37.27598566308244,estimativa IBGE em 1º de julho,"CAUSABAS X85-X99, Y00-Y09, Y35 ou Y36; todas as idades; residência",final
41018,Wenceslau Braz,PR,Sul,2015,9,102808.0,8.754182553886857,13.261648745519713,estimativa IBGE em 1º de julho,"CAUSABAS X85-X99, Y00-Y09, Y35 ou Y36; todas as idades; residência",final
41019,Telêmaco Borba,PR,Sul,2015,66,169619.0,38.910735236028984,81.89964157706093,estimativa IBGE em 1º de julho,"CAUSABAS X85-X99, Y00-Y09, Y35 ou Y36; todas as idades; residência",final
41020,Jaguariaíva,PR,Sul,2015,11,106270.0,10.350992754305071,18.63799283154122,estimativa IBGE em 1º de julho,"CAUSABAS X85-X99, Y00-Y09, Y35 ou Y36; todas as idades; residência",final
41021,Ponta Grossa,PR,Sul,2015,93,464018.0,20.042325944252163,47.132616487455195,estimativa IBGE em 1º de julho,"CAUSABAS X85-X99, Y00-Y09, Y35 ou Y36; todas as idades; residência",final
41022,Toledo,PR,Sul,2015,93,404688.0,22.980666587593404,53.9426523297491,estimativa IBGE em 1º de julho,"CAUSABAS X85-X99, Y00-Y09, Y35 ou Y36; todas as idades; residência",final
41023,Cascavel,PR,Sul,2015,108,463188.0,23.31666623487655,55.376344086021504,estimativa IBGE em 1º de julho,"CAUSABAS X85-X99, Y00-Y09, Y35 ou Y36; todas as idades; residência",final
41024,Foz do Iguaçu,PR,Sul,2015,141,426541.0,33.05661120501898,72.93906810035843,estimativa IBGE em 1º de julho,"CAUSABAS X85-X99, Y00-Y09, Y35 ou Y36; todas as idades; residência",final
41025,Capanema,PR,Sul,2015,15,99132.0,15.131340031473187,33.87096774193548,estimativa IBGE em 1º de julho,"CAUSABAS X85-X99, Y00-Y09, Y35 ou Y36; todas as idades; residência",final
41026,Francisco Beltrão,PR,Sul,2015,43,256550.0,16.760865328396026,38.888888888888886,estimativa IBGE em 1º de julho,"CAUSABAS X85-X99, Y00-Y09, Y35 ou Y36; todas as idades; residência",final
41027,Pato Branco,PR,Sul,2015,30,168455.0,17.808910391499214,41.75627240143369,estimativa IBGE em 1º de julho,"CAUSABAS X85-X99, Y00-Y09, Y35 ou Y36; todas as idades; residência",final
41028,Pitanga,PR,Sul,2015,9,74548.0,12.072758491173472,23.655913978494624,estimativa IBGE em 1º de julho,"CAUSABAS X85-X99, Y00-Y09, Y35 ou Y36; todas as idades; residência",final
41029,Guarapuava,PR,Sul,2015,116,396791.0,29.2345340494114,67.02508960573476,estimativa IBGE em 1º de julho,"CAUSABAS X85-X99, Y00-Y09, Y35 ou Y36; todas as idades; residência",final
41030,Palmas,PR,Sul,2015,18,95730.0,18.80288310874334,44.086021505376344,estimativa IBGE em 1º de julho,"CAUSABAS X85-X99, Y00-Y09, Y35 ou Y36; todas as idades; residência",final
41031,Prudentópolis,PR,Sul,2015,19,137161.0,13.852334118298934,29.39068100358423,estimativa IBGE em 1º de julho,"CAUSABAS X85-X99, Y00-Y09, Y35 ou Y36; todas as idades; residência",final
41032,Irati,PR,Sul,2015,13,103158.0,12.602027957114329,25.627240143369175,estimativa IBGE em 1º de julho,"CAUSABAS X85-X99, Y00-Y09, Y35 ou Y36; todas as idades; residência",final
41033,União da Vitória,PR,Sul,2015,21,122798.0,17.10125572077721,39.96415770609319,estimativa IBGE em 1º de julho,"CAUSABAS X85-X99, Y00-Y09, Y35 ou Y36; todas as idades; residência",final
41034,São Mateus do Sul,PR,Sul,2015,9,66872.0,13.458547673166647,28.136200716845877,estimativa IBGE em 1º de julho,"CAUSABAS X85-X99, Y00-Y09, Y35 ou Y36; todas as idades; residência",final
41035,Cerro Azul,PR,Sul,2015,12,29896.0,40.13914905004014,82.97491039426524,estimativa IBGE em 1º de julho,"CAUSABAS X85-X99, Y00-Y09, Y35 ou Y36; todas as idades; residência",final
41036,Lapa,PR,Sul,2015,13,52339.0,24.83807485813638,58.24372759856631,estimativa IBGE em 1º de julho,"CAUSABAS X85-X99, Y00-Y09, Y35 ou Y36; todas as idades; residência",final
41037,Curitiba,PR,Sul,2015,1227,3328666.0,36.8616136314067,78.13620071684588,estimativa IBGE em 1º de julho,"CAUSABAS X85-X99, Y00-Y09, Y35 ou Y36; todas as idades; residência",final
41038,Paranaguá,PR,Sul,2015,95,286602.0,33.1470122329921,73.29749103942652,estimativa IBGE em 1º de julho,"CAUSABAS X85-X99, Y00-Y09, Y35 ou Y36; todas as idades; residência",final
41039,Rio Negro,PR,Sul,2015,8,96671.0,8.275491098674888,12.007168458781361,estimativa IBGE em 1º de julho,"CAUSABAS X85-X99, Y00-Y09, Y35 ou Y36; todas as idades; residência",final
42001,São Miguel do Oeste,SC,Sul,2015,19,179344.0,10.59416540280132,19.71326164874552,estimativa IBGE em 1º de julho,"CAUSABAS X85-X99, Y00-Y09, Y35 ou Y36; todas as idades; residência",final
42002,Chapecó,SC,Sul,2015,77,434575.0,17.71846056491975,41.39784946236559,estimativa IBGE em 1º de julho,"CAUSABAS X85-X99, Y00-Y09, Y35 ou Y36; todas as idades; residência",final
42003,Xanxerê,SC,Sul,2015,25,160219.0,15.60364251430854,35.66308243727599,estimativa IBGE em 1º de julho,"CAUSABAS X85-X99, Y00-Y09, Y35 ou Y36; todas as idades; residência",final
42004,Joaçaba,SC,Sul,2015,30,343980.0,8.721437292865865,12.724014336917563,estimativa IBGE em 1º de julho,"CAUSABAS X85-X99, Y00-Y09, Y35 ou Y36; todas as idades; residência",final
42005,Concórdia,SC,Sul,2015,14,146436.0,9.56049058974569,16.666666666666668,estimativa IBGE em 1º de julho,"CAUSABAS X85-X99, Y00-Y09, Y35 ou Y36; todas as idades; residência",final
42006,Canoinhas,SC,Sul,2015,25,253491.0,9.862283079083676,17.38351254480287,estimativa IBGE em 1º de julho,"CAUSABAS X85-X99, Y00-Y09, Y35 ou Y36; todas as idades; residência",final
42007,São Bento do Sul,SC,Sul,2015,14,134530.0,10.406600758195198,18.996415770609318,estimativa IBGE em 1º de julho,"CAUSABAS X85-X99, Y00-Y09, Y35 ou Y36; todas as idades; residência",final
42008,Joinville,SC,Sul,2015,181,942558.0,19.203062304919168,44.982078853046595,estimativa IBGE em 1º de julho,"CAUSABAS X85-X99, Y00-Y09, Y35 ou Y36; todas as idades; residência",final
42009,Curitibanos,SC,Sul,2015,16,127447.0,12.554238232363257,25.448028673835125,estimativa IBGE em 1º de julho,"CAUSABAS X85-X99, Y00-Y09, Y35 ou Y36; todas as idades; residência",final
42010,Campos de Lages,SC,Sul,2015,42,288088.0,14.578878675960123,31.72043010752688,estimativa IBGE em 1º de julho,"CAUSABAS X85-X99, Y00-Y09, Y35 ou Y36; todas as idades; residência",final
42011,Rio do Sul,SC,Sul,2015,8,219944.0,3.637289491870658,1.4336917562724014,estimativa IBGE em 1º de julho,"CAUSABAS X85-X99, Y00-Y09, Y35 ou Y36; todas as idades; residência",final
42012,Blumenau,SC,Sul,2015,50,756836.0,6.606451067338234,6.989247311827957,estimativa IBGE em 1º de julho,"CAUSABAS X85-X99, Y00-Y09, Y35 ou Y36; todas as idades; residência",final
42013,Itajaí,SC,Sul,2015,145,667998.0,21.706651816322804,51.61290322580645,estimativa IBGE em 1º de julho,"CAUSABAS X85-X99, Y00-Y09, Y35 ou Y36; todas as idades; residência",final
42014,Ituporanga,SC,Sul,2015,9,59013.0,15.250876925423212,34.229390681003586,estimativa IBGE em 1º de julho,"CAUSABAS X85-X99, Y00-Y09, Y35 ou Y36; todas as idades; residência",final
42015,Tijucas,SC,Sul,2015,15,105033.0,14.281225900431293,31.003584229390682,estimativa IBGE em 1º de julho,"CAUSABAS X85-X99, Y00-Y09, Y35 ou Y36; todas as idades; residência",final
42016,Florianópolis,SC,Sul,2015,130,980878.0,13.253432129174067,27.59856630824373,estimativa IBGE em 1º de julho,"CAUSABAS X85-X99, Y00-Y09, Y35 ou Y36; todas as idades; residência",final
42017,Tabuleiro,SC,Sul,2015,2,25009.0,7.997121036426886,10.931899641577061,estimativa IBGE em 1º de julho,"CAUSABAS X85-X99, Y00-Y09, Y35 ou Y36; todas as idades; residência",final
42018,Tubarão,SC,Sul,2015,38,400714.0,9.483072715203361,16.487455197132615,estimativa IBGE em 1º de julho,"CAUSABAS X85-X99, Y00-Y09, Y35 ou Y36; todas as idades; residência",final
42019,Criciúma,SC,Sul,2015,93,398519.0,23.33640303222682,55.55555555555556,estimativa IBGE em 1º de julho,"CAUSABAS X85-X99, Y00-Y09, Y35 ou Y36; todas as idades; residência",final
42020,Araranguá,SC,Sul,2015,21,194578.0,10.792587034505443,19.892473118279568,estimativa IBGE em 1º de julho,"CAUSABAS X85-X99, Y00-Y09, Y35 ou Y36; todas as idades; residência",final
43001,Santa Rosa,RS,Sul,2015,9,161826.0,5.56152904972007,4.121863799283154,estimativa IBGE em 1º de julho,"CAUSABAS X85-X99, Y00-Y09, Y35 ou Y36; todas as idades; residência",final
43002,Três Passos,RS,Sul,2015,15,147030.0,10.201999591920016,18.27956989247312,estimativa IBGE em 1º de julho,"CAUSABAS X85-X99, Y00-Y09, Y35 ou Y36; todas as idades; residência",final
43003,Frederico Westphalen,RS,Sul,2015,24,178001.0,13.483070319829665,28.49462365591398,estimativa IBGE em 1º de julho,"CAUSABAS X85-X99, Y00-Y09, Y35 ou Y36; todas as idades; residência",final
43004,Erechim,RS,Sul,2015,35,219107.0,15.973930545349988,36.91756272401434,estimativa IBGE em 1º de julho,"CAUSABAS X85-X99, Y00-Y09, Y35 ou Y36; todas as idades; residência",final
43005,Sananduva,RS,Sul,2015,8,62314.0,12.838206502551593,27.060931899641577,estimativa IBGE em 1º de julho,"CAUSABAS X85-X99, Y00-Y09, Y35 ou Y36; todas as idades; residência",final
43006,Cerro Largo,RS,Sul,2015,5,67331.0,7.4259999108880015,9.13978494623656,estimativa IBGE em 1º de julho,"CAUSABAS X85-X99, Y00-Y09, Y35 ou Y36; todas as idades; residência",final
43007,Santo Ângelo,RS,Sul,2015,34,200685.0,16.941973739940703,39.60573476702509,estimativa IBGE em 1º de julho,"CAUSABAS X85-X99, Y00-Y09, Y35 ou Y36; todas as idades; residência",final
43008,Ijuí,RS,Sul,2015,11,192056.0,5.7274961469571375,4.480286738351254,estimativa IBGE em 1º de julho,"CAUSABAS X85-X99, Y00-Y09, Y35 ou Y36; todas as idades; residência",final
43009,Carazinho,RS,Sul,2015,32,166225.0,19.251015190254172,45.16129032258065,estimativa IBGE em 1º de julho,"CAUSABAS X85-X99, Y00-Y09, Y35 ou Y36; todas as idades; residência",final
43010,Passo Fundo,RS,Sul,2015,73,348452.0,20.949800833400296,48.924731182795696,estimativa IBGE em 1º de julho,"CAUSABAS X85-X99, Y00-Y09, Y35 ou Y36; todas as idades; residência",final
43011,Cruz Alta,RS,Sul,2015,32,154101.0,20.765601780650353,48.5663082437276,estimativa IBGE em 1º de julho,"CAUSABAS X85-X99, Y00-Y09, Y35 ou Y36; todas as idades; residência",final
43012,Não-Me-Toque,RS,Sul,2015,6,44087.0,13.609454034069,28.85304659498208,estimativa IBGE em 1º de julho,"CAUSABAS X85-X99, Y00-Y09, Y35 ou Y36; todas as idades; residência",final
43013,Soledade,RS,Sul,2015,9,74005.0,12.161340449969597,24.014336917562723,estimativa IBGE em 1º de julho,"CAUSABAS X85-X99, Y00-Y09, Y35 ou Y36; todas as idades; residência",final
43014,Guaporé,RS,Sul,2015,10,135566.0,7.376480828526327,8.960573476702509,estimativa IBGE em 1º de julho,"CAUSABAS X85-X99, Y00-Y09, Y35 ou Y36; todas as idades; residência",final
43015,Vacaria,RS,Sul,2015,24,164313.0,14.606269741286447,31.899641577060933,estimativa IBGE em 1º de julho,"CAUSABAS X85-X99, Y00-Y09, Y35 ou Y36; todas as idades; residência",final
43016,Caxias do Sul,RS,Sul,2015,170,833878.0,20.386675269044154,48.028673835125446,estimativa IBGE em 1º de julho,"CAUSABAS X85-X99, Y00-Y09, Y35 ou Y36; todas as idades; residência",final
43017,Santiago,RS,Sul,2015,14,114658.0,12.210225191438887,24.193548387096776,estimativa IBGE em 1º de julho,"CAUSABAS X85-X99, Y00-Y09, Y35 ou Y36; todas as idades; residência",final
43018,Santa Maria,RS,Sul,2015,67,380721.0,17.598188699861577,41.21863799283154,estimativa IBGE em 1º de julho,"CAUSABAS X85-X99, Y00-Y09, Y35 ou Y36; todas as idades; residência",final
43019,Restinga Seca,RS,Sul,2015,0,64652.0,0.0,0.26881720430107525,estimativa IBGE em 1º de julho,"CAUSABAS X85-X99, Y00-Y09, Y35 ou Y36; todas as idades; residência",final
43020,Santa Cruz do Sul,RS,Sul,2015,61,338870.0,18.001003334612093,41.935483870967744,estimativa IBGE em 1º de julho,"CAUSABAS X85-X99, Y00-Y09, Y35 ou Y36; todas as idades; residência",final
43021,Lajeado-Estrela,RS,Sul,2015,57,325652.0,17.503347131293527,40.86021505376344,estimativa IBGE em 1º de julho,"CAUSABAS X85-X99, Y00-Y09, Y35 ou Y36; todas as idades; residência",final
43022,Cachoeira do Sul,RS,Sul,2015,17,157353.0,10.80373427897784,20.07168458781362,estimativa IBGE em 1º de julho,"CAUSABAS X85-X99, Y00-Y09, Y35 ou Y36; todas as idades; residência",final
43023,Montenegro,RS,Sul,2015,37,217731.0,16.993446041215996,39.784946236559136,estimativa IBGE em 1º de julho,"CAUSABAS X85-X99, Y00-Y09, Y35 ou Y36; todas as idades; residência",final
43024,Gramado-Canela,RS,Sul,2015,38,318909.0,11.915624833416429,23.118279569892472,estimativa IBGE em 1º de julho,"CAUSABAS X85-X99, Y00-Y09, Y35 ou Y36; todas as idades; residência",final
43025,São Jerônimo,RS,Sul,2015,28,152570.0,18.352231762469685,42.831541218637994,estimativa IBGE em 1º de julho,"CAUSABAS X85-X99, Y00-Y09, Y35 ou Y36; todas as idades; residência",final
43026,Porto Alegre,RS,Sul,2015,1707,3825590.0,44.62056833063658,88.35125448028674,estimativa IBGE em 1º de julho,"CAUSABAS X85-X99, Y00-Y09, Y35 ou Y36; todas as idades; residência",final
43027,Osório,RS,Sul,2015,105,370810.0,28.316388446913514,65.41218637992831,estimativa IBGE em 1º de julho,"CAUSABAS X85-X99, Y00-Y09, Y35 ou Y36; todas as idades; residência",final
43028,Camaquã,RS,Sul,2015,23,137392.0,16.740421567485733,38.70967741935484,estimativa IBGE em 1º de julho,"CAUSABAS X85-X99, Y00-Y09, Y35 ou Y36; todas as idades; residência",final
43029,Campanha Ocidental,RS,Sul,2015,49,372906.0,13.140040653676797,27.419354838709676,estimativa IBGE em 1º de julho,"CAUSABAS X85-X99, Y00-Y09, Y35 ou Y36; todas as idades; residência",final
43030,Campanha Central,RS,Sul,2015,22,189021.0,11.63891842705308,22.580645161290324,estimativa IBGE em 1º de julho,"CAUSABAS X85-X99, Y00-Y09, Y35 ou Y36; todas as idades; residência",final
43031,Campanha Meridional,RS,Sul,2015,17,180648.0,9.410566405385058,16.129032258064516,estimativa IBGE em 1º de julho,"CAUSABAS X85-X99, Y00-Y09, Y35 ou Y36; todas as idades; residência",final
43032,Serras de Sudeste,RS,Sul,2015,17,120790.0,14.074012749399785,30.28673835125448,estimativa IBGE em 1º de julho,"CAUSABAS X85-X99, Y00-Y09, Y35 ou Y36; todas as idades; residência",final
43033,Pelotas,RS,Sul,2015,127,503847.0,25.206064539433598,59.318996415770606,estimativa IBGE em 1º de julho,"CAUSABAS X85-X99, Y00-Y09, Y35 ou Y36; todas as idades; residência",final
43034,Jaguarão,RS,Sul,2015,2,54234.0,3.6877235682413247,1.6129032258064515,estimativa IBGE em 1º de julho,"CAUSABAS X85-X99, Y00-Y09, Y35 ou Y36; todas as idades; residência",final
43035,Litoral Lagunar,RS,Sul,2015,59,272641.0,21.640178843240744,51.4336917562724,estimativa IBGE em 1º de julho,"CAUSABAS X85-X99, Y00-Y09, Y35 ou Y36; todas as idades; residência",final
50001,Baixo Pantanal,MS,Centro-Oeste,2015,42,147030.0,28.565598857376045,65.77060931899642,estimativa IBGE em 1º de julho,"CAUSABAS X85-X99, Y00-Y09, Y35 ou Y36; todas as idades; residência",final
50002,Aquidauana,MS,Centro-Oeste,2015,18,109979.0,16.36676092708608,37.634408602150536,estimativa IBGE em 1º de julho,"CAUSABAS X85-X99, Y00-Y09, Y35 ou Y36; todas as idades; residência",final
50003,Alto Taquari,MS,Centro-Oeste,2015,24,124641.0,19.25530122511854,45.340501792114694,estimativa IBGE em 1º de julho,"CAUSABAS X85-X99, Y00-Y09, Y35 ou Y36; todas as idades; residência",final
50004,Campo Grande,MS,Centro-Oeste,2015,201,954197.0,21.064832524101416,49.2831541218638,estimativa IBGE em 1º de julho,"CAUSABAS X85-X99, Y00-Y09, Y35 ou Y36; todas as idades; residência",final
50005,Cassilândia,MS,Centro-Oeste,2015,10,68900.0,14.513788098693759,31.36200716845878,estimativa IBGE em 1º de julho,"CAUSABAS X85-X99, Y00-Y09, Y35 ou Y36; todas as idades; residência",final
50006,Paranaíba,MS,Centro-Oeste,2015,19,80028.0,23.741690408357076,56.45161290322581,estimativa IBGE em 1º de julho,"CAUSABAS X85-X99, Y00-Y09, Y35 ou Y36; todas as idades; residência",final
50007,Três Lagoas,MS,Centro-Oeste,2015,35,170796.0,20.492283191643832,48.2078853046595,estimativa IBGE em 1º de julho,"CAUSABAS X85-X99, Y00-Y09, Y35 ou Y36; todas as idades; residência",final
50008,Nova Andradina,MS,Centro-Oeste,2015,6,96290.0,6.231176653858137,5.734767025089606,estimativa IBGE em 1º de julho,"CAUSABAS X85-X99, Y00-Y09, Y35 ou Y36; todas as idades; residência",final
50009,Bodoquena,MS,Centro-Oeste,2015,28,108738.0,25.749967812540234,60.93189964157706,estimativa IBGE em 1º de julho,"CAUSABAS X85-X99, Y00-Y09, Y35 ou Y36; todas as idades; residência",final
50010,Dourados,MS,Centro-Oeste,2015,179,550484.0,32.51683972649523,72.40143369175627,estimativa IBGE em 1º de julho,"CAUSABAS X85-X99, Y00-Y09, Y35 ou Y36; todas as idades; residência",final
50011,Iguatemi,MS,Centro-Oeste,2015,72,240152.0,29.981012025717046,68.63799283154121,estimativa IBGE em 1º de julho,"CAUSABAS X85-X99, Y00-Y09, Y35 ou Y36; todas as idades; residência",final
51001,Aripuanã,MT,Centro-Oeste,2015,51,155581.0,32.78035235665023,72.75985663082437,estimativa IBGE em 1º de julho,"CAUSABAS X85-X99, Y00-Y09, Y35 ou Y36; todas as idades; residência",final
51002,Alta Floresta,MT,Centro-Oeste,2015,48,102968.0,46.6164245202393,89.78494623655914,estimativa IBGE em 1º de julho,"CAUSABAS X85-X99, Y00-Y09, Y35 ou Y36; todas as idades; residência",final
51003,Colíder,MT,Centro-Oeste,2015,57,149561.0,38.11153977306918,80.46594982078852,estimativa IBGE em 1º de julho,"CAUSABAS X85-X99, Y00-Y09, Y35 ou Y36; todas as idades; residência",final
51004,Parecis,MT,Centro-Oeste,2015,40,101405.0,39.445786696908435,82.43727598566308,estimativa IBGE em 1º de julho,"CAUSABAS X85-X99, Y00-Y09, Y35 ou Y36; todas as idades; residência",final
51005,Arinos,MT,Centro-Oeste,2015,28,79094.0,35.40091536652591,76.34408602150538,estimativa IBGE em 1º de julho,"CAUSABAS X85-X99, Y00-Y09, Y35 ou Y36; todas as idades; residência",final
51006,Alto Teles Pires,MT,Centro-Oeste,2015,74,231128.0,32.01689107334464,72.04301075268818,estimativa IBGE em 1º de julho,"CAUSABAS X85-X99, Y00-Y09, Y35 ou Y36; todas as idades; residência",final
51007,Sinop,MT,Centro-Oeste,2015,68,191263.0,35.553138871606116,76.52329749103943,estimativa IBGE em 1º de julho,"CAUSABAS X85-X99, Y00-Y09, Y35 ou Y36; todas as idades; residência",final
51008,Paranatinga,MT,Centro-Oeste,2015,13,34726.0,37.43592697114554,79.21146953405018,estimativa IBGE em 1º de julho,"CAUSABAS X85-X99, Y00-Y09, Y35 ou Y36; todas as idades; residência",final
51009,Norte Araguaia,MT,Centro-Oeste,2015,29,123004.0,23.576469057916817,56.09318996415771,estimativa IBGE em 1º de julho,"CAUSABAS X85-X99, Y00-Y09, Y35 ou Y36; todas as idades; residência",final
51010,Canarana,MT,Centro-Oeste,2015,25,108272.0,23.08999556672085,54.48028673835125,estimativa IBGE em 1º de julho,"CAUSABAS X85-X99, Y00-Y09, Y35 ou Y36; todas as idades; residência",final
51011,Médio Araguaia,MT,Centro-Oeste,2015,10,67011.0,14.922923102177254,33.333333333333336,estimativa IBGE em 1º de julho,"CAUSABAS X85-X99, Y00-Y09, Y35 ou Y36; todas as idades; residência",final
51012,Alto Guaporé,MT,Centro-Oeste,2015,16,71338.0,22.428439260982927,52.5089605734767,estimativa IBGE em 1º de julho,"CAUSABAS X85-X99, Y00-Y09, Y35 ou Y36; todas as idades; residência",final
51013,Tangará da Serra,MT,Centro-Oeste,2015,45,159087.0,28.286409323200512,65.23297491039426,estimativa IBGE em 1º de julho,"CAUSABAS X85-X99, Y00-Y09, Y35 ou Y36; todas as idades; residência",final
51014,Jauru,MT,Centro-Oeste,2015,23,107801.0,21.33560913164071,50.53763440860215,estimativa IBGE em 1º de julho,"CAUSABAS X85-X99, Y00-Y09, Y35 ou Y36; todas as idades; residência",final
51015,Alto Paraguai,MT,Centro-Oeste,2015,14,32596.0,42.95005522149957,87.09677419354838,estimativa IBGE em 1º de julho,"CAUSABAS X85-X99, Y00-Y09, Y35 ou Y36; todas as idades; residência",final
51016,Rosário Oeste,MT,Centro-Oeste,2015,12,30448.0,39.41145559642669,82.25806451612904,estimativa IBGE em 1º de julho,"CAUSABAS X85-X99, Y00-Y09, Y35 ou Y36; todas as idades; residência",final
51017,Cuiabá,MT,Centro-Oeste,2015,414,898432.0,46.08028209146602,89.06810035842294,estimativa IBGE em 1º de julho,"CAUSABAS X85-X99, Y00-Y09, Y35 ou Y36; todas as idades; residência",final
51018,Alto Pantanal,MT,Centro-Oeste,2015,40,135181.0,29.589957168536998,67.56272401433692,estimativa IBGE em 1º de julho,"CAUSABAS X85-X99, Y00-Y09, Y35 ou Y36; todas as idades; residência",final
51019,Primavera do Leste,MT,Centro-Oeste,2015,38,95412.0,39.827275395128495,82.61648745519713,estimativa IBGE em 1º de julho,"CAUSABAS X85-X99, Y00-Y09, Y35 ou Y36; todas as idades; residência",final
51020,Tesouro,MT,Centro-Oeste,2015,16,54493.0,29.361569375883143,67.20430107526882,estimativa IBGE em 1º de julho,"CAUSABAS X85-X99, Y00-Y09, Y35 ou Y36; todas as idades; residência",final
51021,Rondonópolis,MT,Centro-Oeste,2015,126,298273.0,42.243179905656895,86.55913978494624,estimativa IBGE em 1º de julho,"CAUSABAS X85-X99, Y00-Y09, Y35 ou Y36; todas as idades; residência",final
51022,Alto Araguaia,MT,Centro-Oeste,2015,11,38412.0,28.6368843069874,65.94982078853046,estimativa IBGE em 1º de julho,"CAUSABAS X85-X99, Y00-Y09, Y35 ou Y36; todas as idades; residência",final
52001,São Miguel do Araguaia,GO,Centro-Oeste,2015,27,80013.0,33.74451651606614,74.19354838709677,estimativa IBGE em 1º de julho,"CAUSABAS X85-X99, Y00-Y09, Y35 ou Y36; todas as idades; residência",final
52002,Rio Vermelho,GO,Centro-Oeste,2015,28,89595.0,31.25174395892628,71.50537634408602,estimativa IBGE em 1º de julho,"CAUSABAS X85-X99, Y00-Y09, Y35 ou Y36; todas as idades; residência",final
52003,Aragarças,GO,Centro-Oeste,2015,18,57851.0,31.114414616860557,71.32616487455198,estimativa IBGE em 1º de julho,"CAUSABAS X85-X99, Y00-Y09, Y35 ou Y36; todas as idades; residência",final
52004,Porangatu,GO,Centro-Oeste,2015,65,240420.0,27.03602029781216,62.54480286738351,estimativa IBGE em 1º de julho,"CAUSABAS X85-X99, Y00-Y09, Y35 ou Y36; todas as idades; residência",final
52005,Chapada dos Veadeiros,GO,Centro-Oeste,2015,23,67406.0,34.12159154971368,74.55197132616487,estimativa IBGE em 1º de julho,"CAUSABAS X85-X99, Y00-Y09, Y35 ou Y36; todas as idades; residência",final
52006,Ceres,GO,Centro-Oeste,2015,57,246135.0,23.158023036138704,54.83870967741935,estimativa IBGE em 1º de julho,"CAUSABAS X85-X99, Y00-Y09, Y35 ou Y36; todas as idades; residência",final
52007,Anápolis,GO,Centro-Oeste,2015,218,588405.0,37.04931127369754,79.03225806451613,estimativa IBGE em 1º de julho,"CAUSABAS X85-X99, Y00-Y09, Y35 ou Y36; todas as idades; residência",final
52008,Iporá,GO,Centro-Oeste,2015,12,59444.0,20.187066819191173,47.4910394265233,estimativa IBGE em 1º de julho,"CAUSABAS X85-X99, Y00-Y09, Y35 ou Y36; todas as idades; residência",final
52009,Anicuns,GO,Centro-Oeste,2015,11,116043.0,9.479244762717268,16.308243727598565,estimativa IBGE em 1º de julho,"CAUSABAS X85-X99, Y00-Y09, Y35 ou Y36; todas as idades; residência",final
52010,Goiânia,GO,Centro-Oeste,2015,1234,2360847.0,52.26937620269336,93.72759856630825,estimativa IBGE em 1º de julho,"CAUSABAS X85-X99, Y00-Y09, Y35 ou Y36; todas as idades; residência",final
52011,Vão do Paranã,GO,Centro-Oeste,2015,30,117066.0,25.626569627389678,60.75268817204301,estimativa IBGE em 1º de julho,"CAUSABAS X85-X99, Y00-Y09, Y35 ou Y36; todas as idades; residência",final
52012,Entorno de Brasília,GO,Centro-Oeste,2015,742,1185247.0,62.60298486307074,97.1326164874552,estimativa IBGE em 1º de julho,"CAUSABAS X85-X99, Y00-Y09, Y35 ou Y36; todas as idades; residência",final
52013,Sudoeste de Goiás,GO,Centro-Oeste,2015,163,503397.0,32.38001021062899,72.22222222222223,estimativa IBGE em 1º de julho,"CAUSABAS X85-X99, Y00-Y09, Y35 ou Y36; todas as idades; residência",final
52014,Vale do Rio dos Bois,GO,Centro-Oeste,2015,42,122130.0,34.38958486858266,75.26881720430107,estimativa IBGE em 1º de julho,"CAUSABAS X85-X99, Y00-Y09, Y35 ou Y36; todas as idades; residência",final
52015,Meia Ponte,GO,Centro-Oeste,2015,135,392108.0,34.429289889520234,75.44802867383513,estimativa IBGE em 1º de julho,"CAUSABAS X85-X99, Y00-Y09, Y35 ou Y36; todas as idades; residência",final
52016,Pires do Rio,GO,Centro-Oeste,2015,15,98984.0,15.153964277054877,34.05017921146953,estimativa IBGE em 1º de julho,"CAUSABAS X85-X99, Y00-Y09, Y35 ou Y36; todas as idades; residência",final
52017,Catalão,GO,Centro-Oeste,2015,59,164075.0,35.95916501599878,77.06093189964157,estimativa IBGE em 1º de julho,"CAUSABAS X85-X99, Y00-Y09, Y35 ou Y36; todas as idades; residência",final
52018,Quirinópolis,GO,Centro-Oeste,2015,59,121515.0,48.553676500843515,91.39784946236558,estimativa IBGE em 1º de julho,"CAUSABAS X85-X99, Y00-Y09, Y35 ou Y36; todas as idades; residência",final
53001,Brasília,DF,Centro-Oeste,2015,742,2914830.0,25.456030025764797,59.67741935483871,estimativa IBGE em 1º de julho,"CAUSABAS X85-X99, Y00-Y09, Y35 ou Y36; todas as idades; residência",final
11001,Porto Velho,RO,Norte,2016,300,648872.0,46.23408006509759,86.20071684587813,estimativa IBGE em 1º de julho,"CAUSABAS X85-X99, Y00-Y09, Y35 ou Y36; todas as idades; residência",final
11002,Guajará-Mirim,RO,Norte,2016,20,83432.0,23.97161760475597,53.225806451612904,estimativa IBGE em 1º de julho,"CAUSABAS X85-X99, Y00-Y09, Y35 ou Y36; todas as idades; residência",final
11003,Ariquemes,RO,Norte,2016,100,201599.0,49.60342065188816,89.78494623655914,estimativa IBGE em 1º de julho,"CAUSABAS X85-X99, Y00-Y09, Y35 ou Y36; todas as idades; residência",final
11004,Ji-Paraná,RO,Norte,2016,99,317230.0,31.207641143649717,68.45878136200717,estimativa IBGE em 1º de julho,"CAUSABAS X85-X99, Y00-Y09, Y35 ou Y36; todas as idades; residência",final
11005,Alvorada D'Oeste,RO,Norte,2016,19,75248.0,25.249840527322984,57.34767025089606,estimativa IBGE em 1º de julho,"CAUSABAS X85-X99, Y00-Y09, Y35 ou Y36; todas as idades; residência",final
11006,Cacoal,RO,Norte,2016,54,249644.0,21.63080226242169,46.774193548387096,estimativa IBGE em 1º de julho,"CAUSABAS X85-X99, Y00-Y09, Y35 ou Y36; todas as idades; residência",final
11007,Vilhena,RO,Norte,2016,83,157201.0,52.79864631904377,91.93548387096774,estimativa IBGE em 1º de julho,"CAUSABAS X85-X99, Y00-Y09, Y35 ou Y36; todas as idades; residência",final
11008,Colorado do Oeste,RO,Norte,2016,14,54053.0,25.900505059848665,58.78136200716846,estimativa IBGE em 1º de julho,"CAUSABAS X85-X99, Y00-Y09, Y35 ou Y36; todas as idades; residência",final
12001,Cruzeiro do Sul,AC,Norte,2016,28,145544.0,19.23816852635629,40.86021505376344,estimativa IBGE em 1º de julho,"CAUSABAS X85-X99, Y00-Y09, Y35 ou Y36; todas as idades; residência",final
12002,Tarauacá,AC,Norte,2016,24,79484.0,30.19475617734387,67.20430107526882,estimativa IBGE em 1º de julho,"CAUSABAS X85-X99, Y00-Y09, Y35 ou Y36; todas as idades; residência",final
12003,Sena Madureira,AC,Norte,2016,9,57237.0,15.724094554221919,30.46594982078853,estimativa IBGE em 1º de julho,"CAUSABAS X85-X99, Y00-Y09, Y35 ou Y36; todas as idades; residência",final
12004,Rio Branco,AC,Norte,2016,279,468316.0,59.57515865355871,95.16129032258064,estimativa IBGE em 1º de julho,"CAUSABAS X85-X99, Y00-Y09, Y35 ou Y36; todas as idades; residência",final
12005,Brasiléia,AC,Norte,2016,23,66106.0,34.79260581490334,74.37275985663082,estimativa IBGE em 1º de julho,"CAUSABAS X85-X99, Y00-Y09, Y35 ou Y36; todas as idades; residência",final
13001,Rio Negro,AM,Norte,2016,32,112645.0,28.407829908118426,62.903225806451616,estimativa IBGE em 1º de julho,"CAUSABAS X85-X99, Y00-Y09, Y35 ou Y36; todas as idades; residência",final
13002,Japurá,AM,Norte,2016,1,23137.0,4.322081514457363,1.2544802867383513,estimativa IBGE em 1º de julho,"CAUSABAS X85-X99, Y00-Y09, Y35 ou Y36; todas as idades; residência",final
13003,Alto Solimões,AM,Norte,2016,39,248118.0,15.718327569946558,30.28673835125448,estimativa IBGE em 1º de julho,"CAUSABAS X85-X99, Y00-Y09, Y35 ou Y36; todas as idades; residência",final
13004,Juruá,AM,Norte,2016,34,147121.0,23.110228995180837,50.17921146953405,estimativa IBGE em 1º de julho,"CAUSABAS X85-X99, Y00-Y09, Y35 ou Y36; todas as idades; residência",final
13005,Tefé,AM,Norte,2016,15,91235.0,16.44105880418699,32.795698924731184,estimativa IBGE em 1º de julho,"CAUSABAS X85-X99, Y00-Y09, Y35 ou Y36; todas as idades; residência",final
13006,Coari,AM,Norte,2016,58,174835.0,33.174135613578514,70.60931899641577,estimativa IBGE em 1º de julho,"CAUSABAS X85-X99, Y00-Y09, Y35 ou Y36; todas as idades; residência",final
13007,Manaus,AM,Norte,2016,1087,2369017.0,45.88401011896495,85.66308243727599,estimativa IBGE em 1º de julho,"CAUSABAS X85-X99, Y00-Y09, Y35 ou Y36; todas as idades; residência",final
13008,Rio Preto da Eva,AM,Norte,2016,25,64977.0,38.4751527463564,80.28673835125448,estimativa IBGE em 1º de julho,"CAUSABAS X85-X99, Y00-Y09, Y35 ou Y36; todas as idades; residência",final
13009,Itacoatiara,AM,Norte,2016,37,174140.0,21.247272309635925,45.878136200716845,estimativa IBGE em 1º de julho,"CAUSABAS X85-X99, Y00-Y09, Y35 ou Y36; todas as idades; residência",final
13010,Parintins,AM,Norte,2016,58,273814.0,21.182262411710138,45.69892473118279,estimativa IBGE em 1º de julho,"CAUSABAS X85-X99, Y00-Y09, Y35 ou Y36; todas as idades; residência",final
13011,Boca do Acre,AM,Norte,2016,14,53328.0,26.25262526252625,59.49820788530466,estimativa IBGE em 1º de julho,"CAUSABAS X85-X99, Y00-Y09, Y35 ou Y36; todas as idades; residência",final
13012,Purus,AM,Norte,2016,10,77422.0,12.916225362300121,23.476702508960575,estimativa IBGE em 1º de julho,"CAUSABAS X85-X99, Y00-Y09, Y35 ou Y36; todas as idades; residência",final
13013,Madeira,AM,Norte,2016,37,191878.0,19.283086127643607,41.21863799283154,estimativa IBGE em 1º de julho,"CAUSABAS X85-X99, Y00-Y09, Y35 ou Y36; todas as idades; residência",final
14001,Boa Vista,RR,Norte,2016,140,365901.0,38.26171560066794,79.92831541218638,estimativa IBGE em 1º de julho,"CAUSABAS X85-X99, Y00-Y09, Y35 ou Y36; todas as idades; residência",final
14002,Nordeste de Roraima,RR,Norte,2016,14,48362.0,28.94834787643191,63.62007168458781,estimativa IBGE em 1º de julho,"CAUSABAS X85-X99, Y00-Y09, Y35 ou Y36; todas as idades; residência",final
14003,Caracaraí,RR,Norte,2016,34,47747.0,71.20866232433451,98.38709677419355,estimativa IBGE em 1º de julho,"CAUSABAS X85-X99, Y00-Y09, Y35 ou Y36; todas as idades; residência",final
14004,Sudeste de Roraima,RR,Norte,2016,16,52219.0,30.640188437158887,67.74193548387096,estimativa IBGE em 1º de julho,"CAUSABAS X85-X99, Y00-Y09, Y35 ou Y36; todas as idades; residência",final
15001,Óbidos,PA,Norte,2016,28,201119.0,13.922105817948578,25.985663082437277,estimativa IBGE em 1º de julho,"CAUSABAS X85-X99, Y00-Y09, Y35 ou Y36; todas as idades; residência",final
15002,Santarém,PA,Norte,2016,108,510742.0,21.14570565960896,45.340501792114694,estimativa IBGE em 1º de julho,"CAUSABAS X85-X99, Y00-Y09, Y35 ou Y36; todas as idades; residência",final
15003,Almeirim,PA,Norte,2016,10,72528.0,13.787778513125966,25.627240143369175,estimativa IBGE em 1º de julho,"CAUSABAS X85-X99, Y00-Y09, Y35 ou Y36; todas as idades; residência",final
15004,Portel,PA,Norte,2016,20,147088.0,13.597302295224628,24.910394265232974,estimativa IBGE em 1º de julho,"CAUSABAS X85-X99, Y00-Y09, Y35 ou Y36; todas as idades; residência",final
15005,Furos de Breves,PA,Norte,2016,40,223291.0,17.91384337031049,37.992831541218635,estimativa IBGE em 1º de julho,"CAUSABAS X85-X99, Y00-Y09, Y35 ou Y36; todas as idades; residência",final
15006,Arari,PA,Norte,2016,16,170786.0,9.368449404517934,13.261648745519713,estimativa IBGE em 1º de julho,"CAUSABAS X85-X99, Y00-Y09, Y35 ou Y36; todas as idades; residência",final
15007,Belém,PA,Norte,2016,1760,2280761.0,77.16722620213166,98.9247311827957,estimativa IBGE em 1º de julho,"CAUSABAS X85-X99, Y00-Y09, Y35 ou Y36; todas as idades; residência",final
15008,Castanhal,PA,Norte,2016,233,329626.0,70.68617160054121,97.84946236559139,estimativa IBGE em 1º de julho,"CAUSABAS X85-X99, Y00-Y09, Y35 ou Y36; todas as idades; residência",final
15009,Salgado,PA,Norte,2016,105,262427.0,40.01112690386279,81.89964157706093,estimativa IBGE em 1º de julho,"CAUSABAS X85-X99, Y00-Y09, Y35 ou Y36; todas as idades; residência",final
15010,Bragantina,PA,Norte,2016,113,409039.0,27.625727620104684,61.111111111111114,estimativa IBGE em 1º de julho,"CAUSABAS X85-X99, Y00-Y09, Y35 ou Y36; todas as idades; residência",final
15011,Cametá,PA,Norte,2016,159,478943.0,33.19810499370489,70.78853046594982,estimativa IBGE em 1º de julho,"CAUSABAS X85-X99, Y00-Y09, Y35 ou Y36; todas as idades; residência",final
15012,Tomé-Açu,PA,Norte,2016,176,325988.0,53.989717412910906,92.65232974910394,estimativa IBGE em 1º de julho,"CAUSABAS X85-X99, Y00-Y09, Y35 ou Y36; todas as idades; residência",final
15013,Guamá,PA,Norte,2016,162,465819.0,34.77745647987738,74.19354838709677,estimativa IBGE em 1º de julho,"CAUSABAS X85-X99, Y00-Y09, Y35 ou Y36; todas as idades; residência",final
15014,Itaituba,PA,Norte,2016,109,214640.0,50.78270592620201,90.3225806451613,estimativa IBGE em 1º de julho,"CAUSABAS X85-X99, Y00-Y09, Y35 ou Y36; todas as idades; residência",final
15015,Altamira,PA,Norte,2016,209,297477.0,70.25753251511881,97.4910394265233,estimativa IBGE em 1º de julho,"CAUSABAS X85-X99, Y00-Y09, Y35 ou Y36; todas as idades; residência",final
15016,Tucuruí,PA,Norte,2016,181,368588.0,49.10631925076237,89.06810035842294,estimativa IBGE em 1º de julho,"CAUSABAS X85-X99, Y00-Y09, Y35 ou Y36; todas as idades; residência",final
15017,Paragominas,PA,Norte,2016,171,334228.0,51.16267936857474,90.68100358422939,estimativa IBGE em 1º de julho,"CAUSABAS X85-X99, Y00-Y09, Y35 ou Y36; todas as idades; residência",final
15018,São Félix do Xingu,PA,Norte,2016,70,205857.0,34.004187372787904,72.58064516129032,estimativa IBGE em 1º de julho,"CAUSABAS X85-X99, Y00-Y09, Y35 ou Y36; todas as idades; residência",final
15019,Parauapebas,PA,Norte,2016,184,307967.0,59.74666116824205,95.3405017921147,estimativa IBGE em 1º de julho,"CAUSABAS X85-X99, Y00-Y09, Y35 ou Y36; todas as idades; residência",final
15020,Marabá,PA,Norte,2016,243,319770.0,75.99211933577259,98.74551971326164,estimativa IBGE em 1º de julho,"CAUSABAS X85-X99, Y00-Y09, Y35 ou Y36; todas as idades; residência",final
15021,Redenção,PA,Norte,2016,78,190717.0,40.89829433139154,82.79569892473118,estimativa IBGE em 1º de julho,"CAUSABAS X85-X99, Y00-Y09, Y35 ou Y36; todas as idades; residência",final
15022,Conceição do Araguaia,PA,Norte,2016,34,155323.0,21.889868210116983,47.67025089605735,estimativa IBGE em 1º de julho,"CAUSABAS X85-X99, Y00-Y09, Y35 ou Y36; todas as idades; residência",final
16001,Oiapoque,AP,Norte,2016,10,35237.0,28.379260436473025,62.72401433691756,estimativa IBGE em 1º de julho,"CAUSABAS X85-X99, Y00-Y09, Y35 ou Y36; todas as idades; residência",final
16002,Amapá,AP,Norte,2016,10,29010.0,34.47087211306446,73.47670250896057,estimativa IBGE em 1º de julho,"CAUSABAS X85-X99, Y00-Y09, Y35 ou Y36; todas as idades; residência",final
16003,Macapá,AP,Norte,2016,342,636748.0,53.710416051562,92.29390681003584,estimativa IBGE em 1º de julho,"CAUSABAS X85-X99, Y00-Y09, Y35 ou Y36; todas as idades; residência",final
16004,Mazagão,AP,Norte,2016,19,81300.0,23.370233702337025,51.25448028673835,estimativa IBGE em 1º de julho,"CAUSABAS X85-X99, Y00-Y09, Y35 ou Y36; todas as idades; residência",final
17001,Bico do Papagaio,TO,Norte,2016,55,212579.0,25.872734371692406,58.422939068100355,estimativa IBGE em 1º de julho,"CAUSABAS X85-X99, Y00-Y09, Y35 ou Y36; todas as idades; residência",final
17002,Araguaína,TO,Norte,2016,165,310729.0,53.100933610960034,92.1146953405018,estimativa IBGE em 1º de julho,"CAUSABAS X85-X99, Y00-Y09, Y35 ou Y36; todas as idades; residência",final
17003,Miracema do Tocantins,TO,Norte,2016,44,149097.0,29.510989490063515,64.87455197132617,estimativa IBGE em 1º de julho,"CAUSABAS X85-X99, Y00-Y09, Y35 ou Y36; todas as idades; residência",final
17004,Rio Formoso,TO,Norte,2016,44,125805.0,34.974762529311235,74.73118279569893,estimativa IBGE em 1º de julho,"CAUSABAS X85-X99, Y00-Y09, Y35 ou Y36; todas as idades; residência",final
17005,Gurupi,TO,Norte,2016,53,148490.0,35.69263923496532,75.44802867383513,estimativa IBGE em 1º de julho,"CAUSABAS X85-X99, Y00-Y09, Y35 ou Y36; todas as idades; residência",final
17006,Porto Nacional,TO,Norte,2016,156,383420.0,40.68645349747014,82.43727598566308,estimativa IBGE em 1º de julho,"CAUSABAS X85-X99, Y00-Y09, Y35 ou Y36; todas as idades; residência",final
17007,Jalapão,TO,Norte,2016,16,78618.0,20.351573431020885,43.90681003584229,estimativa IBGE em 1º de julho,"CAUSABAS X85-X99, Y00-Y09, Y35 ou Y36; todas as idades; residência",final
17008,Dianópolis,TO,Norte,2016,33,124164.0,26.577752005412197,60.03584229390681,estimativa IBGE em 1º de julho,"CAUSABAS X85-X99, Y00-Y09, Y35 ou Y36; todas as idades; residência",final
21001,Litoral Ocidental Maranhense,MA,Nordeste,2016,49,187688.0,26.10715655769149,59.13978494623656,estimativa IBGE em 1º de julho,"CAUSABAS X85-X99, Y00-Y09, Y35 ou Y36; todas as idades; residência",final
21002,Aglomeração Urbana de São Luís,MA,Nordeste,2016,806,1409162.0,57.19711431332948,93.9068100358423,estimativa IBGE em 1º de julho,"CAUSABAS X85-X99, Y00-Y09, Y35 ou Y36; todas as idades; residência",final
21003,Rosário,MA,Nordeste,2016,41,174476.0,23.498933950801256,51.7921146953405,estimativa IBGE em 1º de julho,"CAUSABAS X85-X99, Y00-Y09, Y35 ou Y36; todas as idades; residência",final
21004,Lençóis Maranhenses,MA,Nordeste,2016,16,194298.0,8.234773389329792,9.67741935483871,estimativa IBGE em 1º de julho,"CAUSABAS X85-X99, Y00-Y09, Y35 ou Y36; todas as idades; residência",final
21005,Baixada Maranhense,MA,Nordeste,2016,179,595044.0,30.0818090763036,66.48745519713262,estimativa IBGE em 1º de julho,"CAUSABAS X85-X99, Y00-Y09, Y35 ou Y36; todas as idades; residência",final
21006,Itapecuru Mirim,MA,Nordeste,2016,43,232934.0,18.46016468184121,39.24731182795699,estimativa IBGE em 1º de julho,"CAUSABAS X85-X99, Y00-Y09, Y35 ou Y36; todas as idades; residência",final
21007,Gurupi,MA,Nordeste,2016,52,238005.0,21.84828049830886,47.31182795698925,estimativa IBGE em 1º de julho,"CAUSABAS X85-X99, Y00-Y09, Y35 ou Y36; todas as idades; residência",final
21008,Pindaré,MA,Nordeste,2016,204,654404.0,31.173403585552656,68.27956989247312,estimativa IBGE em 1º de julho,"CAUSABAS X85-X99, Y00-Y09, Y35 ou Y36; todas as idades; residência",final
21009,Imperatriz,MA,Nordeste,2016,318,589439.0,53.9496029275294,92.47311827956989,estimativa IBGE em 1º de julho,"CAUSABAS X85-X99, Y00-Y09, Y35 ou Y36; todas as idades; residência",final
21010,Médio Mearim,MA,Nordeste,2016,120,416384.0,28.8195511835229,63.261648745519715,estimativa IBGE em 1º de julho,"CAUSABAS X85-X99, Y00-Y09, Y35 ou Y36; todas as idades; residência",final
21011,Alto Mearim e Grajaú,MA,Nordeste,2016,87,330611.0,26.3149139018363,59.67741935483871,estimativa IBGE em 1º de julho,"CAUSABAS X85-X99, Y00-Y09, Y35 ou Y36; todas as idades; residência",final
21012,Presidente Dutra,MA,Nordeste,2016,39,195820.0,19.9162496169952,42.473118279569896,estimativa IBGE em 1º de julho,"CAUSABAS X85-X99, Y00-Y09, Y35 ou Y36; todas as idades; residência",final
21013,Baixo Parnaíba Maranhense,MA,Nordeste,2016,20,143983.0,13.890528742976601,25.806451612903224,estimativa IBGE em 1º de julho,"CAUSABAS X85-X99, Y00-Y09, Y35 ou Y36; todas as idades; residência",final
21014,Chapadinha,MA,Nordeste,2016,34,240987.0,14.10864486466075,26.70250896057348,estimativa IBGE em 1º de julho,"CAUSABAS X85-X99, Y00-Y09, Y35 ou Y36; todas as idades; residência",final
21015,Codó,MA,Nordeste,2016,80,273399.0,29.261262842951144,64.51612903225806,estimativa IBGE em 1º de julho,"CAUSABAS X85-X99, Y00-Y09, Y35 ou Y36; todas as idades; residência",final
21016,Coelho Neto,MA,Nordeste,2016,17,92230.0,18.43218041851892,39.06810035842294,estimativa IBGE em 1º de julho,"CAUSABAS X85-X99, Y00-Y09, Y35 ou Y36; todas as idades; residência",final
21017,Caxias,MA,Nordeste,2016,151,437336.0,34.527228492509195,73.83512544802868,estimativa IBGE em 1º de julho,"CAUSABAS X85-X99, Y00-Y09, Y35 ou Y36; todas as idades; residência",final
21018,Chapadas do Alto Itapecuru,MA,Nordeste,2016,36,217425.0,16.557433597792343,33.333333333333336,estimativa IBGE em 1º de julho,"CAUSABAS X85-X99, Y00-Y09, Y35 ou Y36; todas as idades; residência",final
21019,Porto Franco,MA,Nordeste,2016,38,118414.0,32.09080007431554,69.71326164874552,estimativa IBGE em 1º de julho,"CAUSABAS X85-X99, Y00-Y09, Y35 ou Y36; todas as idades; residência",final
21020,Gerais de Balsas,MA,Nordeste,2016,40,140990.0,28.370806440173062,62.54480286738351,estimativa IBGE em 1º de julho,"CAUSABAS X85-X99, Y00-Y09, Y35 ou Y36; todas as idades; residência",final
21021,Chapadas das Mangabeiras,MA,Nordeste,2016,11,71007.0,15.491430422352726,29.56989247311828,estimativa IBGE em 1º de julho,"CAUSABAS X85-X99, Y00-Y09, Y35 ou Y36; todas as idades; residência",final
22001,Baixo Parnaíba Piauiense,PI,Nordeste,2016,44,338403.0,13.00224879803075,23.835125448028673,estimativa IBGE em 1º de julho,"CAUSABAS X85-X99, Y00-Y09, Y35 ou Y36; todas as idades; residência",final
22002,Litoral Piauiense,PI,Nordeste,2016,53,314320.0,16.861796894884193,33.87096774193548,estimativa IBGE em 1º de julho,"CAUSABAS X85-X99, Y00-Y09, Y35 ou Y36; todas as idades; residência",final
22003,Teresina,PI,Nordeste,2016,407,1037603.0,39.22502151593625,81.36200716845879,estimativa IBGE em 1º de julho,"CAUSABAS X85-X99, Y00-Y09, Y35 ou Y36; todas as idades; residência",final
22004,Campo Maior,PI,Nordeste,2016,23,224301.0,10.254078225241974,16.487455197132615,estimativa IBGE em 1º de julho,"CAUSABAS X85-X99, Y00-Y09, Y35 ou Y36; todas as idades; residência",final
22005,Médio Parnaíba Piauiense,PI,Nordeste,2016,17,132980.0,12.783877274778161,22.939068100358423,estimativa IBGE em 1º de julho,"CAUSABAS X85-X99, Y00-Y09, Y35 ou Y36; todas as idades; residência",final
22006,Valença do Piauí,PI,Nordeste,2016,10,105110.0,9.513842641042718,13.799283154121865,estimativa IBGE em 1º de julho,"CAUSABAS X85-X99, Y00-Y09, Y35 ou Y36; todas as idades; residência",final
22007,Alto Parnaíba Piauiense,PI,Nordeste,2016,7,45747.0,15.301549828404049,29.032258064516128,estimativa IBGE em 1º de julho,"CAUSABAS X85-X99, Y00-Y09, Y35 ou Y36; todas as idades; residência",final
22008,Bertolínia,PI,Nordeste,2016,2,41528.0,4.816027740319784,2.3297491039426523,estimativa IBGE em 1º de julho,"CAUSABAS X85-X99, Y00-Y09, Y35 ou Y36; todas as idades; residência",final
22009,Floriano,PI,Nordeste,2016,27,122960.0,21.9583604424203,47.8494623655914,estimativa IBGE em 1º de julho,"CAUSABAS X85-X99, Y00-Y09, Y35 ou Y36; todas as idades; residência",final
22010,Alto Médio Gurguéia,PI,Nordeste,2016,15,91491.0,16.395055251336196,32.07885304659498,estimativa IBGE em 1º de julho,"CAUSABAS X85-X99, Y00-Y09, Y35 ou Y36; todas as idades; residência",final
22011,São Raimundo Nonato,PI,Nordeste,2016,9,139668.0,6.443852564653321,5.017921146953405,estimativa IBGE em 1º de julho,"CAUSABAS X85-X99, Y00-Y09, Y35 ou Y36; todas as idades; residência",final
22012,Chapadas do Extremo Sul Piauiense,PI,Nordeste,2016,12,84775.0,14.155116484812739,26.881720430107528,estimativa IBGE em 1º de julho,"CAUSABAS X85-X99, Y00-Y09, Y35 ou Y36; todas as idades; residência",final
22013,Picos,PI,Nordeste,2016,24,204707.0,11.724073920286067,20.43010752688172,estimativa IBGE em 1º de julho,"CAUSABAS X85-X99, Y00-Y09, Y35 ou Y36; todas as idades; residência",final
22014,Pio IX,PI,Nordeste,2016,14,59681.0,23.45805197634088,51.4336917562724,estimativa IBGE em 1º de julho,"CAUSABAS X85-X99, Y00-Y09, Y35 ou Y36; todas as idades; residência",final
22015,Alto Médio Canindé,PI,Nordeste,2016,34,268906.0,12.64382349222405,22.580645161290324,estimativa IBGE em 1º de julho,"CAUSABAS X85-X99, Y00-Y09, Y35 ou Y36; todas as idades; residência",final
23001,Litoral de Camocim e Acaraú,CE,Nordeste,2016,93,382297.0,24.326636097065894,54.30107526881721,estimativa IBGE em 1º de julho,"CAUSABAS X85-X99, Y00-Y09, Y35 ou Y36; todas as idades; residência",final
23002,Ibiapaba,CE,Nordeste,2016,69,313467.0,22.01188641866608,48.2078853046595,estimativa IBGE em 1º de julho,"CAUSABAS X85-X99, Y00-Y09, Y35 ou Y36; todas as idades; residência",final
23003,Coreaú,CE,Nordeste,2016,10,58785.0,17.011142298205325,34.76702508960574,estimativa IBGE em 1º de julho,"CAUSABAS X85-X99, Y00-Y09, Y35 ou Y36; todas as idades; residência",final
23004,Meruoca,CE,Nordeste,2016,1,26205.0,3.8160656363289447,1.075268817204301,estimativa IBGE em 1º de julho,"CAUSABAS X85-X99, Y00-Y09, Y35 ou Y36; todas as idades; residência",final
23005,Sobral,CE,Nordeste,2016,101,407279.0,24.798725198205652,55.7347670250896,estimativa IBGE em 1º de julho,"CAUSABAS X85-X99, Y00-Y09, Y35 ou Y36; todas as idades; residência",final
23006,Ipu,CE,Nordeste,2016,21,139483.0,15.055598173254088,28.315412186379927,estimativa IBGE em 1º de julho,"CAUSABAS X85-X99, Y00-Y09, Y35 ou Y36; todas as idades; residência",final
23007,Santa Quitéria,CE,Nordeste,2016,14,73826.0,18.96350879094086,40.14336917562724,estimativa IBGE em 1º de julho,"CAUSABAS X85-X99, Y00-Y09, Y35 ou Y36; todas as idades; residência",final
23008,Itapipoca,CE,Nordeste,2016,42,223562.0,18.786734776035285,39.784946236559136,estimativa IBGE em 1º de julho,"CAUSABAS X85-X99, Y00-Y09, Y35 ou Y36; todas as idades; residência",final
23009,Baixo Curu,CE,Nordeste,2016,46,113712.0,40.45307443365696,82.25806451612904,estimativa IBGE em 1º de julho,"CAUSABAS X85-X99, Y00-Y09, Y35 ou Y36; todas as idades; residência",final
23010,Uruburetama,CE,Nordeste,2016,37,108319.0,34.15836556836751,73.11827956989248,estimativa IBGE em 1º de julho,"CAUSABAS X85-X99, Y00-Y09, Y35 ou Y36; todas as idades; residência",final
23011,Médio Curu,CE,Nordeste,2016,30,89931.0,33.358908496514,71.14695340501792,estimativa IBGE em 1º de julho,"CAUSABAS X85-X99, Y00-Y09, Y35 ou Y36; todas as idades; residência",final
23012,Canindé,CE,Nordeste,2016,34,131374.0,25.88031117268257,58.60215053763441,estimativa IBGE em 1º de julho,"CAUSABAS X85-X99, Y00-Y09, Y35 ou Y36; todas as idades; residência",final
23013,Baturité,CE,Nordeste,2016,90,195198.0,46.10702978514124,86.02150537634408,estimativa IBGE em 1º de julho,"CAUSABAS X85-X99, Y00-Y09, Y35 ou Y36; todas as idades; residência",final
23014,Chorozinho,CE,Nordeste,2016,43,65290.0,65.86000918976872,97.1326164874552,estimativa IBGE em 1º de julho,"CAUSABAS X85-X99, Y00-Y09, Y35 ou Y36; todas as idades; residência",final
23015,Cascavel,CE,Nordeste,2016,34,143723.0,23.65661724289084,52.32974910394265,estimativa IBGE em 1º de julho,"CAUSABAS X85-X99, Y00-Y09, Y35 ou Y36; todas as idades; residência",final
23016,Fortaleza,CE,Nordeste,2016,1782,3593128.0,49.59467071587764,89.60573476702508,estimativa IBGE em 1º de julho,"CAUSABAS X85-X99, Y00-Y09, Y35 ou Y36; todas as idades; residência",final
23017,Pacajus,CE,Nordeste,2016,95,134550.0,70.60572277963583,97.67025089605735,estimativa IBGE em 1º de julho,"CAUSABAS X85-X99, Y00-Y09, Y35 ou Y36; todas as idades; residência",final
23018,Sertão de Cratéus,CE,Nordeste,2016,60,246215.0,24.368945840017872,54.659498207885306,estimativa IBGE em 1º de julho,"CAUSABAS X85-X99, Y00-Y09, Y35 ou Y36; todas as idades; residência",final
23019,Sertão de Quixeramobim,CE,Nordeste,2016,104,281994.0,36.88021730958815,77.95698924731182,estimativa IBGE em 1º de julho,"CAUSABAS X85-X99, Y00-Y09, Y35 ou Y36; todas as idades; residência",final
23020,Sertão de Inhamuns,CE,Nordeste,2016,48,149983.0,32.00362707773548,69.35483870967742,estimativa IBGE em 1º de julho,"CAUSABAS X85-X99, Y00-Y09, Y35 ou Y36; todas as idades; residência",final
23021,Sertão de Senador Pompeu,CE,Nordeste,2016,87,223688.0,38.89345874611065,80.82437275985663,estimativa IBGE em 1º de julho,"CAUSABAS X85-X99, Y00-Y09, Y35 ou Y36; todas as idades; residência",final
23022,Litoral de Aracati,CE,Nordeste,2016,26,116555.0,22.307065333962505,49.2831541218638,estimativa IBGE em 1º de julho,"CAUSABAS X85-X99, Y00-Y09, Y35 ou Y36; todas as idades; residência",final
23023,Baixo Jaguaribe,CE,Nordeste,2016,256,327836.0,78.08782440000488,99.2831541218638,estimativa IBGE em 1º de julho,"CAUSABAS X85-X99, Y00-Y09, Y35 ou Y36; todas as idades; residência",final
23024,Médio Jaguaribe,CE,Nordeste,2016,31,63680.0,48.68090452261306,88.70967741935483,estimativa IBGE em 1º de julho,"CAUSABAS X85-X99, Y00-Y09, Y35 ou Y36; todas as idades; residência",final
23025,Serra do Pereiro,CE,Nordeste,2016,8,43708.0,18.30328543973643,38.70967741935484,estimativa IBGE em 1º de julho,"CAUSABAS X85-X99, Y00-Y09, Y35 ou Y36; todas as idades; residência",final
23026,Iguatu,CE,Nordeste,2016,70,230641.0,30.35019792664791,67.38351254480287,estimativa IBGE em 1º de julho,"CAUSABAS X85-X99, Y00-Y09, Y35 ou Y36; todas as idades; residência",final
23027,Várzea Alegre,CE,Nordeste,2016,36,99730.0,36.097463150506364,76.16487455197132,estimativa IBGE em 1º de julho,"CAUSABAS X85-X99, Y00-Y09, Y35 ou Y36; todas as idades; residência",final
23028,Lavras da Mangabeira,CE,Nordeste,2016,5,57568.0,8.685380767092829,11.11111111111111,estimativa IBGE em 1º de julho,"CAUSABAS X85-X99, Y00-Y09, Y35 ou Y36; todas as idades; residência",final
23029,Chapada do Araripe,CE,Nordeste,2016,51,98807.0,51.61577621018754,91.57706093189964,estimativa IBGE em 1º de julho,"CAUSABAS X85-X99, Y00-Y09, Y35 ou Y36; todas as idades; residência",final
23030,Caririaçu,CE,Nordeste,2016,21,57537.0,36.49825329787789,76.88172043010752,estimativa IBGE em 1º de julho,"CAUSABAS X85-X99, Y00-Y09, Y35 ou Y36; todas as idades; residência",final
23031,Barro,CE,Nordeste,2016,19,93244.0,20.376646218523444,44.086021505376344,estimativa IBGE em 1º de julho,"CAUSABAS X85-X99, Y00-Y09, Y35 ou Y36; todas as idades; residência",final
23032,Cariri,CE,Nordeste,2016,247,567407.0,43.53136284888977,84.05017921146954,estimativa IBGE em 1º de julho,"CAUSABAS X85-X99, Y00-Y09, Y35 ou Y36; todas as idades; residência",final
23033,Brejo Santo,CE,Nordeste,2016,31,104941.0,29.540408419969317,65.23297491039426,estimativa IBGE em 1º de julho,"CAUSABAS X85-X99, Y00-Y09, Y35 ou Y36; todas as idades; residência",final
24001,Mossoró,RN,Nordeste,2016,265,372808.0,71.08216561876354,98.2078853046595,estimativa IBGE em 1º de julho,"CAUSABAS X85-X99, Y00-Y09, Y35 ou Y36; todas as idades; residência",final
24002,Chapada do Apodi,RN,Nordeste,2016,43,76029.0,56.55736626813453,93.72759856630825,estimativa IBGE em 1º de julho,"CAUSABAS X85-X99, Y00-Y09, Y35 ou Y36; todas as idades; residência",final
24003,Médio Oeste,RN,Nordeste,2016,8,41382.0,19.33207674834469,41.577060931899645,estimativa IBGE em 1º de julho,"CAUSABAS X85-X99, Y00-Y09, Y35 ou Y36; todas as idades; residência",final
24004,Vale do Açu,RN,Nordeste,2016,54,153746.0,35.1228649851053,75.26881720430107,estimativa IBGE em 1º de julho,"CAUSABAS X85-X99, Y00-Y09, Y35 ou Y36; todas as idades; residência",final
24005,Serra de São Miguel,RN,Nordeste,2016,17,67026.0,25.363291856891355,57.70609318996416,estimativa IBGE em 1º de julho,"CAUSABAS X85-X99, Y00-Y09, Y35 ou Y36; todas as idades; residência",final
24006,Pau dos Ferros,RN,Nordeste,2016,29,119170.0,24.33498363682135,54.48028673835125,estimativa IBGE em 1º de julho,"CAUSABAS X85-X99, Y00-Y09, Y35 ou Y36; todas as idades; residência",final
24007,Umarizal,RN,Nordeste,2016,37,67698.0,54.65449496292357,93.18996415770609,estimativa IBGE em 1º de julho,"CAUSABAS X85-X99, Y00-Y09, Y35 ou Y36; todas as idades; residência",final
24008,Macau,RN,Nordeste,2016,17,58698.0,28.961804490783333,63.799283154121866,estimativa IBGE em 1º de julho,"CAUSABAS X85-X99, Y00-Y09, Y35 ou Y36; todas as idades; residência",final
24009,Angicos,RN,Nordeste,2016,9,53263.0,16.897283292341776,34.05017921146953,estimativa IBGE em 1º de julho,"CAUSABAS X85-X99, Y00-Y09, Y35 ou Y36; todas as idades; residência",final
24010,Serra de Santana,RN,Nordeste,2016,14,64070.0,21.851100358982364,47.4910394265233,estimativa IBGE em 1º de julho,"CAUSABAS X85-X99, Y00-Y09, Y35 ou Y36; todas as idades; residência",final
24011,Seridó Ocidental,RN,Nordeste,2016,43,105140.0,40.89785048506753,82.61648745519713,estimativa IBGE em 1º de julho,"CAUSABAS X85-X99, Y00-Y09, Y35 ou Y36; todas as idades; residência",final
24012,Seridó Oriental,RN,Nordeste,2016,30,125086.0,23.983499352445516,53.40501792114696,estimativa IBGE em 1º de julho,"CAUSABAS X85-X99, Y00-Y09, Y35 ou Y36; todas as idades; residência",final
24013,Baixa Verde,RN,Nordeste,2016,46,67747.0,67.8996855949341,97.31182795698925,estimativa IBGE em 1º de julho,"CAUSABAS X85-X99, Y00-Y09, Y35 ou Y36; todas as idades; residência",final
24014,Borborema Potiguar,RN,Nordeste,2016,53,143433.0,36.9510503161755,78.13620071684588,estimativa IBGE em 1º de julho,"CAUSABAS X85-X99, Y00-Y09, Y35 ou Y36; todas as idades; residência",final
24015,Agreste Potiguar,RN,Nordeste,2016,85,249855.0,34.01973144423766,72.75985663082437,estimativa IBGE em 1º de julho,"CAUSABAS X85-X99, Y00-Y09, Y35 ou Y36; todas as idades; residência",final
24016,Litoral Nordeste,RN,Nordeste,2016,38,91397.0,41.576857008435724,83.33333333333333,estimativa IBGE em 1º de julho,"CAUSABAS X85-X99, Y00-Y09, Y35 ou Y36; todas as idades; residência",final
24017,Macaíba,RN,Nordeste,2016,302,322897.0,93.52827681892369,99.82078853046595,estimativa IBGE em 1º de julho,"CAUSABAS X85-X99, Y00-Y09, Y35 ou Y36; todas as idades; residência",final
24018,Natal,RN,Nordeste,2016,719,1154218.0,62.29325829262756,95.87813620071685,estimativa IBGE em 1º de julho,"CAUSABAS X85-X99, Y00-Y09, Y35 ou Y36; todas as idades; residência",final
24019,Litoral Sul,RN,Nordeste,2016,45,141335.0,31.83924717868893,69.17562724014337,estimativa IBGE em 1º de julho,"CAUSABAS X85-X99, Y00-Y09, Y35 ou Y36; todas as idades; residência",final
25001,Catolé do Rocha,PB,Nordeste,2016,53,122649.0,43.21274531386314,83.87096774193549,estimativa IBGE em 1º de julho,"CAUSABAS X85-X99, Y00-Y09, Y35 ou Y36; todas as idades; residência",final
25002,Cajazeiras,PB,Nordeste,2016,31,176608.0,17.552998731654284,36.200716845878134,estimativa IBGE em 1º de julho,"CAUSABAS X85-X99, Y00-Y09, Y35 ou Y36; todas as idades; residência",final
25003,Sousa,PB,Nordeste,2016,47,189080.0,24.857203300190395,55.913978494623656,estimativa IBGE em 1º de julho,"CAUSABAS X85-X99, Y00-Y09, Y35 ou Y36; todas as idades; residência",final
25004,Patos,PB,Nordeste,2016,31,134060.0,23.12397433984783,50.3584229390681,estimativa IBGE em 1º de julho,"CAUSABAS X85-X99, Y00-Y09, Y35 ou Y36; todas as idades; residência",final
25005,Piancó,PB,Nordeste,2016,12,71256.0,16.84068710003368,33.691756272401435,estimativa IBGE em 1º de julho,"CAUSABAS X85-X99, Y00-Y09, Y35 ou Y36; todas as idades; residência",final
25006,Itaporanga,PB,Nordeste,2016,21,85957.0,24.430820061193387,55.19713261648746,estimativa IBGE em 1º de julho,"CAUSABAS X85-X99, Y00-Y09, Y35 ou Y36; todas as idades; residência",final
25007,Serra do Teixeira,PB,Nordeste,2016,20,121726.0,16.43034355848381,32.61648745519713,estimativa IBGE em 1º de julho,"CAUSABAS X85-X99, Y00-Y09, Y35 ou Y36; todas as idades; residência",final
25008,Seridó Ocidental Paraibano,PB,Nordeste,2016,4,41036.0,9.747538746466518,14.695340501792115,estimativa IBGE em 1º de julho,"CAUSABAS X85-X99, Y00-Y09, Y35 ou Y36; todas as idades; residência",final
25009,Seridó Oriental Paraibano,PB,Nordeste,2016,19,78765.0,24.12238938614867,53.9426523297491,estimativa IBGE em 1º de julho,"CAUSABAS X85-X99, Y00-Y09, Y35 ou Y36; todas as idades; residência",final
25010,Cariri Ocidental,PB,Nordeste,2016,30,127710.0,23.49072116513977,51.61290322580645,estimativa IBGE em 1º de julho,"CAUSABAS X85-X99, Y00-Y09, Y35 ou Y36; todas as idades; residência",final
25011,Cariri Oriental,PB,Nordeste,2016,15,66666.0,22.500225002250023,49.46236559139785,estimativa IBGE em 1º de julho,"CAUSABAS X85-X99, Y00-Y09, Y35 ou Y36; todas as idades; residência",final
25012,Curimataú Ocidental,PB,Nordeste,2016,40,127609.0,31.34575147520943,68.81720430107526,estimativa IBGE em 1º de julho,"CAUSABAS X85-X99, Y00-Y09, Y35 ou Y36; todas as idades; residência",final
25013,Curimataú Oriental,PB,Nordeste,2016,27,96262.0,28.048451102200247,62.007168458781365,estimativa IBGE em 1º de julho,"CAUSABAS X85-X99, Y00-Y09, Y35 ou Y36; todas as idades; residência",final
25014,Esperança,PB,Nordeste,2016,14,57342.0,24.414914024624185,54.83870967741935,estimativa IBGE em 1º de julho,"CAUSABAS X85-X99, Y00-Y09, Y35 ou Y36; todas as idades; residência",final
25015,Brejo Paraibano,PB,Nordeste,2016,28,116041.0,24.12940253875785,54.121863799283155,estimativa IBGE em 1º de julho,"CAUSABAS X85-X99, Y00-Y09, Y35 ou Y36; todas as idades; residência",final
25016,Guarabira,PB,Nordeste,2016,43,170916.0,25.15855742001919,56.98924731182796,estimativa IBGE em 1º de julho,"CAUSABAS X85-X99, Y00-Y09, Y35 ou Y36; todas as idades; residência",final
25017,Campina Grande,PB,Nordeste,2016,177,531857.0,33.27962215407525,70.96774193548387,estimativa IBGE em 1º de julho,"CAUSABAS X85-X99, Y00-Y09, Y35 ou Y36; todas as idades; residência",final
25018,Itabaiana,PB,Nordeste,2016,33,111394.0,29.62457582993698,65.41218637992831,estimativa IBGE em 1º de julho,"CAUSABAS X85-X99, Y00-Y09, Y35 ou Y36; todas as idades; residência",final
25019,Umbuzeiro,PB,Nordeste,2016,19,54547.0,34.83234641685152,74.55197132616487,estimativa IBGE em 1º de julho,"CAUSABAS X85-X99, Y00-Y09, Y35 ou Y36; todas as idades; residência",final
25020,Litoral Norte,PB,Nordeste,2016,42,151525.0,27.718198317109387,61.82795698924731,estimativa IBGE em 1º de julho,"CAUSABAS X85-X99, Y00-Y09, Y35 ou Y36; todas as idades; residência",final
25021,Sapé,PB,Nordeste,2016,42,139528.0,30.10148500659366,66.84587813620071,estimativa IBGE em 1º de julho,"CAUSABAS X85-X99, Y00-Y09, Y35 ou Y36; todas as idades; residência",final
25022,João Pessoa,PB,Nordeste,2016,542,1138419.0,47.60988704510378,87.81362007168458,estimativa IBGE em 1º de julho,"CAUSABAS X85-X99, Y00-Y09, Y35 ou Y36; todas as idades; residência",final
25023,Litoral Sul,PB,Nordeste,2016,52,88462.0,58.78230200538084,94.6236559139785,estimativa IBGE em 1º de julho,"CAUSABAS X85-X99, Y00-Y09, Y35 ou Y36; todas as idades; residência",final
26001,Araripina,PE,Nordeste,2016,118,328785.0,35.88971516340466,75.98566308243727,estimativa IBGE em 1º de julho,"CAUSABAS X85-X99, Y00-Y09, Y35 ou Y36; todas as idades; residência",final
26002,Salgueiro,PE,Nordeste,2016,48,170461.0,28.158933715043325,62.18637992831541,estimativa IBGE em 1º de julho,"CAUSABAS X85-X99, Y00-Y09, Y35 ou Y36; todas as idades; residência",final
26003,Pajeú,PE,Nordeste,2016,81,329371.0,24.592329015001322,55.55555555555556,estimativa IBGE em 1º de julho,"CAUSABAS X85-X99, Y00-Y09, Y35 ou Y36; todas as idades; residência",final
26004,Sertão do Moxotó,PE,Nordeste,2016,86,229591.0,37.457914291065414,79.03225806451613,estimativa IBGE em 1º de julho,"CAUSABAS X85-X99, Y00-Y09, Y35 ou Y36; todas as idades; residência",final
26005,Petrolina,PE,Nordeste,2016,182,500416.0,36.369740376007165,76.52329749103943,estimativa IBGE em 1º de julho,"CAUSABAS X85-X99, Y00-Y09, Y35 ou Y36; todas as idades; residência",final
26006,Itaparica,PE,Nordeste,2016,42,145717.0,28.822992512884564,63.44086021505376,estimativa IBGE em 1º de julho,"CAUSABAS X85-X99, Y00-Y09, Y35 ou Y36; todas as idades; residência",final
26007,Vale do Ipanema,PE,Nordeste,2016,74,193562.0,38.230644444674056,79.74910394265233,estimativa IBGE em 1º de julho,"CAUSABAS X85-X99, Y00-Y09, Y35 ou Y36; todas as idades; residência",final
26008,Vale do Ipojuca,PE,Nordeste,2016,529,923152.0,57.30367263462572,94.08602150537635,estimativa IBGE em 1º de julho,"CAUSABAS X85-X99, Y00-Y09, Y35 ou Y36; todas as idades; residência",final
26009,Alto Capibaribe,PE,Nordeste,2016,159,309912.0,51.304886548439555,91.21863799283155,estimativa IBGE em 1º de julho,"CAUSABAS X85-X99, Y00-Y09, Y35 ou Y36; todas as idades; residência",final
26010,Médio Capibaribe,PE,Nordeste,2016,87,259209.0,33.5636494103214,71.50537634408602,estimativa IBGE em 1º de julho,"CAUSABAS X85-X99, Y00-Y09, Y35 ou Y36; todas as idades; residência",final
26011,Garanhuns,PE,Nordeste,2016,181,465328.0,38.897293951793145,81.00358422939068,estimativa IBGE em 1º de julho,"CAUSABAS X85-X99, Y00-Y09, Y35 ou Y36; todas as idades; residência",final
26012,Brejo Pernambucano,PE,Nordeste,2016,133,223671.0,59.46233530497919,94.9820788530466,estimativa IBGE em 1º de julho,"CAUSABAS X85-X99, Y00-Y09, Y35 ou Y36; todas as idades; residência",final
26013,Mata Setentrional Pernambucana,PE,Nordeste,2016,313,562738.0,55.62091061915137,93.36917562724014,estimativa IBGE em 1º de julho,"CAUSABAS X85-X99, Y00-Y09, Y35 ou Y36; todas as idades; residência",final
26014,Vitória de Santo Antão,PE,Nordeste,2016,101,228636.0,44.175020556692736,84.40860215053763,estimativa IBGE em 1º de julho,"CAUSABAS X85-X99, Y00-Y09, Y35 ou Y36; todas as idades; residência",final
26015,Mata Meridional Pernambucana,PE,Nordeste,2016,374,596357.0,62.714112519849685,96.23655913978494,estimativa IBGE em 1º de julho,"CAUSABAS X85-X99, Y00-Y09, Y35 ou Y36; todas as idades; residência",final
26016,Itamaracá,PE,Nordeste,2016,101,185421.0,54.470637090728665,93.01075268817205,estimativa IBGE em 1º de julho,"CAUSABAS X85-X99, Y00-Y09, Y35 ou Y36; todas as idades; residência",final
26017,Recife,PE,Nordeste,2016,1532,3459434.0,44.28470090772074,84.58781362007169,estimativa IBGE em 1º de julho,"CAUSABAS X85-X99, Y00-Y09, Y35 ou Y36; todas as idades; residência",final
26018,Suape,PE,Nordeste,2016,210,295601.0,71.04170824861892,98.02867383512545,estimativa IBGE em 1º de julho,"CAUSABAS X85-X99, Y00-Y09, Y35 ou Y36; todas as idades; residência",final
26019,Fernando de Noronha,PE,Nordeste,2016,1,2974.0,33.62474781439139,71.68458781362007,estimativa IBGE em 1º de julho,"CAUSABAS X85-X99, Y00-Y09, Y35 ou Y36; todas as idades; residência",final
27001,Serrana do Sertão Alagoano,AL,Nordeste,2016,28,93302.0,30.01007481082935,65.94982078853046,estimativa IBGE em 1º de julho,"CAUSABAS X85-X99, Y00-Y09, Y35 ou Y36; todas as idades; residência",final
27002,Alagoana do Sertão do São Francisco,AL,Nordeste,2016,33,86817.0,38.010988631258854,79.56989247311827,estimativa IBGE em 1º de julho,"CAUSABAS X85-X99, Y00-Y09, Y35 ou Y36; todas as idades; residência",final
27003,Santana do Ipanema,AL,Nordeste,2016,80,180328.0,44.36360409919702,84.76702508960574,estimativa IBGE em 1º de julho,"CAUSABAS X85-X99, Y00-Y09, Y35 ou Y36; todas as idades; residência",final
27004,Batalha,AL,Nordeste,2016,39,97307.0,40.07933653282909,82.07885304659499,estimativa IBGE em 1º de julho,"CAUSABAS X85-X99, Y00-Y09, Y35 ou Y36; todas as idades; residência",final
27005,Palmeira dos Índios,AL,Nordeste,2016,87,181950.0,47.81533388293487,88.17204301075269,estimativa IBGE em 1º de julho,"CAUSABAS X85-X99, Y00-Y09, Y35 ou Y36; todas as idades; residência",final
27006,Arapiraca,AL,Nordeste,2016,271,442594.0,61.2299308169564,95.6989247311828,estimativa IBGE em 1º de julho,"CAUSABAS X85-X99, Y00-Y09, Y35 ou Y36; todas as idades; residência",final
27007,Traipu,AL,Nordeste,2016,11,40171.0,27.382937940305194,60.75268817204301,estimativa IBGE em 1º de julho,"CAUSABAS X85-X99, Y00-Y09, Y35 ou Y36; todas as idades; residência",final
27008,Serrana dos Quilombos,AL,Nordeste,2016,98,153723.0,63.751032701677694,96.59498207885305,estimativa IBGE em 1º de julho,"CAUSABAS X85-X99, Y00-Y09, Y35 ou Y36; todas as idades; residência",final
27009,Mata Alagoana,AL,Nordeste,2016,186,320602.0,58.015857667762525,94.26523297491039,estimativa IBGE em 1º de julho,"CAUSABAS X85-X99, Y00-Y09, Y35 ou Y36; todas as idades; residência",final
27010,Litoral Norte Alagoano,AL,Nordeste,2016,30,72418.0,41.426164765665995,83.15412186379929,estimativa IBGE em 1º de julho,"CAUSABAS X85-X99, Y00-Y09, Y35 ou Y36; todas as idades; residência",final
27011,Maceió,AL,Nordeste,2016,727,1248937.0,58.209501359956505,94.44444444444444,estimativa IBGE em 1º de julho,"CAUSABAS X85-X99, Y00-Y09, Y35 ou Y36; todas as idades; residência",final
27012,São Miguel dos Campos,AL,Nordeste,2016,168,308747.0,54.413484179603365,92.831541218638,estimativa IBGE em 1º de julho,"CAUSABAS X85-X99, Y00-Y09, Y35 ou Y36; todas as idades; residência",final
27013,Penedo,AL,Nordeste,2016,62,132067.0,46.94586838498641,87.09677419354838,estimativa IBGE em 1º de julho,"CAUSABAS X85-X99, Y00-Y09, Y35 ou Y36; todas as idades; residência",final
28001,Sergipana do Sertão do São Francisco,SE,Nordeste,2016,58,170971.0,33.92388182791234,72.22222222222223,estimativa IBGE em 1º de julho,"CAUSABAS X85-X99, Y00-Y09, Y35 ou Y36; todas as idades; residência",final
28002,Carira,SE,Nordeste,2016,35,73944.0,47.333116953370116,87.45519713261649,estimativa IBGE em 1º de julho,"CAUSABAS X85-X99, Y00-Y09, Y35 ou Y36; todas as idades; residência",final
28003,Nossa Senhora das Dores,SE,Nordeste,2016,17,67143.0,25.319095065755178,57.526881720430104,estimativa IBGE em 1º de julho,"CAUSABAS X85-X99, Y00-Y09, Y35 ou Y36; todas as idades; residência",final
28004,Agreste de Itabaiana,SE,Nordeste,2016,165,172695.0,95.54416746286806,100.0,estimativa IBGE em 1º de julho,"CAUSABAS X85-X99, Y00-Y09, Y35 ou Y36; todas as idades; residência",final
28005,Tobias Barreto,SE,Nordeste,2016,54,116034.0,46.53808366513263,86.73835125448029,estimativa IBGE em 1º de julho,"CAUSABAS X85-X99, Y00-Y09, Y35 ou Y36; todas as idades; residência",final
28006,Agreste de Lagarto,SE,Nordeste,2016,58,123183.0,47.08441911627416,87.27598566308244,estimativa IBGE em 1º de julho,"CAUSABAS X85-X99, Y00-Y09, Y35 ou Y36; todas as idades; residência",final
28007,Propriá,SE,Nordeste,2016,41,95315.0,43.015265173372505,83.69175627240143,estimativa IBGE em 1º de julho,"CAUSABAS X85-X99, Y00-Y09, Y35 ou Y36; todas as idades; residência",final
28008,Cotinguiba,SE,Nordeste,2016,27,51381.0,52.54860746190226,91.75627240143369,estimativa IBGE em 1º de julho,"CAUSABAS X85-X99, Y00-Y09, Y35 ou Y36; todas as idades; residência",final
28009,Japaratuba,SE,Nordeste,2016,25,59078.0,42.3169369308372,83.51254480286738,estimativa IBGE em 1º de julho,"CAUSABAS X85-X99, Y00-Y09, Y35 ou Y36; todas as idades; residência",final
28010,Baixo Cotinguiba,SE,Nordeste,2016,87,98604.0,88.23171473773884,99.6415770609319,estimativa IBGE em 1º de julho,"CAUSABAS X85-X99, Y00-Y09, Y35 ou Y36; todas as idades; residência",final
28011,Aracaju,SE,Nordeste,2016,752,938550.0,80.12359490703746,99.46236559139786,estimativa IBGE em 1º de julho,"CAUSABAS X85-X99, Y00-Y09, Y35 ou Y36; todas as idades; residência",final
28012,Boquim,SE,Nordeste,2016,68,164786.0,41.265641498671,82.97491039426524,estimativa IBGE em 1º de julho,"CAUSABAS X85-X99, Y00-Y09, Y35 ou Y36; todas as idades; residência",final
28013,Estância,SE,Nordeste,2016,67,134095.0,49.9645773518774,89.96415770609319,estimativa IBGE em 1º de julho,"CAUSABAS X85-X99, Y00-Y09, Y35 ou Y36; todas as idades; residência",final
29001,Barreiras,BA,Nordeste,2016,64,337316.0,18.973306928814523,40.32258064516129,estimativa IBGE em 1º de julho,"CAUSABAS X85-X99, Y00-Y09, Y35 ou Y36; todas as idades; residência",final
29002,Cotegipe,BA,Nordeste,2016,16,123104.0,12.997140629061606,23.655913978494624,estimativa IBGE em 1º de julho,"CAUSABAS X85-X99, Y00-Y09, Y35 ou Y36; todas as idades; residência",final
29003,Santa Maria da Vitória,BA,Nordeste,2016,36,190215.0,18.925952211970664,39.96415770609319,estimativa IBGE em 1º de julho,"CAUSABAS X85-X99, Y00-Y09, Y35 ou Y36; todas as idades; residência",final
29004,Juazeiro,BA,Nordeste,2016,185,501662.0,36.87741945772253,77.77777777777777,estimativa IBGE em 1º de julho,"CAUSABAS X85-X99, Y00-Y09, Y35 ou Y36; todas as idades; residência",final
29005,Paulo Afonso,BA,Nordeste,2016,91,184822.0,49.23656274685914,89.42652329749104,estimativa IBGE em 1º de julho,"CAUSABAS X85-X99, Y00-Y09, Y35 ou Y36; todas as idades; residência",final
29006,Barra,BA,Nordeste,2016,70,187403.0,37.35265710794384,78.85304659498208,estimativa IBGE em 1º de julho,"CAUSABAS X85-X99, Y00-Y09, Y35 ou Y36; todas as idades; residência",final
29007,Bom Jesus da Lapa,BA,Nordeste,2016,60,185237.0,32.39093701582297,70.25089605734767,estimativa IBGE em 1º de julho,"CAUSABAS X85-X99, Y00-Y09, Y35 ou Y36; todas as idades; residência",final
29008,Senhor do Bonfim,BA,Nordeste,2016,60,310949.0,19.295768759507187,41.39784946236559,estimativa IBGE em 1º de julho,"CAUSABAS X85-X99, Y00-Y09, Y35 ou Y36; todas as idades; residência",final
29009,Irecê,BA,Nordeste,2016,151,406243.0,37.16987123470435,78.49462365591398,estimativa IBGE em 1º de julho,"CAUSABAS X85-X99, Y00-Y09, Y35 ou Y36; todas as idades; residência",final
29010,Jacobina,BA,Nordeste,2016,119,350433.0,33.957989116321805,72.40143369175627,estimativa IBGE em 1º de julho,"CAUSABAS X85-X99, Y00-Y09, Y35 ou Y36; todas as idades; residência",final
29011,Itaberaba,BA,Nordeste,2016,91,264951.0,34.345973406403445,73.29749103942652,estimativa IBGE em 1º de julho,"CAUSABAS X85-X99, Y00-Y09, Y35 ou Y36; todas as idades; residência",final
29012,Feira de Santana,BA,Nordeste,2016,398,1091035.0,36.479123034549765,76.70250896057348,estimativa IBGE em 1º de julho,"CAUSABAS X85-X99, Y00-Y09, Y35 ou Y36; todas as idades; residência",final
29013,Jeremoabo,BA,Nordeste,2016,38,103119.0,36.85062888507453,77.59856630824373,estimativa IBGE em 1º de julho,"CAUSABAS X85-X99, Y00-Y09, Y35 ou Y36; todas as idades; residência",final
29014,Euclides da Cunha,BA,Nordeste,2016,75,313827.0,23.898517335984476,53.04659498207885,estimativa IBGE em 1º de julho,"CAUSABAS X85-X99, Y00-Y09, Y35 ou Y36; todas as idades; residência",final
29015,Ribeira do Pombal,BA,Nordeste,2016,101,340063.0,29.700379047411804,65.77060931899642,estimativa IBGE em 1º de julho,"CAUSABAS X85-X99, Y00-Y09, Y35 ou Y36; todas as idades; residência",final
29016,Serrinha,BA,Nordeste,2016,80,451299.0,17.726606972317686,37.45519713261649,estimativa IBGE em 1º de julho,"CAUSABAS X85-X99, Y00-Y09, Y35 ou Y36; todas as idades; residência",final
29017,Alagoinhas,BA,Nordeste,2016,217,338298.0,64.1446298825296,96.7741935483871,estimativa IBGE em 1º de julho,"CAUSABAS X85-X99, Y00-Y09, Y35 ou Y36; todas as idades; residência",final
29018,Entre Rios,BA,Nordeste,2016,64,127570.0,50.16853492200361,90.14336917562724,estimativa IBGE em 1º de julho,"CAUSABAS X85-X99, Y00-Y09, Y35 ou Y36; todas as idades; residência",final
29019,Catu,BA,Nordeste,2016,181,234071.0,77.32696489526683,99.10394265232975,estimativa IBGE em 1º de julho,"CAUSABAS X85-X99, Y00-Y09, Y35 ou Y36; todas as idades; residência",final
29020,Santo Antônio de Jesus,BA,Nordeste,2016,273,588529.0,46.3868390512617,86.55913978494624,estimativa IBGE em 1º de julho,"CAUSABAS X85-X99, Y00-Y09, Y35 ou Y36; todas as idades; residência",final
29021,Salvador,BA,Nordeste,2016,2503,3854538.0,64.93644633935376,96.95340501792114,estimativa IBGE em 1º de julho,"CAUSABAS X85-X99, Y00-Y09, Y35 ou Y36; todas as idades; residência",final
29022,Boquira,BA,Nordeste,2016,16,200064.0,7.99744081893794,8.960573476702509,estimativa IBGE em 1º de julho,"CAUSABAS X85-X99, Y00-Y09, Y35 ou Y36; todas as idades; residência",final
29023,Seabra,BA,Nordeste,2016,48,271594.0,17.67343903031731,37.27598566308244,estimativa IBGE em 1º de julho,"CAUSABAS X85-X99, Y00-Y09, Y35 ou Y36; todas as idades; residência",final
29024,Jequié,BA,Nordeste,2016,209,537482.0,38.88502312635586,80.64516129032258,estimativa IBGE em 1º de julho,"CAUSABAS X85-X99, Y00-Y09, Y35 ou Y36; todas as idades; residência",final
29025,Livramento do Brumado,BA,Nordeste,2016,13,104650.0,12.422360248447205,22.043010752688172,estimativa IBGE em 1º de julho,"CAUSABAS X85-X99, Y00-Y09, Y35 ou Y36; todas as idades; residência",final
29026,Guanambi,BA,Nordeste,2016,49,406639.0,12.050000122959185,20.967741935483872,estimativa IBGE em 1º de julho,"CAUSABAS X85-X99, Y00-Y09, Y35 ou Y36; todas as idades; residência",final
29027,Brumado,BA,Nordeste,2016,34,242336.0,14.030106958933052,26.523297491039425,estimativa IBGE em 1º de julho,"CAUSABAS X85-X99, Y00-Y09, Y35 ou Y36; todas as idades; residência",final
29028,Vitória da Conquista,BA,Nordeste,2016,312,669534.0,46.59957522694889,86.91756272401433,estimativa IBGE em 1º de julho,"CAUSABAS X85-X99, Y00-Y09, Y35 ou Y36; todas as idades; residência",final
29029,Itapetinga,BA,Nordeste,2016,65,206947.0,31.40900810352409,68.99641577060932,estimativa IBGE em 1º de julho,"CAUSABAS X85-X99, Y00-Y09, Y35 ou Y36; todas as idades; residência",final
29030,Valença,BA,Nordeste,2016,175,291138.0,60.1089517685771,95.51971326164875,estimativa IBGE em 1º de julho,"CAUSABAS X85-X99, Y00-Y09, Y35 ou Y36; todas as idades; residência",final
29031,Ilhéus-Itabuna,BA,Nordeste,2016,655,1049348.0,62.419712049768044,96.05734767025089,estimativa IBGE em 1º de julho,"CAUSABAS X85-X99, Y00-Y09, Y35 ou Y36; todas as idades; residência",final
29032,Porto Seguro,BA,Nordeste,2016,612,812150.0,75.35553777011636,98.5663082437276,estimativa IBGE em 1º de julho,"CAUSABAS X85-X99, Y00-Y09, Y35 ou Y36; todas as idades; residência",final
31001,Unaí,MG,Sudeste,2016,33,158634.0,20.80260221642271,44.44444444444444,estimativa IBGE em 1º de julho,"CAUSABAS X85-X99, Y00-Y09, Y35 ou Y36; todas as idades; residência",final
31002,Paracatu,MG,Sudeste,2016,82,233973.0,35.046778901839104,75.08960573476702,estimativa IBGE em 1º de julho,"CAUSABAS X85-X99, Y00-Y09, Y35 ou Y36; todas as idades; residência",final
31003,Januária,MG,Sudeste,2016,61,290597.0,20.9912696965213,44.80286738351254,estimativa IBGE em 1º de julho,"CAUSABAS X85-X99, Y00-Y09, Y35 ou Y36; todas as idades; residência",final
31004,Janaúba,MG,Sudeste,2016,118,259705.0,45.43616795980054,85.30465949820788,estimativa IBGE em 1º de julho,"CAUSABAS X85-X99, Y00-Y09, Y35 ou Y36; todas as idades; residência",final
31005,Salinas,MG,Sudeste,2016,23,222526.0,10.33587086452819,16.845878136200717,estimativa IBGE em 1º de julho,"CAUSABAS X85-X99, Y00-Y09, Y35 ou Y36; todas as idades; residência",final
31006,Pirapora,MG,Sudeste,2016,103,174782.0,58.93055348948977,94.80286738351255,estimativa IBGE em 1º de julho,"CAUSABAS X85-X99, Y00-Y09, Y35 ou Y36; todas as idades; residência",final
31007,Montes Claros,MG,Sudeste,2016,110,649544.0,16.93495744707056,34.587813620071685,estimativa IBGE em 1º de julho,"CAUSABAS X85-X99, Y00-Y09, Y35 ou Y36; todas as idades; residência",final
31008,Grão Mogol,MG,Sudeste,2016,3,44945.0,6.6748247858493714,5.555555555555555,estimativa IBGE em 1º de julho,"CAUSABAS X85-X99, Y00-Y09, Y35 ou Y36; todas as idades; residência",final
31009,Bocaiúva,MG,Sudeste,2016,8,73308.0,10.912860806460413,17.921146953405017,estimativa IBGE em 1º de julho,"CAUSABAS X85-X99, Y00-Y09, Y35 ou Y36; todas as idades; residência",final
31010,Diamantina,MG,Sudeste,2016,10,85784.0,11.657185489135504,19.892473118279568,estimativa IBGE em 1º de julho,"CAUSABAS X85-X99, Y00-Y09, Y35 ou Y36; todas as idades; residência",final
31011,Capelinha,MG,Sudeste,2016,30,208481.0,14.389800509398938,27.240143369175627,estimativa IBGE em 1º de julho,"CAUSABAS X85-X99, Y00-Y09, Y35 ou Y36; todas as idades; residência",final
31012,Araçuaí,MG,Sudeste,2016,38,163540.0,23.235905588846766,50.7168458781362,estimativa IBGE em 1º de julho,"CAUSABAS X85-X99, Y00-Y09, Y35 ou Y36; todas as idades; residência",final
31013,Pedra Azul,MG,Sudeste,2016,31,84871.0,36.52602184491758,77.06093189964157,estimativa IBGE em 1º de julho,"CAUSABAS X85-X99, Y00-Y09, Y35 ou Y36; todas as idades; residência",final
31014,Almenara,MG,Sudeste,2016,47,188638.0,24.91544651660853,56.272401433691755,estimativa IBGE em 1º de julho,"CAUSABAS X85-X99, Y00-Y09, Y35 ou Y36; todas as idades; residência",final
31015,Teófilo Otoni,MG,Sudeste,2016,81,277875.0,29.149797570850204,64.15770609318996,estimativa IBGE em 1º de julho,"CAUSABAS X85-X99, Y00-Y09, Y35 ou Y36; todas as idades; residência",final
31016,Nanuque,MG,Sudeste,2016,32,122143.0,26.198799767485653,59.318996415770606,estimativa IBGE em 1º de julho,"CAUSABAS X85-X99, Y00-Y09, Y35 ou Y36; todas as idades; residência",final
31017,Ituiutaba,MG,Sudeste,2016,21,152603.0,13.761197355228928,25.448028673835125,estimativa IBGE em 1º de julho,"CAUSABAS X85-X99, Y00-Y09, Y35 ou Y36; todas as idades; residência",final
31018,Uberlândia,MG,Sudeste,2016,156,899809.0,17.337012632680935,35.842293906810035,estimativa IBGE em 1º de julho,"CAUSABAS X85-X99, Y00-Y09, Y35 ou Y36; todas as idades; residência",final
31019,Patrocínio,MG,Sudeste,2016,39,210378.0,18.538060063314607,39.42652329749104,estimativa IBGE em 1º de julho,"CAUSABAS X85-X99, Y00-Y09, Y35 ou Y36; todas as idades; residência",final
31020,Patos de Minas,MG,Sudeste,2016,54,270777.0,19.9426096012586,42.65232974910394,estimativa IBGE em 1º de julho,"CAUSABAS X85-X99, Y00-Y09, Y35 ou Y36; todas as idades; residência",final
31021,Frutal,MG,Sudeste,2016,36,196674.0,18.3044022087312,38.888888888888886,estimativa IBGE em 1º de julho,"CAUSABAS X85-X99, Y00-Y09, Y35 ou Y36; todas as idades; residência",final
31022,Uberaba,MG,Sudeste,2016,80,382056.0,20.93933873568273,44.623655913978496,estimativa IBGE em 1º de julho,"CAUSABAS X85-X99, Y00-Y09, Y35 ou Y36; todas as idades; residência",final
31023,Araxá,MG,Sudeste,2016,30,224808.0,13.34472082844027,24.731182795698924,estimativa IBGE em 1º de julho,"CAUSABAS X85-X99, Y00-Y09, Y35 ou Y36; todas as idades; residência",final
31024,Três Marias,MG,Sudeste,2016,32,103660.0,30.87015242137758,67.92114695340501,estimativa IBGE em 1º de julho,"CAUSABAS X85-X99, Y00-Y09, Y35 ou Y36; todas as idades; residência",final
31025,Curvelo,MG,Sudeste,2016,31,158727.0,19.530388654734228,41.75627240143369,estimativa IBGE em 1º de julho,"CAUSABAS X85-X99, Y00-Y09, Y35 ou Y36; todas as idades; residência",final
31026,Bom Despacho,MG,Sudeste,2016,26,177930.0,14.612488057101107,27.59856630824373,estimativa IBGE em 1º de julho,"CAUSABAS X85-X99, Y00-Y09, Y35 ou Y36; todas as idades; residência",final
31027,Sete Lagoas,MG,Sudeste,2016,140,427894.0,32.71838352489168,70.43010752688173,estimativa IBGE em 1º de julho,"CAUSABAS X85-X99, Y00-Y09, Y35 ou Y36; todas as idades; residência",final
31028,Conceição do Mato Dentro,MG,Sudeste,2016,8,85684.0,9.336632276737781,12.903225806451612,estimativa IBGE em 1º de julho,"CAUSABAS X85-X99, Y00-Y09, Y35 ou Y36; todas as idades; residência",final
31029,Pará de Minas,MG,Sudeste,2016,36,134698.0,26.7264547357793,60.215053763440864,estimativa IBGE em 1º de julho,"CAUSABAS X85-X99, Y00-Y09, Y35 ou Y36; todas as idades; residência",final
31030,Belo Horizonte,MG,Sudeste,2016,1599,5157141.0,31.005551331638983,68.10035842293907,estimativa IBGE em 1º de julho,"CAUSABAS X85-X99, Y00-Y09, Y35 ou Y36; todas as idades; residência",final
31031,Itabira,MG,Sudeste,2016,70,403359.0,17.354267538346733,36.02150537634409,estimativa IBGE em 1º de julho,"CAUSABAS X85-X99, Y00-Y09, Y35 ou Y36; todas as idades; residência",final
31032,Itaguara,MG,Sudeste,2016,6,64892.0,9.246132034765456,12.365591397849462,estimativa IBGE em 1º de julho,"CAUSABAS X85-X99, Y00-Y09, Y35 ou Y36; todas as idades; residência",final
31033,Ouro Preto,MG,Sudeste,2016,27,187922.0,14.367663179404222,27.060931899641577,estimativa IBGE em 1º de julho,"CAUSABAS X85-X99, Y00-Y09, Y35 ou Y36; todas as idades; residência",final
31034,Conselheiro Lafaiete,MG,Sudeste,2016,44,267370.0,16.456595728765382,32.97491039426523,estimativa IBGE em 1º de julho,"CAUSABAS X85-X99, Y00-Y09, Y35 ou Y36; todas as idades; residência",final
31035,Guanhães,MG,Sudeste,2016,24,136460.0,17.587571449509014,36.738351254480285,estimativa IBGE em 1º de julho,"CAUSABAS X85-X99, Y00-Y09, Y35 ou Y36; todas as idades; residência",final
31036,Peçanha,MG,Sudeste,2016,14,82841.0,16.899844280006278,34.229390681003586,estimativa IBGE em 1º de julho,"CAUSABAS X85-X99, Y00-Y09, Y35 ou Y36; todas as idades; residência",final
31037,Governador Valadares,MG,Sudeste,2016,151,437535.0,34.51152479230233,73.65591397849462,estimativa IBGE em 1º de julho,"CAUSABAS X85-X99, Y00-Y09, Y35 ou Y36; todas as idades; residência",final
31038,Mantena,MG,Sudeste,2016,13,65857.0,19.739739131755165,41.935483870967744,estimativa IBGE em 1º de julho,"CAUSABAS X85-X99, Y00-Y09, Y35 ou Y36; todas as idades; residência",final
31039,Ipatinga,MG,Sudeste,2016,157,567541.0,27.66319966310804,61.29032258064516,estimativa IBGE em 1º de julho,"CAUSABAS X85-X99, Y00-Y09, Y35 ou Y36; todas as idades; residência",final
31040,Caratinga,MG,Sudeste,2016,58,267441.0,21.687026297388957,46.95340501792115,estimativa IBGE em 1º de julho,"CAUSABAS X85-X99, Y00-Y09, Y35 ou Y36; todas as idades; residência",final
31041,Aimorés,MG,Sudeste,2016,38,154773.0,24.552085958145156,55.376344086021504,estimativa IBGE em 1º de julho,"CAUSABAS X85-X99, Y00-Y09, Y35 ou Y36; todas as idades; residência",final
31042,Piuí,MG,Sudeste,2016,6,86257.0,6.95595719767671,6.093189964157706,estimativa IBGE em 1º de julho,"CAUSABAS X85-X99, Y00-Y09, Y35 ou Y36; todas as idades; residência",final
31043,Divinópolis,MG,Sudeste,2016,120,540190.0,22.214406042318444,49.10394265232975,estimativa IBGE em 1º de julho,"CAUSABAS X85-X99, Y00-Y09, Y35 ou Y36; todas as idades; residência",final
31044,Formiga,MG,Sudeste,2016,12,160332.0,7.484469725319961,6.451612903225806,estimativa IBGE em 1º de julho,"CAUSABAS X85-X99, Y00-Y09, Y35 ou Y36; todas as idades; residência",final
31045,Campo Belo,MG,Sudeste,2016,18,118175.0,15.231647979691136,28.85304659498208,estimativa IBGE em 1º de julho,"CAUSABAS X85-X99, Y00-Y09, Y35 ou Y36; todas as idades; residência",final
31046,Oliveira,MG,Sudeste,2016,13,132998.0,9.77458307643724,14.874551971326165,estimativa IBGE em 1º de julho,"CAUSABAS X85-X99, Y00-Y09, Y35 ou Y36; todas as idades; residência",final
31047,Passos,MG,Sudeste,2016,24,241004.0,9.95834094039933,15.412186379928315,estimativa IBGE em 1º de julho,"CAUSABAS X85-X99, Y00-Y09, Y35 ou Y36; todas as idades; residência",final
31048,São Sebastião do Paraíso,MG,Sudeste,2016,21,279991.0,7.500241079177545,6.810035842293907,estimativa IBGE em 1º de julho,"CAUSABAS X85-X99, Y00-Y09, Y35 ou Y36; todas as idades; residência",final
31049,Alfenas,MG,Sudeste,2016,27,240125.0,11.244143675169182,18.63799283154122,estimativa IBGE em 1º de julho,"CAUSABAS X85-X99, Y00-Y09, Y35 ou Y36; todas as idades; residência",final
31050,Varginha,MG,Sudeste,2016,49,470701.0,10.41000550243148,17.025089605734767,estimativa IBGE em 1º de julho,"CAUSABAS X85-X99, Y00-Y09, Y35 ou Y36; todas as idades; residência",final
31051,Poços de Caldas,MG,Sudeste,2016,18,367325.0,4.900292656366977,2.867383512544803,estimativa IBGE em 1º de julho,"CAUSABAS X85-X99, Y00-Y09, Y35 ou Y36; todas as idades; residência",final
31052,Pouso Alegre,MG,Sudeste,2016,27,357117.0,7.560547383630575,7.526881720430108,estimativa IBGE em 1º de julho,"CAUSABAS X85-X99, Y00-Y09, Y35 ou Y36; todas as idades; residência",final
31053,Santa Rita do Sapucaí,MG,Sudeste,2016,7,150065.0,4.664645320361177,2.150537634408602,estimativa IBGE em 1º de julho,"CAUSABAS X85-X99, Y00-Y09, Y35 ou Y36; todas as idades; residência",final
31054,São Lourenço,MG,Sudeste,2016,7,220641.0,3.1725744535240503,0.35842293906810035,estimativa IBGE em 1º de julho,"CAUSABAS X85-X99, Y00-Y09, Y35 ou Y36; todas as idades; residência",final
31055,Andrelândia,MG,Sudeste,2016,5,76401.0,6.544416957893222,5.197132616487456,estimativa IBGE em 1º de julho,"CAUSABAS X85-X99, Y00-Y09, Y35 ou Y36; todas as idades; residência",final
31056,Itajubá,MG,Sudeste,2016,18,198802.0,9.054234866852447,11.469534050179211,estimativa IBGE em 1º de julho,"CAUSABAS X85-X99, Y00-Y09, Y35 ou Y36; todas as idades; residência",final
31057,Lavras,MG,Sudeste,2016,14,161245.0,8.682439765574125,10.931899641577061,estimativa IBGE em 1º de julho,"CAUSABAS X85-X99, Y00-Y09, Y35 ou Y36; todas as idades; residência",final
31058,São João Del Rei,MG,Sudeste,2016,23,193783.0,11.868946192390457,20.60931899641577,estimativa IBGE em 1º de julho,"CAUSABAS X85-X99, Y00-Y09, Y35 ou Y36; todas as idades; residência",final
31059,Barbacena,MG,Sudeste,2016,11,236484.0,4.651477478391773,1.971326164874552,estimativa IBGE em 1º de julho,"CAUSABAS X85-X99, Y00-Y09, Y35 ou Y36; todas as idades; residência",final
31060,Ponte Nova,MG,Sudeste,2016,35,191825.0,18.245796950345365,38.53046594982079,estimativa IBGE em 1º de julho,"CAUSABAS X85-X99, Y00-Y09, Y35 ou Y36; todas as idades; residência",final
31061,Manhuaçu,MG,Sudeste,2016,69,293200.0,23.53342428376535,52.1505376344086,estimativa IBGE em 1º de julho,"CAUSABAS X85-X99, Y00-Y09, Y35 ou Y36; todas as idades; residência",final
31062,Viçosa,MG,Sudeste,2016,54,231577.0,23.31837790454147,51.075268817204304,estimativa IBGE em 1º de julho,"CAUSABAS X85-X99, Y00-Y09, Y35 ou Y36; todas as idades; residência",final
31063,Muriaé,MG,Sudeste,2016,66,291416.0,22.648035797622644,49.82078853046595,estimativa IBGE em 1º de julho,"CAUSABAS X85-X99, Y00-Y09, Y35 ou Y36; todas as idades; residência",final
31064,Ubá,MG,Sudeste,2016,35,290926.0,12.030550724239154,20.788530465949822,estimativa IBGE em 1º de julho,"CAUSABAS X85-X99, Y00-Y09, Y35 ou Y36; todas as idades; residência",final
31065,Juiz de Fora,MG,Sudeste,2016,173,781064.0,22.149273298987023,48.74551971326165,estimativa IBGE em 1º de julho,"CAUSABAS X85-X99, Y00-Y09, Y35 ou Y36; todas as idades; residência",final
31066,Cataguases,MG,Sudeste,2016,21,227740.0,9.221041538596646,12.007168458781361,estimativa IBGE em 1º de julho,"CAUSABAS X85-X99, Y00-Y09, Y35 ou Y36; todas as idades; residência",final
32001,Barra de São Francisco,ES,Sudeste,2016,29,96419.0,30.07705950072081,66.30824372759857,estimativa IBGE em 1º de julho,"CAUSABAS X85-X99, Y00-Y09, Y35 ou Y36; todas as idades; residência",final
32002,Nova Venécia,ES,Sudeste,2016,48,137061.0,35.02090310153873,74.91039426523298,estimativa IBGE em 1º de julho,"CAUSABAS X85-X99, Y00-Y09, Y35 ou Y36; todas as idades; residência",final
32003,Colatina,ES,Sudeste,2016,61,220456.0,27.669920528359402,61.46953405017921,estimativa IBGE em 1º de julho,"CAUSABAS X85-X99, Y00-Y09, Y35 ou Y36; todas as idades; residência",final
32004,Montanha,ES,Sudeste,2016,18,59871.0,30.064638973793656,66.12903225806451,estimativa IBGE em 1º de julho,"CAUSABAS X85-X99, Y00-Y09, Y35 ou Y36; todas as idades; residência",final
32005,São Mateus,ES,Sudeste,2016,105,213276.0,49.23198109491926,89.24731182795699,estimativa IBGE em 1º de julho,"CAUSABAS X85-X99, Y00-Y09, Y35 ou Y36; todas as idades; residência",final
32006,Linhares,ES,Sudeste,2016,122,361010.0,33.794077726378774,72.04301075268818,estimativa IBGE em 1º de julho,"CAUSABAS X85-X99, Y00-Y09, Y35 ou Y36; todas as idades; residência",final
32007,Afonso Cláudio,ES,Sudeste,2016,19,144600.0,13.13969571230982,24.193548387096776,estimativa IBGE em 1º de julho,"CAUSABAS X85-X99, Y00-Y09, Y35 ou Y36; todas as idades; residência",final
32008,Santa Teresa,ES,Sudeste,2016,13,114729.0,11.33104969101099,19.17562724014337,estimativa IBGE em 1º de julho,"CAUSABAS X85-X99, Y00-Y09, Y35 ou Y36; todas as idades; residência",final
32009,Vitória,ES,Sudeste,2016,673,1793601.0,37.522280596409125,79.21146953405018,estimativa IBGE em 1º de julho,"CAUSABAS X85-X99, Y00-Y09, Y35 ou Y36; todas as idades; residência",final
32010,Guarapari,ES,Sudeste,2016,60,211630.0,28.351367953503757,62.365591397849464,estimativa IBGE em 1º de julho,"CAUSABAS X85-X99, Y00-Y09, Y35 ou Y36; todas as idades; residência",final
32011,Alegre,ES,Sudeste,2016,21,171426.0,12.250183752756291,21.50537634408602,estimativa IBGE em 1º de julho,"CAUSABAS X85-X99, Y00-Y09, Y35 ou Y36; todas as idades; residência",final
32012,Cachoeiro de Itapemirim,ES,Sudeste,2016,78,365336.0,21.35020912256115,46.236559139784944,estimativa IBGE em 1º de julho,"CAUSABAS X85-X99, Y00-Y09, Y35 ou Y36; todas as idades; residência",final
32013,Itapemirim,ES,Sudeste,2016,19,84282.0,22.543366317837734,49.6415770609319,estimativa IBGE em 1º de julho,"CAUSABAS X85-X99, Y00-Y09, Y35 ou Y36; todas as idades; residência",final
33001,Itaperuna,RJ,Sudeste,2016,23,201081.0,11.43817665517876,19.35483870967742,estimativa IBGE em 1º de julho,"CAUSABAS X85-X99, Y00-Y09, Y35 ou Y36; todas as idades; residência",final
33002,Santo Antônio de Pádua,RJ,Sudeste,2016,26,123809.0,21.000088846529735,44.982078853046595,estimativa IBGE em 1º de julho,"CAUSABAS X85-X99, Y00-Y09, Y35 ou Y36; todas as idades; residência",final
33003,Campos dos Goytacazes,RJ,Sudeste,2016,313,613544.0,51.01508612259268,90.50179211469533,estimativa IBGE em 1º de julho,"CAUSABAS X85-X99, Y00-Y09, Y35 ou Y36; todas as idades; residência",final
33004,Macaé,RJ,Sudeste,2016,135,300204.0,44.96942079386017,84.94623655913979,estimativa IBGE em 1º de julho,"CAUSABAS X85-X99, Y00-Y09, Y35 ou Y36; todas as idades; residência",final
33005,Três Rios,RJ,Sudeste,2016,20,159884.0,12.509069075079433,22.40143369175627,estimativa IBGE em 1º de julho,"CAUSABAS X85-X99, Y00-Y09, Y35 ou Y36; todas as idades; residência",final
33006,Cantagalo-Cordeiro,RJ,Sudeste,2016,11,64624.0,17.021539985144837,34.946236559139784,estimativa IBGE em 1º de julho,"CAUSABAS X85-X99, Y00-Y09, Y35 ou Y36; todas as idades; residência",final
33007,Nova Friburgo,RJ,Sudeste,2016,31,237824.0,13.034849300322929,24.014336917562723,estimativa IBGE em 1º de julho,"CAUSABAS X85-X99, Y00-Y09, Y35 ou Y36; todas as idades; residência",final
33008,Santa Maria Madalena,RJ,Sudeste,2016,3,29624.0,10.12692411558196,15.949820788530467,estimativa IBGE em 1º de julho,"CAUSABAS X85-X99, Y00-Y09, Y35 ou Y36; todas as idades; residência",final
33009,Bacia de São João,RJ,Sudeste,2016,97,199072.0,48.72608905320688,88.88888888888889,estimativa IBGE em 1º de julho,"CAUSABAS X85-X99, Y00-Y09, Y35 ou Y36; todas as idades; residência",final
33010,Lagos,RJ,Sudeste,2016,279,606630.0,45.99179071262549,85.84229390681004,estimativa IBGE em 1º de julho,"CAUSABAS X85-X99, Y00-Y09, Y35 ou Y36; todas as idades; residência",final
33011,Vale do Paraíba Fluminense,RJ,Sudeste,2016,175,702576.0,24.908337318667304,56.09318996415771,estimativa IBGE em 1º de julho,"CAUSABAS X85-X99, Y00-Y09, Y35 ou Y36; todas as idades; residência",final
33012,Barra do Piraí,RJ,Sudeste,2016,31,180092.0,17.213424249827867,35.483870967741936,estimativa IBGE em 1º de julho,"CAUSABAS X85-X99, Y00-Y09, Y35 ou Y36; todas as idades; residência",final
33013,Baía da Ilha Grande,RJ,Sudeste,2016,119,232479.0,51.18741907871249,91.0394265232975,estimativa IBGE em 1º de julho,"CAUSABAS X85-X99, Y00-Y09, Y35 ou Y36; todas as idades; residência",final
33014,Vassouras,RJ,Sudeste,2016,57,169119.0,33.704078193461406,71.86379928315412,estimativa IBGE em 1º de julho,"CAUSABAS X85-X99, Y00-Y09, Y35 ou Y36; todas as idades; residência",final
33015,Serrana,RJ,Sudeste,2016,47,493762.0,9.51875599985418,13.978494623655914,estimativa IBGE em 1º de julho,"CAUSABAS X85-X99, Y00-Y09, Y35 ou Y36; todas as idades; residência",final
33016,Macacu-Caceribu,RJ,Sudeste,2016,16,114566.0,13.965749000576087,26.164874551971327,estimativa IBGE em 1º de julho,"CAUSABAS X85-X99, Y00-Y09, Y35 ou Y36; todas as idades; residência",final
33017,Itaguaí,RJ,Sudeste,2016,117,246079.0,47.54570686649409,87.63440860215054,estimativa IBGE em 1º de julho,"CAUSABAS X85-X99, Y00-Y09, Y35 ou Y36; todas as idades; residência",final
33018,Rio de Janeiro,RJ,Sudeste,2016,4159,11961027.0,34.771261698514685,74.01433691756273,estimativa IBGE em 1º de julho,"CAUSABAS X85-X99, Y00-Y09, Y35 ou Y36; todas as idades; residência",final
35001,Jales,SP,Sudeste,2016,12,155532.0,7.715454054471105,8.243727598566307,estimativa IBGE em 1º de julho,"CAUSABAS X85-X99, Y00-Y09, Y35 ou Y36; todas as idades; residência",final
35002,Fernandópolis,SP,Sudeste,2016,6,110263.0,5.441535238475282,3.5842293906810037,estimativa IBGE em 1º de julho,"CAUSABAS X85-X99, Y00-Y09, Y35 ou Y36; todas as idades; residência",final
35003,Votuporanga,SP,Sudeste,2016,14,150770.0,9.285666909862705,12.544802867383513,estimativa IBGE em 1º de julho,"CAUSABAS X85-X99, Y00-Y09, Y35 ou Y36; todas as idades; residência",final
35004,São José do Rio Preto,SP,Sudeste,2016,72,835254.0,8.620132319031097,10.75268817204301,estimativa IBGE em 1º de julho,"CAUSABAS X85-X99, Y00-Y09, Y35 ou Y36; todas as idades; residência",final
35005,Catanduva,SP,Sudeste,2016,16,238658.0,6.704154061460333,5.734767025089606,estimativa IBGE em 1º de julho,"CAUSABAS X85-X99, Y00-Y09, Y35 ou Y36; todas as idades; residência",final
35006,Auriflama,SP,Sudeste,2016,5,48973.0,10.209707389786209,16.129032258064516,estimativa IBGE em 1º de julho,"CAUSABAS X85-X99, Y00-Y09, Y35 ou Y36; todas as idades; residência",final
35007,Nhandeara,SP,Sudeste,2016,8,70730.0,11.310617842499646,18.996415770609318,estimativa IBGE em 1º de julho,"CAUSABAS X85-X99, Y00-Y09, Y35 ou Y36; todas as idades; residência",final
35008,Novo Horizonte,SP,Sudeste,2016,10,85498.0,11.696180027602985,20.07168458781362,estimativa IBGE em 1º de julho,"CAUSABAS X85-X99, Y00-Y09, Y35 ou Y36; todas as idades; residência",final
35009,Barretos,SP,Sudeste,2016,9,144477.0,6.229365227683299,4.838709677419355,estimativa IBGE em 1º de julho,"CAUSABAS X85-X99, Y00-Y09, Y35 ou Y36; todas as idades; residência",final
35010,São Joaquim da Barra,SP,Sudeste,2016,12,228836.0,5.243930150850391,3.225806451612903,estimativa IBGE em 1º de julho,"CAUSABAS X85-X99, Y00-Y09, Y35 ou Y36; todas as idades; residência",final
35011,Ituverava,SP,Sudeste,2016,5,102001.0,4.90191272634582,3.046594982078853,estimativa IBGE em 1º de julho,"CAUSABAS X85-X99, Y00-Y09, Y35 ou Y36; todas as idades; residência",final
35012,Franca,SP,Sudeste,2016,39,417802.0,9.334565176806239,12.724014336917563,estimativa IBGE em 1º de julho,"CAUSABAS X85-X99, Y00-Y09, Y35 ou Y36; todas as idades; residência",final
35013,Jaboticabal,SP,Sudeste,2016,53,433099.0,12.237386833033556,21.32616487455197,estimativa IBGE em 1º de julho,"CAUSABAS X85-X99, Y00-Y09, Y35 ou Y36; todas as idades; residência",final
35014,Ribeirão Preto,SP,Sudeste,2016,124,1150818.0,10.774944430830939,17.38351254480287,estimativa IBGE em 1º de julho,"CAUSABAS X85-X99, Y00-Y09, Y35 ou Y36; todas as idades; residência",final
35015,Batatais,SP,Sudeste,2016,6,114173.0,5.255182924158952,3.4050179211469533,estimativa IBGE em 1º de julho,"CAUSABAS X85-X99, Y00-Y09, Y35 ou Y36; todas as idades; residência",final
35016,Andradina,SP,Sudeste,2016,29,191692.0,15.128435198130335,28.67383512544803,estimativa IBGE em 1º de julho,"CAUSABAS X85-X99, Y00-Y09, Y35 ou Y36; todas as idades; residência",final
35017,Araçatuba,SP,Sudeste,2016,55,276667.0,19.87949412109142,42.29390681003584,estimativa IBGE em 1º de julho,"CAUSABAS X85-X99, Y00-Y09, Y35 ou Y36; todas as idades; residência",final
35018,Birigui,SP,Sudeste,2016,24,280799.0,8.54703898518157,10.394265232974911,estimativa IBGE em 1º de julho,"CAUSABAS X85-X99, Y00-Y09, Y35 ou Y36; todas as idades; residência",final
35019,Lins,SP,Sudeste,2016,22,172304.0,12.768130745658835,22.759856630824373,estimativa IBGE em 1º de julho,"CAUSABAS X85-X99, Y00-Y09, Y35 ou Y36; todas as idades; residência",final
35020,Bauru,SP,Sudeste,2016,51,604497.0,8.436766435565437,10.21505376344086,estimativa IBGE em 1º de julho,"CAUSABAS X85-X99, Y00-Y09, Y35 ou Y36; todas as idades; residência",final
35021,Jaú,SP,Sudeste,2016,23,375578.0,6.123894370809792,4.480286738351254,estimativa IBGE em 1º de julho,"CAUSABAS X85-X99, Y00-Y09, Y35 ou Y36; todas as idades; residência",final
35022,Avaré,SP,Sudeste,2016,15,194592.0,7.7084361124814995,7.885304659498208,estimativa IBGE em 1º de julho,"CAUSABAS X85-X99, Y00-Y09, Y35 ou Y36; todas as idades; residência",final
35023,Botucatu,SP,Sudeste,2016,11,227808.0,4.8286276162382356,2.5089605734767026,estimativa IBGE em 1º de julho,"CAUSABAS X85-X99, Y00-Y09, Y35 ou Y36; todas as idades; residência",final
35024,Araraquara,SP,Sudeste,2016,51,546151.0,9.33807683223138,13.082437275985663,estimativa IBGE em 1º de julho,"CAUSABAS X85-X99, Y00-Y09, Y35 ou Y36; todas as idades; residência",final
35025,São Carlos,SP,Sudeste,2016,41,337492.0,12.148436111078189,21.14695340501792,estimativa IBGE em 1º de julho,"CAUSABAS X85-X99, Y00-Y09, Y35 ou Y36; todas as idades; residência",final
35026,Rio Claro,SP,Sudeste,2016,42,263473.0,15.940912351550253,31.003584229390682,estimativa IBGE em 1º de julho,"CAUSABAS X85-X99, Y00-Y09, Y35 ou Y36; todas as idades; residência",final
35027,Limeira,SP,Sudeste,2016,49,632438.0,7.7477950407787,8.422939068100359,estimativa IBGE em 1º de julho,"CAUSABAS X85-X99, Y00-Y09, Y35 ou Y36; todas as idades; residência",final
35028,Piracicaba,SP,Sudeste,2016,54,606192.0,8.908068730699185,11.290322580645162,estimativa IBGE em 1º de julho,"CAUSABAS X85-X99, Y00-Y09, Y35 ou Y36; todas as idades; residência",final
35029,Pirassununga,SP,Sudeste,2016,17,198430.0,8.56725293554402,10.57347670250896,estimativa IBGE em 1º de julho,"CAUSABAS X85-X99, Y00-Y09, Y35 ou Y36; todas as idades; residência",final
35030,São João da Boa Vista,SP,Sudeste,2016,16,430164.0,3.7195116281232274,0.8960573476702509,estimativa IBGE em 1º de julho,"CAUSABAS X85-X99, Y00-Y09, Y35 ou Y36; todas as idades; residência",final
35031,Mogi Mirim,SP,Sudeste,2016,33,417419.0,7.905725422177716,8.602150537634408,estimativa IBGE em 1º de julho,"CAUSABAS X85-X99, Y00-Y09, Y35 ou Y36; todas as idades; residência",final
35032,Campinas,SP,Sudeste,2016,336,2927990.0,11.47544902817291,19.71326164874552,estimativa IBGE em 1º de julho,"CAUSABAS X85-X99, Y00-Y09, Y35 ou Y36; todas as idades; residência",final
35033,Amparo,SP,Sudeste,2016,12,193636.0,6.197194736515937,4.659498207885305,estimativa IBGE em 1º de julho,"CAUSABAS X85-X99, Y00-Y09, Y35 ou Y36; todas as idades; residência",final
35034,Dracena,SP,Sudeste,2016,10,124089.0,8.058732039100969,9.13978494623656,estimativa IBGE em 1º de julho,"CAUSABAS X85-X99, Y00-Y09, Y35 ou Y36; todas as idades; residência",final
35035,Adamantina,SP,Sudeste,2016,4,167490.0,2.388202280733178,0.17921146953405018,estimativa IBGE em 1º de julho,"CAUSABAS X85-X99, Y00-Y09, Y35 ou Y36; todas as idades; residência",final
35036,Presidente Prudente,SP,Sudeste,2016,109,607231.0,17.9503352101589,38.17204301075269,estimativa IBGE em 1º de julho,"CAUSABAS X85-X99, Y00-Y09, Y35 ou Y36; todas as idades; residência",final
35037,Tupã,SP,Sudeste,2016,11,114144.0,9.63694981777404,14.336917562724015,estimativa IBGE em 1º de julho,"CAUSABAS X85-X99, Y00-Y09, Y35 ou Y36; todas as idades; residência",final
35038,Marília,SP,Sudeste,2016,33,351682.0,9.38347711853322,13.440860215053764,estimativa IBGE em 1º de julho,"CAUSABAS X85-X99, Y00-Y09, Y35 ou Y36; todas as idades; residência",final
35039,Assis,SP,Sudeste,2016,23,281234.0,8.178243028936757,9.498207885304659,estimativa IBGE em 1º de julho,"CAUSABAS X85-X99, Y00-Y09, Y35 ou Y36; todas as idades; residência",final
35040,Ourinhos,SP,Sudeste,2016,18,309251.0,5.82051472751907,3.942652329749104,estimativa IBGE em 1º de julho,"CAUSABAS X85-X99, Y00-Y09, Y35 ou Y36; todas as idades; residência",final
35041,Itapeva,SP,Sudeste,2016,19,252384.0,7.528210980093825,7.168458781362007,estimativa IBGE em 1º de julho,"CAUSABAS X85-X99, Y00-Y09, Y35 ou Y36; todas as idades; residência",final
35042,Itapetininga,SP,Sudeste,2016,16,211764.0,7.555580740824691,7.347670250896058,estimativa IBGE em 1º de julho,"CAUSABAS X85-X99, Y00-Y09, Y35 ou Y36; todas as idades; residência",final
35043,Tatuí,SP,Sudeste,2016,14,289383.0,4.8378792119785885,2.6881720430107525,estimativa IBGE em 1º de julho,"CAUSABAS X85-X99, Y00-Y09, Y35 ou Y36; todas as idades; residência",final
35044,Capão Bonito,SP,Sudeste,2016,11,136264.0,8.072565020841894,9.31899641577061,estimativa IBGE em 1º de julho,"CAUSABAS X85-X99, Y00-Y09, Y35 ou Y36; todas as idades; residência",final
35045,Piedade,SP,Sudeste,2016,20,201278.0,9.936505728395552,15.232974910394265,estimativa IBGE em 1º de julho,"CAUSABAS X85-X99, Y00-Y09, Y35 ou Y36; todas as idades; residência",final
35046,Sorocaba,SP,Sudeste,2016,168,1466918.0,11.452582898294247,19.53405017921147,estimativa IBGE em 1º de julho,"CAUSABAS X85-X99, Y00-Y09, Y35 ou Y36; todas as idades; residência",final
35047,Jundiaí,SP,Sudeste,2016,53,705705.0,7.510220276177723,6.989247311827957,estimativa IBGE em 1º de julho,"CAUSABAS X85-X99, Y00-Y09, Y35 ou Y36; todas as idades; residência",final
35048,Bragança Paulista,SP,Sudeste,2016,42,554672.0,7.572042576513687,7.706093189964157,estimativa IBGE em 1º de julho,"CAUSABAS X85-X99, Y00-Y09, Y35 ou Y36; todas as idades; residência",final
35049,Campos do Jordão,SP,Sudeste,2016,8,73330.0,10.909586799399973,17.741935483870968,estimativa IBGE em 1º de julho,"CAUSABAS X85-X99, Y00-Y09, Y35 ou Y36; todas as idades; residência",final
35050,São José dos Campos,SP,Sudeste,2016,247,1553002.0,15.90468009699923,30.82437275985663,estimativa IBGE em 1º de julho,"CAUSABAS X85-X99, Y00-Y09, Y35 ou Y36; todas as idades; residência",final
35051,Guaratinguetá,SP,Sudeste,2016,82,429708.0,19.082725944129503,40.50179211469534,estimativa IBGE em 1º de julho,"CAUSABAS X85-X99, Y00-Y09, Y35 ou Y36; todas as idades; residência",final
35052,Bananal,SP,Sudeste,2016,1,27582.0,3.6255528968167647,0.7168458781362007,estimativa IBGE em 1º de julho,"CAUSABAS X85-X99, Y00-Y09, Y35 ou Y36; todas as idades; residência",final
35053,Paraibuna/Paraitinga,SP,Sudeste,2016,11,72746.0,15.121106315123855,28.49462365591398,estimativa IBGE em 1º de julho,"CAUSABAS X85-X99, Y00-Y09, Y35 ou Y36; todas as idades; residência",final
35054,Caraguatatuba,SP,Sudeste,2016,87,319511.0,27.2291094829286,60.39426523297491,estimativa IBGE em 1º de julho,"CAUSABAS X85-X99, Y00-Y09, Y35 ou Y36; todas as idades; residência",final
35055,Registro,SP,Sudeste,2016,26,252187.0,10.309809784009484,16.666666666666668,estimativa IBGE em 1º de julho,"CAUSABAS X85-X99, Y00-Y09, Y35 ou Y36; todas as idades; residência",final
35056,Itanhaém,SP,Sudeste,2016,38,244696.0,15.529473305652727,29.74910394265233,estimativa IBGE em 1º de julho,"CAUSABAS X85-X99, Y00-Y09, Y35 ou Y36; todas as idades; residência",final
35057,Osasco,SP,Sudeste,2016,225,1922496.0,11.703535403974833,20.25089605734767,estimativa IBGE em 1º de julho,"CAUSABAS X85-X99, Y00-Y09, Y35 ou Y36; todas as idades; residência",final
35058,Franco da Rocha,SP,Sudeste,2016,56,508589.0,11.010855523811959,18.100358422939067,estimativa IBGE em 1º de julho,"CAUSABAS X85-X99, Y00-Y09, Y35 ou Y36; todas as idades; residência",final
35059,Guarulhos,SP,Sudeste,2016,221,1477762.0,14.95504688847054,28.136200716845877,estimativa IBGE em 1º de julho,"CAUSABAS X85-X99, Y00-Y09, Y35 ou Y36; todas as idades; residência",final
35060,Itapecerica da Serra,SP,Sudeste,2016,125,1106685.0,11.294993607033618,18.817204301075268,estimativa IBGE em 1º de julho,"CAUSABAS X85-X99, Y00-Y09, Y35 ou Y36; todas as idades; residência",final
35061,São Paulo,SP,Sudeste,2016,1449,14774858.0,9.807200854316163,15.053763440860216,estimativa IBGE em 1º de julho,"CAUSABAS X85-X99, Y00-Y09, Y35 ou Y36; todas as idades; residência",final
35062,Mogi das Cruzes,SP,Sudeste,2016,187,1452549.0,12.87392026017711,23.29749103942652,estimativa IBGE em 1º de julho,"CAUSABAS X85-X99, Y00-Y09, Y35 ou Y36; todas as idades; residência",final
35063,Santos,SP,Sudeste,2016,169,1596303.0,10.586962500227088,17.204301075268816,estimativa IBGE em 1º de julho,"CAUSABAS X85-X99, Y00-Y09, Y35 ou Y36; todas as idades; residência",final
41001,Paranavaí,PR,Sul,2016,85,286640.0,29.653921295004185,65.59139784946237,estimativa IBGE em 1º de julho,"CAUSABAS X85-X99, Y00-Y09, Y35 ou Y36; todas as idades; residência",final
41002,Umuarama,PR,Sul,2016,70,277906.0,25.188373047001505,57.168458781362006,estimativa IBGE em 1º de julho,"CAUSABAS X85-X99, Y00-Y09, Y35 ou Y36; todas as idades; residência",final
41003,Cianorte,PR,Sul,2016,46,155856.0,29.514423570475312,65.05376344086021,estimativa IBGE em 1º de julho,"CAUSABAS X85-X99, Y00-Y09, Y35 ou Y36; todas as idades; residência",final
41004,Goioerê,PR,Sul,2016,28,114639.0,24.42449777126458,55.017921146953405,estimativa IBGE em 1º de julho,"CAUSABAS X85-X99, Y00-Y09, Y35 ou Y36; todas as idades; residência",final
41005,Campo Mourão,PR,Sul,2016,62,225148.0,27.537442038126034,60.93189964157706,estimativa IBGE em 1º de julho,"CAUSABAS X85-X99, Y00-Y09, Y35 ou Y36; todas as idades; residência",final
41006,Astorga,PR,Sul,2016,32,195521.0,16.36652840359859,31.899641577060933,estimativa IBGE em 1º de julho,"CAUSABAS X85-X99, Y00-Y09, Y35 ou Y36; todas as idades; residência",final
41007,Porecatu,PR,Sul,2016,18,85057.0,21.16227941262918,45.51971326164875,estimativa IBGE em 1º de julho,"CAUSABAS X85-X99, Y00-Y09, Y35 ou Y36; todas as idades; residência",final
41008,Floraí,PR,Sul,2016,3,36294.0,8.265829062654984,9.85663082437276,estimativa IBGE em 1º de julho,"CAUSABAS X85-X99, Y00-Y09, Y35 ou Y36; todas as idades; residência",final
41009,Maringá,PR,Sul,2016,90,603235.0,14.919558712607856,27.77777777777778,estimativa IBGE em 1º de julho,"CAUSABAS X85-X99, Y00-Y09, Y35 ou Y36; todas as idades; residência",final
41010,Apucarana,PR,Sul,2016,63,314606.0,20.025047201896975,43.01075268817204,estimativa IBGE em 1º de julho,"CAUSABAS X85-X99, Y00-Y09, Y35 ou Y36; todas as idades; residência",final
41011,Londrina,PR,Sul,2016,188,791907.0,23.740161407842084,52.5089605734767,estimativa IBGE em 1º de julho,"CAUSABAS X85-X99, Y00-Y09, Y35 ou Y36; todas as idades; residência",final
41012,Faxinal,PR,Sul,2016,11,47240.0,23.285351397121083,50.89605734767025,estimativa IBGE em 1º de julho,"CAUSABAS X85-X99, Y00-Y09, Y35 ou Y36; todas as idades; residência",final
41013,Ivaiporã,PR,Sul,2016,24,136714.0,17.55489562151645,36.55913978494624,estimativa IBGE em 1º de julho,"CAUSABAS X85-X99, Y00-Y09, Y35 ou Y36; todas as idades; residência",final
41014,Assaí,PR,Sul,2016,16,72582.0,22.04403295582927,48.5663082437276,estimativa IBGE em 1º de julho,"CAUSABAS X85-X99, Y00-Y09, Y35 ou Y36; todas as idades; residência",final
41015,Cornélio Procópio,PR,Sul,2016,32,179059.0,17.871204463333314,37.81362007168459,estimativa IBGE em 1º de julho,"CAUSABAS X85-X99, Y00-Y09, Y35 ou Y36; todas as idades; residência",final
41016,Jacarezinho,PR,Sul,2016,20,128315.0,15.586642247593812,29.92831541218638,estimativa IBGE em 1º de julho,"CAUSABAS X85-X99, Y00-Y09, Y35 ou Y36; todas as idades; residência",final
41017,Ibaiti,PR,Sul,2016,9,81513.0,11.041183614883515,18.27956989247312,estimativa IBGE em 1º de julho,"CAUSABAS X85-X99, Y00-Y09, Y35 ou Y36; todas as idades; residência",final
41018,Wenceslau Braz,PR,Sul,2016,6,103040.0,5.8229813664596275,4.121863799283154,estimativa IBGE em 1º de julho,"CAUSABAS X85-X99, Y00-Y09, Y35 ou Y36; todas as idades; residência",final
41019,Telêmaco Borba,PR,Sul,2016,96,170773.0,56.21497543522688,93.54838709677419,estimativa IBGE em 1º de julho,"CAUSABAS X85-X99, Y00-Y09, Y35 ou Y36; todas as idades; residência",final
41020,Jaguariaíva,PR,Sul,2016,19,106865.0,17.779441351237544,37.634408602150536,estimativa IBGE em 1º de julho,"CAUSABAS X85-X99, Y00-Y09, Y35 ou Y36; todas as idades; residência",final
41021,Ponta Grossa,PR,Sul,2016,103,468117.0,22.003046246985264,48.028673835125446,estimativa IBGE em 1º de julho,"CAUSABAS X85-X99, Y00-Y09, Y35 ou Y36; todas as idades; residência",final
41022,Toledo,PR,Sul,2016,88,407741.0,21.58232799742974,46.415770609319,estimativa IBGE em 1º de julho,"CAUSABAS X85-X99, Y00-Y09, Y35 ou Y36; todas as idades; residência",final
41023,Cascavel,PR,Sul,2016,121,466570.0,25.933943459716655,58.96057347670251,estimativa IBGE em 1º de julho,"CAUSABAS X85-X99, Y00-Y09, Y35 ou Y36; todas as idades; residência",final
41024,Foz do Iguaçu,PR,Sul,2016,137,427754.0,32.027754269977606,69.53405017921148,estimativa IBGE em 1º de julho,"CAUSABAS X85-X99, Y00-Y09, Y35 ou Y36; todas as idades; residência",final
41025,Capanema,PR,Sul,2016,9,99362.0,9.057788691854029,11.64874551971326,estimativa IBGE em 1º de julho,"CAUSABAS X85-X99, Y00-Y09, Y35 ou Y36; todas as idades; residência",final
41026,Francisco Beltrão,PR,Sul,2016,44,257934.0,17.058627400807957,35.12544802867384,estimativa IBGE em 1º de julho,"CAUSABAS X85-X99, Y00-Y09, Y35 ou Y36; todas as idades; residência",final
41027,Pato Branco,PR,Sul,2016,26,169315.0,15.355993266987568,29.211469534050178,estimativa IBGE em 1º de julho,"CAUSABAS X85-X99, Y00-Y09, Y35 ou Y36; todas as idades; residência",final
41028,Pitanga,PR,Sul,2016,8,73952.0,10.817827780181739,17.56272401433692,estimativa IBGE em 1º de julho,"CAUSABAS X85-X99, Y00-Y09, Y35 ou Y36; todas as idades; residência",final
41029,Guarapuava,PR,Sul,2016,116,398317.0,29.122533057840865,63.97849462365591,estimativa IBGE em 1º de julho,"CAUSABAS X85-X99, Y00-Y09, Y35 ou Y36; todas as idades; residência",final
41030,Palmas,PR,Sul,2016,24,96263.0,24.931697536956047,56.45161290322581,estimativa IBGE em 1º de julho,"CAUSABAS X85-X99, Y00-Y09, Y35 ou Y36; todas as idades; residência",final
41031,Prudentópolis,PR,Sul,2016,13,138160.0,9.409380428488708,13.620071684587813,estimativa IBGE em 1º de julho,"CAUSABAS X85-X99, Y00-Y09, Y35 ou Y36; todas as idades; residência",final
41032,Irati,PR,Sul,2016,8,103719.0,7.713148024952034,8.064516129032258,estimativa IBGE em 1º de julho,"CAUSABAS X85-X99, Y00-Y09, Y35 ou Y36; todas as idades; residência",final
41033,União da Vitória,PR,Sul,2016,29,123337.0,23.51281448389372,51.971326164874554,estimativa IBGE em 1º de julho,"CAUSABAS X85-X99, Y00-Y09, Y35 ou Y36; todas as idades; residência",final
41034,São Mateus do Sul,PR,Sul,2016,4,67397.0,5.934982269240471,4.301075268817204,estimativa IBGE em 1º de julho,"CAUSABAS X85-X99, Y00-Y09, Y35 ou Y36; todas as idades; residência",final
41035,Cerro Azul,PR,Sul,2016,6,29908.0,20.061522000802462,43.18996415770609,estimativa IBGE em 1º de julho,"CAUSABAS X85-X99, Y00-Y09, Y35 ou Y36; todas as idades; residência",final
41036,Lapa,PR,Sul,2016,17,52623.0,32.305265758318605,70.07168458781362,estimativa IBGE em 1º de julho,"CAUSABAS X85-X99, Y00-Y09, Y35 ou Y36; todas as idades; residência",final
41037,Curitiba,PR,Sul,2016,1238,3362636.0,36.81635478832678,77.41935483870968,estimativa IBGE em 1º de julho,"CAUSABAS X85-X99, Y00-Y09, Y35 ou Y36; todas as idades; residência",final
41038,Paranaguá,PR,Sul,2016,113,289169.0,39.0774944755489,81.18279569892474,estimativa IBGE em 1º de julho,"CAUSABAS X85-X99, Y00-Y09, Y35 ou Y36; todas as idades; residência",final
41039,Rio Negro,PR,Sul,2016,13,97536.0,13.328412073490814,24.551971326164875,estimativa IBGE em 1º de julho,"CAUSABAS X85-X99, Y00-Y09, Y35 ou Y36; todas as idades; residência",final
42001,São Miguel do Oeste,SC,Sul,2016,15,179680.0,8.348174532502226,10.03584229390681,estimativa IBGE em 1º de julho,"CAUSABAS X85-X99, Y00-Y09, Y35 ou Y36; todas as idades; residência",final
42002,Chapecó,SC,Sul,2016,76,439032.0,17.31081105705279,35.66308243727599,estimativa IBGE em 1º de julho,"CAUSABAS X85-X99, Y00-Y09, Y35 ou Y36; todas as idades; residência",final
42003,Xanxerê,SC,Sul,2016,26,161242.0,16.12483099936741,31.54121863799283,estimativa IBGE em 1º de julho,"CAUSABAS X85-X99, Y00-Y09, Y35 ou Y36; todas as idades; residência",final
42004,Joaçaba,SC,Sul,2016,33,346353.0,9.52785164268824,14.157706093189963,estimativa IBGE em 1º de julho,"CAUSABAS X85-X99, Y00-Y09, Y35 ou Y36; todas as idades; residência",final
42005,Concórdia,SC,Sul,2016,11,146847.0,7.490789733532179,6.630824372759856,estimativa IBGE em 1º de julho,"CAUSABAS X85-X99, Y00-Y09, Y35 ou Y36; todas as idades; residência",final
42006,Canoinhas,SC,Sul,2016,26,254609.0,10.211736427227631,16.308243727598565,estimativa IBGE em 1º de julho,"CAUSABAS X85-X99, Y00-Y09, Y35 ou Y36; todas as idades; residência",final
42007,São Bento do Sul,SC,Sul,2016,9,135712.0,6.631690639000236,5.376344086021505,estimativa IBGE em 1º de julho,"CAUSABAS X85-X99, Y00-Y09, Y35 ou Y36; todas as idades; residência",final
42008,Joinville,SC,Sul,2016,213,959345.0,22.202648682173773,48.924731182795696,estimativa IBGE em 1º de julho,"CAUSABAS X85-X99, Y00-Y09, Y35 ou Y36; todas as idades; residência",final
42009,Curitibanos,SC,Sul,2016,21,127994.0,16.407019079019328,32.25806451612903,estimativa IBGE em 1º de julho,"CAUSABAS X85-X99, Y00-Y09, Y35 ou Y36; todas as idades; residência",final
42010,Campos de Lages,SC,Sul,2016,42,287951.0,14.58581494768207,27.419354838709676,estimativa IBGE em 1º de julho,"CAUSABAS X85-X99, Y00-Y09, Y35 ou Y36; todas as idades; residência",final
42011,Rio do Sul,SC,Sul,2016,10,222223.0,4.499984250055125,1.6129032258064515,estimativa IBGE em 1º de julho,"CAUSABAS X85-X99, Y00-Y09, Y35 ou Y36; todas as idades; residência",final
42012,Blumenau,SC,Sul,2016,57,770178.0,7.400886548304418,6.272401433691757,estimativa IBGE em 1º de julho,"CAUSABAS X85-X99, Y00-Y09, Y35 ou Y36; todas as idades; residência",final
42013,Itajaí,SC,Sul,2016,148,685117.0,21.60214970581667,46.59498207885304,estimativa IBGE em 1º de julho,"CAUSABAS X85-X99, Y00-Y09, Y35 ou Y36; todas as idades; residência",final
42014,Ituporanga,SC,Sul,2016,6,59470.0,10.089120564990752,15.770609318996415,estimativa IBGE em 1º de julho,"CAUSABAS X85-X99, Y00-Y09, Y35 ou Y36; todas as idades; residência",final
42015,Tijucas,SC,Sul,2016,15,107302.0,13.979236174535423,26.344086021505376,estimativa IBGE em 1º de julho,"CAUSABAS X85-X99, Y00-Y09, Y35 ou Y36; todas as idades; residência",final
42016,Florianópolis,SC,Sul,2016,157,998096.0,15.729949824465782,30.64516129032258,estimativa IBGE em 1º de julho,"CAUSABAS X85-X99, Y00-Y09, Y35 ou Y36; todas as idades; residência",final
42017,Tabuleiro,SC,Sul,2016,2,25144.0,7.954183900731785,8.78136200716846,estimativa IBGE em 1º de julho,"CAUSABAS X85-X99, Y00-Y09, Y35 ou Y36; todas as idades; residência",final
42018,Tubarão,SC,Sul,2016,37,404558.0,9.145783793671118,11.827956989247312,estimativa IBGE em 1º de julho,"CAUSABAS X85-X99, Y00-Y09, Y35 ou Y36; todas as idades; residência",final
42019,Criciúma,SC,Sul,2016,55,403016.0,13.647100859519226,25.089605734767026,estimativa IBGE em 1º de julho,"CAUSABAS X85-X99, Y00-Y09, Y35 ou Y36; todas as idades; residência",final
42020,Araranguá,SC,Sul,2016,22,196684.0,11.185454841268227,18.45878136200717,estimativa IBGE em 1º de julho,"CAUSABAS X85-X99, Y00-Y09, Y35 ou Y36; todas as idades; residência",final
43001,Santa Rosa,RS,Sul,2016,11,161787.0,6.799062965504027,5.913978494623656,estimativa IBGE em 1º de julho,"CAUSABAS X85-X99, Y00-Y09, Y35 ou Y36; todas as idades; residência",final
43002,Três Passos,RS,Sul,2016,18,146839.0,12.258323742330035,21.684587813620073,estimativa IBGE em 1º de julho,"CAUSABAS X85-X99, Y00-Y09, Y35 ou Y36; todas as idades; residência",final
43003,Frederico Westphalen,RS,Sul,2016,29,177680.0,16.321476812246736,31.72043010752688,estimativa IBGE em 1º de julho,"CAUSABAS X85-X99, Y00-Y09, Y35 ou Y36; todas as idades; residência",final
43004,Erechim,RS,Sul,2016,40,219279.0,18.241600882893483,38.35125448028674,estimativa IBGE em 1º de julho,"CAUSABAS X85-X99, Y00-Y09, Y35 ou Y36; todas as idades; residência",final
43005,Sananduva,RS,Sul,2016,2,62287.0,3.210942893380641,0.5376344086021505,estimativa IBGE em 1º de julho,"CAUSABAS X85-X99, Y00-Y09, Y35 ou Y36; todas as idades; residência",final
43006,Cerro Largo,RS,Sul,2016,3,67208.0,4.463754314962505,1.4336917562724014,estimativa IBGE em 1º de julho,"CAUSABAS X85-X99, Y00-Y09, Y35 ou Y36; todas as idades; residência",final
43007,Santo Ângelo,RS,Sul,2016,31,200304.0,15.476475756849588,29.39068100358423,estimativa IBGE em 1º de julho,"CAUSABAS X85-X99, Y00-Y09, Y35 ou Y36; todas as idades; residência",final
43008,Ijuí,RS,Sul,2016,11,192484.0,5.714760707383471,3.763440860215054,estimativa IBGE em 1º de julho,"CAUSABAS X85-X99, Y00-Y09, Y35 ou Y36; todas as idades; residência",final
43009,Carazinho,RS,Sul,2016,40,166464.0,24.029219530949636,53.763440860215056,estimativa IBGE em 1º de julho,"CAUSABAS X85-X99, Y00-Y09, Y35 ou Y36; todas as idades; residência",final
43010,Passo Fundo,RS,Sul,2016,56,350264.0,15.987940524861248,31.182795698924732,estimativa IBGE em 1º de julho,"CAUSABAS X85-X99, Y00-Y09, Y35 ou Y36; todas as idades; residência",final
43011,Cruz Alta,RS,Sul,2016,23,153983.0,14.936713793081054,27.956989247311828,estimativa IBGE em 1º de julho,"CAUSABAS X85-X99, Y00-Y09, Y35 ou Y36; todas as idades; residência",final
43012,Não-Me-Toque,RS,Sul,2016,2,44184.0,4.526525439072968,1.7921146953405018,estimativa IBGE em 1º de julho,"CAUSABAS X85-X99, Y00-Y09, Y35 ou Y36; todas as idades; residência",final
43013,Soledade,RS,Sul,2016,13,74056.0,17.554283245111808,36.37992831541219,estimativa IBGE em 1º de julho,"CAUSABAS X85-X99, Y00-Y09, Y35 ou Y36; todas as idades; residência",final
43014,Guaporé,RS,Sul,2016,18,136314.0,13.204806549584049,24.372759856630825,estimativa IBGE em 1º de julho,"CAUSABAS X85-X99, Y00-Y09, Y35 ou Y36; todas as idades; residência",final
43015,Vacaria,RS,Sul,2016,45,164683.0,27.325224825877594,60.57347670250896,estimativa IBGE em 1º de julho,"CAUSABAS X85-X99, Y00-Y09, Y35 ou Y36; todas as idades; residência",final
43016,Caxias do Sul,RS,Sul,2016,216,840752.0,25.691285896435573,58.24372759856631,estimativa IBGE em 1º de julho,"CAUSABAS X85-X99, Y00-Y09, Y35 ou Y36; todas as idades; residência",final
43017,Santiago,RS,Sul,2016,19,114761.0,16.556147123151593,33.15412186379928,estimativa IBGE em 1º de julho,"CAUSABAS X85-X99, Y00-Y09, Y35 ou Y36; todas as idades; residência",final
43018,Santa Maria,RS,Sul,2016,77,381843.0,20.16535591853196,43.54838709677419,estimativa IBGE em 1º de julho,"CAUSABAS X85-X99, Y00-Y09, Y35 ou Y36; todas as idades; residência",final
43019,Restinga Seca,RS,Sul,2016,8,64568.0,12.390038409119068,21.863799283154123,estimativa IBGE em 1º de julho,"CAUSABAS X85-X99, Y00-Y09, Y35 ou Y36; todas as idades; residência",final
43020,Santa Cruz do Sul,RS,Sul,2016,75,340361.0,22.03542709064787,48.38709677419355,estimativa IBGE em 1º de julho,"CAUSABAS X85-X99, Y00-Y09, Y35 ou Y36; todas as idades; residência",final
43021,Lajeado-Estrela,RS,Sul,2016,63,327471.0,19.2383447694605,41.03942652329749,estimativa IBGE em 1º de julho,"CAUSABAS X85-X99, Y00-Y09, Y35 ou Y36; todas as idades; residência",final
43022,Cachoeira do Sul,RS,Sul,2016,27,157307.0,17.16388971883006,35.30465949820788,estimativa IBGE em 1º de julho,"CAUSABAS X85-X99, Y00-Y09, Y35 ou Y36; todas as idades; residência",final
43023,Montenegro,RS,Sul,2016,36,219252.0,16.419462536259648,32.437275985663085,estimativa IBGE em 1º de julho,"CAUSABAS X85-X99, Y00-Y09, Y35 ou Y36; todas as idades; residência",final
43024,Gramado-Canela,RS,Sul,2016,31,321151.0,9.652780156375039,14.516129032258064,estimativa IBGE em 1º de julho,"CAUSABAS X85-X99, Y00-Y09, Y35 ou Y36; todas as idades; residência",final
43025,São Jerônimo,RS,Sul,2016,27,153345.0,17.607355962046366,36.91756272401434,estimativa IBGE em 1º de julho,"CAUSABAS X85-X99, Y00-Y09, Y35 ou Y36; todas as idades; residência",final
43026,Porto Alegre,RS,Sul,2016,1833,3840273.0,47.73098162552506,87.99283154121864,estimativa IBGE em 1º de julho,"CAUSABAS X85-X99, Y00-Y09, Y35 ou Y36; todas as idades; residência",final
43027,Osório,RS,Sul,2016,145,374061.0,38.763731049213895,80.46594982078852,estimativa IBGE em 1º de julho,"CAUSABAS X85-X99, Y00-Y09, Y35 ou Y36; todas as idades; residência",final
43028,Camaquã,RS,Sul,2016,23,137892.0,16.679720360862124,33.51254480286738,estimativa IBGE em 1º de julho,"CAUSABAS X85-X99, Y00-Y09, Y35 ou Y36; todas as idades; residência",final
43029,Campanha Ocidental,RS,Sul,2016,63,372500.0,16.91275167785235,34.40860215053763,estimativa IBGE em 1º de julho,"CAUSABAS X85-X99, Y00-Y09, Y35 ou Y36; todas as idades; residência",final
43030,Campanha Central,RS,Sul,2016,19,188762.0,10.065585234316229,15.591397849462366,estimativa IBGE em 1º de julho,"CAUSABAS X85-X99, Y00-Y09, Y35 ou Y36; todas as idades; residência",final
43031,Campanha Meridional,RS,Sul,2016,29,180911.0,16.029981593159068,31.36200716845878,estimativa IBGE em 1º de julho,"CAUSABAS X85-X99, Y00-Y09, Y35 ou Y36; todas as idades; residência",final
43032,Serras de Sudeste,RS,Sul,2016,32,120930.0,26.461589349210286,59.85663082437276,estimativa IBGE em 1º de julho,"CAUSABAS X85-X99, Y00-Y09, Y35 ou Y36; todas as idades; residência",final
43033,Pelotas,RS,Sul,2016,101,504900.0,20.00396118043177,42.831541218637994,estimativa IBGE em 1º de julho,"CAUSABAS X85-X99, Y00-Y09, Y35 ou Y36; todas as idades; residência",final
43034,Jaguarão,RS,Sul,2016,5,54143.0,9.234804129804408,12.186379928315413,estimativa IBGE em 1º de julho,"CAUSABAS X85-X99, Y00-Y09, Y35 ou Y36; todas as idades; residência",final
43035,Litoral Lagunar,RS,Sul,2016,54,273501.0,19.743986310836156,42.11469534050179,estimativa IBGE em 1º de julho,"CAUSABAS X85-X99, Y00-Y09, Y35 ou Y36; todas as idades; residência",final
50001,Baixo Pantanal,MS,Centro-Oeste,2016,34,148208.0,22.940731944294505,50.0,estimativa IBGE em 1º de julho,"CAUSABAS X85-X99, Y00-Y09, Y35 ou Y36; todas as idades; residência",final
50002,Aquidauana,MS,Centro-Oeste,2016,24,110540.0,21.71159761172426,47.132616487455195,estimativa IBGE em 1º de julho,"CAUSABAS X85-X99, Y00-Y09, Y35 ou Y36; todas as idades; residência",final
50003,Alto Taquari,MS,Centro-Oeste,2016,36,125714.0,28.63642871915618,63.08243727598566,estimativa IBGE em 1º de julho,"CAUSABAS X85-X99, Y00-Y09, Y35 ou Y36; todas as idades; residência",final
50004,Campo Grande,MS,Centro-Oeste,2016,194,966860.0,20.064952526736032,43.369175627240146,estimativa IBGE em 1º de julho,"CAUSABAS X85-X99, Y00-Y09, Y35 ou Y36; todas as idades; residência",final
50005,Cassilândia,MS,Centro-Oeste,2016,11,70055.0,15.701948469060024,30.107526881720432,estimativa IBGE em 1º de julho,"CAUSABAS X85-X99, Y00-Y09, Y35 ou Y36; todas as idades; residência",final
50006,Paranaíba,MS,Centro-Oeste,2016,10,80481.0,12.425292926280736,22.22222222222222,estimativa IBGE em 1º de julho,"CAUSABAS X85-X99, Y00-Y09, Y35 ou Y36; todas as idades; residência",final
50007,Três Lagoas,MS,Centro-Oeste,2016,48,173387.0,27.683736381620307,61.64874551971326,estimativa IBGE em 1º de julho,"CAUSABAS X85-X99, Y00-Y09, Y35 ou Y36; todas as idades; residência",final
50008,Nova Andradina,MS,Centro-Oeste,2016,20,97531.0,20.506300560847322,44.2652329749104,estimativa IBGE em 1º de julho,"CAUSABAS X85-X99, Y00-Y09, Y35 ou Y36; todas as idades; residência",final
50009,Bodoquena,MS,Centro-Oeste,2016,15,109097.0,13.749232334527989,25.268817204301076,estimativa IBGE em 1º de julho,"CAUSABAS X85-X99, Y00-Y09, Y35 ou Y36; todas as idades; residência",final
50010,Dourados,MS,Centro-Oeste,2016,190,558403.0,34.02560516329604,72.93906810035843,estimativa IBGE em 1º de julho,"CAUSABAS X85-X99, Y00-Y09, Y35 ou Y36; todas as idades; residência",final
50011,Iguatemi,MS,Centro-Oeste,2016,89,242110.0,36.76015034488456,77.24014336917563,estimativa IBGE em 1º de julho,"CAUSABAS X85-X99, Y00-Y09, Y35 ou Y36; todas as idades; residência",final
51001,Aripuanã,MT,Centro-Oeste,2016,59,158779.0,37.15856630914668,78.31541218637993,estimativa IBGE em 1º de julho,"CAUSABAS X85-X99, Y00-Y09, Y35 ou Y36; todas as idades; residência",final
51002,Alta Floresta,MT,Centro-Oeste,2016,53,103591.0,51.162745798380165,90.86021505376344,estimativa IBGE em 1º de julho,"CAUSABAS X85-X99, Y00-Y09, Y35 ou Y36; todas as idades; residência",final
51003,Colíder,MT,Centro-Oeste,2016,54,150531.0,35.87300954620643,75.80645161290323,estimativa IBGE em 1º de julho,"CAUSABAS X85-X99, Y00-Y09, Y35 ou Y36; todas as idades; residência",final
51004,Parecis,MT,Centro-Oeste,2016,37,103492.0,35.75155567580103,75.62724014336918,estimativa IBGE em 1º de julho,"CAUSABAS X85-X99, Y00-Y09, Y35 ou Y36; todas as idades; residência",final
51005,Arinos,MT,Centro-Oeste,2016,19,79669.0,23.848673888212478,52.867383512544805,estimativa IBGE em 1º de julho,"CAUSABAS X85-X99, Y00-Y09, Y35 ou Y36; todas as idades; residência",final
51006,Alto Teles Pires,MT,Centro-Oeste,2016,89,238340.0,37.341612822018966,78.67383512544802,estimativa IBGE em 1º de julho,"CAUSABAS X85-X99, Y00-Y09, Y35 ou Y36; todas as idades; residência",final
51007,Sinop,MT,Centro-Oeste,2016,65,194473.0,33.423662924930454,71.32616487455198,estimativa IBGE em 1º de julho,"CAUSABAS X85-X99, Y00-Y09, Y35 ou Y36; todas as idades; residência",final
51008,Paranatinga,MT,Centro-Oeste,2016,18,35035.0,51.37719423433709,91.39784946236558,estimativa IBGE em 1º de julho,"CAUSABAS X85-X99, Y00-Y09, Y35 ou Y36; todas as idades; residência",final
51009,Norte Araguaia,MT,Centro-Oeste,2016,30,124904.0,24.01844616665599,53.584229390681,estimativa IBGE em 1º de julho,"CAUSABAS X85-X99, Y00-Y09, Y35 ou Y36; todas as idades; residência",final
51010,Canarana,MT,Centro-Oeste,2016,21,109827.0,19.12098117949138,40.681003584229394,estimativa IBGE em 1º de julho,"CAUSABAS X85-X99, Y00-Y09, Y35 ou Y36; todas as idades; residência",final
51011,Médio Araguaia,MT,Centro-Oeste,2016,16,67282.0,23.780505930263665,52.68817204301075,estimativa IBGE em 1º de julho,"CAUSABAS X85-X99, Y00-Y09, Y35 ou Y36; todas as idades; residência",final
51012,Alto Guaporé,MT,Centro-Oeste,2016,21,72021.0,29.15816220269088,64.33691756272401,estimativa IBGE em 1º de julho,"CAUSABAS X85-X99, Y00-Y09, Y35 ou Y36; todas as idades; residência",final
51013,Tangará da Serra,MT,Centro-Oeste,2016,34,161588.0,21.04116642324925,45.16129032258065,estimativa IBGE em 1º de julho,"CAUSABAS X85-X99, Y00-Y09, Y35 ou Y36; todas as idades; residência",final
51014,Jauru,MT,Centro-Oeste,2016,19,107801.0,17.6250684130945,37.096774193548384,estimativa IBGE em 1º de julho,"CAUSABAS X85-X99, Y00-Y09, Y35 ou Y36; todas as idades; residência",final
51015,Alto Paraguai,MT,Centro-Oeste,2016,13,32538.0,39.953285389390864,81.72043010752688,estimativa IBGE em 1º de julho,"CAUSABAS X85-X99, Y00-Y09, Y35 ou Y36; todas as idades; residência",final
51016,Rosário Oeste,MT,Centro-Oeste,2016,11,30278.0,36.33000858709294,76.34408602150538,estimativa IBGE em 1º de julho,"CAUSABAS X85-X99, Y00-Y09, Y35 ou Y36; todas as idades; residência",final
51017,Cuiabá,MT,Centro-Oeste,2016,362,906316.0,39.94191871267858,81.54121863799283,estimativa IBGE em 1º de julho,"CAUSABAS X85-X99, Y00-Y09, Y35 ou Y36; todas as idades; residência",final
51018,Alto Pantanal,MT,Centro-Oeste,2016,41,136000.0,30.147058823529413,67.02508960573476,estimativa IBGE em 1º de julho,"CAUSABAS X85-X99, Y00-Y09, Y35 ou Y36; todas as idades; residência",final
51019,Primavera do Leste,MT,Centro-Oeste,2016,44,97184.0,45.274942377346065,85.12544802867383,estimativa IBGE em 1º de julho,"CAUSABAS X85-X99, Y00-Y09, Y35 ou Y36; todas as idades; residência",final
51020,Tesouro,MT,Centro-Oeste,2016,17,54436.0,31.229333529282094,68.63799283154121,estimativa IBGE em 1º de julho,"CAUSABAS X85-X99, Y00-Y09, Y35 ou Y36; todas as idades; residência",final
51021,Rondonópolis,MT,Centro-Oeste,2016,140,302259.0,46.31789293288207,86.37992831541219,estimativa IBGE em 1º de julho,"CAUSABAS X85-X99, Y00-Y09, Y35 ou Y36; todas as idades; residência",final
51022,Alto Araguaia,MT,Centro-Oeste,2016,12,39187.0,30.622400285809068,67.56272401433692,estimativa IBGE em 1º de julho,"CAUSABAS X85-X99, Y00-Y09, Y35 ou Y36; todas as idades; residência",final
52001,São Miguel do Araguaia,GO,Centro-Oeste,2016,35,80270.0,43.602840413604085,84.22939068100358,estimativa IBGE em 1º de julho,"CAUSABAS X85-X99, Y00-Y09, Y35 ou Y36; todas as idades; residência",final
52002,Rio Vermelho,GO,Centro-Oeste,2016,19,89406.0,21.25137015412836,46.0573476702509,estimativa IBGE em 1º de julho,"CAUSABAS X85-X99, Y00-Y09, Y35 ou Y36; todas as idades; residência",final
52003,Aragarças,GO,Centro-Oeste,2016,17,58039.0,29.29064939092679,64.69534050179212,estimativa IBGE em 1º de julho,"CAUSABAS X85-X99, Y00-Y09, Y35 ou Y36; todas as idades; residência",final
52004,Porangatu,GO,Centro-Oeste,2016,56,241009.0,23.235646801571725,50.53763440860215,estimativa IBGE em 1º de julho,"CAUSABAS X85-X99, Y00-Y09, Y35 ou Y36; todas as idades; residência",final
52005,Chapada dos Veadeiros,GO,Centro-Oeste,2016,17,67994.0,25.002206077006793,56.630824372759854,estimativa IBGE em 1º de julho,"CAUSABAS X85-X99, Y00-Y09, Y35 ou Y36; todas as idades; residência",final
52006,Ceres,GO,Centro-Oeste,2016,63,247830.0,25.420651252874954,57.88530465949821,estimativa IBGE em 1º de julho,"CAUSABAS X85-X99, Y00-Y09, Y35 ou Y36; todas as idades; residência",final
52007,Anápolis,GO,Centro-Oeste,2016,285,594868.0,47.909788390029384,88.35125448028674,estimativa IBGE em 1º de julho,"CAUSABAS X85-X99, Y00-Y09, Y35 ou Y36; todas as idades; residência",final
52008,Iporá,GO,Centro-Oeste,2016,11,59230.0,18.57166976194496,39.60573476702509,estimativa IBGE em 1º de julho,"CAUSABAS X85-X99, Y00-Y09, Y35 ou Y36; todas as idades; residência",final
52009,Anicuns,GO,Centro-Oeste,2016,15,116745.0,12.848515996402416,23.118279569892472,estimativa IBGE em 1º de julho,"CAUSABAS X85-X99, Y00-Y09, Y35 ou Y36; todas as idades; residência",final
52010,Goiânia,GO,Centro-Oeste,2016,1165,2396506.0,48.61243827472162,88.5304659498208,estimativa IBGE em 1º de julho,"CAUSABAS X85-X99, Y00-Y09, Y35 ou Y36; todas as idades; residência",final
52011,Vão do Paranã,GO,Centro-Oeste,2016,54,118384.0,45.614272198945805,85.48387096774194,estimativa IBGE em 1º de julho,"CAUSABAS X85-X99, Y00-Y09, Y35 ou Y36; todas as idades; residência",final
52012,Entorno de Brasília,GO,Centro-Oeste,2016,765,1205123.0,63.47899757950018,96.415770609319,estimativa IBGE em 1º de julho,"CAUSABAS X85-X99, Y00-Y09, Y35 ou Y36; todas as idades; residência",final
52013,Sudoeste de Goiás,GO,Centro-Oeste,2016,165,511944.0,32.230087665838454,69.89247311827957,estimativa IBGE em 1º de julho,"CAUSABAS X85-X99, Y00-Y09, Y35 ou Y36; todas as idades; residência",final
52014,Vale do Rio dos Bois,GO,Centro-Oeste,2016,25,123196.0,20.29286665151466,43.727598566308245,estimativa IBGE em 1º de julho,"CAUSABAS X85-X99, Y00-Y09, Y35 ou Y36; todas as idades; residência",final
52015,Meia Ponte,GO,Centro-Oeste,2016,150,396171.0,37.86243818956966,79.39068100358423,estimativa IBGE em 1º de julho,"CAUSABAS X85-X99, Y00-Y09, Y35 ou Y36; todas as idades; residência",final
52016,Pires do Rio,GO,Centro-Oeste,2016,25,99623.0,25.0946066671351,56.81003584229391,estimativa IBGE em 1º de julho,"CAUSABAS X85-X99, Y00-Y09, Y35 ou Y36; todas as idades; residência",final
52017,Catalão,GO,Centro-Oeste,2016,64,166524.0,38.43289856116836,80.10752688172043,estimativa IBGE em 1º de julho,"CAUSABAS X85-X99, Y00-Y09, Y35 ou Y36; todas as idades; residência",final
52018,Quirinópolis,GO,Centro-Oeste,2016,37,122993.0,30.083012854390088,66.66666666666667,estimativa IBGE em 1º de julho,"CAUSABAS X85-X99, Y00-Y09, Y35 ou Y36; todas as idades; residência",final
53001,Brasília,DF,Centro-Oeste,2016,760,2977216.0,25.5272039381758,58.064516129032256,estimativa IBGE em 1º de julho,"CAUSABAS X85-X99, Y00-Y09, Y35 ou Y36; todas as idades; residência",final
11001,Porto Velho,RO,Norte,2017,239,659874.0,36.21903575531086,72.93906810035843,estimativa IBGE em 1º de julho,"CAUSABAS X85-X99, Y00-Y09, Y35 ou Y36; todas as idades; residência",final
11002,Guajará-Mirim,RO,Norte,2017,19,84545.0,22.47323910343604,47.67025089605735,estimativa IBGE em 1º de julho,"CAUSABAS X85-X99, Y00-Y09, Y35 ou Y36; todas as idades; residência",final
11003,Ariquemes,RO,Norte,2017,83,204494.0,40.58798791162577,79.74910394265233,estimativa IBGE em 1º de julho,"CAUSABAS X85-X99, Y00-Y09, Y35 ou Y36; todas as idades; residência",final
11004,Ji-Paraná,RO,Norte,2017,83,317627.0,26.131279771555946,56.630824372759854,estimativa IBGE em 1º de julho,"CAUSABAS X85-X99, Y00-Y09, Y35 ou Y36; todas as idades; residência",final
11005,Alvorada D'Oeste,RO,Norte,2017,16,75328.0,21.240441801189466,44.623655913978496,estimativa IBGE em 1º de julho,"CAUSABAS X85-X99, Y00-Y09, Y35 ou Y36; todas as idades; residência",final
11006,Cacoal,RO,Norte,2017,47,250643.0,18.75177044641183,39.24731182795699,estimativa IBGE em 1º de julho,"CAUSABAS X85-X99, Y00-Y09, Y35 ou Y36; todas as idades; residência",final
11007,Vilhena,RO,Norte,2017,49,159583.0,30.705024971331532,64.15770609318996,estimativa IBGE em 1º de julho,"CAUSABAS X85-X99, Y00-Y09, Y35 ou Y36; todas as idades; residência",final
11008,Colorado do Oeste,RO,Norte,2017,14,53694.0,26.073676760904384,56.45161290322581,estimativa IBGE em 1º de julho,"CAUSABAS X85-X99, Y00-Y09, Y35 ou Y36; todas as idades; residência",final
12001,Cruzeiro do Sul,AC,Norte,2017,68,147727.0,46.030854210807775,85.12544802867383,estimativa IBGE em 1º de julho,"CAUSABAS X85-X99, Y00-Y09, Y35 ou Y36; todas as idades; residência",final
12002,Tarauacá,AC,Norte,2017,32,80242.0,39.879364921113634,78.31541218637993,estimativa IBGE em 1º de julho,"CAUSABAS X85-X99, Y00-Y09, Y35 ou Y36; todas as idades; residência",final
12003,Sena Madureira,AC,Norte,2017,25,58255.0,42.91477126426916,81.36200716845879,estimativa IBGE em 1º de julho,"CAUSABAS X85-X99, Y00-Y09, Y35 ou Y36; todas as idades; residência",final
12004,Rio Branco,AC,Norte,2017,366,476130.0,76.8697624598324,97.67025089605735,estimativa IBGE em 1º de julho,"CAUSABAS X85-X99, Y00-Y09, Y35 ou Y36; todas as idades; residência",final
12005,Brasiléia,AC,Norte,2017,25,67265.0,37.166431279268565,74.73118279569893,estimativa IBGE em 1º de julho,"CAUSABAS X85-X99, Y00-Y09, Y35 ou Y36; todas as idades; residência",final
13001,Rio Negro,AM,Norte,2017,43,114647.0,37.506432789344686,75.08960573476702,estimativa IBGE em 1º de julho,"CAUSABAS X85-X99, Y00-Y09, Y35 ou Y36; todas as idades; residência",final
13002,Japurá,AM,Norte,2017,0,22736.0,0.0,0.35842293906810035,estimativa IBGE em 1º de julho,"CAUSABAS X85-X99, Y00-Y09, Y35 ou Y36; todas as idades; residência",final
13003,Alto Solimões,AM,Norte,2017,46,250657.0,18.351771544381364,38.17204301075269,estimativa IBGE em 1º de julho,"CAUSABAS X85-X99, Y00-Y09, Y35 ou Y36; todas as idades; residência",final
13004,Juruá,AM,Norte,2017,35,149439.0,23.420927602566934,50.17921146953405,estimativa IBGE em 1º de julho,"CAUSABAS X85-X99, Y00-Y09, Y35 ou Y36; todas as idades; residência",final
13005,Tefé,AM,Norte,2017,14,91357.0,15.324496207187188,29.92831541218638,estimativa IBGE em 1º de julho,"CAUSABAS X85-X99, Y00-Y09, Y35 ou Y36; todas as idades; residência",final
13006,Coari,AM,Norte,2017,89,177551.0,50.126442543269256,88.5304659498208,estimativa IBGE em 1º de julho,"CAUSABAS X85-X99, Y00-Y09, Y35 ou Y36; todas as idades; residência",final
13007,Manaus,AM,Norte,2017,1273,2409396.0,52.8348183528154,90.3225806451613,estimativa IBGE em 1º de julho,"CAUSABAS X85-X99, Y00-Y09, Y35 ou Y36; todas as idades; residência",final
13008,Rio Preto da Eva,AM,Norte,2017,18,66575.0,27.037176117161096,58.24372759856631,estimativa IBGE em 1º de julho,"CAUSABAS X85-X99, Y00-Y09, Y35 ou Y36; todas as idades; residência",final
13009,Itacoatiara,AM,Norte,2017,39,176769.0,22.06269198784855,47.132616487455195,estimativa IBGE em 1º de julho,"CAUSABAS X85-X99, Y00-Y09, Y35 ou Y36; todas as idades; residência",final
13010,Parintins,AM,Norte,2017,41,277360.0,14.78223247764638,28.67383512544803,estimativa IBGE em 1º de julho,"CAUSABAS X85-X99, Y00-Y09, Y35 ou Y36; todas as idades; residência",final
13011,Boca do Acre,AM,Norte,2017,19,53773.0,35.33371766499916,71.50537634408602,estimativa IBGE em 1º de julho,"CAUSABAS X85-X99, Y00-Y09, Y35 ou Y36; todas as idades; residência",final
13012,Purus,AM,Norte,2017,14,78281.0,17.88428865241885,37.096774193548384,estimativa IBGE em 1º de julho,"CAUSABAS X85-X99, Y00-Y09, Y35 ou Y36; todas as idades; residência",final
13013,Madeira,AM,Norte,2017,40,195073.0,20.505144228058214,42.831541218637994,estimativa IBGE em 1º de julho,"CAUSABAS X85-X99, Y00-Y09, Y35 ou Y36; todas as idades; residência",final
14001,Boa Vista,RR,Norte,2017,194,371888.0,52.16624360022372,89.60573476702508,estimativa IBGE em 1º de julho,"CAUSABAS X85-X99, Y00-Y09, Y35 ou Y36; todas as idades; residência",final
14002,Nordeste de Roraima,RR,Norte,2017,7,49185.0,14.231981295110298,26.881720430107528,estimativa IBGE em 1º de julho,"CAUSABAS X85-X99, Y00-Y09, Y35 ou Y36; todas as idades; residência",final
14003,Caracaraí,RR,Norte,2017,27,48518.0,55.6494496887753,91.57706093189964,estimativa IBGE em 1º de julho,"CAUSABAS X85-X99, Y00-Y09, Y35 ou Y36; todas as idades; residência",final
14004,Sudeste de Roraima,RR,Norte,2017,20,53045.0,37.70383636535018,75.80645161290323,estimativa IBGE em 1º de julho,"CAUSABAS X85-X99, Y00-Y09, Y35 ou Y36; todas as idades; residência",final
15001,Óbidos,PA,Norte,2017,29,203396.0,14.257900843674408,27.240143369175627,estimativa IBGE em 1º de julho,"CAUSABAS X85-X99, Y00-Y09, Y35 ou Y36; todas as idades; residência",final
15002,Santarém,PA,Norte,2017,119,514081.0,23.14810311993635,49.2831541218638,estimativa IBGE em 1º de julho,"CAUSABAS X85-X99, Y00-Y09, Y35 ou Y36; todas as idades; residência",final
15003,Almeirim,PA,Norte,2017,19,73186.0,25.961249419287842,55.913978494623656,estimativa IBGE em 1º de julho,"CAUSABAS X85-X99, Y00-Y09, Y35 ou Y36; todas as idades; residência",final
15004,Portel,PA,Norte,2017,32,149485.0,21.40683011673412,45.340501792114694,estimativa IBGE em 1º de julho,"CAUSABAS X85-X99, Y00-Y09, Y35 ou Y36; todas as idades; residência",final
15005,Furos de Breves,PA,Norte,2017,49,225900.0,21.691013722886233,46.236559139784944,estimativa IBGE em 1º de julho,"CAUSABAS X85-X99, Y00-Y09, Y35 ou Y36; todas as idades; residência",final
15006,Arari,PA,Norte,2017,19,173249.0,10.96687426767254,16.487455197132615,estimativa IBGE em 1º de julho,"CAUSABAS X85-X99, Y00-Y09, Y35 ou Y36; todas as idades; residência",final
15007,Belém,PA,Norte,2017,1794,2298862.0,78.03861214809763,98.02867383512545,estimativa IBGE em 1º de julho,"CAUSABAS X85-X99, Y00-Y09, Y35 ou Y36; todas as idades; residência",final
15008,Castanhal,PA,Norte,2017,242,334419.0,72.36430944414043,97.1326164874552,estimativa IBGE em 1º de julho,"CAUSABAS X85-X99, Y00-Y09, Y35 ou Y36; todas as idades; residência",final
15009,Salgado,PA,Norte,2017,101,264414.0,38.19767485836605,77.24014336917563,estimativa IBGE em 1º de julho,"CAUSABAS X85-X99, Y00-Y09, Y35 ou Y36; todas as idades; residência",final
15010,Bragantina,PA,Norte,2017,124,412502.0,30.060460312919695,62.72401433691756,estimativa IBGE em 1º de julho,"CAUSABAS X85-X99, Y00-Y09, Y35 ou Y36; todas as idades; residência",final
15011,Cametá,PA,Norte,2017,185,484618.0,38.17439715404711,76.88172043010752,estimativa IBGE em 1º de julho,"CAUSABAS X85-X99, Y00-Y09, Y35 ou Y36; todas as idades; residência",final
15012,Tomé-Açu,PA,Norte,2017,220,331346.0,66.39585207004158,95.16129032258064,estimativa IBGE em 1º de julho,"CAUSABAS X85-X99, Y00-Y09, Y35 ou Y36; todas as idades; residência",final
15013,Guamá,PA,Norte,2017,169,470473.0,35.92129622741369,72.40143369175627,estimativa IBGE em 1º de julho,"CAUSABAS X85-X99, Y00-Y09, Y35 ou Y36; todas as idades; residência",final
15014,Itaituba,PA,Norte,2017,103,215162.0,47.87090657272195,86.91756272401433,estimativa IBGE em 1º de julho,"CAUSABAS X85-X99, Y00-Y09, Y35 ou Y36; todas as idades; residência",final
15015,Altamira,PA,Norte,2017,290,300663.0,96.45350442189428,99.46236559139786,estimativa IBGE em 1º de julho,"CAUSABAS X85-X99, Y00-Y09, Y35 ou Y36; todas as idades; residência",final
15016,Tucuruí,PA,Norte,2017,183,374094.0,48.918186338193074,87.99283154121864,estimativa IBGE em 1º de julho,"CAUSABAS X85-X99, Y00-Y09, Y35 ou Y36; todas as idades; residência",final
15017,Paragominas,PA,Norte,2017,160,339647.0,47.107732439856676,86.02150537634408,estimativa IBGE em 1º de julho,"CAUSABAS X85-X99, Y00-Y09, Y35 ou Y36; todas as idades; residência",final
15018,São Félix do Xingu,PA,Norte,2017,68,211528.0,32.14704436292122,65.94982078853046,estimativa IBGE em 1º de julho,"CAUSABAS X85-X99, Y00-Y09, Y35 ou Y36; todas as idades; residência",final
15019,Parauapebas,PA,Norte,2017,206,315410.0,65.3118163659998,94.6236559139785,estimativa IBGE em 1º de julho,"CAUSABAS X85-X99, Y00-Y09, Y35 ou Y36; todas as idades; residência",final
15020,Marabá,PA,Norte,2017,276,324637.0,85.01803552891383,98.74551971326164,estimativa IBGE em 1º de julho,"CAUSABAS X85-X99, Y00-Y09, Y35 ou Y36; todas as idades; residência",final
15021,Redenção,PA,Norte,2017,115,191626.0,60.012733136421986,93.01075268817205,estimativa IBGE em 1º de julho,"CAUSABAS X85-X99, Y00-Y09, Y35 ou Y36; todas as idades; residência",final
15022,Conceição do Araguaia,PA,Norte,2017,49,157930.0,31.026404103083646,64.51612903225806,estimativa IBGE em 1º de julho,"CAUSABAS X85-X99, Y00-Y09, Y35 ou Y36; todas as idades; residência",final
16001,Oiapoque,AP,Norte,2017,9,36039.0,24.97294597519354,53.763440860215056,estimativa IBGE em 1º de julho,"CAUSABAS X85-X99, Y00-Y09, Y35 ou Y36; todas as idades; residência",final
16002,Amapá,AP,Norte,2017,10,29648.0,33.72908796546142,68.45878136200717,estimativa IBGE em 1º de julho,"CAUSABAS X85-X99, Y00-Y09, Y35 ou Y36; todas as idades; residência",final
16003,Macapá,AP,Norte,2017,341,649103.0,52.53403543043246,89.96415770609319,estimativa IBGE em 1º de julho,"CAUSABAS X85-X99, Y00-Y09, Y35 ou Y36; todas as idades; residência",final
16004,Mazagão,AP,Norte,2017,23,82932.0,27.73356484830946,59.318996415770606,estimativa IBGE em 1º de julho,"CAUSABAS X85-X99, Y00-Y09, Y35 ou Y36; todas as idades; residência",final
17001,Bico do Papagaio,TO,Norte,2017,49,214274.0,22.86791677945061,48.74551971326165,estimativa IBGE em 1º de julho,"CAUSABAS X85-X99, Y00-Y09, Y35 ou Y36; todas as idades; residência",final
17002,Araguaína,TO,Norte,2017,153,314505.0,48.64787523250823,87.63440860215054,estimativa IBGE em 1º de julho,"CAUSABAS X85-X99, Y00-Y09, Y35 ou Y36; todas as idades; residência",final
17003,Miracema do Tocantins,TO,Norte,2017,45,149576.0,30.085040380809755,63.08243727598566,estimativa IBGE em 1º de julho,"CAUSABAS X85-X99, Y00-Y09, Y35 ou Y36; todas as idades; residência",final
17004,Rio Formoso,TO,Norte,2017,40,126840.0,31.5357931251971,65.23297491039426,estimativa IBGE em 1º de julho,"CAUSABAS X85-X99, Y00-Y09, Y35 ou Y36; todas as idades; residência",final
17005,Gurupi,TO,Norte,2017,58,149665.0,38.75321551464938,77.41935483870968,estimativa IBGE em 1º de julho,"CAUSABAS X85-X99, Y00-Y09, Y35 ou Y36; todas as idades; residência",final
17006,Porto Nacional,TO,Norte,2017,145,391361.0,37.05019151116233,74.37275985663082,estimativa IBGE em 1º de julho,"CAUSABAS X85-X99, Y00-Y09, Y35 ou Y36; todas as idades; residência",final
17007,Jalapão,TO,Norte,2017,19,79352.0,23.943945962294585,51.61290322580645,estimativa IBGE em 1º de julho,"CAUSABAS X85-X99, Y00-Y09, Y35 ou Y36; todas as idades; residência",final
17008,Dianópolis,TO,Norte,2017,43,124621.0,34.5046180017814,70.25089605734767,estimativa IBGE em 1º de julho,"CAUSABAS X85-X99, Y00-Y09, Y35 ou Y36; todas as idades; residência",final
21001,Litoral Ocidental Maranhense,MA,Nordeste,2017,35,188098.0,18.60732171527608,38.53046594982079,estimativa IBGE em 1º de julho,"CAUSABAS X85-X99, Y00-Y09, Y35 ou Y36; todas as idades; residência",final
21002,Aglomeração Urbana de São Luís,MA,Nordeste,2017,664,1421569.0,46.708953276274315,85.66308243727599,estimativa IBGE em 1º de julho,"CAUSABAS X85-X99, Y00-Y09, Y35 ou Y36; todas as idades; residência",final
21003,Rosário,MA,Nordeste,2017,50,176135.0,28.387316546966815,60.39426523297491,estimativa IBGE em 1º de julho,"CAUSABAS X85-X99, Y00-Y09, Y35 ou Y36; todas as idades; residência",final
21004,Lençóis Maranhenses,MA,Nordeste,2017,21,196569.0,10.683271522976664,15.770609318996415,estimativa IBGE em 1º de julho,"CAUSABAS X85-X99, Y00-Y09, Y35 ou Y36; todas as idades; residência",final
21005,Baixada Maranhense,MA,Nordeste,2017,145,599144.0,24.201193703016305,52.1505376344086,estimativa IBGE em 1º de julho,"CAUSABAS X85-X99, Y00-Y09, Y35 ou Y36; todas as idades; residência",final
21006,Itapecuru Mirim,MA,Nordeste,2017,40,235736.0,16.968133844639766,35.12544802867384,estimativa IBGE em 1º de julho,"CAUSABAS X85-X99, Y00-Y09, Y35 ou Y36; todas as idades; residência",final
21007,Gurupi,MA,Nordeste,2017,61,240034.0,25.413066482248347,54.659498207885306,estimativa IBGE em 1º de julho,"CAUSABAS X85-X99, Y00-Y09, Y35 ou Y36; todas as idades; residência",final
21008,Pindaré,MA,Nordeste,2017,237,658029.0,36.01664972212471,72.75985663082437,estimativa IBGE em 1º de julho,"CAUSABAS X85-X99, Y00-Y09, Y35 ou Y36; todas as idades; residência",final
21009,Imperatriz,MA,Nordeste,2017,259,592084.0,43.74379311043703,82.61648745519713,estimativa IBGE em 1º de julho,"CAUSABAS X85-X99, Y00-Y09, Y35 ou Y36; todas as idades; residência",final
21010,Médio Mearim,MA,Nordeste,2017,86,416725.0,20.63711080448737,43.369175627240146,estimativa IBGE em 1º de julho,"CAUSABAS X85-X99, Y00-Y09, Y35 ou Y36; todas as idades; residência",final
21011,Alto Mearim e Grajaú,MA,Nordeste,2017,78,332957.0,23.426448460311693,50.3584229390681,estimativa IBGE em 1º de julho,"CAUSABAS X85-X99, Y00-Y09, Y35 ou Y36; todas as idades; residência",final
21012,Presidente Dutra,MA,Nordeste,2017,51,196340.0,25.97534888458796,56.272401433691755,estimativa IBGE em 1º de julho,"CAUSABAS X85-X99, Y00-Y09, Y35 ou Y36; todas as idades; residência",final
21013,Baixo Parnaíba Maranhense,MA,Nordeste,2017,13,145247.0,8.950270917815859,10.57347670250896,estimativa IBGE em 1º de julho,"CAUSABAS X85-X99, Y00-Y09, Y35 ou Y36; todas as idades; residência",final
21014,Chapadinha,MA,Nordeste,2017,48,242977.0,19.7549562304251,40.681003584229394,estimativa IBGE em 1º de julho,"CAUSABAS X85-X99, Y00-Y09, Y35 ou Y36; todas as idades; residência",final
21015,Codó,MA,Nordeste,2017,83,274452.0,30.242082404209114,63.44086021505376,estimativa IBGE em 1º de julho,"CAUSABAS X85-X99, Y00-Y09, Y35 ou Y36; todas as idades; residência",final
21016,Coelho Neto,MA,Nordeste,2017,16,92837.0,17.234507793228993,35.483870967741936,estimativa IBGE em 1º de julho,"CAUSABAS X85-X99, Y00-Y09, Y35 ou Y36; todas as idades; residência",final
21017,Caxias,MA,Nordeste,2017,156,439865.0,35.465426892341966,72.04301075268818,estimativa IBGE em 1º de julho,"CAUSABAS X85-X99, Y00-Y09, Y35 ou Y36; todas as idades; residência",final
21018,Chapadas do Alto Itapecuru,MA,Nordeste,2017,31,218371.0,14.196024197352212,26.523297491039425,estimativa IBGE em 1º de julho,"CAUSABAS X85-X99, Y00-Y09, Y35 ou Y36; todas as idades; residência",final
21019,Porto Franco,MA,Nordeste,2017,25,119470.0,20.925755419770653,43.54838709677419,estimativa IBGE em 1º de julho,"CAUSABAS X85-X99, Y00-Y09, Y35 ou Y36; todas as idades; residência",final
21020,Gerais de Balsas,MA,Nordeste,2017,53,142308.0,37.243162717486015,74.91039426523298,estimativa IBGE em 1º de julho,"CAUSABAS X85-X99, Y00-Y09, Y35 ou Y36; todas as idades; residência",final
21021,Chapadas das Mangabeiras,MA,Nordeste,2017,7,71282.0,9.820150949748884,13.440860215053764,estimativa IBGE em 1º de julho,"CAUSABAS X85-X99, Y00-Y09, Y35 ou Y36; todas as idades; residência",final
22001,Baixo Parnaíba Piauiense,PI,Nordeste,2017,41,339067.0,12.09200541485901,20.43010752688172,estimativa IBGE em 1º de julho,"CAUSABAS X85-X99, Y00-Y09, Y35 ou Y36; todas as idades; residência",final
22002,Litoral Piauiense,PI,Nordeste,2017,52,315114.0,16.501964368450782,33.51254480286738,estimativa IBGE em 1º de julho,"CAUSABAS X85-X99, Y00-Y09, Y35 ou Y36; todas as idades; residência",final
22003,Teresina,PI,Nordeste,2017,354,1040753.0,34.01383421426602,69.35483870967742,estimativa IBGE em 1º de julho,"CAUSABAS X85-X99, Y00-Y09, Y35 ou Y36; todas as idades; residência",final
22004,Campo Maior,PI,Nordeste,2017,25,224527.0,11.134518343005519,17.921146953405017,estimativa IBGE em 1º de julho,"CAUSABAS X85-X99, Y00-Y09, Y35 ou Y36; todas as idades; residência",final
22005,Médio Parnaíba Piauiense,PI,Nordeste,2017,14,133120.0,10.516826923076923,15.053763440860216,estimativa IBGE em 1º de julho,"CAUSABAS X85-X99, Y00-Y09, Y35 ou Y36; todas as idades; residência",final
22006,Valença do Piauí,PI,Nordeste,2017,5,105119.0,4.756514045985978,1.971326164874552,estimativa IBGE em 1º de julho,"CAUSABAS X85-X99, Y00-Y09, Y35 ou Y36; todas as idades; residência",final
22007,Alto Parnaíba Piauiense,PI,Nordeste,2017,7,45933.0,15.239588095704613,29.74910394265233,estimativa IBGE em 1º de julho,"CAUSABAS X85-X99, Y00-Y09, Y35 ou Y36; todas as idades; residência",final
22008,Bertolínia,PI,Nordeste,2017,3,41582.0,7.214660189505074,5.017921146953405,estimativa IBGE em 1º de julho,"CAUSABAS X85-X99, Y00-Y09, Y35 ou Y36; todas as idades; residência",final
22009,Floriano,PI,Nordeste,2017,16,123007.0,13.007389823343386,24.193548387096776,estimativa IBGE em 1º de julho,"CAUSABAS X85-X99, Y00-Y09, Y35 ou Y36; todas as idades; residência",final
22010,Alto Médio Gurguéia,PI,Nordeste,2017,6,91775.0,6.537728139471533,4.659498207885305,estimativa IBGE em 1º de julho,"CAUSABAS X85-X99, Y00-Y09, Y35 ou Y36; todas as idades; residência",final
22011,São Raimundo Nonato,PI,Nordeste,2017,11,140028.0,7.855571742794298,7.706093189964157,estimativa IBGE em 1º de julho,"CAUSABAS X85-X99, Y00-Y09, Y35 ou Y36; todas as idades; residência",final
22012,Chapadas do Extremo Sul Piauiense,PI,Nordeste,2017,11,84932.0,12.951537700748835,23.835125448028673,estimativa IBGE em 1º de julho,"CAUSABAS X85-X99, Y00-Y09, Y35 ou Y36; todas as idades; residência",final
22013,Picos,PI,Nordeste,2017,33,205104.0,16.089398549028786,32.07885304659498,estimativa IBGE em 1º de julho,"CAUSABAS X85-X99, Y00-Y09, Y35 ou Y36; todas as idades; residência",final
22014,Pio IX,PI,Nordeste,2017,13,59830.0,21.72822998495738,46.415770609319,estimativa IBGE em 1º de julho,"CAUSABAS X85-X99, Y00-Y09, Y35 ou Y36; todas as idades; residência",final
22015,Alto Médio Canindé,PI,Nordeste,2017,31,269366.0,11.508505156552795,18.996415770609318,estimativa IBGE em 1º de julho,"CAUSABAS X85-X99, Y00-Y09, Y35 ou Y36; todas as idades; residência",final
23001,Litoral de Camocim e Acaraú,CE,Nordeste,2017,117,384767.0,30.40801316121185,63.62007168458781,estimativa IBGE em 1º de julho,"CAUSABAS X85-X99, Y00-Y09, Y35 ou Y36; todas as idades; residência",final
23002,Ibiapaba,CE,Nordeste,2017,50,315504.0,15.847659617627668,31.72043010752688,estimativa IBGE em 1º de julho,"CAUSABAS X85-X99, Y00-Y09, Y35 ou Y36; todas as idades; residência",final
23003,Coreaú,CE,Nordeste,2017,18,59089.0,30.46252263534668,63.799283154121866,estimativa IBGE em 1º de julho,"CAUSABAS X85-X99, Y00-Y09, Y35 ou Y36; todas as idades; residência",final
23004,Meruoca,CE,Nordeste,2017,1,26407.0,3.7868746923164314,1.2544802867383513,estimativa IBGE em 1º de julho,"CAUSABAS X85-X99, Y00-Y09, Y35 ou Y36; todas as idades; residência",final
23005,Sobral,CE,Nordeste,2017,187,410321.0,45.57407493157796,84.58781362007169,estimativa IBGE em 1º de julho,"CAUSABAS X85-X99, Y00-Y09, Y35 ou Y36; todas as idades; residência",final
23006,Ipu,CE,Nordeste,2017,41,139507.0,29.389206276387565,61.111111111111114,estimativa IBGE em 1º de julho,"CAUSABAS X85-X99, Y00-Y09, Y35 ou Y36; todas as idades; residência",final
23007,Santa Quitéria,CE,Nordeste,2017,40,73940.0,54.09791723018664,90.68100358422939,estimativa IBGE em 1º de julho,"CAUSABAS X85-X99, Y00-Y09, Y35 ou Y36; todas as idades; residência",final
23008,Itapipoca,CE,Nordeste,2017,48,225573.0,21.27914245055924,44.80286738351254,estimativa IBGE em 1º de julho,"CAUSABAS X85-X99, Y00-Y09, Y35 ou Y36; todas as idades; residência",final
23009,Baixo Curu,CE,Nordeste,2017,84,114674.0,73.25112928824319,97.4910394265233,estimativa IBGE em 1º de julho,"CAUSABAS X85-X99, Y00-Y09, Y35 ou Y36; todas as idades; residência",final
23010,Uruburetama,CE,Nordeste,2017,44,109168.0,40.304851238458156,79.03225806451613,estimativa IBGE em 1º de julho,"CAUSABAS X85-X99, Y00-Y09, Y35 ou Y36; todas as idades; residência",final
23011,Médio Curu,CE,Nordeste,2017,33,90469.0,36.47658313897578,73.47670250896057,estimativa IBGE em 1º de julho,"CAUSABAS X85-X99, Y00-Y09, Y35 ou Y36; todas as idades; residência",final
23012,Canindé,CE,Nordeste,2017,41,132087.0,31.040147781386512,64.69534050179212,estimativa IBGE em 1º de julho,"CAUSABAS X85-X99, Y00-Y09, Y35 ou Y36; todas as idades; residência",final
23013,Baturité,CE,Nordeste,2017,102,196013.0,52.037364868656674,89.42652329749104,estimativa IBGE em 1º de julho,"CAUSABAS X85-X99, Y00-Y09, Y35 ou Y36; todas as idades; residência",final
23014,Chorozinho,CE,Nordeste,2017,55,65569.0,83.88110235019597,98.5663082437276,estimativa IBGE em 1º de julho,"CAUSABAS X85-X99, Y00-Y09, Y35 ou Y36; todas as idades; residência",final
23015,Cascavel,CE,Nordeste,2017,73,144833.0,50.4028777971871,88.70967741935483,estimativa IBGE em 1º de julho,"CAUSABAS X85-X99, Y00-Y09, Y35 ou Y36; todas as idades; residência",final
23016,Fortaleza,CE,Nordeste,2017,3132,3621255.0,86.48935244825344,99.10394265232975,estimativa IBGE em 1º de julho,"CAUSABAS X85-X99, Y00-Y09, Y35 ou Y36; todas as idades; residência",final
23017,Pacajus,CE,Nordeste,2017,193,136839.0,141.04166209925532,100.0,estimativa IBGE em 1º de julho,"CAUSABAS X85-X99, Y00-Y09, Y35 ou Y36; todas as idades; residência",final
23018,Sertão de Cratéus,CE,Nordeste,2017,83,246526.0,33.66784842166749,68.27956989247312,estimativa IBGE em 1º de julho,"CAUSABAS X85-X99, Y00-Y09, Y35 ou Y36; todas as idades; residência",final
23019,Sertão de Quixeramobim,CE,Nordeste,2017,116,283741.0,40.882353977747314,79.92831541218638,estimativa IBGE em 1º de julho,"CAUSABAS X85-X99, Y00-Y09, Y35 ou Y36; todas as idades; residência",final
23020,Sertão de Inhamuns,CE,Nordeste,2017,49,150356.0,32.589321344010216,66.30824372759857,estimativa IBGE em 1º de julho,"CAUSABAS X85-X99, Y00-Y09, Y35 ou Y36; todas as idades; residência",final
23021,Sertão de Senador Pompeu,CE,Nordeste,2017,118,224141.0,52.645433008686496,90.14336917562724,estimativa IBGE em 1º de julho,"CAUSABAS X85-X99, Y00-Y09, Y35 ou Y36; todas as idades; residência",final
23022,Litoral de Aracati,CE,Nordeste,2017,54,117324.0,46.02638846271863,84.94623655913979,estimativa IBGE em 1º de julho,"CAUSABAS X85-X99, Y00-Y09, Y35 ou Y36; todas as idades; residência",final
23023,Baixo Jaguaribe,CE,Nordeste,2017,254,329275.0,77.13916938729025,97.84946236559139,estimativa IBGE em 1º de julho,"CAUSABAS X85-X99, Y00-Y09, Y35 ou Y36; todas as idades; residência",final
23024,Médio Jaguaribe,CE,Nordeste,2017,21,63701.0,32.966515439318066,66.84587813620071,estimativa IBGE em 1º de julho,"CAUSABAS X85-X99, Y00-Y09, Y35 ou Y36; todas as idades; residência",final
23025,Serra do Pereiro,CE,Nordeste,2017,5,43807.0,11.413701006688429,18.817204301075268,estimativa IBGE em 1º de julho,"CAUSABAS X85-X99, Y00-Y09, Y35 ou Y36; todas as idades; residência",final
23026,Iguatu,CE,Nordeste,2017,77,231315.0,33.28794068694205,67.74193548387096,estimativa IBGE em 1º de julho,"CAUSABAS X85-X99, Y00-Y09, Y35 ou Y36; todas as idades; residência",final
23027,Várzea Alegre,CE,Nordeste,2017,25,99971.0,25.007252103109902,53.9426523297491,estimativa IBGE em 1º de julho,"CAUSABAS X85-X99, Y00-Y09, Y35 ou Y36; todas as idades; residência",final
23028,Lavras da Mangabeira,CE,Nordeste,2017,13,57583.0,22.5761075317368,47.8494623655914,estimativa IBGE em 1º de julho,"CAUSABAS X85-X99, Y00-Y09, Y35 ou Y36; todas as idades; residência",final
23029,Chapada do Araripe,CE,Nordeste,2017,33,99110.0,33.29633740288568,67.92114695340501,estimativa IBGE em 1º de julho,"CAUSABAS X85-X99, Y00-Y09, Y35 ou Y36; todas as idades; residência",final
23030,Caririaçu,CE,Nordeste,2017,19,57516.0,33.03428611169066,67.20430107526882,estimativa IBGE em 1º de julho,"CAUSABAS X85-X99, Y00-Y09, Y35 ou Y36; todas as idades; residência",final
23031,Barro,CE,Nordeste,2017,22,93484.0,23.533438877241025,50.89605734767025,estimativa IBGE em 1º de julho,"CAUSABAS X85-X99, Y00-Y09, Y35 ou Y36; todas as idades; residência",final
23032,Cariri,CE,Nordeste,2017,260,571126.0,45.524105013604704,84.40860215053763,estimativa IBGE em 1º de julho,"CAUSABAS X85-X99, Y00-Y09, Y35 ou Y36; todas as idades; residência",final
23033,Brejo Santo,CE,Nordeste,2017,24,105469.0,22.75550161658876,48.5663082437276,estimativa IBGE em 1º de julho,"CAUSABAS X85-X99, Y00-Y09, Y35 ou Y36; todas as idades; residência",final
24001,Mossoró,RN,Nordeste,2017,325,377429.0,86.10891055006373,98.9247311827957,estimativa IBGE em 1º de julho,"CAUSABAS X85-X99, Y00-Y09, Y35 ou Y36; todas as idades; residência",final
24002,Chapada do Apodi,RN,Nordeste,2017,45,76239.0,59.02490851139181,92.47311827956989,estimativa IBGE em 1º de julho,"CAUSABAS X85-X99, Y00-Y09, Y35 ou Y36; todas as idades; residência",final
24003,Médio Oeste,RN,Nordeste,2017,18,41557.0,43.31400245446014,82.07885304659499,estimativa IBGE em 1º de julho,"CAUSABAS X85-X99, Y00-Y09, Y35 ou Y36; todas as idades; residência",final
24004,Vale do Açu,RN,Nordeste,2017,62,155043.0,39.9889063034126,78.67383512544802,estimativa IBGE em 1º de julho,"CAUSABAS X85-X99, Y00-Y09, Y35 ou Y36; todas as idades; residência",final
24005,Serra de São Miguel,RN,Nordeste,2017,25,67383.0,37.101346036834215,74.55197132616487,estimativa IBGE em 1º de julho,"CAUSABAS X85-X99, Y00-Y09, Y35 ou Y36; todas as idades; residência",final
24006,Pau dos Ferros,RN,Nordeste,2017,29,119387.0,24.290751924413883,52.5089605734767,estimativa IBGE em 1º de julho,"CAUSABAS X85-X99, Y00-Y09, Y35 ou Y36; todas as idades; residência",final
24007,Umarizal,RN,Nordeste,2017,55,67810.0,81.10898097625719,98.38709677419355,estimativa IBGE em 1º de julho,"CAUSABAS X85-X99, Y00-Y09, Y35 ou Y36; todas as idades; residência",final
24008,Macau,RN,Nordeste,2017,21,59353.0,35.38153084090105,71.68458781362007,estimativa IBGE em 1º de julho,"CAUSABAS X85-X99, Y00-Y09, Y35 ou Y36; todas as idades; residência",final
24009,Angicos,RN,Nordeste,2017,16,53321.0,30.006939104667953,62.54480286738351,estimativa IBGE em 1º de julho,"CAUSABAS X85-X99, Y00-Y09, Y35 ou Y36; todas as idades; residência",final
24010,Serra de Santana,RN,Nordeste,2017,10,64173.0,15.582877534165458,30.82437275985663,estimativa IBGE em 1º de julho,"CAUSABAS X85-X99, Y00-Y09, Y35 ou Y36; todas as idades; residência",final
24011,Seridó Ocidental,RN,Nordeste,2017,36,105820.0,34.02003402003402,69.53405017921148,estimativa IBGE em 1º de julho,"CAUSABAS X85-X99, Y00-Y09, Y35 ou Y36; todas as idades; residência",final
24012,Seridó Oriental,RN,Nordeste,2017,31,125489.0,24.703360453904327,52.68817204301075,estimativa IBGE em 1º de julho,"CAUSABAS X85-X99, Y00-Y09, Y35 ou Y36; todas as idades; residência",final
24013,Baixa Verde,RN,Nordeste,2017,46,68232.0,67.41704771954508,95.87813620071685,estimativa IBGE em 1º de julho,"CAUSABAS X85-X99, Y00-Y09, Y35 ou Y36; todas as idades; residência",final
24014,Borborema Potiguar,RN,Nordeste,2017,65,144242.0,45.0631577487833,84.22939068100358,estimativa IBGE em 1º de julho,"CAUSABAS X85-X99, Y00-Y09, Y35 ou Y36; todas as idades; residência",final
24015,Agreste Potiguar,RN,Nordeste,2017,130,251840.0,51.62007623888183,89.24731182795699,estimativa IBGE em 1º de julho,"CAUSABAS X85-X99, Y00-Y09, Y35 ou Y36; todas as idades; residência",final
24016,Litoral Nordeste,RN,Nordeste,2017,53,92125.0,57.530529172320215,92.1146953405018,estimativa IBGE em 1º de julho,"CAUSABAS X85-X99, Y00-Y09, Y35 ou Y36; todas as idades; residência",final
24017,Macaíba,RN,Nordeste,2017,406,326739.0,124.25819997000664,99.82078853046595,estimativa IBGE em 1º de julho,"CAUSABAS X85-X99, Y00-Y09, Y35 ou Y36; todas as idades; residência",final
24018,Natal,RN,Nordeste,2017,776,1168220.0,66.42584444710756,95.3405017921147,estimativa IBGE em 1º de julho,"CAUSABAS X85-X99, Y00-Y09, Y35 ou Y36; todas as idades; residência",final
24019,Litoral Sul,RN,Nordeste,2017,54,142601.0,37.86789713957125,76.52329749103943,estimativa IBGE em 1º de julho,"CAUSABAS X85-X99, Y00-Y09, Y35 ou Y36; todas as idades; residência",final
25001,Catolé do Rocha,PB,Nordeste,2017,58,123370.0,47.013050174272514,85.84229390681004,estimativa IBGE em 1º de julho,"CAUSABAS X85-X99, Y00-Y09, Y35 ou Y36; todas as idades; residência",final
25002,Cajazeiras,PB,Nordeste,2017,38,177519.0,21.40615934069029,45.16129032258065,estimativa IBGE em 1º de julho,"CAUSABAS X85-X99, Y00-Y09, Y35 ou Y36; todas as idades; residência",final
25003,Sousa,PB,Nordeste,2017,43,189761.0,22.660082946443158,48.38709677419355,estimativa IBGE em 1º de julho,"CAUSABAS X85-X99, Y00-Y09, Y35 ou Y36; todas as idades; residência",final
25004,Patos,PB,Nordeste,2017,34,134836.0,25.215817734136284,54.48028673835125,estimativa IBGE em 1º de julho,"CAUSABAS X85-X99, Y00-Y09, Y35 ou Y36; todas as idades; residência",final
25005,Piancó,PB,Nordeste,2017,17,71194.0,23.878416720510156,51.25448028673835,estimativa IBGE em 1º de julho,"CAUSABAS X85-X99, Y00-Y09, Y35 ou Y36; todas as idades; residência",final
25006,Itaporanga,PB,Nordeste,2017,9,86064.0,10.457334076965978,14.695340501792115,estimativa IBGE em 1º de julho,"CAUSABAS X85-X99, Y00-Y09, Y35 ou Y36; todas as idades; residência",final
25007,Serra do Teixeira,PB,Nordeste,2017,33,122338.0,26.974447841226766,57.88530465949821,estimativa IBGE em 1º de julho,"CAUSABAS X85-X99, Y00-Y09, Y35 ou Y36; todas as idades; residência",final
25008,Seridó Ocidental Paraibano,PB,Nordeste,2017,16,41232.0,38.80481179666278,77.59856630824373,estimativa IBGE em 1º de julho,"CAUSABAS X85-X99, Y00-Y09, Y35 ou Y36; todas as idades; residência",final
25009,Seridó Oriental Paraibano,PB,Nordeste,2017,22,79321.0,27.73540424351685,59.49820788530466,estimativa IBGE em 1º de julho,"CAUSABAS X85-X99, Y00-Y09, Y35 ou Y36; todas as idades; residência",final
25010,Cariri Ocidental,PB,Nordeste,2017,26,128386.0,20.251429283566743,42.29390681003584,estimativa IBGE em 1º de julho,"CAUSABAS X85-X99, Y00-Y09, Y35 ou Y36; todas as idades; residência",final
25011,Cariri Oriental,PB,Nordeste,2017,27,66978.0,40.3117441547971,79.21146953405018,estimativa IBGE em 1º de julho,"CAUSABAS X85-X99, Y00-Y09, Y35 ou Y36; todas as idades; residência",final
25012,Curimataú Ocidental,PB,Nordeste,2017,30,128496.0,23.347030257751214,49.82078853046595,estimativa IBGE em 1º de julho,"CAUSABAS X85-X99, Y00-Y09, Y35 ou Y36; todas as idades; residência",final
25013,Curimataú Oriental,PB,Nordeste,2017,18,96383.0,18.675492566116432,39.06810035842294,estimativa IBGE em 1º de julho,"CAUSABAS X85-X99, Y00-Y09, Y35 ou Y36; todas as idades; residência",final
25014,Esperança,PB,Nordeste,2017,18,57777.0,31.154265538189936,64.87455197132617,estimativa IBGE em 1º de julho,"CAUSABAS X85-X99, Y00-Y09, Y35 ou Y36; todas as idades; residência",final
25015,Brejo Paraibano,PB,Nordeste,2017,32,115853.0,27.621209636349512,58.96057347670251,estimativa IBGE em 1º de julho,"CAUSABAS X85-X99, Y00-Y09, Y35 ou Y36; todas as idades; residência",final
25016,Guarabira,PB,Nordeste,2017,45,171465.0,26.244423060099727,57.168458781362006,estimativa IBGE em 1º de julho,"CAUSABAS X85-X99, Y00-Y09, Y35 ou Y36; todas as idades; residência",final
25017,Campina Grande,PB,Nordeste,2017,202,535073.0,37.75185815767195,75.98566308243727,estimativa IBGE em 1º de julho,"CAUSABAS X85-X99, Y00-Y09, Y35 ou Y36; todas as idades; residência",final
25018,Itabaiana,PB,Nordeste,2017,33,111583.0,29.574397533674485,61.29032258064516,estimativa IBGE em 1º de julho,"CAUSABAS X85-X99, Y00-Y09, Y35 ou Y36; todas as idades; residência",final
25019,Umbuzeiro,PB,Nordeste,2017,22,54519.0,40.35290449201196,79.56989247311827,estimativa IBGE em 1º de julho,"CAUSABAS X85-X99, Y00-Y09, Y35 ou Y36; todas as idades; residência",final
25020,Litoral Norte,PB,Nordeste,2017,28,152615.0,18.346820430495036,37.992831541218635,estimativa IBGE em 1º de julho,"CAUSABAS X85-X99, Y00-Y09, Y35 ou Y36; todas as idades; residência",final
25021,Sapé,PB,Nordeste,2017,53,140281.0,37.78131036990042,76.16487455197132,estimativa IBGE em 1º de julho,"CAUSABAS X85-X99, Y00-Y09, Y35 ou Y36; todas as idades; residência",final
25022,João Pessoa,PB,Nordeste,2017,479,1151382.0,41.602178946691886,80.82437275985663,estimativa IBGE em 1º de julho,"CAUSABAS X85-X99, Y00-Y09, Y35 ou Y36; todas as idades; residência",final
25023,Litoral Sul,PB,Nordeste,2017,58,89132.0,65.07202800341067,94.44444444444444,estimativa IBGE em 1º de julho,"CAUSABAS X85-X99, Y00-Y09, Y35 ou Y36; todas as idades; residência",final
26001,Araripina,PE,Nordeste,2017,115,330953.0,34.74813644233471,70.60931899641577,estimativa IBGE em 1º de julho,"CAUSABAS X85-X99, Y00-Y09, Y35 ou Y36; todas as idades; residência",final
26002,Salgueiro,PE,Nordeste,2017,58,171175.0,33.88345260698116,68.99641577060932,estimativa IBGE em 1º de julho,"CAUSABAS X85-X99, Y00-Y09, Y35 ou Y36; todas as idades; residência",final
26003,Pajeú,PE,Nordeste,2017,96,330558.0,29.04180204381682,60.93189964157706,estimativa IBGE em 1º de julho,"CAUSABAS X85-X99, Y00-Y09, Y35 ou Y36; todas as idades; residência",final
26004,Sertão do Moxotó,PE,Nordeste,2017,82,231560.0,35.41198825358438,71.86379928315412,estimativa IBGE em 1º de julho,"CAUSABAS X85-X99, Y00-Y09, Y35 ou Y36; todas as idades; residência",final
26005,Petrolina,PE,Nordeste,2017,211,507355.0,41.58823703324102,80.64516129032258,estimativa IBGE em 1º de julho,"CAUSABAS X85-X99, Y00-Y09, Y35 ou Y36; todas as idades; residência",final
26006,Itaparica,PE,Nordeste,2017,40,146995.0,27.21180992550767,58.422939068100355,estimativa IBGE em 1º de julho,"CAUSABAS X85-X99, Y00-Y09, Y35 ou Y36; todas as idades; residência",final
26007,Vale do Ipanema,PE,Nordeste,2017,86,194850.0,44.136515268154994,82.97491039426524,estimativa IBGE em 1º de julho,"CAUSABAS X85-X99, Y00-Y09, Y35 ou Y36; todas as idades; residência",final
26008,Vale do Ipojuca,PE,Nordeste,2017,627,931005.0,67.34657708605216,95.6989247311828,estimativa IBGE em 1º de julho,"CAUSABAS X85-X99, Y00-Y09, Y35 ou Y36; todas as idades; residência",final
26009,Alto Capibaribe,PE,Nordeste,2017,220,314397.0,69.97522240988305,96.59498207885305,estimativa IBGE em 1º de julho,"CAUSABAS X85-X99, Y00-Y09, Y35 ou Y36; todas as idades; residência",final
26010,Médio Capibaribe,PE,Nordeste,2017,120,259295.0,46.27933434890762,85.48387096774194,estimativa IBGE em 1º de julho,"CAUSABAS X85-X99, Y00-Y09, Y35 ou Y36; todas as idades; residência",final
26011,Garanhuns,PE,Nordeste,2017,202,467377.0,43.21992738196359,81.89964157706093,estimativa IBGE em 1º de julho,"CAUSABAS X85-X99, Y00-Y09, Y35 ou Y36; todas as idades; residência",final
26012,Brejo Pernambucano,PE,Nordeste,2017,197,224060.0,87.92287780058913,99.2831541218638,estimativa IBGE em 1º de julho,"CAUSABAS X85-X99, Y00-Y09, Y35 ou Y36; todas as idades; residência",final
26013,Mata Setentrional Pernambucana,PE,Nordeste,2017,371,565023.0,65.66104388670904,94.9820788530466,estimativa IBGE em 1º de julho,"CAUSABAS X85-X99, Y00-Y09, Y35 ou Y36; todas as idades; residência",final
26014,Vitória de Santo Antão,PE,Nordeste,2017,162,229884.0,70.47032416349116,96.95340501792114,estimativa IBGE em 1º de julho,"CAUSABAS X85-X99, Y00-Y09, Y35 ou Y36; todas as idades; residência",final
26015,Mata Meridional Pernambucana,PE,Nordeste,2017,399,600064.0,66.4929074232082,95.51971326164875,estimativa IBGE em 1º de julho,"CAUSABAS X85-X99, Y00-Y09, Y35 ou Y36; todas as idades; residência",final
26016,Itamaracá,PE,Nordeste,2017,129,187793.0,68.69265627579303,96.415770609319,estimativa IBGE em 1º de julho,"CAUSABAS X85-X99, Y00-Y09, Y35 ou Y36; todas as idades; residência",final
26017,Recife,PE,Nordeste,2017,1888,3478720.0,54.27283598564989,91.0394265232975,estimativa IBGE em 1º de julho,"CAUSABAS X85-X99, Y00-Y09, Y35 ou Y36; todas as idades; residência",final
26018,Suape,PE,Nordeste,2017,317,299186.0,105.95415560888544,99.6415770609319,estimativa IBGE em 1º de julho,"CAUSABAS X85-X99, Y00-Y09, Y35 ou Y36; todas as idades; residência",final
26019,Fernando de Noronha,PE,Nordeste,2017,0,3016.0,0.0,0.35842293906810035,estimativa IBGE em 1º de julho,"CAUSABAS X85-X99, Y00-Y09, Y35 ou Y36; todas as idades; residência",final
27001,Serrana do Sertão Alagoano,AL,Nordeste,2017,20,93375.0,21.4190093708166,45.51971326164875,estimativa IBGE em 1º de julho,"CAUSABAS X85-X99, Y00-Y09, Y35 ou Y36; todas as idades; residência",final
27002,Alagoana do Sertão do São Francisco,AL,Nordeste,2017,35,87354.0,40.06685440849875,78.85304659498208,estimativa IBGE em 1º de julho,"CAUSABAS X85-X99, Y00-Y09, Y35 ou Y36; todas as idades; residência",final
27003,Santana do Ipanema,AL,Nordeste,2017,61,180749.0,33.74845780612894,68.63799283154121,estimativa IBGE em 1º de julho,"CAUSABAS X85-X99, Y00-Y09, Y35 ou Y36; todas as idades; residência",final
27004,Batalha,AL,Nordeste,2017,36,97585.0,36.89091561203054,74.19354838709677,estimativa IBGE em 1º de julho,"CAUSABAS X85-X99, Y00-Y09, Y35 ou Y36; todas as idades; residência",final
27005,Palmeira dos Índios,AL,Nordeste,2017,77,181966.0,42.31559741929811,81.18279569892474,estimativa IBGE em 1º de julho,"CAUSABAS X85-X99, Y00-Y09, Y35 ou Y36; todas as idades; residência",final
27006,Arapiraca,AL,Nordeste,2017,219,444919.0,49.22244273676782,88.35125448028674,estimativa IBGE em 1º de julho,"CAUSABAS X85-X99, Y00-Y09, Y35 ou Y36; todas as idades; residência",final
27007,Traipu,AL,Nordeste,2017,9,40323.0,22.319767874414104,47.31182795698925,estimativa IBGE em 1º de julho,"CAUSABAS X85-X99, Y00-Y09, Y35 ou Y36; todas as idades; residência",final
27008,Serrana dos Quilombos,AL,Nordeste,2017,78,153965.0,50.66086448218751,88.88888888888889,estimativa IBGE em 1º de julho,"CAUSABAS X85-X99, Y00-Y09, Y35 ou Y36; todas as idades; residência",final
27009,Mata Alagoana,AL,Nordeste,2017,200,321723.0,62.16527882681686,93.54838709677419,estimativa IBGE em 1º de julho,"CAUSABAS X85-X99, Y00-Y09, Y35 ou Y36; todas as idades; residência",final
27010,Litoral Norte Alagoano,AL,Nordeste,2017,38,72841.0,52.168421630675034,89.78494623655914,estimativa IBGE em 1º de julho,"CAUSABAS X85-X99, Y00-Y09, Y35 ou Y36; todas as idades; residência",final
27011,Maceió,AL,Nordeste,2017,788,1257930.0,62.64259537494137,93.9068100358423,estimativa IBGE em 1º de julho,"CAUSABAS X85-X99, Y00-Y09, Y35 ou Y36; todas as idades; residência",final
27012,São Miguel dos Campos,AL,Nordeste,2017,168,310596.0,54.089556851987794,90.50179211469533,estimativa IBGE em 1º de julho,"CAUSABAS X85-X99, Y00-Y09, Y35 ou Y36; todas as idades; residência",final
27013,Penedo,AL,Nordeste,2017,83,132497.0,62.64292776440221,94.08602150537635,estimativa IBGE em 1º de julho,"CAUSABAS X85-X99, Y00-Y09, Y35 ou Y36; todas as idades; residência",final
28001,Sergipana do Sertão do São Francisco,SE,Nordeste,2017,57,172636.0,33.017447114159275,67.02508960573476,estimativa IBGE em 1º de julho,"CAUSABAS X85-X99, Y00-Y09, Y35 ou Y36; todas as idades; residência",final
28002,Carira,SE,Nordeste,2017,54,74511.0,72.47252083584974,97.31182795698925,estimativa IBGE em 1º de julho,"CAUSABAS X85-X99, Y00-Y09, Y35 ou Y36; todas as idades; residência",final
28003,Nossa Senhora das Dores,SE,Nordeste,2017,33,67544.0,48.857041336018,87.81362007168458,estimativa IBGE em 1º de julho,"CAUSABAS X85-X99, Y00-Y09, Y35 ou Y36; todas as idades; residência",final
28004,Agreste de Itabaiana,SE,Nordeste,2017,139,173978.0,79.89515915805447,98.2078853046595,estimativa IBGE em 1º de julho,"CAUSABAS X85-X99, Y00-Y09, Y35 ou Y36; todas as idades; residência",final
28005,Tobias Barreto,SE,Nordeste,2017,35,116734.0,29.982695701338084,62.365591397849464,estimativa IBGE em 1º de julho,"CAUSABAS X85-X99, Y00-Y09, Y35 ou Y36; todas as idades; residência",final
28006,Agreste de Lagarto,SE,Nordeste,2017,47,124113.0,37.86871641165712,76.70250896057348,estimativa IBGE em 1º de julho,"CAUSABAS X85-X99, Y00-Y09, Y35 ou Y36; todas as idades; residência",final
28007,Propriá,SE,Nordeste,2017,57,95603.0,59.62155999288725,92.65232974910394,estimativa IBGE em 1º de julho,"CAUSABAS X85-X99, Y00-Y09, Y35 ou Y36; todas as idades; residência",final
28008,Cotinguiba,SE,Nordeste,2017,30,51897.0,57.80680964217585,92.29390681003584,estimativa IBGE em 1º de julho,"CAUSABAS X85-X99, Y00-Y09, Y35 ou Y36; todas as idades; residência",final
28009,Japaratuba,SE,Nordeste,2017,21,59538.0,35.27159125264537,71.32616487455198,estimativa IBGE em 1º de julho,"CAUSABAS X85-X99, Y00-Y09, Y35 ou Y36; todas as idades; residência",final
28010,Baixo Cotinguiba,SE,Nordeste,2017,55,99628.0,55.20536395390854,91.39784946236558,estimativa IBGE em 1º de julho,"CAUSABAS X85-X99, Y00-Y09, Y35 ou Y36; todas as idades; residência",final
28011,Aracaju,SE,Nordeste,2017,667,951073.0,70.13131484123721,96.7741935483871,estimativa IBGE em 1º de julho,"CAUSABAS X85-X99, Y00-Y09, Y35 ou Y36; todas as idades; residência",final
28012,Boquim,SE,Nordeste,2017,60,165638.0,36.22357188567841,73.11827956989248,estimativa IBGE em 1º de julho,"CAUSABAS X85-X99, Y00-Y09, Y35 ou Y36; todas as idades; residência",final
28013,Estância,SE,Nordeste,2017,54,135223.0,39.93403489051419,78.49462365591398,estimativa IBGE em 1º de julho,"CAUSABAS X85-X99, Y00-Y09, Y35 ou Y36; todas as idades; residência",final
29001,Barreiras,BA,Nordeste,2017,123,342073.0,35.95723719790805,72.58064516129032,estimativa IBGE em 1º de julho,"CAUSABAS X85-X99, Y00-Y09, Y35 ou Y36; todas as idades; residência",final
29002,Cotegipe,BA,Nordeste,2017,27,123437.0,21.873506323063587,46.59498207885304,estimativa IBGE em 1º de julho,"CAUSABAS X85-X99, Y00-Y09, Y35 ou Y36; todas as idades; residência",final
29003,Santa Maria da Vitória,BA,Nordeste,2017,49,190405.0,25.734618313594705,55.19713261648746,estimativa IBGE em 1º de julho,"CAUSABAS X85-X99, Y00-Y09, Y35 ou Y36; todas as idades; residência",final
29004,Juazeiro,BA,Nordeste,2017,190,504743.0,37.642919267825405,75.62724014336918,estimativa IBGE em 1º de julho,"CAUSABAS X85-X99, Y00-Y09, Y35 ou Y36; todas as idades; residência",final
29005,Paulo Afonso,BA,Nordeste,2017,68,185997.0,36.55972945800201,73.65591397849462,estimativa IBGE em 1º de julho,"CAUSABAS X85-X99, Y00-Y09, Y35 ou Y36; todas as idades; residência",final
29006,Barra,BA,Nordeste,2017,64,188240.0,33.99915002124947,69.17562724014337,estimativa IBGE em 1º de julho,"CAUSABAS X85-X99, Y00-Y09, Y35 ou Y36; todas as idades; residência",final
29007,Bom Jesus da Lapa,BA,Nordeste,2017,81,186053.0,43.53598168263882,82.43727598566308,estimativa IBGE em 1º de julho,"CAUSABAS X85-X99, Y00-Y09, Y35 ou Y36; todas as idades; residência",final
29008,Senhor do Bonfim,BA,Nordeste,2017,60,312163.0,19.220727632679083,40.32258064516129,estimativa IBGE em 1º de julho,"CAUSABAS X85-X99, Y00-Y09, Y35 ou Y36; todas as idades; residência",final
29009,Irecê,BA,Nordeste,2017,182,407904.0,44.618341570565626,83.69175627240143,estimativa IBGE em 1º de julho,"CAUSABAS X85-X99, Y00-Y09, Y35 ou Y36; todas as idades; residência",final
29010,Jacobina,BA,Nordeste,2017,115,351284.0,32.73704467040913,66.66666666666667,estimativa IBGE em 1º de julho,"CAUSABAS X85-X99, Y00-Y09, Y35 ou Y36; todas as idades; residência",final
29011,Itaberaba,BA,Nordeste,2017,79,265280.0,29.779855247285887,61.82795698924731,estimativa IBGE em 1º de julho,"CAUSABAS X85-X99, Y00-Y09, Y35 ou Y36; todas as idades; residência",final
29012,Feira de Santana,BA,Nordeste,2017,391,1097394.0,35.62986493456316,72.22222222222223,estimativa IBGE em 1º de julho,"CAUSABAS X85-X99, Y00-Y09, Y35 ou Y36; todas as idades; residência",final
29013,Jeremoabo,BA,Nordeste,2017,23,102887.0,22.354622061096155,47.4910394265233,estimativa IBGE em 1º de julho,"CAUSABAS X85-X99, Y00-Y09, Y35 ou Y36; todas as idades; residência",final
29014,Euclides da Cunha,BA,Nordeste,2017,71,314478.0,22.577096013075636,48.028673835125446,estimativa IBGE em 1º de julho,"CAUSABAS X85-X99, Y00-Y09, Y35 ou Y36; todas as idades; residência",final
29015,Ribeira do Pombal,BA,Nordeste,2017,95,342677.0,27.72289940672995,59.13978494623656,estimativa IBGE em 1º de julho,"CAUSABAS X85-X99, Y00-Y09, Y35 ou Y36; todas as idades; residência",final
29016,Serrinha,BA,Nordeste,2017,135,453286.0,29.782521410323724,62.007168458781365,estimativa IBGE em 1º de julho,"CAUSABAS X85-X99, Y00-Y09, Y35 ou Y36; todas as idades; residência",final
29017,Alagoinhas,BA,Nordeste,2017,203,338835.0,59.911166201838654,92.831541218638,estimativa IBGE em 1º de julho,"CAUSABAS X85-X99, Y00-Y09, Y35 ou Y36; todas as idades; residência",final
29018,Entre Rios,BA,Nordeste,2017,80,128103.0,62.44974746883367,93.72759856630825,estimativa IBGE em 1º de julho,"CAUSABAS X85-X99, Y00-Y09, Y35 ou Y36; todas as idades; residência",final
29019,Catu,BA,Nordeste,2017,153,235677.0,64.9193599714864,94.26523297491039,estimativa IBGE em 1º de julho,"CAUSABAS X85-X99, Y00-Y09, Y35 ou Y36; todas as idades; residência",final
29020,Santo Antônio de Jesus,BA,Nordeste,2017,335,591097.0,56.67428526959196,91.75627240143369,estimativa IBGE em 1º de julho,"CAUSABAS X85-X99, Y00-Y09, Y35 ou Y36; todas as idades; residência",final
29021,Salvador,BA,Nordeste,2017,2641,3882662.0,68.02034274423063,96.05734767025089,estimativa IBGE em 1º de julho,"CAUSABAS X85-X99, Y00-Y09, Y35 ou Y36; todas as idades; residência",final
29022,Boquira,BA,Nordeste,2017,25,200715.0,12.455471688712851,22.043010752688172,estimativa IBGE em 1º de julho,"CAUSABAS X85-X99, Y00-Y09, Y35 ou Y36; todas as idades; residência",final
29023,Seabra,BA,Nordeste,2017,47,272069.0,17.27502949619398,35.842293906810035,estimativa IBGE em 1º de julho,"CAUSABAS X85-X99, Y00-Y09, Y35 ou Y36; todas as idades; residência",final
29024,Jequié,BA,Nordeste,2017,231,537681.0,42.96227688908479,81.54121863799283,estimativa IBGE em 1º de julho,"CAUSABAS X85-X99, Y00-Y09, Y35 ou Y36; todas as idades; residência",final
29025,Livramento do Brumado,BA,Nordeste,2017,8,104971.0,7.621152508788142,6.451612903225806,estimativa IBGE em 1º de julho,"CAUSABAS X85-X99, Y00-Y09, Y35 ou Y36; todas as idades; residência",final
29026,Guanambi,BA,Nordeste,2017,48,408068.0,11.762745424782144,19.892473118279568,estimativa IBGE em 1º de julho,"CAUSABAS X85-X99, Y00-Y09, Y35 ou Y36; todas as idades; residência",final
29027,Brumado,BA,Nordeste,2017,31,241479.0,12.837555232546102,23.29749103942652,estimativa IBGE em 1º de julho,"CAUSABAS X85-X99, Y00-Y09, Y35 ou Y36; todas as idades; residência",final
29028,Vitória da Conquista,BA,Nordeste,2017,323,669018.0,48.27971743660111,87.27598566308244,estimativa IBGE em 1º de julho,"CAUSABAS X85-X99, Y00-Y09, Y35 ou Y36; todas as idades; residência",final
29029,Itapetinga,BA,Nordeste,2017,93,208624.0,44.57780504639926,83.51254480286738,estimativa IBGE em 1º de julho,"CAUSABAS X85-X99, Y00-Y09, Y35 ou Y36; todas as idades; residência",final
29030,Valença,BA,Nordeste,2017,161,292868.0,54.97357171148777,91.21863799283155,estimativa IBGE em 1º de julho,"CAUSABAS X85-X99, Y00-Y09, Y35 ou Y36; todas as idades; residência",final
29031,Ilhéus-Itabuna,BA,Nordeste,2017,684,1046083.0,65.38678097244674,94.80286738351255,estimativa IBGE em 1º de julho,"CAUSABAS X85-X99, Y00-Y09, Y35 ou Y36; todas as idades; residência",final
29032,Porto Seguro,BA,Nordeste,2017,558,818196.0,68.19881788715662,96.23655913978494,estimativa IBGE em 1º de julho,"CAUSABAS X85-X99, Y00-Y09, Y35 ou Y36; todas as idades; residência",final
31001,Unaí,MG,Sudeste,2017,36,159448.0,22.57789373338016,48.2078853046595,estimativa IBGE em 1º de julho,"CAUSABAS X85-X99, Y00-Y09, Y35 ou Y36; todas as idades; residência",final
31002,Paracatu,MG,Sudeste,2017,81,235441.0,34.403523600392454,69.89247311827957,estimativa IBGE em 1º de julho,"CAUSABAS X85-X99, Y00-Y09, Y35 ou Y36; todas as idades; residência",final
31003,Januária,MG,Sudeste,2017,34,291870.0,11.649021824785008,19.35483870967742,estimativa IBGE em 1º de julho,"CAUSABAS X85-X99, Y00-Y09, Y35 ou Y36; todas as idades; residência",final
31004,Janaúba,MG,Sudeste,2017,102,260473.0,39.15952901068441,77.77777777777777,estimativa IBGE em 1º de julho,"CAUSABAS X85-X99, Y00-Y09, Y35 ou Y36; todas as idades; residência",final
31005,Salinas,MG,Sudeste,2017,31,223372.0,13.878194223089734,25.448028673835125,estimativa IBGE em 1º de julho,"CAUSABAS X85-X99, Y00-Y09, Y35 ou Y36; todas as idades; residência",final
31006,Pirapora,MG,Sudeste,2017,48,175538.0,27.34450660255899,58.78136200716846,estimativa IBGE em 1º de julho,"CAUSABAS X85-X99, Y00-Y09, Y35 ou Y36; todas as idades; residência",final
31007,Montes Claros,MG,Sudeste,2017,81,653953.0,12.386211241480657,21.50537634408602,estimativa IBGE em 1º de julho,"CAUSABAS X85-X99, Y00-Y09, Y35 ou Y36; todas as idades; residência",final
31008,Grão Mogol,MG,Sudeste,2017,5,45102.0,11.085982883242428,17.741935483870968,estimativa IBGE em 1º de julho,"CAUSABAS X85-X99, Y00-Y09, Y35 ou Y36; todas as idades; residência",final
31009,Bocaiúva,MG,Sudeste,2017,9,73704.0,12.2110061869098,20.788530465949822,estimativa IBGE em 1º de julho,"CAUSABAS X85-X99, Y00-Y09, Y35 ou Y36; todas as idades; residência",final
31010,Diamantina,MG,Sudeste,2017,12,85897.0,13.970220147385822,25.806451612903224,estimativa IBGE em 1º de julho,"CAUSABAS X85-X99, Y00-Y09, Y35 ou Y36; todas as idades; residência",final
31011,Capelinha,MG,Sudeste,2017,27,209267.0,12.902177600863968,23.655913978494624,estimativa IBGE em 1º de julho,"CAUSABAS X85-X99, Y00-Y09, Y35 ou Y36; todas as idades; residência",final
31012,Araçuaí,MG,Sudeste,2017,55,163942.0,33.548450061607156,68.10035842293907,estimativa IBGE em 1º de julho,"CAUSABAS X85-X99, Y00-Y09, Y35 ou Y36; todas as idades; residência",final
31013,Pedra Azul,MG,Sudeste,2017,51,84794.0,60.14576503054462,93.36917562724014,estimativa IBGE em 1º de julho,"CAUSABAS X85-X99, Y00-Y09, Y35 ou Y36; todas as idades; residência",final
31014,Almenara,MG,Sudeste,2017,44,189212.0,23.254339048263322,49.6415770609319,estimativa IBGE em 1º de julho,"CAUSABAS X85-X99, Y00-Y09, Y35 ou Y36; todas as idades; residência",final
31015,Teófilo Otoni,MG,Sudeste,2017,66,278427.0,23.704597614455494,51.075268817204304,estimativa IBGE em 1º de julho,"CAUSABAS X85-X99, Y00-Y09, Y35 ou Y36; todas as idades; residência",final
31016,Nanuque,MG,Sudeste,2017,45,122160.0,36.83693516699411,74.01433691756273,estimativa IBGE em 1º de julho,"CAUSABAS X85-X99, Y00-Y09, Y35 ou Y36; todas as idades; residência",final
31017,Ituiutaba,MG,Sudeste,2017,23,153357.0,14.99768513990232,29.39068100358423,estimativa IBGE em 1º de julho,"CAUSABAS X85-X99, Y00-Y09, Y35 ou Y36; todas as idades; residência",final
31018,Uberlândia,MG,Sudeste,2017,159,907877.0,17.513385623823492,36.37992831541219,estimativa IBGE em 1º de julho,"CAUSABAS X85-X99, Y00-Y09, Y35 ou Y36; todas as idades; residência",final
31019,Patrocínio,MG,Sudeste,2017,51,211405.0,24.124311156311347,51.971326164874554,estimativa IBGE em 1º de julho,"CAUSABAS X85-X99, Y00-Y09, Y35 ou Y36; todas as idades; residência",final
31020,Patos de Minas,MG,Sudeste,2017,46,272273.0,16.894807784833606,34.587813620071685,estimativa IBGE em 1º de julho,"CAUSABAS X85-X99, Y00-Y09, Y35 ou Y36; todas as idades; residência",final
31021,Frutal,MG,Sudeste,2017,25,198405.0,12.60048889896928,22.580645161290324,estimativa IBGE em 1º de julho,"CAUSABAS X85-X99, Y00-Y09, Y35 ou Y36; todas as idades; residência",final
31022,Uberaba,MG,Sudeste,2017,65,385809.0,16.847714801883832,34.05017921146953,estimativa IBGE em 1º de julho,"CAUSABAS X85-X99, Y00-Y09, Y35 ou Y36; todas as idades; residência",final
31023,Araxá,MG,Sudeste,2017,29,226898.0,12.781073433877777,23.118279569892472,estimativa IBGE em 1º de julho,"CAUSABAS X85-X99, Y00-Y09, Y35 ou Y36; todas as idades; residência",final
31024,Três Marias,MG,Sudeste,2017,34,104248.0,32.614534571406644,66.48745519713262,estimativa IBGE em 1º de julho,"CAUSABAS X85-X99, Y00-Y09, Y35 ou Y36; todas as idades; residência",final
31025,Curvelo,MG,Sudeste,2017,20,159277.0,12.556740772365124,22.40143369175627,estimativa IBGE em 1º de julho,"CAUSABAS X85-X99, Y00-Y09, Y35 ou Y36; todas as idades; residência",final
31026,Bom Despacho,MG,Sudeste,2017,25,179093.0,13.959227887187104,25.627240143369175,estimativa IBGE em 1º de julho,"CAUSABAS X85-X99, Y00-Y09, Y35 ou Y36; todas as idades; residência",final
31027,Sete Lagoas,MG,Sudeste,2017,107,431177.0,24.81579490557242,53.40501792114696,estimativa IBGE em 1º de julho,"CAUSABAS X85-X99, Y00-Y09, Y35 ou Y36; todas as idades; residência",final
31028,Conceição do Mato Dentro,MG,Sudeste,2017,13,85508.0,15.203255835711278,29.56989247311828,estimativa IBGE em 1º de julho,"CAUSABAS X85-X99, Y00-Y09, Y35 ou Y36; todas as idades; residência",final
31029,Pará de Minas,MG,Sudeste,2017,28,135814.0,20.616431295742707,43.18996415770609,estimativa IBGE em 1º de julho,"CAUSABAS X85-X99, Y00-Y09, Y35 ou Y36; todas as idades; residência",final
31030,Belo Horizonte,MG,Sudeste,2017,1370,5193008.0,26.381626987672654,57.34767025089606,estimativa IBGE em 1º de julho,"CAUSABAS X85-X99, Y00-Y09, Y35 ou Y36; todas as idades; residência",final
31031,Itabira,MG,Sudeste,2017,66,405298.0,16.28431425765733,32.61648745519713,estimativa IBGE em 1º de julho,"CAUSABAS X85-X99, Y00-Y09, Y35 ou Y36; todas as idades; residência",final
31032,Itaguara,MG,Sudeste,2017,12,65147.0,18.41988119176631,38.35125448028674,estimativa IBGE em 1º de julho,"CAUSABAS X85-X99, Y00-Y09, Y35 ou Y36; todas as idades; residência",final
31033,Ouro Preto,MG,Sudeste,2017,32,189245.0,16.909297471531612,34.76702508960574,estimativa IBGE em 1º de julho,"CAUSABAS X85-X99, Y00-Y09, Y35 ou Y36; todas as idades; residência",final
31034,Conselheiro Lafaiete,MG,Sudeste,2017,30,269255.0,11.141854375963305,18.100358422939067,estimativa IBGE em 1º de julho,"CAUSABAS X85-X99, Y00-Y09, Y35 ou Y36; todas as idades; residência",final
31035,Guanhães,MG,Sudeste,2017,27,136730.0,19.746946536970672,40.50179211469534,estimativa IBGE em 1º de julho,"CAUSABAS X85-X99, Y00-Y09, Y35 ou Y36; todas as idades; residência",final
31036,Peçanha,MG,Sudeste,2017,28,82713.0,33.85199424516098,68.81720430107526,estimativa IBGE em 1º de julho,"CAUSABAS X85-X99, Y00-Y09, Y35 ou Y36; todas as idades; residência",final
31037,Governador Valadares,MG,Sudeste,2017,153,439010.0,34.85114234299902,70.96774193548387,estimativa IBGE em 1º de julho,"CAUSABAS X85-X99, Y00-Y09, Y35 ou Y36; todas as idades; residência",final
31038,Mantena,MG,Sudeste,2017,26,65988.0,39.40110323089046,77.95698924731182,estimativa IBGE em 1º de julho,"CAUSABAS X85-X99, Y00-Y09, Y35 ou Y36; todas as idades; residência",final
31039,Ipatinga,MG,Sudeste,2017,104,571264.0,18.205243110015683,37.634408602150536,estimativa IBGE em 1º de julho,"CAUSABAS X85-X99, Y00-Y09, Y35 ou Y36; todas as idades; residência",final
31040,Caratinga,MG,Sudeste,2017,55,268439.0,20.488826139271865,42.65232974910394,estimativa IBGE em 1º de julho,"CAUSABAS X85-X99, Y00-Y09, Y35 ou Y36; todas as idades; residência",final
31041,Aimorés,MG,Sudeste,2017,46,154952.0,29.686612628426868,61.46953405017921,estimativa IBGE em 1º de julho,"CAUSABAS X85-X99, Y00-Y09, Y35 ou Y36; todas as idades; residência",final
31042,Piuí,MG,Sudeste,2017,7,86594.0,8.083700949257455,8.602150537634408,estimativa IBGE em 1º de julho,"CAUSABAS X85-X99, Y00-Y09, Y35 ou Y36; todas as idades; residência",final
31043,Divinópolis,MG,Sudeste,2017,140,546334.0,25.62535006058565,55.017921146953405,estimativa IBGE em 1º de julho,"CAUSABAS X85-X99, Y00-Y09, Y35 ou Y36; todas as idades; residência",final
31044,Formiga,MG,Sudeste,2017,18,160896.0,11.187350835322196,18.27956989247312,estimativa IBGE em 1º de julho,"CAUSABAS X85-X99, Y00-Y09, Y35 ou Y36; todas as idades; residência",final
31045,Campo Belo,MG,Sudeste,2017,15,118649.0,12.64233158307276,22.759856630824373,estimativa IBGE em 1º de julho,"CAUSABAS X85-X99, Y00-Y09, Y35 ou Y36; todas as idades; residência",final
31046,Oliveira,MG,Sudeste,2017,22,133502.0,16.479153870354,33.333333333333336,estimativa IBGE em 1º de julho,"CAUSABAS X85-X99, Y00-Y09, Y35 ou Y36; todas as idades; residência",final
31047,Passos,MG,Sudeste,2017,17,242190.0,7.019282381601222,4.838709677419355,estimativa IBGE em 1º de julho,"CAUSABAS X85-X99, Y00-Y09, Y35 ou Y36; todas as idades; residência",final
31048,São Sebastião do Paraíso,MG,Sudeste,2017,23,280970.0,8.185927323201765,8.78136200716846,estimativa IBGE em 1º de julho,"CAUSABAS X85-X99, Y00-Y09, Y35 ou Y36; todas as idades; residência",final
31049,Alfenas,MG,Sudeste,2017,26,241339.0,10.773227700454548,15.949820788530467,estimativa IBGE em 1º de julho,"CAUSABAS X85-X99, Y00-Y09, Y35 ou Y36; todas as idades; residência",final
31050,Varginha,MG,Sudeste,2017,43,473180.0,9.087450864364513,10.931899641577061,estimativa IBGE em 1º de julho,"CAUSABAS X85-X99, Y00-Y09, Y35 ou Y36; todas as idades; residência",final
31051,Poços de Caldas,MG,Sudeste,2017,21,369570.0,5.682279405795925,3.763440860215054,estimativa IBGE em 1º de julho,"CAUSABAS X85-X99, Y00-Y09, Y35 ou Y36; todas as idades; residência",final
31052,Pouso Alegre,MG,Sudeste,2017,27,360191.0,7.496022943382816,5.913978494623656,estimativa IBGE em 1º de julho,"CAUSABAS X85-X99, Y00-Y09, Y35 ou Y36; todas as idades; residência",final
31053,Santa Rita do Sapucaí,MG,Sudeste,2017,5,150923.0,3.312947662052835,1.075268817204301,estimativa IBGE em 1º de julho,"CAUSABAS X85-X99, Y00-Y09, Y35 ou Y36; todas as idades; residência",final
31054,São Lourenço,MG,Sudeste,2017,16,221578.0,7.220933486176426,5.197132616487456,estimativa IBGE em 1º de julho,"CAUSABAS X85-X99, Y00-Y09, Y35 ou Y36; todas as idades; residência",final
31055,Andrelândia,MG,Sudeste,2017,6,76471.0,7.846111597860627,7.347670250896058,estimativa IBGE em 1º de julho,"CAUSABAS X85-X99, Y00-Y09, Y35 ou Y36; todas as idades; residência",final
31056,Itajubá,MG,Sudeste,2017,21,199425.0,10.530274539300489,15.232974910394265,estimativa IBGE em 1º de julho,"CAUSABAS X85-X99, Y00-Y09, Y35 ou Y36; todas as idades; residência",final
31057,Lavras,MG,Sudeste,2017,12,162301.0,7.3936697863845575,5.555555555555555,estimativa IBGE em 1º de julho,"CAUSABAS X85-X99, Y00-Y09, Y35 ou Y36; todas as idades; residência",final
31058,São João Del Rei,MG,Sudeste,2017,27,194640.0,13.871763255240444,25.268817204301076,estimativa IBGE em 1º de julho,"CAUSABAS X85-X99, Y00-Y09, Y35 ou Y36; todas as idades; residência",final
31059,Barbacena,MG,Sudeste,2017,12,237672.0,5.048975058063213,2.5089605734767026,estimativa IBGE em 1º de julho,"CAUSABAS X85-X99, Y00-Y09, Y35 ou Y36; todas as idades; residência",final
31060,Ponte Nova,MG,Sudeste,2017,42,191762.0,21.90214953953338,46.774193548387096,estimativa IBGE em 1º de julho,"CAUSABAS X85-X99, Y00-Y09, Y35 ou Y36; todas as idades; residência",final
31061,Manhuaçu,MG,Sudeste,2017,55,294880.0,18.651654910472057,38.888888888888886,estimativa IBGE em 1º de julho,"CAUSABAS X85-X99, Y00-Y09, Y35 ou Y36; todas as idades; residência",final
31062,Viçosa,MG,Sudeste,2017,92,232130.0,39.63296428725283,78.13620071684588,estimativa IBGE em 1º de julho,"CAUSABAS X85-X99, Y00-Y09, Y35 ou Y36; todas as idades; residência",final
31063,Muriaé,MG,Sudeste,2017,63,292529.0,21.536326312946752,45.878136200716845,estimativa IBGE em 1º de julho,"CAUSABAS X85-X99, Y00-Y09, Y35 ou Y36; todas as idades; residência",final
31064,Ubá,MG,Sudeste,2017,62,292887.0,21.16857354542878,44.086021505376344,estimativa IBGE em 1º de julho,"CAUSABAS X85-X99, Y00-Y09, Y35 ou Y36; todas as idades; residência",final
31065,Juiz de Fora,MG,Sudeste,2017,159,785655.0,20.237890677205645,42.11469534050179,estimativa IBGE em 1º de julho,"CAUSABAS X85-X99, Y00-Y09, Y35 ou Y36; todas as idades; residência",final
31066,Cataguases,MG,Sudeste,2017,24,228478.0,10.504293630021271,14.874551971326165,estimativa IBGE em 1º de julho,"CAUSABAS X85-X99, Y00-Y09, Y35 ou Y36; todas as idades; residência",final
32001,Barra de São Francisco,ES,Sudeste,2017,25,96812.0,25.823245052266248,55.55555555555556,estimativa IBGE em 1º de julho,"CAUSABAS X85-X99, Y00-Y09, Y35 ou Y36; todas as idades; residência",final
32002,Nova Venécia,ES,Sudeste,2017,60,138067.0,43.4571621024575,82.25806451612904,estimativa IBGE em 1º de julho,"CAUSABAS X85-X99, Y00-Y09, Y35 ou Y36; todas as idades; residência",final
32003,Colatina,ES,Sudeste,2017,63,222058.0,28.3709661439804,60.215053763440864,estimativa IBGE em 1º de julho,"CAUSABAS X85-X99, Y00-Y09, Y35 ou Y36; todas as idades; residência",final
32004,Montanha,ES,Sudeste,2017,17,60283.0,28.20032181543719,59.67741935483871,estimativa IBGE em 1º de julho,"CAUSABAS X85-X99, Y00-Y09, Y35 ou Y36; todas as idades; residência",final
32005,São Mateus,ES,Sudeste,2017,117,216202.0,54.116058130822104,90.86021505376344,estimativa IBGE em 1º de julho,"CAUSABAS X85-X99, Y00-Y09, Y35 ou Y36; todas as idades; residência",final
32006,Linhares,ES,Sudeste,2017,174,366442.0,47.48363997576697,86.73835125448029,estimativa IBGE em 1º de julho,"CAUSABAS X85-X99, Y00-Y09, Y35 ou Y36; todas as idades; residência",final
32007,Afonso Cláudio,ES,Sudeste,2017,16,145477.0,10.998302137107585,16.845878136200717,estimativa IBGE em 1º de julho,"CAUSABAS X85-X99, Y00-Y09, Y35 ou Y36; todas as idades; residência",final
32008,Santa Teresa,ES,Sudeste,2017,18,115467.0,15.58886954714334,31.003584229390682,estimativa IBGE em 1º de julho,"CAUSABAS X85-X99, Y00-Y09, Y35 ou Y36; todas as idades; residência",final
32009,Vitória,ES,Sudeste,2017,858,1816290.0,47.2391523380077,86.20071684587813,estimativa IBGE em 1º de julho,"CAUSABAS X85-X99, Y00-Y09, Y35 ou Y36; todas as idades; residência",final
32010,Guarapari,ES,Sudeste,2017,52,214241.0,24.271731367945446,52.32974910394265,estimativa IBGE em 1º de julho,"CAUSABAS X85-X99, Y00-Y09, Y35 ou Y36; todas as idades; residência",final
32011,Alegre,ES,Sudeste,2017,25,172184.0,14.519351391534638,28.136200716845877,estimativa IBGE em 1º de julho,"CAUSABAS X85-X99, Y00-Y09, Y35 ou Y36; todas as idades; residência",final
32012,Cachoeiro de Itapemirim,ES,Sudeste,2017,70,367793.0,19.032444880680167,39.784946236559136,estimativa IBGE em 1º de julho,"CAUSABAS X85-X99, Y00-Y09, Y35 ou Y36; todas as idades; residência",final
32013,Itapemirim,ES,Sudeste,2017,26,85040.0,30.57384760112888,63.97849462365591,estimativa IBGE em 1º de julho,"CAUSABAS X85-X99, Y00-Y09, Y35 ou Y36; todas as idades; residência",final
33001,Itaperuna,RJ,Sudeste,2017,26,201810.0,12.883405183093009,23.476702508960575,estimativa IBGE em 1º de julho,"CAUSABAS X85-X99, Y00-Y09, Y35 ou Y36; todas as idades; residência",final
33002,Santo Antônio de Pádua,RJ,Sudeste,2017,25,123926.0,20.17332924487194,41.935483870967744,estimativa IBGE em 1º de julho,"CAUSABAS X85-X99, Y00-Y09, Y35 ou Y36; todas as idades; residência",final
33003,Campos dos Goytacazes,RJ,Sudeste,2017,216,616861.0,35.01599225757504,71.14695340501792,estimativa IBGE em 1º de julho,"CAUSABAS X85-X99, Y00-Y09, Y35 ou Y36; todas as idades; residência",final
33004,Macaé,RJ,Sudeste,2017,134,305703.0,43.83339384958604,82.79569892473118,estimativa IBGE em 1º de julho,"CAUSABAS X85-X99, Y00-Y09, Y35 ou Y36; todas as idades; residência",final
33005,Três Rios,RJ,Sudeste,2017,33,160568.0,20.55204025708734,43.01075268817204,estimativa IBGE em 1º de julho,"CAUSABAS X85-X99, Y00-Y09, Y35 ou Y36; todas as idades; residência",final
33006,Cantagalo-Cordeiro,RJ,Sudeste,2017,6,64645.0,9.281460283084538,11.64874551971326,estimativa IBGE em 1º de julho,"CAUSABAS X85-X99, Y00-Y09, Y35 ou Y36; todas as idades; residência",final
33007,Nova Friburgo,RJ,Sudeste,2017,18,238307.0,7.553282110890574,6.272401433691757,estimativa IBGE em 1º de julho,"CAUSABAS X85-X99, Y00-Y09, Y35 ou Y36; todas as idades; residência",final
33008,Santa Maria Madalena,RJ,Sudeste,2017,5,29618.0,16.881626038220002,34.40860215053763,estimativa IBGE em 1º de julho,"CAUSABAS X85-X99, Y00-Y09, Y35 ou Y36; todas as idades; residência",final
33009,Bacia de São João,RJ,Sudeste,2017,99,204369.0,48.441789116744715,87.45519713261649,estimativa IBGE em 1º de julho,"CAUSABAS X85-X99, Y00-Y09, Y35 ou Y36; todas as idades; residência",final
33010,Lagos,RJ,Sudeste,2017,284,616353.0,46.07749130774086,85.30465949820788,estimativa IBGE em 1º de julho,"CAUSABAS X85-X99, Y00-Y09, Y35 ou Y36; todas as idades; residência",final
33011,Vale do Paraíba Fluminense,RJ,Sudeste,2017,221,705384.0,31.330452632892154,65.05376344086021,estimativa IBGE em 1º de julho,"CAUSABAS X85-X99, Y00-Y09, Y35 ou Y36; todas as idades; residência",final
33012,Barra do Piraí,RJ,Sudeste,2017,36,180681.0,19.92461852657446,41.03942652329749,estimativa IBGE em 1º de julho,"CAUSABAS X85-X99, Y00-Y09, Y35 ou Y36; todas as idades; residência",final
33013,Baía da Ilha Grande,RJ,Sudeste,2017,135,236073.0,57.185701033155,91.93548387096774,estimativa IBGE em 1º de julho,"CAUSABAS X85-X99, Y00-Y09, Y35 ou Y36; todas as idades; residência",final
33014,Vassouras,RJ,Sudeste,2017,36,169776.0,21.20441051738762,44.44444444444444,estimativa IBGE em 1º de julho,"CAUSABAS X85-X99, Y00-Y09, Y35 ou Y36; todas as idades; residência",final
33015,Serrana,RJ,Sudeste,2017,58,495409.0,11.707498248921597,19.53405017921147,estimativa IBGE em 1º de julho,"CAUSABAS X85-X99, Y00-Y09, Y35 ou Y36; todas as idades; residência",final
33016,Macacu-Caceribu,RJ,Sudeste,2017,19,115320.0,16.4758931668401,33.15412186379928,estimativa IBGE em 1º de julho,"CAUSABAS X85-X99, Y00-Y09, Y35 ou Y36; todas as idades; residência",final
33017,Itaguaí,RJ,Sudeste,2017,110,249200.0,44.141252006420544,83.15412186379929,estimativa IBGE em 1º de julho,"CAUSABAS X85-X99, Y00-Y09, Y35 ou Y36; todas as idades; residência",final
33018,Rio de Janeiro,RJ,Sudeste,2017,4515,12004953.0,37.60947668849682,75.44802867383513,estimativa IBGE em 1º de julho,"CAUSABAS X85-X99, Y00-Y09, Y35 ou Y36; todas as idades; residência",final
35001,Jales,SP,Sudeste,2017,6,155822.0,3.850547419491471,1.4336917562724014,estimativa IBGE em 1º de julho,"CAUSABAS X85-X99, Y00-Y09, Y35 ou Y36; todas as idades; residência",final
35002,Fernandópolis,SP,Sudeste,2017,6,110649.0,5.422552395412521,3.225806451612903,estimativa IBGE em 1º de julho,"CAUSABAS X85-X99, Y00-Y09, Y35 ou Y36; todas as idades; residência",final
35003,Votuporanga,SP,Sudeste,2017,17,151862.0,11.194373839406829,18.45878136200717,estimativa IBGE em 1º de julho,"CAUSABAS X85-X99, Y00-Y09, Y35 ou Y36; todas as idades; residência",final
35004,São José do Rio Preto,SP,Sudeste,2017,85,842738.0,10.086171502887018,13.799283154121865,estimativa IBGE em 1º de julho,"CAUSABAS X85-X99, Y00-Y09, Y35 ou Y36; todas as idades; residência",final
35005,Catanduva,SP,Sudeste,2017,18,240278.0,7.491322551377987,5.734767025089606,estimativa IBGE em 1º de julho,"CAUSABAS X85-X99, Y00-Y09, Y35 ou Y36; todas as idades; residência",final
35006,Auriflama,SP,Sudeste,2017,7,49161.0,14.238929232521714,27.060931899641577,estimativa IBGE em 1º de julho,"CAUSABAS X85-X99, Y00-Y09, Y35 ou Y36; todas as idades; residência",final
35007,Nhandeara,SP,Sudeste,2017,4,71258.0,5.613404810687923,3.4050179211469533,estimativa IBGE em 1º de julho,"CAUSABAS X85-X99, Y00-Y09, Y35 ou Y36; todas as idades; residência",final
35008,Novo Horizonte,SP,Sudeste,2017,4,86097.0,4.645922622158728,1.6129032258064515,estimativa IBGE em 1º de julho,"CAUSABAS X85-X99, Y00-Y09, Y35 ou Y36; todas as idades; residência",final
35009,Barretos,SP,Sudeste,2017,18,145239.0,12.39336541837936,21.684587813620073,estimativa IBGE em 1º de julho,"CAUSABAS X85-X99, Y00-Y09, Y35 ou Y36; todas as idades; residência",final
35010,São Joaquim da Barra,SP,Sudeste,2017,14,230538.0,6.072751563733528,4.121863799283154,estimativa IBGE em 1º de julho,"CAUSABAS X85-X99, Y00-Y09, Y35 ou Y36; todas as idades; residência",final
35011,Ituverava,SP,Sudeste,2017,9,102528.0,8.77808988764045,10.21505376344086,estimativa IBGE em 1º de julho,"CAUSABAS X85-X99, Y00-Y09, Y35 ou Y36; todas as idades; residência",final
35012,Franca,SP,Sudeste,2017,36,420795.0,8.555234734253022,9.498207885304659,estimativa IBGE em 1º de julho,"CAUSABAS X85-X99, Y00-Y09, Y35 ou Y36; todas as idades; residência",final
35013,Jaboticabal,SP,Sudeste,2017,38,435049.0,8.734648280998233,9.85663082437276,estimativa IBGE em 1º de julho,"CAUSABAS X85-X99, Y00-Y09, Y35 ou Y36; todas as idades; residência",final
35014,Ribeirão Preto,SP,Sudeste,2017,103,1164184.0,8.847398692990112,10.394265232974911,estimativa IBGE em 1º de julho,"CAUSABAS X85-X99, Y00-Y09, Y35 ou Y36; todas as idades; residência",final
35015,Batatais,SP,Sudeste,2017,7,114884.0,6.093102607847916,4.301075268817204,estimativa IBGE em 1º de julho,"CAUSABAS X85-X99, Y00-Y09, Y35 ou Y36; todas as idades; residência",final
35016,Andradina,SP,Sudeste,2017,51,192392.0,26.508378726766185,57.526881720430104,estimativa IBGE em 1º de julho,"CAUSABAS X85-X99, Y00-Y09, Y35 ou Y36; todas as idades; residência",final
35017,Araçatuba,SP,Sudeste,2017,41,278572.0,14.71791852734661,28.49462365591398,estimativa IBGE em 1º de julho,"CAUSABAS X85-X99, Y00-Y09, Y35 ou Y36; todas as idades; residência",final
35018,Birigui,SP,Sudeste,2017,26,283176.0,9.181569059524818,11.290322580645162,estimativa IBGE em 1º de julho,"CAUSABAS X85-X99, Y00-Y09, Y35 ou Y36; todas as idades; residência",final
35019,Lins,SP,Sudeste,2017,17,173422.0,9.802677860940365,13.261648745519713,estimativa IBGE em 1º de julho,"CAUSABAS X85-X99, Y00-Y09, Y35 ou Y36; todas as idades; residência",final
35020,Bauru,SP,Sudeste,2017,61,608480.0,10.02498027872732,13.620071684587813,estimativa IBGE em 1º de julho,"CAUSABAS X85-X99, Y00-Y09, Y35 ou Y36; todas as idades; residência",final
35021,Jaú,SP,Sudeste,2017,20,378467.0,5.2844765858053675,2.867383512544803,estimativa IBGE em 1º de julho,"CAUSABAS X85-X99, Y00-Y09, Y35 ou Y36; todas as idades; residência",final
35022,Avaré,SP,Sudeste,2017,18,196249.0,9.172021258707051,11.11111111111111,estimativa IBGE em 1º de julho,"CAUSABAS X85-X99, Y00-Y09, Y35 ou Y36; todas as idades; residência",final
35023,Botucatu,SP,Sudeste,2017,17,229981.0,7.3919149842813106,5.376344086021505,estimativa IBGE em 1º de julho,"CAUSABAS X85-X99, Y00-Y09, Y35 ou Y36; todas as idades; residência",final
35024,Araraquara,SP,Sudeste,2017,33,550591.0,5.993559647723991,3.942652329749104,estimativa IBGE em 1º de julho,"CAUSABAS X85-X99, Y00-Y09, Y35 ou Y36; todas as idades; residência",final
35025,São Carlos,SP,Sudeste,2017,48,340474.0,14.097992798275346,26.344086021505376,estimativa IBGE em 1º de julho,"CAUSABAS X85-X99, Y00-Y09, Y35 ou Y36; todas as idades; residência",final
35026,Rio Claro,SP,Sudeste,2017,29,265564.0,10.920154840264495,16.129032258064516,estimativa IBGE em 1º de julho,"CAUSABAS X85-X99, Y00-Y09, Y35 ou Y36; todas as idades; residência",final
35027,Limeira,SP,Sudeste,2017,51,638034.0,7.99330443205221,8.243727598566307,estimativa IBGE em 1º de julho,"CAUSABAS X85-X99, Y00-Y09, Y35 ou Y36; todas as idades; residência",final
35028,Piracicaba,SP,Sudeste,2017,49,611316.0,8.015494441499976,8.422939068100359,estimativa IBGE em 1º de julho,"CAUSABAS X85-X99, Y00-Y09, Y35 ou Y36; todas as idades; residência",final
35029,Pirassununga,SP,Sudeste,2017,15,199869.0,7.504915719796466,6.093189964157706,estimativa IBGE em 1º de julho,"CAUSABAS X85-X99, Y00-Y09, Y35 ou Y36; todas as idades; residência",final
35030,São João da Boa Vista,SP,Sudeste,2017,21,431482.0,4.866946941007968,2.3297491039426523,estimativa IBGE em 1º de julho,"CAUSABAS X85-X99, Y00-Y09, Y35 ou Y36; todas as idades; residência",final
35031,Mogi Mirim,SP,Sudeste,2017,39,420956.0,9.26462623172018,11.469534050179211,estimativa IBGE em 1º de julho,"CAUSABAS X85-X99, Y00-Y09, Y35 ou Y36; todas as idades; residência",final
35032,Campinas,SP,Sudeste,2017,368,2961393.0,12.426584381066613,21.863799283154123,estimativa IBGE em 1º de julho,"CAUSABAS X85-X99, Y00-Y09, Y35 ou Y36; todas as idades; residência",final
35033,Amparo,SP,Sudeste,2017,5,195071.0,2.563169307585443,0.8960573476702509,estimativa IBGE em 1º de julho,"CAUSABAS X85-X99, Y00-Y09, Y35 ou Y36; todas as idades; residência",final
35034,Dracena,SP,Sudeste,2017,17,124775.0,13.624524143458224,24.731182795698924,estimativa IBGE em 1º de julho,"CAUSABAS X85-X99, Y00-Y09, Y35 ou Y36; todas as idades; residência",final
35035,Adamantina,SP,Sudeste,2017,13,168130.0,7.732112056147029,6.989247311827957,estimativa IBGE em 1º de julho,"CAUSABAS X85-X99, Y00-Y09, Y35 ou Y36; todas as idades; residência",final
35036,Presidente Prudente,SP,Sudeste,2017,87,609801.0,14.266949381847521,27.419354838709676,estimativa IBGE em 1º de julho,"CAUSABAS X85-X99, Y00-Y09, Y35 ou Y36; todas as idades; residência",final
35037,Tupã,SP,Sudeste,2017,14,114315.0,12.246861741678694,21.14695340501792,estimativa IBGE em 1º de julho,"CAUSABAS X85-X99, Y00-Y09, Y35 ou Y36; todas as idades; residência",final
35038,Marília,SP,Sudeste,2017,27,353452.0,7.638943901859376,6.630824372759856,estimativa IBGE em 1º de julho,"CAUSABAS X85-X99, Y00-Y09, Y35 ou Y36; todas as idades; residência",final
35039,Assis,SP,Sudeste,2017,16,282689.0,5.65993017061152,3.5842293906810037,estimativa IBGE em 1º de julho,"CAUSABAS X85-X99, Y00-Y09, Y35 ou Y36; todas as idades; residência",final
35040,Ourinhos,SP,Sudeste,2017,26,310888.0,8.363140423560896,9.13978494623656,estimativa IBGE em 1º de julho,"CAUSABAS X85-X99, Y00-Y09, Y35 ou Y36; todas as idades; residência",final
35041,Itapeva,SP,Sudeste,2017,13,253115.0,5.136005373051775,2.6881720430107525,estimativa IBGE em 1º de julho,"CAUSABAS X85-X99, Y00-Y09, Y35 ou Y36; todas as idades; residência",final
35042,Itapetininga,SP,Sudeste,2017,20,213972.0,9.347017366758267,11.827956989247312,estimativa IBGE em 1º de julho,"CAUSABAS X85-X99, Y00-Y09, Y35 ou Y36; todas as idades; residência",final
35043,Tatuí,SP,Sudeste,2017,23,293109.0,7.846910193818681,7.526881720430108,estimativa IBGE em 1º de julho,"CAUSABAS X85-X99, Y00-Y09, Y35 ou Y36; todas as idades; residência",final
35044,Capão Bonito,SP,Sudeste,2017,13,135834.0,9.570505175434722,12.544802867383513,estimativa IBGE em 1º de julho,"CAUSABAS X85-X99, Y00-Y09, Y35 ou Y36; todas as idades; residência",final
35045,Piedade,SP,Sudeste,2017,28,202259.0,13.843636129912637,25.089605734767026,estimativa IBGE em 1º de julho,"CAUSABAS X85-X99, Y00-Y09, Y35 ou Y36; todas as idades; residência",final
35046,Sorocaba,SP,Sudeste,2017,155,1482747.0,10.453570298911412,14.516129032258064,estimativa IBGE em 1º de julho,"CAUSABAS X85-X99, Y00-Y09, Y35 ou Y36; todas as idades; residência",final
35047,Jundiaí,SP,Sudeste,2017,57,713887.0,7.9844569238548955,8.064516129032258,estimativa IBGE em 1º de julho,"CAUSABAS X85-X99, Y00-Y09, Y35 ou Y36; todas as idades; residência",final
35048,Bragança Paulista,SP,Sudeste,2017,43,561035.0,7.664405963977292,6.810035842293907,estimativa IBGE em 1º de julho,"CAUSABAS X85-X99, Y00-Y09, Y35 ou Y36; todas as idades; residência",final
35049,Campos do Jordão,SP,Sudeste,2017,7,73698.0,9.498222475508156,12.365591397849462,estimativa IBGE em 1º de julho,"CAUSABAS X85-X99, Y00-Y09, Y35 ou Y36; todas as idades; residência",final
35050,São José dos Campos,SP,Sudeste,2017,192,1567624.0,12.247834940011126,21.32616487455197,estimativa IBGE em 1º de julho,"CAUSABAS X85-X99, Y00-Y09, Y35 ou Y36; todas as idades; residência",final
35051,Guaratinguetá,SP,Sudeste,2017,100,432095.0,23.143058818083986,49.10394265232975,estimativa IBGE em 1º de julho,"CAUSABAS X85-X99, Y00-Y09, Y35 ou Y36; todas as idades; residência",final
35052,Bananal,SP,Sudeste,2017,0,27664.0,0.0,0.35842293906810035,estimativa IBGE em 1º de julho,"CAUSABAS X85-X99, Y00-Y09, Y35 ou Y36; todas as idades; residência",final
35053,Paraibuna/Paraitinga,SP,Sudeste,2017,8,72785.0,10.991275674933021,16.666666666666668,estimativa IBGE em 1º de julho,"CAUSABAS X85-X99, Y00-Y09, Y35 ou Y36; todas as idades; residência",final
35054,Caraguatatuba,SP,Sudeste,2017,56,323991.0,17.284430740360072,36.02150537634409,estimativa IBGE em 1º de julho,"CAUSABAS X85-X99, Y00-Y09, Y35 ou Y36; todas as idades; residência",final
35055,Registro,SP,Sudeste,2017,32,252396.0,12.678489357992994,22.939068100358423,estimativa IBGE em 1º de julho,"CAUSABAS X85-X99, Y00-Y09, Y35 ou Y36; todas as idades; residência",final
35056,Itanhaém,SP,Sudeste,2017,36,247656.0,14.53629227638337,28.315412186379927,estimativa IBGE em 1º de julho,"CAUSABAS X85-X99, Y00-Y09, Y35 ou Y36; todas as idades; residência",final
35057,Osasco,SP,Sudeste,2017,271,1936983.0,13.990830069236539,25.985663082437277,estimativa IBGE em 1º de julho,"CAUSABAS X85-X99, Y00-Y09, Y35 ou Y36; todas as idades; residência",final
35058,Franco da Rocha,SP,Sudeste,2017,61,514928.0,11.8463163782121,20.07168458781362,estimativa IBGE em 1º de julho,"CAUSABAS X85-X99, Y00-Y09, Y35 ou Y36; todas as idades; residência",final
35059,Guarulhos,SP,Sudeste,2017,216,1491557.0,14.48151160163507,27.956989247311828,estimativa IBGE em 1º de julho,"CAUSABAS X85-X99, Y00-Y09, Y35 ou Y36; todas as idades; residência",final
35060,Itapecerica da Serra,SP,Sudeste,2017,115,1120473.0,10.263522637314777,13.978494623655914,estimativa IBGE em 1º de julho,"CAUSABAS X85-X99, Y00-Y09, Y35 ou Y36; todas as idades; residência",final
35061,São Paulo,SP,Sudeste,2017,1274,14860326.0,8.573163199784446,9.67741935483871,estimativa IBGE em 1º de julho,"CAUSABAS X85-X99, Y00-Y09, Y35 ou Y36; todas as idades; residência",final
35062,Mogi das Cruzes,SP,Sudeste,2017,162,1467357.0,11.040258096700393,17.204301075268816,estimativa IBGE em 1º de julho,"CAUSABAS X85-X99, Y00-Y09, Y35 ou Y36; todas as idades; residência",final
35063,Santos,SP,Sudeste,2017,178,1608754.0,11.064463553781374,17.56272401433692,estimativa IBGE em 1º de julho,"CAUSABAS X85-X99, Y00-Y09, Y35 ou Y36; todas as idades; residência",final
41001,Paranavaí,PR,Sul,2017,62,287930.0,21.533011495849685,45.69892473118279,estimativa IBGE em 1º de julho,"CAUSABAS X85-X99, Y00-Y09, Y35 ou Y36; todas as idades; residência",final
41002,Umuarama,PR,Sul,2017,76,278758.0,27.263791532440326,58.60215053763441,estimativa IBGE em 1º de julho,"CAUSABAS X85-X99, Y00-Y09, Y35 ou Y36; todas as idades; residência",final
41003,Cianorte,PR,Sul,2017,33,157306.0,20.978220792595323,43.727598566308245,estimativa IBGE em 1º de julho,"CAUSABAS X85-X99, Y00-Y09, Y35 ou Y36; todas as idades; residência",final
41004,Goioerê,PR,Sul,2017,34,113835.0,29.86779110115518,62.18637992831541,estimativa IBGE em 1º de julho,"CAUSABAS X85-X99, Y00-Y09, Y35 ou Y36; todas as idades; residência",final
41005,Campo Mourão,PR,Sul,2017,43,225429.0,19.074741936485545,39.96415770609319,estimativa IBGE em 1º de julho,"CAUSABAS X85-X99, Y00-Y09, Y35 ou Y36; todas as idades; residência",final
41006,Astorga,PR,Sul,2017,31,196525.0,15.774074545223254,31.36200716845878,estimativa IBGE em 1º de julho,"CAUSABAS X85-X99, Y00-Y09, Y35 ou Y36; todas as idades; residência",final
41007,Porecatu,PR,Sul,2017,16,85098.0,18.801851982420267,39.42652329749104,estimativa IBGE em 1º de julho,"CAUSABAS X85-X99, Y00-Y09, Y35 ou Y36; todas as idades; residência",final
41008,Floraí,PR,Sul,2017,5,36395.0,13.738150844896277,24.910394265232974,estimativa IBGE em 1º de julho,"CAUSABAS X85-X99, Y00-Y09, Y35 ou Y36; todas as idades; residência",final
41009,Maringá,PR,Sul,2017,110,610544.0,18.01671951571058,37.27598566308244,estimativa IBGE em 1º de julho,"CAUSABAS X85-X99, Y00-Y09, Y35 ou Y36; todas as idades; residência",final
41010,Apucarana,PR,Sul,2017,50,317617.0,15.742230422175135,31.182795698924732,estimativa IBGE em 1º de julho,"CAUSABAS X85-X99, Y00-Y09, Y35 ou Y36; todas as idades; residência",final
41011,Londrina,PR,Sul,2017,187,799151.0,23.399833072848562,50.0,estimativa IBGE em 1º de julho,"CAUSABAS X85-X99, Y00-Y09, Y35 ou Y36; todas as idades; residência",final
41012,Faxinal,PR,Sul,2017,10,47185.0,21.193175797393238,44.2652329749104,estimativa IBGE em 1º de julho,"CAUSABAS X85-X99, Y00-Y09, Y35 ou Y36; todas as idades; residência",final
41013,Ivaiporã,PR,Sul,2017,17,136001.0,12.499908088911111,22.22222222222222,estimativa IBGE em 1º de julho,"CAUSABAS X85-X99, Y00-Y09, Y35 ou Y36; todas as idades; residência",final
41014,Assaí,PR,Sul,2017,23,72504.0,31.72238773033212,65.59139784946237,estimativa IBGE em 1º de julho,"CAUSABAS X85-X99, Y00-Y09, Y35 ou Y36; todas as idades; residência",final
41015,Cornélio Procópio,PR,Sul,2017,29,178753.0,16.223503941192597,32.437275985663085,estimativa IBGE em 1º de julho,"CAUSABAS X85-X99, Y00-Y09, Y35 ou Y36; todas as idades; residência",final
41016,Jacarezinho,PR,Sul,2017,21,128682.0,16.319298736420013,32.795698924731184,estimativa IBGE em 1º de julho,"CAUSABAS X85-X99, Y00-Y09, Y35 ou Y36; todas as idades; residência",final
41017,Ibaiti,PR,Sul,2017,7,81826.0,8.55473810280351,9.31899641577061,estimativa IBGE em 1º de julho,"CAUSABAS X85-X99, Y00-Y09, Y35 ou Y36; todas as idades; residência",final
41018,Wenceslau Braz,PR,Sul,2017,12,103267.0,11.62036274899048,19.17562724014337,estimativa IBGE em 1º de julho,"CAUSABAS X85-X99, Y00-Y09, Y35 ou Y36; todas as idades; residência",final
41019,Telêmaco Borba,PR,Sul,2017,56,171905.0,32.57613216602193,66.12903225806451,estimativa IBGE em 1º de julho,"CAUSABAS X85-X99, Y00-Y09, Y35 ou Y36; todas as idades; residência",final
41020,Jaguariaíva,PR,Sul,2017,17,107448.0,15.82160673069764,31.54121863799283,estimativa IBGE em 1º de julho,"CAUSABAS X85-X99, Y00-Y09, Y35 ou Y36; todas as idades; residência",final
41021,Ponta Grossa,PR,Sul,2017,88,472138.0,18.638618370052825,38.70967741935484,estimativa IBGE em 1º de julho,"CAUSABAS X85-X99, Y00-Y09, Y35 ou Y36; todas as idades; residência",final
41022,Toledo,PR,Sul,2017,73,410734.0,17.773059936601303,36.91756272401434,estimativa IBGE em 1º de julho,"CAUSABAS X85-X99, Y00-Y09, Y35 ou Y36; todas as idades; residência",final
41023,Cascavel,PR,Sul,2017,122,469887.0,25.963689142283144,56.09318996415771,estimativa IBGE em 1º de julho,"CAUSABAS X85-X99, Y00-Y09, Y35 ou Y36; todas as idades; residência",final
41024,Foz do Iguaçu,PR,Sul,2017,132,428943.0,30.773319531965786,64.33691756272401,estimativa IBGE em 1º de julho,"CAUSABAS X85-X99, Y00-Y09, Y35 ou Y36; todas as idades; residência",final
41025,Capanema,PR,Sul,2017,11,99586.0,11.045729319382243,17.38351254480287,estimativa IBGE em 1º de julho,"CAUSABAS X85-X99, Y00-Y09, Y35 ou Y36; todas as idades; residência",final
41026,Francisco Beltrão,PR,Sul,2017,40,259290.0,15.42674225770373,30.28673835125448,estimativa IBGE em 1º de julho,"CAUSABAS X85-X99, Y00-Y09, Y35 ou Y36; todas as idades; residência",final
41027,Pato Branco,PR,Sul,2017,16,170160.0,9.402914903620122,12.007168458781361,estimativa IBGE em 1º de julho,"CAUSABAS X85-X99, Y00-Y09, Y35 ou Y36; todas as idades; residência",final
41028,Pitanga,PR,Sul,2017,15,73366.0,20.4454379412807,42.473118279569896,estimativa IBGE em 1º de julho,"CAUSABAS X85-X99, Y00-Y09, Y35 ou Y36; todas as idades; residência",final
41029,Guarapuava,PR,Sul,2017,139,399815.0,34.76607931168165,70.78853046594982,estimativa IBGE em 1º de julho,"CAUSABAS X85-X99, Y00-Y09, Y35 ou Y36; todas as idades; residência",final
41030,Palmas,PR,Sul,2017,25,96699.0,25.853421441793607,55.7347670250896,estimativa IBGE em 1º de julho,"CAUSABAS X85-X99, Y00-Y09, Y35 ou Y36; todas as idades; residência",final
41031,Prudentópolis,PR,Sul,2017,24,139137.0,17.249186054033075,35.66308243727599,estimativa IBGE em 1º de julho,"CAUSABAS X85-X99, Y00-Y09, Y35 ou Y36; todas as idades; residência",final
41032,Irati,PR,Sul,2017,5,104269.0,4.79528910798032,2.150537634408602,estimativa IBGE em 1º de julho,"CAUSABAS X85-X99, Y00-Y09, Y35 ou Y36; todas as idades; residência",final
41033,União da Vitória,PR,Sul,2017,19,123949.0,15.328885267327692,30.107526881720432,estimativa IBGE em 1º de julho,"CAUSABAS X85-X99, Y00-Y09, Y35 ou Y36; todas as idades; residência",final
41034,São Mateus do Sul,PR,Sul,2017,7,67912.0,10.307456708681823,14.157706093189963,estimativa IBGE em 1º de julho,"CAUSABAS X85-X99, Y00-Y09, Y35 ou Y36; todas as idades; residência",final
41035,Cerro Azul,PR,Sul,2017,9,29920.0,30.080213903743317,62.903225806451616,estimativa IBGE em 1º de julho,"CAUSABAS X85-X99, Y00-Y09, Y35 ou Y36; todas as idades; residência",final
41036,Lapa,PR,Sul,2017,7,52902.0,13.232013912517486,24.372759856630825,estimativa IBGE em 1º de julho,"CAUSABAS X85-X99, Y00-Y09, Y35 ou Y36; todas as idades; residência",final
41037,Curitiba,PR,Sul,2017,1024,3395956.0,30.153512000744414,63.261648745519715,estimativa IBGE em 1º de julho,"CAUSABAS X85-X99, Y00-Y09, Y35 ou Y36; todas as idades; residência",final
41038,Paranaguá,PR,Sul,2017,123,291687.0,42.16848882535046,81.00358422939068,estimativa IBGE em 1º de julho,"CAUSABAS X85-X99, Y00-Y09, Y35 ou Y36; todas as idades; residência",final
41039,Rio Negro,PR,Sul,2017,18,98383.0,18.295843794151427,37.81362007168459,estimativa IBGE em 1º de julho,"CAUSABAS X85-X99, Y00-Y09, Y35 ou Y36; todas as idades; residência",final
42001,São Miguel do Oeste,SC,Sul,2017,22,180018.0,12.22100012221,20.967741935483872,estimativa IBGE em 1º de julho,"CAUSABAS X85-X99, Y00-Y09, Y35 ou Y36; todas as idades; residência",final
42002,Chapecó,SC,Sul,2017,52,443456.0,11.726078799249532,19.71326164874552,estimativa IBGE em 1º de julho,"CAUSABAS X85-X99, Y00-Y09, Y35 ou Y36; todas as idades; residência",final
42003,Xanxerê,SC,Sul,2017,27,162259.0,16.640063108980087,33.691756272401435,estimativa IBGE em 1º de julho,"CAUSABAS X85-X99, Y00-Y09, Y35 ou Y36; todas as idades; residência",final
42004,Joaçaba,SC,Sul,2017,33,348703.0,9.46364097813899,12.186379928315413,estimativa IBGE em 1º de julho,"CAUSABAS X85-X99, Y00-Y09, Y35 ou Y36; todas as idades; residência",final
42005,Concórdia,SC,Sul,2017,7,147255.0,4.753658619401718,1.7921146953405018,estimativa IBGE em 1º de julho,"CAUSABAS X85-X99, Y00-Y09, Y35 ou Y36; todas as idades; residência",final
42006,Canoinhas,SC,Sul,2017,27,255720.0,10.558423275457532,15.591397849462366,estimativa IBGE em 1º de julho,"CAUSABAS X85-X99, Y00-Y09, Y35 ou Y36; todas as idades; residência",final
42007,São Bento do Sul,SC,Sul,2017,12,136883.0,8.766610901280655,10.03584229390681,estimativa IBGE em 1º de julho,"CAUSABAS X85-X99, Y00-Y09, Y35 ou Y36; todas as idades; residência",final
42008,Joinville,SC,Sul,2017,185,975995.0,18.955015138397226,39.60573476702509,estimativa IBGE em 1º de julho,"CAUSABAS X85-X99, Y00-Y09, Y35 ou Y36; todas as idades; residência",final
42009,Curitibanos,SC,Sul,2017,20,128538.0,15.55960105182903,30.64516129032258,estimativa IBGE em 1º de julho,"CAUSABAS X85-X99, Y00-Y09, Y35 ou Y36; todas as idades; residência",final
42010,Campos de Lages,SC,Sul,2017,28,287813.0,9.728539016653174,12.903225806451612,estimativa IBGE em 1º de julho,"CAUSABAS X85-X99, Y00-Y09, Y35 ou Y36; todas as idades; residência",final
42011,Rio do Sul,SC,Sul,2017,12,224486.0,5.345544933759789,3.046594982078853,estimativa IBGE em 1º de julho,"CAUSABAS X85-X99, Y00-Y09, Y35 ou Y36; todas as idades; residência",final
42012,Blumenau,SC,Sul,2017,71,783406.0,9.062989050377455,10.75268817204301,estimativa IBGE em 1º de julho,"CAUSABAS X85-X99, Y00-Y09, Y35 ou Y36; todas as idades; residência",final
42013,Itajaí,SC,Sul,2017,176,702092.0,25.06793981415541,54.30107526881721,estimativa IBGE em 1º de julho,"CAUSABAS X85-X99, Y00-Y09, Y35 ou Y36; todas as idades; residência",final
42014,Ituporanga,SC,Sul,2017,5,59920.0,8.344459279038718,8.960573476702509,estimativa IBGE em 1º de julho,"CAUSABAS X85-X99, Y00-Y09, Y35 ou Y36; todas as idades; residência",final
42015,Tijucas,SC,Sul,2017,22,109551.0,20.081970954167467,41.577060931899645,estimativa IBGE em 1º de julho,"CAUSABAS X85-X99, Y00-Y09, Y35 ou Y36; todas as idades; residência",final
42016,Florianópolis,SC,Sul,2017,253,1015167.0,24.922007906088357,53.584229390681,estimativa IBGE em 1º de julho,"CAUSABAS X85-X99, Y00-Y09, Y35 ou Y36; todas as idades; residência",final
42017,Tabuleiro,SC,Sul,2017,2,25276.0,7.912644405760405,7.885304659498208,estimativa IBGE em 1º de julho,"CAUSABAS X85-X99, Y00-Y09, Y35 ou Y36; todas as idades; residência",final
42018,Tubarão,SC,Sul,2017,40,408370.0,9.795038812841296,13.082437275985663,estimativa IBGE em 1º de julho,"CAUSABAS X85-X99, Y00-Y09, Y35 ou Y36; todas as idades; residência",final
42019,Criciúma,SC,Sul,2017,43,407479.0,10.552691058925737,15.412186379928315,estimativa IBGE em 1º de julho,"CAUSABAS X85-X99, Y00-Y09, Y35 ou Y36; todas as idades; residência",final
42020,Araranguá,SC,Sul,2017,24,198774.0,12.074013704005553,20.25089605734767,estimativa IBGE em 1º de julho,"CAUSABAS X85-X99, Y00-Y09, Y35 ou Y36; todas as idades; residência",final
43001,Santa Rosa,RS,Sul,2017,10,161749.0,6.182418438444751,4.480286738351254,estimativa IBGE em 1º de julho,"CAUSABAS X85-X99, Y00-Y09, Y35 ou Y36; todas as idades; residência",final
43002,Três Passos,RS,Sul,2017,25,146657.0,17.046578069918244,35.30465949820788,estimativa IBGE em 1º de julho,"CAUSABAS X85-X99, Y00-Y09, Y35 ou Y36; todas as idades; residência",final
43003,Frederico Westphalen,RS,Sul,2017,29,177376.0,16.349449756449577,32.97491039426523,estimativa IBGE em 1º de julho,"CAUSABAS X85-X99, Y00-Y09, Y35 ou Y36; todas as idades; residência",final
43004,Erechim,RS,Sul,2017,34,219444.0,15.493702265726109,30.46594982078853,estimativa IBGE em 1º de julho,"CAUSABAS X85-X99, Y00-Y09, Y35 ou Y36; todas as idades; residência",final
43005,Sananduva,RS,Sul,2017,6,62262.0,9.636696540425943,12.724014336917563,estimativa IBGE em 1º de julho,"CAUSABAS X85-X99, Y00-Y09, Y35 ou Y36; todas as idades; residência",final
43006,Cerro Largo,RS,Sul,2017,7,67089.0,10.433901235672018,14.336917562724015,estimativa IBGE em 1º de julho,"CAUSABAS X85-X99, Y00-Y09, Y35 ou Y36; todas as idades; residência",final
43007,Santo Ângelo,RS,Sul,2017,22,199943.0,11.003135893729713,17.025089605734767,estimativa IBGE em 1º de julho,"CAUSABAS X85-X99, Y00-Y09, Y35 ou Y36; todas as idades; residência",final
43008,Ijuí,RS,Sul,2017,27,192888.0,13.997760358342665,26.164874551971327,estimativa IBGE em 1º de julho,"CAUSABAS X85-X99, Y00-Y09, Y35 ou Y36; todas as idades; residência",final
43009,Carazinho,RS,Sul,2017,40,166689.0,23.99678443088626,51.7921146953405,estimativa IBGE em 1º de julho,"CAUSABAS X85-X99, Y00-Y09, Y35 ou Y36; todas as idades; residência",final
43010,Passo Fundo,RS,Sul,2017,64,351979.0,18.182902957278703,37.45519713261649,estimativa IBGE em 1º de julho,"CAUSABAS X85-X99, Y00-Y09, Y35 ou Y36; todas as idades; residência",final
43011,Cruz Alta,RS,Sul,2017,22,153875.0,14.29731925264013,27.59856630824373,estimativa IBGE em 1º de julho,"CAUSABAS X85-X99, Y00-Y09, Y35 ou Y36; todas as idades; residência",final
43012,Não-Me-Toque,RS,Sul,2017,1,44276.0,2.2585599421808653,0.7168458781362007,estimativa IBGE em 1º de julho,"CAUSABAS X85-X99, Y00-Y09, Y35 ou Y36; todas as idades; residência",final
43013,Soledade,RS,Sul,2017,11,74102.0,14.844403659820248,29.032258064516128,estimativa IBGE em 1º de julho,"CAUSABAS X85-X99, Y00-Y09, Y35 ou Y36; todas as idades; residência",final
43014,Guaporé,RS,Sul,2017,15,137021.0,10.947227067383832,16.308243727598565,estimativa IBGE em 1º de julho,"CAUSABAS X85-X99, Y00-Y09, Y35 ou Y36; todas as idades; residência",final
43015,Vacaria,RS,Sul,2017,28,165031.0,16.966509322490925,34.946236559139784,estimativa IBGE em 1º de julho,"CAUSABAS X85-X99, Y00-Y09, Y35 ou Y36; todas as idades; residência",final
43016,Caxias do Sul,RS,Sul,2017,199,847250.0,23.487754499852464,50.7168458781362,estimativa IBGE em 1º de julho,"CAUSABAS X85-X99, Y00-Y09, Y35 ou Y36; todas as idades; residência",final
43017,Santiago,RS,Sul,2017,13,114856.0,11.31852058229435,18.63799283154122,estimativa IBGE em 1º de julho,"CAUSABAS X85-X99, Y00-Y09, Y35 ou Y36; todas as idades; residência",final
43018,Santa Maria,RS,Sul,2017,81,382906.0,21.1540169127671,43.90681003584229,estimativa IBGE em 1º de julho,"CAUSABAS X85-X99, Y00-Y09, Y35 ou Y36; todas as idades; residência",final
43019,Restinga Seca,RS,Sul,2017,5,64487.0,7.753500705568564,7.168458781362007,estimativa IBGE em 1º de julho,"CAUSABAS X85-X99, Y00-Y09, Y35 ou Y36; todas as idades; residência",final
43020,Santa Cruz do Sul,RS,Sul,2017,79,341773.0,23.11475745597224,48.924731182795696,estimativa IBGE em 1º de julho,"CAUSABAS X85-X99, Y00-Y09, Y35 ou Y36; todas as idades; residência",final
43021,Lajeado-Estrela,RS,Sul,2017,66,329186.0,20.04945532313039,41.21863799283154,estimativa IBGE em 1º de julho,"CAUSABAS X85-X99, Y00-Y09, Y35 ou Y36; todas as idades; residência",final
43022,Cachoeira do Sul,RS,Sul,2017,21,157266.0,13.353172332226928,24.551971326164875,estimativa IBGE em 1º de julho,"CAUSABAS X85-X99, Y00-Y09, Y35 ou Y36; todas as idades; residência",final
43023,Montenegro,RS,Sul,2017,35,220692.0,15.85920649593098,31.899641577060933,estimativa IBGE em 1º de julho,"CAUSABAS X85-X99, Y00-Y09, Y35 ou Y36; todas as idades; residência",final
43024,Gramado-Canela,RS,Sul,2017,46,323267.0,14.229723417484617,26.70250896057348,estimativa IBGE em 1º de julho,"CAUSABAS X85-X99, Y00-Y09, Y35 ou Y36; todas as idades; residência",final
43025,São Jerônimo,RS,Sul,2017,31,154076.0,20.1199408084322,41.75627240143369,estimativa IBGE em 1º de julho,"CAUSABAS X85-X99, Y00-Y09, Y35 ou Y36; todas as idades; residência",final
43026,Porto Alegre,RS,Sul,2017,1853,3854144.0,48.07812058916325,87.09677419354838,estimativa IBGE em 1º de julho,"CAUSABAS X85-X99, Y00-Y09, Y35 ou Y36; todas as idades; residência",final
43027,Osório,RS,Sul,2017,144,377135.0,38.18261365293595,77.06093189964157,estimativa IBGE em 1º de julho,"CAUSABAS X85-X99, Y00-Y09, Y35 ou Y36; todas as idades; residência",final
43028,Camaquã,RS,Sul,2017,24,138365.0,17.345426950457124,36.200716845878134,estimativa IBGE em 1º de julho,"CAUSABAS X85-X99, Y00-Y09, Y35 ou Y36; todas as idades; residência",final
43029,Campanha Ocidental,RS,Sul,2017,71,372113.0,19.08022563038647,40.14336917562724,estimativa IBGE em 1º de julho,"CAUSABAS X85-X99, Y00-Y09, Y35 ou Y36; todas as idades; residência",final
43030,Campanha Central,RS,Sul,2017,23,188515.0,12.200620640267353,20.60931899641577,estimativa IBGE em 1º de julho,"CAUSABAS X85-X99, Y00-Y09, Y35 ou Y36; todas as idades; residência",final
43031,Campanha Meridional,RS,Sul,2017,32,181158.0,17.664138486845737,36.55913978494624,estimativa IBGE em 1º de julho,"CAUSABAS X85-X99, Y00-Y09, Y35 ou Y36; todas as idades; residência",final
43032,Serras de Sudeste,RS,Sul,2017,18,121060.0,14.868660168511482,29.211469534050178,estimativa IBGE em 1º de julho,"CAUSABAS X85-X99, Y00-Y09, Y35 ou Y36; todas as idades; residência",final
43033,Pelotas,RS,Sul,2017,125,505893.0,24.70878229190758,52.867383512544805,estimativa IBGE em 1º de julho,"CAUSABAS X85-X99, Y00-Y09, Y35 ou Y36; todas as idades; residência",final
43034,Jaguarão,RS,Sul,2017,8,54058.0,14.798919678863443,28.85304659498208,estimativa IBGE em 1º de julho,"CAUSABAS X85-X99, Y00-Y09, Y35 ou Y36; todas as idades; residência",final
43035,Litoral Lagunar,RS,Sul,2017,101,274314.0,36.81911969494813,73.83512544802868,estimativa IBGE em 1º de julho,"CAUSABAS X85-X99, Y00-Y09, Y35 ou Y36; todas as idades; residência",final
50001,Baixo Pantanal,MS,Centro-Oeste,2017,38,149368.0,25.440522735793476,54.83870967741935,estimativa IBGE em 1º de julho,"CAUSABAS X85-X99, Y00-Y09, Y35 ou Y36; todas as idades; residência",final
50002,Aquidauana,MS,Centro-Oeste,2017,22,111093.0,19.803227926151962,40.86021505376344,estimativa IBGE em 1º de julho,"CAUSABAS X85-X99, Y00-Y09, Y35 ou Y36; todas as idades; residência",final
50003,Alto Taquari,MS,Centro-Oeste,2017,27,126775.0,21.29757444291067,44.982078853046595,estimativa IBGE em 1º de julho,"CAUSABAS X85-X99, Y00-Y09, Y35 ou Y36; todas as idades; residência",final
50004,Campo Grande,MS,Centro-Oeste,2017,164,979364.0,16.745561405156817,33.87096774193548,estimativa IBGE em 1º de julho,"CAUSABAS X85-X99, Y00-Y09, Y35 ou Y36; todas as idades; residência",final
50005,Cassilândia,MS,Centro-Oeste,2017,12,71197.0,16.85464275180134,34.229390681003586,estimativa IBGE em 1º de julho,"CAUSABAS X85-X99, Y00-Y09, Y35 ou Y36; todas as idades; residência",final
50006,Paranaíba,MS,Centro-Oeste,2017,20,80927.0,24.71363080306943,53.04659498207885,estimativa IBGE em 1º de julho,"CAUSABAS X85-X99, Y00-Y09, Y35 ou Y36; todas as idades; residência",final
50007,Três Lagoas,MS,Centro-Oeste,2017,50,175946.0,28.417810009889397,60.57347670250896,estimativa IBGE em 1º de julho,"CAUSABAS X85-X99, Y00-Y09, Y35 ou Y36; todas as idades; residência",final
50008,Nova Andradina,MS,Centro-Oeste,2017,16,98759.0,16.201055093712977,32.25806451612903,estimativa IBGE em 1º de julho,"CAUSABAS X85-X99, Y00-Y09, Y35 ou Y36; todas as idades; residência",final
50009,Bodoquena,MS,Centro-Oeste,2017,31,109447.0,28.324211718914178,60.03584229390681,estimativa IBGE em 1º de julho,"CAUSABAS X85-X99, Y00-Y09, Y35 ou Y36; todas as idades; residência",final
50010,Dourados,MS,Centro-Oeste,2017,194,566225.0,34.26199832222173,69.71326164874552,estimativa IBGE em 1º de julho,"CAUSABAS X85-X99, Y00-Y09, Y35 ou Y36; todas as idades; residência",final
50011,Iguatemi,MS,Centro-Oeste,2017,84,244046.0,34.41974054071773,70.07168458781362,estimativa IBGE em 1º de julho,"CAUSABAS X85-X99, Y00-Y09, Y35 ou Y36; todas as idades; residência",final
51001,Aripuanã,MT,Centro-Oeste,2017,67,161895.0,41.38484820408289,80.28673835125448,estimativa IBGE em 1º de julho,"CAUSABAS X85-X99, Y00-Y09, Y35 ou Y36; todas as idades; residência",final
51002,Alta Floresta,MT,Centro-Oeste,2017,53,104198.0,50.8646998982706,89.06810035842294,estimativa IBGE em 1º de julho,"CAUSABAS X85-X99, Y00-Y09, Y35 ou Y36; todas as idades; residência",final
51003,Colíder,MT,Centro-Oeste,2017,48,151479.0,31.68756065197156,65.41218637992831,estimativa IBGE em 1º de julho,"CAUSABAS X85-X99, Y00-Y09, Y35 ou Y36; todas as idades; residência",final
51004,Parecis,MT,Centro-Oeste,2017,47,105594.0,44.51010474079967,83.33333333333333,estimativa IBGE em 1º de julho,"CAUSABAS X85-X99, Y00-Y09, Y35 ou Y36; todas as idades; residência",final
51005,Arinos,MT,Centro-Oeste,2017,21,80229.0,26.175073851101224,56.81003584229391,estimativa IBGE em 1º de julho,"CAUSABAS X85-X99, Y00-Y09, Y35 ou Y36; todas as idades; residência",final
51006,Alto Teles Pires,MT,Centro-Oeste,2017,102,245379.0,41.568349369750464,80.46594982078852,estimativa IBGE em 1º de julho,"CAUSABAS X85-X99, Y00-Y09, Y35 ou Y36; todas as idades; residência",final
51007,Sinop,MT,Centro-Oeste,2017,89,197588.0,45.04322124825394,84.05017921146954,estimativa IBGE em 1º de julho,"CAUSABAS X85-X99, Y00-Y09, Y35 ou Y36; todas as idades; residência",final
51008,Paranatinga,MT,Centro-Oeste,2017,10,35339.0,28.29734853844195,59.85663082437276,estimativa IBGE em 1º de julho,"CAUSABAS X85-X99, Y00-Y09, Y35 ou Y36; todas as idades; residência",final
51009,Norte Araguaia,MT,Centro-Oeste,2017,34,126751.0,26.824245962556507,57.70609318996416,estimativa IBGE em 1º de julho,"CAUSABAS X85-X99, Y00-Y09, Y35 ou Y36; todas as idades; residência",final
51010,Canarana,MT,Centro-Oeste,2017,37,111341.0,33.23124455501567,67.56272401433692,estimativa IBGE em 1º de julho,"CAUSABAS X85-X99, Y00-Y09, Y35 ou Y36; todas as idades; residência",final
51011,Médio Araguaia,MT,Centro-Oeste,2017,12,67545.0,17.765933821896514,36.738351254480285,estimativa IBGE em 1º de julho,"CAUSABAS X85-X99, Y00-Y09, Y35 ou Y36; todas as idades; residência",final
51012,Alto Guaporé,MT,Centro-Oeste,2017,18,72605.0,24.79168101370429,53.225806451612904,estimativa IBGE em 1º de julho,"CAUSABAS X85-X99, Y00-Y09, Y35 ou Y36; todas as idades; residência",final
51013,Tangará da Serra,MT,Centro-Oeste,2017,43,164025.0,26.215515927450085,56.98924731182796,estimativa IBGE em 1º de julho,"CAUSABAS X85-X99, Y00-Y09, Y35 ou Y36; todas as idades; residência",final
51014,Jauru,MT,Centro-Oeste,2017,27,107777.0,25.05172717741262,54.121863799283155,estimativa IBGE em 1º de julho,"CAUSABAS X85-X99, Y00-Y09, Y35 ou Y36; todas as idades; residência",final
51015,Alto Paraguai,MT,Centro-Oeste,2017,14,32480.0,43.10344827586207,81.72043010752688,estimativa IBGE em 1º de julho,"CAUSABAS X85-X99, Y00-Y09, Y35 ou Y36; todas as idades; residência",final
51016,Rosário Oeste,MT,Centro-Oeste,2017,7,30173.0,23.199549265899975,49.46236559139785,estimativa IBGE em 1º de julho,"CAUSABAS X85-X99, Y00-Y09, Y35 ou Y36; todas as idades; residência",final
51017,Cuiabá,MT,Centro-Oeste,2017,247,914056.0,27.02241438161338,58.064516129032256,estimativa IBGE em 1º de julho,"CAUSABAS X85-X99, Y00-Y09, Y35 ou Y36; todas as idades; residência",final
51018,Alto Pantanal,MT,Centro-Oeste,2017,32,136433.0,23.45473602427565,50.53763440860215,estimativa IBGE em 1º de julho,"CAUSABAS X85-X99, Y00-Y09, Y35 ou Y36; todas as idades; residência",final
51019,Primavera do Leste,MT,Centro-Oeste,2017,47,99226.0,47.36661762038175,86.37992831541219,estimativa IBGE em 1º de julho,"CAUSABAS X85-X99, Y00-Y09, Y35 ou Y36; todas as idades; residência",final
51020,Tesouro,MT,Centro-Oeste,2017,13,54389.0,23.90189192667635,51.4336917562724,estimativa IBGE em 1º de julho,"CAUSABAS X85-X99, Y00-Y09, Y35 ou Y36; todas as idades; residência",final
51021,Rondonópolis,MT,Centro-Oeste,2017,106,306100.0,34.62920614178373,70.43010752688173,estimativa IBGE em 1º de julho,"CAUSABAS X85-X99, Y00-Y09, Y35 ou Y36; todas as idades; residência",final
51022,Alto Araguaia,MT,Centro-Oeste,2017,24,39942.0,60.087126333183114,93.18996415770609,estimativa IBGE em 1º de julho,"CAUSABAS X85-X99, Y00-Y09, Y35 ou Y36; todas as idades; residência",final
52001,São Miguel do Araguaia,GO,Centro-Oeste,2017,37,80521.0,45.950745768184696,84.76702508960574,estimativa IBGE em 1º de julho,"CAUSABAS X85-X99, Y00-Y09, Y35 ou Y36; todas as idades; residência",final
52002,Rio Vermelho,GO,Centro-Oeste,2017,36,89217.0,40.35105417129022,79.39068100358423,estimativa IBGE em 1º de julho,"CAUSABAS X85-X99, Y00-Y09, Y35 ou Y36; todas as idades; residência",final
52003,Aragarças,GO,Centro-Oeste,2017,15,58219.0,25.76478469228259,55.376344086021504,estimativa IBGE em 1º de julho,"CAUSABAS X85-X99, Y00-Y09, Y35 ou Y36; todas as idades; residência",final
52004,Porangatu,GO,Centro-Oeste,2017,69,241584.0,28.56149413868468,60.75268817204301,estimativa IBGE em 1º de julho,"CAUSABAS X85-X99, Y00-Y09, Y35 ou Y36; todas as idades; residência",final
52005,Chapada dos Veadeiros,GO,Centro-Oeste,2017,22,68565.0,32.08634142784219,65.77060931899642,estimativa IBGE em 1º de julho,"CAUSABAS X85-X99, Y00-Y09, Y35 ou Y36; todas as idades; residência",final
52006,Ceres,GO,Centro-Oeste,2017,54,249478.0,21.645195167509762,46.0573476702509,estimativa IBGE em 1º de julho,"CAUSABAS X85-X99, Y00-Y09, Y35 ou Y36; todas as idades; residência",final
52007,Anápolis,GO,Centro-Oeste,2017,269,601160.0,44.746822809235475,83.87096774193549,estimativa IBGE em 1º de julho,"CAUSABAS X85-X99, Y00-Y09, Y35 ou Y36; todas as idades; residência",final
52008,Iporá,GO,Centro-Oeste,2017,13,59024.0,22.02493900786121,46.95340501792115,estimativa IBGE em 1º de julho,"CAUSABAS X85-X99, Y00-Y09, Y35 ou Y36; todas as idades; residência",final
52009,Anicuns,GO,Centro-Oeste,2017,17,117427.0,14.47707937697463,27.77777777777778,estimativa IBGE em 1º de julho,"CAUSABAS X85-X99, Y00-Y09, Y35 ou Y36; todas as idades; residência",final
52010,Goiânia,GO,Centro-Oeste,2017,1153,2431220.0,47.42474971413529,86.55913978494624,estimativa IBGE em 1º de julho,"CAUSABAS X85-X99, Y00-Y09, Y35 ou Y36; todas as idades; residência",final
52011,Vão do Paranã,GO,Centro-Oeste,2017,45,119668.0,37.60403783801852,75.26881720430107,estimativa IBGE em 1º de julho,"CAUSABAS X85-X99, Y00-Y09, Y35 ou Y36; todas as idades; residência",final
52012,Entorno de Brasília,GO,Centro-Oeste,2017,601,1224478.0,49.0821394912771,88.17204301075269,estimativa IBGE em 1º de julho,"CAUSABAS X85-X99, Y00-Y09, Y35 ou Y36; todas as idades; residência",final
52013,Sudoeste de Goiás,GO,Centro-Oeste,2017,214,520263.0,41.1330423266694,80.10752688172043,estimativa IBGE em 1º de julho,"CAUSABAS X85-X99, Y00-Y09, Y35 ou Y36; todas as idades; residência",final
52014,Vale do Rio dos Bois,GO,Centro-Oeste,2017,47,124236.0,37.83122444380051,76.34408602150538,estimativa IBGE em 1º de julho,"CAUSABAS X85-X99, Y00-Y09, Y35 ou Y36; todas as idades; residência",final
52015,Meia Ponte,GO,Centro-Oeste,2017,145,400128.0,36.23840371081254,73.29749103942652,estimativa IBGE em 1º de julho,"CAUSABAS X85-X99, Y00-Y09, Y35 ou Y36; todas as idades; residência",final
52016,Pires do Rio,GO,Centro-Oeste,2017,13,100245.0,12.96822784178762,24.014336917562723,estimativa IBGE em 1º de julho,"CAUSABAS X85-X99, Y00-Y09, Y35 ou Y36; todas as idades; residência",final
52017,Catalão,GO,Centro-Oeste,2017,56,168906.0,33.15453565888719,67.38351254480287,estimativa IBGE em 1º de julho,"CAUSABAS X85-X99, Y00-Y09, Y35 ou Y36; todas as idades; residência",final
52018,Quirinópolis,GO,Centro-Oeste,2017,37,124433.0,29.734877403904107,61.64874551971326,estimativa IBGE em 1º de julho,"CAUSABAS X85-X99, Y00-Y09, Y35 ou Y36; todas as idades; residência",final
53001,Brasília,DF,Centro-Oeste,2017,610,3039444.0,20.069460072302697,41.39784946236559,estimativa IBGE em 1º de julho,"CAUSABAS X85-X99, Y00-Y09, Y35 ou Y36; todas as idades; residência",final
11001,Porto Velho,RO,Norte,2022,265,568435.0,46.61922647268377,92.47311827956989,Censo 2022 em 1º de agosto,"CAUSABAS X85-X99, Y00-Y09, Y35 ou Y36; todas as idades; residência",final
11002,Guajará-Mirim,RO,Norte,2022,17,68300.0,24.890190336749633,59.67741935483871,Censo 2022 em 1º de agosto,"CAUSABAS X85-X99, Y00-Y09, Y35 ou Y36; todas as idades; residência",final
11003,Ariquemes,RO,Norte,2022,61,170817.0,35.710731367486844,80.46594982078852,Censo 2022 em 1º de agosto,"CAUSABAS X85-X99, Y00-Y09, Y35 ou Y36; todas as idades; residência",final
11004,Ji-Paraná,RO,Norte,2022,104,282304.0,36.83971888460667,83.33333333333333,Censo 2022 em 1º de agosto,"CAUSABAS X85-X99, Y00-Y09, Y35 ou Y36; todas as idades; residência",final
11005,Alvorada D'Oeste,RO,Norte,2022,36,61602.0,58.43966104996591,97.67025089605735,Censo 2022 em 1º de agosto,"CAUSABAS X85-X99, Y00-Y09, Y35 ou Y36; todas as idades; residência",final
11006,Cacoal,RO,Norte,2022,53,230465.0,22.996984357711582,55.017921146953405,Censo 2022 em 1º de agosto,"CAUSABAS X85-X99, Y00-Y09, Y35 ou Y36; todas as idades; residência",final
11007,Vilhena,RO,Norte,2022,46,152694.0,30.125610698521225,72.58064516129032,Censo 2022 em 1º de agosto,"CAUSABAS X85-X99, Y00-Y09, Y35 ou Y36; todas as idades; residência",final
11008,Colorado do Oeste,RO,Norte,2022,13,46579.0,27.90957298353335,65.94982078853046,Censo 2022 em 1º de agosto,"CAUSABAS X85-X99, Y00-Y09, Y35 ou Y36; todas as idades; residência",final
12001,Cruzeiro do Sul,AC,Norte,2022,24,153948.0,15.589679632083561,35.30465949820788,Censo 2022 em 1º de agosto,"CAUSABAS X85-X99, Y00-Y09, Y35 ou Y36; todas as idades; residência",final
12002,Tarauacá,AC,Norte,2022,27,88115.0,30.64177495318618,73.83512544802868,Censo 2022 em 1º de agosto,"CAUSABAS X85-X99, Y00-Y09, Y35 ou Y36; todas as idades; residência",final
12003,Sena Madureira,AC,Norte,2022,19,60062.0,31.633978222503412,75.62724014336918,Censo 2022 em 1º de agosto,"CAUSABAS X85-X99, Y00-Y09, Y35 ou Y36; todas as idades; residência",final
12004,Rio Branco,AC,Norte,2022,122,456793.0,26.70793992027023,63.44086021505376,Censo 2022 em 1º de agosto,"CAUSABAS X85-X99, Y00-Y09, Y35 ou Y36; todas as idades; residência",final
12005,Brasiléia,AC,Norte,2022,38,71100.0,53.445850914205344,96.23655913978494,Censo 2022 em 1º de agosto,"CAUSABAS X85-X99, Y00-Y09, Y35 ou Y36; todas as idades; residência",final
13001,Rio Negro,AM,Norte,2022,19,100554.0,18.89531992760109,43.18996415770609,Censo 2022 em 1º de agosto,"CAUSABAS X85-X99, Y00-Y09, Y35 ou Y36; todas as idades; residência",final
13002,Japurá,AM,Norte,2022,12,24387.0,49.20654447041456,94.26523297491039,Censo 2022 em 1º de agosto,"CAUSABAS X85-X99, Y00-Y09, Y35 ou Y36; todas as idades; residência",final
13003,Alto Solimões,AM,Norte,2022,97,262013.0,37.0210638403438,83.51254480286738,Censo 2022 em 1º de agosto,"CAUSABAS X85-X99, Y00-Y09, Y35 ou Y36; todas as idades; residência",final
13004,Juruá,AM,Norte,2022,42,138903.0,30.2369279281225,72.93906810035843,Censo 2022 em 1º de agosto,"CAUSABAS X85-X99, Y00-Y09, Y35 ou Y36; todas as idades; residência",final
13005,Tefé,AM,Norte,2022,23,103966.0,22.122617009406923,52.1505376344086,Censo 2022 em 1º de agosto,"CAUSABAS X85-X99, Y00-Y09, Y35 ou Y36; todas as idades; residência",final
13006,Coari,AM,Norte,2022,82,155508.0,52.73040615273812,95.6989247311828,Censo 2022 em 1º de agosto,"CAUSABAS X85-X99, Y00-Y09, Y35 ou Y36; todas as idades; residência",final
13007,Manaus,AM,Norte,2022,1234,2335835.0,52.82907397140637,95.87813620071685,Censo 2022 em 1º de agosto,"CAUSABAS X85-X99, Y00-Y09, Y35 ou Y36; todas as idades; residência",final
13008,Rio Preto da Eva,AM,Norte,2022,23,55604.0,41.36393065247105,88.5304659498208,Censo 2022 em 1º de agosto,"CAUSABAS X85-X99, Y00-Y09, Y35 ou Y36; todas as idades; residência",final
13009,Itacoatiara,AM,Norte,2022,47,176326.0,26.655172804918163,63.261648745519715,Censo 2022 em 1º de agosto,"CAUSABAS X85-X99, Y00-Y09, Y35 ou Y36; todas as idades; residência",final
13010,Parintins,AM,Norte,2022,84,262849.0,31.957511727265466,76.34408602150538,Censo 2022 em 1º de agosto,"CAUSABAS X85-X99, Y00-Y09, Y35 ou Y36; todas as idades; residência",final
13011,Boca do Acre,AM,Norte,2022,17,54820.0,31.010580080262677,74.91039426523298,Censo 2022 em 1º de agosto,"CAUSABAS X85-X99, Y00-Y09, Y35 ou Y36; todas as idades; residência",final
13012,Purus,AM,Norte,2022,13,81916.0,15.869915523218907,36.37992831541219,Censo 2022 em 1º de agosto,"CAUSABAS X85-X99, Y00-Y09, Y35 ou Y36; todas as idades; residência",final
13013,Madeira,AM,Norte,2022,59,188932.0,31.228166747824613,75.44802867383513,Censo 2022 em 1º de agosto,"CAUSABAS X85-X99, Y00-Y09, Y35 ou Y36; todas as idades; residência",final
14001,Boa Vista,RR,Norte,2022,181,467814.0,38.69059070485278,85.30465949820788,Censo 2022 em 1º de agosto,"CAUSABAS X85-X99, Y00-Y09, Y35 ou Y36; todas as idades; residência",final
14002,Nordeste de Roraima,RR,Norte,2022,13,60342.0,21.543866626893376,49.82078853046595,Censo 2022 em 1º de agosto,"CAUSABAS X85-X99, Y00-Y09, Y35 ou Y36; todas as idades; residência",final
14003,Caracaraí,RR,Norte,2022,22,49075.0,44.82934284258788,91.39784946236558,Censo 2022 em 1º de agosto,"CAUSABAS X85-X99, Y00-Y09, Y35 ou Y36; todas as idades; residência",final
14004,Sudeste de Roraima,RR,Norte,2022,15,59476.0,25.220256910350393,59.85663082437276,Censo 2022 em 1º de agosto,"CAUSABAS X85-X99, Y00-Y09, Y35 ou Y36; todas as idades; residência",final
15001,Óbidos,PA,Norte,2022,35,198914.0,17.595543802849473,40.32258064516129,Censo 2022 em 1º de agosto,"CAUSABAS X85-X99, Y00-Y09, Y35 ou Y36; todas as idades; residência",final
15002,Santarém,PA,Norte,2022,83,571293.0,14.528446874020862,32.437275985663085,Censo 2022 em 1º de agosto,"CAUSABAS X85-X99, Y00-Y09, Y35 ou Y36; todas as idades; residência",final
15003,Almeirim,PA,Norte,2022,26,74877.0,34.72361339263058,79.39068100358423,Censo 2022 em 1º de agosto,"CAUSABAS X85-X99, Y00-Y09, Y35 ou Y36; todas as idades; residência",final
15004,Portel,PA,Norte,2022,29,154062.0,18.823590502524958,42.831541218637994,Censo 2022 em 1º de agosto,"CAUSABAS X85-X99, Y00-Y09, Y35 ou Y36; todas as idades; residência",final
15005,Furos de Breves,PA,Norte,2022,41,232290.0,17.65035085453528,40.50179211469534,Censo 2022 em 1º de agosto,"CAUSABAS X85-X99, Y00-Y09, Y35 ou Y36; todas as idades; residência",final
15006,Arari,PA,Norte,2022,13,170868.0,7.60821218718543,12.007168458781361,Censo 2022 em 1º de agosto,"CAUSABAS X85-X99, Y00-Y09, Y35 ou Y36; todas as idades; residência",final
15007,Belém,PA,Norte,2022,621,2105270.0,29.497404133436568,71.68458781362007,Censo 2022 em 1º de agosto,"CAUSABAS X85-X99, Y00-Y09, Y35 ou Y36; todas as idades; residência",final
15008,Castanhal,PA,Norte,2022,139,327444.0,42.4500067187061,89.24731182795699,Censo 2022 em 1º de agosto,"CAUSABAS X85-X99, Y00-Y09, Y35 ou Y36; todas as idades; residência",final
15009,Salgado,PA,Norte,2022,62,262578.0,23.612031472552918,57.34767025089606,Censo 2022 em 1º de agosto,"CAUSABAS X85-X99, Y00-Y09, Y35 ou Y36; todas as idades; residência",final
15010,Bragantina,PA,Norte,2022,131,404163.0,32.41266518706561,77.24014336917563,Censo 2022 em 1º de agosto,"CAUSABAS X85-X99, Y00-Y09, Y35 ou Y36; todas as idades; residência",final
15011,Cametá,PA,Norte,2022,167,499455.0,33.43644572584117,78.13620071684588,Censo 2022 em 1º de agosto,"CAUSABAS X85-X99, Y00-Y09, Y35 ou Y36; todas as idades; residência",final
15012,Tomé-Açu,PA,Norte,2022,149,310076.0,48.052735458403745,93.36917562724014,Censo 2022 em 1º de agosto,"CAUSABAS X85-X99, Y00-Y09, Y35 ou Y36; todas as idades; residência",final
15013,Guamá,PA,Norte,2022,167,421138.0,39.654460058223194,86.37992831541219,Censo 2022 em 1º de agosto,"CAUSABAS X85-X99, Y00-Y09, Y35 ou Y36; todas as idades; residência",final
15014,Itaituba,PA,Norte,2022,116,250295.0,46.34531253121317,92.29390681003584,Censo 2022 em 1º de agosto,"CAUSABAS X85-X99, Y00-Y09, Y35 ou Y36; todas as idades; residência",final
15015,Altamira,PA,Norte,2022,211,332779.0,63.405443252128286,98.74551971326164,Censo 2022 em 1º de agosto,"CAUSABAS X85-X99, Y00-Y09, Y35 ou Y36; todas as idades; residência",final
15016,Tucuruí,PA,Norte,2022,132,299166.0,44.122660997573256,90.68100358422939,Censo 2022 em 1º de agosto,"CAUSABAS X85-X99, Y00-Y09, Y35 ou Y36; todas as idades; residência",final
15017,Paragominas,PA,Norte,2022,132,305652.0,43.18636881158965,89.96415770609319,Censo 2022 em 1º de agosto,"CAUSABAS X85-X99, Y00-Y09, Y35 ou Y36; todas as idades; residência",final
15018,São Félix do Xingu,PA,Norte,2022,108,155502.0,69.45248292626461,99.6415770609319,Censo 2022 em 1º de agosto,"CAUSABAS X85-X99, Y00-Y09, Y35 ou Y36; todas as idades; residência",final
15019,Parauapebas,PA,Norte,2022,186,411137.0,45.24039432111437,91.57706093189964,Censo 2022 em 1º de agosto,"CAUSABAS X85-X99, Y00-Y09, Y35 ou Y36; todas as idades; residência",final
15020,Marabá,PA,Norte,2022,169,314957.0,53.658118409814676,96.415770609319,Censo 2022 em 1º de agosto,"CAUSABAS X85-X99, Y00-Y09, Y35 ou Y36; todas as idades; residência",final
15021,Redenção,PA,Norte,2022,84,206739.0,40.630940461161174,87.81362007168458,Censo 2022 em 1º de agosto,"CAUSABAS X85-X99, Y00-Y09, Y35 ou Y36; todas as idades; residência",final
15022,Conceição do Araguaia,PA,Norte,2022,62,111476.0,55.61735261401557,96.7741935483871,Censo 2022 em 1º de agosto,"CAUSABAS X85-X99, Y00-Y09, Y35 ou Y36; todas as idades; residência",final
16001,Oiapoque,AP,Norte,2022,15,38094.0,39.376279729091195,86.02150537634408,Censo 2022 em 1º de agosto,"CAUSABAS X85-X99, Y00-Y09, Y35 ou Y36; todas as idades; residência",final
16002,Amapá,AP,Norte,2022,8,24691.0,32.4004698068122,77.06093189964157,Censo 2022 em 1º de agosto,"CAUSABAS X85-X99, Y00-Y09, Y35 ou Y36; todas as idades; residência",final
16003,Macapá,AP,Norte,2022,310,602645.0,51.439902430120554,95.16129032258064,Censo 2022 em 1º de agosto,"CAUSABAS X85-X99, Y00-Y09, Y35 ou Y36; todas as idades; residência",final
16004,Mazagão,AP,Norte,2022,25,68329.0,36.58768604838355,82.79569892473118,Censo 2022 em 1º de agosto,"CAUSABAS X85-X99, Y00-Y09, Y35 ou Y36; todas as idades; residência",final
17001,Bico do Papagaio,TO,Norte,2022,47,202747.0,23.18160071419059,56.09318996415771,Censo 2022 em 1º de agosto,"CAUSABAS X85-X99, Y00-Y09, Y35 ou Y36; todas as idades; residência",final
17002,Araguaína,TO,Norte,2022,102,294996.0,34.57674002359354,79.21146953405018,Censo 2022 em 1º de agosto,"CAUSABAS X85-X99, Y00-Y09, Y35 ou Y36; todas as idades; residência",final
17003,Miracema do Tocantins,TO,Norte,2022,52,142404.0,36.515828207072836,82.43727598566308,Censo 2022 em 1º de agosto,"CAUSABAS X85-X99, Y00-Y09, Y35 ou Y36; todas as idades; residência",final
17004,Rio Formoso,TO,Norte,2022,38,127819.0,29.729539426845776,71.86379928315412,Censo 2022 em 1º de agosto,"CAUSABAS X85-X99, Y00-Y09, Y35 ou Y36; todas as idades; residência",final
17005,Gurupi,TO,Norte,2022,41,142750.0,28.721541155866902,69.17562724014337,Censo 2022 em 1º de agosto,"CAUSABAS X85-X99, Y00-Y09, Y35 ou Y36; todas as idades; residência",final
17006,Porto Nacional,TO,Norte,2022,120,415947.0,28.849829425383522,69.71326164874552,Censo 2022 em 1º de agosto,"CAUSABAS X85-X99, Y00-Y09, Y35 ou Y36; todas as idades; residência",final
17007,Jalapão,TO,Norte,2022,20,71733.0,27.881170451535557,65.77060931899642,Censo 2022 em 1º de agosto,"CAUSABAS X85-X99, Y00-Y09, Y35 ou Y36; todas as idades; residência",final
17008,Dianópolis,TO,Norte,2022,33,113064.0,29.187009127573763,70.96774193548387,Censo 2022 em 1º de agosto,"CAUSABAS X85-X99, Y00-Y09, Y35 ou Y36; todas as idades; residência",final
21001,Litoral Ocidental Maranhense,MA,Nordeste,2022,40,176517.0,22.66070690075177,53.9426523297491,Censo 2022 em 1º de agosto,"CAUSABAS X85-X99, Y00-Y09, Y35 ou Y36; todas as idades; residência",final
21002,Aglomeração Urbana de São Luís,MA,Nordeste,2022,375,1458836.0,25.705425421363334,60.75268817204301,Censo 2022 em 1º de agosto,"CAUSABAS X85-X99, Y00-Y09, Y35 ou Y36; todas as idades; residência",final
21003,Rosário,MA,Nordeste,2022,46,168702.0,27.2670152102524,64.51612903225806,Censo 2022 em 1º de agosto,"CAUSABAS X85-X99, Y00-Y09, Y35 ou Y36; todas as idades; residência",final
21004,Lençóis Maranhenses,MA,Nordeste,2022,20,189244.0,10.5683667646002,21.50537634408602,Censo 2022 em 1º de agosto,"CAUSABAS X85-X99, Y00-Y09, Y35 ou Y36; todas as idades; residência",final
21005,Baixada Maranhense,MA,Nordeste,2022,182,574582.0,31.675200406556417,75.80645161290323,Censo 2022 em 1º de agosto,"CAUSABAS X85-X99, Y00-Y09, Y35 ou Y36; todas as idades; residência",final
21006,Itapecuru Mirim,MA,Nordeste,2022,64,211739.0,30.225891309583968,72.75985663082437,Censo 2022 em 1º de agosto,"CAUSABAS X85-X99, Y00-Y09, Y35 ou Y36; todas as idades; residência",final
21007,Gurupi,MA,Nordeste,2022,53,237183.0,22.34561498926989,53.225806451612904,Censo 2022 em 1º de agosto,"CAUSABAS X85-X99, Y00-Y09, Y35 ou Y36; todas as idades; residência",final
21008,Pindaré,MA,Nordeste,2022,206,570448.0,36.11196813732365,81.72043010752688,Censo 2022 em 1º de agosto,"CAUSABAS X85-X99, Y00-Y09, Y35 ou Y36; todas as idades; residência",final
21009,Imperatriz,MA,Nordeste,2022,239,594612.0,40.19427794931821,87.27598566308244,Censo 2022 em 1º de agosto,"CAUSABAS X85-X99, Y00-Y09, Y35 ou Y36; todas as idades; residência",final
21010,Médio Mearim,MA,Nordeste,2022,92,401064.0,22.938982307063213,54.83870967741935,Censo 2022 em 1º de agosto,"CAUSABAS X85-X99, Y00-Y09, Y35 ou Y36; todas as idades; residência",final
21011,Alto Mearim e Grajaú,MA,Nordeste,2022,87,318363.0,27.327296199621188,64.87455197132617,Censo 2022 em 1º de agosto,"CAUSABAS X85-X99, Y00-Y09, Y35 ou Y36; todas as idades; residência",final
21012,Presidente Dutra,MA,Nordeste,2022,62,190835.0,32.48879922446092,77.41935483870968,Censo 2022 em 1º de agosto,"CAUSABAS X85-X99, Y00-Y09, Y35 ou Y36; todas as idades; residência",final
21013,Baixo Parnaíba Maranhense,MA,Nordeste,2022,14,126468.0,11.069993990574691,22.759856630824373,Censo 2022 em 1º de agosto,"CAUSABAS X85-X99, Y00-Y09, Y35 ou Y36; todas as idades; residência",final
21014,Chapadinha,MA,Nordeste,2022,52,244528.0,21.26545835241772,49.10394265232975,Censo 2022 em 1º de agosto,"CAUSABAS X85-X99, Y00-Y09, Y35 ou Y36; todas as idades; residência",final
21015,Codó,MA,Nordeste,2022,77,256226.0,30.051595076221773,72.40143369175627,Censo 2022 em 1º de agosto,"CAUSABAS X85-X99, Y00-Y09, Y35 ou Y36; todas as idades; residência",final
21016,Coelho Neto,MA,Nordeste,2022,21,81311.0,25.82676390648252,61.111111111111114,Censo 2022 em 1º de agosto,"CAUSABAS X85-X99, Y00-Y09, Y35 ou Y36; todas as idades; residência",final
21017,Caxias,MA,Nordeste,2022,157,434206.0,36.157952676840026,82.07885304659499,Censo 2022 em 1º de agosto,"CAUSABAS X85-X99, Y00-Y09, Y35 ou Y36; todas as idades; residência",final
21018,Chapadas do Alto Itapecuru,MA,Nordeste,2022,31,209296.0,14.811558749331091,32.97491039426523,Censo 2022 em 1º de agosto,"CAUSABAS X85-X99, Y00-Y09, Y35 ou Y36; todas as idades; residência",final
21019,Porto Franco,MA,Nordeste,2022,56,109247.0,51.25998883264529,94.9820788530466,Censo 2022 em 1º de agosto,"CAUSABAS X85-X99, Y00-Y09, Y35 ou Y36; todas as idades; residência",final
21020,Gerais de Balsas,MA,Nordeste,2022,47,151931.0,30.935095536789728,74.73118279569893,Censo 2022 em 1º de agosto,"CAUSABAS X85-X99, Y00-Y09, Y35 ou Y36; todas as idades; residência",final
21021,Chapadas das Mangabeiras,MA,Nordeste,2022,15,71361.0,21.019884811031236,48.38709677419355,Censo 2022 em 1º de agosto,"CAUSABAS X85-X99, Y00-Y09, Y35 ou Y36; todas as idades; residência",final
22001,Baixo Parnaíba Piauiense,PI,Nordeste,2022,67,344381.0,19.455196424889873,45.16129032258065,Censo 2022 em 1º de agosto,"CAUSABAS X85-X99, Y00-Y09, Y35 ou Y36; todas as idades; residência",final
22002,Litoral Piauiense,PI,Nordeste,2022,144,330051.0,43.629620876773586,90.3225806451613,Censo 2022 em 1º de agosto,"CAUSABAS X85-X99, Y00-Y09, Y35 ou Y36; todas as idades; residência",final
22003,Teresina,PI,Nordeste,2022,374,1076023.0,34.75762135195995,79.56989247311827,Censo 2022 em 1º de agosto,"CAUSABAS X85-X99, Y00-Y09, Y35 ou Y36; todas as idades; residência",final
22004,Campo Maior,PI,Nordeste,2022,25,221735.0,11.274719823212394,23.118279569892472,Censo 2022 em 1º de agosto,"CAUSABAS X85-X99, Y00-Y09, Y35 ou Y36; todas as idades; residência",final
22005,Médio Parnaíba Piauiense,PI,Nordeste,2022,14,130682.0,10.713028573177636,21.863799283154123,Censo 2022 em 1º de agosto,"CAUSABAS X85-X99, Y00-Y09, Y35 ou Y36; todas as idades; residência",final
22006,Valença do Piauí,PI,Nordeste,2022,8,102676.0,7.7914994740737855,12.544802867383513,Censo 2022 em 1º de agosto,"CAUSABAS X85-X99, Y00-Y09, Y35 ou Y36; todas as idades; residência",final
22007,Alto Parnaíba Piauiense,PI,Nordeste,2022,8,50726.0,15.77100500729409,35.842293906810035,Censo 2022 em 1º de agosto,"CAUSABAS X85-X99, Y00-Y09, Y35 ou Y36; todas as idades; residência",final
22008,Bertolínia,PI,Nordeste,2022,1,41197.0,2.4273612156224966,0.5376344086021505,Censo 2022 em 1º de agosto,"CAUSABAS X85-X99, Y00-Y09, Y35 ou Y36; todas as idades; residência",final
22009,Floriano,PI,Nordeste,2022,21,122566.0,17.13362596478632,39.42652329749104,Censo 2022 em 1º de agosto,"CAUSABAS X85-X99, Y00-Y09, Y35 ou Y36; todas as idades; residência",final
22010,Alto Médio Gurguéia,PI,Nordeste,2022,18,95920.0,18.76563803169308,42.65232974910394,Censo 2022 em 1º de agosto,"CAUSABAS X85-X99, Y00-Y09, Y35 ou Y36; todas as idades; residência",final
22011,São Raimundo Nonato,PI,Nordeste,2022,19,142061.0,13.37453629074834,29.92831541218638,Censo 2022 em 1º de agosto,"CAUSABAS X85-X99, Y00-Y09, Y35 ou Y36; todas as idades; residência",final
22012,Chapadas do Extremo Sul Piauiense,PI,Nordeste,2022,24,84005.0,28.569727992381406,68.81720430107526,Censo 2022 em 1º de agosto,"CAUSABAS X85-X99, Y00-Y09, Y35 ou Y36; todas as idades; residência",final
22013,Picos,PI,Nordeste,2022,20,207851.0,9.622277496860733,18.817204301075268,Censo 2022 em 1º de agosto,"CAUSABAS X85-X99, Y00-Y09, Y35 ou Y36; todas as idades; residência",final
22014,Pio IX,PI,Nordeste,2022,7,56744.0,12.336106020019738,26.881720430107528,Censo 2022 em 1º de agosto,"CAUSABAS X85-X99, Y00-Y09, Y35 ou Y36; todas as idades; residência",final
22015,Alto Médio Canindé,PI,Nordeste,2022,33,264581.0,12.472550939031903,27.419354838709676,Censo 2022 em 1º de agosto,"CAUSABAS X85-X99, Y00-Y09, Y35 ou Y36; todas as idades; residência",final
23001,Litoral de Camocim e Acaraú,CE,Nordeste,2022,117,398409.0,29.366806472745346,71.50537634408602,Censo 2022 em 1º de agosto,"CAUSABAS X85-X99, Y00-Y09, Y35 ou Y36; todas as idades; residência",final
23002,Ibiapaba,CE,Nordeste,2022,121,322334.0,37.53870209161925,84.22939068100358,Censo 2022 em 1º de agosto,"CAUSABAS X85-X99, Y00-Y09, Y35 ou Y36; todas as idades; residência",final
23003,Coreaú,CE,Nordeste,2022,26,58610.0,44.36103054086333,91.0394265232975,Censo 2022 em 1º de agosto,"CAUSABAS X85-X99, Y00-Y09, Y35 ou Y36; todas as idades; residência",final
23004,Meruoca,CE,Nordeste,2022,2,26526.0,7.539772298876574,11.64874551971326,Censo 2022 em 1º de agosto,"CAUSABAS X85-X99, Y00-Y09, Y35 ou Y36; todas as idades; residência",final
23005,Sobral,CE,Nordeste,2022,159,403078.0,39.44645949419219,86.20071684587813,Censo 2022 em 1º de agosto,"CAUSABAS X85-X99, Y00-Y09, Y35 ou Y36; todas as idades; residência",final
23006,Ipu,CE,Nordeste,2022,25,137261.0,18.21347651554338,41.75627240143369,Censo 2022 em 1º de agosto,"CAUSABAS X85-X99, Y00-Y09, Y35 ou Y36; todas as idades; residência",final
23007,Santa Quitéria,CE,Nordeste,2022,11,68482.0,16.062614993720977,36.91756272401434,Censo 2022 em 1º de agosto,"CAUSABAS X85-X99, Y00-Y09, Y35 ou Y36; todas as idades; residência",final
23008,Itapipoca,CE,Nordeste,2022,65,231694.0,28.054243959705474,66.66666666666667,Censo 2022 em 1º de agosto,"CAUSABAS X85-X99, Y00-Y09, Y35 ou Y36; todas as idades; residência",final
23009,Baixo Curu,CE,Nordeste,2022,50,125339.0,39.89181340205363,86.73835125448029,Censo 2022 em 1º de agosto,"CAUSABAS X85-X99, Y00-Y09, Y35 ou Y36; todas as idades; residência",final
23010,Uruburetama,CE,Nordeste,2022,39,99497.0,39.19716172346905,85.84229390681004,Censo 2022 em 1º de agosto,"CAUSABAS X85-X99, Y00-Y09, Y35 ou Y36; todas as idades; residência",final
23011,Médio Curu,CE,Nordeste,2022,42,85451.0,49.15097541280968,94.08602150537635,Censo 2022 em 1º de agosto,"CAUSABAS X85-X99, Y00-Y09, Y35 ou Y36; todas as idades; residência",final
23012,Canindé,CE,Nordeste,2022,29,121359.0,23.896043968720903,58.24372759856631,Censo 2022 em 1º de agosto,"CAUSABAS X85-X99, Y00-Y09, Y35 ou Y36; todas as idades; residência",final
23013,Baturité,CE,Nordeste,2022,90,185982.0,48.39177984966287,93.54838709677419,Censo 2022 em 1º de agosto,"CAUSABAS X85-X99, Y00-Y09, Y35 ou Y36; todas as idades; residência",final
23014,Chorozinho,CE,Nordeste,2022,20,67048.0,29.82937596945472,72.04301075268818,Censo 2022 em 1º de agosto,"CAUSABAS X85-X99, Y00-Y09, Y35 ou Y36; todas as idades; residência",final
23015,Cascavel,CE,Nordeste,2022,52,149225.0,34.846707991288326,79.74910394265233,Censo 2022 em 1º de agosto,"CAUSABAS X85-X99, Y00-Y09, Y35 ou Y36; todas as idades; residência",final
23016,Fortaleza,CE,Nordeste,2022,1259,3449303.0,36.50012770695993,82.25806451612904,Censo 2022 em 1º de agosto,"CAUSABAS X85-X99, Y00-Y09, Y35 ou Y36; todas as idades; residência",final
23017,Pacajus,CE,Nordeste,2022,59,145738.0,40.48360756974845,87.45519713261649,Censo 2022 em 1º de agosto,"CAUSABAS X85-X99, Y00-Y09, Y35 ou Y36; todas as idades; residência",final
23018,Sertão de Cratéus,CE,Nordeste,2022,87,243506.0,35.72807240889342,80.64516129032258,Censo 2022 em 1º de agosto,"CAUSABAS X85-X99, Y00-Y09, Y35 ou Y36; todas as idades; residência",final
23019,Sertão de Quixeramobim,CE,Nordeste,2022,106,274916.0,38.55723202723741,85.12544802867383,Censo 2022 em 1º de agosto,"CAUSABAS X85-X99, Y00-Y09, Y35 ou Y36; todas as idades; residência",final
23020,Sertão de Inhamuns,CE,Nordeste,2022,14,138274.0,10.124824623573485,20.25089605734767,Censo 2022 em 1º de agosto,"CAUSABAS X85-X99, Y00-Y09, Y35 ou Y36; todas as idades; residência",final
23021,Sertão de Senador Pompeu,CE,Nordeste,2022,56,205000.0,27.317073170731707,64.69534050179212,Censo 2022 em 1º de agosto,"CAUSABAS X85-X99, Y00-Y09, Y35 ou Y36; todas as idades; residência",final
23022,Litoral de Aracati,CE,Nordeste,2022,37,121376.0,30.483785921434222,73.11827956989248,Censo 2022 em 1º de agosto,"CAUSABAS X85-X99, Y00-Y09, Y35 ou Y36; todas as idades; residência",final
23023,Baixo Jaguaribe,CE,Nordeste,2022,212,318125.0,66.64047151277013,99.2831541218638,Censo 2022 em 1º de agosto,"CAUSABAS X85-X99, Y00-Y09, Y35 ou Y36; todas as idades; residência",final
23024,Médio Jaguaribe,CE,Nordeste,2022,32,61314.0,52.190364353981145,95.3405017921147,Censo 2022 em 1º de agosto,"CAUSABAS X85-X99, Y00-Y09, Y35 ou Y36; todas as idades; residência",final
23025,Serra do Pereiro,CE,Nordeste,2022,12,41723.0,28.761114972557102,69.35483870967742,Censo 2022 em 1º de agosto,"CAUSABAS X85-X99, Y00-Y09, Y35 ou Y36; todas as idades; residência",final
23026,Iguatu,CE,Nordeste,2022,58,218635.0,26.528231984814873,62.903225806451616,Censo 2022 em 1º de agosto,"CAUSABAS X85-X99, Y00-Y09, Y35 ou Y36; todas as idades; residência",final
23027,Várzea Alegre,CE,Nordeste,2022,16,94695.0,16.89635144411004,38.70967741935484,Censo 2022 em 1º de agosto,"CAUSABAS X85-X99, Y00-Y09, Y35 ou Y36; todas as idades; residência",final
23028,Lavras da Mangabeira,CE,Nordeste,2022,5,55460.0,9.015506671474936,17.025089605734767,Censo 2022 em 1º de agosto,"CAUSABAS X85-X99, Y00-Y09, Y35 ou Y36; todas as idades; residência",final
23029,Chapada do Araripe,CE,Nordeste,2022,22,92081.0,23.89200812328276,58.064516129032256,Censo 2022 em 1º de agosto,"CAUSABAS X85-X99, Y00-Y09, Y35 ou Y36; todas as idades; residência",final
23030,Caririaçu,CE,Nordeste,2022,9,56160.0,16.025641025641026,36.55913978494624,Censo 2022 em 1º de agosto,"CAUSABAS X85-X99, Y00-Y09, Y35 ou Y36; todas as idades; residência",final
23031,Barro,CE,Nordeste,2022,19,88656.0,21.431149611983397,49.46236559139785,Censo 2022 em 1º de agosto,"CAUSABAS X85-X99, Y00-Y09, Y35 ou Y36; todas as idades; residência",final
23032,Cariri,CE,Nordeste,2022,164,605839.0,27.06989810824328,64.15770609318996,Censo 2022 em 1º de agosto,"CAUSABAS X85-X99, Y00-Y09, Y35 ou Y36; todas as idades; residência",final
23033,Brejo Santo,CE,Nordeste,2022,14,103861.0,13.479554404444402,30.28673835125448,Censo 2022 em 1º de agosto,"CAUSABAS X85-X99, Y00-Y09, Y35 ou Y36; todas as idades; residência",final
24001,Mossoró,RN,Nordeste,2022,204,343980.0,59.30577359148788,98.02867383512545,Censo 2022 em 1º de agosto,"CAUSABAS X85-X99, Y00-Y09, Y35 ou Y36; todas as idades; residência",final
24002,Chapada do Apodi,RN,Nordeste,2022,42,73702.0,56.986241893028684,97.31182795698925,Censo 2022 em 1º de agosto,"CAUSABAS X85-X99, Y00-Y09, Y35 ou Y36; todas as idades; residência",final
24003,Médio Oeste,RN,Nordeste,2022,11,39282.0,28.00264752303854,66.12903225806451,Censo 2022 em 1º de agosto,"CAUSABAS X85-X99, Y00-Y09, Y35 ou Y36; todas as idades; residência",final
24004,Vale do Açu,RN,Nordeste,2022,65,143127.0,45.41421255248835,91.93548387096774,Censo 2022 em 1º de agosto,"CAUSABAS X85-X99, Y00-Y09, Y35 ou Y36; todas as idades; residência",final
24005,Serra de São Miguel,RN,Nordeste,2022,18,63915.0,28.162403191739028,67.20430107526882,Censo 2022 em 1º de agosto,"CAUSABAS X85-X99, Y00-Y09, Y35 ou Y36; todas as idades; residência",final
24006,Pau dos Ferros,RN,Nordeste,2022,34,116783.0,29.11382649871985,70.43010752688173,Censo 2022 em 1º de agosto,"CAUSABAS X85-X99, Y00-Y09, Y35 ou Y36; todas as idades; residência",final
24007,Umarizal,RN,Nordeste,2022,19,61714.0,30.78717957027579,74.55197132616487,Censo 2022 em 1º de agosto,"CAUSABAS X85-X99, Y00-Y09, Y35 ou Y36; todas as idades; residência",final
24008,Macau,RN,Nordeste,2022,13,54365.0,23.912443667800975,58.422939068100355,Censo 2022 em 1º de agosto,"CAUSABAS X85-X99, Y00-Y09, Y35 ou Y36; todas as idades; residência",final
24009,Angicos,RN,Nordeste,2022,13,49663.0,26.17642913235205,61.82795698924731,Censo 2022 em 1º de agosto,"CAUSABAS X85-X99, Y00-Y09, Y35 ou Y36; todas as idades; residência",final
24010,Serra de Santana,RN,Nordeste,2022,10,63732.0,15.690704826460804,35.66308243727599,Censo 2022 em 1º de agosto,"CAUSABAS X85-X99, Y00-Y09, Y35 ou Y36; todas as idades; residência",final
24011,Seridó Ocidental,RN,Nordeste,2022,25,96551.0,25.893051340742197,61.29032258064516,Censo 2022 em 1º de agosto,"CAUSABAS X85-X99, Y00-Y09, Y35 ou Y36; todas as idades; residência",final
24012,Seridó Oriental,RN,Nordeste,2022,30,118588.0,25.297669241407224,60.03584229390681,Censo 2022 em 1º de agosto,"CAUSABAS X85-X99, Y00-Y09, Y35 ou Y36; todas as idades; residência",final
24013,Baixa Verde,RN,Nordeste,2022,13,61850.0,21.018593371059012,48.2078853046595,Censo 2022 em 1º de agosto,"CAUSABAS X85-X99, Y00-Y09, Y35 ou Y36; todas as idades; residência",final
24014,Borborema Potiguar,RN,Nordeste,2022,47,130941.0,35.8940286083045,81.00358422939068,Censo 2022 em 1º de agosto,"CAUSABAS X85-X99, Y00-Y09, Y35 ou Y36; todas as idades; residência",final
24015,Agreste Potiguar,RN,Nordeste,2022,72,235650.0,30.553787396562697,73.47670250896057,Censo 2022 em 1º de agosto,"CAUSABAS X85-X99, Y00-Y09, Y35 ou Y36; todas as idades; residência",final
24016,Litoral Nordeste,RN,Nordeste,2022,33,88264.0,37.387836490528414,84.05017921146954,Censo 2022 em 1º de agosto,"CAUSABAS X85-X99, Y00-Y09, Y35 ou Y36; todas as idades; residência",final
24017,Macaíba,RN,Nordeste,2022,159,356430.0,44.60903964312768,91.21863799283155,Censo 2022 em 1º de agosto,"CAUSABAS X85-X99, Y00-Y09, Y35 ou Y36; todas as idades; residência",final
24018,Natal,RN,Nordeste,2022,309,1065651.0,28.996359971510373,69.89247311827957,Censo 2022 em 1º de agosto,"CAUSABAS X85-X99, Y00-Y09, Y35 ou Y36; todas as idades; residência",final
24019,Litoral Sul,RN,Nordeste,2022,46,138541.0,33.2031672934366,77.77777777777777,Censo 2022 em 1º de agosto,"CAUSABAS X85-X99, Y00-Y09, Y35 ou Y36; todas as idades; residência",final
25001,Catolé do Rocha,PB,Nordeste,2022,87,117846.0,73.82516165164706,100.0,Censo 2022 em 1º de agosto,"CAUSABAS X85-X99, Y00-Y09, Y35 ou Y36; todas as idades; residência",final
25002,Cajazeiras,PB,Nordeste,2022,25,173175.0,14.436263894903998,32.25806451612903,Censo 2022 em 1º de agosto,"CAUSABAS X85-X99, Y00-Y09, Y35 ou Y36; todas as idades; residência",final
25003,Sousa,PB,Nordeste,2022,47,183470.0,25.617267128140842,60.57347670250896,Censo 2022 em 1º de agosto,"CAUSABAS X85-X99, Y00-Y09, Y35 ou Y36; todas as idades; residência",final
25004,Patos,PB,Nordeste,2022,54,127977.0,42.19508192878408,89.06810035842294,Censo 2022 em 1º de agosto,"CAUSABAS X85-X99, Y00-Y09, Y35 ou Y36; todas as idades; residência",final
25005,Piancó,PB,Nordeste,2022,19,67693.0,28.067894760167224,66.84587813620071,Censo 2022 em 1º de agosto,"CAUSABAS X85-X99, Y00-Y09, Y35 ou Y36; todas as idades; residência",final
25006,Itaporanga,PB,Nordeste,2022,23,81581.0,28.192839018889202,67.38351254480287,Censo 2022 em 1º de agosto,"CAUSABAS X85-X99, Y00-Y09, Y35 ou Y36; todas as idades; residência",final
25007,Serra do Teixeira,PB,Nordeste,2022,29,114380.0,25.354082881622663,60.215053763440864,Censo 2022 em 1º de agosto,"CAUSABAS X85-X99, Y00-Y09, Y35 ou Y36; todas as idades; residência",final
25008,Seridó Ocidental Paraibano,PB,Nordeste,2022,6,39383.0,15.234999873041668,34.40860215053763,Censo 2022 em 1º de agosto,"CAUSABAS X85-X99, Y00-Y09, Y35 ou Y36; todas as idades; residência",final
25009,Seridó Oriental Paraibano,PB,Nordeste,2022,9,74903.0,12.01554009852743,26.70250896057348,Censo 2022 em 1º de agosto,"CAUSABAS X85-X99, Y00-Y09, Y35 ou Y36; todas as idades; residência",final
25010,Cariri Ocidental,PB,Nordeste,2022,39,124964.0,31.208988188598315,75.26881720430107,Censo 2022 em 1º de agosto,"CAUSABAS X85-X99, Y00-Y09, Y35 ou Y36; todas as idades; residência",final
25011,Cariri Oriental,PB,Nordeste,2022,13,66304.0,19.606660231660232,45.69892473118279,Censo 2022 em 1º de agosto,"CAUSABAS X85-X99, Y00-Y09, Y35 ou Y36; todas as idades; residência",final
25012,Curimataú Ocidental,PB,Nordeste,2022,26,118741.0,21.89639635846085,51.4336917562724,Censo 2022 em 1º de agosto,"CAUSABAS X85-X99, Y00-Y09, Y35 ou Y36; todas as idades; residência",final
25013,Curimataú Oriental,PB,Nordeste,2022,12,88233.0,13.600353609193839,30.64516129032258,Censo 2022 em 1º de agosto,"CAUSABAS X85-X99, Y00-Y09, Y35 ou Y36; todas as idades; residência",final
25014,Esperança,PB,Nordeste,2022,4,55211.0,7.24493307493072,10.57347670250896,Censo 2022 em 1º de agosto,"CAUSABAS X85-X99, Y00-Y09, Y35 ou Y36; todas as idades; residência",final
25015,Brejo Paraibano,PB,Nordeste,2022,17,113327.0,15.000838282139297,33.333333333333336,Censo 2022 em 1º de agosto,"CAUSABAS X85-X99, Y00-Y09, Y35 ou Y36; todas as idades; residência",final
25016,Guarabira,PB,Nordeste,2022,38,165139.0,23.010918075076148,55.19713261648746,Censo 2022 em 1º de agosto,"CAUSABAS X85-X99, Y00-Y09, Y35 ou Y36; todas as idades; residência",final
25017,Campina Grande,PB,Nordeste,2022,82,547437.0,14.978892548366296,33.15412186379928,Censo 2022 em 1º de agosto,"CAUSABAS X85-X99, Y00-Y09, Y35 ou Y36; todas as idades; residência",final
25018,Itabaiana,PB,Nordeste,2022,35,108782.0,32.174440624368,76.52329749103943,Censo 2022 em 1º de agosto,"CAUSABAS X85-X99, Y00-Y09, Y35 ou Y36; todas as idades; residência",final
25019,Umbuzeiro,PB,Nordeste,2022,20,52623.0,38.006195009786595,84.76702508960574,Censo 2022 em 1º de agosto,"CAUSABAS X85-X99, Y00-Y09, Y35 ou Y36; todas as idades; residência",final
25020,Litoral Norte,PB,Nordeste,2022,55,152747.0,36.00725382495237,81.36200716845879,Censo 2022 em 1º de agosto,"CAUSABAS X85-X99, Y00-Y09, Y35 ou Y36; todas as idades; residência",final
25021,Sapé,PB,Nordeste,2022,57,138167.0,41.254423994152006,88.35125448028674,Censo 2022 em 1º de agosto,"CAUSABAS X85-X99, Y00-Y09, Y35 ou Y36; todas as idades; residência",final
25022,João Pessoa,PB,Nordeste,2022,335,1173268.0,28.552726231346973,68.63799283154121,Censo 2022 em 1º de agosto,"CAUSABAS X85-X99, Y00-Y09, Y35 ou Y36; todas as idades; residência",final
25023,Litoral Sul,PB,Nordeste,2022,65,89336.0,72.75902211874272,99.82078853046595,Censo 2022 em 1º de agosto,"CAUSABAS X85-X99, Y00-Y09, Y35 ou Y36; todas as idades; residência",final
26001,Araripina,PE,Nordeste,2022,65,319438.0,20.348236590512087,47.132616487455195,Censo 2022 em 1º de agosto,"CAUSABAS X85-X99, Y00-Y09, Y35 ou Y36; todas as idades; residência",final
26002,Salgueiro,PE,Nordeste,2022,22,167887.0,13.104052130301929,29.39068100358423,Censo 2022 em 1º de agosto,"CAUSABAS X85-X99, Y00-Y09, Y35 ou Y36; todas as idades; residência",final
26003,Pajeú,PE,Nordeste,2022,72,329015.0,21.88350075224534,51.075268817204304,Censo 2022 em 1º de agosto,"CAUSABAS X85-X99, Y00-Y09, Y35 ou Y36; todas as idades; residência",final
26004,Sertão do Moxotó,PE,Nordeste,2022,52,235443.0,22.086025067638452,51.7921146953405,Censo 2022 em 1º de agosto,"CAUSABAS X85-X99, Y00-Y09, Y35 ou Y36; todas as idades; residência",final
26005,Petrolina,PE,Nordeste,2022,176,540146.0,32.583782903141,77.59856630824373,Censo 2022 em 1º de agosto,"CAUSABAS X85-X99, Y00-Y09, Y35 ou Y36; todas as idades; residência",final
26006,Itaparica,PE,Nordeste,2022,27,137044.0,19.701701643267857,46.0573476702509,Censo 2022 em 1º de agosto,"CAUSABAS X85-X99, Y00-Y09, Y35 ou Y36; todas as idades; residência",final
26007,Vale do Ipanema,PE,Nordeste,2022,53,193278.0,27.421641366322085,65.05376344086021,Censo 2022 em 1º de agosto,"CAUSABAS X85-X99, Y00-Y09, Y35 ou Y36; todas as idades; residência",final
26008,Vale do Ipojuca,PE,Nordeste,2022,336,934833.0,35.94224850855714,81.18279569892474,Censo 2022 em 1º de agosto,"CAUSABAS X85-X99, Y00-Y09, Y35 ou Y36; todas as idades; residência",final
26009,Alto Capibaribe,PE,Nordeste,2022,107,298380.0,35.860312353374894,80.82437275985663,Censo 2022 em 1º de agosto,"CAUSABAS X85-X99, Y00-Y09, Y35 ou Y36; todas as idades; residência",final
26010,Médio Capibaribe,PE,Nordeste,2022,70,243096.0,28.795208477309377,69.53405017921148,Censo 2022 em 1º de agosto,"CAUSABAS X85-X99, Y00-Y09, Y35 ou Y36; todas as idades; residência",final
26011,Garanhuns,PE,Nordeste,2022,184,460090.0,39.99217544393488,86.91756272401433,Censo 2022 em 1º de agosto,"CAUSABAS X85-X99, Y00-Y09, Y35 ou Y36; todas as idades; residência",final
26012,Brejo Pernambucano,PE,Nordeste,2022,76,210258.0,36.14606816387486,81.89964157706093,Censo 2022 em 1º de agosto,"CAUSABAS X85-X99, Y00-Y09, Y35 ou Y36; todas as idades; residência",final
26013,Mata Setentrional Pernambucana,PE,Nordeste,2022,255,542298.0,47.022116991027076,92.65232974910394,Censo 2022 em 1º de agosto,"CAUSABAS X85-X99, Y00-Y09, Y35 ou Y36; todas as idades; residência",final
26014,Vitória de Santo Antão,PE,Nordeste,2022,115,224513.0,51.22197823734038,94.80286738351255,Censo 2022 em 1º de agosto,"CAUSABAS X85-X99, Y00-Y09, Y35 ou Y36; todas as idades; residência",final
26015,Mata Meridional Pernambucana,PE,Nordeste,2022,274,493071.0,55.570090311537285,96.59498207885305,Censo 2022 em 1º de agosto,"CAUSABAS X85-X99, Y00-Y09, Y35 ou Y36; todas as idades; residência",final
26016,Itamaracá,PE,Nordeste,2022,53,186728.0,28.38353112548734,68.10035842293907,Censo 2022 em 1º de agosto,"CAUSABAS X85-X99, Y00-Y09, Y35 ou Y36; todas as idades; residência",final
26017,Recife,PE,Nordeste,2022,1210,3237874.0,37.37020032280441,83.87096774193549,Censo 2022 em 1º de agosto,"CAUSABAS X85-X99, Y00-Y09, Y35 ou Y36; todas as idades; residência",final
26018,Suape,PE,Nordeste,2022,189,302372.0,62.50578757292342,98.38709677419355,Censo 2022 em 1º de agosto,"CAUSABAS X85-X99, Y00-Y09, Y35 ou Y36; todas as idades; residência",final
26019,Fernando de Noronha,PE,Nordeste,2022,0,3167.0,0.0,0.17921146953405018,Censo 2022 em 1º de agosto,"CAUSABAS X85-X99, Y00-Y09, Y35 ou Y36; todas as idades; residência",final
27001,Serrana do Sertão Alagoano,AL,Nordeste,2022,29,82151.0,35.30084843763314,80.10752688172043,Censo 2022 em 1º de agosto,"CAUSABAS X85-X99, Y00-Y09, Y35 ou Y36; todas as idades; residência",final
27002,Alagoana do Sertão do São Francisco,AL,Nordeste,2022,19,82276.0,23.0930040351986,55.55555555555556,Censo 2022 em 1º de agosto,"CAUSABAS X85-X99, Y00-Y09, Y35 ou Y36; todas as idades; residência",final
27003,Santana do Ipanema,AL,Nordeste,2022,52,169577.0,30.66453587455846,74.01433691756273,Censo 2022 em 1º de agosto,"CAUSABAS X85-X99, Y00-Y09, Y35 ou Y36; todas as idades; residência",final
27004,Batalha,AL,Nordeste,2022,25,88843.0,28.139527030829665,67.02508960573476,Censo 2022 em 1º de agosto,"CAUSABAS X85-X99, Y00-Y09, Y35 ou Y36; todas as idades; residência",final
27005,Palmeira dos Índios,AL,Nordeste,2022,50,171333.0,29.18293615357228,70.60931899641577,Censo 2022 em 1º de agosto,"CAUSABAS X85-X99, Y00-Y09, Y35 ou Y36; todas as idades; residência",final
27006,Arapiraca,AL,Nordeste,2022,134,431875.0,31.02749638205499,75.08960573476702,Censo 2022 em 1º de agosto,"CAUSABAS X85-X99, Y00-Y09, Y35 ou Y36; todas as idades; residência",final
27007,Traipu,AL,Nordeste,2022,11,34450.0,31.93033381712627,76.16487455197132,Censo 2022 em 1º de agosto,"CAUSABAS X85-X99, Y00-Y09, Y35 ou Y36; todas as idades; residência",final
27008,Serrana dos Quilombos,AL,Nordeste,2022,44,137880.0,31.91180736872643,75.98566308243727,Censo 2022 em 1º de agosto,"CAUSABAS X85-X99, Y00-Y09, Y35 ou Y36; todas as idades; residência",final
27009,Mata Alagoana,AL,Nordeste,2022,106,266277.0,39.80816968795653,86.55913978494624,Censo 2022 em 1º de agosto,"CAUSABAS X85-X99, Y00-Y09, Y35 ou Y36; todas as idades; residência",final
27010,Litoral Norte Alagoano,AL,Nordeste,2022,49,72974.0,67.14720311343767,99.46236559139786,Censo 2022 em 1º de agosto,"CAUSABAS X85-X99, Y00-Y09, Y35 ou Y36; todas as idades; residência",final
27011,Maceió,AL,Nordeste,2022,501,1222505.0,40.981427478824216,87.99283154121864,Censo 2022 em 1º de agosto,"CAUSABAS X85-X99, Y00-Y09, Y35 ou Y36; todas as idades; residência",final
27012,São Miguel dos Campos,AL,Nordeste,2022,74,247567.0,29.890898221491558,72.22222222222223,Censo 2022 em 1º de agosto,"CAUSABAS X85-X99, Y00-Y09, Y35 ou Y36; todas as idades; residência",final
27013,Penedo,AL,Nordeste,2022,42,119975.0,35.00729318608043,79.92831541218638,Censo 2022 em 1º de agosto,"CAUSABAS X85-X99, Y00-Y09, Y35 ou Y36; todas as idades; residência",final
28001,Sergipana do Sertão do São Francisco,SE,Nordeste,2022,36,170047.0,21.170617535152047,48.74551971326165,Censo 2022 em 1º de agosto,"CAUSABAS X85-X99, Y00-Y09, Y35 ou Y36; todas as idades; residência",final
28002,Carira,SE,Nordeste,2022,15,69189.0,21.679746780557604,50.7168458781362,Censo 2022 em 1º de agosto,"CAUSABAS X85-X99, Y00-Y09, Y35 ou Y36; todas as idades; residência",final
28003,Nossa Senhora das Dores,SE,Nordeste,2022,24,63786.0,37.6258113065563,84.58781362007169,Censo 2022 em 1º de agosto,"CAUSABAS X85-X99, Y00-Y09, Y35 ou Y36; todas as idades; residência",final
28004,Agreste de Itabaiana,SE,Nordeste,2022,87,179418.0,48.49011804835635,93.72759856630825,Censo 2022 em 1º de agosto,"CAUSABAS X85-X99, Y00-Y09, Y35 ou Y36; todas as idades; residência",final
28005,Tobias Barreto,SE,Nordeste,2022,22,115277.0,19.084466112060515,43.54838709677419,Censo 2022 em 1º de agosto,"CAUSABAS X85-X99, Y00-Y09, Y35 ou Y36; todas as idades; residência",final
28006,Agreste de Lagarto,SE,Nordeste,2022,26,119892.0,21.686184232475895,50.89605734767025,Censo 2022 em 1º de agosto,"CAUSABAS X85-X99, Y00-Y09, Y35 ou Y36; todas as idades; residência",final
28007,Propriá,SE,Nordeste,2022,35,87446.0,40.0247009583057,87.09677419354838,Censo 2022 em 1º de agosto,"CAUSABAS X85-X99, Y00-Y09, Y35 ou Y36; todas as idades; residência",final
28008,Cotinguiba,SE,Nordeste,2022,16,47756.0,33.50364352123293,78.31541218637993,Censo 2022 em 1º de agosto,"CAUSABAS X85-X99, Y00-Y09, Y35 ou Y36; todas as idades; residência",final
28009,Japaratuba,SE,Nordeste,2022,12,53274.0,22.525059128280212,53.40501792114696,Censo 2022 em 1º de agosto,"CAUSABAS X85-X99, Y00-Y09, Y35 ou Y36; todas as idades; residência",final
28010,Baixo Cotinguiba,SE,Nordeste,2022,29,85719.0,33.831472602340206,78.67383512544802,Censo 2022 em 1º de agosto,"CAUSABAS X85-X99, Y00-Y09, Y35 ou Y36; todas as idades; residência",final
28011,Aracaju,SE,Nordeste,2022,388,932210.0,41.62152304738203,88.70967741935483,Censo 2022 em 1º de agosto,"CAUSABAS X85-X99, Y00-Y09, Y35 ou Y36; todas as idades; residência",final
28012,Boquim,SE,Nordeste,2022,42,156336.0,26.865213386552043,63.799283154121866,Censo 2022 em 1º de agosto,"CAUSABAS X85-X99, Y00-Y09, Y35 ou Y36; todas as idades; residência",final
28013,Estância,SE,Nordeste,2022,38,129654.0,29.308775664460796,71.32616487455198,Censo 2022 em 1º de agosto,"CAUSABAS X85-X99, Y00-Y09, Y35 ou Y36; todas as idades; residência",final
29001,Barreiras,BA,Nordeste,2022,140,365060.0,38.34986029693749,84.94623655913979,Censo 2022 em 1º de agosto,"CAUSABAS X85-X99, Y00-Y09, Y35 ou Y36; todas as idades; residência",final
29002,Cotegipe,BA,Nordeste,2022,17,116152.0,14.63599421447758,32.61648745519713,Censo 2022 em 1º de agosto,"CAUSABAS X85-X99, Y00-Y09, Y35 ou Y36; todas as idades; residência",final
29003,Santa Maria da Vitória,BA,Nordeste,2022,41,180717.0,22.68740627611127,54.121863799283155,Censo 2022 em 1º de agosto,"CAUSABAS X85-X99, Y00-Y09, Y35 ou Y36; todas as idades; residência",final
29004,Juazeiro,BA,Nordeste,2022,251,514330.0,48.80135321680633,93.9068100358423,Censo 2022 em 1º de agosto,"CAUSABAS X85-X99, Y00-Y09, Y35 ou Y36; todas as idades; residência",final
29005,Paulo Afonso,BA,Nordeste,2022,64,174176.0,36.74444240308653,83.15412186379929,Censo 2022 em 1º de agosto,"CAUSABAS X85-X99, Y00-Y09, Y35 ou Y36; todas as idades; residência",final
29006,Barra,BA,Nordeste,2022,53,172497.0,30.72517203197737,74.37275985663082,Censo 2022 em 1º de agosto,"CAUSABAS X85-X99, Y00-Y09, Y35 ou Y36; todas as idades; residência",final
29007,Bom Jesus da Lapa,BA,Nordeste,2022,40,176932.0,22.60755544502973,53.763440860215056,Censo 2022 em 1º de agosto,"CAUSABAS X85-X99, Y00-Y09, Y35 ou Y36; todas as idades; residência",final
29008,Senhor do Bonfim,BA,Nordeste,2022,124,288971.0,42.9108803305522,89.60573476702508,Censo 2022 em 1º de agosto,"CAUSABAS X85-X99, Y00-Y09, Y35 ou Y36; todas as idades; residência",final
29009,Irecê,BA,Nordeste,2022,111,387600.0,28.637770897832816,68.99641577060932,Censo 2022 em 1º de agosto,"CAUSABAS X85-X99, Y00-Y09, Y35 ou Y36; todas as idades; residência",final
29010,Jacobina,BA,Nordeste,2022,176,332964.0,52.85856729256016,96.05734767025089,Censo 2022 em 1º de agosto,"CAUSABAS X85-X99, Y00-Y09, Y35 ou Y36; todas as idades; residência",final
29011,Itaberaba,BA,Nordeste,2022,86,235358.0,36.540079368451465,82.61648745519713,Censo 2022 em 1º de agosto,"CAUSABAS X85-X99, Y00-Y09, Y35 ou Y36; todas as idades; residência",final
29012,Feira de Santana,BA,Nordeste,2022,622,1066578.0,58.317347629521706,97.4910394265233,Censo 2022 em 1º de agosto,"CAUSABAS X85-X99, Y00-Y09, Y35 ou Y36; todas as idades; residência",final
29013,Jeremoabo,BA,Nordeste,2022,25,98374.0,25.413218939963812,60.39426523297491,Censo 2022 em 1º de agosto,"CAUSABAS X85-X99, Y00-Y09, Y35 ou Y36; todas as idades; residência",final
29014,Euclides da Cunha,BA,Nordeste,2022,59,305964.0,19.283314376854793,44.80286738351254,Censo 2022 em 1º de agosto,"CAUSABAS X85-X99, Y00-Y09, Y35 ou Y36; todas as idades; residência",final
29015,Ribeira do Pombal,BA,Nordeste,2022,109,302369.0,36.04866901038135,81.54121863799283,Censo 2022 em 1º de agosto,"CAUSABAS X85-X99, Y00-Y09, Y35 ou Y36; todas as idades; residência",final
29016,Serrinha,BA,Nordeste,2022,166,425029.0,39.05615852094798,85.66308243727599,Censo 2022 em 1º de agosto,"CAUSABAS X85-X99, Y00-Y09, Y35 ou Y36; todas as idades; residência",final
29017,Alagoinhas,BA,Nordeste,2022,147,307051.0,47.87478301650214,93.01075268817205,Censo 2022 em 1º de agosto,"CAUSABAS X85-X99, Y00-Y09, Y35 ou Y36; todas as idades; residência",final
29018,Entre Rios,BA,Nordeste,2022,48,111956.0,42.87398620886777,89.42652329749104,Censo 2022 em 1º de agosto,"CAUSABAS X85-X99, Y00-Y09, Y35 ou Y36; todas as idades; residência",final
29019,Catu,BA,Nordeste,2022,104,204658.0,50.81648408564532,94.6236559139785,Censo 2022 em 1º de agosto,"CAUSABAS X85-X99, Y00-Y09, Y35 ou Y36; todas as idades; residência",final
29020,Santo Antônio de Jesus,BA,Nordeste,2022,302,541504.0,55.77059449237679,96.95340501792114,Censo 2022 em 1º de agosto,"CAUSABAS X85-X99, Y00-Y09, Y35 ou Y36; todas as idades; residência",final
29021,Salvador,BA,Nordeste,2022,2177,3299362.0,65.9824535773886,99.10394265232975,Censo 2022 em 1º de agosto,"CAUSABAS X85-X99, Y00-Y09, Y35 ou Y36; todas as idades; residência",final
29022,Boquira,BA,Nordeste,2022,21,180281.0,11.648482091845509,25.089605734767026,Censo 2022 em 1º de agosto,"CAUSABAS X85-X99, Y00-Y09, Y35 ou Y36; todas as idades; residência",final
29023,Seabra,BA,Nordeste,2022,61,267840.0,22.77479091995221,54.659498207885306,Censo 2022 em 1º de agosto,"CAUSABAS X85-X99, Y00-Y09, Y35 ou Y36; todas as idades; residência",final
29024,Jequié,BA,Nordeste,2022,251,503486.0,49.85242886594662,94.44444444444444,Censo 2022 em 1º de agosto,"CAUSABAS X85-X99, Y00-Y09, Y35 ou Y36; todas as idades; residência",final
29025,Livramento do Brumado,BA,Nordeste,2022,8,97239.0,8.227151657256861,14.516129032258064,Censo 2022 em 1º de agosto,"CAUSABAS X85-X99, Y00-Y09, Y35 ou Y36; todas as idades; residência",final
29026,Guanambi,BA,Nordeste,2022,39,379862.0,10.266886395585765,20.60931899641577,Censo 2022 em 1º de agosto,"CAUSABAS X85-X99, Y00-Y09, Y35 ou Y36; todas as idades; residência",final
29027,Brumado,BA,Nordeste,2022,23,232813.0,9.879173413855755,19.17562724014337,Censo 2022 em 1º de agosto,"CAUSABAS X85-X99, Y00-Y09, Y35 ou Y36; todas as idades; residência",final
29028,Vitória da Conquista,BA,Nordeste,2022,175,673040.0,26.001426363960537,61.46953405017921,Censo 2022 em 1º de agosto,"CAUSABAS X85-X99, Y00-Y09, Y35 ou Y36; todas as idades; residência",final
29029,Itapetinga,BA,Nordeste,2022,71,193411.0,36.709390882628185,82.97491039426524,Censo 2022 em 1º de agosto,"CAUSABAS X85-X99, Y00-Y09, Y35 ou Y36; todas as idades; residência",final
29030,Valença,BA,Nordeste,2022,162,262280.0,61.76605154796401,98.2078853046595,Censo 2022 em 1º de agosto,"CAUSABAS X85-X99, Y00-Y09, Y35 ou Y36; todas as idades; residência",final
29031,Ilhéus-Itabuna,BA,Nordeste,2022,562,948164.0,59.27244653878443,97.84946236559139,Censo 2022 em 1º de agosto,"CAUSABAS X85-X99, Y00-Y09, Y35 ou Y36; todas as idades; residência",final
29032,Porto Seguro,BA,Nordeste,2022,445,795608.0,55.932067048094034,97.1326164874552,Censo 2022 em 1º de agosto,"CAUSABAS X85-X99, Y00-Y09, Y35 ou Y36; todas as idades; residência",final
31001,Unaí,MG,Sudeste,2022,24,158524.0,15.13966339481719,34.05017921146953,Censo 2022 em 1º de agosto,"CAUSABAS X85-X99, Y00-Y09, Y35 ou Y36; todas as idades; residência",final
31002,Paracatu,MG,Sudeste,2022,40,231067.0,17.31099637767401,39.96415770609319,Censo 2022 em 1º de agosto,"CAUSABAS X85-X99, Y00-Y09, Y35 ou Y36; todas as idades; residência",final
31003,Januária,MG,Sudeste,2022,26,275228.0,9.446713270452134,18.45878136200717,Censo 2022 em 1º de agosto,"CAUSABAS X85-X99, Y00-Y09, Y35 ou Y36; todas as idades; residência",final
31004,Janaúba,MG,Sudeste,2022,46,249547.0,18.433401323197636,42.29390681003584,Censo 2022 em 1º de agosto,"CAUSABAS X85-X99, Y00-Y09, Y35 ou Y36; todas as idades; residência",final
31005,Salinas,MG,Sudeste,2022,18,211265.0,8.520105081296002,15.053763440860216,Censo 2022 em 1º de agosto,"CAUSABAS X85-X99, Y00-Y09, Y35 ou Y36; todas as idades; residência",final
31006,Pirapora,MG,Sudeste,2022,26,157167.0,16.542912952464576,37.992831541218635,Censo 2022 em 1º de agosto,"CAUSABAS X85-X99, Y00-Y09, Y35 ou Y36; todas as idades; residência",final
31007,Montes Claros,MG,Sudeste,2022,52,648189.0,8.022351505502254,13.440860215053764,Censo 2022 em 1º de agosto,"CAUSABAS X85-X99, Y00-Y09, Y35 ou Y36; todas as idades; residência",final
31008,Grão Mogol,MG,Sudeste,2022,1,37752.0,2.6488662852299214,0.7168458781362007,Censo 2022 em 1º de agosto,"CAUSABAS X85-X99, Y00-Y09, Y35 ou Y36; todas as idades; residência",final
31009,Bocaiúva,MG,Sudeste,2022,9,69325.0,12.982329606923908,29.032258064516128,Censo 2022 em 1º de agosto,"CAUSABAS X85-X99, Y00-Y09, Y35 ou Y36; todas as idades; residência",final
31010,Diamantina,MG,Sudeste,2022,16,83987.0,19.050567349708885,43.369175627240146,Censo 2022 em 1º de agosto,"CAUSABAS X85-X99, Y00-Y09, Y35 ou Y36; todas as idades; residência",final
31011,Capelinha,MG,Sudeste,2022,16,185048.0,8.646405257014397,15.591397849462366,Censo 2022 em 1º de agosto,"CAUSABAS X85-X99, Y00-Y09, Y35 ou Y36; todas as idades; residência",final
31012,Araçuaí,MG,Sudeste,2022,25,142786.0,17.508719342232432,40.14336917562724,Censo 2022 em 1º de agosto,"CAUSABAS X85-X99, Y00-Y09, Y35 ou Y36; todas as idades; residência",final
31013,Pedra Azul,MG,Sudeste,2022,31,79487.0,39.00008806471499,85.48387096774194,Censo 2022 em 1º de agosto,"CAUSABAS X85-X99, Y00-Y09, Y35 ou Y36; todas as idades; residência",final
31014,Almenara,MG,Sudeste,2022,30,176971.0,16.95192997722791,39.24731182795699,Censo 2022 em 1º de agosto,"CAUSABAS X85-X99, Y00-Y09, Y35 ou Y36; todas as idades; residência",final
31015,Teófilo Otoni,MG,Sudeste,2022,38,258882.0,14.67850217473598,32.795698924731184,Censo 2022 em 1º de agosto,"CAUSABAS X85-X99, Y00-Y09, Y35 ou Y36; todas as idades; residência",final
31016,Nanuque,MG,Sudeste,2022,48,108215.0,44.35614286374347,90.86021505376344,Censo 2022 em 1º de agosto,"CAUSABAS X85-X99, Y00-Y09, Y35 ou Y36; todas as idades; residência",final
31017,Ituiutaba,MG,Sudeste,2022,23,149127.0,15.423095750601837,34.946236559139784,Censo 2022 em 1º de agosto,"CAUSABAS X85-X99, Y00-Y09, Y35 ou Y36; todas as idades; residência",final
31018,Uberlândia,MG,Sudeste,2022,71,943191.0,7.527637562275298,11.469534050179211,Censo 2022 em 1º de agosto,"CAUSABAS X85-X99, Y00-Y09, Y35 ou Y36; todas as idades; residência",final
31019,Patrocínio,MG,Sudeste,2022,33,208633.0,15.817248469801038,36.200716845878134,Censo 2022 em 1º de agosto,"CAUSABAS X85-X99, Y00-Y09, Y35 ou Y36; todas as idades; residência",final
31020,Patos de Minas,MG,Sudeste,2022,45,288780.0,15.582796592561811,35.12544802867384,Censo 2022 em 1º de agosto,"CAUSABAS X85-X99, Y00-Y09, Y35 ou Y36; todas as idades; residência",final
31021,Frutal,MG,Sudeste,2022,24,190248.0,12.615112905260503,27.77777777777778,Censo 2022 em 1º de agosto,"CAUSABAS X85-X99, Y00-Y09, Y35 ou Y36; todas as idades; residência",final
31022,Uberaba,MG,Sudeste,2022,30,397390.0,7.549258914416568,11.827956989247312,Censo 2022 em 1º de agosto,"CAUSABAS X85-X99, Y00-Y09, Y35 ou Y36; todas as idades; residência",final
31023,Araxá,MG,Sudeste,2022,27,232073.0,11.634270251170967,24.910394265232974,Censo 2022 em 1º de agosto,"CAUSABAS X85-X99, Y00-Y09, Y35 ou Y36; todas as idades; residência",final
31024,Três Marias,MG,Sudeste,2022,24,99372.0,24.151672503320857,58.60215053763441,Censo 2022 em 1º de agosto,"CAUSABAS X85-X99, Y00-Y09, Y35 ou Y36; todas as idades; residência",final
31025,Curvelo,MG,Sudeste,2022,28,153850.0,18.199545011374717,41.577060931899645,Censo 2022 em 1º de agosto,"CAUSABAS X85-X99, Y00-Y09, Y35 ou Y36; todas as idades; residência",final
31026,Bom Despacho,MG,Sudeste,2022,18,178893.0,10.061880565477688,19.71326164874552,Censo 2022 em 1º de agosto,"CAUSABAS X85-X99, Y00-Y09, Y35 ou Y36; todas as idades; residência",final
31027,Sete Lagoas,MG,Sudeste,2022,81,421657.0,19.20992655167589,44.44444444444444,Censo 2022 em 1º de agosto,"CAUSABAS X85-X99, Y00-Y09, Y35 ou Y36; todas as idades; residência",final
31028,Conceição do Mato Dentro,MG,Sudeste,2022,7,89294.0,7.839272515510561,12.724014336917563,Censo 2022 em 1º de agosto,"CAUSABAS X85-X99, Y00-Y09, Y35 ou Y36; todas as idades; residência",final
31029,Pará de Minas,MG,Sudeste,2022,14,139374.0,10.044915120467232,19.53405017921147,Censo 2022 em 1º de agosto,"CAUSABAS X85-X99, Y00-Y09, Y35 ou Y36; todas as idades; residência",final
31030,Belo Horizonte,MG,Sudeste,2022,673,5001545.0,13.455842144777264,30.107526881720432,Censo 2022 em 1º de agosto,"CAUSABAS X85-X99, Y00-Y09, Y35 ou Y36; todas as idades; residência",final
31031,Itabira,MG,Sudeste,2022,49,394866.0,12.40927301920145,27.240143369175627,Censo 2022 em 1º de agosto,"CAUSABAS X85-X99, Y00-Y09, Y35 ou Y36; todas as idades; residência",final
31032,Itaguara,MG,Sudeste,2022,10,70216.0,14.241768257946907,31.72043010752688,Censo 2022 em 1º de agosto,"CAUSABAS X85-X99, Y00-Y09, Y35 ou Y36; todas as idades; residência",final
31033,Ouro Preto,MG,Sudeste,2022,22,193122.0,11.391762719938692,23.476702508960575,Censo 2022 em 1º de agosto,"CAUSABAS X85-X99, Y00-Y09, Y35 ou Y36; todas as idades; residência",final
31034,Conselheiro Lafaiete,MG,Sudeste,2022,25,270495.0,9.242315015064973,17.921146953405017,Censo 2022 em 1º de agosto,"CAUSABAS X85-X99, Y00-Y09, Y35 ou Y36; todas as idades; residência",final
31035,Guanhães,MG,Sudeste,2022,10,124659.0,8.021883698730136,13.261648745519713,Censo 2022 em 1º de agosto,"CAUSABAS X85-X99, Y00-Y09, Y35 ou Y36; todas as idades; residência",final
31036,Peçanha,MG,Sudeste,2022,10,75835.0,13.18652337311268,29.74910394265233,Censo 2022 em 1º de agosto,"CAUSABAS X85-X99, Y00-Y09, Y35 ou Y36; todas as idades; residência",final
31037,Governador Valadares,MG,Sudeste,2022,129,400216.0,32.23259439902453,76.88172043010752,Censo 2022 em 1º de agosto,"CAUSABAS X85-X99, Y00-Y09, Y35 ou Y36; todas as idades; residência",final
31038,Mantena,MG,Sudeste,2022,14,60356.0,23.19570548081384,56.272401433691755,Censo 2022 em 1º de agosto,"CAUSABAS X85-X99, Y00-Y09, Y35 ou Y36; todas as idades; residência",final
31039,Ipatinga,MG,Sudeste,2022,100,530845.0,18.83789053301811,43.01075268817204,Censo 2022 em 1º de agosto,"CAUSABAS X85-X99, Y00-Y09, Y35 ou Y36; todas as idades; residência",final
31040,Caratinga,MG,Sudeste,2022,39,258601.0,15.08114817808129,33.691756272401435,Censo 2022 em 1º de agosto,"CAUSABAS X85-X99, Y00-Y09, Y35 ou Y36; todas as idades; residência",final
31041,Aimorés,MG,Sudeste,2022,33,149291.0,22.104480511216348,51.971326164874554,Censo 2022 em 1º de agosto,"CAUSABAS X85-X99, Y00-Y09, Y35 ou Y36; todas as idades; residência",final
31042,Piuí,MG,Sudeste,2022,3,85732.0,3.4992768161246675,1.2544802867383513,Censo 2022 em 1º de agosto,"CAUSABAS X85-X99, Y00-Y09, Y35 ou Y36; todas as idades; residência",final
31043,Divinópolis,MG,Sudeste,2022,103,564343.0,18.25131170228035,42.11469534050179,Censo 2022 em 1º de agosto,"CAUSABAS X85-X99, Y00-Y09, Y35 ou Y36; todas as idades; residência",final
31044,Formiga,MG,Sudeste,2022,7,160498.0,4.3614250644867845,3.4050179211469533,Censo 2022 em 1º de agosto,"CAUSABAS X85-X99, Y00-Y09, Y35 ou Y36; todas as idades; residência",final
31045,Campo Belo,MG,Sudeste,2022,12,113702.0,10.553904065012048,21.14695340501792,Censo 2022 em 1º de agosto,"CAUSABAS X85-X99, Y00-Y09, Y35 ou Y36; todas as idades; residência",final
31046,Oliveira,MG,Sudeste,2022,9,126778.0,7.099023489879948,10.394265232974911,Censo 2022 em 1º de agosto,"CAUSABAS X85-X99, Y00-Y09, Y35 ou Y36; todas as idades; residência",final
31047,Passos,MG,Sudeste,2022,14,234543.0,5.969054714913683,7.885304659498208,Censo 2022 em 1º de agosto,"CAUSABAS X85-X99, Y00-Y09, Y35 ou Y36; todas as idades; residência",final
31048,São Sebastião do Paraíso,MG,Sudeste,2022,16,275632.0,5.804841237592152,6.810035842293907,Censo 2022 em 1º de agosto,"CAUSABAS X85-X99, Y00-Y09, Y35 ou Y36; todas as idades; residência",final
31049,Alfenas,MG,Sudeste,2022,15,233279.0,6.430068716001012,8.78136200716846,Censo 2022 em 1º de agosto,"CAUSABAS X85-X99, Y00-Y09, Y35 ou Y36; todas as idades; residência",final
31050,Varginha,MG,Sudeste,2022,37,460539.0,8.034064433196754,13.620071684587813,Censo 2022 em 1º de agosto,"CAUSABAS X85-X99, Y00-Y09, Y35 ou Y36; todas as idades; residência",final
31051,Poços de Caldas,MG,Sudeste,2022,23,363765.0,6.322763322474675,8.602150537634408,Censo 2022 em 1º de agosto,"CAUSABAS X85-X99, Y00-Y09, Y35 ou Y36; todas as idades; residência",final
31052,Pouso Alegre,MG,Sudeste,2022,27,395394.0,6.828631693955902,9.67741935483871,Censo 2022 em 1º de agosto,"CAUSABAS X85-X99, Y00-Y09, Y35 ou Y36; todas as idades; residência",final
31053,Santa Rita do Sapucaí,MG,Sudeste,2022,8,146278.0,5.469038406322208,5.913978494623656,Censo 2022 em 1º de agosto,"CAUSABAS X85-X99, Y00-Y09, Y35 ou Y36; todas as idades; residência",final
31054,São Lourenço,MG,Sudeste,2022,14,213743.0,6.549922102712135,8.960573476702509,Censo 2022 em 1º de agosto,"CAUSABAS X85-X99, Y00-Y09, Y35 ou Y36; todas as idades; residência",final
31055,Andrelândia,MG,Sudeste,2022,8,74314.0,10.765131738299647,22.043010752688172,Censo 2022 em 1º de agosto,"CAUSABAS X85-X99, Y00-Y09, Y35 ou Y36; todas as idades; residência",final
31056,Itajubá,MG,Sudeste,2022,10,194620.0,5.13821806597472,4.838709677419355,Censo 2022 em 1º de agosto,"CAUSABAS X85-X99, Y00-Y09, Y35 ou Y36; todas as idades; residência",final
31057,Lavras,MG,Sudeste,2022,7,163932.0,4.270063196935315,2.867383512544803,Censo 2022 em 1º de agosto,"CAUSABAS X85-X99, Y00-Y09, Y35 ou Y36; todas as idades; residência",final
31058,São João Del Rei,MG,Sudeste,2022,7,192475.0,3.6368359527211327,1.971326164874552,Censo 2022 em 1º de agosto,"CAUSABAS X85-X99, Y00-Y09, Y35 ou Y36; todas as idades; residência",final
31059,Barbacena,MG,Sudeste,2022,13,221862.0,5.859498246657832,7.347670250896058,Censo 2022 em 1º de agosto,"CAUSABAS X85-X99, Y00-Y09, Y35 ou Y36; todas as idades; residência",final
31060,Ponte Nova,MG,Sudeste,2022,22,183685.0,11.977025886708223,26.344086021505376,Censo 2022 em 1º de agosto,"CAUSABAS X85-X99, Y00-Y09, Y35 ou Y36; todas as idades; residência",final
31061,Manhuaçu,MG,Sudeste,2022,61,297532.0,20.501996423914065,47.4910394265233,Censo 2022 em 1º de agosto,"CAUSABAS X85-X99, Y00-Y09, Y35 ou Y36; todas as idades; residência",final
31062,Viçosa,MG,Sudeste,2022,52,223018.0,23.31650360060623,56.630824372759854,Censo 2022 em 1º de agosto,"CAUSABAS X85-X99, Y00-Y09, Y35 ou Y36; todas as idades; residência",final
31063,Muriaé,MG,Sudeste,2022,26,280723.0,9.26179899758837,18.100358422939067,Censo 2022 em 1º de agosto,"CAUSABAS X85-X99, Y00-Y09, Y35 ou Y36; todas as idades; residência",final
31064,Ubá,MG,Sudeste,2022,68,277109.0,24.539080289705495,59.49820788530466,Censo 2022 em 1º de agosto,"CAUSABAS X85-X99, Y00-Y09, Y35 ou Y36; todas as idades; residência",final
31065,Juiz de Fora,MG,Sudeste,2022,108,752889.0,14.344744045935059,32.07885304659498,Censo 2022 em 1º de agosto,"CAUSABAS X85-X99, Y00-Y09, Y35 ou Y36; todas as idades; residência",final
31066,Cataguases,MG,Sudeste,2022,19,208235.0,9.124306672749539,17.204301075268816,Censo 2022 em 1º de agosto,"CAUSABAS X85-X99, Y00-Y09, Y35 ou Y36; todas as idades; residência",final
32001,Barra de São Francisco,ES,Sudeste,2022,23,89302.0,25.755302232872722,60.93189964157706,Censo 2022 em 1º de agosto,"CAUSABAS X85-X99, Y00-Y09, Y35 ou Y36; todas as idades; residência",final
32002,Nova Venécia,ES,Sudeste,2022,43,127275.0,33.78511098016107,78.49462365591398,Censo 2022 em 1º de agosto,"CAUSABAS X85-X99, Y00-Y09, Y35 ou Y36; todas as idades; residência",final
32003,Colatina,ES,Sudeste,2022,43,209019.0,20.57229247101938,47.8494623655914,Censo 2022 em 1º de agosto,"CAUSABAS X85-X99, Y00-Y09, Y35 ou Y36; todas as idades; residência",final
32004,Montanha,ES,Sudeste,2022,16,54778.0,29.208806455146227,71.14695340501792,Censo 2022 em 1º de agosto,"CAUSABAS X85-X99, Y00-Y09, Y35 ou Y36; todas as idades; residência",final
32005,São Mateus,ES,Sudeste,2022,93,201663.0,46.116540961901784,92.1146953405018,Censo 2022 em 1º de agosto,"CAUSABAS X85-X99, Y00-Y09, Y35 ou Y36; todas as idades; residência",final
32006,Linhares,ES,Sudeste,2022,113,351143.0,32.180621570129546,76.70250896057348,Censo 2022 em 1º de agosto,"CAUSABAS X85-X99, Y00-Y09, Y35 ou Y36; todas as idades; residência",final
32007,Afonso Cláudio,ES,Sudeste,2022,17,143588.0,11.839429478786528,25.627240143369175,Censo 2022 em 1º de agosto,"CAUSABAS X85-X99, Y00-Y09, Y35 ou Y36; todas as idades; residência",final
32008,Santa Teresa,ES,Sudeste,2022,16,112622.0,14.206815719841593,31.36200716845878,Censo 2022 em 1º de agosto,"CAUSABAS X85-X99, Y00-Y09, Y35 ou Y36; todas as idades; residência",final
32009,Vitória,ES,Sudeste,2022,598,1738158.0,34.40423712919079,79.03225806451613,Censo 2022 em 1º de agosto,"CAUSABAS X85-X99, Y00-Y09, Y35 ou Y36; todas as idades; residência",final
32010,Guarapari,ES,Sudeste,2022,50,214171.0,23.345831134934233,56.81003584229391,Censo 2022 em 1º de agosto,"CAUSABAS X85-X99, Y00-Y09, Y35 ou Y36; todas as idades; residência",final
32011,Alegre,ES,Sudeste,2022,34,165567.0,20.53549318402822,47.67025089605735,Censo 2022 em 1º de agosto,"CAUSABAS X85-X99, Y00-Y09, Y35 ou Y36; todas as idades; residência",final
32012,Cachoeiro de Itapemirim,ES,Sudeste,2022,56,330969.0,16.920013656868164,39.06810035842294,Censo 2022 em 1º de agosto,"CAUSABAS X85-X99, Y00-Y09, Y35 ou Y36; todas as idades; residência",final
32013,Itapemirim,ES,Sudeste,2022,22,95457.0,23.04702640979708,55.376344086021504,Censo 2022 em 1º de agosto,"CAUSABAS X85-X99, Y00-Y09, Y35 ou Y36; todas as idades; residência",final
33001,Itaperuna,RJ,Sudeste,2022,49,200192.0,24.47650255754476,59.318996415770606,Censo 2022 em 1º de agosto,"CAUSABAS X85-X99, Y00-Y09, Y35 ou Y36; todas as idades; residência",final
33002,Santo Antônio de Pádua,RJ,Sudeste,2022,22,123845.0,17.764140659695588,40.681003584229394,Censo 2022 em 1º de agosto,"CAUSABAS X85-X99, Y00-Y09, Y35 ou Y36; todas as idades; residência",final
33003,Campos dos Goytacazes,RJ,Sudeste,2022,170,617091.0,27.548611144871664,65.23297491039426,Censo 2022 em 1º de agosto,"CAUSABAS X85-X99, Y00-Y09, Y35 ou Y36; todas as idades; residência",final
33004,Macaé,RJ,Sudeste,2022,123,303735.0,40.4958269544175,87.63440860215054,Censo 2022 em 1º de agosto,"CAUSABAS X85-X99, Y00-Y09, Y35 ou Y36; todas as idades; residência",final
33005,Três Rios,RJ,Sudeste,2022,35,158707.0,22.05321756444265,51.61290322580645,Censo 2022 em 1º de agosto,"CAUSABAS X85-X99, Y00-Y09, Y35 ou Y36; todas as idades; residência",final
33006,Cantagalo-Cordeiro,RJ,Sudeste,2022,3,62786.0,4.7781352530818975,3.942652329749104,Censo 2022 em 1º de agosto,"CAUSABAS X85-X99, Y00-Y09, Y35 ou Y36; todas as idades; residência",final
33007,Nova Friburgo,RJ,Sudeste,2022,21,244227.0,8.598557899003795,15.412186379928315,Censo 2022 em 1º de agosto,"CAUSABAS X85-X99, Y00-Y09, Y35 ou Y36; todas as idades; residência",final
33008,Santa Maria Madalena,RJ,Sudeste,2022,2,28284.0,7.0711356243812755,10.21505376344086,Censo 2022 em 1º de agosto,"CAUSABAS X85-X99, Y00-Y09, Y35 ou Y36; todas as idades; residência",final
33009,Bacia de São João,RJ,Sudeste,2022,65,223953.0,29.02394698887713,70.07168458781362,Censo 2022 em 1º de agosto,"CAUSABAS X85-X99, Y00-Y09, Y35 ou Y36; todas as idades; residência",final
33010,Lagos,RJ,Sudeste,2022,182,644332.0,28.246307804051327,67.74193548387096,Censo 2022 em 1º de agosto,"CAUSABAS X85-X99, Y00-Y09, Y35 ou Y36; todas as idades; residência",final
33011,Vale do Paraíba Fluminense,RJ,Sudeste,2022,195,695205.0,28.04928042807517,66.48745519713262,Censo 2022 em 1º de agosto,"CAUSABAS X85-X99, Y00-Y09, Y35 ou Y36; todas as idades; residência",final
33012,Barra do Piraí,RJ,Sudeste,2022,28,169925.0,16.4778578784758,37.81362007168459,Censo 2022 em 1º de agosto,"CAUSABAS X85-X99, Y00-Y09, Y35 ou Y36; todas as idades; residência",final
33013,Baía da Ilha Grande,RJ,Sudeste,2022,89,212677.0,41.84749643826083,88.88888888888889,Censo 2022 em 1º de agosto,"CAUSABAS X85-X99, Y00-Y09, Y35 ou Y36; todas as idades; residência",final
33014,Vassouras,RJ,Sudeste,2022,18,161296.0,11.1596071818272,22.939068100358423,Censo 2022 em 1º de agosto,"CAUSABAS X85-X99, Y00-Y09, Y35 ou Y36; todas as idades; residência",final
33015,Serrana,RJ,Sudeste,2022,59,466084.0,12.65866238703753,28.136200716845877,Censo 2022 em 1º de agosto,"CAUSABAS X85-X99, Y00-Y09, Y35 ou Y36; todas as idades; residência",final
33016,Macacu-Caceribu,RJ,Sudeste,2022,23,113219.0,20.314611505136064,46.95340501792115,Censo 2022 em 1º de agosto,"CAUSABAS X85-X99, Y00-Y09, Y35 ou Y36; todas as idades; residência",final
33017,Itaguaí,RJ,Sudeste,2022,53,238657.0,22.20760338058385,52.68817204301075,Censo 2022 em 1º de agosto,"CAUSABAS X85-X99, Y00-Y09, Y35 ou Y36; todas as idades; residência",final
33018,Rio de Janeiro,RJ,Sudeste,2022,2523,11390959.0,22.149144773499756,52.5089605734767,Censo 2022 em 1º de agosto,"CAUSABAS X85-X99, Y00-Y09, Y35 ou Y36; todas as idades; residência",final
35001,Jales,SP,Sudeste,2022,9,159262.0,5.651065539802338,6.451612903225806,Censo 2022 em 1º de agosto,"CAUSABAS X85-X99, Y00-Y09, Y35 ou Y36; todas as idades; residência",final
35002,Fernandópolis,SP,Sudeste,2022,5,115597.0,4.325371765703262,3.225806451612903,Censo 2022 em 1º de agosto,"CAUSABAS X85-X99, Y00-Y09, Y35 ou Y36; todas as idades; residência",final
35003,Votuporanga,SP,Sudeste,2022,18,156169.0,11.525975065473942,24.193548387096776,Censo 2022 em 1º de agosto,"CAUSABAS X85-X99, Y00-Y09, Y35 ou Y36; todas as idades; residência",final
35004,São José do Rio Preto,SP,Sudeste,2022,101,891869.0,11.324533087258331,23.29749103942652,Censo 2022 em 1º de agosto,"CAUSABAS X85-X99, Y00-Y09, Y35 ou Y36; todas as idades; residência",final
35005,Catanduva,SP,Sudeste,2022,13,219610.0,5.919584718364373,7.706093189964157,Censo 2022 em 1º de agosto,"CAUSABAS X85-X99, Y00-Y09, Y35 ou Y36; todas as idades; residência",final
35006,Auriflama,SP,Sudeste,2022,5,43145.0,11.588828369451848,24.731182795698924,Censo 2022 em 1º de agosto,"CAUSABAS X85-X99, Y00-Y09, Y35 ou Y36; todas as idades; residência",final
35007,Nhandeara,SP,Sudeste,2022,2,66324.0,3.0154996682950364,1.075268817204301,Censo 2022 em 1º de agosto,"CAUSABAS X85-X99, Y00-Y09, Y35 ou Y36; todas as idades; residência",final
35008,Novo Horizonte,SP,Sudeste,2022,5,85653.0,5.8375071509462595,7.168458781362007,Censo 2022 em 1º de agosto,"CAUSABAS X85-X99, Y00-Y09, Y35 ou Y36; todas as idades; residência",final
35009,Barretos,SP,Sudeste,2022,17,147600.0,11.517615176151761,24.014336917562723,Censo 2022 em 1º de agosto,"CAUSABAS X85-X99, Y00-Y09, Y35 ou Y36; todas as idades; residência",final
35010,São Joaquim da Barra,SP,Sudeste,2022,12,213007.0,5.633617674536517,6.272401433691757,Censo 2022 em 1º de agosto,"CAUSABAS X85-X99, Y00-Y09, Y35 ou Y36; todas as idades; residência",final
35011,Ituverava,SP,Sudeste,2022,8,92165.0,8.680084630825151,15.770609318996415,Censo 2022 em 1º de agosto,"CAUSABAS X85-X99, Y00-Y09, Y35 ou Y36; todas as idades; residência",final
35012,Franca,SP,Sudeste,2022,28,424174.0,6.60106465742832,9.13978494623656,Censo 2022 em 1º de agosto,"CAUSABAS X85-X99, Y00-Y09, Y35 ou Y36; todas as idades; residência",final
35013,Jaboticabal,SP,Sudeste,2022,33,411456.0,8.020298646756883,13.082437275985663,Censo 2022 em 1º de agosto,"CAUSABAS X85-X99, Y00-Y09, Y35 ou Y36; todas as idades; residência",final
35014,Ribeirão Preto,SP,Sudeste,2022,114,1163467.0,9.798301112107175,18.996415770609318,Censo 2022 em 1º de agosto,"CAUSABAS X85-X99, Y00-Y09, Y35 ou Y36; todas as idades; residência",final
35015,Batatais,SP,Sudeste,2022,4,110740.0,3.6120642947444463,1.7921146953405018,Censo 2022 em 1º de agosto,"CAUSABAS X85-X99, Y00-Y09, Y35 ou Y36; todas as idades; residência",final
35016,Andradina,SP,Sudeste,2022,20,187916.0,10.643053279124715,21.684587813620073,Censo 2022 em 1º de agosto,"CAUSABAS X85-X99, Y00-Y09, Y35 ou Y36; todas as idades; residência",final
35017,Araçatuba,SP,Sudeste,2022,39,278782.0,13.989425429188397,31.003584229390682,Censo 2022 em 1º de agosto,"CAUSABAS X85-X99, Y00-Y09, Y35 ou Y36; todas as idades; residência",final
35018,Birigui,SP,Sudeste,2022,27,271022.0,9.962290884134868,19.35483870967742,Censo 2022 em 1º de agosto,"CAUSABAS X85-X99, Y00-Y09, Y35 ou Y36; todas as idades; residência",final
35019,Lins,SP,Sudeste,2022,18,162913.0,11.04884201997385,22.580645161290324,Censo 2022 em 1º de agosto,"CAUSABAS X85-X99, Y00-Y09, Y35 ou Y36; todas as idades; residência",final
35020,Bauru,SP,Sudeste,2022,47,609546.0,7.710656783901461,12.365591397849462,Censo 2022 em 1º de agosto,"CAUSABAS X85-X99, Y00-Y09, Y35 ou Y36; todas as idades; residência",final
35021,Jaú,SP,Sudeste,2022,15,353191.0,4.246993836196279,2.6881720430107525,Censo 2022 em 1º de agosto,"CAUSABAS X85-X99, Y00-Y09, Y35 ou Y36; todas as idades; residência",final
35022,Avaré,SP,Sudeste,2022,6,199991.0,3.0001350060752734,0.8960573476702509,Censo 2022 em 1º de agosto,"CAUSABAS X85-X99, Y00-Y09, Y35 ou Y36; todas as idades; residência",final
35023,Botucatu,SP,Sudeste,2022,8,226089.0,3.5384295565020856,1.4336917562724014,Censo 2022 em 1º de agosto,"CAUSABAS X85-X99, Y00-Y09, Y35 ou Y36; todas as idades; residência",final
35024,Araraquara,SP,Sudeste,2022,29,540514.0,5.365263434434631,5.734767025089606,Censo 2022 em 1º de agosto,"CAUSABAS X85-X99, Y00-Y09, Y35 ou Y36; todas as idades; residência",final
35025,São Carlos,SP,Sudeste,2022,59,342465.0,17.228037901683383,39.784946236559136,Censo 2022 em 1º de agosto,"CAUSABAS X85-X99, Y00-Y09, Y35 ou Y36; todas as idades; residência",final
35026,Rio Claro,SP,Sudeste,2022,50,261825.0,19.096724911677647,43.727598566308245,Censo 2022 em 1º de agosto,"CAUSABAS X85-X99, Y00-Y09, Y35 ou Y36; todas as idades; residência",final
35027,Limeira,SP,Sudeste,2022,63,623366.0,10.106422230278842,19.892473118279568,Censo 2022 em 1º de agosto,"CAUSABAS X85-X99, Y00-Y09, Y35 ou Y36; todas as idades; residência",final
35028,Piracicaba,SP,Sudeste,2022,53,628100.0,8.438146791912116,14.874551971326165,Censo 2022 em 1º de agosto,"CAUSABAS X85-X99, Y00-Y09, Y35 ou Y36; todas as idades; residência",final
35029,Pirassununga,SP,Sudeste,2022,14,187130.0,7.481430021909902,11.290322580645162,Censo 2022 em 1º de agosto,"CAUSABAS X85-X99, Y00-Y09, Y35 ou Y36; todas as idades; residência",final
35030,São João da Boa Vista,SP,Sudeste,2022,17,413957.0,4.106706735240617,2.5089605734767026,Censo 2022 em 1º de agosto,"CAUSABAS X85-X99, Y00-Y09, Y35 ou Y36; todas as idades; residência",final
35031,Mogi Mirim,SP,Sudeste,2022,39,423799.0,9.202475701924733,17.38351254480287,Censo 2022 em 1º de agosto,"CAUSABAS X85-X99, Y00-Y09, Y35 ou Y36; todas as idades; residência",final
35032,Campinas,SP,Sudeste,2022,274,2966724.0,9.23577656701466,17.741935483870968,Censo 2022 em 1º de agosto,"CAUSABAS X85-X99, Y00-Y09, Y35 ou Y36; todas as idades; residência",final
35033,Amparo,SP,Sudeste,2022,10,193376.0,5.171272546748304,5.197132616487456,Censo 2022 em 1º de agosto,"CAUSABAS X85-X99, Y00-Y09, Y35 ou Y36; todas as idades; residência",final
35034,Dracena,SP,Sudeste,2022,11,124050.0,8.86739218057235,16.308243727598565,Censo 2022 em 1º de agosto,"CAUSABAS X85-X99, Y00-Y09, Y35 ou Y36; todas as idades; residência",final
35035,Adamantina,SP,Sudeste,2022,7,159254.0,4.395493990731787,3.5842293906810037,Censo 2022 em 1º de agosto,"CAUSABAS X85-X99, Y00-Y09, Y35 ou Y36; todas as idades; residência",final
35036,Presidente Prudente,SP,Sudeste,2022,62,590338.0,10.502457913940827,20.967741935483872,Censo 2022 em 1º de agosto,"CAUSABAS X85-X99, Y00-Y09, Y35 ou Y36; todas as idades; residência",final
35037,Tupã,SP,Sudeste,2022,6,113034.0,5.308137374595255,5.555555555555555,Censo 2022 em 1º de agosto,"CAUSABAS X85-X99, Y00-Y09, Y35 ou Y36; todas as idades; residência",final
35038,Marília,SP,Sudeste,2022,18,348910.0,5.158923504628701,5.017921146953405,Censo 2022 em 1º de agosto,"CAUSABAS X85-X99, Y00-Y09, Y35 ou Y36; todas as idades; residência",final
35039,Assis,SP,Sudeste,2022,24,269198.0,8.91537084227966,16.666666666666668,Censo 2022 em 1º de agosto,"CAUSABAS X85-X99, Y00-Y09, Y35 ou Y36; todas as idades; residência",final
35040,Ourinhos,SP,Sudeste,2022,17,300750.0,5.652535328345802,6.630824372759856,Censo 2022 em 1º de agosto,"CAUSABAS X85-X99, Y00-Y09, Y35 ou Y36; todas as idades; residência",final
35041,Itapeva,SP,Sudeste,2022,18,243172.0,7.402168012764627,11.11111111111111,Censo 2022 em 1º de agosto,"CAUSABAS X85-X99, Y00-Y09, Y35 ou Y36; todas as idades; residência",final
35042,Itapetininga,SP,Sudeste,2022,10,208920.0,4.786521156423511,4.121863799283154,Censo 2022 em 1º de agosto,"CAUSABAS X85-X99, Y00-Y09, Y35 ou Y36; todas as idades; residência",final
35043,Tatuí,SP,Sudeste,2022,20,299666.0,6.674097161506477,9.31899641577061,Censo 2022 em 1º de agosto,"CAUSABAS X85-X99, Y00-Y09, Y35 ou Y36; todas as idades; residência",final
35044,Capão Bonito,SP,Sudeste,2022,11,134155.0,8.199470761432671,14.157706093189963,Censo 2022 em 1º de agosto,"CAUSABAS X85-X99, Y00-Y09, Y35 ou Y36; todas as idades; residência",final
35045,Piedade,SP,Sudeste,2022,20,196229.0,10.192173430023086,20.43010752688172,Censo 2022 em 1º de agosto,"CAUSABAS X85-X99, Y00-Y09, Y35 ou Y36; todas as idades; residência",final
35046,Sorocaba,SP,Sudeste,2022,105,1571891.0,6.67985248341011,9.498207885304659,Censo 2022 em 1º de agosto,"CAUSABAS X85-X99, Y00-Y09, Y35 ou Y36; todas as idades; residência",final
35047,Jundiaí,SP,Sudeste,2022,52,759087.0,6.8503346783702,9.85663082437276,Censo 2022 em 1º de agosto,"CAUSABAS X85-X99, Y00-Y09, Y35 ou Y36; todas as idades; residência",final
35048,Bragança Paulista,SP,Sudeste,2022,37,604660.0,6.119141335626633,8.243727598566307,Censo 2022 em 1º de agosto,"CAUSABAS X85-X99, Y00-Y09, Y35 ou Y36; todas as idades; residência",final
35049,Campos do Jordão,SP,Sudeste,2022,1,69919.0,1.430226404839886,0.35842293906810035,Censo 2022 em 1º de agosto,"CAUSABAS X85-X99, Y00-Y09, Y35 ou Y36; todas as idades; residência",final
35050,São José dos Campos,SP,Sudeste,2022,146,1585451.0,9.208736189260973,17.56272401433692,Censo 2022 em 1º de agosto,"CAUSABAS X85-X99, Y00-Y09, Y35 ou Y36; todas as idades; residência",final
35051,Guaratinguetá,SP,Sudeste,2022,114,406968.0,28.01203042991095,66.30824372759857,Censo 2022 em 1º de agosto,"CAUSABAS X85-X99, Y00-Y09, Y35 ou Y36; todas as idades; residência",final
35052,Bananal,SP,Sudeste,2022,1,25915.0,3.8587690526721974,2.3297491039426523,Censo 2022 em 1º de agosto,"CAUSABAS X85-X99, Y00-Y09, Y35 ou Y36; todas as idades; residência",final
35053,Paraibuna/Paraitinga,SP,Sudeste,2022,6,73087.0,8.209394283525114,14.336917562724015,Censo 2022 em 1º de agosto,"CAUSABAS X85-X99, Y00-Y09, Y35 ou Y36; todas as idades; residência",final
35054,Caraguatatuba,SP,Sudeste,2022,73,344383.0,21.19732971720439,48.924731182795696,Censo 2022 em 1º de agosto,"CAUSABAS X85-X99, Y00-Y09, Y35 ou Y36; todas as idades; residência",final
35055,Registro,SP,Sudeste,2022,31,246997.0,12.55075972582663,27.59856630824373,Censo 2022 em 1º de agosto,"CAUSABAS X85-X99, Y00-Y09, Y35 ou Y36; todas as idades; residência",final
35056,Itanhaém,SP,Sudeste,2022,32,269588.0,11.869964538480941,25.985663082437277,Censo 2022 em 1º de agosto,"CAUSABAS X85-X99, Y00-Y09, Y35 ou Y36; todas as idades; residência",final
35057,Osasco,SP,Sudeste,2022,176,2047578.0,8.595521147423932,15.232974910394265,Censo 2022 em 1º de agosto,"CAUSABAS X85-X99, Y00-Y09, Y35 ou Y36; todas as idades; residência",final
35058,Franco da Rocha,SP,Sudeste,2022,44,498873.0,8.819880009541507,16.129032258064516,Censo 2022 em 1º de agosto,"CAUSABAS X85-X99, Y00-Y09, Y35 ou Y36; todas as idades; residência",final
35059,Guarulhos,SP,Sudeste,2022,87,1431623.0,6.077018879970495,8.064516129032258,Censo 2022 em 1º de agosto,"CAUSABAS X85-X99, Y00-Y09, Y35 ou Y36; todas as idades; residência",final
35060,Itapecerica da Serra,SP,Sudeste,2022,82,1118024.0,7.3343684929840505,10.931899641577061,Censo 2022 em 1º de agosto,"CAUSABAS X85-X99, Y00-Y09, Y35 ou Y36; todas as idades; residência",final
35061,São Paulo,SP,Sudeste,2022,502,14148529.0,3.5480720292547727,1.6129032258064515,Censo 2022 em 1º de agosto,"CAUSABAS X85-X99, Y00-Y09, Y35 ou Y36; todas as idades; residência",final
35062,Mogi das Cruzes,SP,Sudeste,2022,92,1487293.0,6.185734754349008,8.422939068100359,Censo 2022 em 1º de agosto,"CAUSABAS X85-X99, Y00-Y09, Y35 ou Y36; todas as idades; residência",final
35063,Santos,SP,Sudeste,2022,165,1562752.0,10.558297157834385,21.32616487455197,Censo 2022 em 1º de agosto,"CAUSABAS X85-X99, Y00-Y09, Y35 ou Y36; todas as idades; residência",final
41001,Paranavaí,PR,Sul,2022,69,282375.0,24.43559096945551,58.96057347670251,Censo 2022 em 1º de agosto,"CAUSABAS X85-X99, Y00-Y09, Y35 ou Y36; todas as idades; residência",final
41002,Umuarama,PR,Sul,2022,62,289984.0,21.38048995806665,49.2831541218638,Censo 2022 em 1º de agosto,"CAUSABAS X85-X99, Y00-Y09, Y35 ou Y36; todas as idades; residência",final
41003,Cianorte,PR,Sul,2022,31,153870.0,20.146877234028725,46.415770609319,Censo 2022 em 1º de agosto,"CAUSABAS X85-X99, Y00-Y09, Y35 ou Y36; todas as idades; residência",final
41004,Goioerê,PR,Sul,2022,27,115482.0,23.380267054605913,56.98924731182796,Censo 2022 em 1º de agosto,"CAUSABAS X85-X99, Y00-Y09, Y35 ou Y36; todas as idades; residência",final
41005,Campo Mourão,PR,Sul,2022,54,226449.0,23.84642899725766,57.88530465949821,Censo 2022 em 1º de agosto,"CAUSABAS X85-X99, Y00-Y09, Y35 ou Y36; todas as idades; residência",final
41006,Astorga,PR,Sul,2022,47,202241.0,23.239600278875205,56.45161290322581,Censo 2022 em 1º de agosto,"CAUSABAS X85-X99, Y00-Y09, Y35 ou Y36; todas as idades; residência",final
41007,Porecatu,PR,Sul,2022,12,79916.0,15.015766554882626,33.51254480286738,Censo 2022 em 1º de agosto,"CAUSABAS X85-X99, Y00-Y09, Y35 ou Y36; todas as idades; residência",final
41008,Floraí,PR,Sul,2022,7,38751.0,18.064049960001032,41.21863799283154,Censo 2022 em 1º de agosto,"CAUSABAS X85-X99, Y00-Y09, Y35 ou Y36; todas as idades; residência",final
41009,Maringá,PR,Sul,2022,112,652641.0,17.161042594627062,39.60573476702509,Censo 2022 em 1º de agosto,"CAUSABAS X85-X99, Y00-Y09, Y35 ou Y36; todas as idades; residência",final
41010,Apucarana,PR,Sul,2022,66,318857.0,20.69893400489875,48.028673835125446,Censo 2022 em 1º de agosto,"CAUSABAS X85-X99, Y00-Y09, Y35 ou Y36; todas as idades; residência",final
41011,Londrina,PR,Sul,2022,159,800199.0,19.870057323240843,46.236559139784944,Censo 2022 em 1º de agosto,"CAUSABAS X85-X99, Y00-Y09, Y35 ou Y36; todas as idades; residência",final
41012,Faxinal,PR,Sul,2022,9,46075.0,19.533369506239826,45.51971326164875,Censo 2022 em 1º de agosto,"CAUSABAS X85-X99, Y00-Y09, Y35 ou Y36; todas as idades; residência",final
41013,Ivaiporã,PR,Sul,2022,21,132940.0,15.796599969911238,36.02150537634409,Censo 2022 em 1º de agosto,"CAUSABAS X85-X99, Y00-Y09, Y35 ou Y36; todas as idades; residência",final
41014,Assaí,PR,Sul,2022,11,65970.0,16.674245869334545,38.35125448028674,Censo 2022 em 1º de agosto,"CAUSABAS X85-X99, Y00-Y09, Y35 ou Y36; todas as idades; residência",final
41015,Cornélio Procópio,PR,Sul,2022,27,167344.0,16.134429677789463,37.27598566308244,Censo 2022 em 1º de agosto,"CAUSABAS X85-X99, Y00-Y09, Y35 ou Y36; todas as idades; residência",final
41016,Jacarezinho,PR,Sul,2022,16,126467.0,12.651521740849391,27.956989247311828,Censo 2022 em 1º de agosto,"CAUSABAS X85-X99, Y00-Y09, Y35 ou Y36; todas as idades; residência",final
41017,Ibaiti,PR,Sul,2022,11,77660.0,14.164305949008499,31.182795698924732,Censo 2022 em 1º de agosto,"CAUSABAS X85-X99, Y00-Y09, Y35 ou Y36; todas as idades; residência",final
41018,Wenceslau Braz,PR,Sul,2022,11,108746.0,10.115314586283633,20.07168458781362,Censo 2022 em 1º de agosto,"CAUSABAS X85-X99, Y00-Y09, Y35 ou Y36; todas as idades; residência",final
41019,Telêmaco Borba,PR,Sul,2022,76,167698.0,45.31956254695942,91.75627240143369,Censo 2022 em 1º de agosto,"CAUSABAS X85-X99, Y00-Y09, Y35 ou Y36; todas as idades; residência",final
41020,Jaguariaíva,PR,Sul,2022,22,101839.0,21.602725871228117,50.17921146953405,Censo 2022 em 1º de agosto,"CAUSABAS X85-X99, Y00-Y09, Y35 ou Y36; todas as idades; residência",final
41021,Ponta Grossa,PR,Sul,2022,119,488584.0,24.356098439572314,58.78136200716846,Censo 2022 em 1º de agosto,"CAUSABAS X85-X99, Y00-Y09, Y35 ou Y36; todas as idades; residência",final
41022,Toledo,PR,Sul,2022,80,439073.0,18.220204840652922,41.935483870967744,Censo 2022 em 1º de agosto,"CAUSABAS X85-X99, Y00-Y09, Y35 ou Y36; todas as idades; residência",final
41023,Cascavel,PR,Sul,2022,111,501496.0,22.13377574297701,52.32974910394265,Censo 2022 em 1º de agosto,"CAUSABAS X85-X99, Y00-Y09, Y35 ou Y36; todas as idades; residência",final
41024,Foz do Iguaçu,PR,Sul,2022,142,462697.0,30.68963057897501,74.19354838709677,Censo 2022 em 1º de agosto,"CAUSABAS X85-X99, Y00-Y09, Y35 ou Y36; todas as idades; residência",final
41025,Capanema,PR,Sul,2022,20,103781.0,19.271350247155066,44.623655913978496,Censo 2022 em 1º de agosto,"CAUSABAS X85-X99, Y00-Y09, Y35 ou Y36; todas as idades; residência",final
41026,Francisco Beltrão,PR,Sul,2022,45,279079.0,16.12446654889834,37.096774193548384,Censo 2022 em 1º de agosto,"CAUSABAS X85-X99, Y00-Y09, Y35 ou Y36; todas as idades; residência",final
41027,Pato Branco,PR,Sul,2022,32,189309.0,16.903580917970093,38.888888888888886,Censo 2022 em 1º de agosto,"CAUSABAS X85-X99, Y00-Y09, Y35 ou Y36; todas as idades; residência",final
41028,Pitanga,PR,Sul,2022,14,71779.0,19.504311846083116,45.340501792114694,Censo 2022 em 1º de agosto,"CAUSABAS X85-X99, Y00-Y09, Y35 ou Y36; todas as idades; residência",final
41029,Guarapuava,PR,Sul,2022,91,388957.0,23.39590237481264,57.168458781362006,Censo 2022 em 1º de agosto,"CAUSABAS X85-X99, Y00-Y09, Y35 ou Y36; todas as idades; residência",final
41030,Palmas,PR,Sul,2022,34,90510.0,37.564909954701136,84.40860215053763,Censo 2022 em 1º de agosto,"CAUSABAS X85-X99, Y00-Y09, Y35 ou Y36; todas as idades; residência",final
41031,Prudentópolis,PR,Sul,2022,15,130346.0,11.507832998327528,23.835125448028673,Censo 2022 em 1º de agosto,"CAUSABAS X85-X99, Y00-Y09, Y35 ou Y36; todas as idades; residência",final
41032,Irati,PR,Sul,2022,23,101217.0,22.723455546005116,54.48028673835125,Censo 2022 em 1º de agosto,"CAUSABAS X85-X99, Y00-Y09, Y35 ou Y36; todas as idades; residência",final
41033,União da Vitória,PR,Sul,2022,19,113177.0,16.7878632584359,38.53046594982079,Censo 2022 em 1º de agosto,"CAUSABAS X85-X99, Y00-Y09, Y35 ou Y36; todas as idades; residência",final
41034,São Mateus do Sul,PR,Sul,2022,3,63110.0,4.753604816986215,3.763440860215054,Censo 2022 em 1º de agosto,"CAUSABAS X85-X99, Y00-Y09, Y35 ou Y36; todas as idades; residência",final
41035,Cerro Azul,PR,Sul,2022,8,28087.0,28.482928045003025,68.27956989247312,Censo 2022 em 1º de agosto,"CAUSABAS X85-X99, Y00-Y09, Y35 ou Y36; todas as idades; residência",final
41036,Lapa,PR,Sul,2022,12,49101.0,24.43942078572738,59.13978494623656,Censo 2022 em 1º de agosto,"CAUSABAS X85-X99, Y00-Y09, Y35 ou Y36; todas as idades; residência",final
41037,Curitiba,PR,Sul,2022,804,3388429.0,23.727810144465177,57.70609318996416,Censo 2022 em 1º de agosto,"CAUSABAS X85-X99, Y00-Y09, Y35 ou Y36; todas as idades; residência",final
41038,Paranaguá,PR,Sul,2022,124,301405.0,41.1406579187472,88.17204301075269,Censo 2022 em 1º de agosto,"CAUSABAS X85-X99, Y00-Y09, Y35 ou Y36; todas as idades; residência",final
41039,Rio Negro,PR,Sul,2022,15,98739.0,15.191565642755142,34.229390681003586,Censo 2022 em 1º de agosto,"CAUSABAS X85-X99, Y00-Y09, Y35 ou Y36; todas as idades; residência",final
42001,São Miguel do Oeste,SC,Sul,2022,8,185175.0,4.320237613068719,3.046594982078853,Censo 2022 em 1º de agosto,"CAUSABAS X85-X99, Y00-Y09, Y35 ou Y36; todas as idades; residência",final
42002,Chapecó,SC,Sul,2022,48,500330.0,9.59366817900186,18.63799283154122,Censo 2022 em 1º de agosto,"CAUSABAS X85-X99, Y00-Y09, Y35 ou Y36; todas as idades; residência",final
42003,Xanxerê,SC,Sul,2022,30,167458.0,17.91493986551852,40.86021505376344,Censo 2022 em 1º de agosto,"CAUSABAS X85-X99, Y00-Y09, Y35 ou Y36; todas as idades; residência",final
42004,Joaçaba,SC,Sul,2022,40,345980.0,11.56136192843517,24.372759856630825,Censo 2022 em 1º de agosto,"CAUSABAS X85-X99, Y00-Y09, Y35 ou Y36; todas as idades; residência",final
42005,Concórdia,SC,Sul,2022,8,159245.0,5.023705610851204,4.659498207885305,Censo 2022 em 1º de agosto,"CAUSABAS X85-X99, Y00-Y09, Y35 ou Y36; todas as idades; residência",final
42006,Canoinhas,SC,Sul,2022,34,250945.0,13.54878559046803,30.46594982078853,Censo 2022 em 1º de agosto,"CAUSABAS X85-X99, Y00-Y09, Y35 ou Y36; todas as idades; residência",final
42007,São Bento do Sul,SC,Sul,2022,14,135039.0,10.367375350824577,20.788530465949822,Censo 2022 em 1º de agosto,"CAUSABAS X85-X99, Y00-Y09, Y35 ou Y36; todas as idades; residência",final
42008,Joinville,SC,Sul,2022,100,1060342.0,9.430919458061645,18.27956989247312,Censo 2022 em 1º de agosto,"CAUSABAS X85-X99, Y00-Y09, Y35 ou Y36; todas as idades; residência",final
42009,Curitibanos,SC,Sul,2022,17,129426.0,13.134918795296153,29.56989247311828,Censo 2022 em 1º de agosto,"CAUSABAS X85-X99, Y00-Y09, Y35 ou Y36; todas as idades; residência",final
42010,Campos de Lages,SC,Sul,2022,34,293578.0,11.58124927617192,24.551971326164875,Censo 2022 em 1º de agosto,"CAUSABAS X85-X99, Y00-Y09, Y35 ou Y36; todas as idades; residência",final
42011,Rio do Sul,SC,Sul,2022,12,239163.0,5.017498526109808,4.480286738351254,Censo 2022 em 1º de agosto,"CAUSABAS X85-X99, Y00-Y09, Y35 ou Y36; todas as idades; residência",final
42012,Blumenau,SC,Sul,2022,48,824652.0,5.820637068727172,6.989247311827957,Censo 2022 em 1º de agosto,"CAUSABAS X85-X99, Y00-Y09, Y35 ou Y36; todas as idades; residência",final
42013,Itajaí,SC,Sul,2022,74,849038.0,8.71574652724613,15.949820788530467,Censo 2022 em 1º de agosto,"CAUSABAS X85-X99, Y00-Y09, Y35 ou Y36; todas as idades; residência",final
42014,Ituporanga,SC,Sul,2022,5,62579.0,7.989900765432493,12.903225806451612,Censo 2022 em 1º de agosto,"CAUSABAS X85-X99, Y00-Y09, Y35 ou Y36; todas as idades; residência",final
42015,Tijucas,SC,Sul,2022,14,122729.0,11.407246860970105,23.655913978494624,Censo 2022 em 1º de agosto,"CAUSABAS X85-X99, Y00-Y09, Y35 ou Y36; todas as idades; residência",final
42016,Florianópolis,SC,Sul,2022,105,1177131.0,8.919992762063016,16.845878136200717,Censo 2022 em 1º de agosto,"CAUSABAS X85-X99, Y00-Y09, Y35 ou Y36; todas as idades; residência",final
42017,Tabuleiro,SC,Sul,2022,1,27042.0,3.697951334960432,2.150537634408602,Censo 2022 em 1º de agosto,"CAUSABAS X85-X99, Y00-Y09, Y35 ou Y36; todas as idades; residência",final
42018,Tubarão,SC,Sul,2022,24,435150.0,5.515339538090314,6.093189964157706,Censo 2022 em 1º de agosto,"CAUSABAS X85-X99, Y00-Y09, Y35 ou Y36; todas as idades; residência",final
42019,Criciúma,SC,Sul,2022,22,423177.0,5.198770254527066,5.376344086021505,Censo 2022 em 1º de agosto,"CAUSABAS X85-X99, Y00-Y09, Y35 ou Y36; todas as idades; residência",final
42020,Araranguá,SC,Sul,2022,26,222182.0,11.70211808337309,25.268817204301076,Censo 2022 em 1º de agosto,"CAUSABAS X85-X99, Y00-Y09, Y35 ou Y36; todas as idades; residência",final
43001,Santa Rosa,RS,Sul,2022,21,163614.0,12.835087461953133,28.85304659498208,Censo 2022 em 1º de agosto,"CAUSABAS X85-X99, Y00-Y09, Y35 ou Y36; todas as idades; residência",final
43002,Três Passos,RS,Sul,2022,20,140587.0,14.226066421504122,31.54121863799283,Censo 2022 em 1º de agosto,"CAUSABAS X85-X99, Y00-Y09, Y35 ou Y36; todas as idades; residência",final
43003,Frederico Westphalen,RS,Sul,2022,29,179199.0,16.183126021908606,37.45519713261649,Censo 2022 em 1º de agosto,"CAUSABAS X85-X99, Y00-Y09, Y35 ou Y36; todas as idades; residência",final
43004,Erechim,RS,Sul,2022,28,213965.0,13.086252424461945,29.211469534050178,Censo 2022 em 1º de agosto,"CAUSABAS X85-X99, Y00-Y09, Y35 ou Y36; todas as idades; residência",final
43005,Sananduva,RS,Sul,2022,9,58933.0,15.271579590382299,34.76702508960574,Censo 2022 em 1º de agosto,"CAUSABAS X85-X99, Y00-Y09, Y35 ou Y36; todas as idades; residência",final
43006,Cerro Largo,RS,Sul,2022,7,63638.0,10.999717150130426,22.22222222222222,Censo 2022 em 1º de agosto,"CAUSABAS X85-X99, Y00-Y09, Y35 ou Y36; todas as idades; residência",final
43007,Santo Ângelo,RS,Sul,2022,23,191496.0,12.010694740360112,26.523297491039425,Censo 2022 em 1º de agosto,"CAUSABAS X85-X99, Y00-Y09, Y35 ou Y36; todas as idades; residência",final
43008,Ijuí,RS,Sul,2022,17,191618.0,8.871817887672348,16.487455197132615,Censo 2022 em 1º de agosto,"CAUSABAS X85-X99, Y00-Y09, Y35 ou Y36; todas as idades; residência",final
43009,Carazinho,RS,Sul,2022,33,162742.0,20.277494439050766,46.774193548387096,Censo 2022 em 1º de agosto,"CAUSABAS X85-X99, Y00-Y09, Y35 ou Y36; todas as idades; residência",final
43010,Passo Fundo,RS,Sul,2022,50,360548.0,13.867779047449993,30.82437275985663,Censo 2022 em 1º de agosto,"CAUSABAS X85-X99, Y00-Y09, Y35 ou Y36; todas as idades; residência",final
43011,Cruz Alta,RS,Sul,2022,24,144093.0,16.65590972496929,38.17204301075269,Censo 2022 em 1º de agosto,"CAUSABAS X85-X99, Y00-Y09, Y35 ou Y36; todas as idades; residência",final
43012,Não-Me-Toque,RS,Sul,2022,7,44640.0,15.68100358422939,35.483870967741936,Censo 2022 em 1º de agosto,"CAUSABAS X85-X99, Y00-Y09, Y35 ou Y36; todas as idades; residência",final
43013,Soledade,RS,Sul,2022,18,66240.0,27.17391304347826,64.33691756272401,Censo 2022 em 1º de agosto,"CAUSABAS X85-X99, Y00-Y09, Y35 ou Y36; todas as idades; residência",final
43014,Guaporé,RS,Sul,2022,26,136053.0,19.110199701586883,43.90681003584229,Censo 2022 em 1º de agosto,"CAUSABAS X85-X99, Y00-Y09, Y35 ou Y36; todas as idades; residência",final
43015,Vacaria,RS,Sul,2022,47,161050.0,29.183483390251475,70.78853046594982,Censo 2022 em 1º de agosto,"CAUSABAS X85-X99, Y00-Y09, Y35 ou Y36; todas as idades; residência",final
43016,Caxias do Sul,RS,Sul,2022,152,837773.0,18.143339544244085,41.39784946236559,Censo 2022 em 1º de agosto,"CAUSABAS X85-X99, Y00-Y09, Y35 ou Y36; todas as idades; residência",final
43017,Santiago,RS,Sul,2022,16,104939.0,15.246952991738057,34.587813620071685,Censo 2022 em 1º de agosto,"CAUSABAS X85-X99, Y00-Y09, Y35 ou Y36; todas as idades; residência",final
43018,Santa Maria,RS,Sul,2022,83,365582.0,22.70352479060785,54.30107526881721,Censo 2022 em 1º de agosto,"CAUSABAS X85-X99, Y00-Y09, Y35 ou Y36; todas as idades; residência",final
43019,Restinga Seca,RS,Sul,2022,5,59366.0,8.422329279385506,14.695340501792115,Censo 2022 em 1º de agosto,"CAUSABAS X85-X99, Y00-Y09, Y35 ou Y36; todas as idades; residência",final
43020,Santa Cruz do Sul,RS,Sul,2022,41,332141.0,12.344155042587335,27.060931899641577,Censo 2022 em 1º de agosto,"CAUSABAS X85-X99, Y00-Y09, Y35 ou Y36; todas as idades; residência",final
43021,Lajeado-Estrela,RS,Sul,2022,26,338069.0,7.690737689643239,12.186379928315413,Censo 2022 em 1º de agosto,"CAUSABAS X85-X99, Y00-Y09, Y35 ou Y36; todas as idades; residência",final
43022,Cachoeira do Sul,RS,Sul,2022,7,144850.0,4.8325854332067655,4.301075268817204,Censo 2022 em 1º de agosto,"CAUSABAS X85-X99, Y00-Y09, Y35 ou Y36; todas as idades; residência",final
43023,Montenegro,RS,Sul,2022,18,221998.0,8.108181154785179,13.978494623655914,Censo 2022 em 1º de agosto,"CAUSABAS X85-X99, Y00-Y09, Y35 ou Y36; todas as idades; residência",final
43024,Gramado-Canela,RS,Sul,2022,39,329318.0,11.842656641908428,25.806451612903224,Censo 2022 em 1º de agosto,"CAUSABAS X85-X99, Y00-Y09, Y35 ou Y36; todas as idades; residência",final
43025,São Jerônimo,RS,Sul,2022,18,141379.0,12.731735264784728,28.49462365591398,Censo 2022 em 1º de agosto,"CAUSABAS X85-X99, Y00-Y09, Y35 ou Y36; todas as idades; residência",final
43026,Porto Alegre,RS,Sul,2022,832,3592633.0,23.158502413132652,55.913978494623656,Censo 2022 em 1º de agosto,"CAUSABAS X85-X99, Y00-Y09, Y35 ou Y36; todas as idades; residência",final
43027,Osório,RS,Sul,2022,95,420852.0,22.5732561565586,53.584229390681,Censo 2022 em 1º de agosto,"CAUSABAS X85-X99, Y00-Y09, Y35 ou Y36; todas as idades; residência",final
43028,Camaquã,RS,Sul,2022,28,125364.0,22.334960594748093,53.04659498207885,Censo 2022 em 1º de agosto,"CAUSABAS X85-X99, Y00-Y09, Y35 ou Y36; todas as idades; residência",final
43029,Campanha Ocidental,RS,Sul,2022,44,344336.0,12.778216625621486,28.67383512544803,Censo 2022 em 1º de agosto,"CAUSABAS X85-X99, Y00-Y09, Y35 ou Y36; todas as idades; residência",final
43030,Campanha Central,RS,Sul,2022,26,182134.0,14.27520397070289,31.899641577060933,Censo 2022 em 1º de agosto,"CAUSABAS X85-X99, Y00-Y09, Y35 ou Y36; todas as idades; residência",final
43031,Campanha Meridional,RS,Sul,2022,19,172222.0,11.032272299706193,22.40143369175627,Censo 2022 em 1º de agosto,"CAUSABAS X85-X99, Y00-Y09, Y35 ou Y36; todas as idades; residência",final
43032,Serras de Sudeste,RS,Sul,2022,8,110157.0,7.262361901649464,10.75268817204301,Censo 2022 em 1º de agosto,"CAUSABAS X85-X99, Y00-Y09, Y35 ou Y36; todas as idades; residência",final
43033,Pelotas,RS,Sul,2022,28,476496.0,5.876229810953292,7.526881720430108,Censo 2022 em 1º de agosto,"CAUSABAS X85-X99, Y00-Y09, Y35 ou Y36; todas as idades; residência",final
43034,Jaguarão,RS,Sul,2022,6,50352.0,11.916110581506196,26.164874551971327,Censo 2022 em 1º de agosto,"CAUSABAS X85-X99, Y00-Y09, Y35 ou Y36; todas as idades; residência",final
43035,Litoral Lagunar,RS,Sul,2022,110,254588.0,43.20706396216632,90.14336917562724,Censo 2022 em 1º de agosto,"CAUSABAS X85-X99, Y00-Y09, Y35 ou Y36; todas as idades; residência",final
50001,Baixo Pantanal,MS,Centro-Oeste,2022,25,130649.0,19.13524022380577,44.2652329749104,Censo 2022 em 1º de agosto,"CAUSABAS X85-X99, Y00-Y09, Y35 ou Y36; todas as idades; residência",final
50002,Aquidauana,MS,Centro-Oeste,2022,24,107553.0,22.314579788569358,52.867383512544805,Censo 2022 em 1º de agosto,"CAUSABAS X85-X99, Y00-Y09, Y35 ou Y36; todas as idades; residência",final
50003,Alto Taquari,MS,Centro-Oeste,2022,33,124664.0,26.471154463197074,62.54480286738351,Censo 2022 em 1º de agosto,"CAUSABAS X85-X99, Y00-Y09, Y35 ou Y36; todas as idades; residência",final
50004,Campo Grande,MS,Centro-Oeste,2022,192,992772.0,19.339787987574187,44.982078853046595,Censo 2022 em 1º de agosto,"CAUSABAS X85-X99, Y00-Y09, Y35 ou Y36; todas as idades; residência",final
50005,Cassilândia,MS,Centro-Oeste,2022,17,83528.0,20.352456661239344,47.31182795698925,Censo 2022 em 1º de agosto,"CAUSABAS X85-X99, Y00-Y09, Y35 ou Y36; todas as idades; residência",final
50006,Paranaíba,MS,Centro-Oeste,2022,6,85177.0,7.044155112295573,10.03584229390681,Censo 2022 em 1º de agosto,"CAUSABAS X85-X99, Y00-Y09, Y35 ou Y36; todas as idades; residência",final
50007,Três Lagoas,MS,Centro-Oeste,2022,31,190649.0,16.260247890101706,37.634408602150536,Censo 2022 em 1º de agosto,"CAUSABAS X85-X99, Y00-Y09, Y35 ou Y36; todas as idades; residência",final
50008,Nova Andradina,MS,Centro-Oeste,2022,11,93584.0,11.754146007864593,25.448028673835125,Censo 2022 em 1º de agosto,"CAUSABAS X85-X99, Y00-Y09, Y35 ou Y36; todas as idades; residência",final
50009,Bodoquena,MS,Centro-Oeste,2022,17,106016.0,16.03531542408693,36.738351254480285,Censo 2022 em 1º de agosto,"CAUSABAS X85-X99, Y00-Y09, Y35 ou Y36; todas as idades; residência",final
50010,Dourados,MS,Centro-Oeste,2022,130,600030.0,21.665583387497293,50.53763440860215,Censo 2022 em 1º de agosto,"CAUSABAS X85-X99, Y00-Y09, Y35 ou Y36; todas as idades; residência",final
50011,Iguatemi,MS,Centro-Oeste,2022,64,242391.0,26.40362059647429,62.365591397849464,Censo 2022 em 1º de agosto,"CAUSABAS X85-X99, Y00-Y09, Y35 ou Y36; todas as idades; residência",final
51001,Aripuanã,MT,Centro-Oeste,2022,76,145500.0,52.233676975945016,95.51971326164875,Censo 2022 em 1º de agosto,"CAUSABAS X85-X99, Y00-Y09, Y35 ou Y36; todas as idades; residência",final
51002,Alta Floresta,MT,Centro-Oeste,2022,37,111154.0,33.287151159652375,77.95698924731182,Censo 2022 em 1º de agosto,"CAUSABAS X85-X99, Y00-Y09, Y35 ou Y36; todas as idades; residência",final
51003,Colíder,MT,Centro-Oeste,2022,64,148632.0,43.059368103773075,89.78494623655914,Censo 2022 em 1º de agosto,"CAUSABAS X85-X99, Y00-Y09, Y35 ou Y36; todas as idades; residência",final
51004,Parecis,MT,Centro-Oeste,2022,46,123844.0,37.14350311682439,83.69175627240143,Censo 2022 em 1º de agosto,"CAUSABAS X85-X99, Y00-Y09, Y35 ou Y36; todas as idades; residência",final
51005,Arinos,MT,Centro-Oeste,2022,47,74423.0,63.152520054284295,98.5663082437276,Censo 2022 em 1º de agosto,"CAUSABAS X85-X99, Y00-Y09, Y35 ou Y36; todas as idades; residência",final
51006,Alto Teles Pires,MT,Centro-Oeste,2022,149,310294.0,48.018975552218215,93.18996415770609,Censo 2022 em 1º de agosto,"CAUSABAS X85-X99, Y00-Y09, Y35 ou Y36; todas as idades; residência",final
51007,Sinop,MT,Centro-Oeste,2022,51,259093.0,19.68405167256545,45.878136200716845,Censo 2022 em 1º de agosto,"CAUSABAS X85-X99, Y00-Y09, Y35 ou Y36; todas as idades; residência",final
51008,Paranatinga,MT,Centro-Oeste,2022,11,42163.0,26.089225150013046,61.64874551971326,Censo 2022 em 1º de agosto,"CAUSABAS X85-X99, Y00-Y09, Y35 ou Y36; todas as idades; residência",final
51009,Norte Araguaia,MT,Centro-Oeste,2022,31,130825.0,23.69577680107013,57.526881720430104,Censo 2022 em 1º de agosto,"CAUSABAS X85-X99, Y00-Y09, Y35 ou Y36; todas as idades; residência",final
51010,Canarana,MT,Centro-Oeste,2022,36,136756.0,26.324256339758403,62.18637992831541,Censo 2022 em 1º de agosto,"CAUSABAS X85-X99, Y00-Y09, Y35 ou Y36; todas as idades; residência",final
51011,Médio Araguaia,MT,Centro-Oeste,2022,21,79225.0,26.506784474597666,62.72401433691756,Censo 2022 em 1º de agosto,"CAUSABAS X85-X99, Y00-Y09, Y35 ou Y36; todas as idades; residência",final
51012,Alto Guaporé,MT,Centro-Oeste,2022,36,82126.0,43.835082677836496,90.50179211469533,Censo 2022 em 1º de agosto,"CAUSABAS X85-X99, Y00-Y09, Y35 ou Y36; todas as idades; residência",final
51013,Tangará da Serra,MT,Centro-Oeste,2022,58,162427.0,35.70834898138856,80.28673835125448,Censo 2022 em 1º de agosto,"CAUSABAS X85-X99, Y00-Y09, Y35 ou Y36; todas as idades; residência",final
51014,Jauru,MT,Centro-Oeste,2022,28,101422.0,27.60742245272229,65.41218637992831,Censo 2022 em 1º de agosto,"CAUSABAS X85-X99, Y00-Y09, Y35 ou Y36; todas as idades; residência",final
51015,Alto Paraguai,MT,Centro-Oeste,2022,20,30589.0,65.38298081009513,98.9247311827957,Censo 2022 em 1º de agosto,"CAUSABAS X85-X99, Y00-Y09, Y35 ou Y36; todas as idades; residência",final
51016,Rosário Oeste,MT,Centro-Oeste,2022,5,27893.0,17.92564442691715,41.03942652329749,Censo 2022 em 1º de agosto,"CAUSABAS X85-X99, Y00-Y09, Y35 ou Y36; todas as idades; residência",final
51017,Cuiabá,MT,Centro-Oeste,2022,151,998131.0,15.128274745499338,33.87096774193548,Censo 2022 em 1º de agosto,"CAUSABAS X85-X99, Y00-Y09, Y35 ou Y36; todas as idades; residência",final
51018,Alto Pantanal,MT,Centro-Oeste,2022,63,133054.0,47.349196566807464,92.831541218638,Censo 2022 em 1º de agosto,"CAUSABAS X85-X99, Y00-Y09, Y35 ou Y36; todas as idades; residência",final
51019,Primavera do Leste,MT,Centro-Oeste,2022,30,129731.0,23.124773569925463,55.7347670250896,Censo 2022 em 1º de agosto,"CAUSABAS X85-X99, Y00-Y09, Y35 ou Y36; todas as idades; residência",final
51020,Tesouro,MT,Centro-Oeste,2022,13,60018.0,21.660168616081844,50.3584229390681,Censo 2022 em 1º de agosto,"CAUSABAS X85-X99, Y00-Y09, Y35 ou Y36; todas as idades; residência",final
51021,Rondonópolis,MT,Centro-Oeste,2022,88,330200.0,26.65051483949122,63.08243727598566,Censo 2022 em 1º de agosto,"CAUSABAS X85-X99, Y00-Y09, Y35 ou Y36; todas as idades; residência",final
51022,Alto Araguaia,MT,Centro-Oeste,2022,14,41149.0,34.0226979999514,78.85304659498208,Censo 2022 em 1º de agosto,"CAUSABAS X85-X99, Y00-Y09, Y35 ou Y36; todas as idades; residência",final
52001,São Miguel do Araguaia,GO,Centro-Oeste,2022,22,79233.0,27.766208524226016,65.59139784946237,Censo 2022 em 1º de agosto,"CAUSABAS X85-X99, Y00-Y09, Y35 ou Y36; todas as idades; residência",final
52002,Rio Vermelho,GO,Centro-Oeste,2022,17,88909.0,19.120673947519375,44.086021505376344,Censo 2022 em 1º de agosto,"CAUSABAS X85-X99, Y00-Y09, Y35 ou Y36; todas as idades; residência",final
52003,Aragarças,GO,Centro-Oeste,2022,16,55043.0,29.068183056882802,70.25089605734767,Censo 2022 em 1º de agosto,"CAUSABAS X85-X99, Y00-Y09, Y35 ou Y36; todas as idades; residência",final
52004,Porangatu,GO,Centro-Oeste,2022,61,227740.0,26.784930183542638,63.62007168458781,Censo 2022 em 1º de agosto,"CAUSABAS X85-X99, Y00-Y09, Y35 ou Y36; todas as idades; residência",final
52005,Chapada dos Veadeiros,GO,Centro-Oeste,2022,15,68537.0,21.885988590104613,51.25448028673835,Censo 2022 em 1º de agosto,"CAUSABAS X85-X99, Y00-Y09, Y35 ou Y36; todas as idades; residência",final
52006,Ceres,GO,Centro-Oeste,2022,51,252147.0,20.22629656509893,46.59498207885304,Censo 2022 em 1º de agosto,"CAUSABAS X85-X99, Y00-Y09, Y35 ou Y36; todas as idades; residência",final
52007,Anápolis,GO,Centro-Oeste,2022,134,624225.0,21.46661860707277,49.6415770609319,Censo 2022 em 1º de agosto,"CAUSABAS X85-X99, Y00-Y09, Y35 ou Y36; todas as idades; residência",final
52008,Iporá,GO,Centro-Oeste,2022,5,61816.0,8.08852077132134,13.799283154121865,Censo 2022 em 1º de agosto,"CAUSABAS X85-X99, Y00-Y09, Y35 ou Y36; todas as idades; residência",final
52009,Anicuns,GO,Centro-Oeste,2022,29,110604.0,26.219666558171493,62.007168458781365,Censo 2022 em 1º de agosto,"CAUSABAS X85-X99, Y00-Y09, Y35 ou Y36; todas as idades; residência",final
52010,Goiânia,GO,Centro-Oeste,2022,534,2532671.0,21.084459844962097,48.5663082437276,Censo 2022 em 1º de agosto,"CAUSABAS X85-X99, Y00-Y09, Y35 ou Y36; todas as idades; residência",final
52011,Vão do Paranã,GO,Centro-Oeste,2022,31,109649.0,28.272031664675463,67.92114695340501,Censo 2022 em 1º de agosto,"CAUSABAS X85-X99, Y00-Y09, Y35 ou Y36; todas as idades; residência",final
52012,Entorno de Brasília,GO,Centro-Oeste,2022,385,1351283.0,28.49144109709069,68.45878136200717,Censo 2022 em 1º de agosto,"CAUSABAS X85-X99, Y00-Y09, Y35 ou Y36; todas as idades; residência",final
52013,Sudoeste de Goiás,GO,Centro-Oeste,2022,116,536973.0,21.60257592094947,50.0,Censo 2022 em 1º de agosto,"CAUSABAS X85-X99, Y00-Y09, Y35 ou Y36; todas as idades; residência",final
52014,Vale do Rio dos Bois,GO,Centro-Oeste,2022,35,129337.0,27.061088474295833,63.97849462365591,Censo 2022 em 1º de agosto,"CAUSABAS X85-X99, Y00-Y09, Y35 ou Y36; todas as idades; residência",final
52015,Meia Ponte,GO,Centro-Oeste,2022,79,427986.0,18.458547709504515,42.473118279569896,Censo 2022 em 1º de agosto,"CAUSABAS X85-X99, Y00-Y09, Y35 ou Y36; todas as idades; residência",final
52016,Pires do Rio,GO,Centro-Oeste,2022,30,106211.0,28.245661937087494,67.56272401433692,Censo 2022 em 1º de agosto,"CAUSABAS X85-X99, Y00-Y09, Y35 ou Y36; todas as idades; residência",final
52017,Catalão,GO,Centro-Oeste,2022,55,179509.0,30.63913229977327,73.65591397849462,Censo 2022 em 1º de agosto,"CAUSABAS X85-X99, Y00-Y09, Y35 ou Y36; todas as idades; residência",final
52018,Quirinópolis,GO,Centro-Oeste,2022,35,114622.0,30.53515032018286,73.29749103942652,Censo 2022 em 1º de agosto,"CAUSABAS X85-X99, Y00-Y09, Y35 ou Y36; todas as idades; residência",final
53001,Brasília,DF,Centro-Oeste,2022,357,2817381.0,12.671342640558732,28.315412186379927,Censo 2022 em 1º de agosto,"CAUSABAS X85-X99, Y00-Y09, Y35 ou Y36; todas as idades; residência",final
11001,Porto Velho,RO,Norte,2023,274,600506.5,45.628148904299955,92.831541218638,interpolação linear municipal 2022–2024; diagnóstico apenas,"CAUSABAS X85-X99, Y00-Y09, Y35 ou Y36; todas as idades; residência",final
11002,Guajará-Mirim,RO,Norte,2023,13,71443.0,18.196324342482818,43.727598566308245,interpolação linear municipal 2022–2024; diagnóstico apenas,"CAUSABAS X85-X99, Y00-Y09, Y35 ou Y36; todas as idades; residência",final
11003,Ariquemes,RO,Norte,2023,50,179760.0,27.814864263462393,70.96774193548387,interpolação linear municipal 2022–2024; diagnóstico apenas,"CAUSABAS X85-X99, Y00-Y09, Y35 ou Y36; todas as idades; residência",final
11004,Ji-Paraná,RO,Norte,2023,85,296239.0,28.693048518257218,72.22222222222223,interpolação linear municipal 2022–2024; diagnóstico apenas,"CAUSABAS X85-X99, Y00-Y09, Y35 ou Y36; todas as idades; residência",final
11005,Alvorada D'Oeste,RO,Norte,2023,14,63582.0,22.018810355131954,58.064516129032256,interpolação linear municipal 2022–2024; diagnóstico apenas,"CAUSABAS X85-X99, Y00-Y09, Y35 ou Y36; todas as idades; residência",final
11006,Cacoal,RO,Norte,2023,45,242270.0,18.57431790977009,45.340501792114694,interpolação linear municipal 2022–2024; diagnóstico apenas,"CAUSABAS X85-X99, Y00-Y09, Y35 ou Y36; todas as idades; residência",final
11007,Vilhena,RO,Norte,2023,55,161839.0,33.98439189564938,82.07885304659499,interpolação linear municipal 2022–2024; diagnóstico apenas,"CAUSABAS X85-X99, Y00-Y09, Y35 ou Y36; todas as idades; residência",final
11008,Colorado do Oeste,RO,Norte,2023,10,48072.0,20.802130138126145,54.83870967741935,interpolação linear municipal 2022–2024; diagnóstico apenas,"CAUSABAS X85-X99, Y00-Y09, Y35 ou Y36; todas as idades; residência",final
12001,Cruzeiro do Sul,AC,Norte,2023,23,158711.0,14.491749154122903,32.437275985663085,interpolação linear municipal 2022–2024; diagnóstico apenas,"CAUSABAS X85-X99, Y00-Y09, Y35 ou Y36; todas as idades; residência",final
12002,Tarauacá,AC,Norte,2023,18,91031.5,19.77337515036004,49.10394265232975,interpolação linear municipal 2022–2024; diagnóstico apenas,"CAUSABAS X85-X99, Y00-Y09, Y35 ou Y36; todas as idades; residência",final
12003,Sena Madureira,AC,Norte,2023,11,61948.5,17.756684988337085,42.65232974910394,interpolação linear municipal 2022–2024; diagnóstico apenas,"CAUSABAS X85-X99, Y00-Y09, Y35 ou Y36; todas as idades; residência",final
12004,Rio Branco,AC,Norte,2023,138,470462.0,29.33286854198639,74.37275985663082,interpolação linear municipal 2022–2024; diagnóstico apenas,"CAUSABAS X85-X99, Y00-Y09, Y35 ou Y36; todas as idades; residência",final
12005,Brasiléia,AC,Norte,2023,27,73171.5,36.899612554068185,85.12544802867383,interpolação linear municipal 2022–2024; diagnóstico apenas,"CAUSABAS X85-X99, Y00-Y09, Y35 ou Y36; todas as idades; residência",final
13001,Rio Negro,AM,Norte,2023,9,103114.5,8.728161412798395,14.874551971326165,interpolação linear municipal 2022–2024; diagnóstico apenas,"CAUSABAS X85-X99, Y00-Y09, Y35 ou Y36; todas as idades; residência",final
13002,Japurá,AM,Norte,2023,5,24813.5,20.150321397626293,50.7168458781362,interpolação linear municipal 2022–2024; diagnóstico apenas,"CAUSABAS X85-X99, Y00-Y09, Y35 ou Y36; todas as idades; residência",final
13003,Alto Solimões,AM,Norte,2023,81,271753.5,29.806423836307538,75.26881720430107,interpolação linear municipal 2022–2024; diagnóstico apenas,"CAUSABAS X85-X99, Y00-Y09, Y35 ou Y36; todas as idades; residência",final
13004,Juruá,AM,Norte,2023,43,142960.5,30.078238394521563,76.34408602150538,interpolação linear municipal 2022–2024; diagnóstico apenas,"CAUSABAS X85-X99, Y00-Y09, Y35 ou Y36; todas as idades; residência",final
13005,Tefé,AM,Norte,2023,26,107596.0,24.164467080560616,63.261648745519715,interpolação linear municipal 2022–2024; diagnóstico apenas,"CAUSABAS X85-X99, Y00-Y09, Y35 ou Y36; todas as idades; residência",final
13006,Coari,AM,Norte,2023,74,159237.5,46.47146557814585,93.54838709677419,interpolação linear municipal 2022–2024; diagnóstico apenas,"CAUSABAS X85-X99, Y00-Y09, Y35 ou Y36; todas as idades; residência",final
13007,Manaus,AM,Norte,2023,1064,2453957.0,43.35854295735418,91.0394265232975,interpolação linear municipal 2022–2024; diagnóstico apenas,"CAUSABAS X85-X99, Y00-Y09, Y35 ou Y36; todas as idades; residência",final
13008,Rio Preto da Eva,AM,Norte,2023,40,57165.5,69.97227348663093,99.82078853046595,interpolação linear municipal 2022–2024; diagnóstico apenas,"CAUSABAS X85-X99, Y00-Y09, Y35 ou Y36; todas as idades; residência",final
13009,Itacoatiara,AM,Norte,2023,53,182957.0,28.968555452920633,73.65591397849462,interpolação linear municipal 2022–2024; diagnóstico apenas,"CAUSABAS X85-X99, Y00-Y09, Y35 ou Y36; todas as idades; residência",final
13010,Parintins,AM,Norte,2023,63,271291.0,23.222296353362257,60.75268817204301,interpolação linear municipal 2022–2024; diagnóstico apenas,"CAUSABAS X85-X99, Y00-Y09, Y35 ou Y36; todas as idades; residência",final
13011,Boca do Acre,AM,Norte,2023,10,56649.0,17.652562269413405,42.473118279569896,interpolação linear municipal 2022–2024; diagnóstico apenas,"CAUSABAS X85-X99, Y00-Y09, Y35 ou Y36; todas as idades; residência",final
13012,Purus,AM,Norte,2023,13,84614.5,15.3637969851503,35.30465949820788,interpolação linear municipal 2022–2024; diagnóstico apenas,"CAUSABAS X85-X99, Y00-Y09, Y35 ou Y36; todas as idades; residência",final
13013,Madeira,AM,Norte,2023,50,195301.5,25.601441873206298,67.20430107526882,interpolação linear municipal 2022–2024; diagnóstico apenas,"CAUSABAS X85-X99, Y00-Y09, Y35 ou Y36; todas as idades; residência",final
14001,Boa Vista,RR,Norte,2023,182,499359.5,36.44668820759393,84.94623655913979,interpolação linear municipal 2022–2024; diagnóstico apenas,"CAUSABAS X85-X99, Y00-Y09, Y35 ou Y36; todas as idades; residência",final
14002,Nordeste de Roraima,RR,Norte,2023,11,63715.5,17.26424496394127,41.21863799283154,interpolação linear municipal 2022–2024; diagnóstico apenas,"CAUSABAS X85-X99, Y00-Y09, Y35 ou Y36; todas as idades; residência",final
14003,Caracaraí,RR,Norte,2023,16,50957.5,31.398714615120443,78.85304659498208,interpolação linear municipal 2022–2024; diagnóstico apenas,"CAUSABAS X85-X99, Y00-Y09, Y35 ou Y36; todas as idades; residência",final
14004,Sudeste de Roraima,RR,Norte,2023,10,62717.5,15.944513094431379,37.45519713261649,interpolação linear municipal 2022–2024; diagnóstico apenas,"CAUSABAS X85-X99, Y00-Y09, Y35 ou Y36; todas as idades; residência",final
15001,Óbidos,PA,Norte,2023,34,204694.5,16.61011898219053,39.06810035842294,interpolação linear municipal 2022–2024; diagnóstico apenas,"CAUSABAS X85-X99, Y00-Y09, Y35 ou Y36; todas as idades; residência",final
15002,Santarém,PA,Norte,2023,95,591635.5,16.05718385729051,37.81362007168459,interpolação linear municipal 2022–2024; diagnóstico apenas,"CAUSABAS X85-X99, Y00-Y09, Y35 ou Y36; todas as idades; residência",final
15003,Almeirim,PA,Norte,2023,19,77442.0,24.534490328245656,64.51612903225806,interpolação linear municipal 2022–2024; diagnóstico apenas,"CAUSABAS X85-X99, Y00-Y09, Y35 ou Y36; todas as idades; residência",final
15004,Portel,PA,Norte,2023,25,159680.5,15.656263601379004,36.200716845878134,interpolação linear municipal 2022–2024; diagnóstico apenas,"CAUSABAS X85-X99, Y00-Y09, Y35 ou Y36; todas as idades; residência",final
15005,Furos de Breves,PA,Norte,2023,44,240741.0,18.276903394104036,44.2652329749104,interpolação linear municipal 2022–2024; diagnóstico apenas,"CAUSABAS X85-X99, Y00-Y09, Y35 ou Y36; todas as idades; residência",final
15006,Arari,PA,Norte,2023,10,175316.5,5.703969677697193,5.376344086021505,interpolação linear municipal 2022–2024; diagnóstico apenas,"CAUSABAS X85-X99, Y00-Y09, Y35 ou Y36; todas as idades; residência",final
15007,Belém,PA,Norte,2023,574,2179223.5,26.339657221941668,68.27956989247312,interpolação linear municipal 2022–2024; diagnóstico apenas,"CAUSABAS X85-X99, Y00-Y09, Y35 ou Y36; todas as idades; residência",final
15008,Castanhal,PA,Norte,2023,108,339182.0,31.841312333791297,79.03225806451613,interpolação linear municipal 2022–2024; diagnóstico apenas,"CAUSABAS X85-X99, Y00-Y09, Y35 ou Y36; todas as idades; residência",final
15009,Salgado,PA,Norte,2023,78,270125.0,28.87552059231837,73.11827956989248,interpolação linear municipal 2022–2024; diagnóstico apenas,"CAUSABAS X85-X99, Y00-Y09, Y35 ou Y36; todas as idades; residência",final
15010,Bragantina,PA,Norte,2023,84,415995.5,20.19252612107583,51.25448028673835,interpolação linear municipal 2022–2024; diagnóstico apenas,"CAUSABAS X85-X99, Y00-Y09, Y35 ou Y36; todas as idades; residência",final
15011,Cametá,PA,Norte,2023,110,518085.5,21.232016723108444,56.09318996415771,interpolação linear municipal 2022–2024; diagnóstico apenas,"CAUSABAS X85-X99, Y00-Y09, Y35 ou Y36; todas as idades; residência",final
15012,Tomé-Açu,PA,Norte,2023,114,319855.5,35.64109418159138,83.87096774193549,interpolação linear municipal 2022–2024; diagnóstico apenas,"CAUSABAS X85-X99, Y00-Y09, Y35 ou Y36; todas as idades; residência",final
15013,Guamá,PA,Norte,2023,139,430910.5,32.257278483583015,80.10752688172043,interpolação linear municipal 2022–2024; diagnóstico apenas,"CAUSABAS X85-X99, Y00-Y09, Y35 ou Y36; todas as idades; residência",final
15014,Itaituba,PA,Norte,2023,100,259352.5,38.55756161980317,86.91756272401433,interpolação linear municipal 2022–2024; diagnóstico apenas,"CAUSABAS X85-X99, Y00-Y09, Y35 ou Y36; todas as idades; residência",final
15015,Altamira,PA,Norte,2023,200,345167.5,57.94288280327667,98.5663082437276,interpolação linear municipal 2022–2024; diagnóstico apenas,"CAUSABAS X85-X99, Y00-Y09, Y35 ou Y36; todas as idades; residência",final
15016,Tucuruí,PA,Norte,2023,118,305752.0,38.59336978989508,87.09677419354838,interpolação linear municipal 2022–2024; diagnóstico apenas,"CAUSABAS X85-X99, Y00-Y09, Y35 ou Y36; todas as idades; residência",final
15017,Paragominas,PA,Norte,2023,143,314652.5,45.4469613303565,92.47311827956989,interpolação linear municipal 2022–2024; diagnóstico apenas,"CAUSABAS X85-X99, Y00-Y09, Y35 ou Y36; todas as idades; residência",final
15018,São Félix do Xingu,PA,Norte,2023,81,159016.5,50.93811019611172,96.05734767025089,interpolação linear municipal 2022–2024; diagnóstico apenas,"CAUSABAS X85-X99, Y00-Y09, Y35 ou Y36; todas as idades; residência",final
15019,Parauapebas,PA,Norte,2023,144,432432.0,33.3000333000333,81.36200716845879,interpolação linear municipal 2022–2024; diagnóstico apenas,"CAUSABAS X85-X99, Y00-Y09, Y35 ou Y36; todas as idades; residência",final
15020,Marabá,PA,Norte,2023,159,326712.5,48.66664116004132,95.16129032258064,interpolação linear municipal 2022–2024; diagnóstico apenas,"CAUSABAS X85-X99, Y00-Y09, Y35 ou Y36; todas as idades; residência",final
15021,Redenção,PA,Norte,2023,99,213294.5,46.414698925663814,93.36917562724014,interpolação linear municipal 2022–2024; diagnóstico apenas,"CAUSABAS X85-X99, Y00-Y09, Y35 ou Y36; todas as idades; residência",final
15022,Conceição do Araguaia,PA,Norte,2023,45,112951.0,39.84028472523484,88.35125448028674,interpolação linear municipal 2022–2024; diagnóstico apenas,"CAUSABAS X85-X99, Y00-Y09, Y35 ou Y36; todas as idades; residência",final
16001,Oiapoque,AP,Norte,2023,15,39983.0,37.515944276317434,85.84229390681004,interpolação linear municipal 2022–2024; diagnóstico apenas,"CAUSABAS X85-X99, Y00-Y09, Y35 ou Y36; todas as idades; residência",final
16002,Amapá,AP,Norte,2023,7,25476.0,27.47684094834354,70.07168458781362,interpolação linear municipal 2022–2024; diagnóstico apenas,"CAUSABAS X85-X99, Y00-Y09, Y35 ou Y36; todas as idades; residência",final
16003,Macapá,AP,Norte,2023,455,631941.5,72.00033547409056,100.0,interpolação linear municipal 2022–2024; diagnóstico apenas,"CAUSABAS X85-X99, Y00-Y09, Y35 ou Y36; todas as idades; residência",final
16004,Mazagão,AP,Norte,2023,39,70897.5,55.008991854437745,97.84946236559139,interpolação linear municipal 2022–2024; diagnóstico apenas,"CAUSABAS X85-X99, Y00-Y09, Y35 ou Y36; todas as idades; residência",final
17001,Bico do Papagaio,TO,Norte,2023,38,206043.0,18.442752241037066,44.80286738351254,interpolação linear municipal 2022–2024; diagnóstico apenas,"CAUSABAS X85-X99, Y00-Y09, Y35 ou Y36; todas as idades; residência",final
17002,Araguaína,TO,Norte,2023,67,301677.5,22.209147185322074,58.96057347670251,interpolação linear municipal 2022–2024; diagnóstico apenas,"CAUSABAS X85-X99, Y00-Y09, Y35 ou Y36; todas as idades; residência",final
17003,Miracema do Tocantins,TO,Norte,2023,48,144317.5,33.25999965354167,81.18279569892474,interpolação linear municipal 2022–2024; diagnóstico apenas,"CAUSABAS X85-X99, Y00-Y09, Y35 ou Y36; todas as idades; residência",final
17004,Rio Formoso,TO,Norte,2023,38,130465.0,29.126585674318783,73.83512544802868,interpolação linear municipal 2022–2024; diagnóstico apenas,"CAUSABAS X85-X99, Y00-Y09, Y35 ou Y36; todas as idades; residência",final
17005,Gurupi,TO,Norte,2023,22,145581.0,15.111862124865196,34.946236559139784,interpolação linear municipal 2022–2024; diagnóstico apenas,"CAUSABAS X85-X99, Y00-Y09, Y35 ou Y36; todas as idades; residência",final
17006,Porto Nacional,TO,Norte,2023,151,429352.0,35.16927835435727,83.33333333333333,interpolação linear municipal 2022–2024; diagnóstico apenas,"CAUSABAS X85-X99, Y00-Y09, Y35 ou Y36; todas as idades; residência",final
17007,Jalapão,TO,Norte,2023,26,72695.0,35.76587110530298,84.40860215053763,interpolação linear municipal 2022–2024; diagnóstico apenas,"CAUSABAS X85-X99, Y00-Y09, Y35 ou Y36; todas as idades; residência",final
17008,Dianópolis,TO,Norte,2023,29,114270.0,25.378489542312067,66.48745519713262,interpolação linear municipal 2022–2024; diagnóstico apenas,"CAUSABAS X85-X99, Y00-Y09, Y35 ou Y36; todas as idades; residência",final
21001,Litoral Ocidental Maranhense,MA,Nordeste,2023,45,178594.0,25.19681512256851,65.94982078853046,interpolação linear municipal 2022–2024; diagnóstico apenas,"CAUSABAS X85-X99, Y00-Y09, Y35 ou Y36; todas as idades; residência",final
21002,Aglomeração Urbana de São Luís,MA,Nordeste,2023,278,1494333.5,18.60361157666612,45.69892473118279,interpolação linear municipal 2022–2024; diagnóstico apenas,"CAUSABAS X85-X99, Y00-Y09, Y35 ou Y36; todas as idades; residência",final
21003,Rosário,MA,Nordeste,2023,71,171175.0,41.47801957061487,89.96415770609319,interpolação linear municipal 2022–2024; diagnóstico apenas,"CAUSABAS X85-X99, Y00-Y09, Y35 ou Y36; todas as idades; residência",final
21004,Lençóis Maranhenses,MA,Nordeste,2023,21,192277.5,10.921714709209345,22.40143369175627,interpolação linear municipal 2022–2024; diagnóstico apenas,"CAUSABAS X85-X99, Y00-Y09, Y35 ou Y36; todas as idades; residência",final
21005,Baixada Maranhense,MA,Nordeste,2023,170,583420.5,29.138503017977598,74.01433691756273,interpolação linear municipal 2022–2024; diagnóstico apenas,"CAUSABAS X85-X99, Y00-Y09, Y35 ou Y36; todas as idades; residência",final
21006,Itapecuru Mirim,MA,Nordeste,2023,50,214654.0,23.293299915212387,61.111111111111114,interpolação linear municipal 2022–2024; diagnóstico apenas,"CAUSABAS X85-X99, Y00-Y09, Y35 ou Y36; todas as idades; residência",final
21007,Gurupi,MA,Nordeste,2023,55,240550.5,22.864221857780382,59.67741935483871,interpolação linear municipal 2022–2024; diagnóstico apenas,"CAUSABAS X85-X99, Y00-Y09, Y35 ou Y36; todas as idades; residência",final
21008,Pindaré,MA,Nordeste,2023,192,578457.0,33.19174977569638,81.00358422939068,interpolação linear municipal 2022–2024; diagnóstico apenas,"CAUSABAS X85-X99, Y00-Y09, Y35 ou Y36; todas as idades; residência",final
21009,Imperatriz,MA,Nordeste,2023,284,605262.0,46.92182889393354,93.72759856630825,interpolação linear municipal 2022–2024; diagnóstico apenas,"CAUSABAS X85-X99, Y00-Y09, Y35 ou Y36; todas as idades; residência",final
21010,Médio Mearim,MA,Nordeste,2023,117,406588.5,28.776022932276735,72.40143369175627,interpolação linear municipal 2022–2024; diagnóstico apenas,"CAUSABAS X85-X99, Y00-Y09, Y35 ou Y36; todas as idades; residência",final
21011,Alto Mearim e Grajaú,MA,Nordeste,2023,99,323347.5,30.617215225106115,77.24014336917563,interpolação linear municipal 2022–2024; diagnóstico apenas,"CAUSABAS X85-X99, Y00-Y09, Y35 ou Y36; todas as idades; residência",final
21012,Presidente Dutra,MA,Nordeste,2023,51,193397.5,26.370558047544566,68.63799283154121,interpolação linear municipal 2022–2024; diagnóstico apenas,"CAUSABAS X85-X99, Y00-Y09, Y35 ou Y36; todas as idades; residência",final
21013,Baixo Parnaíba Maranhense,MA,Nordeste,2023,31,128173.0,24.186061026893338,63.62007168458781,interpolação linear municipal 2022–2024; diagnóstico apenas,"CAUSABAS X85-X99, Y00-Y09, Y35 ou Y36; todas as idades; residência",final
21014,Chapadinha,MA,Nordeste,2023,64,248558.0,25.748517448643778,67.38351254480287,interpolação linear municipal 2022–2024; diagnóstico apenas,"CAUSABAS X85-X99, Y00-Y09, Y35 ou Y36; todas as idades; residência",final
21015,Codó,MA,Nordeste,2023,71,260166.5,27.29021607316853,69.53405017921148,interpolação linear municipal 2022–2024; diagnóstico apenas,"CAUSABAS X85-X99, Y00-Y09, Y35 ou Y36; todas as idades; residência",final
21016,Coelho Neto,MA,Nordeste,2023,23,82377.5,27.920245212588387,71.50537634408602,interpolação linear municipal 2022–2024; diagnóstico apenas,"CAUSABAS X85-X99, Y00-Y09, Y35 ou Y36; todas as idades; residência",final
21017,Caxias,MA,Nordeste,2023,215,442812.5,48.553281580804516,94.9820788530466,interpolação linear municipal 2022–2024; diagnóstico apenas,"CAUSABAS X85-X99, Y00-Y09, Y35 ou Y36; todas as idades; residência",final
21018,Chapadas do Alto Itapecuru,MA,Nordeste,2023,27,212054.0,12.732605845680817,28.49462365591398,interpolação linear municipal 2022–2024; diagnóstico apenas,"CAUSABAS X85-X99, Y00-Y09, Y35 ou Y36; todas as idades; residência",final
21019,Porto Franco,MA,Nordeste,2023,49,110673.0,44.27457464783642,91.57706093189964,interpolação linear municipal 2022–2024; diagnóstico apenas,"CAUSABAS X85-X99, Y00-Y09, Y35 ou Y36; todas as idades; residência",final
21020,Gerais de Balsas,MA,Nordeste,2023,58,154724.0,37.48610428892738,85.48387096774194,interpolação linear municipal 2022–2024; diagnóstico apenas,"CAUSABAS X85-X99, Y00-Y09, Y35 ou Y36; todas as idades; residência",final
21021,Chapadas das Mangabeiras,MA,Nordeste,2023,15,72233.5,20.765988080322842,54.659498207885306,interpolação linear municipal 2022–2024; diagnóstico apenas,"CAUSABAS X85-X99, Y00-Y09, Y35 ou Y36; todas as idades; residência",final
22001,Baixo Parnaíba Piauiense,PI,Nordeste,2023,64,349593.0,18.307002714585245,44.623655913978496,interpolação linear municipal 2022–2024; diagnóstico apenas,"CAUSABAS X85-X99, Y00-Y09, Y35 ou Y36; todas as idades; residência",final
22002,Litoral Piauiense,PI,Nordeste,2023,108,336331.5,32.11117602722314,79.56989247311827,interpolação linear municipal 2022–2024; diagnóstico apenas,"CAUSABAS X85-X99, Y00-Y09, Y35 ou Y36; todas as idades; residência",final
22003,Teresina,PI,Nordeste,2023,316,1098103.5,28.776886696017268,72.58064516129032,interpolação linear municipal 2022–2024; diagnóstico apenas,"CAUSABAS X85-X99, Y00-Y09, Y35 ou Y36; todas as idades; residência",final
22004,Campo Maior,PI,Nordeste,2023,28,224345.5,12.480749558159179,27.956989247311828,interpolação linear municipal 2022–2024; diagnóstico apenas,"CAUSABAS X85-X99, Y00-Y09, Y35 ou Y36; todas as idades; residência",final
22005,Médio Parnaíba Piauiense,PI,Nordeste,2023,27,131996.0,20.45516530803964,52.68817204301075,interpolação linear municipal 2022–2024; diagnóstico apenas,"CAUSABAS X85-X99, Y00-Y09, Y35 ou Y36; todas as idades; residência",final
22006,Valença do Piauí,PI,Nordeste,2023,3,103615.5,2.895319715679604,0.8960573476702509,interpolação linear municipal 2022–2024; diagnóstico apenas,"CAUSABAS X85-X99, Y00-Y09, Y35 ou Y36; todas as idades; residência",final
22007,Alto Parnaíba Piauiense,PI,Nordeste,2023,3,51744.5,5.797717631825605,5.913978494623656,interpolação linear municipal 2022–2024; diagnóstico apenas,"CAUSABAS X85-X99, Y00-Y09, Y35 ou Y36; todas as idades; residência",final
22008,Bertolínia,PI,Nordeste,2023,5,41642.0,12.00710820805917,26.344086021505376,interpolação linear municipal 2022–2024; diagnóstico apenas,"CAUSABAS X85-X99, Y00-Y09, Y35 ou Y36; todas as idades; residência",final
22009,Floriano,PI,Nordeste,2023,25,124056.5,20.152108112029598,50.89605734767025,interpolação linear municipal 2022–2024; diagnóstico apenas,"CAUSABAS X85-X99, Y00-Y09, Y35 ou Y36; todas as idades; residência",final
22010,Alto Médio Gurguéia,PI,Nordeste,2023,26,97452.5,26.67966445191247,69.17562724014337,interpolação linear municipal 2022–2024; diagnóstico apenas,"CAUSABAS X85-X99, Y00-Y09, Y35 ou Y36; todas as idades; residência",final
22011,São Raimundo Nonato,PI,Nordeste,2023,15,144039.5,10.413810100701543,20.967741935483872,interpolação linear municipal 2022–2024; diagnóstico apenas,"CAUSABAS X85-X99, Y00-Y09, Y35 ou Y36; todas as idades; residência",final
22012,Chapadas do Extremo Sul Piauiense,PI,Nordeste,2023,19,85053.5,22.338880822070813,59.13978494623656,interpolação linear municipal 2022–2024; diagnóstico apenas,"CAUSABAS X85-X99, Y00-Y09, Y35 ou Y36; todas as idades; residência",final
22013,Picos,PI,Nordeste,2023,33,210827.5,15.65260698912618,36.02150537634409,interpolação linear municipal 2022–2024; diagnóstico apenas,"CAUSABAS X85-X99, Y00-Y09, Y35 ou Y36; todas as idades; residência",final
22014,Pio IX,PI,Nordeste,2023,12,57247.5,20.96161404428141,55.376344086021504,interpolação linear municipal 2022–2024; diagnóstico apenas,"CAUSABAS X85-X99, Y00-Y09, Y35 ou Y36; todas as idades; residência",final
22015,Alto Médio Canindé,PI,Nordeste,2023,29,267374.0,10.846230373933142,22.22222222222222,interpolação linear municipal 2022–2024; diagnóstico apenas,"CAUSABAS X85-X99, Y00-Y09, Y35 ou Y36; todas as idades; residência",final
23001,Litoral de Camocim e Acaraú,CE,Nordeste,2023,157,408466.0,38.43649165414013,86.73835125448029,interpolação linear municipal 2022–2024; diagnóstico apenas,"CAUSABAS X85-X99, Y00-Y09, Y35 ou Y36; todas as idades; residência",final
23002,Ibiapaba,CE,Nordeste,2023,85,329964.5,25.760346946413932,67.56272401433692,interpolação linear municipal 2022–2024; diagnóstico apenas,"CAUSABAS X85-X99, Y00-Y09, Y35 ou Y36; todas as idades; residência",final
23003,Coreaú,CE,Nordeste,2023,14,59584.5,23.496043434114576,61.64874551971326,interpolação linear municipal 2022–2024; diagnóstico apenas,"CAUSABAS X85-X99, Y00-Y09, Y35 ou Y36; todas as idades; residência",final
23004,Meruoca,CE,Nordeste,2023,4,27014.5,14.80686298099169,34.05017921146953,interpolação linear municipal 2022–2024; diagnóstico apenas,"CAUSABAS X85-X99, Y00-Y09, Y35 ou Y36; todas as idades; residência",final
23005,Sobral,CE,Nordeste,2023,162,413044.5,39.22095561132033,87.63440860215054,interpolação linear municipal 2022–2024; diagnóstico apenas,"CAUSABAS X85-X99, Y00-Y09, Y35 ou Y36; todas as idades; residência",final
23006,Ipu,CE,Nordeste,2023,26,139804.0,18.597465022460014,45.51971326164875,interpolação linear municipal 2022–2024; diagnóstico apenas,"CAUSABAS X85-X99, Y00-Y09, Y35 ou Y36; todas as idades; residência",final
23007,Santa Quitéria,CE,Nordeste,2023,13,69585.5,18.68205301391813,46.0573476702509,interpolação linear municipal 2022–2024; diagnóstico apenas,"CAUSABAS X85-X99, Y00-Y09, Y35 ou Y36; todas as idades; residência",final
23008,Itapipoca,CE,Nordeste,2023,134,237722.0,56.36836304591077,98.38709677419355,interpolação linear municipal 2022–2024; diagnóstico apenas,"CAUSABAS X85-X99, Y00-Y09, Y35 ou Y36; todas as idades; residência",final
23009,Baixo Curu,CE,Nordeste,2023,58,129090.5,44.929719847703744,91.93548387096774,interpolação linear municipal 2022–2024; diagnóstico apenas,"CAUSABAS X85-X99, Y00-Y09, Y35 ou Y36; todas as idades; residência",final
23010,Uruburetama,CE,Nordeste,2023,41,101561.5,40.36962825480128,89.06810035842294,interpolação linear municipal 2022–2024; diagnóstico apenas,"CAUSABAS X85-X99, Y00-Y09, Y35 ou Y36; todas as idades; residência",final
23011,Médio Curu,CE,Nordeste,2023,45,86948.5,51.754774377936364,96.59498207885305,interpolação linear municipal 2022–2024; diagnóstico apenas,"CAUSABAS X85-X99, Y00-Y09, Y35 ou Y36; todas as idades; residência",final
23012,Canindé,CE,Nordeste,2023,63,123300.0,51.09489051094891,96.23655913978494,interpolação linear municipal 2022–2024; diagnóstico apenas,"CAUSABAS X85-X99, Y00-Y09, Y35 ou Y36; todas as idades; residência",final
23013,Baturité,CE,Nordeste,2023,62,189180.5,32.77293378545886,80.64516129032258,interpolação linear municipal 2022–2024; diagnóstico apenas,"CAUSABAS X85-X99, Y00-Y09, Y35 ou Y36; todas as idades; residência",final
23014,Chorozinho,CE,Nordeste,2023,10,68190.0,14.664906877841325,33.51254480286738,interpolação linear municipal 2022–2024; diagnóstico apenas,"CAUSABAS X85-X99, Y00-Y09, Y35 ou Y36; todas as idades; residência",final
23015,Cascavel,CE,Nordeste,2023,45,152931.5,29.42493861630861,74.73118279569893,interpolação linear municipal 2022–2024; diagnóstico apenas,"CAUSABAS X85-X99, Y00-Y09, Y35 ou Y36; todas as idades; residência",final
23016,Fortaleza,CE,Nordeste,2023,1268,3552372.0,35.69445992705719,84.22939068100358,interpolação linear municipal 2022–2024; diagnóstico apenas,"CAUSABAS X85-X99, Y00-Y09, Y35 ou Y36; todas as idades; residência",final
23017,Pacajus,CE,Nordeste,2023,64,150248.5,42.59609912910944,90.3225806451613,interpolação linear municipal 2022–2024; diagnóstico apenas,"CAUSABAS X85-X99, Y00-Y09, Y35 ou Y36; todas as idades; residência",final
23018,Sertão de Cratéus,CE,Nordeste,2023,50,247912.5,20.1684061917007,51.075268817204304,interpolação linear municipal 2022–2024; diagnóstico apenas,"CAUSABAS X85-X99, Y00-Y09, Y35 ou Y36; todas as idades; residência",final
23019,Sertão de Quixeramobim,CE,Nordeste,2023,107,280427.0,38.15609766534606,86.37992831541219,interpolação linear municipal 2022–2024; diagnóstico apenas,"CAUSABAS X85-X99, Y00-Y09, Y35 ou Y36; todas as idades; residência",final
23020,Sertão de Inhamuns,CE,Nordeste,2023,29,140398.5,20.65549133359687,53.763440860215056,interpolação linear municipal 2022–2024; diagnóstico apenas,"CAUSABAS X85-X99, Y00-Y09, Y35 ou Y36; todas as idades; residência",final
23021,Sertão de Senador Pompeu,CE,Nordeste,2023,49,208504.5,23.500691831591165,61.82795698924731,interpolação linear municipal 2022–2024; diagnóstico apenas,"CAUSABAS X85-X99, Y00-Y09, Y35 ou Y36; todas as idades; residência",final
23022,Litoral de Aracati,CE,Nordeste,2023,41,124163.0,33.021109348195516,80.82437275985663,interpolação linear municipal 2022–2024; diagnóstico apenas,"CAUSABAS X85-X99, Y00-Y09, Y35 ou Y36; todas as idades; residência",final
23023,Baixo Jaguaribe,CE,Nordeste,2023,156,324448.0,48.081664858467306,94.6236559139785,interpolação linear municipal 2022–2024; diagnóstico apenas,"CAUSABAS X85-X99, Y00-Y09, Y35 ou Y36; todas as idades; residência",final
23024,Médio Jaguaribe,CE,Nordeste,2023,30,62359.5,48.10814711471388,94.80286738351255,interpolação linear municipal 2022–2024; diagnóstico apenas,"CAUSABAS X85-X99, Y00-Y09, Y35 ou Y36; todas as idades; residência",final
23025,Serra do Pereiro,CE,Nordeste,2023,8,42262.5,18.929310854776695,46.59498207885304,interpolação linear municipal 2022–2024; diagnóstico apenas,"CAUSABAS X85-X99, Y00-Y09, Y35 ou Y36; todas as idades; residência",final
23026,Iguatu,CE,Nordeste,2023,53,222688.5,23.800061520913744,62.365591397849464,interpolação linear municipal 2022–2024; diagnóstico apenas,"CAUSABAS X85-X99, Y00-Y09, Y35 ou Y36; todas as idades; residência",final
23027,Várzea Alegre,CE,Nordeste,2023,10,96250.0,10.38961038961039,20.788530465949822,interpolação linear municipal 2022–2024; diagnóstico apenas,"CAUSABAS X85-X99, Y00-Y09, Y35 ou Y36; todas as idades; residência",final
23028,Lavras da Mangabeira,CE,Nordeste,2023,1,56424.5,1.7722797720848213,0.5376344086021505,interpolação linear municipal 2022–2024; diagnóstico apenas,"CAUSABAS X85-X99, Y00-Y09, Y35 ou Y36; todas as idades; residência",final
23029,Chapada do Araripe,CE,Nordeste,2023,16,93372.0,17.13575804309643,40.32258064516129,interpolação linear municipal 2022–2024; diagnóstico apenas,"CAUSABAS X85-X99, Y00-Y09, Y35 ou Y36; todas as idades; residência",final
23030,Caririaçu,CE,Nordeste,2023,11,57064.5,19.27643280848864,47.67025089605735,interpolação linear municipal 2022–2024; diagnóstico apenas,"CAUSABAS X85-X99, Y00-Y09, Y35 ou Y36; todas as idades; residência",final
23031,Barro,CE,Nordeste,2023,14,89999.0,15.55572839698219,35.842293906810035,interpolação linear municipal 2022–2024; diagnóstico apenas,"CAUSABAS X85-X99, Y00-Y09, Y35 ou Y36; todas as idades; residência",final
23032,Cariri,CE,Nordeste,2023,152,622929.5,24.400835086474473,63.97849462365591,interpolação linear municipal 2022–2024; diagnóstico apenas,"CAUSABAS X85-X99, Y00-Y09, Y35 ou Y36; todas as idades; residência",final
23033,Brejo Santo,CE,Nordeste,2023,14,106094.5,13.195783004774047,30.107526881720432,interpolação linear municipal 2022–2024; diagnóstico apenas,"CAUSABAS X85-X99, Y00-Y09, Y35 ou Y36; todas as idades; residência",final
24001,Mossoró,RN,Nordeste,2023,125,352272.0,35.48394422491711,83.69175627240143,interpolação linear municipal 2022–2024; diagnóstico apenas,"CAUSABAS X85-X99, Y00-Y09, Y35 ou Y36; todas as idades; residência",final
24002,Chapada do Apodi,RN,Nordeste,2023,41,74975.0,54.68489496498833,97.67025089605735,interpolação linear municipal 2022–2024; diagnóstico apenas,"CAUSABAS X85-X99, Y00-Y09, Y35 ou Y36; todas as idades; residência",final
24003,Médio Oeste,RN,Nordeste,2023,11,39855.5,27.599703930448747,70.60931899641577,interpolação linear municipal 2022–2024; diagnóstico apenas,"CAUSABAS X85-X99, Y00-Y09, Y35 ou Y36; todas as idades; residência",final
24004,Vale do Açu,RN,Nordeste,2023,62,145524.0,42.60465627662791,90.50179211469533,interpolação linear municipal 2022–2024; diagnóstico apenas,"CAUSABAS X85-X99, Y00-Y09, Y35 ou Y36; todas as idades; residência",final
24005,Serra de São Miguel,RN,Nordeste,2023,20,64861.5,30.834932895477287,77.59856630824373,interpolação linear municipal 2022–2024; diagnóstico apenas,"CAUSABAS X85-X99, Y00-Y09, Y35 ou Y36; todas as idades; residência",final
24006,Pau dos Ferros,RN,Nordeste,2023,28,118758.0,23.577358998972702,62.007168458781365,interpolação linear municipal 2022–2024; diagnóstico apenas,"CAUSABAS X85-X99, Y00-Y09, Y35 ou Y36; todas as idades; residência",final
24007,Umarizal,RN,Nordeste,2023,28,62523.0,44.78351966476337,91.75627240143369,interpolação linear municipal 2022–2024; diagnóstico apenas,"CAUSABAS X85-X99, Y00-Y09, Y35 ou Y36; todas as idades; residência",final
24008,Macau,RN,Nordeste,2023,13,55378.0,23.475026183683052,61.46953405017921,interpolação linear municipal 2022–2024; diagnóstico apenas,"CAUSABAS X85-X99, Y00-Y09, Y35 ou Y36; todas as idades; residência",final
24009,Angicos,RN,Nordeste,2023,15,50309.0,29.815738734620048,75.44802867383513,interpolação linear municipal 2022–2024; diagnóstico apenas,"CAUSABAS X85-X99, Y00-Y09, Y35 ou Y36; todas as idades; residência",final
24010,Serra de Santana,RN,Nordeste,2023,4,64724.5,6.1800400157591024,7.347670250896058,interpolação linear municipal 2022–2024; diagnóstico apenas,"CAUSABAS X85-X99, Y00-Y09, Y35 ou Y36; todas as idades; residência",final
24011,Seridó Ocidental,RN,Nordeste,2023,27,98173.5,27.502330058518847,70.25089605734767,interpolação linear municipal 2022–2024; diagnóstico apenas,"CAUSABAS X85-X99, Y00-Y09, Y35 ou Y36; todas as idades; residência",final
24012,Seridó Oriental,RN,Nordeste,2023,17,120534.5,14.10384578689089,31.72043010752688,interpolação linear municipal 2022–2024; diagnóstico apenas,"CAUSABAS X85-X99, Y00-Y09, Y35 ou Y36; todas as idades; residência",final
24013,Baixa Verde,RN,Nordeste,2023,9,62922.5,14.303309626922006,32.07885304659498,interpolação linear municipal 2022–2024; diagnóstico apenas,"CAUSABAS X85-X99, Y00-Y09, Y35 ou Y36; todas as idades; residência",final
24014,Borborema Potiguar,RN,Nordeste,2023,23,132946.0,17.300257247303417,41.39784946236559,interpolação linear municipal 2022–2024; diagnóstico apenas,"CAUSABAS X85-X99, Y00-Y09, Y35 ou Y36; todas as idades; residência",final
24015,Agreste Potiguar,RN,Nordeste,2023,89,239438.0,37.17037395902071,85.30465949820788,interpolação linear municipal 2022–2024; diagnóstico apenas,"CAUSABAS X85-X99, Y00-Y09, Y35 ou Y36; todas as idades; residência",final
24016,Litoral Nordeste,RN,Nordeste,2023,22,89918.0,24.466736359794478,64.33691756272401,interpolação linear municipal 2022–2024; diagnóstico apenas,"CAUSABAS X85-X99, Y00-Y09, Y35 ou Y36; todas as idades; residência",final
24017,Macaíba,RN,Nordeste,2023,144,366360.5,39.30554740481029,87.81362007168458,interpolação linear municipal 2022–2024; diagnóstico apenas,"CAUSABAS X85-X99, Y00-Y09, Y35 ou Y36; todas as idades; residência",final
24018,Natal,RN,Nordeste,2023,238,1093655.0,21.761890175603824,57.168458781362006,interpolação linear municipal 2022–2024; diagnóstico apenas,"CAUSABAS X85-X99, Y00-Y09, Y35 ou Y36; todas as idades; residência",final
24019,Litoral Sul,RN,Nordeste,2023,37,141271.5,26.19070371589457,68.10035842293907,interpolação linear municipal 2022–2024; diagnóstico apenas,"CAUSABAS X85-X99, Y00-Y09, Y35 ou Y36; todas as idades; residência",final
25001,Catolé do Rocha,PB,Nordeste,2023,74,119971.5,61.68131597921173,99.10394265232975,interpolação linear municipal 2022–2024; diagnóstico apenas,"CAUSABAS X85-X99, Y00-Y09, Y35 ou Y36; todas as idades; residência",final
25002,Cajazeiras,PB,Nordeste,2023,45,176142.5,25.54749705494131,67.02508960573476,interpolação linear municipal 2022–2024; diagnóstico apenas,"CAUSABAS X85-X99, Y00-Y09, Y35 ou Y36; todas as idades; residência",final
25003,Sousa,PB,Nordeste,2023,35,186586.5,18.75805591508496,46.236559139784944,interpolação linear municipal 2022–2024; diagnóstico apenas,"CAUSABAS X85-X99, Y00-Y09, Y35 ou Y36; todas as idades; residência",final
25004,Patos,PB,Nordeste,2023,40,130528.0,30.64476587398872,77.41935483870968,interpolação linear municipal 2022–2024; diagnóstico apenas,"CAUSABAS X85-X99, Y00-Y09, Y35 ou Y36; todas as idades; residência",final
25005,Piancó,PB,Nordeste,2023,14,68405.0,20.466340179811418,53.04659498207885,interpolação linear municipal 2022–2024; diagnóstico apenas,"CAUSABAS X85-X99, Y00-Y09, Y35 ou Y36; todas as idades; residência",final
25006,Itaporanga,PB,Nordeste,2023,18,82529.5,21.810382953974035,57.34767025089606,interpolação linear municipal 2022–2024; diagnóstico apenas,"CAUSABAS X85-X99, Y00-Y09, Y35 ou Y36; todas as idades; residência",final
25007,Serra do Teixeira,PB,Nordeste,2023,31,115830.5,26.76324456857218,69.35483870967742,interpolação linear municipal 2022–2024; diagnóstico apenas,"CAUSABAS X85-X99, Y00-Y09, Y35 ou Y36; todas as idades; residência",final
25008,Seridó Ocidental Paraibano,PB,Nordeste,2023,5,39941.5,12.518308025487276,28.136200716845877,interpolação linear municipal 2022–2024; diagnóstico apenas,"CAUSABAS X85-X99, Y00-Y09, Y35 ou Y36; todas as idades; residência",final
25009,Seridó Oriental Paraibano,PB,Nordeste,2023,22,75988.0,28.951939779965258,73.47670250896057,interpolação linear municipal 2022–2024; diagnóstico apenas,"CAUSABAS X85-X99, Y00-Y09, Y35 ou Y36; todas as idades; residência",final
25010,Cariri Ocidental,PB,Nordeste,2023,26,127102.0,20.456011707132856,52.867383512544805,interpolação linear municipal 2022–2024; diagnóstico apenas,"CAUSABAS X85-X99, Y00-Y09, Y35 ou Y36; todas as idades; residência",final
25011,Cariri Oriental,PB,Nordeste,2023,7,67380.0,10.388839418224993,20.60931899641577,interpolação linear municipal 2022–2024; diagnóstico apenas,"CAUSABAS X85-X99, Y00-Y09, Y35 ou Y36; todas as idades; residência",final
25012,Curimataú Ocidental,PB,Nordeste,2023,11,120267.5,9.146278088427879,16.666666666666668,interpolação linear municipal 2022–2024; diagnóstico apenas,"CAUSABAS X85-X99, Y00-Y09, Y35 ou Y36; todas as idades; residência",final
25013,Curimataú Oriental,PB,Nordeste,2023,12,89195.5,13.453593510883396,30.46594982078853,interpolação linear municipal 2022–2024; diagnóstico apenas,"CAUSABAS X85-X99, Y00-Y09, Y35 ou Y36; todas as idades; residência",final
25014,Esperança,PB,Nordeste,2023,3,56287.0,5.3298274912501995,4.659498207885305,interpolação linear municipal 2022–2024; diagnóstico apenas,"CAUSABAS X85-X99, Y00-Y09, Y35 ou Y36; todas as idades; residência",final
25015,Brejo Paraibano,PB,Nordeste,2023,14,114840.0,12.190874259839777,27.060931899641577,interpolação linear municipal 2022–2024; diagnóstico apenas,"CAUSABAS X85-X99, Y00-Y09, Y35 ou Y36; todas as idades; residência",final
25016,Guarabira,PB,Nordeste,2023,47,167666.0,28.03192060405807,71.68458781362007,interpolação linear municipal 2022–2024; diagnóstico apenas,"CAUSABAS X85-X99, Y00-Y09, Y35 ou Y36; todas as idades; residência",final
25017,Campina Grande,PB,Nordeste,2023,62,561010.0,11.051496408263667,22.759856630824373,interpolação linear municipal 2022–2024; diagnóstico apenas,"CAUSABAS X85-X99, Y00-Y09, Y35 ou Y36; todas as idades; residência",final
25018,Itabaiana,PB,Nordeste,2023,28,110273.0,25.39152829795145,66.66666666666667,interpolação linear municipal 2022–2024; diagnóstico apenas,"CAUSABAS X85-X99, Y00-Y09, Y35 ou Y36; todas as idades; residência",final
25019,Umbuzeiro,PB,Nordeste,2023,17,53256.5,31.920986170702168,79.21146953405018,interpolação linear municipal 2022–2024; diagnóstico apenas,"CAUSABAS X85-X99, Y00-Y09, Y35 ou Y36; todas as idades; residência",final
25020,Litoral Norte,PB,Nordeste,2023,43,155807.0,27.598246548614632,70.43010752688173,interpolação linear municipal 2022–2024; diagnóstico apenas,"CAUSABAS X85-X99, Y00-Y09, Y35 ou Y36; todas as idades; residência",final
25021,Sapé,PB,Nordeste,2023,51,140648.5,36.26060711632189,84.76702508960574,interpolação linear municipal 2022–2024; diagnóstico apenas,"CAUSABAS X85-X99, Y00-Y09, Y35 ou Y36; todas as idades; residência",final
25022,João Pessoa,PB,Nordeste,2023,405,1209050.5,33.4973601185393,81.72043010752688,interpolação linear municipal 2022–2024; diagnóstico apenas,"CAUSABAS X85-X99, Y00-Y09, Y35 ou Y36; todas as idades; residência",final
25023,Litoral Sul,PB,Nordeste,2023,62,91157.0,68.01452439198306,99.6415770609319,interpolação linear municipal 2022–2024; diagnóstico apenas,"CAUSABAS X85-X99, Y00-Y09, Y35 ou Y36; todas as idades; residência",final
26001,Araripina,PE,Nordeste,2023,76,327451.0,23.209579448528178,60.57347670250896,interpolação linear municipal 2022–2024; diagnóstico apenas,"CAUSABAS X85-X99, Y00-Y09, Y35 ou Y36; todas as idades; residência",final
26002,Salgueiro,PE,Nordeste,2023,20,171489.5,11.662521612110362,24.731182795698924,interpolação linear municipal 2022–2024; diagnóstico apenas,"CAUSABAS X85-X99, Y00-Y09, Y35 ou Y36; todas as idades; residência",final
26003,Pajeú,PE,Nordeste,2023,85,336714.5,25.243938113743244,66.12903225806451,interpolação linear municipal 2022–2024; diagnóstico apenas,"CAUSABAS X85-X99, Y00-Y09, Y35 ou Y36; todas as idades; residência",final
26004,Sertão do Moxotó,PE,Nordeste,2023,56,243060.0,23.03957870484654,60.215053763440864,interpolação linear municipal 2022–2024; diagnóstico apenas,"CAUSABAS X85-X99, Y00-Y09, Y35 ou Y36; todas as idades; residência",final
26005,Petrolina,PE,Nordeste,2023,217,557014.0,38.95772817200286,87.45519713261649,interpolação linear municipal 2022–2024; diagnóstico apenas,"CAUSABAS X85-X99, Y00-Y09, Y35 ou Y36; todas as idades; residência",final
26006,Itaparica,PE,Nordeste,2023,23,139906.5,16.43955069993174,38.70967741935484,interpolação linear municipal 2022–2024; diagnóstico apenas,"CAUSABAS X85-X99, Y00-Y09, Y35 ou Y36; todas as idades; residência",final
26007,Vale do Ipanema,PE,Nordeste,2023,41,196665.0,20.84763430198561,55.19713261648746,interpolação linear municipal 2022–2024; diagnóstico apenas,"CAUSABAS X85-X99, Y00-Y09, Y35 ou Y36; todas as idades; residência",final
26008,Vale do Ipojuca,PE,Nordeste,2023,360,959984.0,37.50062501041684,85.66308243727599,interpolação linear municipal 2022–2024; diagnóstico apenas,"CAUSABAS X85-X99, Y00-Y09, Y35 ou Y36; todas as idades; residência",final
26009,Alto Capibaribe,PE,Nordeste,2023,100,306067.0,32.67258476085301,80.46594982078852,interpolação linear municipal 2022–2024; diagnóstico apenas,"CAUSABAS X85-X99, Y00-Y09, Y35 ou Y36; todas as idades; residência",final
26010,Médio Capibaribe,PE,Nordeste,2023,59,247623.5,23.826494658221048,62.54480286738351,interpolação linear municipal 2022–2024; diagnóstico apenas,"CAUSABAS X85-X99, Y00-Y09, Y35 ou Y36; todas as idades; residência",final
26011,Garanhuns,PE,Nordeste,2023,177,470664.5,37.60640541192293,86.02150537634408,interpolação linear municipal 2022–2024; diagnóstico apenas,"CAUSABAS X85-X99, Y00-Y09, Y35 ou Y36; todas as idades; residência",final
26012,Brejo Pernambucano,PE,Nordeste,2023,88,213483.0,41.221080835476364,89.78494623655914,interpolação linear municipal 2022–2024; diagnóstico apenas,"CAUSABAS X85-X99, Y00-Y09, Y35 ou Y36; todas as idades; residência",final
26013,Mata Setentrional Pernambucana,PE,Nordeste,2023,300,554238.0,54.12837084429433,97.31182795698925,interpolação linear municipal 2022–2024; diagnóstico apenas,"CAUSABAS X85-X99, Y00-Y09, Y35 ou Y36; todas as idades; residência",final
26014,Vitória de Santo Antão,PE,Nordeste,2023,104,230107.0,45.19636516924735,92.1146953405018,interpolação linear municipal 2022–2024; diagnóstico apenas,"CAUSABAS X85-X99, Y00-Y09, Y35 ou Y36; todas as idades; residência",final
26015,Mata Meridional Pernambucana,PE,Nordeste,2023,272,500622.5,54.33235621651045,97.4910394265233,interpolação linear municipal 2022–2024; diagnóstico apenas,"CAUSABAS X85-X99, Y00-Y09, Y35 ou Y36; todas as idades; residência",final
26016,Itamaracá,PE,Nordeste,2023,73,191984.0,38.02400200016668,86.20071684587813,interpolação linear municipal 2022–2024; diagnóstico apenas,"CAUSABAS X85-X99, Y00-Y09, Y35 ou Y36; todas as idades; residência",final
26017,Recife,PE,Nordeste,2023,1420,3336175.0,42.56371443344549,90.14336917562724,interpolação linear municipal 2022–2024; diagnóstico apenas,"CAUSABAS X85-X99, Y00-Y09, Y35 ou Y36; todas as idades; residência",final
26018,Suape,PE,Nordeste,2023,169,312489.5,54.08181714905621,97.1326164874552,interpolação linear municipal 2022–2024; diagnóstico apenas,"CAUSABAS X85-X99, Y00-Y09, Y35 ou Y36; todas as idades; residência",final
26019,Fernando de Noronha,PE,Nordeste,2023,0,3241.5,0.0,0.26881720430107525,interpolação linear municipal 2022–2024; diagnóstico apenas,"CAUSABAS X85-X99, Y00-Y09, Y35 ou Y36; todas as idades; residência",final
27001,Serrana do Sertão Alagoano,AL,Nordeste,2023,24,82905.5,28.948622226510906,73.29749103942652,interpolação linear municipal 2022–2024; diagnóstico apenas,"CAUSABAS X85-X99, Y00-Y09, Y35 ou Y36; todas as idades; residência",final
27002,Alagoana do Sertão do São Francisco,AL,Nordeste,2023,17,83330.0,20.400816032641305,52.5089605734767,interpolação linear municipal 2022–2024; diagnóstico apenas,"CAUSABAS X85-X99, Y00-Y09, Y35 ou Y36; todas as idades; residência",final
27003,Santana do Ipanema,AL,Nordeste,2023,35,171637.5,20.391814143179666,52.1505376344086,interpolação linear municipal 2022–2024; diagnóstico apenas,"CAUSABAS X85-X99, Y00-Y09, Y35 ou Y36; todas as idades; residência",final
27004,Batalha,AL,Nordeste,2023,28,89728.0,31.205420827389442,78.49462365591398,interpolação linear municipal 2022–2024; diagnóstico apenas,"CAUSABAS X85-X99, Y00-Y09, Y35 ou Y36; todas as idades; residência",final
27005,Palmeira dos Índios,AL,Nordeste,2023,67,173316.0,38.657711925038654,87.27598566308244,interpolação linear municipal 2022–2024; diagnóstico apenas,"CAUSABAS X85-X99, Y00-Y09, Y35 ou Y36; todas as idades; residência",final
27006,Arapiraca,AL,Nordeste,2023,141,438828.5,32.13100334185223,79.74910394265233,interpolação linear municipal 2022–2024; diagnóstico apenas,"CAUSABAS X85-X99, Y00-Y09, Y35 ou Y36; todas as idades; residência",final
27007,Traipu,AL,Nordeste,2023,6,34757.5,17.26246133927929,41.03942652329749,interpolação linear municipal 2022–2024; diagnóstico apenas,"CAUSABAS X85-X99, Y00-Y09, Y35 ou Y36; todas as idades; residência",final
27008,Serrana dos Quilombos,AL,Nordeste,2023,60,139363.0,43.053034162582605,90.86021505376344,interpolação linear municipal 2022–2024; diagnóstico apenas,"CAUSABAS X85-X99, Y00-Y09, Y35 ou Y36; todas as idades; residência",final
27009,Mata Alagoana,AL,Nordeste,2023,92,269181.5,34.17768308743357,82.25806451612904,interpolação linear municipal 2022–2024; diagnóstico apenas,"CAUSABAS X85-X99, Y00-Y09, Y35 ou Y36; todas as idades; residência",final
27010,Litoral Norte Alagoano,AL,Nordeste,2023,38,73960.0,51.379123850730124,96.415770609319,interpolação linear municipal 2022–2024; diagnóstico apenas,"CAUSABAS X85-X99, Y00-Y09, Y35 ou Y36; todas as idades; residência",final
27011,Maceió,AL,Nordeste,2023,573,1245019.0,46.02339402049286,93.18996415770609,interpolação linear municipal 2022–2024; diagnóstico apenas,"CAUSABAS X85-X99, Y00-Y09, Y35 ou Y36; todas as idades; residência",final
27012,São Miguel dos Campos,AL,Nordeste,2023,78,250472.0,31.141205404196878,78.31541218637993,interpolação linear municipal 2022–2024; diagnóstico apenas,"CAUSABAS X85-X99, Y00-Y09, Y35 ou Y36; todas as idades; residência",final
27013,Penedo,AL,Nordeste,2023,35,121395.0,28.831500473660366,72.93906810035843,interpolação linear municipal 2022–2024; diagnóstico apenas,"CAUSABAS X85-X99, Y00-Y09, Y35 ou Y36; todas as idades; residência",final
28001,Sergipana do Sertão do São Francisco,SE,Nordeste,2023,41,173151.0,23.678754382013388,62.18637992831541,interpolação linear municipal 2022–2024; diagnóstico apenas,"CAUSABAS X85-X99, Y00-Y09, Y35 ou Y36; todas as idades; residência",final
28002,Carira,SE,Nordeste,2023,21,69916.5,30.03582845251121,75.98566308243727,interpolação linear municipal 2022–2024; diagnóstico apenas,"CAUSABAS X85-X99, Y00-Y09, Y35 ou Y36; todas as idades; residência",final
28003,Nossa Senhora das Dores,SE,Nordeste,2023,26,64475.5,40.325394917449266,88.88888888888889,interpolação linear municipal 2022–2024; diagnóstico apenas,"CAUSABAS X85-X99, Y00-Y09, Y35 ou Y36; todas as idades; residência",final
28004,Agreste de Itabaiana,SE,Nordeste,2023,72,182811.0,39.38493854308548,87.99283154121864,interpolação linear municipal 2022–2024; diagnóstico apenas,"CAUSABAS X85-X99, Y00-Y09, Y35 ou Y36; todas as idades; residência",final
28005,Tobias Barreto,SE,Nordeste,2023,23,117194.5,19.625494370469603,48.5663082437276,interpolação linear municipal 2022–2024; diagnóstico apenas,"CAUSABAS X85-X99, Y00-Y09, Y35 ou Y36; todas as idades; residência",final
28006,Agreste de Lagarto,SE,Nordeste,2023,34,122014.5,27.86554057099771,71.32616487455198,interpolação linear municipal 2022–2024; diagnóstico apenas,"CAUSABAS X85-X99, Y00-Y09, Y35 ou Y36; todas as idades; residência",final
28007,Propriá,SE,Nordeste,2023,25,88319.0,28.306479919383147,71.86379928315412,interpolação linear municipal 2022–2024; diagnóstico apenas,"CAUSABAS X85-X99, Y00-Y09, Y35 ou Y36; todas as idades; residência",final
28008,Cotinguiba,SE,Nordeste,2023,23,48463.5,47.45839652522001,94.08602150537635,interpolação linear municipal 2022–2024; diagnóstico apenas,"CAUSABAS X85-X99, Y00-Y09, Y35 ou Y36; todas as idades; residência",final
28009,Japaratuba,SE,Nordeste,2023,13,53761.0,24.18109782184111,63.44086021505376,interpolação linear municipal 2022–2024; diagnóstico apenas,"CAUSABAS X85-X99, Y00-Y09, Y35 ou Y36; todas as idades; residência",final
28010,Baixo Cotinguiba,SE,Nordeste,2023,31,86412.5,35.874439461883405,84.58781362007169,interpolação linear municipal 2022–2024; diagnóstico apenas,"CAUSABAS X85-X99, Y00-Y09, Y35 ou Y36; todas as idades; residência",final
28011,Aracaju,SE,Nordeste,2023,307,954126.5,32.176026973362546,79.92831541218638,interpolação linear municipal 2022–2024; diagnóstico apenas,"CAUSABAS X85-X99, Y00-Y09, Y35 ou Y36; todas as idades; residência",final
28012,Boquim,SE,Nordeste,2023,56,158190.5,35.40035590000664,83.51254480286738,interpolação linear municipal 2022–2024; diagnóstico apenas,"CAUSABAS X85-X99, Y00-Y09, Y35 ou Y36; todas as idades; residência",final
28013,Estância,SE,Nordeste,2023,26,131704.5,19.741162982282304,48.924731182795696,interpolação linear municipal 2022–2024; diagnóstico apenas,"CAUSABAS X85-X99, Y00-Y09, Y35 ou Y36; todas as idades; residência",final
29001,Barreiras,BA,Nordeste,2023,113,377293.0,29.950197856838056,75.80645161290323,interpolação linear municipal 2022–2024; diagnóstico apenas,"CAUSABAS X85-X99, Y00-Y09, Y35 ou Y36; todas as idades; residência",final
29002,Cotegipe,BA,Nordeste,2023,14,118403.5,11.823974798042288,25.448028673835125,interpolação linear municipal 2022–2024; diagnóstico apenas,"CAUSABAS X85-X99, Y00-Y09, Y35 ou Y36; todas as idades; residência",final
29003,Santa Maria da Vitória,BA,Nordeste,2023,57,184344.0,30.92045306600703,77.95698924731182,interpolação linear municipal 2022–2024; diagnóstico apenas,"CAUSABAS X85-X99, Y00-Y09, Y35 ou Y36; todas as idades; residência",final
29004,Juazeiro,BA,Nordeste,2023,282,530074.0,53.200119228636005,96.95340501792114,interpolação linear municipal 2022–2024; diagnóstico apenas,"CAUSABAS X85-X99, Y00-Y09, Y35 ou Y36; todas as idades; residência",final
29005,Paulo Afonso,BA,Nordeste,2023,56,178400.5,31.39004655256011,78.67383512544802,interpolação linear municipal 2022–2024; diagnóstico apenas,"CAUSABAS X85-X99, Y00-Y09, Y35 ou Y36; todas as idades; residência",final
29006,Barra,BA,Nordeste,2023,39,176298.5,22.12157221984305,58.422939068100355,interpolação linear municipal 2022–2024; diagnóstico apenas,"CAUSABAS X85-X99, Y00-Y09, Y35 ou Y36; todas as idades; residência",final
29007,Bom Jesus da Lapa,BA,Nordeste,2023,42,181280.5,23.16851509125361,60.39426523297491,interpolação linear municipal 2022–2024; diagnóstico apenas,"CAUSABAS X85-X99, Y00-Y09, Y35 ou Y36; todas as idades; residência",final
29008,Senhor do Bonfim,BA,Nordeste,2023,130,295289.5,44.0245928148478,91.21863799283155,interpolação linear municipal 2022–2024; diagnóstico apenas,"CAUSABAS X85-X99, Y00-Y09, Y35 ou Y36; todas as idades; residência",final
29009,Irecê,BA,Nordeste,2023,75,395096.0,18.98272824832446,46.774193548387096,interpolação linear municipal 2022–2024; diagnóstico apenas,"CAUSABAS X85-X99, Y00-Y09, Y35 ou Y36; todas as idades; residência",final
29010,Jacobina,BA,Nordeste,2023,136,339757.5,40.0285497744715,88.5304659498208,interpolação linear municipal 2022–2024; diagnóstico apenas,"CAUSABAS X85-X99, Y00-Y09, Y35 ou Y36; todas as idades; residência",final
29011,Itaberaba,BA,Nordeste,2023,83,239427.0,34.666098643845515,82.79569892473118,interpolação linear municipal 2022–2024; diagnóstico apenas,"CAUSABAS X85-X99, Y00-Y09, Y35 ou Y36; todas as idades; residência",final
29012,Feira de Santana,BA,Nordeste,2023,640,1097182.5,58.33122566209359,98.74551971326164,interpolação linear municipal 2022–2024; diagnóstico apenas,"CAUSABAS X85-X99, Y00-Y09, Y35 ou Y36; todas as idades; residência",final
29013,Jeremoabo,BA,Nordeste,2023,30,99768.0,30.069761847486166,76.16487455197132,interpolação linear municipal 2022–2024; diagnóstico apenas,"CAUSABAS X85-X99, Y00-Y09, Y35 ou Y36; todas as idades; residência",final
29014,Euclides da Cunha,BA,Nordeste,2023,77,313135.5,24.58999378863144,64.69534050179212,interpolação linear municipal 2022–2024; diagnóstico apenas,"CAUSABAS X85-X99, Y00-Y09, Y35 ou Y36; todas as idades; residência",final
29015,Ribeira do Pombal,BA,Nordeste,2023,91,308471.5,29.500294192494284,74.91039426523298,interpolação linear municipal 2022–2024; diagnóstico apenas,"CAUSABAS X85-X99, Y00-Y09, Y35 ou Y36; todas as idades; residência",final
29016,Serrinha,BA,Nordeste,2023,141,434233.5,32.471009261146364,80.28673835125448,interpolação linear municipal 2022–2024; diagnóstico apenas,"CAUSABAS X85-X99, Y00-Y09, Y35 ou Y36; todas as idades; residência",final
29017,Alagoinhas,BA,Nordeste,2023,135,314798.5,42.88457537122953,90.68100358422939,interpolação linear municipal 2022–2024; diagnóstico apenas,"CAUSABAS X85-X99, Y00-Y09, Y35 ou Y36; todas as idades; residência",final
29018,Entre Rios,BA,Nordeste,2023,46,114303.5,40.243737068418724,88.70967741935483,interpolação linear municipal 2022–2024; diagnóstico apenas,"CAUSABAS X85-X99, Y00-Y09, Y35 ou Y36; todas as idades; residência",final
29019,Catu,BA,Nordeste,2023,111,209082.0,53.089218584096194,96.7741935483871,interpolação linear municipal 2022–2024; diagnóstico apenas,"CAUSABAS X85-X99, Y00-Y09, Y35 ou Y36; todas as idades; residência",final
29020,Santo Antônio de Jesus,BA,Nordeste,2023,251,553231.0,45.369836469756756,92.29390681003584,interpolação linear municipal 2022–2024; diagnóstico apenas,"CAUSABAS X85-X99, Y00-Y09, Y35 ou Y36; todas as idades; residência",final
29021,Salvador,BA,Nordeste,2023,2131,3400813.0,62.661487120873744,99.2831541218638,interpolação linear municipal 2022–2024; diagnóstico apenas,"CAUSABAS X85-X99, Y00-Y09, Y35 ou Y36; todas as idades; residência",final
29022,Boquira,BA,Nordeste,2023,14,183447.5,7.63161122391965,10.75268817204301,interpolação linear municipal 2022–2024; diagnóstico apenas,"CAUSABAS X85-X99, Y00-Y09, Y35 ou Y36; todas as idades; residência",final
29023,Seabra,BA,Nordeste,2023,72,273195.0,26.354801515401086,68.45878136200717,interpolação linear municipal 2022–2024; diagnóstico apenas,"CAUSABAS X85-X99, Y00-Y09, Y35 ou Y36; todas as idades; residência",final
29024,Jequié,BA,Nordeste,2023,227,514627.0,44.109617256770434,91.39784946236558,interpolação linear municipal 2022–2024; diagnóstico apenas,"CAUSABAS X85-X99, Y00-Y09, Y35 ou Y36; todas as idades; residência",final
29025,Livramento do Brumado,BA,Nordeste,2023,5,99277.5,5.036387902596258,3.763440860215054,interpolação linear municipal 2022–2024; diagnóstico apenas,"CAUSABAS X85-X99, Y00-Y09, Y35 ou Y36; todas as idades; residência",final
29026,Guanambi,BA,Nordeste,2023,30,387719.0,7.737562513057137,11.290322580645162,interpolação linear municipal 2022–2024; diagnóstico apenas,"CAUSABAS X85-X99, Y00-Y09, Y35 ou Y36; todas as idades; residência",final
29027,Brumado,BA,Nordeste,2023,40,237009.5,16.876960628160475,39.784946236559136,interpolação linear municipal 2022–2024; diagnóstico apenas,"CAUSABAS X85-X99, Y00-Y09, Y35 ou Y36; todas as idades; residência",final
29028,Vitória da Conquista,BA,Nordeste,2023,202,690199.5,29.266900367212667,74.19354838709677,interpolação linear municipal 2022–2024; diagnóstico apenas,"CAUSABAS X85-X99, Y00-Y09, Y35 ou Y36; todas as idades; residência",final
29029,Itapetinga,BA,Nordeste,2023,60,196766.5,30.492995504824247,77.06093189964157,interpolação linear municipal 2022–2024; diagnóstico apenas,"CAUSABAS X85-X99, Y00-Y09, Y35 ou Y36; todas as idades; residência",final
29030,Valença,BA,Nordeste,2023,135,267891.5,50.39353618909148,95.87813620071685,interpolação linear municipal 2022–2024; diagnóstico apenas,"CAUSABAS X85-X99, Y00-Y09, Y35 ou Y36; todas as idades; residência",final
29031,Ilhéus-Itabuna,BA,Nordeste,2023,533,967745.0,55.07649225777452,98.02867383512545,interpolação linear municipal 2022–2024; diagnóstico apenas,"CAUSABAS X85-X99, Y00-Y09, Y35 ou Y36; todas as idades; residência",final
29032,Porto Seguro,BA,Nordeste,2023,529,817508.5,64.70880730903716,99.46236559139786,interpolação linear municipal 2022–2024; diagnóstico apenas,"CAUSABAS X85-X99, Y00-Y09, Y35 ou Y36; todas as idades; residência",final
31001,Unaí,MG,Sudeste,2023,28,161403.5,17.347827029773207,41.577060931899645,interpolação linear municipal 2022–2024; diagnóstico apenas,"CAUSABAS X85-X99, Y00-Y09, Y35 ou Y36; todas as idades; residência",final
31002,Paracatu,MG,Sudeste,2023,54,235184.0,22.96074562895435,60.03584229390681,interpolação linear municipal 2022–2024; diagnóstico apenas,"CAUSABAS X85-X99, Y00-Y09, Y35 ou Y36; todas as idades; residência",final
31003,Januária,MG,Sudeste,2023,36,278789.5,12.912968386542534,28.85304659498208,interpolação linear municipal 2022–2024; diagnóstico apenas,"CAUSABAS X85-X99, Y00-Y09, Y35 ou Y36; todas as idades; residência",final
31004,Janaúba,MG,Sudeste,2023,28,253317.5,11.053322411598094,22.939068100358423,interpolação linear municipal 2022–2024; diagnóstico apenas,"CAUSABAS X85-X99, Y00-Y09, Y35 ou Y36; todas as idades; residência",final
31005,Salinas,MG,Sudeste,2023,18,214213.5,8.4028317543012,13.978494623655914,interpolação linear municipal 2022–2024; diagnóstico apenas,"CAUSABAS X85-X99, Y00-Y09, Y35 ou Y36; todas as idades; residência",final
31006,Pirapora,MG,Sudeste,2023,26,158884.0,16.36413987563254,38.53046594982079,interpolação linear municipal 2022–2024; diagnóstico apenas,"CAUSABAS X85-X99, Y00-Y09, Y35 ou Y36; todas as idades; residência",final
31007,Montes Claros,MG,Sudeste,2023,59,660830.0,8.92816609415432,15.412186379928315,interpolação linear municipal 2022–2024; diagnóstico apenas,"CAUSABAS X85-X99, Y00-Y09, Y35 ou Y36; todas as idades; residência",final
31008,Grão Mogol,MG,Sudeste,2023,6,37903.0,15.82988153971981,36.91756272401434,interpolação linear municipal 2022–2024; diagnóstico apenas,"CAUSABAS X85-X99, Y00-Y09, Y35 ou Y36; todas as idades; residência",final
31009,Bocaiúva,MG,Sudeste,2023,9,70345.5,12.793995351515022,28.67383512544803,interpolação linear municipal 2022–2024; diagnóstico apenas,"CAUSABAS X85-X99, Y00-Y09, Y35 ou Y36; todas as idades; residência",final
31010,Diamantina,MG,Sudeste,2023,9,85194.0,10.564124234100992,21.32616487455197,interpolação linear municipal 2022–2024; diagnóstico apenas,"CAUSABAS X85-X99, Y00-Y09, Y35 ou Y36; todas as idades; residência",final
31011,Capelinha,MG,Sudeste,2023,19,186818.5,10.170298980026068,19.892473118279568,interpolação linear municipal 2022–2024; diagnóstico apenas,"CAUSABAS X85-X99, Y00-Y09, Y35 ou Y36; todas as idades; residência",final
31012,Araçuaí,MG,Sudeste,2023,30,143944.5,20.84136594312391,55.017921146953405,interpolação linear municipal 2022–2024; diagnóstico apenas,"CAUSABAS X85-X99, Y00-Y09, Y35 ou Y36; todas as idades; residência",final
31013,Pedra Azul,MG,Sudeste,2023,11,80146.0,13.724951962668131,31.003584229390682,interpolação linear municipal 2022–2024; diagnóstico apenas,"CAUSABAS X85-X99, Y00-Y09, Y35 ou Y36; todas as idades; residência",final
31014,Almenara,MG,Sudeste,2023,34,179029.5,18.991283559413393,46.95340501792115,interpolação linear municipal 2022–2024; diagnóstico apenas,"CAUSABAS X85-X99, Y00-Y09, Y35 ou Y36; todas as idades; residência",final
31015,Teófilo Otoni,MG,Sudeste,2023,55,262229.0,20.97403414572759,55.55555555555556,interpolação linear municipal 2022–2024; diagnóstico apenas,"CAUSABAS X85-X99, Y00-Y09, Y35 ou Y36; todas as idades; residência",final
31016,Nanuque,MG,Sudeste,2023,52,109012.5,47.70095172571953,94.44444444444444,interpolação linear municipal 2022–2024; diagnóstico apenas,"CAUSABAS X85-X99, Y00-Y09, Y35 ou Y36; todas as idades; residência",final
31017,Ituiutaba,MG,Sudeste,2023,16,151770.0,10.542267905383145,21.14695340501792,interpolação linear municipal 2022–2024; diagnóstico apenas,"CAUSABAS X85-X99, Y00-Y09, Y35 ou Y36; todas as idades; residência",final
31018,Uberlândia,MG,Sudeste,2023,94,968470.5,9.706026151545142,18.63799283154122,interpolação linear municipal 2022–2024; diagnóstico apenas,"CAUSABAS X85-X99, Y00-Y09, Y35 ou Y36; todas as idades; residência",final
31019,Patrocínio,MG,Sudeste,2023,23,212560.5,10.820448766351227,22.043010752688172,interpolação linear municipal 2022–2024; diagnóstico apenas,"CAUSABAS X85-X99, Y00-Y09, Y35 ou Y36; todas as idades; residência",final
31020,Patos de Minas,MG,Sudeste,2023,43,295772.5,14.538200813124952,33.15412186379928,interpolação linear municipal 2022–2024; diagnóstico apenas,"CAUSABAS X85-X99, Y00-Y09, Y35 ou Y36; todas as idades; residência",final
31021,Frutal,MG,Sudeste,2023,16,193422.5,8.272046943866407,13.440860215053764,interpolação linear municipal 2022–2024; diagnóstico apenas,"CAUSABAS X85-X99, Y00-Y09, Y35 ou Y36; todas as idades; residência",final
31022,Uberaba,MG,Sudeste,2023,33,406915.5,8.109791836388636,13.261648745519713,interpolação linear municipal 2022–2024; diagnóstico apenas,"CAUSABAS X85-X99, Y00-Y09, Y35 ou Y36; todas as idades; residência",final
31023,Araxá,MG,Sudeste,2023,11,237086.5,4.63965683410907,2.5089605734767026,interpolação linear municipal 2022–2024; diagnóstico apenas,"CAUSABAS X85-X99, Y00-Y09, Y35 ou Y36; todas as idades; residência",final
31024,Três Marias,MG,Sudeste,2023,36,100951.0,35.66086517221226,84.05017921146954,interpolação linear municipal 2022–2024; diagnóstico apenas,"CAUSABAS X85-X99, Y00-Y09, Y35 ou Y36; todas as idades; residência",final
31025,Curvelo,MG,Sudeste,2023,16,156067.0,10.252007150774988,20.25089605734767,interpolação linear municipal 2022–2024; diagnóstico apenas,"CAUSABAS X85-X99, Y00-Y09, Y35 ou Y36; todas as idades; residência",final
31026,Bom Despacho,MG,Sudeste,2023,14,182069.5,7.6893713664287535,10.931899641577061,interpolação linear municipal 2022–2024; diagnóstico apenas,"CAUSABAS X85-X99, Y00-Y09, Y35 ou Y36; todas as idades; residência",final
31027,Sete Lagoas,MG,Sudeste,2023,52,430124.0,12.08953697073402,26.523297491039425,interpolação linear municipal 2022–2024; diagnóstico apenas,"CAUSABAS X85-X99, Y00-Y09, Y35 ou Y36; todas as idades; residência",final
31028,Conceição do Mato Dentro,MG,Sudeste,2023,14,90544.0,15.462095776638982,35.66308243727599,interpolação linear municipal 2022–2024; diagnóstico apenas,"CAUSABAS X85-X99, Y00-Y09, Y35 ou Y36; todas as idades; residência",final
31029,Pará de Minas,MG,Sudeste,2023,19,142615.5,13.322535068067637,30.28673835125448,interpolação linear municipal 2022–2024; diagnóstico apenas,"CAUSABAS X85-X99, Y00-Y09, Y35 ou Y36; todas as idades; residência",final
31030,Belo Horizonte,MG,Sudeste,2023,738,5117010.0,14.422485005892113,32.25806451612903,interpolação linear municipal 2022–2024; diagnóstico apenas,"CAUSABAS X85-X99, Y00-Y09, Y35 ou Y36; todas as idades; residência",final
31031,Itabira,MG,Sudeste,2023,30,401542.5,7.471189226545135,10.21505376344086,interpolação linear municipal 2022–2024; diagnóstico apenas,"CAUSABAS X85-X99, Y00-Y09, Y35 ou Y36; todas as idades; residência",final
31032,Itaguara,MG,Sudeste,2023,8,71508.0,11.187559433909493,23.29749103942652,interpolação linear municipal 2022–2024; diagnóstico apenas,"CAUSABAS X85-X99, Y00-Y09, Y35 ou Y36; todas as idades; residência",final
31033,Ouro Preto,MG,Sudeste,2023,26,197127.0,13.189466688987302,29.92831541218638,interpolação linear municipal 2022–2024; diagnóstico apenas,"CAUSABAS X85-X99, Y00-Y09, Y35 ou Y36; todas as idades; residência",final
31034,Conselheiro Lafaiete,MG,Sudeste,2023,33,276110.0,11.951758357176487,25.806451612903224,interpolação linear municipal 2022–2024; diagnóstico apenas,"CAUSABAS X85-X99, Y00-Y09, Y35 ou Y36; todas as idades; residência",final
31035,Guanhães,MG,Sudeste,2023,13,125874.0,10.327788105565883,20.43010752688172,interpolação linear municipal 2022–2024; diagnóstico apenas,"CAUSABAS X85-X99, Y00-Y09, Y35 ou Y36; todas as idades; residência",final
31036,Peçanha,MG,Sudeste,2023,9,76347.5,11.788205245751334,25.268817204301076,interpolação linear municipal 2022–2024; diagnóstico apenas,"CAUSABAS X85-X99, Y00-Y09, Y35 ou Y36; todas as idades; residência",final
31037,Governador Valadares,MG,Sudeste,2023,111,406056.0,27.336130977008096,69.71326164874552,interpolação linear municipal 2022–2024; diagnóstico apenas,"CAUSABAS X85-X99, Y00-Y09, Y35 ou Y36; todas as idades; residência",final
31038,Mantena,MG,Sudeste,2023,11,61022.0,18.026285601914065,43.18996415770609,interpolação linear municipal 2022–2024; diagnóstico apenas,"CAUSABAS X85-X99, Y00-Y09, Y35 ou Y36; todas as idades; residência",final
31039,Ipatinga,MG,Sudeste,2023,129,540232.5,23.878607821632354,62.72401433691756,interpolação linear municipal 2022–2024; diagnóstico apenas,"CAUSABAS X85-X99, Y00-Y09, Y35 ou Y36; todas as idades; residência",final
31040,Caratinga,MG,Sudeste,2023,52,262338.0,19.821756665065678,49.46236559139785,interpolação linear municipal 2022–2024; diagnóstico apenas,"CAUSABAS X85-X99, Y00-Y09, Y35 ou Y36; todas as idades; residência",final
31041,Aimorés,MG,Sudeste,2023,31,151237.5,20.49756178196545,53.225806451612904,interpolação linear municipal 2022–2024; diagnóstico apenas,"CAUSABAS X85-X99, Y00-Y09, Y35 ou Y36; todas as idades; residência",final
31042,Piuí,MG,Sudeste,2023,13,87115.5,14.922717541654471,34.229390681003586,interpolação linear municipal 2022–2024; diagnóstico apenas,"CAUSABAS X85-X99, Y00-Y09, Y35 ou Y36; todas as idades; residência",final
31043,Divinópolis,MG,Sudeste,2023,84,578885.5,14.510641569014943,32.795698924731184,interpolação linear municipal 2022–2024; diagnóstico apenas,"CAUSABAS X85-X99, Y00-Y09, Y35 ou Y36; todas as idades; residência",final
31044,Formiga,MG,Sudeste,2023,18,163260.0,11.025358324145534,22.580645161290324,interpolação linear municipal 2022–2024; diagnóstico apenas,"CAUSABAS X85-X99, Y00-Y09, Y35 ou Y36; todas as idades; residência",final
31045,Campo Belo,MG,Sudeste,2023,14,115279.5,12.144396878890003,26.881720430107528,interpolação linear municipal 2022–2024; diagnóstico apenas,"CAUSABAS X85-X99, Y00-Y09, Y35 ou Y36; todas as idades; residência",final
31046,Oliveira,MG,Sudeste,2023,11,128440.5,8.56427684414184,14.516129032258064,interpolação linear municipal 2022–2024; diagnóstico apenas,"CAUSABAS X85-X99, Y00-Y09, Y35 ou Y36; todas as idades; residência",final
31047,Passos,MG,Sudeste,2023,24,238339.0,10.0696906507118,19.53405017921147,interpolação linear municipal 2022–2024; diagnóstico apenas,"CAUSABAS X85-X99, Y00-Y09, Y35 ou Y36; todas as idades; residência",final
31048,São Sebastião do Paraíso,MG,Sudeste,2023,22,279736.0,7.864558011839734,12.007168458781361,interpolação linear municipal 2022–2024; diagnóstico apenas,"CAUSABAS X85-X99, Y00-Y09, Y35 ou Y36; todas as idades; residência",final
31049,Alfenas,MG,Sudeste,2023,11,236839.5,4.644495533895317,2.6881720430107525,interpolação linear municipal 2022–2024; diagnóstico apenas,"CAUSABAS X85-X99, Y00-Y09, Y35 ou Y36; todas as idades; residência",final
31050,Varginha,MG,Sudeste,2023,34,468710.0,7.253952337266114,9.67741935483871,interpolação linear municipal 2022–2024; diagnóstico apenas,"CAUSABAS X85-X99, Y00-Y09, Y35 ou Y36; todas as idades; residência",final
31051,Poços de Caldas,MG,Sudeste,2023,23,371009.5,6.199302174203086,7.526881720430108,interpolação linear municipal 2022–2024; diagnóstico apenas,"CAUSABAS X85-X99, Y00-Y09, Y35 ou Y36; todas as idades; residência",final
31052,Pouso Alegre,MG,Sudeste,2023,30,405592.5,7.39658647534163,9.85663082437276,interpolação linear municipal 2022–2024; diagnóstico apenas,"CAUSABAS X85-X99, Y00-Y09, Y35 ou Y36; todas as idades; residência",final
31053,Santa Rita do Sapucaí,MG,Sudeste,2023,7,148485.0,4.714280903794996,2.867383512544803,interpolação linear municipal 2022–2024; diagnóstico apenas,"CAUSABAS X85-X99, Y00-Y09, Y35 ou Y36; todas as idades; residência",final
31054,São Lourenço,MG,Sudeste,2023,17,216656.0,7.846540137360608,11.64874551971326,interpolação linear municipal 2022–2024; diagnóstico apenas,"CAUSABAS X85-X99, Y00-Y09, Y35 ou Y36; todas as idades; residência",final
31055,Andrelândia,MG,Sudeste,2023,9,75171.5,11.972622602981183,26.164874551971327,interpolação linear municipal 2022–2024; diagnóstico apenas,"CAUSABAS X85-X99, Y00-Y09, Y35 ou Y36; todas as idades; residência",final
31056,Itajubá,MG,Sudeste,2023,6,197690.5,3.0350472076301087,1.2544802867383513,interpolação linear municipal 2022–2024; diagnóstico apenas,"CAUSABAS X85-X99, Y00-Y09, Y35 ou Y36; todas as idades; residência",final
31057,Lavras,MG,Sudeste,2023,21,167395.5,12.5451401023325,28.315412186379927,interpolação linear municipal 2022–2024; diagnóstico apenas,"CAUSABAS X85-X99, Y00-Y09, Y35 ou Y36; todas as idades; residência",final
31058,São João Del Rei,MG,Sudeste,2023,14,195779.5,7.1509019075030835,9.498207885304659,interpolação linear municipal 2022–2024; diagnóstico apenas,"CAUSABAS X85-X99, Y00-Y09, Y35 ou Y36; todas as idades; residência",final
31059,Barbacena,MG,Sudeste,2023,13,225133.5,5.774351662458053,5.734767025089606,interpolação linear municipal 2022–2024; diagnóstico apenas,"CAUSABAS X85-X99, Y00-Y09, Y35 ou Y36; todas as idades; residência",final
31060,Ponte Nova,MG,Sudeste,2023,26,185778.0,13.995198570336639,31.36200716845878,interpolação linear municipal 2022–2024; diagnóstico apenas,"CAUSABAS X85-X99, Y00-Y09, Y35 ou Y36; todas as idades; residência",final
31061,Manhuaçu,MG,Sudeste,2023,60,302779.5,19.816401044324333,49.2831541218638,interpolação linear municipal 2022–2024; diagnóstico apenas,"CAUSABAS X85-X99, Y00-Y09, Y35 ou Y36; todas as idades; residência",final
31062,Viçosa,MG,Sudeste,2023,62,225895.5,27.44631920511918,69.89247311827957,interpolação linear municipal 2022–2024; diagnóstico apenas,"CAUSABAS X85-X99, Y00-Y09, Y35 ou Y36; todas as idades; residência",final
31063,Muriaé,MG,Sudeste,2023,18,284971.5,6.31642111579579,7.885304659498208,interpolação linear municipal 2022–2024; diagnóstico apenas,"CAUSABAS X85-X99, Y00-Y09, Y35 ou Y36; todas as idades; residência",final
31064,Ubá,MG,Sudeste,2023,64,281507.5,22.734740637460813,59.49820788530466,interpolação linear municipal 2022–2024; diagnóstico apenas,"CAUSABAS X85-X99, Y00-Y09, Y35 ou Y36; todas as idades; residência",final
31065,Juiz de Fora,MG,Sudeste,2023,100,768134.5,13.018553391365705,29.56989247311828,interpolação linear municipal 2022–2024; diagnóstico apenas,"CAUSABAS X85-X99, Y00-Y09, Y35 ou Y36; todas as idades; residência",final
31066,Cataguases,MG,Sudeste,2023,17,210736.0,8.066965302558652,13.082437275985663,interpolação linear municipal 2022–2024; diagnóstico apenas,"CAUSABAS X85-X99, Y00-Y09, Y35 ou Y36; todas as idades; residência",final
32001,Barra de São Francisco,ES,Sudeste,2023,37,91477.0,40.4473255572439,89.24731182795699,interpolação linear municipal 2022–2024; diagnóstico apenas,"CAUSABAS X85-X99, Y00-Y09, Y35 ou Y36; todas as idades; residência",final
32002,Nova Venécia,ES,Sudeste,2023,45,130666.5,34.43881943726969,82.61648745519713,interpolação linear municipal 2022–2024; diagnóstico apenas,"CAUSABAS X85-X99, Y00-Y09, Y35 ou Y36; todas as idades; residência",final
32003,Colatina,ES,Sudeste,2023,62,215420.5,28.78091917900107,72.75985663082437,interpolação linear municipal 2022–2024; diagnóstico apenas,"CAUSABAS X85-X99, Y00-Y09, Y35 ou Y36; todas as idades; residência",final
32004,Montanha,ES,Sudeste,2023,10,55855.5,17.903339868052385,42.831541218637994,interpolação linear municipal 2022–2024; diagnóstico apenas,"CAUSABAS X85-X99, Y00-Y09, Y35 ou Y36; todas as idades; residência",final
32005,São Mateus,ES,Sudeste,2023,98,208627.5,46.97367317347905,93.9068100358423,interpolação linear municipal 2022–2024; diagnóstico apenas,"CAUSABAS X85-X99, Y00-Y09, Y35 ou Y36; todas as idades; residência",final
32006,Linhares,ES,Sudeste,2023,145,364811.5,39.74655404229308,88.17204301075269,interpolação linear municipal 2022–2024; diagnóstico apenas,"CAUSABAS X85-X99, Y00-Y09, Y35 ou Y36; todas as idades; residência",final
32007,Afonso Cláudio,ES,Sudeste,2023,14,147789.5,9.472932786158692,17.921146953405017,interpolação linear municipal 2022–2024; diagnóstico apenas,"CAUSABAS X85-X99, Y00-Y09, Y35 ou Y36; todas as idades; residência",final
32008,Santa Teresa,ES,Sudeste,2023,23,115773.5,19.866377020648077,49.6415770609319,interpolação linear municipal 2022–2024; diagnóstico apenas,"CAUSABAS X85-X99, Y00-Y09, Y35 ou Y36; todas as idades; residência",final
32009,Vitória,ES,Sudeste,2023,557,1805029.0,30.85822997857652,77.77777777777777,interpolação linear municipal 2022–2024; diagnóstico apenas,"CAUSABAS X85-X99, Y00-Y09, Y35 ou Y36; todas as idades; residência",final
32010,Guarapari,ES,Sudeste,2023,35,222013.0,15.764842599307247,36.55913978494624,interpolação linear municipal 2022–2024; diagnóstico apenas,"CAUSABAS X85-X99, Y00-Y09, Y35 ou Y36; todas as idades; residência",final
32011,Alegre,ES,Sudeste,2023,30,170447.0,17.600779127822726,42.29390681003584,interpolação linear municipal 2022–2024; diagnóstico apenas,"CAUSABAS X85-X99, Y00-Y09, Y35 ou Y36; todas as idades; residência",final
32012,Cachoeiro de Itapemirim,ES,Sudeste,2023,68,340568.0,19.96664395950295,50.17921146953405,interpolação linear municipal 2022–2024; diagnóstico apenas,"CAUSABAS X85-X99, Y00-Y09, Y35 ou Y36; todas as idades; residência",final
32013,Itapemirim,ES,Sudeste,2023,19,99442.0,19.10661491120452,47.31182795698925,interpolação linear municipal 2022–2024; diagnóstico apenas,"CAUSABAS X85-X99, Y00-Y09, Y35 ou Y36; todas as idades; residência",final
33001,Itaperuna,RJ,Sudeste,2023,48,205326.0,23.377458285847872,61.29032258064516,interpolação linear municipal 2022–2024; diagnóstico apenas,"CAUSABAS X85-X99, Y00-Y09, Y35 ou Y36; todas as idades; residência",final
33002,Santo Antônio de Pádua,RJ,Sudeste,2023,25,126695.0,19.732428272623228,48.74551971326165,interpolação linear municipal 2022–2024; diagnóstico apenas,"CAUSABAS X85-X99, Y00-Y09, Y35 ou Y36; todas as idades; residência",final
33003,Campos dos Goytacazes,RJ,Sudeste,2023,193,638389.0,30.232350494761032,76.52329749103943,interpolação linear municipal 2022–2024; diagnóstico apenas,"CAUSABAS X85-X99, Y00-Y09, Y35 ou Y36; todas as idades; residência",final
33004,Macaé,RJ,Sudeste,2023,82,313546.5,26.152420773314326,67.74193548387096,interpolação linear municipal 2022–2024; diagnóstico apenas,"CAUSABAS X85-X99, Y00-Y09, Y35 ou Y36; todas as idades; residência",final
33005,Três Rios,RJ,Sudeste,2023,28,162521.5,17.228489769045943,40.86021505376344,interpolação linear municipal 2022–2024; diagnóstico apenas,"CAUSABAS X85-X99, Y00-Y09, Y35 ou Y36; todas as idades; residência",final
33006,Cantagalo-Cordeiro,RJ,Sudeste,2023,5,63783.5,7.839017927834001,11.469534050179211,interpolação linear municipal 2022–2024; diagnóstico apenas,"CAUSABAS X85-X99, Y00-Y09, Y35 ou Y36; todas as idades; residência",final
33007,Nova Friburgo,RJ,Sudeste,2023,38,252167.5,15.06934874636898,34.587813620071685,interpolação linear municipal 2022–2024; diagnóstico apenas,"CAUSABAS X85-X99, Y00-Y09, Y35 ou Y36; todas as idades; residência",final
33008,Santa Maria Madalena,RJ,Sudeste,2023,8,28757.0,27.819313558437944,71.14695340501792,interpolação linear municipal 2022–2024; diagnóstico apenas,"CAUSABAS X85-X99, Y00-Y09, Y35 ou Y36; todas as idades; residência",final
33009,Bacia de São João,RJ,Sudeste,2023,48,231320.5,20.75043067951176,54.48028673835125,interpolação linear municipal 2022–2024; diagnóstico apenas,"CAUSABAS X85-X99, Y00-Y09, Y35 ou Y36; todas as idades; residência",final
33010,Lagos,RJ,Sudeste,2023,202,665420.5,30.356744344365705,76.70250896057348,interpolação linear municipal 2022–2024; diagnóstico apenas,"CAUSABAS X85-X99, Y00-Y09, Y35 ou Y36; todas as idades; residência",final
33011,Vale do Paraíba Fluminense,RJ,Sudeste,2023,239,717204.0,33.32385206998288,81.54121863799283,interpolação linear municipal 2022–2024; diagnóstico apenas,"CAUSABAS X85-X99, Y00-Y09, Y35 ou Y36; todas as idades; residência",final
33012,Barra do Piraí,RJ,Sudeste,2023,29,174576.0,16.611676289982586,39.24731182795699,interpolação linear municipal 2022–2024; diagnóstico apenas,"CAUSABAS X85-X99, Y00-Y09, Y35 ou Y36; todas as idades; residência",final
33013,Baía da Ilha Grande,RJ,Sudeste,2023,100,219705.5,45.51547412331507,92.65232974910394,interpolação linear municipal 2022–2024; diagnóstico apenas,"CAUSABAS X85-X99, Y00-Y09, Y35 ou Y36; todas as idades; residência",final
33014,Vassouras,RJ,Sudeste,2023,41,165510.5,24.771842269825783,64.87455197132617,interpolação linear municipal 2022–2024; diagnóstico apenas,"CAUSABAS X85-X99, Y00-Y09, Y35 ou Y36; todas as idades; residência",final
33015,Serrana,RJ,Sudeste,2023,74,480279.0,15.40771093468588,35.483870967741936,interpolação linear municipal 2022–2024; diagnóstico apenas,"CAUSABAS X85-X99, Y00-Y09, Y35 ou Y36; todas as idades; residência",final
33016,Macacu-Caceribu,RJ,Sudeste,2023,27,116084.5,23.258919149412712,60.93189964157706,interpolação linear municipal 2022–2024; diagnóstico apenas,"CAUSABAS X85-X99, Y00-Y09, Y35 ou Y36; todas as idades; residência",final
33017,Itaguaí,RJ,Sudeste,2023,59,245499.0,24.03268445085316,62.903225806451616,interpolação linear municipal 2022–2024; diagnóstico apenas,"CAUSABAS X85-X99, Y00-Y09, Y35 ou Y36; todas as idades; residência",final
33018,Rio de Janeiro,RJ,Sudeste,2023,2873,11830641.0,24.28439845313538,63.799283154121866,interpolação linear municipal 2022–2024; diagnóstico apenas,"CAUSABAS X85-X99, Y00-Y09, Y35 ou Y36; todas as idades; residência",final
35001,Jales,SP,Sudeste,2023,10,161233.5,6.202185029785993,7.706093189964157,interpolação linear municipal 2022–2024; diagnóstico apenas,"CAUSABAS X85-X99, Y00-Y09, Y35 ou Y36; todas as idades; residência",final
35002,Fernandópolis,SP,Sudeste,2023,7,117164.0,5.974531426035301,6.451612903225806,interpolação linear municipal 2022–2024; diagnóstico apenas,"CAUSABAS X85-X99, Y00-Y09, Y35 ou Y36; todas as idades; residência",final
35003,Votuporanga,SP,Sudeste,2023,23,158570.0,14.504635176893485,32.61648745519713,interpolação linear municipal 2022–2024; diagnóstico apenas,"CAUSABAS X85-X99, Y00-Y09, Y35 ou Y36; todas as idades; residência",final
35004,São José do Rio Preto,SP,Sudeste,2023,86,908639.5,9.464699696634364,17.741935483870968,interpolação linear municipal 2022–2024; diagnóstico apenas,"CAUSABAS X85-X99, Y00-Y09, Y35 ou Y36; todas as idades; residência",final
35005,Catanduva,SP,Sudeste,2023,13,221925.0,5.857834854117382,6.093189964157706,interpolação linear municipal 2022–2024; diagnóstico apenas,"CAUSABAS X85-X99, Y00-Y09, Y35 ou Y36; todas as idades; residência",final
35006,Auriflama,SP,Sudeste,2023,2,43369.0,4.611588922963407,2.3297491039426523,interpolação linear municipal 2022–2024; diagnóstico apenas,"CAUSABAS X85-X99, Y00-Y09, Y35 ou Y36; todas as idades; residência",final
35007,Nhandeara,SP,Sudeste,2023,6,66875.5,8.971895537229628,15.591397849462366,interpolação linear municipal 2022–2024; diagnóstico apenas,"CAUSABAS X85-X99, Y00-Y09, Y35 ou Y36; todas as idades; residência",final
35008,Novo Horizonte,SP,Sudeste,2023,8,86748.0,9.222114630884862,17.204301075268816,interpolação linear municipal 2022–2024; diagnóstico apenas,"CAUSABAS X85-X99, Y00-Y09, Y35 ou Y36; todas as idades; residência",final
35009,Barretos,SP,Sudeste,2023,9,149911.5,6.003542089833002,6.630824372759856,interpolação linear municipal 2022–2024; diagnóstico apenas,"CAUSABAS X85-X99, Y00-Y09, Y35 ou Y36; todas as idades; residência",final
35010,São Joaquim da Barra,SP,Sudeste,2023,13,215421.5,6.0346808466193025,6.810035842293907,interpolação linear municipal 2022–2024; diagnóstico apenas,"CAUSABAS X85-X99, Y00-Y09, Y35 ou Y36; todas as idades; residência",final
35011,Ituverava,SP,Sudeste,2023,7,93067.0,7.521463032009198,10.57347670250896,interpolação linear municipal 2022–2024; diagnóstico apenas,"CAUSABAS X85-X99, Y00-Y09, Y35 ou Y36; todas as idades; residência",final
35012,Franca,SP,Sudeste,2023,38,430755.0,8.821720003250107,15.053763440860216,interpolação linear municipal 2022–2024; diagnóstico apenas,"CAUSABAS X85-X99, Y00-Y09, Y35 ou Y36; todas as idades; residência",final
35013,Jaboticabal,SP,Sudeste,2023,41,416023.0,9.855224350576771,19.17562724014337,interpolação linear municipal 2022–2024; diagnóstico apenas,"CAUSABAS X85-X99, Y00-Y09, Y35 ou Y36; todas as idades; residência",final
35014,Ribeirão Preto,SP,Sudeste,2023,89,1185086.5,7.5100003248708,10.394265232974911,interpolação linear municipal 2022–2024; diagnóstico apenas,"CAUSABAS X85-X99, Y00-Y09, Y35 ou Y36; todas as idades; residência",final
35015,Batatais,SP,Sudeste,2023,8,111960.0,7.145409074669525,9.31899641577061,interpolação linear municipal 2022–2024; diagnóstico apenas,"CAUSABAS X85-X99, Y00-Y09, Y35 ou Y36; todas as idades; residência",final
35016,Andradina,SP,Sudeste,2023,25,190080.5,13.152322305549491,29.74910394265233,interpolação linear municipal 2022–2024; diagnóstico apenas,"CAUSABAS X85-X99, Y00-Y09, Y35 ou Y36; todas as idades; residência",final
35017,Araçatuba,SP,Sudeste,2023,45,283506.0,15.872679943281623,37.096774193548384,interpolação linear municipal 2022–2024; diagnóstico apenas,"CAUSABAS X85-X99, Y00-Y09, Y35 ou Y36; todas as idades; residência",final
35018,Birigui,SP,Sudeste,2023,32,274556.5,11.655160231136396,24.551971326164875,interpolação linear municipal 2022–2024; diagnóstico apenas,"CAUSABAS X85-X99, Y00-Y09, Y35 ou Y36; todas as idades; residência",final
35019,Lins,SP,Sudeste,2023,15,164725.5,9.10605826056075,16.487455197132615,interpolação linear municipal 2022–2024; diagnóstico apenas,"CAUSABAS X85-X99, Y00-Y09, Y35 ou Y36; todas as idades; residência",final
35020,Bauru,SP,Sudeste,2023,62,618529.5,10.023774128800648,19.35483870967742,interpolação linear municipal 2022–2024; diagnóstico apenas,"CAUSABAS X85-X99, Y00-Y09, Y35 ou Y36; todas as idades; residência",final
35021,Jaú,SP,Sudeste,2023,23,357515.5,6.433287507814346,8.064516129032258,interpolação linear municipal 2022–2024; diagnóstico apenas,"CAUSABAS X85-X99, Y00-Y09, Y35 ou Y36; todas as idades; residência",final
35022,Avaré,SP,Sudeste,2023,20,203017.5,9.851367492950114,18.996415770609318,interpolação linear municipal 2022–2024; diagnóstico apenas,"CAUSABAS X85-X99, Y00-Y09, Y35 ou Y36; todas as idades; residência",final
35023,Botucatu,SP,Sudeste,2023,9,229580.0,3.920202108197578,2.150537634408602,interpolação linear municipal 2022–2024; diagnóstico apenas,"CAUSABAS X85-X99, Y00-Y09, Y35 ou Y36; todas as idades; residência",final
35024,Araraquara,SP,Sudeste,2023,31,548920.5,5.647448036646472,5.197132616487456,interpolação linear municipal 2022–2024; diagnóstico apenas,"CAUSABAS X85-X99, Y00-Y09, Y35 ou Y36; todas as idades; residência",final
35025,São Carlos,SP,Sudeste,2023,40,348720.0,11.470520761642579,24.014336917562723,interpolação linear municipal 2022–2024; diagnóstico apenas,"CAUSABAS X85-X99, Y00-Y09, Y35 ou Y36; todas as idades; residência",final
35026,Rio Claro,SP,Sudeste,2023,36,266153.0,13.52605456260121,30.64516129032258,interpolação linear municipal 2022–2024; diagnóstico apenas,"CAUSABAS X85-X99, Y00-Y09, Y35 ou Y36; todas as idades; residência",final
35027,Limeira,SP,Sudeste,2023,57,632906.0,9.006076731773755,15.949820788530467,interpolação linear municipal 2022–2024; diagnóstico apenas,"CAUSABAS X85-X99, Y00-Y09, Y35 ou Y36; todas as idades; residência",final
35028,Piracicaba,SP,Sudeste,2023,45,638655.0,7.0460577306996734,9.13978494623656,interpolação linear municipal 2022–2024; diagnóstico apenas,"CAUSABAS X85-X99, Y00-Y09, Y35 ou Y36; todas as idades; residência",final
35029,Pirassununga,SP,Sudeste,2023,23,189479.0,12.138548335171707,26.70250896057348,interpolação linear municipal 2022–2024; diagnóstico apenas,"CAUSABAS X85-X99, Y00-Y09, Y35 ou Y36; todas as idades; residência",final
35030,São João da Boa Vista,SP,Sudeste,2023,20,418875.5,4.774688421738679,3.046594982078853,interpolação linear municipal 2022–2024; diagnóstico apenas,"CAUSABAS X85-X99, Y00-Y09, Y35 ou Y36; todas as idades; residência",final
35031,Mogi Mirim,SP,Sudeste,2023,34,430814.0,7.892036934732855,12.365591397849462,interpolação linear municipal 2022–2024; diagnóstico apenas,"CAUSABAS X85-X99, Y00-Y09, Y35 ou Y36; todas as idades; residência",final
35032,Campinas,SP,Sudeste,2023,251,3026185.0,8.294271500255272,13.620071684587813,interpolação linear municipal 2022–2024; diagnóstico apenas,"CAUSABAS X85-X99, Y00-Y09, Y35 ou Y36; todas as idades; residência",final
35033,Amparo,SP,Sudeste,2023,10,196003.0,5.10196272506033,4.121863799283154,interpolação linear municipal 2022–2024; diagnóstico apenas,"CAUSABAS X85-X99, Y00-Y09, Y35 ou Y36; todas as idades; residência",final
35034,Dracena,SP,Sudeste,2023,4,125451.0,3.1884959067683796,1.4336917562724014,interpolação linear municipal 2022–2024; diagnóstico apenas,"CAUSABAS X85-X99, Y00-Y09, Y35 ou Y36; todas as idades; residência",final
35035,Adamantina,SP,Sudeste,2023,6,160844.5,3.7303109525038156,1.971326164874552,interpolação linear municipal 2022–2024; diagnóstico apenas,"CAUSABAS X85-X99, Y00-Y09, Y35 ou Y36; todas as idades; residência",final
35036,Presidente Prudente,SP,Sudeste,2023,51,598110.0,8.526859607764457,14.336917562724015,interpolação linear municipal 2022–2024; diagnóstico apenas,"CAUSABAS X85-X99, Y00-Y09, Y35 ou Y36; todas as idades; residência",final
35037,Tupã,SP,Sudeste,2023,6,114260.0,5.251181515841064,4.301075268817204,interpolação linear municipal 2022–2024; diagnóstico apenas,"CAUSABAS X85-X99, Y00-Y09, Y35 ou Y36; todas as idades; residência",final
35038,Marília,SP,Sudeste,2023,24,354404.5,6.771923042737889,8.422939068100359,interpolação linear municipal 2022–2024; diagnóstico apenas,"CAUSABAS X85-X99, Y00-Y09, Y35 ou Y36; todas as idades; residência",final
35039,Assis,SP,Sudeste,2023,25,272435.5,9.176483975106034,17.025089605734767,interpolação linear municipal 2022–2024; diagnóstico apenas,"CAUSABAS X85-X99, Y00-Y09, Y35 ou Y36; todas as idades; residência",final
35040,Ourinhos,SP,Sudeste,2023,21,304419.0,6.898386762981286,8.78136200716846,interpolação linear municipal 2022–2024; diagnóstico apenas,"CAUSABAS X85-X99, Y00-Y09, Y35 ou Y36; todas as idades; residência",final
35041,Itapeva,SP,Sudeste,2023,30,245895.5,12.200304600938203,27.240143369175627,interpolação linear municipal 2022–2024; diagnóstico apenas,"CAUSABAS X85-X99, Y00-Y09, Y35 ou Y36; todas as idades; residência",final
35042,Itapetininga,SP,Sudeste,2023,17,212440.5,8.002240627375665,12.903225806451612,interpolação linear municipal 2022–2024; diagnóstico apenas,"CAUSABAS X85-X99, Y00-Y09, Y35 ou Y36; todas as idades; residência",final
35043,Tatuí,SP,Sudeste,2023,15,304866.0,4.920194446084509,3.4050179211469533,interpolação linear municipal 2022–2024; diagnóstico apenas,"CAUSABAS X85-X99, Y00-Y09, Y35 ou Y36; todas as idades; residência",final
35044,Capão Bonito,SP,Sudeste,2023,13,135304.0,9.607993850883936,18.27956989247312,interpolação linear municipal 2022–2024; diagnóstico apenas,"CAUSABAS X85-X99, Y00-Y09, Y35 ou Y36; todas as idades; residência",final
35045,Piedade,SP,Sudeste,2023,12,198780.0,6.0368246302444915,6.989247311827957,interpolação linear municipal 2022–2024; diagnóstico apenas,"CAUSABAS X85-X99, Y00-Y09, Y35 ou Y36; todas as idades; residência",final
35046,Sorocaba,SP,Sudeste,2023,124,1603743.0,7.73191215799539,11.11111111111111,interpolação linear municipal 2022–2024; diagnóstico apenas,"CAUSABAS X85-X99, Y00-Y09, Y35 ou Y36; todas as idades; residência",final
35047,Jundiaí,SP,Sudeste,2023,38,773434.5,4.913150370199416,3.225806451612903,interpolação linear municipal 2022–2024; diagnóstico apenas,"CAUSABAS X85-X99, Y00-Y09, Y35 ou Y36; todas as idades; residência",final
35048,Bragança Paulista,SP,Sudeste,2023,33,617042.0,5.348096239802153,4.838709677419355,interpolação linear municipal 2022–2024; diagnóstico apenas,"CAUSABAS X85-X99, Y00-Y09, Y35 ou Y36; todas as idades; residência",final
35049,Campos do Jordão,SP,Sudeste,2023,0,70674.5,0.0,0.26881720430107525,interpolação linear municipal 2022–2024; diagnóstico apenas,"CAUSABAS X85-X99, Y00-Y09, Y35 ou Y36; todas as idades; residência",final
35050,São José dos Campos,SP,Sudeste,2023,145,1615688.5,8.974502201383498,15.770609318996415,interpolação linear municipal 2022–2024; diagnóstico apenas,"CAUSABAS X85-X99, Y00-Y09, Y35 ou Y36; todas as idades; residência",final
35051,Guaratinguetá,SP,Sudeste,2023,103,412110.5,24.99329670076351,65.23297491039426,interpolação linear municipal 2022–2024; diagnóstico apenas,"CAUSABAS X85-X99, Y00-Y09, Y35 ou Y36; todas as idades; residência",final
35052,Bananal,SP,Sudeste,2023,3,26107.5,11.490950876185003,24.372759856630825,interpolação linear municipal 2022–2024; diagnóstico apenas,"CAUSABAS X85-X99, Y00-Y09, Y35 ou Y36; todas as idades; residência",final
35053,Paraibuna/Paraitinga,SP,Sudeste,2023,9,73746.0,12.204051745179399,27.419354838709676,interpolação linear municipal 2022–2024; diagnóstico apenas,"CAUSABAS X85-X99, Y00-Y09, Y35 ou Y36; todas as idades; residência",final
35054,Caraguatatuba,SP,Sudeste,2023,70,351206.5,19.931293982315246,50.0,interpolação linear municipal 2022–2024; diagnóstico apenas,"CAUSABAS X85-X99, Y00-Y09, Y35 ou Y36; todas as idades; residência",final
35055,Registro,SP,Sudeste,2023,24,249535.5,9.61787000246458,18.45878136200717,interpolação linear municipal 2022–2024; diagnóstico apenas,"CAUSABAS X85-X99, Y00-Y09, Y35 ou Y36; todas as idades; residência",final
35056,Itanhaém,SP,Sudeste,2023,34,274693.0,12.377454103308057,27.59856630824373,interpolação linear municipal 2022–2024; diagnóstico apenas,"CAUSABAS X85-X99, Y00-Y09, Y35 ou Y36; todas as idades; residência",final
35057,Osasco,SP,Sudeste,2023,167,2087891.5,7.998499922050547,12.544802867383513,interpolação linear municipal 2022–2024; diagnóstico apenas,"CAUSABAS X85-X99, Y00-Y09, Y35 ou Y36; todas as idades; residência",final
35058,Franco da Rocha,SP,Sudeste,2023,29,507711.0,5.7119109099468,5.555555555555555,interpolação linear municipal 2022–2024; diagnóstico apenas,"CAUSABAS X85-X99, Y00-Y09, Y35 ou Y36; todas as idades; residência",final
35059,Guarulhos,SP,Sudeste,2023,99,1460758.0,6.777303290483434,8.602150537634408,interpolação linear municipal 2022–2024; diagnóstico apenas,"CAUSABAS X85-X99, Y00-Y09, Y35 ou Y36; todas as idades; residência",final
35060,Itapecerica da Serra,SP,Sudeste,2023,62,1138963.0,5.443548210082329,5.017921146953405,interpolação linear municipal 2022–2024; diagnóstico apenas,"CAUSABAS X85-X99, Y00-Y09, Y35 ou Y36; todas as idades; residência",final
35061,São Paulo,SP,Sudeste,2023,422,14416559.0,2.927189490918048,1.075268817204301,interpolação linear municipal 2022–2024; diagnóstico apenas,"CAUSABAS X85-X99, Y00-Y09, Y35 ou Y36; todas as idades; residência",final
35062,Mogi das Cruzes,SP,Sudeste,2023,105,1513555.0,6.937309843381971,8.960573476702509,interpolação linear municipal 2022–2024; diagnóstico apenas,"CAUSABAS X85-X99, Y00-Y09, Y35 ou Y36; todas as idades; residência",final
35063,Santos,SP,Sudeste,2023,179,1586615.5,11.2818764218552,23.476702508960575,interpolação linear municipal 2022–2024; diagnóstico apenas,"CAUSABAS X85-X99, Y00-Y09, Y35 ou Y36; todas as idades; residência",final
41001,Paranavaí,PR,Sul,2023,58,285545.0,20.312034880666793,51.971326164874554,interpolação linear municipal 2022–2024; diagnóstico apenas,"CAUSABAS X85-X99, Y00-Y09, Y35 ou Y36; todas as idades; residência",final
41002,Umuarama,PR,Sul,2023,60,294200.0,20.394289598912305,52.32974910394265,interpolação linear municipal 2022–2024; diagnóstico apenas,"CAUSABAS X85-X99, Y00-Y09, Y35 ou Y36; todas as idades; residência",final
41003,Cianorte,PR,Sul,2023,33,155931.5,21.16313894242023,55.7347670250896,interpolação linear municipal 2022–2024; diagnóstico apenas,"CAUSABAS X85-X99, Y00-Y09, Y35 ou Y36; todas as idades; residência",final
41004,Goioerê,PR,Sul,2023,25,116295.0,21.497054903478222,56.630824372759854,interpolação linear municipal 2022–2024; diagnóstico apenas,"CAUSABAS X85-X99, Y00-Y09, Y35 ou Y36; todas as idades; residência",final
41005,Campo Mourão,PR,Sul,2023,56,229068.5,24.446835771832443,64.15770609318996,interpolação linear municipal 2022–2024; diagnóstico apenas,"CAUSABAS X85-X99, Y00-Y09, Y35 ou Y36; todas as idades; residência",final
41006,Astorga,PR,Sul,2023,35,205229.5,17.05407848286918,40.14336917562724,interpolação linear municipal 2022–2024; diagnóstico apenas,"CAUSABAS X85-X99, Y00-Y09, Y35 ou Y36; todas as idades; residência",final
41007,Porecatu,PR,Sul,2023,16,80290.0,19.927761863245735,49.82078853046595,interpolação linear municipal 2022–2024; diagnóstico apenas,"CAUSABAS X85-X99, Y00-Y09, Y35 ou Y36; todas as idades; residência",final
41008,Floraí,PR,Sul,2023,4,39302.5,10.177469626614084,20.07168458781362,interpolação linear municipal 2022–2024; diagnóstico apenas,"CAUSABAS X85-X99, Y00-Y09, Y35 ou Y36; todas as idades; residência",final
41009,Maringá,PR,Sul,2023,117,667382.0,17.53118903416634,41.935483870967744,interpolação linear municipal 2022–2024; diagnóstico apenas,"CAUSABAS X85-X99, Y00-Y09, Y35 ou Y36; todas as idades; residência",final
41010,Apucarana,PR,Sul,2023,63,324314.5,19.42558843344963,48.2078853046595,interpolação linear municipal 2022–2024; diagnóstico apenas,"CAUSABAS X85-X99, Y00-Y09, Y35 ou Y36; todas as idades; residência",final
41011,Londrina,PR,Sul,2023,147,815140.5,18.033700938672535,43.369175627240146,interpolação linear municipal 2022–2024; diagnóstico apenas,"CAUSABAS X85-X99, Y00-Y09, Y35 ou Y36; todas as idades; residência",final
41012,Faxinal,PR,Sul,2023,6,46374.0,12.93828438349075,29.032258064516128,interpolação linear municipal 2022–2024; diagnóstico apenas,"CAUSABAS X85-X99, Y00-Y09, Y35 ou Y36; todas as idades; residência",final
41013,Ivaiporã,PR,Sul,2023,20,133661.5,14.963171893177917,34.40860215053763,interpolação linear municipal 2022–2024; diagnóstico apenas,"CAUSABAS X85-X99, Y00-Y09, Y35 ou Y36; todas as idades; residência",final
41014,Assaí,PR,Sul,2023,14,66080.0,21.1864406779661,55.913978494623656,interpolação linear municipal 2022–2024; diagnóstico apenas,"CAUSABAS X85-X99, Y00-Y09, Y35 ou Y36; todas as idades; residência",final
41015,Cornélio Procópio,PR,Sul,2023,36,168123.0,21.4128941310826,56.45161290322581,interpolação linear municipal 2022–2024; diagnóstico apenas,"CAUSABAS X85-X99, Y00-Y09, Y35 ou Y36; todas as idades; residência",final
41016,Jacarezinho,PR,Sul,2023,24,127916.5,18.762239429627922,46.415770609319,interpolação linear municipal 2022–2024; diagnóstico apenas,"CAUSABAS X85-X99, Y00-Y09, Y35 ou Y36; todas as idades; residência",final
41017,Ibaiti,PR,Sul,2023,9,78329.5,11.489923975003032,24.193548387096776,interpolação linear municipal 2022–2024; diagnóstico apenas,"CAUSABAS X85-X99, Y00-Y09, Y35 ou Y36; todas as idades; residência",final
41018,Wenceslau Braz,PR,Sul,2023,16,110167.0,14.523405375475415,32.97491039426523,interpolação linear municipal 2022–2024; diagnóstico apenas,"CAUSABAS X85-X99, Y00-Y09, Y35 ou Y36; todas as idades; residência",final
41019,Telêmaco Borba,PR,Sul,2023,43,169628.0,25.349588511330676,66.30824372759857,interpolação linear municipal 2022–2024; diagnóstico apenas,"CAUSABAS X85-X99, Y00-Y09, Y35 ou Y36; todas as idades; residência",final
41020,Jaguariaíva,PR,Sul,2023,15,102862.0,14.582644708444324,33.333333333333336,interpolação linear municipal 2022–2024; diagnóstico apenas,"CAUSABAS X85-X99, Y00-Y09, Y35 ou Y36; todas as idades; residência",final
41021,Ponta Grossa,PR,Sul,2023,103,497701.0,20.695156328799822,54.30107526881721,interpolação linear municipal 2022–2024; diagnóstico apenas,"CAUSABAS X85-X99, Y00-Y09, Y35 ou Y36; todas as idades; residência",final
41022,Toledo,PR,Sul,2023,86,447854.5,19.202665151293555,47.4910394265233,interpolação linear municipal 2022–2024; diagnóstico apenas,"CAUSABAS X85-X99, Y00-Y09, Y35 ou Y36; todas as idades; residência",final
41023,Cascavel,PR,Sul,2023,111,511041.5,21.720349521516354,56.81003584229391,interpolação linear municipal 2022–2024; diagnóstico apenas,"CAUSABAS X85-X99, Y00-Y09, Y35 ou Y36; todas as idades; residência",final
41024,Foz do Iguaçu,PR,Sul,2023,140,470893.0,29.73074562586405,75.08960573476702,interpolação linear municipal 2022–2024; diagnóstico apenas,"CAUSABAS X85-X99, Y00-Y09, Y35 ou Y36; todas as idades; residência",final
41025,Capanema,PR,Sul,2023,7,105060.5,6.662827608853946,8.243727598566307,interpolação linear municipal 2022–2024; diagnóstico apenas,"CAUSABAS X85-X99, Y00-Y09, Y35 ou Y36; todas as idades; residência",final
41026,Francisco Beltrão,PR,Sul,2023,26,284121.0,9.151030722825839,16.845878136200717,interpolação linear municipal 2022–2024; diagnóstico apenas,"CAUSABAS X85-X99, Y00-Y09, Y35 ou Y36; todas as idades; residência",final
41027,Pato Branco,PR,Sul,2023,25,193075.5,12.948302607011247,29.39068100358423,interpolação linear municipal 2022–2024; diagnóstico apenas,"CAUSABAS X85-X99, Y00-Y09, Y35 ou Y36; todas as idades; residência",final
41028,Pitanga,PR,Sul,2023,9,72150.0,12.474012474012474,27.77777777777778,interpolação linear municipal 2022–2024; diagnóstico apenas,"CAUSABAS X85-X99, Y00-Y09, Y35 ou Y36; todas as idades; residência",final
41029,Guarapuava,PR,Sul,2023,95,393755.5,24.126647119849753,63.08243727598566,interpolação linear municipal 2022–2024; diagnóstico apenas,"CAUSABAS X85-X99, Y00-Y09, Y35 ou Y36; todas as idades; residência",final
41030,Palmas,PR,Sul,2023,35,91264.0,38.35028050490884,86.55913978494624,interpolação linear municipal 2022–2024; diagnóstico apenas,"CAUSABAS X85-X99, Y00-Y09, Y35 ou Y36; todas as idades; residência",final
41031,Prudentópolis,PR,Sul,2023,24,131635.5,18.232163815991886,44.086021505376344,interpolação linear municipal 2022–2024; diagnóstico apenas,"CAUSABAS X85-X99, Y00-Y09, Y35 ou Y36; todas as idades; residência",final
41032,Irati,PR,Sul,2023,2,102318.0,1.954690279325241,0.7168458781362007,interpolação linear municipal 2022–2024; diagnóstico apenas,"CAUSABAS X85-X99, Y00-Y09, Y35 ou Y36; todas as idades; residência",final
41033,União da Vitória,PR,Sul,2023,25,113865.0,21.955824880340753,57.88530465949821,interpolação linear municipal 2022–2024; diagnóstico apenas,"CAUSABAS X85-X99, Y00-Y09, Y35 ou Y36; todas as idades; residência",final
41034,São Mateus do Sul,PR,Sul,2023,9,63758.5,14.115764956829285,31.899641577060933,interpolação linear municipal 2022–2024; diagnóstico apenas,"CAUSABAS X85-X99, Y00-Y09, Y35 ou Y36; todas as idades; residência",final
41035,Cerro Azul,PR,Sul,2023,3,28213.5,10.6332075070445,21.684587813620073,interpolação linear municipal 2022–2024; diagnóstico apenas,"CAUSABAS X85-X99, Y00-Y09, Y35 ou Y36; todas as idades; residência",final
41036,Lapa,PR,Sul,2023,8,49528.5,16.15231634311558,38.17204301075269,interpolação linear municipal 2022–2024; diagnóstico apenas,"CAUSABAS X85-X99, Y00-Y09, Y35 ou Y36; todas as idades; residência",final
41037,Curitiba,PR,Sul,2023,550,3455287.5,15.9176334820185,37.27598566308244,interpolação linear municipal 2022–2024; diagnóstico apenas,"CAUSABAS X85-X99, Y00-Y09, Y35 ou Y36; todas as idades; residência",final
41038,Paranaguá,PR,Sul,2023,126,306997.0,41.0427463460555,89.60573476702508,interpolação linear municipal 2022–2024; diagnóstico apenas,"CAUSABAS X85-X99, Y00-Y09, Y35 ou Y36; todas as idades; residência",final
41039,Rio Negro,PR,Sul,2023,25,100162.0,24.95956550388371,65.05376344086021,interpolação linear municipal 2022–2024; diagnóstico apenas,"CAUSABAS X85-X99, Y00-Y09, Y35 ou Y36; todas as idades; residência",final
42001,São Miguel do Oeste,SC,Sul,2023,16,187933.5,8.513649775053409,14.157706093189963,interpolação linear municipal 2022–2024; diagnóstico apenas,"CAUSABAS X85-X99, Y00-Y09, Y35 ou Y36; todas as idades; residência",final
42002,Chapecó,SC,Sul,2023,46,515402.0,8.925072079658209,15.232974910394265,interpolação linear municipal 2022–2024; diagnóstico apenas,"CAUSABAS X85-X99, Y00-Y09, Y35 ou Y36; todas as idades; residência",final
42003,Xanxerê,SC,Sul,2023,27,170591.5,15.827283305440188,36.738351254480285,interpolação linear municipal 2022–2024; diagnóstico apenas,"CAUSABAS X85-X99, Y00-Y09, Y35 ou Y36; todas as idades; residência",final
42004,Joaçaba,SC,Sul,2023,33,351457.5,9.389470988668617,17.56272401433692,interpolação linear municipal 2022–2024; diagnóstico apenas,"CAUSABAS X85-X99, Y00-Y09, Y35 ou Y36; todas as idades; residência",final
42005,Concórdia,SC,Sul,2023,8,162477.5,4.923758674277977,3.5842293906810037,interpolação linear municipal 2022–2024; diagnóstico apenas,"CAUSABAS X85-X99, Y00-Y09, Y35 ou Y36; todas as idades; residência",final
42006,Canoinhas,SC,Sul,2023,35,254248.0,13.766086655548913,31.182795698924732,interpolação linear municipal 2022–2024; diagnóstico apenas,"CAUSABAS X85-X99, Y00-Y09, Y35 ou Y36; todas as idades; residência",final
42007,São Bento do Sul,SC,Sul,2023,7,137436.5,5.093261251559811,3.942652329749104,interpolação linear municipal 2022–2024; diagnóstico apenas,"CAUSABAS X85-X99, Y00-Y09, Y35 ou Y36; todas as idades; residência",final
42008,Joinville,SC,Sul,2023,99,1096148.5,9.031622996336719,16.129032258064516,interpolação linear municipal 2022–2024; diagnóstico apenas,"CAUSABAS X85-X99, Y00-Y09, Y35 ou Y36; todas as idades; residência",final
42009,Curitibanos,SC,Sul,2023,20,131502.0,15.208894161305532,35.12544802867384,interpolação linear municipal 2022–2024; diagnóstico apenas,"CAUSABAS X85-X99, Y00-Y09, Y35 ou Y36; todas as idades; residência",final
42010,Campos de Lages,SC,Sul,2023,32,298238.0,10.729685687269898,21.863799283154123,interpolação linear municipal 2022–2024; diagnóstico apenas,"CAUSABAS X85-X99, Y00-Y09, Y35 ou Y36; todas as idades; residência",final
42011,Rio do Sul,SC,Sul,2023,13,244611.5,5.314549806529946,4.480286738351254,interpolação linear municipal 2022–2024; diagnóstico apenas,"CAUSABAS X85-X99, Y00-Y09, Y35 ou Y36; todas as idades; residência",final
42012,Blumenau,SC,Sul,2023,30,848617.5,3.535161601074689,1.6129032258064515,interpolação linear municipal 2022–2024; diagnóstico apenas,"CAUSABAS X85-X99, Y00-Y09, Y35 ou Y36; todas as idades; residência",final
42013,Itajaí,SC,Sul,2023,94,886694.5,10.601170978279441,21.50537634408602,interpolação linear municipal 2022–2024; diagnóstico apenas,"CAUSABAS X85-X99, Y00-Y09, Y35 ou Y36; todas as idades; residência",final
42014,Ituporanga,SC,Sul,2023,9,63887.0,14.087373017984879,31.54121863799283,interpolação linear municipal 2022–2024; diagnóstico apenas,"CAUSABAS X85-X99, Y00-Y09, Y35 ou Y36; todas as idades; residência",final
42015,Tijucas,SC,Sul,2023,10,126956.0,7.876744698950818,12.186379928315413,interpolação linear municipal 2022–2024; diagnóstico apenas,"CAUSABAS X85-X99, Y00-Y09, Y35 ou Y36; todas as idades; residência",final
42016,Florianópolis,SC,Sul,2023,96,1223056.5,7.8491876703978924,11.827956989247312,interpolação linear municipal 2022–2024; diagnóstico apenas,"CAUSABAS X85-X99, Y00-Y09, Y35 ou Y36; todas as idades; residência",final
42017,Tabuleiro,SC,Sul,2023,1,27566.5,3.6275914606497017,1.7921146953405018,interpolação linear municipal 2022–2024; diagnóstico apenas,"CAUSABAS X85-X99, Y00-Y09, Y35 ou Y36; todas as idades; residência",final
42018,Tubarão,SC,Sul,2023,27,445685.0,6.05809035529578,7.168458781362007,interpolação linear municipal 2022–2024; diagnóstico apenas,"CAUSABAS X85-X99, Y00-Y09, Y35 ou Y36; todas as idades; residência",final
42019,Criciúma,SC,Sul,2023,36,433606.0,8.302468139278515,13.799283154121865,interpolação linear municipal 2022–2024; diagnóstico apenas,"CAUSABAS X85-X99, Y00-Y09, Y35 ou Y36; todas as idades; residência",final
42020,Araranguá,SC,Sul,2023,17,228285.5,7.446815500765489,10.03584229390681,interpolação linear municipal 2022–2024; diagnóstico apenas,"CAUSABAS X85-X99, Y00-Y09, Y35 ou Y36; todas as idades; residência",final
43001,Santa Rosa,RS,Sul,2023,25,165701.5,15.08737096525982,34.76702508960574,interpolação linear municipal 2022–2024; diagnóstico apenas,"CAUSABAS X85-X99, Y00-Y09, Y35 ou Y36; todas as idades; residência",final
43002,Três Passos,RS,Sul,2023,21,142152.0,14.772919128819854,33.87096774193548,interpolação linear municipal 2022–2024; diagnóstico apenas,"CAUSABAS X85-X99, Y00-Y09, Y35 ou Y36; todas as idades; residência",final
43003,Frederico Westphalen,RS,Sul,2023,29,181338.0,15.992235493939495,37.634408602150536,interpolação linear municipal 2022–2024; diagnóstico apenas,"CAUSABAS X85-X99, Y00-Y09, Y35 ou Y36; todas as idades; residência",final
43004,Erechim,RS,Sul,2023,42,216901.0,19.363672827695584,47.8494623655914,interpolação linear municipal 2022–2024; diagnóstico apenas,"CAUSABAS X85-X99, Y00-Y09, Y35 ou Y36; todas as idades; residência",final
43005,Sananduva,RS,Sul,2023,6,59528.5,10.079205758586223,19.71326164874552,interpolação linear municipal 2022–2024; diagnóstico apenas,"CAUSABAS X85-X99, Y00-Y09, Y35 ou Y36; todas as idades; residência",final
43006,Cerro Largo,RS,Sul,2023,12,64292.5,18.664696504257883,45.878136200716845,interpolação linear municipal 2022–2024; diagnóstico apenas,"CAUSABAS X85-X99, Y00-Y09, Y35 ou Y36; todas as idades; residência",final
43007,Santo Ângelo,RS,Sul,2023,34,193894.0,17.535354368881965,42.11469534050179,interpolação linear municipal 2022–2024; diagnóstico apenas,"CAUSABAS X85-X99, Y00-Y09, Y35 ou Y36; todas as idades; residência",final
43008,Ijuí,RS,Sul,2023,22,194501.5,11.310966753469767,23.835125448028673,interpolação linear municipal 2022–2024; diagnóstico apenas,"CAUSABAS X85-X99, Y00-Y09, Y35 ou Y36; todas as idades; residência",final
43009,Carazinho,RS,Sul,2023,32,164895.5,19.4062300062767,48.028673835125446,interpolação linear municipal 2022–2024; diagnóstico apenas,"CAUSABAS X85-X99, Y00-Y09, Y35 ou Y36; todas as idades; residência",final
43010,Passo Fundo,RS,Sul,2023,68,366634.0,18.547106924071418,45.16129032258065,interpolação linear municipal 2022–2024; diagnóstico apenas,"CAUSABAS X85-X99, Y00-Y09, Y35 ou Y36; todas as idades; residência",final
43011,Cruz Alta,RS,Sul,2023,27,145734.0,18.52690518341636,44.982078853046595,interpolação linear municipal 2022–2024; diagnóstico apenas,"CAUSABAS X85-X99, Y00-Y09, Y35 ou Y36; todas as idades; residência",final
43012,Não-Me-Toque,RS,Sul,2023,5,45139.0,11.076895810718005,23.118279569892472,interpolação linear municipal 2022–2024; diagnóstico apenas,"CAUSABAS X85-X99, Y00-Y09, Y35 ou Y36; todas as idades; residência",final
43013,Soledade,RS,Sul,2023,19,67024.5,28.347842952950042,72.04301075268818,interpolação linear municipal 2022–2024; diagnóstico apenas,"CAUSABAS X85-X99, Y00-Y09, Y35 ou Y36; todas as idades; residência",final
43014,Guaporé,RS,Sul,2023,30,137877.0,21.758523901738506,56.98924731182796,interpolação linear municipal 2022–2024; diagnóstico apenas,"CAUSABAS X85-X99, Y00-Y09, Y35 ou Y36; todas as idades; residência",final
43015,Vacaria,RS,Sul,2023,48,163220.5,29.408070677396527,74.55197132616487,interpolação linear municipal 2022–2024; diagnóstico apenas,"CAUSABAS X85-X99, Y00-Y09, Y35 ou Y36; todas as idades; residência",final
43016,Caxias do Sul,RS,Sul,2023,176,851650.5,20.665754320581037,54.121863799283155,interpolação linear municipal 2022–2024; diagnóstico apenas,"CAUSABAS X85-X99, Y00-Y09, Y35 ou Y36; todas as idades; residência",final
43017,Santiago,RS,Sul,2023,12,106144.0,11.305396442568586,23.655913978494624,interpolação linear municipal 2022–2024; diagnóstico apenas,"CAUSABAS X85-X99, Y00-Y09, Y35 ou Y36; todas as idades; residência",final
43018,Santa Maria,RS,Sul,2023,64,371701.0,17.21814038703151,40.681003584229394,interpolação linear municipal 2022–2024; diagnóstico apenas,"CAUSABAS X85-X99, Y00-Y09, Y35 ou Y36; todas as idades; residência",final
43019,Restinga Seca,RS,Sul,2023,7,59927.0,11.680878402055834,25.089605734767026,interpolação linear municipal 2022–2024; diagnóstico apenas,"CAUSABAS X85-X99, Y00-Y09, Y35 ou Y36; todas as idades; residência",final
43020,Santa Cruz do Sul,RS,Sul,2023,40,337177.0,11.86320537877732,25.627240143369175,interpolação linear municipal 2022–2024; diagnóstico apenas,"CAUSABAS X85-X99, Y00-Y09, Y35 ou Y36; todas as idades; residência",final
43021,Lajeado-Estrela,RS,Sul,2023,56,343138.5,16.319940781929162,38.35125448028674,interpolação linear municipal 2022–2024; diagnóstico apenas,"CAUSABAS X85-X99, Y00-Y09, Y35 ou Y36; todas as idades; residência",final
43022,Cachoeira do Sul,RS,Sul,2023,19,146747.0,12.947453780997227,29.211469534050178,interpolação linear municipal 2022–2024; diagnóstico apenas,"CAUSABAS X85-X99, Y00-Y09, Y35 ou Y36; todas as idades; residência",final
43023,Montenegro,RS,Sul,2023,18,225027.5,7.999022341713791,12.724014336917563,interpolação linear municipal 2022–2024; diagnóstico apenas,"CAUSABAS X85-X99, Y00-Y09, Y35 ou Y36; todas as idades; residência",final
43024,Gramado-Canela,RS,Sul,2023,31,334137.0,9.277631630139734,17.38351254480287,interpolação linear municipal 2022–2024; diagnóstico apenas,"CAUSABAS X85-X99, Y00-Y09, Y35 ou Y36; todas as idades; residência",final
43025,São Jerônimo,RS,Sul,2023,21,143144.0,14.670541552562455,33.691756272401435,interpolação linear municipal 2022–2024; diagnóstico apenas,"CAUSABAS X85-X99, Y00-Y09, Y35 ou Y36; todas as idades; residência",final
43026,Porto Alegre,RS,Sul,2023,742,3660200.0,20.27211627779903,51.7921146953405,interpolação linear municipal 2022–2024; diagnóstico apenas,"CAUSABAS X85-X99, Y00-Y09, Y35 ou Y36; todas as idades; residência",final
43027,Osório,RS,Sul,2023,96,427591.0,22.451361230708784,59.318996415770606,interpolação linear municipal 2022–2024; diagnóstico apenas,"CAUSABAS X85-X99, Y00-Y09, Y35 ou Y36; todas as idades; residência",final
43028,Camaquã,RS,Sul,2023,21,126844.5,16.555704031313933,38.888888888888886,interpolação linear municipal 2022–2024; diagnóstico apenas,"CAUSABAS X85-X99, Y00-Y09, Y35 ou Y36; todas as idades; residência",final
43029,Campanha Ocidental,RS,Sul,2023,60,349055.0,17.189268166907794,40.50179211469534,interpolação linear municipal 2022–2024; diagnóstico apenas,"CAUSABAS X85-X99, Y00-Y09, Y35 ou Y36; todas as idades; residência",final
43030,Campanha Central,RS,Sul,2023,37,184945.0,20.005947714185297,50.3584229390681,interpolação linear municipal 2022–2024; diagnóstico apenas,"CAUSABAS X85-X99, Y00-Y09, Y35 ou Y36; todas as idades; residência",final
43031,Campanha Meridional,RS,Sul,2023,17,174932.5,9.718034098866706,18.817204301075268,interpolação linear municipal 2022–2024; diagnóstico apenas,"CAUSABAS X85-X99, Y00-Y09, Y35 ou Y36; todas as idades; residência",final
43032,Serras de Sudeste,RS,Sul,2023,28,111386.0,25.13780906038461,65.77060931899642,interpolação linear municipal 2022–2024; diagnóstico apenas,"CAUSABAS X85-X99, Y00-Y09, Y35 ou Y36; todas as idades; residência",final
43033,Pelotas,RS,Sul,2023,44,483804.5,9.094582625833368,16.308243727598565,interpolação linear municipal 2022–2024; diagnóstico apenas,"CAUSABAS X85-X99, Y00-Y09, Y35 ou Y36; todas as idades; residência",final
43034,Jaguarão,RS,Sul,2023,3,50976.0,5.885122410546139,6.272401433691757,interpolação linear municipal 2022–2024; diagnóstico apenas,"CAUSABAS X85-X99, Y00-Y09, Y35 ou Y36; todas as idades; residência",final
43035,Litoral Lagunar,RS,Sul,2023,69,259078.5,26.632854520927054,68.99641577060932,interpolação linear municipal 2022–2024; diagnóstico apenas,"CAUSABAS X85-X99, Y00-Y09, Y35 ou Y36; todas as idades; residência",final
50001,Baixo Pantanal,MS,Centro-Oeste,2023,29,132455.0,21.894228228454946,57.526881720430104,interpolação linear municipal 2022–2024; diagnóstico apenas,"CAUSABAS X85-X99, Y00-Y09, Y35 ou Y36; todas as idades; residência",final
50002,Aquidauana,MS,Centro-Oeste,2023,20,109406.0,18.28053306034404,44.44444444444444,interpolação linear municipal 2022–2024; diagnóstico apenas,"CAUSABAS X85-X99, Y00-Y09, Y35 ou Y36; todas as idades; residência",final
50003,Alto Taquari,MS,Centro-Oeste,2023,20,127107.0,15.734774638690237,36.37992831541219,interpolação linear municipal 2022–2024; diagnóstico apenas,"CAUSABAS X85-X99, Y00-Y09, Y35 ou Y36; todas as idades; residência",final
50004,Campo Grande,MS,Centro-Oeste,2023,210,1022878.0,20.530307622218878,53.40501792114696,interpolação linear municipal 2022–2024; diagnóstico apenas,"CAUSABAS X85-X99, Y00-Y09, Y35 ou Y36; todas as idades; residência",final
50005,Cassilândia,MS,Centro-Oeste,2023,23,86404.0,26.619138002870237,68.81720430107526,interpolação linear municipal 2022–2024; diagnóstico apenas,"CAUSABAS X85-X99, Y00-Y09, Y35 ou Y36; todas as idades; residência",final
50006,Paranaíba,MS,Centro-Oeste,2023,18,87235.5,20.633801605997558,53.584229390681,interpolação linear municipal 2022–2024; diagnóstico apenas,"CAUSABAS X85-X99, Y00-Y09, Y35 ou Y36; todas as idades; residência",final
50007,Três Lagoas,MS,Centro-Oeste,2023,43,196370.5,21.897382753519494,57.70609318996416,interpolação linear municipal 2022–2024; diagnóstico apenas,"CAUSABAS X85-X99, Y00-Y09, Y35 ou Y36; todas as idades; residência",final
50008,Nova Andradina,MS,Centro-Oeste,2023,16,95308.0,16.787677844462166,39.60573476702509,interpolação linear municipal 2022–2024; diagnóstico apenas,"CAUSABAS X85-X99, Y00-Y09, Y35 ou Y36; todas as idades; residência",final
50009,Bodoquena,MS,Centro-Oeste,2023,18,107381.0,16.7627420120878,39.42652329749104,interpolação linear municipal 2022–2024; diagnóstico apenas,"CAUSABAS X85-X99, Y00-Y09, Y35 ou Y36; todas as idades; residência",final
50010,Dourados,MS,Centro-Oeste,2023,125,618025.0,20.225719024311314,51.4336917562724,interpolação linear municipal 2022–2024; diagnóstico apenas,"CAUSABAS X85-X99, Y00-Y09, Y35 ou Y36; todas as idades; residência",final
50011,Iguatemi,MS,Centro-Oeste,2023,62,246884.0,25.113008538422903,65.59139784946237,interpolação linear municipal 2022–2024; diagnóstico apenas,"CAUSABAS X85-X99, Y00-Y09, Y35 ou Y36; todas as idades; residência",final
51001,Aripuanã,MT,Centro-Oeste,2023,73,147214.5,49.58750666544396,95.51971326164875,interpolação linear municipal 2022–2024; diagnóstico apenas,"CAUSABAS X85-X99, Y00-Y09, Y35 ou Y36; todas as idades; residência",final
51002,Alta Floresta,MT,Centro-Oeste,2023,38,113030.5,33.61924436324709,81.89964157706093,interpolação linear municipal 2022–2024; diagnóstico apenas,"CAUSABAS X85-X99, Y00-Y09, Y35 ou Y36; todas as idades; residência",final
51003,Colíder,MT,Centro-Oeste,2023,74,150209.5,49.264527210329575,95.3405017921147,interpolação linear municipal 2022–2024; diagnóstico apenas,"CAUSABAS X85-X99, Y00-Y09, Y35 ou Y36; todas as idades; residência",final
51004,Parecis,MT,Centro-Oeste,2023,23,127962.0,17.97408605679811,43.01075268817204,interpolação linear municipal 2022–2024; diagnóstico apenas,"CAUSABAS X85-X99, Y00-Y09, Y35 ou Y36; todas as idades; residência",final
51005,Arinos,MT,Centro-Oeste,2023,24,74832.0,32.07184092366902,79.39068100358423,interpolação linear municipal 2022–2024; diagnóstico apenas,"CAUSABAS X85-X99, Y00-Y09, Y35 ou Y36; todas as idades; residência",final
51006,Alto Teles Pires,MT,Centro-Oeste,2023,179,323906.0,55.26294665736356,98.2078853046595,interpolação linear municipal 2022–2024; diagnóstico apenas,"CAUSABAS X85-X99, Y00-Y09, Y35 ou Y36; todas as idades; residência",final
51007,Sinop,MT,Centro-Oeste,2023,82,269545.5,30.421580030087686,76.88172043010752,interpolação linear municipal 2022–2024; diagnóstico apenas,"CAUSABAS X85-X99, Y00-Y09, Y35 ou Y36; todas as idades; residência",final
51008,Paranatinga,MT,Centro-Oeste,2023,7,43356.0,16.145400867238674,37.992831541218635,interpolação linear municipal 2022–2024; diagnóstico apenas,"CAUSABAS X85-X99, Y00-Y09, Y35 ou Y36; todas as idades; residência",final
51009,Norte Araguaia,MT,Centro-Oeste,2023,27,133410.0,20.238362941308747,51.61290322580645,interpolação linear municipal 2022–2024; diagnóstico apenas,"CAUSABAS X85-X99, Y00-Y09, Y35 ou Y36; todas as idades; residência",final
51010,Canarana,MT,Centro-Oeste,2023,24,141292.5,16.986039598704814,39.96415770609319,interpolação linear municipal 2022–2024; diagnóstico apenas,"CAUSABAS X85-X99, Y00-Y09, Y35 ou Y36; todas as idades; residência",final
51011,Médio Araguaia,MT,Centro-Oeste,2023,18,81148.5,22.181556036155936,58.60215053763441,interpolação linear municipal 2022–2024; diagnóstico apenas,"CAUSABAS X85-X99, Y00-Y09, Y35 ou Y36; todas as idades; residência",final
51012,Alto Guaporé,MT,Centro-Oeste,2023,40,84025.5,47.604596223765405,94.26523297491039,interpolação linear municipal 2022–2024; diagnóstico apenas,"CAUSABAS X85-X99, Y00-Y09, Y35 ou Y36; todas as idades; residência",final
51013,Tangará da Serra,MT,Centro-Oeste,2023,58,165430.0,35.06014628543795,82.97491039426524,interpolação linear municipal 2022–2024; diagnóstico apenas,"CAUSABAS X85-X99, Y00-Y09, Y35 ou Y36; todas as idades; residência",final
51014,Jauru,MT,Centro-Oeste,2023,51,101509.5,50.24160300267463,95.6989247311828,interpolação linear municipal 2022–2024; diagnóstico apenas,"CAUSABAS X85-X99, Y00-Y09, Y35 ou Y36; todas as idades; residência",final
51015,Alto Paraguai,MT,Centro-Oeste,2023,14,30563.0,45.807021562019436,93.01075268817205,interpolação linear municipal 2022–2024; diagnóstico apenas,"CAUSABAS X85-X99, Y00-Y09, Y35 ou Y36; todas as idades; residência",final
51016,Rosário Oeste,MT,Centro-Oeste,2023,17,27783.0,61.18849656264622,98.9247311827957,interpolação linear municipal 2022–2024; diagnóstico apenas,"CAUSABAS X85-X99, Y00-Y09, Y35 ou Y36; todas as idades; residência",final
51017,Cuiabá,MT,Centro-Oeste,2023,186,1021758.5,18.203910219489245,43.90681003584229,interpolação linear municipal 2022–2024; diagnóstico apenas,"CAUSABAS X85-X99, Y00-Y09, Y35 ou Y36; todas as idades; residência",final
51018,Alto Pantanal,MT,Centro-Oeste,2023,55,134060.0,41.026406086826796,89.42652329749104,interpolação linear municipal 2022–2024; diagnóstico apenas,"CAUSABAS X85-X99, Y00-Y09, Y35 ou Y36; todas as idades; residência",final
51019,Primavera do Leste,MT,Centro-Oeste,2023,30,135244.5,22.182048068498165,58.78136200716846,interpolação linear municipal 2022–2024; diagnóstico apenas,"CAUSABAS X85-X99, Y00-Y09, Y35 ou Y36; todas as idades; residência",final
51020,Tesouro,MT,Centro-Oeste,2023,11,60836.0,18.081399171543165,43.54838709677419,interpolação linear municipal 2022–2024; diagnóstico apenas,"CAUSABAS X85-X99, Y00-Y09, Y35 ou Y36; todas as idades; residência",final
51021,Rondonópolis,MT,Centro-Oeste,2023,59,338365.0,17.436791630340018,41.75627240143369,interpolação linear municipal 2022–2024; diagnóstico apenas,"CAUSABAS X85-X99, Y00-Y09, Y35 ou Y36; todas as idades; residência",final
51022,Alto Araguaia,MT,Centro-Oeste,2023,13,42042.0,30.921459492888065,78.13620071684588,interpolação linear municipal 2022–2024; diagnóstico apenas,"CAUSABAS X85-X99, Y00-Y09, Y35 ou Y36; todas as idades; residência",final
52001,São Miguel do Araguaia,GO,Centro-Oeste,2023,28,79858.0,35.062235467955624,83.15412186379929,interpolação linear municipal 2022–2024; diagnóstico apenas,"CAUSABAS X85-X99, Y00-Y09, Y35 ou Y36; todas as idades; residência",final
52002,Rio Vermelho,GO,Centro-Oeste,2023,18,89443.0,20.124548595194707,50.53763440860215,interpolação linear municipal 2022–2024; diagnóstico apenas,"CAUSABAS X85-X99, Y00-Y09, Y35 ou Y36; todas as idades; residência",final
52003,Aragarças,GO,Centro-Oeste,2023,19,55322.0,34.34438378945085,82.43727598566308,interpolação linear municipal 2022–2024; diagnóstico apenas,"CAUSABAS X85-X99, Y00-Y09, Y35 ou Y36; todas as idades; residência",final
52004,Porangatu,GO,Centro-Oeste,2023,60,229233.0,26.174241928518146,67.92114695340501,interpolação linear municipal 2022–2024; diagnóstico apenas,"CAUSABAS X85-X99, Y00-Y09, Y35 ou Y36; todas as idades; residência",final
52005,Chapada dos Veadeiros,GO,Centro-Oeste,2023,6,69356.5,8.650955570134018,14.695340501792115,interpolação linear municipal 2022–2024; diagnóstico apenas,"CAUSABAS X85-X99, Y00-Y09, Y35 ou Y36; todas as idades; residência",final
52006,Ceres,GO,Centro-Oeste,2023,64,255389.5,25.059761658173105,65.41218637992831,interpolação linear municipal 2022–2024; diagnóstico apenas,"CAUSABAS X85-X99, Y00-Y09, Y35 ou Y36; todas as idades; residência",final
52007,Anápolis,GO,Centro-Oeste,2023,87,635843.0,13.682622911630702,30.82437275985663,interpolação linear municipal 2022–2024; diagnóstico apenas,"CAUSABAS X85-X99, Y00-Y09, Y35 ou Y36; todas as idades; residência",final
52008,Iporá,GO,Centro-Oeste,2023,6,62490.0,9.601536245799329,18.100358422939067,interpolação linear municipal 2022–2024; diagnóstico apenas,"CAUSABAS X85-X99, Y00-Y09, Y35 ou Y36; todas as idades; residência",final
52009,Anicuns,GO,Centro-Oeste,2023,13,111422.5,11.667302385065852,24.910394265232974,interpolação linear municipal 2022–2024; diagnóstico apenas,"CAUSABAS X85-X99, Y00-Y09, Y35 ou Y36; todas as idades; residência",final
52010,Goiânia,GO,Centro-Oeste,2023,536,2593674.0,20.665665769869307,53.9426523297491,interpolação linear municipal 2022–2024; diagnóstico apenas,"CAUSABAS X85-X99, Y00-Y09, Y35 ou Y36; todas as idades; residência",final
52011,Vão do Paranã,GO,Centro-Oeste,2023,33,110564.0,29.846966462863136,75.62724014336918,interpolação linear municipal 2022–2024; diagnóstico apenas,"CAUSABAS X85-X99, Y00-Y09, Y35 ou Y36; todas as idades; residência",final
52012,Entorno de Brasília,GO,Centro-Oeste,2023,353,1387331.0,25.44454063233648,66.84587813620071,interpolação linear municipal 2022–2024; diagnóstico apenas,"CAUSABAS X85-X99, Y00-Y09, Y35 ou Y36; todas as idades; residência",final
52013,Sudoeste de Goiás,GO,Centro-Oeste,2023,117,548697.0,21.323243976183576,56.272401433691755,interpolação linear municipal 2022–2024; diagnóstico apenas,"CAUSABAS X85-X99, Y00-Y09, Y35 ou Y36; todas as idades; residência",final
52014,Vale do Rio dos Bois,GO,Centro-Oeste,2023,29,131370.0,22.075055187637968,58.24372759856631,interpolação linear municipal 2022–2024; diagnóstico apenas,"CAUSABAS X85-X99, Y00-Y09, Y35 ou Y36; todas as idades; residência",final
52015,Meia Ponte,GO,Centro-Oeste,2023,83,436460.0,19.016633826696605,47.132616487455195,interpolação linear municipal 2022–2024; diagnóstico apenas,"CAUSABAS X85-X99, Y00-Y09, Y35 ou Y36; todas as idades; residência",final
52016,Pires do Rio,GO,Centro-Oeste,2023,21,107879.5,19.46616363627937,48.38709677419355,interpolação linear municipal 2022–2024; diagnóstico apenas,"CAUSABAS X85-X99, Y00-Y09, Y35 ou Y36; todas as idades; residência",final
52017,Catalão,GO,Centro-Oeste,2023,42,183496.5,22.888719948336888,59.85663082437276,interpolação linear municipal 2022–2024; diagnóstico apenas,"CAUSABAS X85-X99, Y00-Y09, Y35 ou Y36; todas as idades; residência",final
52018,Quirinópolis,GO,Centro-Oeste,2023,32,115659.5,27.667420315667975,70.78853046594982,interpolação linear municipal 2022–2024; diagnóstico apenas,"CAUSABAS X85-X99, Y00-Y09, Y35 ou Y36; todas as idades; residência",final
53001,Brasília,DF,Centro-Oeste,2023,347,2900099.5,11.965106714442038,25.985663082437277,interpolação linear municipal 2022–2024; diagnóstico apenas,"CAUSABAS X85-X99, Y00-Y09, Y35 ou Y36; todas as idades; residência",final
11001,Porto Velho,RO,Norte,2024,232,632578.0,36.67531909108442,86.73835125448029,estimativa IBGE em 1º de julho,"CAUSABAS X85-X99, Y00-Y09, Y35 ou Y36; todas as idades; residência",final
11002,Guajará-Mirim,RO,Norte,2024,33,74586.0,44.244228139329095,95.51971326164875,estimativa IBGE em 1º de julho,"CAUSABAS X85-X99, Y00-Y09, Y35 ou Y36; todas as idades; residência",final
11003,Ariquemes,RO,Norte,2024,48,188703.0,25.436797507193845,70.78853046594982,estimativa IBGE em 1º de julho,"CAUSABAS X85-X99, Y00-Y09, Y35 ou Y36; todas as idades; residência",final
11004,Ji-Paraná,RO,Norte,2024,64,310174.0,20.633579861626053,57.34767025089606,estimativa IBGE em 1º de julho,"CAUSABAS X85-X99, Y00-Y09, Y35 ou Y36; todas as idades; residência",final
11005,Alvorada D'Oeste,RO,Norte,2024,15,65562.0,22.87910679967054,63.799283154121866,estimativa IBGE em 1º de julho,"CAUSABAS X85-X99, Y00-Y09, Y35 ou Y36; todas as idades; residência",final
11006,Cacoal,RO,Norte,2024,45,254075.0,17.7113057168159,48.924731182795696,estimativa IBGE em 1º de julho,"CAUSABAS X85-X99, Y00-Y09, Y35 ou Y36; todas as idades; residência",final
11007,Vilhena,RO,Norte,2024,63,170984.0,36.84555280026201,87.63440860215054,estimativa IBGE em 1º de julho,"CAUSABAS X85-X99, Y00-Y09, Y35 ou Y36; todas as idades; residência",final
11008,Colorado do Oeste,RO,Norte,2024,15,49565.0,30.26329062846767,77.95698924731182,estimativa IBGE em 1º de julho,"CAUSABAS X85-X99, Y00-Y09, Y35 ou Y36; todas as idades; residência",final
12001,Cruzeiro do Sul,AC,Norte,2024,19,163474.0,11.622643356130027,29.74910394265233,estimativa IBGE em 1º de julho,"CAUSABAS X85-X99, Y00-Y09, Y35 ou Y36; todas as idades; residência",final
12002,Tarauacá,AC,Norte,2024,27,93948.0,28.739302592923746,76.34408602150538,estimativa IBGE em 1º de julho,"CAUSABAS X85-X99, Y00-Y09, Y35 ou Y36; todas as idades; residência",final
12003,Sena Madureira,AC,Norte,2024,6,63835.0,9.399232396020992,21.50537634408602,estimativa IBGE em 1º de julho,"CAUSABAS X85-X99, Y00-Y09, Y35 ou Y36; todas as idades; residência",final
12004,Rio Branco,AC,Norte,2024,108,484131.0,22.30801167452611,62.365591397849464,estimativa IBGE em 1º de julho,"CAUSABAS X85-X99, Y00-Y09, Y35 ou Y36; todas as idades; residência",final
12005,Brasiléia,AC,Norte,2024,14,75243.0,18.606381989022236,52.32974910394265,estimativa IBGE em 1º de julho,"CAUSABAS X85-X99, Y00-Y09, Y35 ou Y36; todas as idades; residência",final
13001,Rio Negro,AM,Norte,2024,49,105675.0,46.36858291932813,96.23655913978494,estimativa IBGE em 1º de julho,"CAUSABAS X85-X99, Y00-Y09, Y35 ou Y36; todas as idades; residência",final
13002,Japurá,AM,Norte,2024,5,25240.0,19.80982567353407,55.376344086021504,estimativa IBGE em 1º de julho,"CAUSABAS X85-X99, Y00-Y09, Y35 ou Y36; todas as idades; residência",final
13003,Alto Solimões,AM,Norte,2024,66,281494.0,23.446325676568595,65.05376344086021,estimativa IBGE em 1º de julho,"CAUSABAS X85-X99, Y00-Y09, Y35 ou Y36; todas as idades; residência",final
13004,Juruá,AM,Norte,2024,54,147018.0,36.730196302493574,87.09677419354838,estimativa IBGE em 1º de julho,"CAUSABAS X85-X99, Y00-Y09, Y35 ou Y36; todas as idades; residência",final
13005,Tefé,AM,Norte,2024,30,111226.0,26.972110837394133,73.47670250896057,estimativa IBGE em 1º de julho,"CAUSABAS X85-X99, Y00-Y09, Y35 ou Y36; todas as idades; residência",final
13006,Coari,AM,Norte,2024,94,162967.0,57.68038928126553,98.9247311827957,estimativa IBGE em 1º de julho,"CAUSABAS X85-X99, Y00-Y09, Y35 ou Y36; todas as idades; residência",final
13007,Manaus,AM,Norte,2024,808,2572079.0,31.41427615559242,80.82437275985663,estimativa IBGE em 1º de julho,"CAUSABAS X85-X99, Y00-Y09, Y35 ou Y36; todas as idades; residência",final
13008,Rio Preto da Eva,AM,Norte,2024,21,58727.0,35.75867999386994,85.66308243727599,estimativa IBGE em 1º de julho,"CAUSABAS X85-X99, Y00-Y09, Y35 ou Y36; todas as idades; residência",final
13009,Itacoatiara,AM,Norte,2024,48,189588.0,25.31805810494335,70.60931899641577,estimativa IBGE em 1º de julho,"CAUSABAS X85-X99, Y00-Y09, Y35 ou Y36; todas as idades; residência",final
13010,Parintins,AM,Norte,2024,57,279733.0,20.37657337532576,56.98924731182796,estimativa IBGE em 1º de julho,"CAUSABAS X85-X99, Y00-Y09, Y35 ou Y36; todas as idades; residência",final
13011,Boca do Acre,AM,Norte,2024,20,58478.0,34.20089606347686,83.33333333333333,estimativa IBGE em 1º de julho,"CAUSABAS X85-X99, Y00-Y09, Y35 ou Y36; todas as idades; residência",final
13012,Purus,AM,Norte,2024,11,87313.0,12.5983530516647,32.61648745519713,estimativa IBGE em 1º de julho,"CAUSABAS X85-X99, Y00-Y09, Y35 ou Y36; todas as idades; residência",final
13013,Madeira,AM,Norte,2024,57,201671.0,28.26385548740275,75.44802867383513,estimativa IBGE em 1º de julho,"CAUSABAS X85-X99, Y00-Y09, Y35 ou Y36; todas as idades; residência",final
14001,Boa Vista,RR,Norte,2024,105,530905.0,19.777549655776458,55.19713261648746,estimativa IBGE em 1º de julho,"CAUSABAS X85-X99, Y00-Y09, Y35 ou Y36; todas as idades; residência",final
14002,Nordeste de Roraima,RR,Norte,2024,11,67089.0,16.396130513198884,42.11469534050179,estimativa IBGE em 1º de julho,"CAUSABAS X85-X99, Y00-Y09, Y35 ou Y36; todas as idades; residência",final
14003,Caracaraí,RR,Norte,2024,47,52840.0,88.94776684330053,100.0,estimativa IBGE em 1º de julho,"CAUSABAS X85-X99, Y00-Y09, Y35 ou Y36; todas as idades; residência",final
14004,Sudeste de Roraima,RR,Norte,2024,11,65959.0,16.67702663775982,43.90681003584229,estimativa IBGE em 1º de julho,"CAUSABAS X85-X99, Y00-Y09, Y35 ou Y36; todas as idades; residência",final
15001,Óbidos,PA,Norte,2024,29,210475.0,13.778358474878251,35.66308243727599,estimativa IBGE em 1º de julho,"CAUSABAS X85-X99, Y00-Y09, Y35 ou Y36; todas as idades; residência",final
15002,Santarém,PA,Norte,2024,53,611978.0,8.660442042034191,17.56272401433692,estimativa IBGE em 1º de julho,"CAUSABAS X85-X99, Y00-Y09, Y35 ou Y36; todas as idades; residência",final
15003,Almeirim,PA,Norte,2024,10,80007.0,12.498906345694751,31.899641577060933,estimativa IBGE em 1º de julho,"CAUSABAS X85-X99, Y00-Y09, Y35 ou Y36; todas as idades; residência",final
15004,Portel,PA,Norte,2024,24,165299.0,14.519144096455515,38.53046594982079,estimativa IBGE em 1º de julho,"CAUSABAS X85-X99, Y00-Y09, Y35 ou Y36; todas as idades; residência",final
15005,Furos de Breves,PA,Norte,2024,43,249192.0,17.2557706507432,47.4910394265233,estimativa IBGE em 1º de julho,"CAUSABAS X85-X99, Y00-Y09, Y35 ou Y36; todas as idades; residência",final
15006,Arari,PA,Norte,2024,16,179765.0,8.900508997858315,18.817204301075268,estimativa IBGE em 1º de julho,"CAUSABAS X85-X99, Y00-Y09, Y35 ou Y36; todas as idades; residência",final
15007,Belém,PA,Norte,2024,644,2253177.0,28.58186462936556,75.98566308243727,estimativa IBGE em 1º de julho,"CAUSABAS X85-X99, Y00-Y09, Y35 ou Y36; todas as idades; residência",final
15008,Castanhal,PA,Norte,2024,83,350920.0,23.652114442038073,65.77060931899642,estimativa IBGE em 1º de julho,"CAUSABAS X85-X99, Y00-Y09, Y35 ou Y36; todas as idades; residência",final
15009,Salgado,PA,Norte,2024,48,277672.0,17.286582730703852,47.8494623655914,estimativa IBGE em 1º de julho,"CAUSABAS X85-X99, Y00-Y09, Y35 ou Y36; todas as idades; residência",final
15010,Bragantina,PA,Norte,2024,90,427828.0,21.036491300242155,58.60215053763441,estimativa IBGE em 1º de julho,"CAUSABAS X85-X99, Y00-Y09, Y35 ou Y36; todas as idades; residência",final
15011,Cametá,PA,Norte,2024,123,536716.0,22.917147988880526,63.97849462365591,estimativa IBGE em 1º de julho,"CAUSABAS X85-X99, Y00-Y09, Y35 ou Y36; todas as idades; residência",final
15012,Tomé-Açu,PA,Norte,2024,113,329635.0,34.280340376477014,83.51254480286738,estimativa IBGE em 1º de julho,"CAUSABAS X85-X99, Y00-Y09, Y35 ou Y36; todas as idades; residência",final
15013,Guamá,PA,Norte,2024,134,440683.0,30.407344962251777,79.03225806451613,estimativa IBGE em 1º de julho,"CAUSABAS X85-X99, Y00-Y09, Y35 ou Y36; todas as idades; residência",final
15014,Itaituba,PA,Norte,2024,100,268410.0,37.25643604932752,87.99283154121864,estimativa IBGE em 1º de julho,"CAUSABAS X85-X99, Y00-Y09, Y35 ou Y36; todas as idades; residência",final
15015,Altamira,PA,Norte,2024,150,357556.0,41.95147053888062,93.54838709677419,estimativa IBGE em 1º de julho,"CAUSABAS X85-X99, Y00-Y09, Y35 ou Y36; todas as idades; residência",final
15016,Tucuruí,PA,Norte,2024,115,312338.0,36.81908701470842,87.45519713261649,estimativa IBGE em 1º de julho,"CAUSABAS X85-X99, Y00-Y09, Y35 ou Y36; todas as idades; residência",final
15017,Paragominas,PA,Norte,2024,116,323653.0,35.840854248222634,85.84229390681004,estimativa IBGE em 1º de julho,"CAUSABAS X85-X99, Y00-Y09, Y35 ou Y36; todas as idades; residência",final
15018,São Félix do Xingu,PA,Norte,2024,63,162531.0,38.76183620355501,90.50179211469533,estimativa IBGE em 1º de julho,"CAUSABAS X85-X99, Y00-Y09, Y35 ou Y36; todas as idades; residência",final
15019,Parauapebas,PA,Norte,2024,125,453727.0,27.549605820239925,74.55197132616487,estimativa IBGE em 1º de julho,"CAUSABAS X85-X99, Y00-Y09, Y35 ou Y36; todas as idades; residência",final
15020,Marabá,PA,Norte,2024,124,338468.0,36.63566422822837,86.55913978494624,estimativa IBGE em 1º de julho,"CAUSABAS X85-X99, Y00-Y09, Y35 ou Y36; todas as idades; residência",final
15021,Redenção,PA,Norte,2024,101,219850.0,45.94041391858085,95.87813620071685,estimativa IBGE em 1º de julho,"CAUSABAS X85-X99, Y00-Y09, Y35 ou Y36; todas as idades; residência",final
15022,Conceição do Araguaia,PA,Norte,2024,44,114426.0,38.452799188995506,89.96415770609319,estimativa IBGE em 1º de julho,"CAUSABAS X85-X99, Y00-Y09, Y35 ou Y36; todas as idades; residência",final
16001,Oiapoque,AP,Norte,2024,18,41872.0,42.98815437523882,94.26523297491039,estimativa IBGE em 1º de julho,"CAUSABAS X85-X99, Y00-Y09, Y35 ou Y36; todas as idades; residência",final
16002,Amapá,AP,Norte,2024,8,26261.0,30.46342485053882,79.39068100358423,estimativa IBGE em 1º de julho,"CAUSABAS X85-X99, Y00-Y09, Y35 ou Y36; todas as idades; residência",final
16003,Macapá,AP,Norte,2024,308,661238.0,46.579295200820276,96.415770609319,estimativa IBGE em 1º de julho,"CAUSABAS X85-X99, Y00-Y09, Y35 ou Y36; todas as idades; residência",final
16004,Mazagão,AP,Norte,2024,29,73466.0,39.47404241417799,91.39784946236558,estimativa IBGE em 1º de julho,"CAUSABAS X85-X99, Y00-Y09, Y35 ou Y36; todas as idades; residência",final
17001,Bico do Papagaio,TO,Norte,2024,33,209339.0,15.76390448029273,40.681003584229394,estimativa IBGE em 1º de julho,"CAUSABAS X85-X99, Y00-Y09, Y35 ou Y36; todas as idades; residência",final
17002,Araguaína,TO,Norte,2024,60,308359.0,19.45783972577418,54.30107526881721,estimativa IBGE em 1º de julho,"CAUSABAS X85-X99, Y00-Y09, Y35 ou Y36; todas as idades; residência",final
17003,Miracema do Tocantins,TO,Norte,2024,31,146231.0,21.19933529826097,59.13978494623656,estimativa IBGE em 1º de julho,"CAUSABAS X85-X99, Y00-Y09, Y35 ou Y36; todas as idades; residência",final
17004,Rio Formoso,TO,Norte,2024,19,133111.0,14.273801564108151,37.27598566308244,estimativa IBGE em 1º de julho,"CAUSABAS X85-X99, Y00-Y09, Y35 ou Y36; todas as idades; residência",final
17005,Gurupi,TO,Norte,2024,33,148412.0,22.23539875481767,62.007168458781365,estimativa IBGE em 1º de julho,"CAUSABAS X85-X99, Y00-Y09, Y35 ou Y36; todas as idades; residência",final
17006,Porto Nacional,TO,Norte,2024,84,442757.0,18.972032062734186,53.225806451612904,estimativa IBGE em 1º de julho,"CAUSABAS X85-X99, Y00-Y09, Y35 ou Y36; todas as idades; residência",final
17007,Jalapão,TO,Norte,2024,18,73657.0,24.437595883622738,66.48745519713262,estimativa IBGE em 1º de julho,"CAUSABAS X85-X99, Y00-Y09, Y35 ou Y36; todas as idades; residência",final
17008,Dianópolis,TO,Norte,2024,31,115476.0,26.845405105822856,73.29749103942652,estimativa IBGE em 1º de julho,"CAUSABAS X85-X99, Y00-Y09, Y35 ou Y36; todas as idades; residência",final
21001,Litoral Ocidental Maranhense,MA,Nordeste,2024,47,180671.0,26.01413619230535,72.22222222222223,estimativa IBGE em 1º de julho,"CAUSABAS X85-X99, Y00-Y09, Y35 ou Y36; todas as idades; residência",final
21002,Aglomeração Urbana de São Luís,MA,Nordeste,2024,280,1529831.0,18.302675262823147,50.89605734767025,estimativa IBGE em 1º de julho,"CAUSABAS X85-X99, Y00-Y09, Y35 ou Y36; todas as idades; residência",final
21003,Rosário,MA,Nordeste,2024,66,173648.0,38.00792407629227,89.60573476702508,estimativa IBGE em 1º de julho,"CAUSABAS X85-X99, Y00-Y09, Y35 ou Y36; todas as idades; residência",final
21004,Lençóis Maranhenses,MA,Nordeste,2024,21,195311.0,10.752082575994184,26.344086021505376,estimativa IBGE em 1º de julho,"CAUSABAS X85-X99, Y00-Y09, Y35 ou Y36; todas as idades; residência",final
21005,Baixada Maranhense,MA,Nordeste,2024,245,592259.0,41.36703705642295,92.831541218638,estimativa IBGE em 1º de julho,"CAUSABAS X85-X99, Y00-Y09, Y35 ou Y36; todas as idades; residência",final
21006,Itapecuru Mirim,MA,Nordeste,2024,74,217569.0,34.01219842900413,83.15412186379929,estimativa IBGE em 1º de julho,"CAUSABAS X85-X99, Y00-Y09, Y35 ou Y36; todas as idades; residência",final
21007,Gurupi,MA,Nordeste,2024,51,243918.0,20.908666027107472,58.24372759856631,estimativa IBGE em 1º de julho,"CAUSABAS X85-X99, Y00-Y09, Y35 ou Y36; todas as idades; residência",final
21008,Pindaré,MA,Nordeste,2024,212,586466.0,36.148728144513065,86.37992831541219,estimativa IBGE em 1º de julho,"CAUSABAS X85-X99, Y00-Y09, Y35 ou Y36; todas as idades; residência",final
21009,Imperatriz,MA,Nordeste,2024,271,615912.0,43.99979217810336,94.9820788530466,estimativa IBGE em 1º de julho,"CAUSABAS X85-X99, Y00-Y09, Y35 ou Y36; todas as idades; residência",final
21010,Médio Mearim,MA,Nordeste,2024,125,412113.0,30.331486752419845,78.67383512544802,estimativa IBGE em 1º de julho,"CAUSABAS X85-X99, Y00-Y09, Y35 ou Y36; todas as idades; residência",final
21011,Alto Mearim e Grajaú,MA,Nordeste,2024,83,328332.0,25.27929047427604,70.43010752688173,estimativa IBGE em 1º de julho,"CAUSABAS X85-X99, Y00-Y09, Y35 ou Y36; todas as idades; residência",final
21012,Presidente Dutra,MA,Nordeste,2024,69,195960.0,35.2112676056338,85.12544802867383,estimativa IBGE em 1º de julho,"CAUSABAS X85-X99, Y00-Y09, Y35 ou Y36; todas as idades; residência",final
21013,Baixo Parnaíba Maranhense,MA,Nordeste,2024,24,129878.0,18.4788801798611,51.61290322580645,estimativa IBGE em 1º de julho,"CAUSABAS X85-X99, Y00-Y09, Y35 ou Y36; todas as idades; residência",final
21014,Chapadinha,MA,Nordeste,2024,87,252588.0,34.44344149365766,83.87096774193549,estimativa IBGE em 1º de julho,"CAUSABAS X85-X99, Y00-Y09, Y35 ou Y36; todas as idades; residência",final
21015,Codó,MA,Nordeste,2024,107,264107.0,40.51388263090338,91.75627240143369,estimativa IBGE em 1º de julho,"CAUSABAS X85-X99, Y00-Y09, Y35 ou Y36; todas as idades; residência",final
21016,Coelho Neto,MA,Nordeste,2024,43,83444.0,51.53156608024543,97.67025089605735,estimativa IBGE em 1º de julho,"CAUSABAS X85-X99, Y00-Y09, Y35 ou Y36; todas as idades; residência",final
21017,Caxias,MA,Nordeste,2024,192,451419.0,42.532547367301774,93.72759856630825,estimativa IBGE em 1º de julho,"CAUSABAS X85-X99, Y00-Y09, Y35 ou Y36; todas as idades; residência",final
21018,Chapadas do Alto Itapecuru,MA,Nordeste,2024,37,214812.0,17.22436362959239,47.31182795698925,estimativa IBGE em 1º de julho,"CAUSABAS X85-X99, Y00-Y09, Y35 ou Y36; todas as idades; residência",final
21019,Porto Franco,MA,Nordeste,2024,31,112099.0,27.6541271554608,74.91039426523298,estimativa IBGE em 1º de julho,"CAUSABAS X85-X99, Y00-Y09, Y35 ou Y36; todas as idades; residência",final
21020,Gerais de Balsas,MA,Nordeste,2024,68,157517.0,43.169943561647315,94.44444444444444,estimativa IBGE em 1º de julho,"CAUSABAS X85-X99, Y00-Y09, Y35 ou Y36; todas as idades; residência",final
21021,Chapadas das Mangabeiras,MA,Nordeste,2024,12,73106.0,16.4145213799141,42.29390681003584,estimativa IBGE em 1º de julho,"CAUSABAS X85-X99, Y00-Y09, Y35 ou Y36; todas as idades; residência",final
22001,Baixo Parnaíba Piauiense,PI,Nordeste,2024,55,354805.0,15.50147263990079,40.14336917562724,estimativa IBGE em 1º de julho,"CAUSABAS X85-X99, Y00-Y09, Y35 ou Y36; todas as idades; residência",final
22002,Litoral Piauiense,PI,Nordeste,2024,93,342612.0,27.14440825190011,73.83512544802868,estimativa IBGE em 1º de julho,"CAUSABAS X85-X99, Y00-Y09, Y35 ou Y36; todas as idades; residência",final
22003,Teresina,PI,Nordeste,2024,328,1120184.0,29.28090385151011,77.41935483870968,estimativa IBGE em 1º de julho,"CAUSABAS X85-X99, Y00-Y09, Y35 ou Y36; todas as idades; residência",final
22004,Campo Maior,PI,Nordeste,2024,38,226956.0,16.74333350957895,44.623655913978496,estimativa IBGE em 1º de julho,"CAUSABAS X85-X99, Y00-Y09, Y35 ou Y36; todas as idades; residência",final
22005,Médio Parnaíba Piauiense,PI,Nordeste,2024,13,133310.0,9.751706548646013,23.118279569892472,estimativa IBGE em 1º de julho,"CAUSABAS X85-X99, Y00-Y09, Y35 ou Y36; todas as idades; residência",final
22006,Valença do Piauí,PI,Nordeste,2024,7,104555.0,6.6950408875711345,11.11111111111111,estimativa IBGE em 1º de julho,"CAUSABAS X85-X99, Y00-Y09, Y35 ou Y36; todas as idades; residência",final
22007,Alto Parnaíba Piauiense,PI,Nordeste,2024,5,52763.0,9.47633758505013,22.043010752688172,estimativa IBGE em 1º de julho,"CAUSABAS X85-X99, Y00-Y09, Y35 ou Y36; todas as idades; residência",final
22008,Bertolínia,PI,Nordeste,2024,4,42087.0,9.504122413096681,22.22222222222222,estimativa IBGE em 1º de julho,"CAUSABAS X85-X99, Y00-Y09, Y35 ou Y36; todas as idades; residência",final
22009,Floriano,PI,Nordeste,2024,19,125547.0,15.133774602340159,39.24731182795699,estimativa IBGE em 1º de julho,"CAUSABAS X85-X99, Y00-Y09, Y35 ou Y36; todas as idades; residência",final
22010,Alto Médio Gurguéia,PI,Nordeste,2024,21,98985.0,21.215335656917716,59.318996415770606,estimativa IBGE em 1º de julho,"CAUSABAS X85-X99, Y00-Y09, Y35 ou Y36; todas as idades; residência",final
22011,São Raimundo Nonato,PI,Nordeste,2024,15,146018.0,10.272706104726815,25.089605734767026,estimativa IBGE em 1º de julho,"CAUSABAS X85-X99, Y00-Y09, Y35 ou Y36; todas as idades; residência",final
22012,Chapadas do Extremo Sul Piauiense,PI,Nordeste,2024,27,86102.0,31.35815660495691,80.46594982078852,estimativa IBGE em 1º de julho,"CAUSABAS X85-X99, Y00-Y09, Y35 ou Y36; todas as idades; residência",final
22013,Picos,PI,Nordeste,2024,27,213804.0,12.628388617612393,32.795698924731184,estimativa IBGE em 1º de julho,"CAUSABAS X85-X99, Y00-Y09, Y35 ou Y36; todas as idades; residência",final
22014,Pio IX,PI,Nordeste,2024,5,57751.0,8.657858738376826,17.38351254480287,estimativa IBGE em 1º de julho,"CAUSABAS X85-X99, Y00-Y09, Y35 ou Y36; todas as idades; residência",final
22015,Alto Médio Canindé,PI,Nordeste,2024,33,270167.0,12.214667224346423,31.003584229390682,estimativa IBGE em 1º de julho,"CAUSABAS X85-X99, Y00-Y09, Y35 ou Y36; todas as idades; residência",final
23001,Litoral de Camocim e Acaraú,CE,Nordeste,2024,158,418523.0,37.751808144355266,89.24731182795699,estimativa IBGE em 1º de julho,"CAUSABAS X85-X99, Y00-Y09, Y35 ou Y36; todas as idades; residência",final
23002,Ibiapaba,CE,Nordeste,2024,113,337595.0,33.472059716524235,82.97491039426524,estimativa IBGE em 1º de julho,"CAUSABAS X85-X99, Y00-Y09, Y35 ou Y36; todas as idades; residência",final
23003,Coreaú,CE,Nordeste,2024,9,60559.0,14.861539985798974,39.06810035842294,estimativa IBGE em 1º de julho,"CAUSABAS X85-X99, Y00-Y09, Y35 ou Y36; todas as idades; residência",final
23004,Meruoca,CE,Nordeste,2024,2,27503.0,7.2719339708395445,13.261648745519713,estimativa IBGE em 1º de julho,"CAUSABAS X85-X99, Y00-Y09, Y35 ou Y36; todas as idades; residência",final
23005,Sobral,CE,Nordeste,2024,236,423011.0,55.79051135786067,98.5663082437276,estimativa IBGE em 1º de julho,"CAUSABAS X85-X99, Y00-Y09, Y35 ou Y36; todas as idades; residência",final
23006,Ipu,CE,Nordeste,2024,35,142347.0,24.587803044672526,67.56272401433692,estimativa IBGE em 1º de julho,"CAUSABAS X85-X99, Y00-Y09, Y35 ou Y36; todas as idades; residência",final
23007,Santa Quitéria,CE,Nordeste,2024,13,70689.0,18.390414350181782,51.4336917562724,estimativa IBGE em 1º de julho,"CAUSABAS X85-X99, Y00-Y09, Y35 ou Y36; todas as idades; residência",final
23008,Itapipoca,CE,Nordeste,2024,163,243750.0,66.87179487179488,99.10394265232975,estimativa IBGE em 1º de julho,"CAUSABAS X85-X99, Y00-Y09, Y35 ou Y36; todas as idades; residência",final
23009,Baixo Curu,CE,Nordeste,2024,57,132842.0,42.90811640896705,93.9068100358423,estimativa IBGE em 1º de julho,"CAUSABAS X85-X99, Y00-Y09, Y35 ou Y36; todas as idades; residência",final
23010,Uruburetama,CE,Nordeste,2024,39,103626.0,37.63534248161658,88.88888888888889,estimativa IBGE em 1º de julho,"CAUSABAS X85-X99, Y00-Y09, Y35 ou Y36; todas as idades; residência",final
23011,Médio Curu,CE,Nordeste,2024,60,88446.0,67.83800284919612,99.2831541218638,estimativa IBGE em 1º de julho,"CAUSABAS X85-X99, Y00-Y09, Y35 ou Y36; todas as idades; residência",final
23012,Canindé,CE,Nordeste,2024,51,125241.0,40.721488969267256,91.93548387096774,estimativa IBGE em 1º de julho,"CAUSABAS X85-X99, Y00-Y09, Y35 ou Y36; todas as idades; residência",final
23013,Baturité,CE,Nordeste,2024,64,192379.0,33.267664350059,82.43727598566308,estimativa IBGE em 1º de julho,"CAUSABAS X85-X99, Y00-Y09, Y35 ou Y36; todas as idades; residência",final
23014,Chorozinho,CE,Nordeste,2024,9,69332.0,12.981018865747417,33.51254480286738,estimativa IBGE em 1º de julho,"CAUSABAS X85-X99, Y00-Y09, Y35 ou Y36; todas as idades; residência",final
23015,Cascavel,CE,Nordeste,2024,46,156638.0,29.367075677677192,77.59856630824373,estimativa IBGE em 1º de julho,"CAUSABAS X85-X99, Y00-Y09, Y35 ou Y36; todas as idades; residência",final
23016,Fortaleza,CE,Nordeste,2024,1207,3655441.0,33.01927181973392,82.25806451612904,estimativa IBGE em 1º de julho,"CAUSABAS X85-X99, Y00-Y09, Y35 ou Y36; todas as idades; residência",final
23017,Pacajus,CE,Nordeste,2024,29,154759.0,18.7388132515718,52.867383512544805,estimativa IBGE em 1º de julho,"CAUSABAS X85-X99, Y00-Y09, Y35 ou Y36; todas as idades; residência",final
23018,Sertão de Cratéus,CE,Nordeste,2024,54,252319.0,21.401479872700826,60.215053763440864,estimativa IBGE em 1º de julho,"CAUSABAS X85-X99, Y00-Y09, Y35 ou Y36; todas as idades; residência",final
23019,Sertão de Quixeramobim,CE,Nordeste,2024,107,285938.0,37.42069959221929,88.35125448028674,estimativa IBGE em 1º de julho,"CAUSABAS X85-X99, Y00-Y09, Y35 ou Y36; todas as idades; residência",final
23020,Sertão de Inhamuns,CE,Nordeste,2024,37,142523.0,25.96072212905987,72.04301075268818,estimativa IBGE em 1º de julho,"CAUSABAS X85-X99, Y00-Y09, Y35 ou Y36; todas as idades; residência",final
23021,Sertão de Senador Pompeu,CE,Nordeste,2024,73,212009.0,34.432500507053945,83.69175627240143,estimativa IBGE em 1º de julho,"CAUSABAS X85-X99, Y00-Y09, Y35 ou Y36; todas as idades; residência",final
23022,Litoral de Aracati,CE,Nordeste,2024,50,126950.0,39.38558487593541,91.0394265232975,estimativa IBGE em 1º de julho,"CAUSABAS X85-X99, Y00-Y09, Y35 ou Y36; todas as idades; residência",final
23023,Baixo Jaguaribe,CE,Nordeste,2024,129,330771.0,38.99979139646462,90.68100358422939,estimativa IBGE em 1º de julho,"CAUSABAS X85-X99, Y00-Y09, Y35 ou Y36; todas as idades; residência",final
23024,Médio Jaguaribe,CE,Nordeste,2024,35,63405.0,55.20069395158111,98.38709677419355,estimativa IBGE em 1º de julho,"CAUSABAS X85-X99, Y00-Y09, Y35 ou Y36; todas as idades; residência",final
23025,Serra do Pereiro,CE,Nordeste,2024,13,42802.0,30.372412504088594,78.85304659498208,estimativa IBGE em 1º de julho,"CAUSABAS X85-X99, Y00-Y09, Y35 ou Y36; todas as idades; residência",final
23026,Iguatu,CE,Nordeste,2024,80,226742.0,35.282391440491836,85.30465949820788,estimativa IBGE em 1º de julho,"CAUSABAS X85-X99, Y00-Y09, Y35 ou Y36; todas as idades; residência",final
23027,Várzea Alegre,CE,Nordeste,2024,24,97805.0,24.538622769797044,67.20430107526882,estimativa IBGE em 1º de julho,"CAUSABAS X85-X99, Y00-Y09, Y35 ou Y36; todas as idades; residência",final
23028,Lavras da Mangabeira,CE,Nordeste,2024,2,57389.0,3.4849884124135286,2.150537634408602,estimativa IBGE em 1º de julho,"CAUSABAS X85-X99, Y00-Y09, Y35 ou Y36; todas as idades; residência",final
23029,Chapada do Araripe,CE,Nordeste,2024,27,94663.0,28.522231494881844,75.80645161290323,estimativa IBGE em 1º de julho,"CAUSABAS X85-X99, Y00-Y09, Y35 ou Y36; todas as idades; residência",final
23030,Caririaçu,CE,Nordeste,2024,13,57969.0,22.42577929583053,63.08243727598566,estimativa IBGE em 1º de julho,"CAUSABAS X85-X99, Y00-Y09, Y35 ou Y36; todas as idades; residência",final
23031,Barro,CE,Nordeste,2024,15,91342.0,16.421799391298634,42.473118279569896,estimativa IBGE em 1º de julho,"CAUSABAS X85-X99, Y00-Y09, Y35 ou Y36; todas as idades; residência",final
23032,Cariri,CE,Nordeste,2024,194,640020.0,30.311552763976124,78.49462365591398,estimativa IBGE em 1º de julho,"CAUSABAS X85-X99, Y00-Y09, Y35 ou Y36; todas as idades; residência",final
23033,Brejo Santo,CE,Nordeste,2024,19,108328.0,17.53932501292371,48.5663082437276,estimativa IBGE em 1º de julho,"CAUSABAS X85-X99, Y00-Y09, Y35 ou Y36; todas as idades; residência",final
24001,Mossoró,RN,Nordeste,2024,125,360564.0,34.667909164531125,84.05017921146954,estimativa IBGE em 1º de julho,"CAUSABAS X85-X99, Y00-Y09, Y35 ou Y36; todas as idades; residência",final
24002,Chapada do Apodi,RN,Nordeste,2024,36,76248.0,47.214353163361665,96.7741935483871,estimativa IBGE em 1º de julho,"CAUSABAS X85-X99, Y00-Y09, Y35 ou Y36; todas as idades; residência",final
24003,Médio Oeste,RN,Nordeste,2024,11,40429.0,27.208192139305943,74.01433691756273,estimativa IBGE em 1º de julho,"CAUSABAS X85-X99, Y00-Y09, Y35 ou Y36; todas as idades; residência",final
24004,Vale do Açu,RN,Nordeste,2024,31,147921.0,20.957132523441565,58.422939068100355,estimativa IBGE em 1º de julho,"CAUSABAS X85-X99, Y00-Y09, Y35 ou Y36; todas as idades; residência",final
24005,Serra de São Miguel,RN,Nordeste,2024,9,65808.0,13.676148796498905,35.483870967741936,estimativa IBGE em 1º de julho,"CAUSABAS X85-X99, Y00-Y09, Y35 ou Y36; todas as idades; residência",final
24006,Pau dos Ferros,RN,Nordeste,2024,39,120733.0,32.30268443590402,81.72043010752688,estimativa IBGE em 1º de julho,"CAUSABAS X85-X99, Y00-Y09, Y35 ou Y36; todas as idades; residência",final
24007,Umarizal,RN,Nordeste,2024,24,63332.0,37.89553464283458,89.42652329749104,estimativa IBGE em 1º de julho,"CAUSABAS X85-X99, Y00-Y09, Y35 ou Y36; todas as idades; residência",final
24008,Macau,RN,Nordeste,2024,14,56391.0,24.826656736003972,68.99641577060932,estimativa IBGE em 1º de julho,"CAUSABAS X85-X99, Y00-Y09, Y35 ou Y36; todas as idades; residência",final
24009,Angicos,RN,Nordeste,2024,15,50955.0,29.43773918163085,77.77777777777777,estimativa IBGE em 1º de julho,"CAUSABAS X85-X99, Y00-Y09, Y35 ou Y36; todas as idades; residência",final
24010,Serra de Santana,RN,Nordeste,2024,10,65717.0,15.216762785884931,39.42652329749104,estimativa IBGE em 1º de julho,"CAUSABAS X85-X99, Y00-Y09, Y35 ou Y36; todas as idades; residência",final
24011,Seridó Ocidental,RN,Nordeste,2024,17,99796.0,17.03475089181931,45.878136200716845,estimativa IBGE em 1º de julho,"CAUSABAS X85-X99, Y00-Y09, Y35 ou Y36; todas as idades; residência",final
24012,Seridó Oriental,RN,Nordeste,2024,13,122481.0,10.613891134135091,25.627240143369175,estimativa IBGE em 1º de julho,"CAUSABAS X85-X99, Y00-Y09, Y35 ou Y36; todas as idades; residência",final
24013,Baixa Verde,RN,Nordeste,2024,6,63995.0,9.375732479099929,21.32616487455197,estimativa IBGE em 1º de julho,"CAUSABAS X85-X99, Y00-Y09, Y35 ou Y36; todas as idades; residência",final
24014,Borborema Potiguar,RN,Nordeste,2024,33,134951.0,24.45332009396003,66.84587813620071,estimativa IBGE em 1º de julho,"CAUSABAS X85-X99, Y00-Y09, Y35 ou Y36; todas as idades; residência",final
24015,Agreste Potiguar,RN,Nordeste,2024,48,243226.0,19.734732306579065,55.017921146953405,estimativa IBGE em 1º de julho,"CAUSABAS X85-X99, Y00-Y09, Y35 ou Y36; todas as idades; residência",final
24016,Litoral Nordeste,RN,Nordeste,2024,26,91572.0,28.39295854628052,75.62724014336918,estimativa IBGE em 1º de julho,"CAUSABAS X85-X99, Y00-Y09, Y35 ou Y36; todas as idades; residência",final
24017,Macaíba,RN,Nordeste,2024,98,376291.0,26.043673646194037,72.40143369175627,estimativa IBGE em 1º de julho,"CAUSABAS X85-X99, Y00-Y09, Y35 ou Y36; todas as idades; residência",final
24018,Natal,RN,Nordeste,2024,208,1121659.0,18.543960330189478,51.971326164874554,estimativa IBGE em 1º de julho,"CAUSABAS X85-X99, Y00-Y09, Y35 ou Y36; todas as idades; residência",final
24019,Litoral Sul,RN,Nordeste,2024,44,144002.0,30.555131178733628,79.56989247311827,estimativa IBGE em 1º de julho,"CAUSABAS X85-X99, Y00-Y09, Y35 ou Y36; todas as idades; residência",final
25001,Catolé do Rocha,PB,Nordeste,2024,47,122097.0,38.49398429117833,90.14336917562724,estimativa IBGE em 1º de julho,"CAUSABAS X85-X99, Y00-Y09, Y35 ou Y36; todas as idades; residência",final
25002,Cajazeiras,PB,Nordeste,2024,30,179110.0,16.749483557590306,44.80286738351254,estimativa IBGE em 1º de julho,"CAUSABAS X85-X99, Y00-Y09, Y35 ou Y36; todas as idades; residência",final
25003,Sousa,PB,Nordeste,2024,29,189703.0,15.287053973843323,39.60573476702509,estimativa IBGE em 1º de julho,"CAUSABAS X85-X99, Y00-Y09, Y35 ou Y36; todas as idades; residência",final
25004,Patos,PB,Nordeste,2024,33,133079.0,24.797300851373997,68.81720430107526,estimativa IBGE em 1º de julho,"CAUSABAS X85-X99, Y00-Y09, Y35 ou Y36; todas as idades; residência",final
25005,Piancó,PB,Nordeste,2024,6,69117.0,8.680932332132471,17.741935483870968,estimativa IBGE em 1º de julho,"CAUSABAS X85-X99, Y00-Y09, Y35 ou Y36; todas as idades; residência",final
25006,Itaporanga,PB,Nordeste,2024,12,83478.0,14.37504492201538,37.81362007168459,estimativa IBGE em 1º de julho,"CAUSABAS X85-X99, Y00-Y09, Y35 ou Y36; todas as idades; residência",final
25007,Serra do Teixeira,PB,Nordeste,2024,29,117281.0,24.72693786717371,68.45878136200717,estimativa IBGE em 1º de julho,"CAUSABAS X85-X99, Y00-Y09, Y35 ou Y36; todas as idades; residência",final
25008,Seridó Ocidental Paraibano,PB,Nordeste,2024,7,40500.0,17.28395061728395,47.67025089605735,estimativa IBGE em 1º de julho,"CAUSABAS X85-X99, Y00-Y09, Y35 ou Y36; todas as idades; residência",final
25009,Seridó Oriental Paraibano,PB,Nordeste,2024,14,77073.0,18.164597200057088,50.3584229390681,estimativa IBGE em 1º de julho,"CAUSABAS X85-X99, Y00-Y09, Y35 ou Y36; todas as idades; residência",final
25010,Cariri Ocidental,PB,Nordeste,2024,30,129240.0,23.212627669452182,64.51612903225806,estimativa IBGE em 1º de julho,"CAUSABAS X85-X99, Y00-Y09, Y35 ou Y36; todas as idades; residência",final
25011,Cariri Oriental,PB,Nordeste,2024,7,68456.0,10.225546336332826,24.731182795698924,estimativa IBGE em 1º de julho,"CAUSABAS X85-X99, Y00-Y09, Y35 ou Y36; todas as idades; residência",final
25012,Curimataú Ocidental,PB,Nordeste,2024,13,121794.0,10.673760612181225,26.164874551971327,estimativa IBGE em 1º de julho,"CAUSABAS X85-X99, Y00-Y09, Y35 ou Y36; todas as idades; residência",final
25013,Curimataú Oriental,PB,Nordeste,2024,12,90158.0,13.309966946915415,34.587813620071685,estimativa IBGE em 1º de julho,"CAUSABAS X85-X99, Y00-Y09, Y35 ou Y36; todas as idades; residência",final
25014,Esperança,PB,Nordeste,2024,2,57363.0,3.4865679967923575,2.3297491039426523,estimativa IBGE em 1º de julho,"CAUSABAS X85-X99, Y00-Y09, Y35 ou Y36; todas as idades; residência",final
25015,Brejo Paraibano,PB,Nordeste,2024,13,116353.0,11.172896272549913,27.956989247311828,estimativa IBGE em 1º de julho,"CAUSABAS X85-X99, Y00-Y09, Y35 ou Y36; todas as idades; residência",final
25016,Guarabira,PB,Nordeste,2024,29,170193.0,17.039478709465136,46.0573476702509,estimativa IBGE em 1º de julho,"CAUSABAS X85-X99, Y00-Y09, Y35 ou Y36; todas as idades; residência",final
25017,Campina Grande,PB,Nordeste,2024,53,574583.0,9.224080768139677,20.43010752688172,estimativa IBGE em 1º de julho,"CAUSABAS X85-X99, Y00-Y09, Y35 ou Y36; todas as idades; residência",final
25018,Itabaiana,PB,Nordeste,2024,22,111764.0,19.684334848430623,54.659498207885306,estimativa IBGE em 1º de julho,"CAUSABAS X85-X99, Y00-Y09, Y35 ou Y36; todas as idades; residência",final
25019,Umbuzeiro,PB,Nordeste,2024,9,53890.0,16.700686583781778,44.44444444444444,estimativa IBGE em 1º de julho,"CAUSABAS X85-X99, Y00-Y09, Y35 ou Y36; todas as idades; residência",final
25020,Litoral Norte,PB,Nordeste,2024,59,158867.0,37.137983344558656,87.81362007168458,estimativa IBGE em 1º de julho,"CAUSABAS X85-X99, Y00-Y09, Y35 ou Y36; todas as idades; residência",final
25021,Sapé,PB,Nordeste,2024,63,143130.0,44.01592957451268,95.16129032258064,estimativa IBGE em 1º de julho,"CAUSABAS X85-X99, Y00-Y09, Y35 ou Y36; todas as idades; residência",final
25022,João Pessoa,PB,Nordeste,2024,457,1244833.0,36.71175169681395,86.91756272401433,estimativa IBGE em 1º de julho,"CAUSABAS X85-X99, Y00-Y09, Y35 ou Y36; todas as idades; residência",final
25023,Litoral Sul,PB,Nordeste,2024,75,92978.0,80.66424315429457,99.82078853046595,estimativa IBGE em 1º de julho,"CAUSABAS X85-X99, Y00-Y09, Y35 ou Y36; todas as idades; residência",final
26001,Araripina,PE,Nordeste,2024,60,335464.0,17.885674766890038,49.46236559139785,estimativa IBGE em 1º de julho,"CAUSABAS X85-X99, Y00-Y09, Y35 ou Y36; todas as idades; residência",final
26002,Salgueiro,PE,Nordeste,2024,46,175092.0,26.271902771114615,72.58064516129032,estimativa IBGE em 1º de julho,"CAUSABAS X85-X99, Y00-Y09, Y35 ou Y36; todas as idades; residência",final
26003,Pajeú,PE,Nordeste,2024,63,344414.0,18.291939352058858,50.7168458781362,estimativa IBGE em 1º de julho,"CAUSABAS X85-X99, Y00-Y09, Y35 ou Y36; todas as idades; residência",final
26004,Sertão do Moxotó,PE,Nordeste,2024,72,250677.0,28.722220227623595,76.16487455197132,estimativa IBGE em 1º de julho,"CAUSABAS X85-X99, Y00-Y09, Y35 ou Y36; todas as idades; residência",final
26005,Petrolina,PE,Nordeste,2024,215,573882.0,37.46414768192764,88.5304659498208,estimativa IBGE em 1º de julho,"CAUSABAS X85-X99, Y00-Y09, Y35 ou Y36; todas as idades; residência",final
26006,Itaparica,PE,Nordeste,2024,32,142769.0,22.413829332698274,62.72401433691756,estimativa IBGE em 1º de julho,"CAUSABAS X85-X99, Y00-Y09, Y35 ou Y36; todas as idades; residência",final
26007,Vale do Ipanema,PE,Nordeste,2024,43,200052.0,21.494411453022213,60.75268817204301,estimativa IBGE em 1º de julho,"CAUSABAS X85-X99, Y00-Y09, Y35 ou Y36; todas as idades; residência",final
26008,Vale do Ipojuca,PE,Nordeste,2024,322,985135.0,32.68587553990062,81.89964157706093,estimativa IBGE em 1º de julho,"CAUSABAS X85-X99, Y00-Y09, Y35 ou Y36; todas as idades; residência",final
26009,Alto Capibaribe,PE,Nordeste,2024,101,313754.0,32.19082465880913,81.54121863799283,estimativa IBGE em 1º de julho,"CAUSABAS X85-X99, Y00-Y09, Y35 ou Y36; todas as idades; residência",final
26010,Médio Capibaribe,PE,Nordeste,2024,56,252151.0,22.208914499645054,61.82795698924731,estimativa IBGE em 1º de julho,"CAUSABAS X85-X99, Y00-Y09, Y35 ou Y36; todas as idades; residência",final
26011,Garanhuns,PE,Nordeste,2024,169,481239.0,35.11768580684441,84.76702508960574,estimativa IBGE em 1º de julho,"CAUSABAS X85-X99, Y00-Y09, Y35 ou Y36; todas as idades; residência",final
26012,Brejo Pernambucano,PE,Nordeste,2024,76,216708.0,35.070232755597395,84.58781362007169,estimativa IBGE em 1º de julho,"CAUSABAS X85-X99, Y00-Y09, Y35 ou Y36; todas as idades; residência",final
26013,Mata Setentrional Pernambucana,PE,Nordeste,2024,261,566178.0,46.098576772675735,96.05734767025089,estimativa IBGE em 1º de julho,"CAUSABAS X85-X99, Y00-Y09, Y35 ou Y36; todas as idades; residência",final
26014,Vitória de Santo Antão,PE,Nordeste,2024,96,235701.0,40.729568393854926,92.1146953405018,estimativa IBGE em 1º de julho,"CAUSABAS X85-X99, Y00-Y09, Y35 ou Y36; todas as idades; residência",final
26015,Mata Meridional Pernambucana,PE,Nordeste,2024,202,508174.0,39.75016431379803,91.57706093189964,estimativa IBGE em 1º de julho,"CAUSABAS X85-X99, Y00-Y09, Y35 ou Y36; todas as idades; residência",final
26016,Itamaracá,PE,Nordeste,2024,71,197240.0,35.99675522206449,86.20071684587813,estimativa IBGE em 1º de julho,"CAUSABAS X85-X99, Y00-Y09, Y35 ou Y36; todas as idades; residência",final
26017,Recife,PE,Nordeste,2024,1429,3434476.0,41.60751159711118,93.18996415770609,estimativa IBGE em 1º de julho,"CAUSABAS X85-X99, Y00-Y09, Y35 ou Y36; todas as idades; residência",final
26018,Suape,PE,Nordeste,2024,159,322607.0,49.28597333597845,96.95340501792114,estimativa IBGE em 1º de julho,"CAUSABAS X85-X99, Y00-Y09, Y35 ou Y36; todas as idades; residência",final
26019,Fernando de Noronha,PE,Nordeste,2024,0,3316.0,0.0,0.17921146953405018,estimativa IBGE em 1º de julho,"CAUSABAS X85-X99, Y00-Y09, Y35 ou Y36; todas as idades; residência",final
27001,Serrana do Sertão Alagoano,AL,Nordeste,2024,19,83660.0,22.71097298589529,63.62007168458781,estimativa IBGE em 1º de julho,"CAUSABAS X85-X99, Y00-Y09, Y35 ou Y36; todas as idades; residência",final
27002,Alagoana do Sertão do São Francisco,AL,Nordeste,2024,26,84384.0,30.81152825180129,79.92831541218638,estimativa IBGE em 1º de julho,"CAUSABAS X85-X99, Y00-Y09, Y35 ou Y36; todas as idades; residência",final
27003,Santana do Ipanema,AL,Nordeste,2024,36,173698.0,20.725627238079884,57.70609318996416,estimativa IBGE em 1º de julho,"CAUSABAS X85-X99, Y00-Y09, Y35 ou Y36; todas as idades; residência",final
27004,Batalha,AL,Nordeste,2024,34,90613.0,37.52220983744054,88.70967741935483,estimativa IBGE em 1º de julho,"CAUSABAS X85-X99, Y00-Y09, Y35 ou Y36; todas as idades; residência",final
27005,Palmeira dos Índios,AL,Nordeste,2024,51,175299.0,29.09314941899269,77.24014336917563,estimativa IBGE em 1º de julho,"CAUSABAS X85-X99, Y00-Y09, Y35 ou Y36; todas as idades; residência",final
27006,Arapiraca,AL,Nordeste,2024,140,445782.0,31.405485192313733,80.64516129032258,estimativa IBGE em 1º de julho,"CAUSABAS X85-X99, Y00-Y09, Y35 ou Y36; todas as idades; residência",final
27007,Traipu,AL,Nordeste,2024,9,35065.0,25.66661913589049,71.50537634408602,estimativa IBGE em 1º de julho,"CAUSABAS X85-X99, Y00-Y09, Y35 ou Y36; todas as idades; residência",final
27008,Serrana dos Quilombos,AL,Nordeste,2024,35,140846.0,24.849835991082458,69.53405017921148,estimativa IBGE em 1º de julho,"CAUSABAS X85-X99, Y00-Y09, Y35 ou Y36; todas as idades; residência",final
27009,Mata Alagoana,AL,Nordeste,2024,91,272086.0,33.44530773358424,82.79569892473118,estimativa IBGE em 1º de julho,"CAUSABAS X85-X99, Y00-Y09, Y35 ou Y36; todas as idades; residência",final
27010,Litoral Norte Alagoano,AL,Nordeste,2024,53,74946.0,70.71758332666187,99.46236559139786,estimativa IBGE em 1º de julho,"CAUSABAS X85-X99, Y00-Y09, Y35 ou Y36; todas as idades; residência",final
27011,Maceió,AL,Nordeste,2024,525,1267533.0,41.419039977657384,93.01075268817205,estimativa IBGE em 1º de julho,"CAUSABAS X85-X99, Y00-Y09, Y35 ou Y36; todas as idades; residência",final
27012,São Miguel dos Campos,AL,Nordeste,2024,88,253377.0,34.730855602521146,84.22939068100358,estimativa IBGE em 1º de julho,"CAUSABAS X85-X99, Y00-Y09, Y35 ou Y36; todas as idades; residência",final
27013,Penedo,AL,Nordeste,2024,43,122815.0,35.01200993364003,84.40860215053763,estimativa IBGE em 1º de julho,"CAUSABAS X85-X99, Y00-Y09, Y35 ou Y36; todas as idades; residência",final
28001,Sergipana do Sertão do São Francisco,SE,Nordeste,2024,28,176255.0,15.886074153924712,41.21863799283154,estimativa IBGE em 1º de julho,"CAUSABAS X85-X99, Y00-Y09, Y35 ou Y36; todas as idades; residência",final
28002,Carira,SE,Nordeste,2024,22,70644.0,31.142064435762414,80.28673835125448,estimativa IBGE em 1º de julho,"CAUSABAS X85-X99, Y00-Y09, Y35 ou Y36; todas as idades; residência",final
28003,Nossa Senhora das Dores,SE,Nordeste,2024,14,65165.0,21.48392542008747,60.57347670250896,estimativa IBGE em 1º de julho,"CAUSABAS X85-X99, Y00-Y09, Y35 ou Y36; todas as idades; residência",final
28004,Agreste de Itabaiana,SE,Nordeste,2024,54,186204.0,29.000451118128503,76.88172043010752,estimativa IBGE em 1º de julho,"CAUSABAS X85-X99, Y00-Y09, Y35 ou Y36; todas as idades; residência",final
28005,Tobias Barreto,SE,Nordeste,2024,17,119112.0,14.272281550137686,37.096774193548384,estimativa IBGE em 1º de julho,"CAUSABAS X85-X99, Y00-Y09, Y35 ou Y36; todas as idades; residência",final
28006,Agreste de Lagarto,SE,Nordeste,2024,18,124137.0,14.500108750815631,38.35125448028674,estimativa IBGE em 1º de julho,"CAUSABAS X85-X99, Y00-Y09, Y35 ou Y36; todas as idades; residência",final
28007,Propriá,SE,Nordeste,2024,18,89192.0,20.181182168804376,56.45161290322581,estimativa IBGE em 1º de julho,"CAUSABAS X85-X99, Y00-Y09, Y35 ou Y36; todas as idades; residência",final
28008,Cotinguiba,SE,Nordeste,2024,9,49171.0,18.30347155843892,51.075268817204304,estimativa IBGE em 1º de julho,"CAUSABAS X85-X99, Y00-Y09, Y35 ou Y36; todas as idades; residência",final
28009,Japaratuba,SE,Nordeste,2024,15,54248.0,27.65078896917859,74.73118279569893,estimativa IBGE em 1º de julho,"CAUSABAS X85-X99, Y00-Y09, Y35 ou Y36; todas as idades; residência",final
28010,Baixo Cotinguiba,SE,Nordeste,2024,32,87106.0,36.73684935595711,87.27598566308244,estimativa IBGE em 1º de julho,"CAUSABAS X85-X99, Y00-Y09, Y35 ou Y36; todas as idades; residência",final
28011,Aracaju,SE,Nordeste,2024,241,976043.0,24.69153510654756,68.10035842293907,estimativa IBGE em 1º de julho,"CAUSABAS X85-X99, Y00-Y09, Y35 ou Y36; todas as idades; residência",final
28012,Boquim,SE,Nordeste,2024,41,160045.0,25.617794995157613,70.96774193548387,estimativa IBGE em 1º de julho,"CAUSABAS X85-X99, Y00-Y09, Y35 ou Y36; todas as idades; residência",final
28013,Estância,SE,Nordeste,2024,17,133755.0,12.709805240925572,32.97491039426523,estimativa IBGE em 1º de julho,"CAUSABAS X85-X99, Y00-Y09, Y35 ou Y36; todas as idades; residência",final
29001,Barreiras,BA,Nordeste,2024,118,389526.0,30.29322817989043,78.13620071684588,estimativa IBGE em 1º de julho,"CAUSABAS X85-X99, Y00-Y09, Y35 ou Y36; todas as idades; residência",final
29002,Cotegipe,BA,Nordeste,2024,17,120655.0,14.089760059674278,36.55913978494624,estimativa IBGE em 1º de julho,"CAUSABAS X85-X99, Y00-Y09, Y35 ou Y36; todas as idades; residência",final
29003,Santa Maria da Vitória,BA,Nordeste,2024,31,187971.0,16.491905666299587,42.831541218637994,estimativa IBGE em 1º de julho,"CAUSABAS X85-X99, Y00-Y09, Y35 ou Y36; todas as idades; residência",final
29004,Juazeiro,BA,Nordeste,2024,296,545818.0,54.23053105613959,98.2078853046595,estimativa IBGE em 1º de julho,"CAUSABAS X85-X99, Y00-Y09, Y35 ou Y36; todas as idades; residência",final
29005,Paulo Afonso,BA,Nordeste,2024,72,182625.0,39.42505133470226,91.21863799283155,estimativa IBGE em 1º de julho,"CAUSABAS X85-X99, Y00-Y09, Y35 ou Y36; todas as idades; residência",final
29006,Barra,BA,Nordeste,2024,34,180100.0,18.878400888395337,53.04659498207885,estimativa IBGE em 1º de julho,"CAUSABAS X85-X99, Y00-Y09, Y35 ou Y36; todas as idades; residência",final
29007,Bom Jesus da Lapa,BA,Nordeste,2024,44,185629.0,23.703192927829164,66.12903225806451,estimativa IBGE em 1º de julho,"CAUSABAS X85-X99, Y00-Y09, Y35 ou Y36; todas as idades; residência",final
29008,Senhor do Bonfim,BA,Nordeste,2024,107,301608.0,35.476512559348556,85.48387096774194,estimativa IBGE em 1º de julho,"CAUSABAS X85-X99, Y00-Y09, Y35 ou Y36; todas as idades; residência",final
29009,Irecê,BA,Nordeste,2024,85,402592.0,21.11318655114856,58.78136200716846,estimativa IBGE em 1º de julho,"CAUSABAS X85-X99, Y00-Y09, Y35 ou Y36; todas as idades; residência",final
29010,Jacobina,BA,Nordeste,2024,142,346551.0,40.97520999795124,92.65232974910394,estimativa IBGE em 1º de julho,"CAUSABAS X85-X99, Y00-Y09, Y35 ou Y36; todas as idades; residência",final
29011,Itaberaba,BA,Nordeste,2024,78,243496.0,32.03338042514046,81.36200716845879,estimativa IBGE em 1º de julho,"CAUSABAS X85-X99, Y00-Y09, Y35 ou Y36; todas as idades; residência",final
29012,Feira de Santana,BA,Nordeste,2024,595,1127787.0,52.75818926800894,97.84946236559139,estimativa IBGE em 1º de julho,"CAUSABAS X85-X99, Y00-Y09, Y35 ou Y36; todas as idades; residência",final
29013,Jeremoabo,BA,Nordeste,2024,31,101162.0,30.643917676597933,79.74910394265233,estimativa IBGE em 1º de julho,"CAUSABAS X85-X99, Y00-Y09, Y35 ou Y36; todas as idades; residência",final
29014,Euclides da Cunha,BA,Nordeste,2024,60,320307.0,18.73202895971677,52.68817204301075,estimativa IBGE em 1º de julho,"CAUSABAS X85-X99, Y00-Y09, Y35 ou Y36; todas as idades; residência",final
29015,Ribeira do Pombal,BA,Nordeste,2024,91,314574.0,28.928010579386726,76.70250896057348,estimativa IBGE em 1º de julho,"CAUSABAS X85-X99, Y00-Y09, Y35 ou Y36; todas as idades; residência",final
29016,Serrinha,BA,Nordeste,2024,111,443438.0,25.03168424898182,70.07168458781362,estimativa IBGE em 1º de julho,"CAUSABAS X85-X99, Y00-Y09, Y35 ou Y36; todas as idades; residência",final
29017,Alagoinhas,BA,Nordeste,2024,106,322546.0,32.86352954307293,82.07885304659499,estimativa IBGE em 1º de julho,"CAUSABAS X85-X99, Y00-Y09, Y35 ou Y36; todas as idades; residência",final
29018,Entre Rios,BA,Nordeste,2024,44,116651.0,37.7193508842616,89.06810035842294,estimativa IBGE em 1º de julho,"CAUSABAS X85-X99, Y00-Y09, Y35 ou Y36; todas as idades; residência",final
29019,Catu,BA,Nordeste,2024,68,213506.0,31.849222035914682,81.18279569892474,estimativa IBGE em 1º de julho,"CAUSABAS X85-X99, Y00-Y09, Y35 ou Y36; todas as idades; residência",final
29020,Santo Antônio de Jesus,BA,Nordeste,2024,249,564958.0,44.07407276293105,95.3405017921147,estimativa IBGE em 1º de julho,"CAUSABAS X85-X99, Y00-Y09, Y35 ou Y36; todas as idades; residência",final
29021,Salvador,BA,Nordeste,2024,1850,3502264.0,52.82297393914337,98.02867383512545,estimativa IBGE em 1º de julho,"CAUSABAS X85-X99, Y00-Y09, Y35 ou Y36; todas as idades; residência",final
29022,Boquira,BA,Nordeste,2024,12,186614.0,6.430385715969863,10.03584229390681,estimativa IBGE em 1º de julho,"CAUSABAS X85-X99, Y00-Y09, Y35 ou Y36; todas as idades; residência",final
29023,Seabra,BA,Nordeste,2024,63,278550.0,22.617124394184167,63.44086021505376,estimativa IBGE em 1º de julho,"CAUSABAS X85-X99, Y00-Y09, Y35 ou Y36; todas as idades; residência",final
29024,Jequié,BA,Nordeste,2024,270,525768.0,51.353448669375084,97.4910394265233,estimativa IBGE em 1º de julho,"CAUSABAS X85-X99, Y00-Y09, Y35 ou Y36; todas as idades; residência",final
29025,Livramento do Brumado,BA,Nordeste,2024,1,101316.0,0.9870109360811717,0.35842293906810035,estimativa IBGE em 1º de julho,"CAUSABAS X85-X99, Y00-Y09, Y35 ou Y36; todas as idades; residência",final
29026,Guanambi,BA,Nordeste,2024,38,395576.0,9.606245070479503,22.580645161290324,estimativa IBGE em 1º de julho,"CAUSABAS X85-X99, Y00-Y09, Y35 ou Y36; todas as idades; residência",final
29027,Brumado,BA,Nordeste,2024,29,241206.0,12.022918169531438,30.28673835125448,estimativa IBGE em 1º de julho,"CAUSABAS X85-X99, Y00-Y09, Y35 ou Y36; todas as idades; residência",final
29028,Vitória da Conquista,BA,Nordeste,2024,189,707359.0,26.71910585713902,73.11827956989248,estimativa IBGE em 1º de julho,"CAUSABAS X85-X99, Y00-Y09, Y35 ou Y36; todas as idades; residência",final
29029,Itapetinga,BA,Nordeste,2024,53,200122.0,26.48384485463867,72.93906810035843,estimativa IBGE em 1º de julho,"CAUSABAS X85-X99, Y00-Y09, Y35 ou Y36; todas as idades; residência",final
29030,Valença,BA,Nordeste,2024,137,273503.0,50.090858235558656,97.31182795698925,estimativa IBGE em 1º de julho,"CAUSABAS X85-X99, Y00-Y09, Y35 ou Y36; todas as idades; residência",final
29031,Ilhéus-Itabuna,BA,Nordeste,2024,491,987326.0,49.730281588857174,97.1326164874552,estimativa IBGE em 1º de julho,"CAUSABAS X85-X99, Y00-Y09, Y35 ou Y36; todas as idades; residência",final
29032,Porto Seguro,BA,Nordeste,2024,482,839409.0,57.42135240389369,98.74551971326164,estimativa IBGE em 1º de julho,"CAUSABAS X85-X99, Y00-Y09, Y35 ou Y36; todas as idades; residência",final
31001,Unaí,MG,Sudeste,2024,14,164283.0,8.521879926711833,16.845878136200717,estimativa IBGE em 1º de julho,"CAUSABAS X85-X99, Y00-Y09, Y35 ou Y36; todas as idades; residência",final
31002,Paracatu,MG,Sudeste,2024,56,239301.0,23.401490173463547,64.87455197132617,estimativa IBGE em 1º de julho,"CAUSABAS X85-X99, Y00-Y09, Y35 ou Y36; todas as idades; residência",final
31003,Januária,MG,Sudeste,2024,33,282351.0,11.68758035211492,29.92831541218638,estimativa IBGE em 1º de julho,"CAUSABAS X85-X99, Y00-Y09, Y35 ou Y36; todas as idades; residência",final
31004,Janaúba,MG,Sudeste,2024,41,257088.0,15.947846651730147,41.39784946236559,estimativa IBGE em 1º de julho,"CAUSABAS X85-X99, Y00-Y09, Y35 ou Y36; todas as idades; residência",final
31005,Salinas,MG,Sudeste,2024,11,217162.0,5.065342923715936,6.093189964157706,estimativa IBGE em 1º de julho,"CAUSABAS X85-X99, Y00-Y09, Y35 ou Y36; todas as idades; residência",final
31006,Pirapora,MG,Sudeste,2024,32,160601.0,19.92515613227813,55.7347670250896,estimativa IBGE em 1º de julho,"CAUSABAS X85-X99, Y00-Y09, Y35 ou Y36; todas as idades; residência",final
31007,Montes Claros,MG,Sudeste,2024,55,673471.0,8.166647116208418,16.308243727598565,estimativa IBGE em 1º de julho,"CAUSABAS X85-X99, Y00-Y09, Y35 ou Y36; todas as idades; residência",final
31008,Grão Mogol,MG,Sudeste,2024,1,38054.0,2.627844641824775,1.075268817204301,estimativa IBGE em 1º de julho,"CAUSABAS X85-X99, Y00-Y09, Y35 ou Y36; todas as idades; residência",final
31009,Bocaiúva,MG,Sudeste,2024,10,71366.0,14.01227475268335,36.37992831541219,estimativa IBGE em 1º de julho,"CAUSABAS X85-X99, Y00-Y09, Y35 ou Y36; todas as idades; residência",final
31010,Diamantina,MG,Sudeste,2024,7,86401.0,8.101758081503686,15.949820788530467,estimativa IBGE em 1º de julho,"CAUSABAS X85-X99, Y00-Y09, Y35 ou Y36; todas as idades; residência",final
31011,Capelinha,MG,Sudeste,2024,10,188589.0,5.302536203065927,6.451612903225806,estimativa IBGE em 1º de julho,"CAUSABAS X85-X99, Y00-Y09, Y35 ou Y36; todas as idades; residência",final
31012,Araçuaí,MG,Sudeste,2024,31,145103.0,21.36413444243055,59.85663082437276,estimativa IBGE em 1º de julho,"CAUSABAS X85-X99, Y00-Y09, Y35 ou Y36; todas as idades; residência",final
31013,Pedra Azul,MG,Sudeste,2024,19,80805.0,23.51339644823959,65.41218637992831,estimativa IBGE em 1º de julho,"CAUSABAS X85-X99, Y00-Y09, Y35 ou Y36; todas as idades; residência",final
31014,Almenara,MG,Sudeste,2024,24,181088.0,13.253224951404842,34.40860215053763,estimativa IBGE em 1º de julho,"CAUSABAS X85-X99, Y00-Y09, Y35 ou Y36; todas as idades; residência",final
31015,Teófilo Otoni,MG,Sudeste,2024,62,265576.0,23.3454830255746,64.69534050179212,estimativa IBGE em 1º de julho,"CAUSABAS X85-X99, Y00-Y09, Y35 ou Y36; todas as idades; residência",final
31016,Nanuque,MG,Sudeste,2024,26,109810.0,23.677260723067114,65.94982078853046,estimativa IBGE em 1º de julho,"CAUSABAS X85-X99, Y00-Y09, Y35 ou Y36; todas as idades; residência",final
31017,Ituiutaba,MG,Sudeste,2024,12,154413.0,7.771366400497367,14.874551971326165,estimativa IBGE em 1º de julho,"CAUSABAS X85-X99, Y00-Y09, Y35 ou Y36; todas as idades; residência",final
31018,Uberlândia,MG,Sudeste,2024,111,993750.0,11.169811320754716,27.77777777777778,estimativa IBGE em 1º de julho,"CAUSABAS X85-X99, Y00-Y09, Y35 ou Y36; todas as idades; residência",final
31019,Patrocínio,MG,Sudeste,2024,19,216488.0,8.776467979749455,18.100358422939067,estimativa IBGE em 1º de julho,"CAUSABAS X85-X99, Y00-Y09, Y35 ou Y36; todas as idades; residência",final
31020,Patos de Minas,MG,Sudeste,2024,42,302765.0,13.872145063002659,35.842293906810035,estimativa IBGE em 1º de julho,"CAUSABAS X85-X99, Y00-Y09, Y35 ou Y36; todas as idades; residência",final
31021,Frutal,MG,Sudeste,2024,16,196597.0,8.138476172067733,16.129032258064516,estimativa IBGE em 1º de julho,"CAUSABAS X85-X99, Y00-Y09, Y35 ou Y36; todas as idades; residência",final
31022,Uberaba,MG,Sudeste,2024,45,416441.0,10.80585244968675,26.881720430107528,estimativa IBGE em 1º de julho,"CAUSABAS X85-X99, Y00-Y09, Y35 ou Y36; todas as idades; residência",final
31023,Araxá,MG,Sudeste,2024,27,242100.0,11.152416356877323,27.59856630824373,estimativa IBGE em 1º de julho,"CAUSABAS X85-X99, Y00-Y09, Y35 ou Y36; todas as idades; residência",final
31024,Três Marias,MG,Sudeste,2024,17,102530.0,16.580513020579343,43.54838709677419,estimativa IBGE em 1º de julho,"CAUSABAS X85-X99, Y00-Y09, Y35 ou Y36; todas as idades; residência",final
31025,Curvelo,MG,Sudeste,2024,27,158284.0,17.057946475954612,46.415770609319,estimativa IBGE em 1º de julho,"CAUSABAS X85-X99, Y00-Y09, Y35 ou Y36; todas as idades; residência",final
31026,Bom Despacho,MG,Sudeste,2024,8,185246.0,4.318581777744189,3.4050179211469533,estimativa IBGE em 1º de julho,"CAUSABAS X85-X99, Y00-Y09, Y35 ou Y36; todas as idades; residência",final
31027,Sete Lagoas,MG,Sudeste,2024,77,438591.0,17.556219803871944,48.74551971326165,estimativa IBGE em 1º de julho,"CAUSABAS X85-X99, Y00-Y09, Y35 ou Y36; todas as idades; residência",final
31028,Conceição do Mato Dentro,MG,Sudeste,2024,6,91794.0,6.536374926465782,10.75268817204301,estimativa IBGE em 1º de julho,"CAUSABAS X85-X99, Y00-Y09, Y35 ou Y36; todas as idades; residência",final
31029,Pará de Minas,MG,Sudeste,2024,27,145857.0,18.511281597729283,51.7921146953405,estimativa IBGE em 1º de julho,"CAUSABAS X85-X99, Y00-Y09, Y35 ou Y36; todas as idades; residência",final
31030,Belo Horizonte,MG,Sudeste,2024,687,5232475.0,13.129541947166494,33.87096774193548,estimativa IBGE em 1º de julho,"CAUSABAS X85-X99, Y00-Y09, Y35 ou Y36; todas as idades; residência",final
31031,Itabira,MG,Sudeste,2024,44,408219.0,10.778528191975386,26.70250896057348,estimativa IBGE em 1º de julho,"CAUSABAS X85-X99, Y00-Y09, Y35 ou Y36; todas as idades; residência",final
31032,Itaguara,MG,Sudeste,2024,3,72800.0,4.1208791208791204,3.046594982078853,estimativa IBGE em 1º de julho,"CAUSABAS X85-X99, Y00-Y09, Y35 ou Y36; todas as idades; residência",final
31033,Ouro Preto,MG,Sudeste,2024,19,201132.0,9.446532625340572,21.863799283154123,estimativa IBGE em 1º de julho,"CAUSABAS X85-X99, Y00-Y09, Y35 ou Y36; todas as idades; residência",final
31034,Conselheiro Lafaiete,MG,Sudeste,2024,20,281725.0,7.09912148371639,12.007168458781361,estimativa IBGE em 1º de julho,"CAUSABAS X85-X99, Y00-Y09, Y35 ou Y36; todas as idades; residência",final
31035,Guanhães,MG,Sudeste,2024,16,127089.0,12.58960256198412,32.437275985663085,estimativa IBGE em 1º de julho,"CAUSABAS X85-X99, Y00-Y09, Y35 ou Y36; todas as idades; residência",final
31036,Peçanha,MG,Sudeste,2024,5,76860.0,6.505334374186833,10.57347670250896,estimativa IBGE em 1º de julho,"CAUSABAS X85-X99, Y00-Y09, Y35 ou Y36; todas as idades; residência",final
31037,Governador Valadares,MG,Sudeste,2024,154,411896.0,37.38807854409851,88.17204301075269,estimativa IBGE em 1º de julho,"CAUSABAS X85-X99, Y00-Y09, Y35 ou Y36; todas as idades; residência",final
31038,Mantena,MG,Sudeste,2024,11,61688.0,17.83166904422254,49.2831541218638,estimativa IBGE em 1º de julho,"CAUSABAS X85-X99, Y00-Y09, Y35 ou Y36; todas as idades; residência",final
31039,Ipatinga,MG,Sudeste,2024,118,549620.0,21.469378843564645,60.39426523297491,estimativa IBGE em 1º de julho,"CAUSABAS X85-X99, Y00-Y09, Y35 ou Y36; todas as idades; residência",final
31040,Caratinga,MG,Sudeste,2024,45,266075.0,16.91252466409847,45.51971326164875,estimativa IBGE em 1º de julho,"CAUSABAS X85-X99, Y00-Y09, Y35 ou Y36; todas as idades; residência",final
31041,Aimorés,MG,Sudeste,2024,36,153184.0,23.501148945059537,65.23297491039426,estimativa IBGE em 1º de julho,"CAUSABAS X85-X99, Y00-Y09, Y35 ou Y36; todas as idades; residência",final
31042,Piuí,MG,Sudeste,2024,5,88499.0,5.649781353461621,8.064516129032258,estimativa IBGE em 1º de julho,"CAUSABAS X85-X99, Y00-Y09, Y35 ou Y36; todas as idades; residência",final
31043,Divinópolis,MG,Sudeste,2024,67,593428.0,11.290333452415457,28.49462365591398,estimativa IBGE em 1º de julho,"CAUSABAS X85-X99, Y00-Y09, Y35 ou Y36; todas as idades; residência",final
31044,Formiga,MG,Sudeste,2024,12,166022.0,7.22795774054041,13.082437275985663,estimativa IBGE em 1º de julho,"CAUSABAS X85-X99, Y00-Y09, Y35 ou Y36; todas as idades; residência",final
31045,Campo Belo,MG,Sudeste,2024,14,116857.0,11.980454743832205,30.107526881720432,estimativa IBGE em 1º de julho,"CAUSABAS X85-X99, Y00-Y09, Y35 ou Y36; todas as idades; residência",final
31046,Oliveira,MG,Sudeste,2024,11,130103.0,8.454839627064711,16.487455197132615,estimativa IBGE em 1º de julho,"CAUSABAS X85-X99, Y00-Y09, Y35 ou Y36; todas as idades; residência",final
31047,Passos,MG,Sudeste,2024,14,242135.0,5.7818985276808395,8.422939068100359,estimativa IBGE em 1º de julho,"CAUSABAS X85-X99, Y00-Y09, Y35 ou Y36; todas as idades; residência",final
31048,São Sebastião do Paraíso,MG,Sudeste,2024,14,283840.0,4.932356257046223,5.555555555555555,estimativa IBGE em 1º de julho,"CAUSABAS X85-X99, Y00-Y09, Y35 ou Y36; todas as idades; residência",final
31049,Alfenas,MG,Sudeste,2024,13,240400.0,5.40765391014975,6.810035842293907,estimativa IBGE em 1º de julho,"CAUSABAS X85-X99, Y00-Y09, Y35 ou Y36; todas as idades; residência",final
31050,Varginha,MG,Sudeste,2024,44,476881.0,9.226620477645367,20.60931899641577,estimativa IBGE em 1º de julho,"CAUSABAS X85-X99, Y00-Y09, Y35 ou Y36; todas as idades; residência",final
31051,Poços de Caldas,MG,Sudeste,2024,27,378254.0,7.138060668228228,12.544802867383513,estimativa IBGE em 1º de julho,"CAUSABAS X85-X99, Y00-Y09, Y35 ou Y36; todas as idades; residência",final
31052,Pouso Alegre,MG,Sudeste,2024,30,415791.0,7.215163387374907,12.903225806451612,estimativa IBGE em 1º de julho,"CAUSABAS X85-X99, Y00-Y09, Y35 ou Y36; todas as idades; residência",final
31053,Santa Rita do Sapucaí,MG,Sudeste,2024,5,150692.0,3.318026172590449,1.7921146953405018,estimativa IBGE em 1º de julho,"CAUSABAS X85-X99, Y00-Y09, Y35 ou Y36; todas as idades; residência",final
31054,São Lourenço,MG,Sudeste,2024,10,219569.0,4.5543769840004735,4.480286738351254,estimativa IBGE em 1º de julho,"CAUSABAS X85-X99, Y00-Y09, Y35 ou Y36; todas as idades; residência",final
31055,Andrelândia,MG,Sudeste,2024,11,76029.0,14.46816346394139,38.17204301075269,estimativa IBGE em 1º de julho,"CAUSABAS X85-X99, Y00-Y09, Y35 ou Y36; todas as idades; residência",final
31056,Itajubá,MG,Sudeste,2024,9,200761.0,4.482942404152201,3.942652329749104,estimativa IBGE em 1º de julho,"CAUSABAS X85-X99, Y00-Y09, Y35 ou Y36; todas as idades; residência",final
31057,Lavras,MG,Sudeste,2024,9,170859.0,5.267501272979474,6.272401433691757,estimativa IBGE em 1º de julho,"CAUSABAS X85-X99, Y00-Y09, Y35 ou Y36; todas as idades; residência",final
31058,São João Del Rei,MG,Sudeste,2024,24,199084.0,12.055212874967351,30.64516129032258,estimativa IBGE em 1º de julho,"CAUSABAS X85-X99, Y00-Y09, Y35 ou Y36; todas as idades; residência",final
31059,Barbacena,MG,Sudeste,2024,21,228405.0,9.194194522886978,19.892473118279568,estimativa IBGE em 1º de julho,"CAUSABAS X85-X99, Y00-Y09, Y35 ou Y36; todas as idades; residência",final
31060,Ponte Nova,MG,Sudeste,2024,31,187871.0,16.500683979964975,43.01075268817204,estimativa IBGE em 1º de julho,"CAUSABAS X85-X99, Y00-Y09, Y35 ou Y36; todas as idades; residência",final
31061,Manhuaçu,MG,Sudeste,2024,79,308027.0,25.64710236440312,71.14695340501792,estimativa IBGE em 1º de julho,"CAUSABAS X85-X99, Y00-Y09, Y35 ou Y36; todas as idades; residência",final
31062,Viçosa,MG,Sudeste,2024,54,228773.0,23.60418406018193,65.59139784946237,estimativa IBGE em 1º de julho,"CAUSABAS X85-X99, Y00-Y09, Y35 ou Y36; todas as idades; residência",final
31063,Muriaé,MG,Sudeste,2024,26,289220.0,8.989696424866883,19.17562724014337,estimativa IBGE em 1º de julho,"CAUSABAS X85-X99, Y00-Y09, Y35 ou Y36; todas as idades; residência",final
31064,Ubá,MG,Sudeste,2024,71,285906.0,24.833336830986408,69.17562724014337,estimativa IBGE em 1º de julho,"CAUSABAS X85-X99, Y00-Y09, Y35 ou Y36; todas as idades; residência",final
31065,Juiz de Fora,MG,Sudeste,2024,57,783380.0,7.2761622711838445,13.440860215053764,estimativa IBGE em 1º de julho,"CAUSABAS X85-X99, Y00-Y09, Y35 ou Y36; todas as idades; residência",final
31066,Cataguases,MG,Sudeste,2024,28,213237.0,13.130929435323138,34.05017921146953,estimativa IBGE em 1º de julho,"CAUSABAS X85-X99, Y00-Y09, Y35 ou Y36; todas as idades; residência",final
32001,Barra de São Francisco,ES,Sudeste,2024,41,93652.0,43.77909708281724,94.80286738351255,estimativa IBGE em 1º de julho,"CAUSABAS X85-X99, Y00-Y09, Y35 ou Y36; todas as idades; residência",final
32002,Nova Venécia,ES,Sudeste,2024,39,134058.0,29.091885601754466,77.06093189964157,estimativa IBGE em 1º de julho,"CAUSABAS X85-X99, Y00-Y09, Y35 ou Y36; todas as idades; residência",final
32003,Colatina,ES,Sudeste,2024,53,221822.0,23.89303134946038,66.30824372759857,estimativa IBGE em 1º de julho,"CAUSABAS X85-X99, Y00-Y09, Y35 ou Y36; todas as idades; residência",final
32004,Montanha,ES,Sudeste,2024,18,56933.0,31.616110164579418,81.00358422939068,estimativa IBGE em 1º de julho,"CAUSABAS X85-X99, Y00-Y09, Y35 ou Y36; todas as idades; residência",final
32005,São Mateus,ES,Sudeste,2024,72,215592.0,33.39641545140822,82.61648745519713,estimativa IBGE em 1º de julho,"CAUSABAS X85-X99, Y00-Y09, Y35 ou Y36; todas as idades; residência",final
32006,Linhares,ES,Sudeste,2024,103,378480.0,27.2141196364405,74.19354838709677,estimativa IBGE em 1º de julho,"CAUSABAS X85-X99, Y00-Y09, Y35 ou Y36; todas as idades; residência",final
32007,Afonso Cláudio,ES,Sudeste,2024,26,151991.0,17.106276029501746,46.774193548387096,estimativa IBGE em 1º de julho,"CAUSABAS X85-X99, Y00-Y09, Y35 ou Y36; todas as idades; residência",final
32008,Santa Teresa,ES,Sudeste,2024,20,118925.0,16.817321841496742,45.16129032258065,estimativa IBGE em 1º de julho,"CAUSABAS X85-X99, Y00-Y09, Y35 ou Y36; todas as idades; residência",final
32009,Vitória,ES,Sudeste,2024,507,1871900.0,27.08478016988087,73.65591397849462,estimativa IBGE em 1º de julho,"CAUSABAS X85-X99, Y00-Y09, Y35 ou Y36; todas as idades; residência",final
32010,Guarapari,ES,Sudeste,2024,43,229855.0,18.707445998564314,52.5089605734767,estimativa IBGE em 1º de julho,"CAUSABAS X85-X99, Y00-Y09, Y35 ou Y36; todas as idades; residência",final
32011,Alegre,ES,Sudeste,2024,26,175327.0,14.829433002332784,38.70967741935484,estimativa IBGE em 1º de julho,"CAUSABAS X85-X99, Y00-Y09, Y35 ou Y36; todas as idades; residência",final
32012,Cachoeiro de Itapemirim,ES,Sudeste,2024,52,350167.0,14.850057258393852,38.888888888888886,estimativa IBGE em 1º de julho,"CAUSABAS X85-X99, Y00-Y09, Y35 ou Y36; todas as idades; residência",final
32013,Itapemirim,ES,Sudeste,2024,24,103427.0,23.20477244820018,64.33691756272401,estimativa IBGE em 1º de julho,"CAUSABAS X85-X99, Y00-Y09, Y35 ou Y36; todas as idades; residência",final
33001,Itaperuna,RJ,Sudeste,2024,74,210460.0,35.16107573885774,84.94623655913979,estimativa IBGE em 1º de julho,"CAUSABAS X85-X99, Y00-Y09, Y35 ou Y36; todas as idades; residência",final
33002,Santo Antônio de Pádua,RJ,Sudeste,2024,20,129545.0,15.438650661932147,39.96415770609319,estimativa IBGE em 1º de julho,"CAUSABAS X85-X99, Y00-Y09, Y35 ou Y36; todas as idades; residência",final
33003,Campos dos Goytacazes,RJ,Sudeste,2024,162,659687.0,24.557100564358553,67.38351254480287,estimativa IBGE em 1º de julho,"CAUSABAS X85-X99, Y00-Y09, Y35 ou Y36; todas as idades; residência",final
33004,Macaé,RJ,Sudeste,2024,54,323358.0,16.6997569257603,44.2652329749104,estimativa IBGE em 1º de julho,"CAUSABAS X85-X99, Y00-Y09, Y35 ou Y36; todas as idades; residência",final
33005,Três Rios,RJ,Sudeste,2024,41,166336.0,24.648903424393996,67.92114695340501,estimativa IBGE em 1º de julho,"CAUSABAS X85-X99, Y00-Y09, Y35 ou Y36; todas as idades; residência",final
33006,Cantagalo-Cordeiro,RJ,Sudeste,2024,8,64781.0,12.349299949059137,31.36200716845878,estimativa IBGE em 1º de julho,"CAUSABAS X85-X99, Y00-Y09, Y35 ou Y36; todas as idades; residência",final
33007,Nova Friburgo,RJ,Sudeste,2024,29,260108.0,11.149214941485845,27.419354838709676,estimativa IBGE em 1º de julho,"CAUSABAS X85-X99, Y00-Y09, Y35 ou Y36; todas as idades; residência",final
33008,Santa Maria Madalena,RJ,Sudeste,2024,3,29230.0,10.263427984946972,24.910394265232974,estimativa IBGE em 1º de julho,"CAUSABAS X85-X99, Y00-Y09, Y35 ou Y36; todas as idades; residência",final
33009,Bacia de São João,RJ,Sudeste,2024,43,238688.0,18.01514948384502,49.82078853046595,estimativa IBGE em 1º de julho,"CAUSABAS X85-X99, Y00-Y09, Y35 ou Y36; todas as idades; residência",final
33010,Lagos,RJ,Sudeste,2024,208,686509.0,30.298218959984503,78.31541218637993,estimativa IBGE em 1º de julho,"CAUSABAS X85-X99, Y00-Y09, Y35 ou Y36; todas as idades; residência",final
33011,Vale do Paraíba Fluminense,RJ,Sudeste,2024,181,739203.0,24.485831361615144,67.02508960573476,estimativa IBGE em 1º de julho,"CAUSABAS X85-X99, Y00-Y09, Y35 ou Y36; todas as idades; residência",final
33012,Barra do Piraí,RJ,Sudeste,2024,23,179227.0,12.832887901934418,33.333333333333336,estimativa IBGE em 1º de julho,"CAUSABAS X85-X99, Y00-Y09, Y35 ou Y36; todas as idades; residência",final
33013,Baía da Ilha Grande,RJ,Sudeste,2024,49,226734.0,21.611227253080703,60.93189964157706,estimativa IBGE em 1º de julho,"CAUSABAS X85-X99, Y00-Y09, Y35 ou Y36; todas as idades; residência",final
33014,Vassouras,RJ,Sudeste,2024,34,169725.0,20.032405361614376,55.913978494623656,estimativa IBGE em 1º de julho,"CAUSABAS X85-X99, Y00-Y09, Y35 ou Y36; todas as idades; residência",final
33015,Serrana,RJ,Sudeste,2024,49,494474.0,9.909520015208079,23.655913978494624,estimativa IBGE em 1º de julho,"CAUSABAS X85-X99, Y00-Y09, Y35 ou Y36; todas as idades; residência",final
33016,Macacu-Caceribu,RJ,Sudeste,2024,20,118950.0,16.813787305590584,44.982078853046595,estimativa IBGE em 1º de julho,"CAUSABAS X85-X99, Y00-Y09, Y35 ou Y36; todas as idades; residência",final
33017,Itaguaí,RJ,Sudeste,2024,54,252341.0,21.399614014369444,60.03584229390681,estimativa IBGE em 1º de julho,"CAUSABAS X85-X99, Y00-Y09, Y35 ou Y36; todas as idades; residência",final
33018,Rio de Janeiro,RJ,Sudeste,2024,2363,12270323.0,19.25784675757924,53.763440860215056,estimativa IBGE em 1º de julho,"CAUSABAS X85-X99, Y00-Y09, Y35 ou Y36; todas as idades; residência",final
35001,Jales,SP,Sudeste,2024,5,163205.0,3.0636316289329373,1.2544802867383513,estimativa IBGE em 1º de julho,"CAUSABAS X85-X99, Y00-Y09, Y35 ou Y36; todas as idades; residência",final
35002,Fernandópolis,SP,Sudeste,2024,8,118731.0,6.737920172490757,11.290322580645162,estimativa IBGE em 1º de julho,"CAUSABAS X85-X99, Y00-Y09, Y35 ou Y36; todas as idades; residência",final
35003,Votuporanga,SP,Sudeste,2024,9,160971.0,5.591069198799784,7.706093189964157,estimativa IBGE em 1º de julho,"CAUSABAS X85-X99, Y00-Y09, Y35 ou Y36; todas as idades; residência",final
35004,São José do Rio Preto,SP,Sudeste,2024,82,925410.0,8.860937314271512,18.63799283154122,estimativa IBGE em 1º de julho,"CAUSABAS X85-X99, Y00-Y09, Y35 ou Y36; todas as idades; residência",final
35005,Catanduva,SP,Sudeste,2024,21,224240.0,9.364966107741706,21.14695340501792,estimativa IBGE em 1º de julho,"CAUSABAS X85-X99, Y00-Y09, Y35 ou Y36; todas as idades; residência",final
35006,Auriflama,SP,Sudeste,2024,4,43593.0,9.175785103112885,19.71326164874552,estimativa IBGE em 1º de julho,"CAUSABAS X85-X99, Y00-Y09, Y35 ou Y36; todas as idades; residência",final
35007,Nhandeara,SP,Sudeste,2024,4,67427.0,5.932341643555253,8.78136200716846,estimativa IBGE em 1º de julho,"CAUSABAS X85-X99, Y00-Y09, Y35 ou Y36; todas as idades; residência",final
35008,Novo Horizonte,SP,Sudeste,2024,2,87843.0,2.2767892717689513,0.8960573476702509,estimativa IBGE em 1º de julho,"CAUSABAS X85-X99, Y00-Y09, Y35 ou Y36; todas as idades; residência",final
35009,Barretos,SP,Sudeste,2024,7,152223.0,4.598516649914927,4.659498207885305,estimativa IBGE em 1º de julho,"CAUSABAS X85-X99, Y00-Y09, Y35 ou Y36; todas as idades; residência",final
35010,São Joaquim da Barra,SP,Sudeste,2024,14,217836.0,6.426853229034687,9.85663082437276,estimativa IBGE em 1º de julho,"CAUSABAS X85-X99, Y00-Y09, Y35 ou Y36; todas as idades; residência",final
35011,Ituverava,SP,Sudeste,2024,5,93969.0,5.320903702284796,6.630824372759856,estimativa IBGE em 1º de julho,"CAUSABAS X85-X99, Y00-Y09, Y35 ou Y36; todas as idades; residência",final
35012,Franca,SP,Sudeste,2024,24,437336.0,5.487771416027951,7.168458781362007,estimativa IBGE em 1º de julho,"CAUSABAS X85-X99, Y00-Y09, Y35 ou Y36; todas as idades; residência",final
35013,Jaboticabal,SP,Sudeste,2024,34,420590.0,8.083882165529376,15.770609318996415,estimativa IBGE em 1º de julho,"CAUSABAS X85-X99, Y00-Y09, Y35 ou Y36; todas as idades; residência",final
35014,Ribeirão Preto,SP,Sudeste,2024,92,1206706.0,7.624060873153859,14.336917562724015,estimativa IBGE em 1º de julho,"CAUSABAS X85-X99, Y00-Y09, Y35 ou Y36; todas as idades; residência",final
35015,Batatais,SP,Sudeste,2024,5,113180.0,4.4177416504682805,3.5842293906810037,estimativa IBGE em 1º de julho,"CAUSABAS X85-X99, Y00-Y09, Y35 ou Y36; todas as idades; residência",final
35016,Andradina,SP,Sudeste,2024,21,192245.0,10.923561080912377,27.060931899641577,estimativa IBGE em 1º de julho,"CAUSABAS X85-X99, Y00-Y09, Y35 ou Y36; todas as idades; residência",final
35017,Araçatuba,SP,Sudeste,2024,60,288230.0,20.816708878326338,58.064516129032256,estimativa IBGE em 1º de julho,"CAUSABAS X85-X99, Y00-Y09, Y35 ou Y36; todas as idades; residência",final
35018,Birigui,SP,Sudeste,2024,24,278091.0,8.630268509228994,17.204301075268816,estimativa IBGE em 1º de julho,"CAUSABAS X85-X99, Y00-Y09, Y35 ou Y36; todas as idades; residência",final
35019,Lins,SP,Sudeste,2024,17,166538.0,10.207880483733442,24.551971326164875,estimativa IBGE em 1º de julho,"CAUSABAS X85-X99, Y00-Y09, Y35 ou Y36; todas as idades; residência",final
35020,Bauru,SP,Sudeste,2024,64,627513.0,10.198991893395037,24.372759856630825,estimativa IBGE em 1º de julho,"CAUSABAS X85-X99, Y00-Y09, Y35 ou Y36; todas as idades; residência",final
35021,Jaú,SP,Sudeste,2024,20,361840.0,5.527304886137519,7.347670250896058,estimativa IBGE em 1º de julho,"CAUSABAS X85-X99, Y00-Y09, Y35 ou Y36; todas as idades; residência",final
35022,Avaré,SP,Sudeste,2024,13,206044.0,6.309331987342509,9.31899641577061,estimativa IBGE em 1º de julho,"CAUSABAS X85-X99, Y00-Y09, Y35 ou Y36; todas as idades; residência",final
35023,Botucatu,SP,Sudeste,2024,17,233071.0,7.29391472984627,13.620071684587813,estimativa IBGE em 1º de julho,"CAUSABAS X85-X99, Y00-Y09, Y35 ou Y36; todas as idades; residência",final
35024,Araraquara,SP,Sudeste,2024,27,557327.0,4.844552659390268,5.197132616487456,estimativa IBGE em 1º de julho,"CAUSABAS X85-X99, Y00-Y09, Y35 ou Y36; todas as idades; residência",final
35025,São Carlos,SP,Sudeste,2024,31,354975.0,8.733009366856821,17.921146953405017,estimativa IBGE em 1º de julho,"CAUSABAS X85-X99, Y00-Y09, Y35 ou Y36; todas as idades; residência",final
35026,Rio Claro,SP,Sudeste,2024,42,270481.0,15.527892901904385,40.32258064516129,estimativa IBGE em 1º de julho,"CAUSABAS X85-X99, Y00-Y09, Y35 ou Y36; todas as idades; residência",final
35027,Limeira,SP,Sudeste,2024,63,642446.0,9.806271655516573,23.476702508960575,estimativa IBGE em 1º de julho,"CAUSABAS X85-X99, Y00-Y09, Y35 ou Y36; todas as idades; residência",final
35028,Piracicaba,SP,Sudeste,2024,50,649210.0,7.701668181328076,14.516129032258064,estimativa IBGE em 1º de julho,"CAUSABAS X85-X99, Y00-Y09, Y35 ou Y36; todas as idades; residência",final
35029,Pirassununga,SP,Sudeste,2024,22,191828.0,11.46860729403424,29.032258064516128,estimativa IBGE em 1º de julho,"CAUSABAS X85-X99, Y00-Y09, Y35 ou Y36; todas as idades; residência",final
35030,São João da Boa Vista,SP,Sudeste,2024,16,423794.0,3.7754191895118856,2.5089605734767026,estimativa IBGE em 1º de julho,"CAUSABAS X85-X99, Y00-Y09, Y35 ou Y36; todas as idades; residência",final
35031,Mogi Mirim,SP,Sudeste,2024,25,437829.0,5.709991800451775,8.243727598566307,estimativa IBGE em 1º de julho,"CAUSABAS X85-X99, Y00-Y09, Y35 ou Y36; todas as idades; residência",final
35032,Campinas,SP,Sudeste,2024,272,3085646.0,8.815009887718812,18.27956989247312,estimativa IBGE em 1º de julho,"CAUSABAS X85-X99, Y00-Y09, Y35 ou Y36; todas as idades; residência",final
35033,Amparo,SP,Sudeste,2024,9,198630.0,4.531037607612143,4.301075268817204,estimativa IBGE em 1º de julho,"CAUSABAS X85-X99, Y00-Y09, Y35 ou Y36; todas as idades; residência",final
35034,Dracena,SP,Sudeste,2024,4,126852.0,3.153280988868918,1.6129032258064515,estimativa IBGE em 1º de julho,"CAUSABAS X85-X99, Y00-Y09, Y35 ou Y36; todas as idades; residência",final
35035,Adamantina,SP,Sudeste,2024,8,162435.0,4.925046941853664,5.376344086021505,estimativa IBGE em 1º de julho,"CAUSABAS X85-X99, Y00-Y09, Y35 ou Y36; todas as idades; residência",final
35036,Presidente Prudente,SP,Sudeste,2024,58,605882.0,9.572821110381229,22.40143369175627,estimativa IBGE em 1º de julho,"CAUSABAS X85-X99, Y00-Y09, Y35 ou Y36; todas as idades; residência",final
35037,Tupã,SP,Sudeste,2024,4,115486.0,3.463623296330291,1.971326164874552,estimativa IBGE em 1º de julho,"CAUSABAS X85-X99, Y00-Y09, Y35 ou Y36; todas as idades; residência",final
35038,Marília,SP,Sudeste,2024,28,359899.0,7.779960488914946,15.053763440860216,estimativa IBGE em 1º de julho,"CAUSABAS X85-X99, Y00-Y09, Y35 ou Y36; todas as idades; residência",final
35039,Assis,SP,Sudeste,2024,21,275673.0,7.61772099552731,14.157706093189963,estimativa IBGE em 1º de julho,"CAUSABAS X85-X99, Y00-Y09, Y35 ou Y36; todas as idades; residência",final
35040,Ourinhos,SP,Sudeste,2024,20,308088.0,6.491651735867674,10.394265232974911,estimativa IBGE em 1º de julho,"CAUSABAS X85-X99, Y00-Y09, Y35 ou Y36; todas as idades; residência",final
35041,Itapeva,SP,Sudeste,2024,22,248619.0,8.848881219858498,18.45878136200717,estimativa IBGE em 1º de julho,"CAUSABAS X85-X99, Y00-Y09, Y35 ou Y36; todas as idades; residência",final
35042,Itapetininga,SP,Sudeste,2024,12,215961.0,5.556558823120842,7.526881720430108,estimativa IBGE em 1º de julho,"CAUSABAS X85-X99, Y00-Y09, Y35 ou Y36; todas as idades; residência",final
35043,Tatuí,SP,Sudeste,2024,29,310066.0,9.352847458283076,20.967741935483872,estimativa IBGE em 1º de julho,"CAUSABAS X85-X99, Y00-Y09, Y35 ou Y36; todas as idades; residência",final
35044,Capão Bonito,SP,Sudeste,2024,11,136453.0,8.061383773167318,15.412186379928315,estimativa IBGE em 1º de julho,"CAUSABAS X85-X99, Y00-Y09, Y35 ou Y36; todas as idades; residência",final
35045,Piedade,SP,Sudeste,2024,16,201331.0,7.94711196984071,15.232974910394265,estimativa IBGE em 1º de julho,"CAUSABAS X85-X99, Y00-Y09, Y35 ou Y36; todas as idades; residência",final
35046,Sorocaba,SP,Sudeste,2024,149,1635595.0,9.109834647330176,19.35483870967742,estimativa IBGE em 1º de julho,"CAUSABAS X85-X99, Y00-Y09, Y35 ou Y36; todas as idades; residência",final
35047,Jundiaí,SP,Sudeste,2024,52,787782.0,6.600810884229394,10.931899641577061,estimativa IBGE em 1º de julho,"CAUSABAS X85-X99, Y00-Y09, Y35 ou Y36; todas as idades; residência",final
35048,Bragança Paulista,SP,Sudeste,2024,29,629424.0,4.607387071354127,4.838709677419355,estimativa IBGE em 1º de julho,"CAUSABAS X85-X99, Y00-Y09, Y35 ou Y36; todas as idades; residência",final
35049,Campos do Jordão,SP,Sudeste,2024,1,71430.0,1.3999720005599887,0.5376344086021505,estimativa IBGE em 1º de julho,"CAUSABAS X85-X99, Y00-Y09, Y35 ou Y36; todas as idades; residência",final
35050,São José dos Campos,SP,Sudeste,2024,127,1645926.0,7.716021254904534,14.695340501792115,estimativa IBGE em 1º de julho,"CAUSABAS X85-X99, Y00-Y09, Y35 ou Y36; todas as idades; residência",final
35051,Guaratinguetá,SP,Sudeste,2024,114,417253.0,27.321553110462958,74.37275985663082,estimativa IBGE em 1º de julho,"CAUSABAS X85-X99, Y00-Y09, Y35 ou Y36; todas as idades; residência",final
35052,Bananal,SP,Sudeste,2024,1,26300.0,3.802281368821293,2.6881720430107525,estimativa IBGE em 1º de julho,"CAUSABAS X85-X99, Y00-Y09, Y35 ou Y36; todas as idades; residência",final
35053,Paraibuna/Paraitinga,SP,Sudeste,2024,6,74405.0,8.063974195282576,15.591397849462366,estimativa IBGE em 1º de julho,"CAUSABAS X85-X99, Y00-Y09, Y35 ou Y36; todas as idades; residência",final
35054,Caraguatatuba,SP,Sudeste,2024,58,358030.0,16.199759796665084,41.935483870967744,estimativa IBGE em 1º de julho,"CAUSABAS X85-X99, Y00-Y09, Y35 ou Y36; todas as idades; residência",final
35055,Registro,SP,Sudeste,2024,26,252074.0,10.314431476471196,25.268817204301076,estimativa IBGE em 1º de julho,"CAUSABAS X85-X99, Y00-Y09, Y35 ou Y36; todas as idades; residência",final
35056,Itanhaém,SP,Sudeste,2024,18,279798.0,6.433212531898012,10.21505376344086,estimativa IBGE em 1º de julho,"CAUSABAS X85-X99, Y00-Y09, Y35 ou Y36; todas as idades; residência",final
35057,Osasco,SP,Sudeste,2024,156,2128205.0,7.33012092350126,13.799283154121865,estimativa IBGE em 1º de julho,"CAUSABAS X85-X99, Y00-Y09, Y35 ou Y36; todas as idades; residência",final
35058,Franco da Rocha,SP,Sudeste,2024,26,516549.0,5.033404381772107,5.734767025089606,estimativa IBGE em 1º de julho,"CAUSABAS X85-X99, Y00-Y09, Y35 ou Y36; todas as idades; residência",final
35059,Guarulhos,SP,Sudeste,2024,88,1489893.0,5.906464423955278,8.602150537634408,estimativa IBGE em 1º de julho,"CAUSABAS X85-X99, Y00-Y09, Y35 ou Y36; todas as idades; residência",final
35060,Itapecerica da Serra,SP,Sudeste,2024,52,1159902.0,4.483137368501822,4.121863799283154,estimativa IBGE em 1º de julho,"CAUSABAS X85-X99, Y00-Y09, Y35 ou Y36; todas as idades; residência",final
35061,São Paulo,SP,Sudeste,2024,453,14684589.0,3.084866726607057,1.4336917562724014,estimativa IBGE em 1º de julho,"CAUSABAS X85-X99, Y00-Y09, Y35 ou Y36; todas as idades; residência",final
35062,Mogi das Cruzes,SP,Sudeste,2024,104,1539817.0,6.754049344824742,11.469534050179211,estimativa IBGE em 1º de julho,"CAUSABAS X85-X99, Y00-Y09, Y35 ou Y36; todas as idades; residência",final
35063,Santos,SP,Sudeste,2024,195,1610479.0,12.10819886505816,30.82437275985663,estimativa IBGE em 1º de julho,"CAUSABAS X85-X99, Y00-Y09, Y35 ou Y36; todas as idades; residência",final
41001,Paranavaí,PR,Sul,2024,52,288715.0,18.010841140917513,49.6415770609319,estimativa IBGE em 1º de julho,"CAUSABAS X85-X99, Y00-Y09, Y35 ou Y36; todas as idades; residência",final
41002,Umuarama,PR,Sul,2024,53,298416.0,17.760441799367324,49.10394265232975,estimativa IBGE em 1º de julho,"CAUSABAS X85-X99, Y00-Y09, Y35 ou Y36; todas as idades; residência",final
41003,Cianorte,PR,Sul,2024,19,157993.0,12.025849246485604,30.46594982078853,estimativa IBGE em 1º de julho,"CAUSABAS X85-X99, Y00-Y09, Y35 ou Y36; todas as idades; residência",final
41004,Goioerê,PR,Sul,2024,15,117108.0,12.808689414899067,33.15412186379928,estimativa IBGE em 1º de julho,"CAUSABAS X85-X99, Y00-Y09, Y35 ou Y36; todas as idades; residência",final
41005,Campo Mourão,PR,Sul,2024,46,231688.0,19.854286799488968,55.55555555555556,estimativa IBGE em 1º de julho,"CAUSABAS X85-X99, Y00-Y09, Y35 ou Y36; todas as idades; residência",final
41006,Astorga,PR,Sul,2024,33,208218.0,15.848773881220644,41.03942652329749,estimativa IBGE em 1º de julho,"CAUSABAS X85-X99, Y00-Y09, Y35 ou Y36; todas as idades; residência",final
41007,Porecatu,PR,Sul,2024,25,80664.0,30.992760091242687,80.10752688172043,estimativa IBGE em 1º de julho,"CAUSABAS X85-X99, Y00-Y09, Y35 ou Y36; todas as idades; residência",final
41008,Floraí,PR,Sul,2024,5,39854.0,12.545792141315802,32.07885304659498,estimativa IBGE em 1º de julho,"CAUSABAS X85-X99, Y00-Y09, Y35 ou Y36; todas as idades; residência",final
41009,Maringá,PR,Sul,2024,138,682123.0,20.230955414199492,56.81003584229391,estimativa IBGE em 1º de julho,"CAUSABAS X85-X99, Y00-Y09, Y35 ou Y36; todas as idades; residência",final
41010,Apucarana,PR,Sul,2024,55,329772.0,16.678189779605304,44.086021505376344,estimativa IBGE em 1º de julho,"CAUSABAS X85-X99, Y00-Y09, Y35 ou Y36; todas as idades; residência",final
41011,Londrina,PR,Sul,2024,150,830082.0,18.070503877930133,50.0,estimativa IBGE em 1º de julho,"CAUSABAS X85-X99, Y00-Y09, Y35 ou Y36; todas as idades; residência",final
41012,Faxinal,PR,Sul,2024,8,46673.0,17.140530927945495,46.95340501792115,estimativa IBGE em 1º de julho,"CAUSABAS X85-X99, Y00-Y09, Y35 ou Y36; todas as idades; residência",final
41013,Ivaiporã,PR,Sul,2024,13,134383.0,9.673842673552459,22.759856630824373,estimativa IBGE em 1º de julho,"CAUSABAS X85-X99, Y00-Y09, Y35 ou Y36; todas as idades; residência",final
41014,Assaí,PR,Sul,2024,17,66190.0,25.683638011784257,71.68458781362007,estimativa IBGE em 1º de julho,"CAUSABAS X85-X99, Y00-Y09, Y35 ou Y36; todas as idades; residência",final
41015,Cornélio Procópio,PR,Sul,2024,38,168902.0,22.498253425063055,63.261648745519715,estimativa IBGE em 1º de julho,"CAUSABAS X85-X99, Y00-Y09, Y35 ou Y36; todas as idades; residência",final
41016,Jacarezinho,PR,Sul,2024,18,129366.0,13.914011409489357,36.02150537634409,estimativa IBGE em 1º de julho,"CAUSABAS X85-X99, Y00-Y09, Y35 ou Y36; todas as idades; residência",final
41017,Ibaiti,PR,Sul,2024,5,78999.0,6.329194040430892,9.498207885304659,estimativa IBGE em 1º de julho,"CAUSABAS X85-X99, Y00-Y09, Y35 ou Y36; todas as idades; residência",final
41018,Wenceslau Braz,PR,Sul,2024,15,111588.0,13.442305624260673,35.30465949820788,estimativa IBGE em 1º de julho,"CAUSABAS X85-X99, Y00-Y09, Y35 ou Y36; todas as idades; residência",final
41019,Telêmaco Borba,PR,Sul,2024,44,171558.0,25.6473029529372,71.32616487455198,estimativa IBGE em 1º de julho,"CAUSABAS X85-X99, Y00-Y09, Y35 ou Y36; todas as idades; residência",final
41020,Jaguariaíva,PR,Sul,2024,15,103885.0,14.439043172739087,37.992831541218635,estimativa IBGE em 1º de julho,"CAUSABAS X85-X99, Y00-Y09, Y35 ou Y36; todas as idades; residência",final
41021,Ponta Grossa,PR,Sul,2024,126,506818.0,24.86099546582797,69.89247311827957,estimativa IBGE em 1º de julho,"CAUSABAS X85-X99, Y00-Y09, Y35 ou Y36; todas as idades; residência",final
41022,Toledo,PR,Sul,2024,92,456636.0,20.147338361408213,56.272401433691755,estimativa IBGE em 1º de julho,"CAUSABAS X85-X99, Y00-Y09, Y35 ou Y36; todas as idades; residência",final
41023,Cascavel,PR,Sul,2024,111,520587.0,21.32208449308185,59.49820788530466,estimativa IBGE em 1º de julho,"CAUSABAS X85-X99, Y00-Y09, Y35 ou Y36; todas as idades; residência",final
41024,Foz do Iguaçu,PR,Sul,2024,119,479089.0,24.838808655594264,69.35483870967742,estimativa IBGE em 1º de julho,"CAUSABAS X85-X99, Y00-Y09, Y35 ou Y36; todas as idades; residência",final
41025,Capanema,PR,Sul,2024,6,106340.0,5.642279480910288,7.885304659498208,estimativa IBGE em 1º de julho,"CAUSABAS X85-X99, Y00-Y09, Y35 ou Y36; todas as idades; residência",final
41026,Francisco Beltrão,PR,Sul,2024,41,289163.0,14.178854141089973,36.738351254480285,estimativa IBGE em 1º de julho,"CAUSABAS X85-X99, Y00-Y09, Y35 ou Y36; todas as idades; residência",final
41027,Pato Branco,PR,Sul,2024,22,196842.0,11.17647656496073,28.136200716845877,estimativa IBGE em 1º de julho,"CAUSABAS X85-X99, Y00-Y09, Y35 ou Y36; todas as idades; residência",final
41028,Pitanga,PR,Sul,2024,12,72521.0,16.546931233711614,43.18996415770609,estimativa IBGE em 1º de julho,"CAUSABAS X85-X99, Y00-Y09, Y35 ou Y36; todas as idades; residência",final
41029,Guarapuava,PR,Sul,2024,82,398554.0,20.574376370579646,57.168458781362006,estimativa IBGE em 1º de julho,"CAUSABAS X85-X99, Y00-Y09, Y35 ou Y36; todas as idades; residência",final
41030,Palmas,PR,Sul,2024,26,92018.0,28.25534134625834,75.26881720430107,estimativa IBGE em 1º de julho,"CAUSABAS X85-X99, Y00-Y09, Y35 ou Y36; todas as idades; residência",final
41031,Prudentópolis,PR,Sul,2024,13,132925.0,9.7799511002445,23.29749103942652,estimativa IBGE em 1º de julho,"CAUSABAS X85-X99, Y00-Y09, Y35 ou Y36; todas as idades; residência",final
41032,Irati,PR,Sul,2024,4,103419.0,3.8677612430984634,2.867383512544803,estimativa IBGE em 1º de julho,"CAUSABAS X85-X99, Y00-Y09, Y35 ou Y36; todas as idades; residência",final
41033,União da Vitória,PR,Sul,2024,20,114553.0,17.459167372308016,48.2078853046595,estimativa IBGE em 1º de julho,"CAUSABAS X85-X99, Y00-Y09, Y35 ou Y36; todas as idades; residência",final
41034,São Mateus do Sul,PR,Sul,2024,8,64407.0,12.421010138649526,31.54121863799283,estimativa IBGE em 1º de julho,"CAUSABAS X85-X99, Y00-Y09, Y35 ou Y36; todas as idades; residência",final
41035,Cerro Azul,PR,Sul,2024,7,28340.0,24.700070571630203,68.27956989247312,estimativa IBGE em 1º de julho,"CAUSABAS X85-X99, Y00-Y09, Y35 ou Y36; todas as idades; residência",final
41036,Lapa,PR,Sul,2024,8,49956.0,16.014092401313157,41.577060931899645,estimativa IBGE em 1º de julho,"CAUSABAS X85-X99, Y00-Y09, Y35 ou Y36; todas as idades; residência",final
41037,Curitiba,PR,Sul,2024,580,3522146.0,16.46723332877172,42.65232974910394,estimativa IBGE em 1º de julho,"CAUSABAS X85-X99, Y00-Y09, Y35 ou Y36; todas as idades; residência",final
41038,Paranaguá,PR,Sul,2024,128,312589.0,40.94833791336227,92.47311827956989,estimativa IBGE em 1º de julho,"CAUSABAS X85-X99, Y00-Y09, Y35 ou Y36; todas as idades; residência",final
41039,Rio Negro,PR,Sul,2024,7,101585.0,6.890781119259733,11.827956989247312,estimativa IBGE em 1º de julho,"CAUSABAS X85-X99, Y00-Y09, Y35 ou Y36; todas as idades; residência",final
42001,São Miguel do Oeste,SC,Sul,2024,12,190692.0,6.292870178088226,8.960573476702509,estimativa IBGE em 1º de julho,"CAUSABAS X85-X99, Y00-Y09, Y35 ou Y36; todas as idades; residência",final
42002,Chapecó,SC,Sul,2024,50,530474.0,9.425532636849308,21.684587813620073,estimativa IBGE em 1º de julho,"CAUSABAS X85-X99, Y00-Y09, Y35 ou Y36; todas as idades; residência",final
42003,Xanxerê,SC,Sul,2024,16,173725.0,9.209958267376601,20.25089605734767,estimativa IBGE em 1º de julho,"CAUSABAS X85-X99, Y00-Y09, Y35 ou Y36; todas as idades; residência",final
42004,Joaçaba,SC,Sul,2024,33,356935.0,9.24538081163237,20.788530465949822,estimativa IBGE em 1º de julho,"CAUSABAS X85-X99, Y00-Y09, Y35 ou Y36; todas as idades; residência",final
42005,Concórdia,SC,Sul,2024,9,165710.0,5.431174944179591,6.989247311827957,estimativa IBGE em 1º de julho,"CAUSABAS X85-X99, Y00-Y09, Y35 ou Y36; todas as idades; residência",final
42006,Canoinhas,SC,Sul,2024,26,257551.0,10.095087963160694,24.193548387096776,estimativa IBGE em 1º de julho,"CAUSABAS X85-X99, Y00-Y09, Y35 ou Y36; todas as idades; residência",final
42007,São Bento do Sul,SC,Sul,2024,6,139834.0,4.29080195088462,3.225806451612903,estimativa IBGE em 1º de julho,"CAUSABAS X85-X99, Y00-Y09, Y35 ou Y36; todas as idades; residência",final
42008,Joinville,SC,Sul,2024,81,1131955.0,7.155761492285471,12.724014336917563,estimativa IBGE em 1º de julho,"CAUSABAS X85-X99, Y00-Y09, Y35 ou Y36; todas as idades; residência",final
42009,Curitibanos,SC,Sul,2024,12,133578.0,8.983515249517136,18.996415770609318,estimativa IBGE em 1º de julho,"CAUSABAS X85-X99, Y00-Y09, Y35 ou Y36; todas as idades; residência",final
42010,Campos de Lages,SC,Sul,2024,34,302898.0,11.22490079168565,28.315412186379927,estimativa IBGE em 1º de julho,"CAUSABAS X85-X99, Y00-Y09, Y35 ou Y36; todas as idades; residência",final
42011,Rio do Sul,SC,Sul,2024,17,250060.0,6.79836839158602,11.64874551971326,estimativa IBGE em 1º de julho,"CAUSABAS X85-X99, Y00-Y09, Y35 ou Y36; todas as idades; residência",final
42012,Blumenau,SC,Sul,2024,42,872583.0,4.813295697945066,5.017921146953405,estimativa IBGE em 1º de julho,"CAUSABAS X85-X99, Y00-Y09, Y35 ou Y36; todas as idades; residência",final
42013,Itajaí,SC,Sul,2024,107,924351.0,11.575689321480693,29.56989247311828,estimativa IBGE em 1º de julho,"CAUSABAS X85-X99, Y00-Y09, Y35 ou Y36; todas as idades; residência",final
42014,Ituporanga,SC,Sul,2024,6,65195.0,9.203159751514686,20.07168458781362,estimativa IBGE em 1º de julho,"CAUSABAS X85-X99, Y00-Y09, Y35 ou Y36; todas as idades; residência",final
42015,Tijucas,SC,Sul,2024,14,131183.0,10.672114527034752,25.985663082437277,estimativa IBGE em 1º de julho,"CAUSABAS X85-X99, Y00-Y09, Y35 ou Y36; todas as idades; residência",final
42016,Florianópolis,SC,Sul,2024,108,1268982.0,8.51075901785841,16.666666666666668,estimativa IBGE em 1º de julho,"CAUSABAS X85-X99, Y00-Y09, Y35 ou Y36; todas as idades; residência",final
42017,Tabuleiro,SC,Sul,2024,2,28091.0,7.119718059164857,12.186379928315413,estimativa IBGE em 1º de julho,"CAUSABAS X85-X99, Y00-Y09, Y35 ou Y36; todas as idades; residência",final
42018,Tubarão,SC,Sul,2024,23,456220.0,5.041427381526456,5.913978494623656,estimativa IBGE em 1º de julho,"CAUSABAS X85-X99, Y00-Y09, Y35 ou Y36; todas as idades; residência",final
42019,Criciúma,SC,Sul,2024,28,444035.0,6.305809226750144,9.13978494623656,estimativa IBGE em 1º de julho,"CAUSABAS X85-X99, Y00-Y09, Y35 ou Y36; todas as idades; residência",final
42020,Araranguá,SC,Sul,2024,27,234389.0,11.519311913101724,29.211469534050178,estimativa IBGE em 1º de julho,"CAUSABAS X85-X99, Y00-Y09, Y35 ou Y36; todas as idades; residência",final
43001,Santa Rosa,RS,Sul,2024,24,167789.0,14.30367902544267,37.45519713261649,estimativa IBGE em 1º de julho,"CAUSABAS X85-X99, Y00-Y09, Y35 ou Y36; todas as idades; residência",final
43002,Três Passos,RS,Sul,2024,20,143717.0,13.916238162499914,36.200716845878134,estimativa IBGE em 1º de julho,"CAUSABAS X85-X99, Y00-Y09, Y35 ou Y36; todas as idades; residência",final
43003,Frederico Westphalen,RS,Sul,2024,36,183477.0,19.62098791674161,54.48028673835125,estimativa IBGE em 1º de julho,"CAUSABAS X85-X99, Y00-Y09, Y35 ou Y36; todas as idades; residência",final
43004,Erechim,RS,Sul,2024,27,219837.0,12.281826989997134,31.182795698924732,estimativa IBGE em 1º de julho,"CAUSABAS X85-X99, Y00-Y09, Y35 ou Y36; todas as idades; residência",final
43005,Sananduva,RS,Sul,2024,6,60124.0,9.979375956356863,23.835125448028673,estimativa IBGE em 1º de julho,"CAUSABAS X85-X99, Y00-Y09, Y35 ou Y36; todas as idades; residência",final
43006,Cerro Largo,RS,Sul,2024,10,64947.0,15.397170000153972,39.784946236559136,estimativa IBGE em 1º de julho,"CAUSABAS X85-X99, Y00-Y09, Y35 ou Y36; todas as idades; residência",final
43007,Santo Ângelo,RS,Sul,2024,34,196292.0,17.32113382104212,48.028673835125446,estimativa IBGE em 1º de julho,"CAUSABAS X85-X99, Y00-Y09, Y35 ou Y36; todas as idades; residência",final
43008,Ijuí,RS,Sul,2024,21,197385.0,10.639106315069535,25.806451612903224,estimativa IBGE em 1º de julho,"CAUSABAS X85-X99, Y00-Y09, Y35 ou Y36; todas as idades; residência",final
43009,Carazinho,RS,Sul,2024,26,167049.0,15.564295506108985,40.50179211469534,estimativa IBGE em 1º de julho,"CAUSABAS X85-X99, Y00-Y09, Y35 ou Y36; todas as idades; residência",final
43010,Passo Fundo,RS,Sul,2024,83,372720.0,22.26872719467697,62.18637992831541,estimativa IBGE em 1º de julho,"CAUSABAS X85-X99, Y00-Y09, Y35 ou Y36; todas as idades; residência",final
43011,Cruz Alta,RS,Sul,2024,25,147375.0,16.963528413910094,45.69892473118279,estimativa IBGE em 1º de julho,"CAUSABAS X85-X99, Y00-Y09, Y35 ou Y36; todas as idades; residência",final
43012,Não-Me-Toque,RS,Sul,2024,6,45638.0,13.146938954380122,34.229390681003586,estimativa IBGE em 1º de julho,"CAUSABAS X85-X99, Y00-Y09, Y35 ou Y36; todas as idades; residência",final
43013,Soledade,RS,Sul,2024,14,67809.0,20.646226902033654,57.526881720430104,estimativa IBGE em 1º de julho,"CAUSABAS X85-X99, Y00-Y09, Y35 ou Y36; todas as idades; residência",final
43014,Guaporé,RS,Sul,2024,16,139701.0,11.453031832270348,28.85304659498208,estimativa IBGE em 1º de julho,"CAUSABAS X85-X99, Y00-Y09, Y35 ou Y36; todas as idades; residência",final
43015,Vacaria,RS,Sul,2024,36,165391.0,21.766601568404568,61.29032258064516,estimativa IBGE em 1º de julho,"CAUSABAS X85-X99, Y00-Y09, Y35 ou Y36; todas as idades; residência",final
43016,Caxias do Sul,RS,Sul,2024,139,865528.0,16.059561331349187,41.75627240143369,estimativa IBGE em 1º de julho,"CAUSABAS X85-X99, Y00-Y09, Y35 ou Y36; todas as idades; residência",final
43017,Santiago,RS,Sul,2024,8,107349.0,7.4523283868503665,13.978494623655914,estimativa IBGE em 1º de julho,"CAUSABAS X85-X99, Y00-Y09, Y35 ou Y36; todas as idades; residência",final
43018,Santa Maria,RS,Sul,2024,80,377820.0,21.17410407072151,58.96057347670251,estimativa IBGE em 1º de julho,"CAUSABAS X85-X99, Y00-Y09, Y35 ou Y36; todas as idades; residência",final
43019,Restinga Seca,RS,Sul,2024,7,60488.0,11.572543314376405,29.39068100358423,estimativa IBGE em 1º de julho,"CAUSABAS X85-X99, Y00-Y09, Y35 ou Y36; todas as idades; residência",final
43020,Santa Cruz do Sul,RS,Sul,2024,46,342213.0,13.441920675135076,35.12544802867384,estimativa IBGE em 1º de julho,"CAUSABAS X85-X99, Y00-Y09, Y35 ou Y36; todas as idades; residência",final
43021,Lajeado-Estrela,RS,Sul,2024,50,348208.0,14.359233561549418,37.634408602150536,estimativa IBGE em 1º de julho,"CAUSABAS X85-X99, Y00-Y09, Y35 ou Y36; todas as idades; residência",final
43022,Cachoeira do Sul,RS,Sul,2024,16,148644.0,10.763972982427815,26.523297491039425,estimativa IBGE em 1º de julho,"CAUSABAS X85-X99, Y00-Y09, Y35 ou Y36; todas as idades; residência",final
43023,Montenegro,RS,Sul,2024,23,228057.0,10.085197998745928,24.014336917562723,estimativa IBGE em 1º de julho,"CAUSABAS X85-X99, Y00-Y09, Y35 ou Y36; todas as idades; residência",final
43024,Gramado-Canela,RS,Sul,2024,29,338956.0,8.55568274348293,17.025089605734767,estimativa IBGE em 1º de julho,"CAUSABAS X85-X99, Y00-Y09, Y35 ou Y36; todas as idades; residência",final
43025,São Jerônimo,RS,Sul,2024,16,144909.0,11.041412196619948,27.240143369175627,estimativa IBGE em 1º de julho,"CAUSABAS X85-X99, Y00-Y09, Y35 ou Y36; todas as idades; residência",final
43026,Porto Alegre,RS,Sul,2024,589,3727767.0,15.800343744660006,40.86021505376344,estimativa IBGE em 1º de julho,"CAUSABAS X85-X99, Y00-Y09, Y35 ou Y36; todas as idades; residência",final
43027,Osório,RS,Sul,2024,79,434330.0,18.188934681002923,50.53763440860215,estimativa IBGE em 1º de julho,"CAUSABAS X85-X99, Y00-Y09, Y35 ou Y36; todas as idades; residência",final
43028,Camaquã,RS,Sul,2024,16,128325.0,12.468342100136372,31.72043010752688,estimativa IBGE em 1º de julho,"CAUSABAS X85-X99, Y00-Y09, Y35 ou Y36; todas as idades; residência",final
43029,Campanha Ocidental,RS,Sul,2024,46,353774.0,13.002651410222345,33.691756272401435,estimativa IBGE em 1º de julho,"CAUSABAS X85-X99, Y00-Y09, Y35 ou Y36; todas as idades; residência",final
43030,Campanha Central,RS,Sul,2024,25,187756.0,13.31515371013443,34.76702508960574,estimativa IBGE em 1º de julho,"CAUSABAS X85-X99, Y00-Y09, Y35 ou Y36; todas as idades; residência",final
43031,Campanha Meridional,RS,Sul,2024,35,177643.0,19.70243690998238,54.83870967741935,estimativa IBGE em 1º de julho,"CAUSABAS X85-X99, Y00-Y09, Y35 ou Y36; todas as idades; residência",final
43032,Serras de Sudeste,RS,Sul,2024,16,112615.0,14.207698796785508,36.91756272401434,estimativa IBGE em 1º de julho,"CAUSABAS X85-X99, Y00-Y09, Y35 ou Y36; todas as idades; residência",final
43033,Pelotas,RS,Sul,2024,45,491113.0,9.16286068582994,19.53405017921147,estimativa IBGE em 1º de julho,"CAUSABAS X85-X99, Y00-Y09, Y35 ou Y36; todas as idades; residência",final
43034,Jaguarão,RS,Sul,2024,1,51600.0,1.937984496124031,0.7168458781362007,estimativa IBGE em 1º de julho,"CAUSABAS X85-X99, Y00-Y09, Y35 ou Y36; todas as idades; residência",final
43035,Litoral Lagunar,RS,Sul,2024,51,263569.0,19.349771786515106,54.121863799283155,estimativa IBGE em 1º de julho,"CAUSABAS X85-X99, Y00-Y09, Y35 ou Y36; todas as idades; residência",final
50001,Baixo Pantanal,MS,Centro-Oeste,2024,27,134261.0,20.110084089944213,56.09318996415771,estimativa IBGE em 1º de julho,"CAUSABAS X85-X99, Y00-Y09, Y35 ou Y36; todas as idades; residência",final
50002,Aquidauana,MS,Centro-Oeste,2024,14,111259.0,12.583251691997951,32.25806451612903,estimativa IBGE em 1º de julho,"CAUSABAS X85-X99, Y00-Y09, Y35 ou Y36; todas as idades; residência",final
50003,Alto Taquari,MS,Centro-Oeste,2024,29,129550.0,22.385179467387108,62.54480286738351,estimativa IBGE em 1º de julho,"CAUSABAS X85-X99, Y00-Y09, Y35 ou Y36; todas as idades; residência",final
50004,Campo Grande,MS,Centro-Oeste,2024,191,1052984.0,18.1389270872112,50.17921146953405,estimativa IBGE em 1º de julho,"CAUSABAS X85-X99, Y00-Y09, Y35 ou Y36; todas as idades; residência",final
50005,Cassilândia,MS,Centro-Oeste,2024,22,89280.0,24.6415770609319,67.74193548387096,estimativa IBGE em 1º de julho,"CAUSABAS X85-X99, Y00-Y09, Y35 ou Y36; todas as idades; residência",final
50006,Paranaíba,MS,Centro-Oeste,2024,4,89294.0,4.479584294577463,3.763440860215054,estimativa IBGE em 1º de julho,"CAUSABAS X85-X99, Y00-Y09, Y35 ou Y36; todas as idades; residência",final
50007,Três Lagoas,MS,Centro-Oeste,2024,34,202092.0,16.824020743027926,45.340501792114694,estimativa IBGE em 1º de julho,"CAUSABAS X85-X99, Y00-Y09, Y35 ou Y36; todas as idades; residência",final
50008,Nova Andradina,MS,Centro-Oeste,2024,11,97032.0,11.33646632038915,28.67383512544803,estimativa IBGE em 1º de julho,"CAUSABAS X85-X99, Y00-Y09, Y35 ou Y36; todas as idades; residência",final
50009,Bodoquena,MS,Centro-Oeste,2024,18,108746.0,16.552332959373217,43.369175627240146,estimativa IBGE em 1º de julho,"CAUSABAS X85-X99, Y00-Y09, Y35 ou Y36; todas as idades; residência",final
50010,Dourados,MS,Centro-Oeste,2024,106,636020.0,16.666142574132888,43.727598566308245,estimativa IBGE em 1º de julho,"CAUSABAS X85-X99, Y00-Y09, Y35 ou Y36; todas as idades; residência",final
50011,Iguatemi,MS,Centro-Oeste,2024,63,251377.0,25.061958731307957,70.25089605734767,estimativa IBGE em 1º de julho,"CAUSABAS X85-X99, Y00-Y09, Y35 ou Y36; todas as idades; residência",final
51001,Aripuanã,MT,Centro-Oeste,2024,70,148929.0,47.00226282322449,96.59498207885305,estimativa IBGE em 1º de julho,"CAUSABAS X85-X99, Y00-Y09, Y35 ou Y36; todas as idades; residência",final
51002,Alta Floresta,MT,Centro-Oeste,2024,35,114907.0,30.4594150051781,79.21146953405018,estimativa IBGE em 1º de julho,"CAUSABAS X85-X99, Y00-Y09, Y35 ou Y36; todas as idades; residência",final
51003,Colíder,MT,Centro-Oeste,2024,58,151787.0,38.211441032499486,89.78494623655914,estimativa IBGE em 1º de julho,"CAUSABAS X85-X99, Y00-Y09, Y35 ou Y36; todas as idades; residência",final
51004,Parecis,MT,Centro-Oeste,2024,29,132080.0,21.956390066626287,61.64874551971326,estimativa IBGE em 1º de julho,"CAUSABAS X85-X99, Y00-Y09, Y35 ou Y36; todas as idades; residência",final
51005,Arinos,MT,Centro-Oeste,2024,29,75241.0,38.54281575205008,90.3225806451613,estimativa IBGE em 1º de julho,"CAUSABAS X85-X99, Y00-Y09, Y35 ou Y36; todas as idades; residência",final
51006,Alto Teles Pires,MT,Centro-Oeste,2024,138,337518.0,40.88670826444812,92.29390681003584,estimativa IBGE em 1º de julho,"CAUSABAS X85-X99, Y00-Y09, Y35 ou Y36; todas as idades; residência",final
51007,Sinop,MT,Centro-Oeste,2024,74,279998.0,26.428760205430038,72.75985663082437,estimativa IBGE em 1º de julho,"CAUSABAS X85-X99, Y00-Y09, Y35 ou Y36; todas as idades; residência",final
51008,Paranatinga,MT,Centro-Oeste,2024,9,44549.0,20.202473680666234,56.630824372759854,estimativa IBGE em 1º de julho,"CAUSABAS X85-X99, Y00-Y09, Y35 ou Y36; todas as idades; residência",final
51009,Norte Araguaia,MT,Centro-Oeste,2024,29,135995.0,21.324313393874775,59.67741935483871,estimativa IBGE em 1º de julho,"CAUSABAS X85-X99, Y00-Y09, Y35 ou Y36; todas as idades; residência",final
51010,Canarana,MT,Centro-Oeste,2024,32,145829.0,21.943509178558447,61.46953405017921,estimativa IBGE em 1º de julho,"CAUSABAS X85-X99, Y00-Y09, Y35 ou Y36; todas as idades; residência",final
51011,Médio Araguaia,MT,Centro-Oeste,2024,23,83072.0,27.68682588597843,75.08960573476702,estimativa IBGE em 1º de julho,"CAUSABAS X85-X99, Y00-Y09, Y35 ou Y36; todas as idades; residência",final
51012,Alto Guaporé,MT,Centro-Oeste,2024,61,85925.0,70.9921443118999,99.6415770609319,estimativa IBGE em 1º de julho,"CAUSABAS X85-X99, Y00-Y09, Y35 ou Y36; todas as idades; residência",final
51013,Tangará da Serra,MT,Centro-Oeste,2024,75,168433.0,44.52809128852422,95.6989247311828,estimativa IBGE em 1º de julho,"CAUSABAS X85-X99, Y00-Y09, Y35 ou Y36; todas as idades; residência",final
51014,Jauru,MT,Centro-Oeste,2024,44,101597.0,43.30836540449029,94.6236559139785,estimativa IBGE em 1º de julho,"CAUSABAS X85-X99, Y00-Y09, Y35 ou Y36; todas as idades; residência",final
51015,Alto Paraguai,MT,Centro-Oeste,2024,12,30537.0,39.296591020728954,90.86021505376344,estimativa IBGE em 1º de julho,"CAUSABAS X85-X99, Y00-Y09, Y35 ou Y36; todas as idades; residência",final
51016,Rosário Oeste,MT,Centro-Oeste,2024,8,27673.0,28.90904491742854,76.52329749103943,estimativa IBGE em 1º de julho,"CAUSABAS X85-X99, Y00-Y09, Y35 ou Y36; todas as idades; residência",final
51017,Cuiabá,MT,Centro-Oeste,2024,192,1045386.0,18.366421589728578,51.25448028673835,estimativa IBGE em 1º de julho,"CAUSABAS X85-X99, Y00-Y09, Y35 ou Y36; todas as idades; residência",final
51018,Alto Pantanal,MT,Centro-Oeste,2024,58,135066.0,42.94196911139739,94.08602150537635,estimativa IBGE em 1º de julho,"CAUSABAS X85-X99, Y00-Y09, Y35 ou Y36; todas as idades; residência",final
51019,Primavera do Leste,MT,Centro-Oeste,2024,24,140758.0,17.05054064422626,46.236559139784944,estimativa IBGE em 1º de julho,"CAUSABAS X85-X99, Y00-Y09, Y35 ou Y36; todas as idades; residência",final
51020,Tesouro,MT,Centro-Oeste,2024,16,61654.0,25.95127647841178,71.86379928315412,estimativa IBGE em 1º de julho,"CAUSABAS X85-X99, Y00-Y09, Y35 ou Y36; todas as idades; residência",final
51021,Rondonópolis,MT,Centro-Oeste,2024,67,346530.0,19.33454534960898,53.9426523297491,estimativa IBGE em 1º de julho,"CAUSABAS X85-X99, Y00-Y09, Y35 ou Y36; todas as idades; residência",final
51022,Alto Araguaia,MT,Centro-Oeste,2024,18,42935.0,41.9238383603121,93.36917562724014,estimativa IBGE em 1º de julho,"CAUSABAS X85-X99, Y00-Y09, Y35 ou Y36; todas as idades; residência",final
52001,São Miguel do Araguaia,GO,Centro-Oeste,2024,20,80483.0,24.849968316290397,69.71326164874552,estimativa IBGE em 1º de julho,"CAUSABAS X85-X99, Y00-Y09, Y35 ou Y36; todas as idades; residência",final
52002,Rio Vermelho,GO,Centro-Oeste,2024,22,89977.0,24.450692954866245,66.66666666666667,estimativa IBGE em 1º de julho,"CAUSABAS X85-X99, Y00-Y09, Y35 ou Y36; todas as idades; residência",final
52003,Aragarças,GO,Centro-Oeste,2024,20,55601.0,35.97057606877574,86.02150537634408,estimativa IBGE em 1º de julho,"CAUSABAS X85-X99, Y00-Y09, Y35 ou Y36; todas as idades; residência",final
52004,Porangatu,GO,Centro-Oeste,2024,48,230726.0,20.80389726342068,57.88530465949821,estimativa IBGE em 1º de julho,"CAUSABAS X85-X99, Y00-Y09, Y35 ou Y36; todas as idades; residência",final
52005,Chapada dos Veadeiros,GO,Centro-Oeste,2024,12,70176.0,17.09986320109439,46.59498207885304,estimativa IBGE em 1º de julho,"CAUSABAS X85-X99, Y00-Y09, Y35 ou Y36; todas as idades; residência",final
52006,Ceres,GO,Centro-Oeste,2024,48,258632.0,18.55918834482972,52.1505376344086,estimativa IBGE em 1º de julho,"CAUSABAS X85-X99, Y00-Y09, Y35 ou Y36; todas as idades; residência",final
52007,Anápolis,GO,Centro-Oeste,2024,63,647461.0,9.73031580280511,22.939068100358423,estimativa IBGE em 1º de julho,"CAUSABAS X85-X99, Y00-Y09, Y35 ou Y36; todas as idades; residência",final
52008,Iporá,GO,Centro-Oeste,2024,4,63164.0,6.332721170286872,9.67741935483871,estimativa IBGE em 1º de julho,"CAUSABAS X85-X99, Y00-Y09, Y35 ou Y36; todas as idades; residência",final
52009,Anicuns,GO,Centro-Oeste,2024,8,112241.0,7.1275202466122005,12.365591397849462,estimativa IBGE em 1º de julho,"CAUSABAS X85-X99, Y00-Y09, Y35 ou Y36; todas as idades; residência",final
52010,Goiânia,GO,Centro-Oeste,2024,457,2654677.0,17.214900343808306,47.132616487455195,estimativa IBGE em 1º de julho,"CAUSABAS X85-X99, Y00-Y09, Y35 ou Y36; todas as idades; residência",final
52011,Vão do Paranã,GO,Centro-Oeste,2024,25,111479.0,22.425748347222346,62.903225806451616,estimativa IBGE em 1º de julho,"CAUSABAS X85-X99, Y00-Y09, Y35 ou Y36; todas as idades; residência",final
52012,Entorno de Brasília,GO,Centro-Oeste,2024,308,1423379.0,21.638650001159213,61.111111111111114,estimativa IBGE em 1º de julho,"CAUSABAS X85-X99, Y00-Y09, Y35 ou Y36; todas as idades; residência",final
52013,Sudoeste de Goiás,GO,Centro-Oeste,2024,107,560421.0,19.09278917099823,53.40501792114696,estimativa IBGE em 1º de julho,"CAUSABAS X85-X99, Y00-Y09, Y35 ou Y36; todas as idades; residência",final
52014,Vale do Rio dos Bois,GO,Centro-Oeste,2024,33,133403.0,24.73707487837605,68.63799283154121,estimativa IBGE em 1º de julho,"CAUSABAS X85-X99, Y00-Y09, Y35 ou Y36; todas as idades; residência",final
52015,Meia Ponte,GO,Centro-Oeste,2024,78,444934.0,17.530689945025554,48.38709677419355,estimativa IBGE em 1º de julho,"CAUSABAS X85-X99, Y00-Y09, Y35 ou Y36; todas as idades; residência",final
52016,Pires do Rio,GO,Centro-Oeste,2024,21,109548.0,19.16967904480228,53.584229390681,estimativa IBGE em 1º de julho,"CAUSABAS X85-X99, Y00-Y09, Y35 ou Y36; todas as idades; residência",final
52017,Catalão,GO,Centro-Oeste,2024,25,187484.0,13.334471208209767,34.946236559139784,estimativa IBGE em 1º de julho,"CAUSABAS X85-X99, Y00-Y09, Y35 ou Y36; todas as idades; residência",final
52018,Quirinópolis,GO,Centro-Oeste,2024,27,116697.0,23.13684156405049,64.15770609318996,estimativa IBGE em 1º de julho,"CAUSABAS X85-X99, Y00-Y09, Y35 ou Y36; todas as idades; residência",final
53001,Brasília,DF,Centro-Oeste,2024,308,2982818.0,10.325805999561489,25.448028673835125,estimativa IBGE em 1º de julho,"CAUSABAS X85-X99, Y00-Y09, Y35 ou Y36; todas as idades; residência",final
