municipality_code_7,municipality_code_6,municipality_name,microrregion_code,microrregion_name,mesorregion_code,mesorregion_name,uf_code,uf,uf_name,macroregion_code,macroregion
1100015,110001,Alta Floresta D'Oeste,11006,Cacoal,1102,Leste Rondoniense,11,RO,Rondônia,1,Norte
1100023,110002,Ariquemes,11003,Ariquemes,1102,Leste Rondoniense,11,RO,Rondônia,1,Norte
1100031,110003,Cabixi,11008,Colorado do Oeste,1102,Leste Rondoniense,11,RO,Rondônia,1,Norte
1100049,110004,Cacoal,11006,Cacoal,1102,Leste Rondoniense,11,RO,Rondônia,1,Norte
1100056,110005,Cerejeiras,11008,Colorado do Oeste,1102,Leste Rondoniense,11,RO,Rondônia,1,Norte
1100064,110006,Colorado do Oeste,11008,Colorado do Oeste,1102,Leste Rondoniense,11,RO,Rondônia,1,Norte
1100072,110007,Corumbiara,11008,Colorado do Oeste,1102,Leste Rondoniense,11,RO,Rondônia,1,Norte
1100080,110008,Costa Marques,11002,Guajará-Mirim,1101,Madeira-Guaporé,11,RO,Rondônia,1,Norte
1100098,110009,Espigão D'Oeste,11006,Cacoal,1102,Leste Rondoniense,11,RO,Rondônia,1,Norte
1100106,110010,Guajará-Mirim,11002,Guajará-Mirim,1101,Madeira-Guaporé,11,RO,Rondônia,1,Norte
1100114,110011,Jaru,11004,Ji-Paraná,1102,Leste Rondoniense,11,RO,Rondônia,1,Norte
1100122,110012,Ji-Paraná,11004,Ji-Paraná,1102,Leste Rondoniense,11,RO,Rondônia,1,Norte
1100130,110013,Machadinho D'Oeste,11003,Ariquemes,1102,Leste Rondoniense,11,RO,Rondônia,1,Norte
1100148,110014,Nova Brasilândia D'Oeste,11005,Alvorada D'Oeste,1102,Leste Rondoniense,11,RO,Rondônia,1,Norte
1100155,110015,Ouro Preto do Oeste,11004,Ji-Paraná,1102,Leste Rondoniense,11,RO,Rondônia,1,Norte
1100189,110018,Pimenta Bueno,11007,Vilhena,1102,Leste Rondoniense,11,RO,Rondônia,1,Norte
1100205,110020,Porto Velho,11001,Porto Velho,1101,Madeira-Guaporé,11,RO,Rondônia,1,Norte
1100254,110025,Presidente Médici,11004,Ji-Paraná,1102,Leste Rondoniense,11,RO,Rondônia,1,Norte
1100262,110026,Rio Crespo,11003,Ariquemes,1102,Leste Rondoniense,11,RO,Rondônia,1,Norte
1100288,110028,Rolim de Moura,11006,Cacoal,1102,Leste Rondoniense,11,RO,Rondônia,1,Norte
1100296,110029,Santa Luzia D'Oeste,11006,Cacoal,1102,Leste Rondoniense,11,RO,Rondônia,1,Norte
1100304,110030,Vilhena,11007,Vilhena,1102,Leste Rondoniense,11,RO,Rondônia,1,Norte
1100320,110032,São Miguel do Guaporé,11005,Alvorada D'Oeste,1102,Leste Rondoniense,11,RO,Rondônia,1,Norte
1100338,110033,Nova Mamoré,11001,Porto Velho,1101,Madeira-Guaporé,11,RO,Rondônia,1,Norte
1100346,110034,Alvorada D'Oeste,11005,Alvorada D'Oeste,1102,Leste Rondoniense,11,RO,Rondônia,1,Norte
1100379,110037,Alto Alegre dos Parecis,11006,Cacoal,1102,Leste Rondoniense,11,RO,Rondônia,1,Norte
1100403,110040,Alto Paraíso,11003,Ariquemes,1102,Leste Rondoniense,11,RO,Rondônia,1,Norte
1100452,110045,Buritis,11001,Porto Velho,1101,Madeira-Guaporé,11,RO,Rondônia,1,Norte
1100502,110050,Novo Horizonte do Oeste,11006,Cacoal,1102,Leste Rondoniense,11,RO,Rondônia,1,Norte
1100601,110060,Cacaulândia,11003,Ariquemes,1102,Leste Rondoniense,11,RO,Rondônia,1,Norte
1100700,110070,Campo Novo de Rondônia,11001,Porto Velho,1101,Madeira-Guaporé,11,RO,Rondônia,1,Norte
1100809,110080,Candeias do Jamari,11001,Porto Velho,1101,Madeira-Guaporé,11,RO,Rondônia,1,Norte
1100908,110090,Castanheiras,11006,Cacoal,1102,Leste Rondoniense,11,RO,Rondônia,1,Norte
1100924,110092,Chupinguaia,11007,Vilhena,1102,Leste Rondoniense,11,RO,Rondônia,1,Norte
1100940,110094,Cujubim,11001,Porto Velho,1101,Madeira-Guaporé,11,RO,Rondônia,1,Norte
1101005,110100,Governador Jorge Teixeira,11004,Ji-Paraná,1102,Leste Rondoniense,11,RO,Rondônia,1,Norte
1101104,110110,Itapuã do Oeste,11001,Porto Velho,1101,Madeira-Guaporé,11,RO,Rondônia,1,Norte
1101203,110120,Ministro Andreazza,11006,Cacoal,1102,Leste Rondoniense,11,RO,Rondônia,1,Norte
1101302,110130,Mirante da Serra,11004,Ji-Paraná,1102,Leste Rondoniense,11,RO,Rondônia,1,Norte
1101401,110140,Monte Negro,11003,Ariquemes,1102,Leste Rondoniense,11,RO,Rondônia,1,Norte
1101435,110143,Nova União,11004,Ji-Paraná,1102,Leste Rondoniense,11,RO,Rondônia,1,Norte
1101450,110145,Parecis,11007,Vilhena,1102,Leste Rondoniense,11,RO,Rondônia,1,Norte
1101468,110146,Pimenteiras do Oeste,11008,Colorado do Oeste,1102,Leste Rondoniense,11,RO,Rondônia,1,Norte
1101476,110147,Primavera de Rondônia,11007,Vilhena,1102,Leste Rondoniense,11,RO,Rondônia,1,Norte
1101484,110148,São Felipe D'Oeste,11007,Vilhena,1102,Leste Rondoniense,11,RO,Rondônia,1,Norte
1101492,110149,São Francisco do Guaporé,11002,Guajará-Mirim,1101,Madeira-Guaporé,11,RO,Rondônia,1,Norte
1101500,110150,Seringueiras,11005,Alvorada D'Oeste,1102,Leste Rondoniense,11,RO,Rondônia,1,Norte
1101559,110155,Teixeirópolis,11004,Ji-Paraná,1102,Leste Rondoniense,11,RO,Rondônia,1,Norte
1101609,110160,Theobroma,11004,Ji-Paraná,1102,Leste Rondoniense,11,RO,Rondônia,1,Norte
1101708,110170,Urupá,11004,Ji-Paraná,1102,Leste Rondoniense,11,RO,Rondônia,1,Norte
1101757,110175,Vale do Anari,11003,Ariquemes,1102,Leste Rondoniense,11,RO,Rondônia,1,Norte
1101807,110180,Vale do Paraíso,11004,Ji-Paraná,1102,Leste Rondoniense,11,RO,Rondônia,1,Norte
1200013,120001,Acrelândia,12004,Rio Branco,1202,Vale do Acre,12,AC,Acre,1,Norte
1200054,120005,Assis Brasil,12005,Brasiléia,1202,Vale do Acre,12,AC,Acre,1,Norte
1200104,120010,Brasiléia,12005,Brasiléia,1202,Vale do Acre,12,AC,Acre,1,Norte
1200138,120013,Bujari,12004,Rio Branco,1202,Vale do Acre,12,AC,Acre,1,Norte
1200179,120017,Capixaba,12004,Rio Branco,1202,Vale do Acre,12,AC,Acre,1,Norte
1200203,120020,Cruzeiro do Sul,12001,Cruzeiro do Sul,1201,Vale do Juruá,12,AC,Acre,1,Norte
1200252,120025,Epitaciolândia,12005,Brasiléia,1202,Vale do Acre,12,AC,Acre,1,Norte
1200302,120030,Feijó,12002,Tarauacá,1201,Vale do Juruá,12,AC,Acre,1,Norte
1200328,120032,Jordão,12002,Tarauacá,1201,Vale do Juruá,12,AC,Acre,1,Norte
1200336,120033,Mâncio Lima,12001,Cruzeiro do Sul,1201,Vale do Juruá,12,AC,Acre,1,Norte
1200344,120034,Manoel Urbano,12003,Sena Madureira,1202,Vale do Acre,12,AC,Acre,1,Norte
1200351,120035,Marechal Thaumaturgo,12001,Cruzeiro do Sul,1201,Vale do Juruá,12,AC,Acre,1,Norte
1200385,120038,Plácido de Castro,12004,Rio Branco,1202,Vale do Acre,12,AC,Acre,1,Norte
1200393,120039,Porto Walter,12001,Cruzeiro do Sul,1201,Vale do Juruá,12,AC,Acre,1,Norte
1200401,120040,Rio Branco,12004,Rio Branco,1202,Vale do Acre,12,AC,Acre,1,Norte
1200427,120042,Rodrigues Alves,12001,Cruzeiro do Sul,1201,Vale do Juruá,12,AC,Acre,1,Norte
1200435,120043,Santa Rosa do Purus,12003,Sena Madureira,1202,Vale do Acre,12,AC,Acre,1,Norte
1200450,120045,Senador Guiomard,12004,Rio Branco,1202,Vale do Acre,12,AC,Acre,1,Norte
1200500,120050,Sena Madureira,12003,Sena Madureira,1202,Vale do Acre,12,AC,Acre,1,Norte
1200609,120060,Tarauacá,12002,Tarauacá,1201,Vale do Juruá,12,AC,Acre,1,Norte
1200708,120070,Xapuri,12005,Brasiléia,1202,Vale do Acre,12,AC,Acre,1,Norte
1200807,120080,Porto Acre,12004,Rio Branco,1202,Vale do Acre,12,AC,Acre,1,Norte
1300029,130002,Alvarães,13005,Tefé,1303,Centro Amazonense,13,AM,Amazonas,1,Norte
1300060,130006,Amaturá,13003,Alto Solimões,1302,Sudoeste Amazonense,13,AM,Amazonas,1,Norte
1300086,130008,Anamã,13006,Coari,1303,Centro Amazonense,13,AM,Amazonas,1,Norte
1300102,130010,Anori,13006,Coari,1303,Centro Amazonense,13,AM,Amazonas,1,Norte
1300144,130014,Apuí,13013,Madeira,1304,Sul Amazonense,13,AM,Amazonas,1,Norte
1300201,130020,Atalaia do Norte,13003,Alto Solimões,1302,Sudoeste Amazonense,13,AM,Amazonas,1,Norte
1300300,130030,Autazes,13007,Manaus,1303,Centro Amazonense,13,AM,Amazonas,1,Norte
1300409,130040,Barcelos,13001,Rio Negro,1301,Norte Amazonense,13,AM,Amazonas,1,Norte
1300508,130050,Barreirinha,13010,Parintins,1303,Centro Amazonense,13,AM,Amazonas,1,Norte
1300607,130060,Benjamin Constant,13003,Alto Solimões,1302,Sudoeste Amazonense,13,AM,Amazonas,1,Norte
1300631,130063,Beruri,13006,Coari,1303,Centro Amazonense,13,AM,Amazonas,1,Norte
1300680,130068,Boa Vista do Ramos,13010,Parintins,1303,Centro Amazonense,13,AM,Amazonas,1,Norte
1300706,130070,Boca do Acre,13011,Boca do Acre,1304,Sul Amazonense,13,AM,Amazonas,1,Norte
1300805,130080,Borba,13013,Madeira,1304,Sul Amazonense,13,AM,Amazonas,1,Norte
1300839,130083,Caapiranga,13006,Coari,1303,Centro Amazonense,13,AM,Amazonas,1,Norte
1300904,130090,Canutama,13012,Purus,1304,Sul Amazonense,13,AM,Amazonas,1,Norte
1301001,130100,Carauari,13004,Juruá,1302,Sudoeste Amazonense,13,AM,Amazonas,1,Norte
1301100,130110,Careiro,13007,Manaus,1303,Centro Amazonense,13,AM,Amazonas,1,Norte
1301159,130115,Careiro da Várzea,13007,Manaus,1303,Centro Amazonense,13,AM,Amazonas,1,Norte
1301209,130120,Coari,13006,Coari,1303,Centro Amazonense,13,AM,Amazonas,1,Norte
1301308,130130,Codajás,13006,Coari,1303,Centro Amazonense,13,AM,Amazonas,1,Norte
1301407,130140,Eirunepé,13004,Juruá,1302,Sudoeste Amazonense,13,AM,Amazonas,1,Norte
1301506,130150,Envira,13004,Juruá,1302,Sudoeste Amazonense,13,AM,Amazonas,1,Norte
1301605,130160,Fonte Boa,13003,Alto Solimões,1302,Sudoeste Amazonense,13,AM,Amazonas,1,Norte
1301654,130165,Guajará,13004,Juruá,1302,Sudoeste Amazonense,13,AM,Amazonas,1,Norte
1301704,130170,Humaitá,13013,Madeira,1304,Sul Amazonense,13,AM,Amazonas,1,Norte
1301803,130180,Ipixuna,13004,Juruá,1302,Sudoeste Amazonense,13,AM,Amazonas,1,Norte
1301852,130185,Iranduba,13007,Manaus,1303,Centro Amazonense,13,AM,Amazonas,1,Norte
1301902,130190,Itacoatiara,13009,Itacoatiara,1303,Centro Amazonense,13,AM,Amazonas,1,Norte
1301951,130195,Itamarati,13004,Juruá,1302,Sudoeste Amazonense,13,AM,Amazonas,1,Norte
1302009,130200,Itapiranga,13009,Itacoatiara,1303,Centro Amazonense,13,AM,Amazonas,1,Norte
1302108,130210,Japurá,13002,Japurá,1301,Norte Amazonense,13,AM,Amazonas,1,Norte
1302207,130220,Juruá,13004,Juruá,1302,Sudoeste Amazonense,13,AM,Amazonas,1,Norte
1302306,130230,Jutaí,13003,Alto Solimões,1302,Sudoeste Amazonense,13,AM,Amazonas,1,Norte
1302405,130240,Lábrea,13012,Purus,1304,Sul Amazonense,13,AM,Amazonas,1,Norte
1302504,130250,Manacapuru,13007,Manaus,1303,Centro Amazonense,13,AM,Amazonas,1,Norte
1302553,130255,Manaquiri,13007,Manaus,1303,Centro Amazonense,13,AM,Amazonas,1,Norte
1302603,130260,Manaus,13007,Manaus,1303,Centro Amazonense,13,AM,Amazonas,1,Norte
1302702,130270,Manicoré,13013,Madeira,1304,Sul Amazonense,13,AM,Amazonas,1,Norte
1302801,130280,Maraã,13002,Japurá,1301,Norte Amazonense,13,AM,Amazonas,1,Norte
1302900,130290,Maués,13010,Parintins,1303,Centro Amazonense,13,AM,Amazonas,1,Norte
1303007,130300,Nhamundá,13010,Parintins,1303,Centro Amazonense,13,AM,Amazonas,1,Norte
1303106,130310,Nova Olinda do Norte,13009,Itacoatiara,1303,Centro Amazonense,13,AM,Amazonas,1,Norte
1303205,130320,Novo Airão,13001,Rio Negro,1301,Norte Amazonense,13,AM,Amazonas,1,Norte
1303304,130330,Novo Aripuanã,13013,Madeira,1304,Sul Amazonense,13,AM,Amazonas,1,Norte
1303403,130340,Parintins,13010,Parintins,1303,Centro Amazonense,13,AM,Amazonas,1,Norte
1303502,130350,Pauini,13011,Boca do Acre,1304,Sul Amazonense,13,AM,Amazonas,1,Norte
1303536,130353,Presidente Figueiredo,13008,Rio Preto da Eva,1303,Centro Amazonense,13,AM,Amazonas,1,Norte
1303569,130356,Rio Preto da Eva,13008,Rio Preto da Eva,1303,Centro Amazonense,13,AM,Amazonas,1,Norte
1303601,130360,Santa Isabel do Rio Negro,13001,Rio Negro,1301,Norte Amazonense,13,AM,Amazonas,1,Norte
1303700,130370,Santo Antônio do Içá,13003,Alto Solimões,1302,Sudoeste Amazonense,13,AM,Amazonas,1,Norte
1303809,130380,São Gabriel da Cachoeira,13001,Rio Negro,1301,Norte Amazonense,13,AM,Amazonas,1,Norte
1303908,130390,São Paulo de Olivença,13003,Alto Solimões,1302,Sudoeste Amazonense,13,AM,Amazonas,1,Norte
1303957,130395,São Sebastião do Uatumã,13010,Parintins,1303,Centro Amazonense,13,AM,Amazonas,1,Norte
1304005,130400,Silves,13009,Itacoatiara,1303,Centro Amazonense,13,AM,Amazonas,1,Norte
1304062,130406,Tabatinga,13003,Alto Solimões,1302,Sudoeste Amazonense,13,AM,Amazonas,1,Norte
1304104,130410,Tapauá,13012,Purus,1304,Sul Amazonense,13,AM,Amazonas,1,Norte
1304203,130420,Tefé,13005,Tefé,1303,Centro Amazonense,13,AM,Amazonas,1,Norte
1304237,130423,Tonantins,13003,Alto Solimões,1302,Sudoeste Amazonense,13,AM,Amazonas,1,Norte
1304260,130426,Uarini,13005,Tefé,1303,Centro Amazonense,13,AM,Amazonas,1,Norte
1304302,130430,Urucará,13010,Parintins,1303,Centro Amazonense,13,AM,Amazonas,1,Norte
1304401,130440,Urucurituba,13009,Itacoatiara,1303,Centro Amazonense,13,AM,Amazonas,1,Norte
1400027,140002,Amajari,14001,Boa Vista,1401,Norte de Roraima,14,RR,Roraima,1,Norte
1400050,140005,Alto Alegre,14001,Boa Vista,1401,Norte de Roraima,14,RR,Roraima,1,Norte
1400100,140010,Boa Vista,14001,Boa Vista,1401,Norte de Roraima,14,RR,Roraima,1,Norte
1400159,140015,Bonfim,14002,Nordeste de Roraima,1401,Norte de Roraima,14,RR,Roraima,1,Norte
1400175,140017,Cantá,14002,Nordeste de Roraima,1401,Norte de Roraima,14,RR,Roraima,1,Norte
1400209,140020,Caracaraí,14003,Caracaraí,1402,Sul de Roraima,14,RR,Roraima,1,Norte
1400233,140023,Caroebe,14004,Sudeste de Roraima,1402,Sul de Roraima,14,RR,Roraima,1,Norte
1400282,140028,Iracema,14003,Caracaraí,1402,Sul de Roraima,14,RR,Roraima,1,Norte
1400308,140030,Mucajaí,14003,Caracaraí,1402,Sul de Roraima,14,RR,Roraima,1,Norte
1400407,140040,Normandia,14002,Nordeste de Roraima,1401,Norte de Roraima,14,RR,Roraima,1,Norte
1400456,140045,Pacaraima,14001,Boa Vista,1401,Norte de Roraima,14,RR,Roraima,1,Norte
1400472,140047,Rorainópolis,14004,Sudeste de Roraima,1402,Sul de Roraima,14,RR,Roraima,1,Norte
1400506,140050,São João da Baliza,14004,Sudeste de Roraima,1402,Sul de Roraima,14,RR,Roraima,1,Norte
1400605,140060,São Luiz do Anauá,14004,Sudeste de Roraima,1402,Sul de Roraima,14,RR,Roraima,1,Norte
1400704,140070,Uiramutã,14002,Nordeste de Roraima,1401,Norte de Roraima,14,RR,Roraima,1,Norte
1500107,150010,Abaetetuba,15011,Cametá,1504,Nordeste Paraense,15,PA,Pará,1,Norte
1500131,150013,Abel Figueiredo,15017,Paragominas,1506,Sudeste Paraense,15,PA,Pará,1,Norte
1500206,150020,Acará,15012,Tomé-Açu,1504,Nordeste Paraense,15,PA,Pará,1,Norte
1500305,150030,Afuá,15005,Furos de Breves,1502,Marajó,15,PA,Pará,1,Norte
1500347,150034,Água Azul do Norte,15019,Parauapebas,1506,Sudeste Paraense,15,PA,Pará,1,Norte
1500404,150040,Alenquer,15002,Santarém,1501,Baixo Amazonas,15,PA,Pará,1,Norte
1500503,150050,Almeirim,15003,Almeirim,1501,Baixo Amazonas,15,PA,Pará,1,Norte
1500602,150060,Altamira,15015,Altamira,1505,Sudoeste Paraense,15,PA,Pará,1,Norte
1500701,150070,Anajás,15005,Furos de Breves,1502,Marajó,15,PA,Pará,1,Norte
1500800,150080,Ananindeua,15007,Belém,1503,Metropolitana de Belém,15,PA,Pará,1,Norte
1500859,150085,Anapu,15015,Altamira,1505,Sudoeste Paraense,15,PA,Pará,1,Norte
1500909,150090,Augusto Corrêa,15010,Bragantina,1504,Nordeste Paraense,15,PA,Pará,1,Norte
1500958,150095,Aurora do Pará,15013,Guamá,1504,Nordeste Paraense,15,PA,Pará,1,Norte
1501006,150100,Aveiro,15014,Itaituba,1505,Sudoeste Paraense,15,PA,Pará,1,Norte
1501105,150110,Bagre,15004,Portel,1502,Marajó,15,PA,Pará,1,Norte
1501204,150120,Baião,15011,Cametá,1504,Nordeste Paraense,15,PA,Pará,1,Norte
1501253,150125,Bannach,15018,São Félix do Xingu,1506,Sudeste Paraense,15,PA,Pará,1,Norte
1501303,150130,Barcarena,15007,Belém,1503,Metropolitana de Belém,15,PA,Pará,1,Norte
1501402,150140,Belém,15007,Belém,1503,Metropolitana de Belém,15,PA,Pará,1,Norte
1501451,150145,Belterra,15002,Santarém,1501,Baixo Amazonas,15,PA,Pará,1,Norte
1501501,150150,Benevides,15007,Belém,1503,Metropolitana de Belém,15,PA,Pará,1,Norte
1501576,150157,Bom Jesus do Tocantins,15017,Paragominas,1506,Sudeste Paraense,15,PA,Pará,1,Norte
1501600,150160,Bonito,15010,Bragantina,1504,Nordeste Paraense,15,PA,Pará,1,Norte
1501709,150170,Bragança,15010,Bragantina,1504,Nordeste Paraense,15,PA,Pará,1,Norte
1501725,150172,Brasil Novo,15015,Altamira,1505,Sudoeste Paraense,15,PA,Pará,1,Norte
1501758,150175,Brejo Grande do Araguaia,15020,Marabá,1506,Sudeste Paraense,15,PA,Pará,1,Norte
1501782,150178,Breu Branco,15016,Tucuruí,1506,Sudeste Paraense,15,PA,Pará,1,Norte
1501808,150180,Breves,15005,Furos de Breves,1502,Marajó,15,PA,Pará,1,Norte
1501907,150190,Bujaru,15008,Castanhal,1503,Metropolitana de Belém,15,PA,Pará,1,Norte
1501956,150195,Cachoeira do Piriá,15013,Guamá,1504,Nordeste Paraense,15,PA,Pará,1,Norte
1502004,150200,Cachoeira do Arari,15006,Arari,1502,Marajó,15,PA,Pará,1,Norte
1502103,150210,Cametá,15011,Cametá,1504,Nordeste Paraense,15,PA,Pará,1,Norte
1502152,150215,Canaã dos Carajás,15019,Parauapebas,1506,Sudeste Paraense,15,PA,Pará,1,Norte
1502202,150220,Capanema,15010,Bragantina,1504,Nordeste Paraense,15,PA,Pará,1,Norte
1502301,150230,Capitão Poço,15013,Guamá,1504,Nordeste Paraense,15,PA,Pará,1,Norte
1502400,150240,Castanhal,15008,Castanhal,1503,Metropolitana de Belém,15,PA,Pará,1,Norte
1502509,150250,Chaves,15006,Arari,1502,Marajó,15,PA,Pará,1,Norte
1502608,150260,Colares,15009,Salgado,1504,Nordeste Paraense,15,PA,Pará,1,Norte
1502707,150270,Conceição do Araguaia,15022,Conceição do Araguaia,1506,Sudeste Paraense,15,PA,Pará,1,Norte
1502756,150275,Concórdia do Pará,15012,Tomé-Açu,1504,Nordeste Paraense,15,PA,Pará,1,Norte
1502764,150276,Cumaru do Norte,15018,São Félix do Xingu,1506,Sudeste Paraense,15,PA,Pará,1,Norte
1502772,150277,Curionópolis,15019,Parauapebas,1506,Sudeste Paraense,15,PA,Pará,1,Norte
1502806,150280,Curralinho,15005,Furos de Breves,1502,Marajó,15,PA,Pará,1,Norte
1502855,150285,Curuá,15002,Santarém,1501,Baixo Amazonas,15,PA,Pará,1,Norte
1502905,150290,Curuçá,15009,Salgado,1504,Nordeste Paraense,15,PA,Pará,1,Norte
1502939,150293,Dom Eliseu,15017,Paragominas,1506,Sudeste Paraense,15,PA,Pará,1,Norte
1502954,150295,Eldorado do Carajás,15019,Parauapebas,1506,Sudeste Paraense,15,PA,Pará,1,Norte
1503002,150300,Faro,15001,Óbidos,1501,Baixo Amazonas,15,PA,Pará,1,Norte
1503044,150304,Floresta do Araguaia,15022,Conceição do Araguaia,1506,Sudeste Paraense,15,PA,Pará,1,Norte
1503077,150307,Garrafão do Norte,15013,Guamá,1504,Nordeste Paraense,15,PA,Pará,1,Norte
1503093,150309,Goianésia do Pará,15017,Paragominas,1506,Sudeste Paraense,15,PA,Pará,1,Norte
1503101,150310,Gurupá,15004,Portel,1502,Marajó,15,PA,Pará,1,Norte
1503200,150320,Igarapé-Açu,15010,Bragantina,1504,Nordeste Paraense,15,PA,Pará,1,Norte
1503309,150330,Igarapé-Miri,15011,Cametá,1504,Nordeste Paraense,15,PA,Pará,1,Norte
1503408,150340,Inhangapi,15008,Castanhal,1503,Metropolitana de Belém,15,PA,Pará,1,Norte
1503457,150345,Ipixuna do Pará,15013,Guamá,1504,Nordeste Paraense,15,PA,Pará,1,Norte
1503507,150350,Irituia,15013,Guamá,1504,Nordeste Paraense,15,PA,Pará,1,Norte
1503606,150360,Itaituba,15014,Itaituba,1505,Sudoeste Paraense,15,PA,Pará,1,Norte
1503705,150370,Itupiranga,15016,Tucuruí,1506,Sudeste Paraense,15,PA,Pará,1,Norte
1503754,150375,Jacareacanga,15014,Itaituba,1505,Sudoeste Paraense,15,PA,Pará,1,Norte
1503804,150380,Jacundá,15016,Tucuruí,1506,Sudeste Paraense,15,PA,Pará,1,Norte
1503903,150390,Juruti,15001,Óbidos,1501,Baixo Amazonas,15,PA,Pará,1,Norte
1504000,150400,Limoeiro do Ajuru,15011,Cametá,1504,Nordeste Paraense,15,PA,Pará,1,Norte
1504059,150405,Mãe do Rio,15013,Guamá,1504,Nordeste Paraense,15,PA,Pará,1,Norte
1504109,150410,Magalhães Barata,15009,Salgado,1504,Nordeste Paraense,15,PA,Pará,1,Norte
1504208,150420,Marabá,15020,Marabá,1506,Sudeste Paraense,15,PA,Pará,1,Norte
1504307,150430,Maracanã,15009,Salgado,1504,Nordeste Paraense,15,PA,Pará,1,Norte
1504406,150440,Marapanim,15009,Salgado,1504,Nordeste Paraense,15,PA,Pará,1,Norte
1504422,150442,Marituba,15007,Belém,1503,Metropolitana de Belém,15,PA,Pará,1,Norte
1504455,150445,Medicilândia,15015,Altamira,1505,Sudoeste Paraense,15,PA,Pará,1,Norte
1504505,150450,Melgaço,15004,Portel,1502,Marajó,15,PA,Pará,1,Norte
1504604,150460,Mocajuba,15011,Cametá,1504,Nordeste Paraense,15,PA,Pará,1,Norte
1504703,150470,Moju,15012,Tomé-Açu,1504,Nordeste Paraense,15,PA,Pará,1,Norte
1504752,150475,Mojuí dos Campos,15002,Santarém,1501,Baixo Amazonas,15,PA,Pará,1,Norte
1504802,150480,Monte Alegre,15002,Santarém,1501,Baixo Amazonas,15,PA,Pará,1,Norte
1504901,150490,Muaná,15006,Arari,1502,Marajó,15,PA,Pará,1,Norte
1504950,150495,Nova Esperança do Piriá,15013,Guamá,1504,Nordeste Paraense,15,PA,Pará,1,Norte
1504976,150497,Nova Ipixuna,15016,Tucuruí,1506,Sudeste Paraense,15,PA,Pará,1,Norte
1505007,150500,Nova Timboteua,15010,Bragantina,1504,Nordeste Paraense,15,PA,Pará,1,Norte
1505031,150503,Novo Progresso,15014,Itaituba,1505,Sudoeste Paraense,15,PA,Pará,1,Norte
1505064,150506,Novo Repartimento,15016,Tucuruí,1506,Sudeste Paraense,15,PA,Pará,1,Norte
1505106,150510,Óbidos,15001,Óbidos,1501,Baixo Amazonas,15,PA,Pará,1,Norte
1505205,150520,Oeiras do Pará,15011,Cametá,1504,Nordeste Paraense,15,PA,Pará,1,Norte
1505304,150530,Oriximiná,15001,Óbidos,1501,Baixo Amazonas,15,PA,Pará,1,Norte
1505403,150540,Ourém,15013,Guamá,1504,Nordeste Paraense,15,PA,Pará,1,Norte
1505437,150543,Ourilândia do Norte,15018,São Félix do Xingu,1506,Sudeste Paraense,15,PA,Pará,1,Norte
1505486,150548,Pacajá,15015,Altamira,1505,Sudoeste Paraense,15,PA,Pará,1,Norte
1505494,150549,Palestina do Pará,15020,Marabá,1506,Sudeste Paraense,15,PA,Pará,1,Norte
1505502,150550,Paragominas,15017,Paragominas,1506,Sudeste Paraense,15,PA,Pará,1,Norte
1505536,150553,Parauapebas,15019,Parauapebas,1506,Sudeste Paraense,15,PA,Pará,1,Norte
1505551,150555,Pau D'Arco,15021,Redenção,1506,Sudeste Paraense,15,PA,Pará,1,Norte
1505601,150560,Peixe-Boi,15010,Bragantina,1504,Nordeste Paraense,15,PA,Pará,1,Norte
1505635,150563,Piçarra,15021,Redenção,1506,Sudeste Paraense,15,PA,Pará,1,Norte
1505650,150565,Placas,15002,Santarém,1501,Baixo Amazonas,15,PA,Pará,1,Norte
1505700,150570,Ponta de Pedras,15006,Arari,1502,Marajó,15,PA,Pará,1,Norte
1505809,150580,Portel,15004,Portel,1502,Marajó,15,PA,Pará,1,Norte
1505908,150590,Porto de Moz,15003,Almeirim,1501,Baixo Amazonas,15,PA,Pará,1,Norte
1506005,150600,Prainha,15002,Santarém,1501,Baixo Amazonas,15,PA,Pará,1,Norte
1506104,150610,Primavera,15010,Bragantina,1504,Nordeste Paraense,15,PA,Pará,1,Norte
1506112,150611,Quatipuru,15010,Bragantina,1504,Nordeste Paraense,15,PA,Pará,1,Norte
1506138,150613,Redenção,15021,Redenção,1506,Sudeste Paraense,15,PA,Pará,1,Norte
1506161,150616,Rio Maria,15021,Redenção,1506,Sudeste Paraense,15,PA,Pará,1,Norte
1506187,150618,Rondon do Pará,15017,Paragominas,1506,Sudeste Paraense,15,PA,Pará,1,Norte
1506195,150619,Rurópolis,15014,Itaituba,1505,Sudoeste Paraense,15,PA,Pará,1,Norte
1506203,150620,Salinópolis,15009,Salgado,1504,Nordeste Paraense,15,PA,Pará,1,Norte
1506302,150630,Salvaterra,15006,Arari,1502,Marajó,15,PA,Pará,1,Norte
1506351,150635,Santa Bárbara do Pará,15007,Belém,1503,Metropolitana de Belém,15,PA,Pará,1,Norte
1506401,150640,Santa Cruz do Arari,15006,Arari,1502,Marajó,15,PA,Pará,1,Norte
1506500,150650,Santa Izabel do Pará,15008,Castanhal,1503,Metropolitana de Belém,15,PA,Pará,1,Norte
1506559,150655,Santa Luzia do Pará,15013,Guamá,1504,Nordeste Paraense,15,PA,Pará,1,Norte
1506583,150658,Santa Maria das Barreiras,15022,Conceição do Araguaia,1506,Sudeste Paraense,15,PA,Pará,1,Norte
1506609,150660,Santa Maria do Pará,15010,Bragantina,1504,Nordeste Paraense,15,PA,Pará,1,Norte
1506708,150670,Santana do Araguaia,15022,Conceição do Araguaia,1506,Sudeste Paraense,15,PA,Pará,1,Norte
1506807,150680,Santarém,15002,Santarém,1501,Baixo Amazonas,15,PA,Pará,1,Norte
1506906,150690,Santarém Novo,15010,Bragantina,1504,Nordeste Paraense,15,PA,Pará,1,Norte
1507003,150700,Santo Antônio do Tauá,15008,Castanhal,1503,Metropolitana de Belém,15,PA,Pará,1,Norte
1507102,150710,São Caetano de Odivelas,15009,Salgado,1504,Nordeste Paraense,15,PA,Pará,1,Norte
1507151,150715,São Domingos do Araguaia,15020,Marabá,1506,Sudeste Paraense,15,PA,Pará,1,Norte
1507201,150720,São Domingos do Capim,15013,Guamá,1504,Nordeste Paraense,15,PA,Pará,1,Norte
1507300,150730,São Félix do Xingu,15018,São Félix do Xingu,1506,Sudeste Paraense,15,PA,Pará,1,Norte
1507409,150740,São Francisco do Pará,15010,Bragantina,1504,Nordeste Paraense,15,PA,Pará,1,Norte
1507458,150745,São Geraldo do Araguaia,15021,Redenção,1506,Sudeste Paraense,15,PA,Pará,1,Norte
1507466,150746,São João da Ponta,15009,Salgado,1504,Nordeste Paraense,15,PA,Pará,1,Norte
1507474,150747,São João de Pirabas,15009,Salgado,1504,Nordeste Paraense,15,PA,Pará,1,Norte
1507508,150750,São João do Araguaia,15020,Marabá,1506,Sudeste Paraense,15,PA,Pará,1,Norte
1507607,150760,São Miguel do Guamá,15013,Guamá,1504,Nordeste Paraense,15,PA,Pará,1,Norte
1507706,150770,São Sebastião da Boa Vista,15005,Furos de Breves,1502,Marajó,15,PA,Pará,1,Norte
1507755,150775,Sapucaia,15021,Redenção,1506,Sudeste Paraense,15,PA,Pará,1,Norte
1507805,150780,Senador José Porfírio,15015,Altamira,1505,Sudoeste Paraense,15,PA,Pará,1,Norte
1507904,150790,Soure,15006,Arari,1502,Marajó,15,PA,Pará,1,Norte
1507953,150795,Tailândia,15012,Tomé-Açu,1504,Nordeste Paraense,15,PA,Pará,1,Norte
1507961,150796,Terra Alta,15009,Salgado,1504,Nordeste Paraense,15,PA,Pará,1,Norte
1507979,150797,Terra Santa,15001,Óbidos,1501,Baixo Amazonas,15,PA,Pará,1,Norte
1508001,150800,Tomé-Açu,15012,Tomé-Açu,1504,Nordeste Paraense,15,PA,Pará,1,Norte
1508035,150803,Tracuateua,15010,Bragantina,1504,Nordeste Paraense,15,PA,Pará,1,Norte
1508050,150805,Trairão,15014,Itaituba,1505,Sudoeste Paraense,15,PA,Pará,1,Norte
1508084,150808,Tucumã,15018,São Félix do Xingu,1506,Sudeste Paraense,15,PA,Pará,1,Norte
1508100,150810,Tucuruí,15016,Tucuruí,1506,Sudeste Paraense,15,PA,Pará,1,Norte
1508126,150812,Ulianópolis,15017,Paragominas,1506,Sudeste Paraense,15,PA,Pará,1,Norte
1508159,150815,Uruará,15015,Altamira,1505,Sudoeste Paraense,15,PA,Pará,1,Norte
1508209,150820,Vigia,15009,Salgado,1504,Nordeste Paraense,15,PA,Pará,1,Norte
1508308,150830,Viseu,15013,Guamá,1504,Nordeste Paraense,15,PA,Pará,1,Norte
1508357,150835,Vitória do Xingu,15015,Altamira,1505,Sudoeste Paraense,15,PA,Pará,1,Norte
1508407,150840,Xinguara,15021,Redenção,1506,Sudeste Paraense,15,PA,Pará,1,Norte
1600055,160005,Serra do Navio,16003,Macapá,1602,Sul do Amapá,16,AP,Amapá,1,Norte
1600105,160010,Amapá,16002,Amapá,1601,Norte do Amapá,16,AP,Amapá,1,Norte
1600154,160015,Pedra Branca do Amapari,16003,Macapá,1602,Sul do Amapá,16,AP,Amapá,1,Norte
1600204,160020,Calçoene,16001,Oiapoque,1601,Norte do Amapá,16,AP,Amapá,1,Norte
1600212,160021,Cutias,16003,Macapá,1602,Sul do Amapá,16,AP,Amapá,1,Norte
1600238,160023,Ferreira Gomes,16003,Macapá,1602,Sul do Amapá,16,AP,Amapá,1,Norte
1600253,160025,Itaubal,16003,Macapá,1602,Sul do Amapá,16,AP,Amapá,1,Norte
1600279,160027,Laranjal do Jari,16004,Mazagão,1602,Sul do Amapá,16,AP,Amapá,1,Norte
1600303,160030,Macapá,16003,Macapá,1602,Sul do Amapá,16,AP,Amapá,1,Norte
1600402,160040,Mazagão,16004,Mazagão,1602,Sul do Amapá,16,AP,Amapá,1,Norte
1600501,160050,Oiapoque,16001,Oiapoque,1601,Norte do Amapá,16,AP,Amapá,1,Norte
1600535,160053,Porto Grande,16003,Macapá,1602,Sul do Amapá,16,AP,Amapá,1,Norte
1600550,160055,Pracuúba,16002,Amapá,1601,Norte do Amapá,16,AP,Amapá,1,Norte
1600600,160060,Santana,16003,Macapá,1602,Sul do Amapá,16,AP,Amapá,1,Norte
1600709,160070,Tartarugalzinho,16002,Amapá,1601,Norte do Amapá,16,AP,Amapá,1,Norte
1600808,160080,Vitória do Jari,16004,Mazagão,1602,Sul do Amapá,16,AP,Amapá,1,Norte
1700251,170025,Abreulândia,17003,Miracema do Tocantins,1701,Ocidental do Tocantins,17,TO,Tocantins,1,Norte
1700301,170030,Aguiarnópolis,17001,Bico do Papagaio,1701,Ocidental do Tocantins,17,TO,Tocantins,1,Norte
1700350,170035,Aliança do Tocantins,17005,Gurupi,1701,Ocidental do Tocantins,17,TO,Tocantins,1,Norte
1700400,170040,Almas,17008,Dianópolis,1702,Oriental do Tocantins,17,TO,Tocantins,1,Norte
1700707,170070,Alvorada,17005,Gurupi,1701,Ocidental do Tocantins,17,TO,Tocantins,1,Norte
1701002,170100,Ananás,17001,Bico do Papagaio,1701,Ocidental do Tocantins,17,TO,Tocantins,1,Norte
1701051,170105,Angico,17001,Bico do Papagaio,1701,Ocidental do Tocantins,17,TO,Tocantins,1,Norte
1701101,170110,Aparecida do Rio Negro,17006,Porto Nacional,1702,Oriental do Tocantins,17,TO,Tocantins,1,Norte
1701309,170130,Aragominas,17002,Araguaína,1701,Ocidental do Tocantins,17,TO,Tocantins,1,Norte
1701903,170190,Araguacema,17003,Miracema do Tocantins,1701,Ocidental do Tocantins,17,TO,Tocantins,1,Norte
1702000,170200,Araguaçu,17004,Rio Formoso,1701,Ocidental do Tocantins,17,TO,Tocantins,1,Norte
1702109,170210,Araguaína,17002,Araguaína,1701,Ocidental do Tocantins,17,TO,Tocantins,1,Norte
1702158,170215,Araguanã,17002,Araguaína,1701,Ocidental do Tocantins,17,TO,Tocantins,1,Norte
1702208,170220,Araguatins,17001,Bico do Papagaio,1701,Ocidental do Tocantins,17,TO,Tocantins,1,Norte
1702307,170230,Arapoema,17002,Araguaína,1701,Ocidental do Tocantins,17,TO,Tocantins,1,Norte
1702406,170240,Arraias,17008,Dianópolis,1702,Oriental do Tocantins,17,TO,Tocantins,1,Norte
1702554,170255,Augustinópolis,17001,Bico do Papagaio,1701,Ocidental do Tocantins,17,TO,Tocantins,1,Norte
1702703,170270,Aurora do Tocantins,17008,Dianópolis,1702,Oriental do Tocantins,17,TO,Tocantins,1,Norte
1702901,170290,Axixá do Tocantins,17001,Bico do Papagaio,1701,Ocidental do Tocantins,17,TO,Tocantins,1,Norte
1703008,170300,Babaçulândia,17002,Araguaína,1701,Ocidental do Tocantins,17,TO,Tocantins,1,Norte
1703057,170305,Bandeirantes do Tocantins,17002,Araguaína,1701,Ocidental do Tocantins,17,TO,Tocantins,1,Norte
1703073,170307,Barra do Ouro,17007,Jalapão,1702,Oriental do Tocantins,17,TO,Tocantins,1,Norte
1703107,170310,Barrolândia,17003,Miracema do Tocantins,1701,Ocidental do Tocantins,17,TO,Tocantins,1,Norte
1703206,170320,Bernardo Sayão,17003,Miracema do Tocantins,1701,Ocidental do Tocantins,17,TO,Tocantins,1,Norte
1703305,170330,Bom Jesus do Tocantins,17006,Porto Nacional,1702,Oriental do Tocantins,17,TO,Tocantins,1,Norte
1703602,170360,Brasilândia do Tocantins,17003,Miracema do Tocantins,1701,Ocidental do Tocantins,17,TO,Tocantins,1,Norte
1703701,170370,Brejinho de Nazaré,17005,Gurupi,1701,Ocidental do Tocantins,17,TO,Tocantins,1,Norte
1703800,170380,Buriti do Tocantins,17001,Bico do Papagaio,1701,Ocidental do Tocantins,17,TO,Tocantins,1,Norte
1703826,170382,Cachoeirinha,17001,Bico do Papagaio,1701,Ocidental do Tocantins,17,TO,Tocantins,1,Norte
1703842,170384,Campos Lindos,17007,Jalapão,1702,Oriental do Tocantins,17,TO,Tocantins,1,Norte
1703867,170386,Cariri do Tocantins,17005,Gurupi,1701,Ocidental do Tocantins,17,TO,Tocantins,1,Norte
1703883,170388,Carmolândia,17002,Araguaína,1701,Ocidental do Tocantins,17,TO,Tocantins,1,Norte
1703891,170389,Carrasco Bonito,17001,Bico do Papagaio,1701,Ocidental do Tocantins,17,TO,Tocantins,1,Norte
1703909,170390,Caseara,17003,Miracema do Tocantins,1701,Ocidental do Tocantins,17,TO,Tocantins,1,Norte
1704105,170410,Centenário,17007,Jalapão,1702,Oriental do Tocantins,17,TO,Tocantins,1,Norte
1704600,170460,Chapada de Areia,17004,Rio Formoso,1701,Ocidental do Tocantins,17,TO,Tocantins,1,Norte
1705102,170510,Chapada da Natividade,17008,Dianópolis,1702,Oriental do Tocantins,17,TO,Tocantins,1,Norte
1705508,170550,Colinas do Tocantins,17002,Araguaína,1701,Ocidental do Tocantins,17,TO,Tocantins,1,Norte
1705557,170555,Combinado,17008,Dianópolis,1702,Oriental do Tocantins,17,TO,Tocantins,1,Norte
1705607,170560,Conceição do Tocantins,17008,Dianópolis,1702,Oriental do Tocantins,17,TO,Tocantins,1,Norte
1706001,170600,Couto Magalhães,17003,Miracema do Tocantins,1701,Ocidental do Tocantins,17,TO,Tocantins,1,Norte
1706100,170610,Cristalândia,17004,Rio Formoso,1701,Ocidental do Tocantins,17,TO,Tocantins,1,Norte
1706258,170625,Crixás do Tocantins,17005,Gurupi,1701,Ocidental do Tocantins,17,TO,Tocantins,1,Norte
1706506,170650,Darcinópolis,17001,Bico do Papagaio,1701,Ocidental do Tocantins,17,TO,Tocantins,1,Norte
1707009,170700,Dianópolis,17008,Dianópolis,1702,Oriental do Tocantins,17,TO,Tocantins,1,Norte
1707108,170710,Divinópolis do Tocantins,17003,Miracema do Tocantins,1701,Ocidental do Tocantins,17,TO,Tocantins,1,Norte
1707207,170720,Dois Irmãos do Tocantins,17003,Miracema do Tocantins,1701,Ocidental do Tocantins,17,TO,Tocantins,1,Norte
1707306,170730,Dueré,17004,Rio Formoso,1701,Ocidental do Tocantins,17,TO,Tocantins,1,Norte
1707405,170740,Esperantina,17001,Bico do Papagaio,1701,Ocidental do Tocantins,17,TO,Tocantins,1,Norte
1707553,170755,Fátima,17004,Rio Formoso,1701,Ocidental do Tocantins,17,TO,Tocantins,1,Norte
1707652,170765,Figueirópolis,17005,Gurupi,1701,Ocidental do Tocantins,17,TO,Tocantins,1,Norte
1707702,170770,Filadélfia,17002,Araguaína,1701,Ocidental do Tocantins,17,TO,Tocantins,1,Norte
1708205,170820,Formoso do Araguaia,17004,Rio Formoso,1701,Ocidental do Tocantins,17,TO,Tocantins,1,Norte
1708254,170825,Tabocão,17003,Miracema do Tocantins,1701,Ocidental do Tocantins,17,TO,Tocantins,1,Norte
1708304,170830,Goianorte,17003,Miracema do Tocantins,1701,Ocidental do Tocantins,17,TO,Tocantins,1,Norte
1709005,170900,Goiatins,17007,Jalapão,1702,Oriental do Tocantins,17,TO,Tocantins,1,Norte
1709302,170930,Guaraí,17003,Miracema do Tocantins,1701,Ocidental do Tocantins,17,TO,Tocantins,1,Norte
1709500,170950,Gurupi,17005,Gurupi,1701,Ocidental do Tocantins,17,TO,Tocantins,1,Norte
1709807,170980,Ipueiras,17006,Porto Nacional,1702,Oriental do Tocantins,17,TO,Tocantins,1,Norte
1710508,171050,Itacajá,17007,Jalapão,1702,Oriental do Tocantins,17,TO,Tocantins,1,Norte
1710706,171070,Itaguatins,17001,Bico do Papagaio,1701,Ocidental do Tocantins,17,TO,Tocantins,1,Norte
1710904,171090,Itapiratins,17007,Jalapão,1702,Oriental do Tocantins,17,TO,Tocantins,1,Norte
1711100,171110,Itaporã do Tocantins,17003,Miracema do Tocantins,1701,Ocidental do Tocantins,17,TO,Tocantins,1,Norte
1711506,171150,Jaú do Tocantins,17005,Gurupi,1701,Ocidental do Tocantins,17,TO,Tocantins,1,Norte
1711803,171180,Juarina,17003,Miracema do Tocantins,1701,Ocidental do Tocantins,17,TO,Tocantins,1,Norte
1711902,171190,Lagoa da Confusão,17004,Rio Formoso,1701,Ocidental do Tocantins,17,TO,Tocantins,1,Norte
1711951,171195,Lagoa do Tocantins,17007,Jalapão,1702,Oriental do Tocantins,17,TO,Tocantins,1,Norte
1712009,171200,Lajeado,17006,Porto Nacional,1702,Oriental do Tocantins,17,TO,Tocantins,1,Norte
1712157,171215,Lavandeira,17008,Dianópolis,1702,Oriental do Tocantins,17,TO,Tocantins,1,Norte
1712405,171240,Lizarda,17007,Jalapão,1702,Oriental do Tocantins,17,TO,Tocantins,1,Norte
1712454,171245,Luzinópolis,17001,Bico do Papagaio,1701,Ocidental do Tocantins,17,TO,Tocantins,1,Norte
1712504,171250,Marianópolis do Tocantins,17003,Miracema do Tocantins,1701,Ocidental do Tocantins,17,TO,Tocantins,1,Norte
1712702,171270,Mateiros,17007,Jalapão,1702,Oriental do Tocantins,17,TO,Tocantins,1,Norte
1712801,171280,Maurilândia do Tocantins,17001,Bico do Papagaio,1701,Ocidental do Tocantins,17,TO,Tocantins,1,Norte
1713205,171320,Miracema do Tocantins,17003,Miracema do Tocantins,1701,Ocidental do Tocantins,17,TO,Tocantins,1,Norte
1713304,171330,Miranorte,17003,Miracema do Tocantins,1701,Ocidental do Tocantins,17,TO,Tocantins,1,Norte
1713601,171360,Monte do Carmo,17006,Porto Nacional,1702,Oriental do Tocantins,17,TO,Tocantins,1,Norte
1713700,171370,Monte Santo do Tocantins,17003,Miracema do Tocantins,1701,Ocidental do Tocantins,17,TO,Tocantins,1,Norte
1713809,171380,Palmeiras do Tocantins,17001,Bico do Papagaio,1701,Ocidental do Tocantins,17,TO,Tocantins,1,Norte
1713957,171395,Muricilândia,17002,Araguaína,1701,Ocidental do Tocantins,17,TO,Tocantins,1,Norte
1714203,171420,Natividade,17008,Dianópolis,1702,Oriental do Tocantins,17,TO,Tocantins,1,Norte
1714302,171430,Nazaré,17001,Bico do Papagaio,1701,Ocidental do Tocantins,17,TO,Tocantins,1,Norte
1714880,171488,Nova Olinda,17002,Araguaína,1701,Ocidental do Tocantins,17,TO,Tocantins,1,Norte
1715002,171500,Nova Rosalândia,17004,Rio Formoso,1701,Ocidental do Tocantins,17,TO,Tocantins,1,Norte
1715101,171510,Novo Acordo,17007,Jalapão,1702,Oriental do Tocantins,17,TO,Tocantins,1,Norte
1715150,171515,Novo Alegre,17008,Dianópolis,1702,Oriental do Tocantins,17,TO,Tocantins,1,Norte
1715259,171525,Novo Jardim,17008,Dianópolis,1702,Oriental do Tocantins,17,TO,Tocantins,1,Norte
1715507,171550,Oliveira de Fátima,17004,Rio Formoso,1701,Ocidental do Tocantins,17,TO,Tocantins,1,Norte
1715705,171570,Palmeirante,17002,Araguaína,1701,Ocidental do Tocantins,17,TO,Tocantins,1,Norte
1715754,171575,Palmeirópolis,17005,Gurupi,1701,Ocidental do Tocantins,17,TO,Tocantins,1,Norte
1716109,171610,Paraíso do Tocantins,17004,Rio Formoso,1701,Ocidental do Tocantins,17,TO,Tocantins,1,Norte
1716208,171620,Paranã,17008,Dianópolis,1702,Oriental do Tocantins,17,TO,Tocantins,1,Norte
1716307,171630,Pau D'Arco,17002,Araguaína,1701,Ocidental do Tocantins,17,TO,Tocantins,1,Norte
1716505,171650,Pedro Afonso,17006,Porto Nacional,1702,Oriental do Tocantins,17,TO,Tocantins,1,Norte
1716604,171660,Peixe,17005,Gurupi,1701,Ocidental do Tocantins,17,TO,Tocantins,1,Norte
1716653,171665,Pequizeiro,17003,Miracema do Tocantins,1701,Ocidental do Tocantins,17,TO,Tocantins,1,Norte
1716703,171670,Colméia,17003,Miracema do Tocantins,1701,Ocidental do Tocantins,17,TO,Tocantins,1,Norte
1717008,171700,Pindorama do Tocantins,17008,Dianópolis,1702,Oriental do Tocantins,17,TO,Tocantins,1,Norte
1717206,171720,Piraquê,17002,Araguaína,1701,Ocidental do Tocantins,17,TO,Tocantins,1,Norte
1717503,171750,Pium,17004,Rio Formoso,1701,Ocidental do Tocantins,17,TO,Tocantins,1,Norte
1717800,171780,Ponte Alta do Bom Jesus,17008,Dianópolis,1702,Oriental do Tocantins,17,TO,Tocantins,1,Norte
1717909,171790,Ponte Alta do Tocantins,17007,Jalapão,1702,Oriental do Tocantins,17,TO,Tocantins,1,Norte
1718006,171800,Porto Alegre do Tocantins,17008,Dianópolis,1702,Oriental do Tocantins,17,TO,Tocantins,1,Norte
1718204,171820,Porto Nacional,17006,Porto Nacional,1702,Oriental do Tocantins,17,TO,Tocantins,1,Norte
1718303,171830,Praia Norte,17001,Bico do Papagaio,1701,Ocidental do Tocantins,17,TO,Tocantins,1,Norte
1718402,171840,Presidente Kennedy,17003,Miracema do Tocantins,1701,Ocidental do Tocantins,17,TO,Tocantins,1,Norte
1718451,171845,Pugmil,17004,Rio Formoso,1701,Ocidental do Tocantins,17,TO,Tocantins,1,Norte
1718501,171850,Recursolândia,17007,Jalapão,1702,Oriental do Tocantins,17,TO,Tocantins,1,Norte
1718550,171855,Riachinho,17001,Bico do Papagaio,1701,Ocidental do Tocantins,17,TO,Tocantins,1,Norte
1718659,171865,Rio da Conceição,17008,Dianópolis,1702,Oriental do Tocantins,17,TO,Tocantins,1,Norte
1718709,171870,Rio dos Bois,17003,Miracema do Tocantins,1701,Ocidental do Tocantins,17,TO,Tocantins,1,Norte
1718758,171875,Rio Sono,17007,Jalapão,1702,Oriental do Tocantins,17,TO,Tocantins,1,Norte
1718808,171880,Sampaio,17001,Bico do Papagaio,1701,Ocidental do Tocantins,17,TO,Tocantins,1,Norte
1718840,171884,Sandolândia,17004,Rio Formoso,1701,Ocidental do Tocantins,17,TO,Tocantins,1,Norte
1718865,171886,Santa Fé do Araguaia,17002,Araguaína,1701,Ocidental do Tocantins,17,TO,Tocantins,1,Norte
1718881,171888,Santa Maria do Tocantins,17006,Porto Nacional,1702,Oriental do Tocantins,17,TO,Tocantins,1,Norte
1718899,171889,Santa Rita do Tocantins,17005,Gurupi,1701,Ocidental do Tocantins,17,TO,Tocantins,1,Norte
1718907,171890,Santa Rosa do Tocantins,17008,Dianópolis,1702,Oriental do Tocantins,17,TO,Tocantins,1,Norte
1719004,171900,Santa Tereza do Tocantins,17007,Jalapão,1702,Oriental do Tocantins,17,TO,Tocantins,1,Norte
1720002,172000,Santa Terezinha do Tocantins,17001,Bico do Papagaio,1701,Ocidental do Tocantins,17,TO,Tocantins,1,Norte
1720101,172010,São Bento do Tocantins,17001,Bico do Papagaio,1701,Ocidental do Tocantins,17,TO,Tocantins,1,Norte
1720150,172015,São Félix do Tocantins,17007,Jalapão,1702,Oriental do Tocantins,17,TO,Tocantins,1,Norte
1720200,172020,São Miguel do Tocantins,17001,Bico do Papagaio,1701,Ocidental do Tocantins,17,TO,Tocantins,1,Norte
1720259,172025,São Salvador do Tocantins,17005,Gurupi,1701,Ocidental do Tocantins,17,TO,Tocantins,1,Norte
1720309,172030,São Sebastião do Tocantins,17001,Bico do Papagaio,1701,Ocidental do Tocantins,17,TO,Tocantins,1,Norte
1720499,172049,São Valério,17008,Dianópolis,1702,Oriental do Tocantins,17,TO,Tocantins,1,Norte
1720655,172065,Silvanópolis,17006,Porto Nacional,1702,Oriental do Tocantins,17,TO,Tocantins,1,Norte
1720804,172080,Sítio Novo do Tocantins,17001,Bico do Papagaio,1701,Ocidental do Tocantins,17,TO,Tocantins,1,Norte
1720853,172085,Sucupira,17005,Gurupi,1701,Ocidental do Tocantins,17,TO,Tocantins,1,Norte
1720903,172090,Taguatinga,17008,Dianópolis,1702,Oriental do Tocantins,17,TO,Tocantins,1,Norte
1720937,172093,Taipas do Tocantins,17008,Dianópolis,1702,Oriental do Tocantins,17,TO,Tocantins,1,Norte
1720978,172097,Talismã,17005,Gurupi,1701,Ocidental do Tocantins,17,TO,Tocantins,1,Norte
1721000,172100,Palmas,17006,Porto Nacional,1702,Oriental do Tocantins,17,TO,Tocantins,1,Norte
1721109,172110,Tocantínia,17006,Porto Nacional,1702,Oriental do Tocantins,17,TO,Tocantins,1,Norte
1721208,172120,Tocantinópolis,17001,Bico do Papagaio,1701,Ocidental do Tocantins,17,TO,Tocantins,1,Norte
1721257,172125,Tupirama,17003,Miracema do Tocantins,1701,Ocidental do Tocantins,17,TO,Tocantins,1,Norte
1721307,172130,Tupiratins,17003,Miracema do Tocantins,1701,Ocidental do Tocantins,17,TO,Tocantins,1,Norte
1722081,172208,Wanderlândia,17002,Araguaína,1701,Ocidental do Tocantins,17,TO,Tocantins,1,Norte
1722107,172210,Xambioá,17002,Araguaína,1701,Ocidental do Tocantins,17,TO,Tocantins,1,Norte
2100055,210005,Açailândia,21009,Imperatriz,2102,Oeste Maranhense,21,MA,Maranhão,2,Nordeste
2100105,210010,Afonso Cunha,21016,Coelho Neto,2104,Leste Maranhense,21,MA,Maranhão,2,Nordeste
2100154,210015,Água Doce do Maranhão,21013,Baixo Parnaíba Maranhense,2104,Leste Maranhense,21,MA,Maranhão,2,Nordeste
2100204,210020,Alcântara,21001,Litoral Ocidental Maranhense,2101,Norte Maranhense,21,MA,Maranhão,2,Nordeste
2100303,210030,Aldeias Altas,21016,Coelho Neto,2104,Leste Maranhense,21,MA,Maranhão,2,Nordeste
2100402,210040,Altamira do Maranhão,21008,Pindaré,2102,Oeste Maranhense,21,MA,Maranhão,2,Nordeste
2100436,210043,Alto Alegre do Maranhão,21015,Codó,2104,Leste Maranhense,21,MA,Maranhão,2,Nordeste
2100477,210047,Alto Alegre do Pindaré,21008,Pindaré,2102,Oeste Maranhense,21,MA,Maranhão,2,Nordeste
2100501,210050,Alto Parnaíba,21020,Gerais de Balsas,2105,Sul Maranhense,21,MA,Maranhão,2,Nordeste
2100550,210055,Amapá do Maranhão,21007,Gurupi,2102,Oeste Maranhense,21,MA,Maranhão,2,Nordeste
2100600,210060,Amarante do Maranhão,21009,Imperatriz,2102,Oeste Maranhense,21,MA,Maranhão,2,Nordeste
2100709,210070,Anajatuba,21005,Baixada Maranhense,2101,Norte Maranhense,21,MA,Maranhão,2,Nordeste
2100808,210080,Anapurus,21014,Chapadinha,2104,Leste Maranhense,21,MA,Maranhão,2,Nordeste
2100832,210083,Apicum-Açu,21001,Litoral Ocidental Maranhense,2101,Norte Maranhense,21,MA,Maranhão,2,Nordeste
2100873,210087,Araguanã,21008,Pindaré,2102,Oeste Maranhense,21,MA,Maranhão,2,Nordeste
2100907,210090,Araioses,21013,Baixo Parnaíba Maranhense,2104,Leste Maranhense,21,MA,Maranhão,2,Nordeste
2100956,210095,Arame,21011,Alto Mearim e Grajaú,2103,Centro Maranhense,21,MA,Maranhão,2,Nordeste
2101004,210100,Arari,21005,Baixada Maranhense,2101,Norte Maranhense,21,MA,Maranhão,2,Nordeste
2101103,210110,Axixá,21003,Rosário,2101,Norte Maranhense,21,MA,Maranhão,2,Nordeste
2101202,210120,Bacabal,21010,Médio Mearim,2103,Centro Maranhense,21,MA,Maranhão,2,Nordeste
2101251,210125,Bacabeira,21003,Rosário,2101,Norte Maranhense,21,MA,Maranhão,2,Nordeste
2101301,210130,Bacuri,21001,Litoral Ocidental Maranhense,2101,Norte Maranhense,21,MA,Maranhão,2,Nordeste
2101350,210135,Bacurituba,21001,Litoral Ocidental Maranhense,2101,Norte Maranhense,21,MA,Maranhão,2,Nordeste
2101400,210140,Balsas,21020,Gerais de Balsas,2105,Sul Maranhense,21,MA,Maranhão,2,Nordeste
2101509,210150,Barão de Grajaú,21018,Chapadas do Alto Itapecuru,2104,Leste Maranhense,21,MA,Maranhão,2,Nordeste
2101608,210160,Barra do Corda,21011,Alto Mearim e Grajaú,2103,Centro Maranhense,21,MA,Maranhão,2,Nordeste
2101707,210170,Barreirinhas,21004,Lençóis Maranhenses,2101,Norte Maranhense,21,MA,Maranhão,2,Nordeste
2101731,210173,Belágua,21014,Chapadinha,2104,Leste Maranhense,21,MA,Maranhão,2,Nordeste
2101772,210177,Bela Vista do Maranhão,21005,Baixada Maranhense,2101,Norte Maranhense,21,MA,Maranhão,2,Nordeste
2101806,210180,Benedito Leite,21021,Chapadas das Mangabeiras,2105,Sul Maranhense,21,MA,Maranhão,2,Nordeste
2101905,210190,Bequimão,21001,Litoral Ocidental Maranhense,2101,Norte Maranhense,21,MA,Maranhão,2,Nordeste
2101939,210193,Bernardo do Mearim,21010,Médio Mearim,2103,Centro Maranhense,21,MA,Maranhão,2,Nordeste
2101970,210197,Boa Vista do Gurupi,21007,Gurupi,2102,Oeste Maranhense,21,MA,Maranhão,2,Nordeste
2102002,210200,Bom Jardim,21008,Pindaré,2102,Oeste Maranhense,21,MA,Maranhão,2,Nordeste
2102036,210203,Bom Jesus das Selvas,21008,Pindaré,2102,Oeste Maranhense,21,MA,Maranhão,2,Nordeste
2102077,210207,Bom Lugar,21010,Médio Mearim,2103,Centro Maranhense,21,MA,Maranhão,2,Nordeste
2102101,210210,Brejo,21014,Chapadinha,2104,Leste Maranhense,21,MA,Maranhão,2,Nordeste
2102150,210215,Brejo de Areia,21008,Pindaré,2102,Oeste Maranhense,21,MA,Maranhão,2,Nordeste
2102200,210220,Buriti,21014,Chapadinha,2104,Leste Maranhense,21,MA,Maranhão,2,Nordeste
2102309,210230,Buriti Bravo,21017,Caxias,2104,Leste Maranhense,21,MA,Maranhão,2,Nordeste
2102325,210232,Buriticupu,21008,Pindaré,2102,Oeste Maranhense,21,MA,Maranhão,2,Nordeste
2102358,210235,Buritirana,21009,Imperatriz,2102,Oeste Maranhense,21,MA,Maranhão,2,Nordeste
2102374,210237,Cachoeira Grande,21003,Rosário,2101,Norte Maranhense,21,MA,Maranhão,2,Nordeste
2102408,210240,Cajapió,21001,Litoral Ocidental Maranhense,2101,Norte Maranhense,21,MA,Maranhão,2,Nordeste
2102507,210250,Cajari,21005,Baixada Maranhense,2101,Norte Maranhense,21,MA,Maranhão,2,Nordeste
2102556,210255,Campestre do Maranhão,21019,Porto Franco,2105,Sul Maranhense,21,MA,Maranhão,2,Nordeste
2102606,210260,Cândido Mendes,21007,Gurupi,2102,Oeste Maranhense,21,MA,Maranhão,2,Nordeste
2102705,210270,Cantanhede,21006,Itapecuru Mirim,2101,Norte Maranhense,21,MA,Maranhão,2,Nordeste
2102754,210275,Capinzal do Norte,21015,Codó,2104,Leste Maranhense,21,MA,Maranhão,2,Nordeste
2102804,210280,Carolina,21019,Porto Franco,2105,Sul Maranhense,21,MA,Maranhão,2,Nordeste
2102903,210290,Carutapera,21007,Gurupi,2102,Oeste Maranhense,21,MA,Maranhão,2,Nordeste
2103000,210300,Caxias,21017,Caxias,2104,Leste Maranhense,21,MA,Maranhão,2,Nordeste
2103109,210310,Cedral,21001,Litoral Ocidental Maranhense,2101,Norte Maranhense,21,MA,Maranhão,2,Nordeste
2103125,210312,Central do Maranhão,21001,Litoral Ocidental Maranhense,2101,Norte Maranhense,21,MA,Maranhão,2,Nordeste
2103158,210315,Centro do Guilherme,21007,Gurupi,2102,Oeste Maranhense,21,MA,Maranhão,2,Nordeste
2103174,210317,Centro Novo do Maranhão,21007,Gurupi,2102,Oeste Maranhense,21,MA,Maranhão,2,Nordeste
2103208,210320,Chapadinha,21014,Chapadinha,2104,Leste Maranhense,21,MA,Maranhão,2,Nordeste
2103257,210325,Cidelândia,21009,Imperatriz,2102,Oeste Maranhense,21,MA,Maranhão,2,Nordeste
2103307,210330,Codó,21015,Codó,2104,Leste Maranhense,21,MA,Maranhão,2,Nordeste
2103406,210340,Coelho Neto,21016,Coelho Neto,2104,Leste Maranhense,21,MA,Maranhão,2,Nordeste
2103505,210350,Colinas,21018,Chapadas do Alto Itapecuru,2104,Leste Maranhense,21,MA,Maranhão,2,Nordeste
2103554,210355,Conceição do Lago-Açu,21005,Baixada Maranhense,2101,Norte Maranhense,21,MA,Maranhão,2,Nordeste
2103604,210360,Coroatá,21015,Codó,2104,Leste Maranhense,21,MA,Maranhão,2,Nordeste
2103703,210370,Cururupu,21001,Litoral Ocidental Maranhense,2101,Norte Maranhense,21,MA,Maranhão,2,Nordeste
2103752,210375,Davinópolis,21009,Imperatriz,2102,Oeste Maranhense,21,MA,Maranhão,2,Nordeste
2103802,210380,Dom Pedro,21012,Presidente Dutra,2103,Centro Maranhense,21,MA,Maranhão,2,Nordeste
2103901,210390,Duque Bacelar,21016,Coelho Neto,2104,Leste Maranhense,21,MA,Maranhão,2,Nordeste
2104008,210400,Esperantinópolis,21010,Médio Mearim,2103,Centro Maranhense,21,MA,Maranhão,2,Nordeste
2104057,210405,Estreito,21019,Porto Franco,2105,Sul Maranhense,21,MA,Maranhão,2,Nordeste
2104073,210407,Feira Nova do Maranhão,21020,Gerais de Balsas,2105,Sul Maranhense,21,MA,Maranhão,2,Nordeste
2104081,210408,Fernando Falcão,21011,Alto Mearim e Grajaú,2103,Centro Maranhense,21,MA,Maranhão,2,Nordeste
2104099,210409,Formosa da Serra Negra,21011,Alto Mearim e Grajaú,2103,Centro Maranhense,21,MA,Maranhão,2,Nordeste
2104107,210410,Fortaleza dos Nogueiras,21021,Chapadas das Mangabeiras,2105,Sul Maranhense,21,MA,Maranhão,2,Nordeste
2104206,210420,Fortuna,21012,Presidente Dutra,2103,Centro Maranhense,21,MA,Maranhão,2,Nordeste
2104305,210430,Godofredo Viana,21007,Gurupi,2102,Oeste Maranhense,21,MA,Maranhão,2,Nordeste
2104404,210440,Gonçalves Dias,21012,Presidente Dutra,2103,Centro Maranhense,21,MA,Maranhão,2,Nordeste
2104503,210450,Governador Archer,21012,Presidente Dutra,2103,Centro Maranhense,21,MA,Maranhão,2,Nordeste
2104552,210455,Governador Edison Lobão,21009,Imperatriz,2102,Oeste Maranhense,21,MA,Maranhão,2,Nordeste
2104602,210460,Governador Eugênio Barros,21012,Presidente Dutra,2103,Centro Maranhense,21,MA,Maranhão,2,Nordeste
2104628,210462,Governador Luiz Rocha,21012,Presidente Dutra,2103,Centro Maranhense,21,MA,Maranhão,2,Nordeste
2104651,210465,Governador Newton Bello,21008,Pindaré,2102,Oeste Maranhense,21,MA,Maranhão,2,Nordeste
2104677,210467,Governador Nunes Freire,21007,Gurupi,2102,Oeste Maranhense,21,MA,Maranhão,2,Nordeste
2104701,210470,Graça Aranha,21012,Presidente Dutra,2103,Centro Maranhense,21,MA,Maranhão,2,Nordeste
2104800,210480,Grajaú,21011,Alto Mearim e Grajaú,2103,Centro Maranhense,21,MA,Maranhão,2,Nordeste
2104909,210490,Guimarães,21001,Litoral Ocidental Maranhense,2101,Norte Maranhense,21,MA,Maranhão,2,Nordeste
2105005,210500,Humberto de Campos,21004,Lençóis Maranhenses,2101,Norte Maranhense,21,MA,Maranhão,2,Nordeste
2105104,210510,Icatu,21003,Rosário,2101,Norte Maranhense,21,MA,Maranhão,2,Nordeste
2105153,210515,Igarapé do Meio,21005,Baixada Maranhense,2101,Norte Maranhense,21,MA,Maranhão,2,Nordeste
2105203,210520,Igarapé Grande,21010,Médio Mearim,2103,Centro Maranhense,21,MA,Maranhão,2,Nordeste
2105302,210530,Imperatriz,21009,Imperatriz,2102,Oeste Maranhense,21,MA,Maranhão,2,Nordeste
2105351,210535,Itaipava do Grajaú,21011,Alto Mearim e Grajaú,2103,Centro Maranhense,21,MA,Maranhão,2,Nordeste
2105401,210540,Itapecuru Mirim,21006,Itapecuru Mirim,2101,Norte Maranhense,21,MA,Maranhão,2,Nordeste
2105427,210542,Itinga do Maranhão,21009,Imperatriz,2102,Oeste Maranhense,21,MA,Maranhão,2,Nordeste
2105450,210545,Jatobá,21018,Chapadas do Alto Itapecuru,2104,Leste Maranhense,21,MA,Maranhão,2,Nordeste
2105476,210547,Jenipapo dos Vieiras,21011,Alto Mearim e Grajaú,2103,Centro Maranhense,21,MA,Maranhão,2,Nordeste
2105500,210550,João Lisboa,21009,Imperatriz,2102,Oeste Maranhense,21,MA,Maranhão,2,Nordeste
2105609,210560,Joselândia,21011,Alto Mearim e Grajaú,2103,Centro Maranhense,21,MA,Maranhão,2,Nordeste
2105658,210565,Junco do Maranhão,21007,Gurupi,2102,Oeste Maranhense,21,MA,Maranhão,2,Nordeste
2105708,210570,Lago da Pedra,21008,Pindaré,2102,Oeste Maranhense,21,MA,Maranhão,2,Nordeste
2105807,210580,Lago do Junco,21010,Médio Mearim,2103,Centro Maranhense,21,MA,Maranhão,2,Nordeste
2105906,210590,Lago Verde,21010,Médio Mearim,2103,Centro Maranhense,21,MA,Maranhão,2,Nordeste
2105922,210592,Lagoa do Mato,21018,Chapadas do Alto Itapecuru,2104,Leste Maranhense,21,MA,Maranhão,2,Nordeste
2105948,210594,Lago dos Rodrigues,21010,Médio Mearim,2103,Centro Maranhense,21,MA,Maranhão,2,Nordeste
2105963,210596,Lagoa Grande do Maranhão,21008,Pindaré,2102,Oeste Maranhense,21,MA,Maranhão,2,Nordeste
2105989,210598,Lajeado Novo,21009,Imperatriz,2102,Oeste Maranhense,21,MA,Maranhão,2,Nordeste
2106003,210600,Lima Campos,21010,Médio Mearim,2103,Centro Maranhense,21,MA,Maranhão,2,Nordeste
2106102,210610,Loreto,21021,Chapadas das Mangabeiras,2105,Sul Maranhense,21,MA,Maranhão,2,Nordeste
2106201,210620,Luís Domingues,21007,Gurupi,2102,Oeste Maranhense,21,MA,Maranhão,2,Nordeste
2106300,210630,Magalhães de Almeida,21013,Baixo Parnaíba Maranhense,2104,Leste Maranhense,21,MA,Maranhão,2,Nordeste
2106326,210632,Maracaçumé,21007,Gurupi,2102,Oeste Maranhense,21,MA,Maranhão,2,Nordeste
2106359,210635,Marajá do Sena,21008,Pindaré,2102,Oeste Maranhense,21,MA,Maranhão,2,Nordeste
2106375,210637,Maranhãozinho,21007,Gurupi,2102,Oeste Maranhense,21,MA,Maranhão,2,Nordeste
2106409,210640,Mata Roma,21014,Chapadinha,2104,Leste Maranhense,21,MA,Maranhão,2,Nordeste
2106508,210650,Matinha,21005,Baixada Maranhense,2101,Norte Maranhense,21,MA,Maranhão,2,Nordeste
2106607,210660,Matões,21017,Caxias,2104,Leste Maranhense,21,MA,Maranhão,2,Nordeste
2106631,210663,Matões do Norte,21006,Itapecuru Mirim,2101,Norte Maranhense,21,MA,Maranhão,2,Nordeste
2106672,210667,Milagres do Maranhão,21014,Chapadinha,2104,Leste Maranhense,21,MA,Maranhão,2,Nordeste
2106706,210670,Mirador,21018,Chapadas do Alto Itapecuru,2104,Leste Maranhense,21,MA,Maranhão,2,Nordeste
2106755,210675,Miranda do Norte,21006,Itapecuru Mirim,2101,Norte Maranhense,21,MA,Maranhão,2,Nordeste
2106805,210680,Mirinzal,21001,Litoral Ocidental Maranhense,2101,Norte Maranhense,21,MA,Maranhão,2,Nordeste
2106904,210690,Monção,21005,Baixada Maranhense,2101,Norte Maranhense,21,MA,Maranhão,2,Nordeste
2107001,210700,Montes Altos,21009,Imperatriz,2102,Oeste Maranhense,21,MA,Maranhão,2,Nordeste
2107100,210710,Morros,21003,Rosário,2101,Norte Maranhense,21,MA,Maranhão,2,Nordeste
2107209,210720,Nina Rodrigues,21006,Itapecuru Mirim,2101,Norte Maranhense,21,MA,Maranhão,2,Nordeste
2107258,210725,Nova Colinas,21021,Chapadas das Mangabeiras,2105,Sul Maranhense,21,MA,Maranhão,2,Nordeste
2107308,210730,Nova Iorque,21018,Chapadas do Alto Itapecuru,2104,Leste Maranhense,21,MA,Maranhão,2,Nordeste
2107357,210735,Nova Olinda do Maranhão,21008,Pindaré,2102,Oeste Maranhense,21,MA,Maranhão,2,Nordeste
2107407,210740,Olho d'Água das Cunhãs,21010,Médio Mearim,2103,Centro Maranhense,21,MA,Maranhão,2,Nordeste
2107456,210745,Olinda Nova do Maranhão,21005,Baixada Maranhense,2101,Norte Maranhense,21,MA,Maranhão,2,Nordeste
2107506,210750,Paço do Lumiar,21002,Aglomeração Urbana de São Luís,2101,Norte Maranhense,21,MA,Maranhão,2,Nordeste
2107605,210760,Palmeirândia,21005,Baixada Maranhense,2101,Norte Maranhense,21,MA,Maranhão,2,Nordeste
2107704,210770,Paraibano,21018,Chapadas do Alto Itapecuru,2104,Leste Maranhense,21,MA,Maranhão,2,Nordeste
2107803,210780,Parnarama,21017,Caxias,2104,Leste Maranhense,21,MA,Maranhão,2,Nordeste
2107902,210790,Passagem Franca,21018,Chapadas do Alto Itapecuru,2104,Leste Maranhense,21,MA,Maranhão,2,Nordeste
2108009,210800,Pastos Bons,21018,Chapadas do Alto Itapecuru,2104,Leste Maranhense,21,MA,Maranhão,2,Nordeste
2108058,210805,Paulino Neves,21004,Lençóis Maranhenses,2101,Norte Maranhense,21,MA,Maranhão,2,Nordeste
2108108,210810,Paulo Ramos,21008,Pindaré,2102,Oeste Maranhense,21,MA,Maranhão,2,Nordeste
2108207,210820,Pedreiras,21010,Médio Mearim,2103,Centro Maranhense,21,MA,Maranhão,2,Nordeste
2108256,210825,Pedro do Rosário,21005,Baixada Maranhense,2101,Norte Maranhense,21,MA,Maranhão,2,Nordeste
2108306,210830,Penalva,21005,Baixada Maranhense,2101,Norte Maranhense,21,MA,Maranhão,2,Nordeste
2108405,210840,Peri Mirim,21005,Baixada Maranhense,2101,Norte Maranhense,21,MA,Maranhão,2,Nordeste
2108454,210845,Peritoró,21015,Codó,2104,Leste Maranhense,21,MA,Maranhão,2,Nordeste
2108504,210850,Pindaré-Mirim,21008,Pindaré,2102,Oeste Maranhense,21,MA,Maranhão,2,Nordeste
2108603,210860,Pinheiro,21005,Baixada Maranhense,2101,Norte Maranhense,21,MA,Maranhão,2,Nordeste
2108702,210870,Pio XII,21010,Médio Mearim,2103,Centro Maranhense,21,MA,Maranhão,2,Nordeste
2108801,210880,Pirapemas,21006,Itapecuru Mirim,2101,Norte Maranhense,21,MA,Maranhão,2,Nordeste
2108900,210890,Poção de Pedras,21010,Médio Mearim,2103,Centro Maranhense,21,MA,Maranhão,2,Nordeste
2109007,210900,Porto Franco,21019,Porto Franco,2105,Sul Maranhense,21,MA,Maranhão,2,Nordeste
2109056,210905,Porto Rico do Maranhão,21001,Litoral Ocidental Maranhense,2101,Norte Maranhense,21,MA,Maranhão,2,Nordeste
2109106,210910,Presidente Dutra,21012,Presidente Dutra,2103,Centro Maranhense,21,MA,Maranhão,2,Nordeste
2109205,210920,Presidente Juscelino,21003,Rosário,2101,Norte Maranhense,21,MA,Maranhão,2,Nordeste
2109239,210923,Presidente Médici,21008,Pindaré,2102,Oeste Maranhense,21,MA,Maranhão,2,Nordeste
2109270,210927,Presidente Sarney,21005,Baixada Maranhense,2101,Norte Maranhense,21,MA,Maranhão,2,Nordeste
2109304,210930,Presidente Vargas,21006,Itapecuru Mirim,2101,Norte Maranhense,21,MA,Maranhão,2,Nordeste
2109403,210940,Primeira Cruz,21004,Lençóis Maranhenses,2101,Norte Maranhense,21,MA,Maranhão,2,Nordeste
2109452,210945,Raposa,21002,Aglomeração Urbana de São Luís,2101,Norte Maranhense,21,MA,Maranhão,2,Nordeste
2109502,210950,Riachão,21020,Gerais de Balsas,2105,Sul Maranhense,21,MA,Maranhão,2,Nordeste
2109551,210955,Ribamar Fiquene,21009,Imperatriz,2102,Oeste Maranhense,21,MA,Maranhão,2,Nordeste
2109601,210960,Rosário,21003,Rosário,2101,Norte Maranhense,21,MA,Maranhão,2,Nordeste
2109700,210970,Sambaíba,21021,Chapadas das Mangabeiras,2105,Sul Maranhense,21,MA,Maranhão,2,Nordeste
2109759,210975,Santa Filomena do Maranhão,21011,Alto Mearim e Grajaú,2103,Centro Maranhense,21,MA,Maranhão,2,Nordeste
2109809,210980,Santa Helena,21005,Baixada Maranhense,2101,Norte Maranhense,21,MA,Maranhão,2,Nordeste
2109908,210990,Santa Inês,21008,Pindaré,2102,Oeste Maranhense,21,MA,Maranhão,2,Nordeste
2110005,211000,Santa Luzia,21008,Pindaré,2102,Oeste Maranhense,21,MA,Maranhão,2,Nordeste
2110039,211003,Santa Luzia do Paruá,21008,Pindaré,2102,Oeste Maranhense,21,MA,Maranhão,2,Nordeste
2110104,211010,Santa Quitéria do Maranhão,21013,Baixo Parnaíba Maranhense,2104,Leste Maranhense,21,MA,Maranhão,2,Nordeste
2110203,211020,Santa Rita,21003,Rosário,2101,Norte Maranhense,21,MA,Maranhão,2,Nordeste
2110237,211023,Santana do Maranhão,21013,Baixo Parnaíba Maranhense,2104,Leste Maranhense,21,MA,Maranhão,2,Nordeste
2110278,211027,Santo Amaro do Maranhão,21004,Lençóis Maranhenses,2101,Norte Maranhense,21,MA,Maranhão,2,Nordeste
2110302,211030,Santo Antônio dos Lopes,21010,Médio Mearim,2103,Centro Maranhense,21,MA,Maranhão,2,Nordeste
2110401,211040,São Benedito do Rio Preto,21014,Chapadinha,2104,Leste Maranhense,21,MA,Maranhão,2,Nordeste
2110500,211050,São Bento,21005,Baixada Maranhense,2101,Norte Maranhense,21,MA,Maranhão,2,Nordeste
2110609,211060,São Bernardo,21013,Baixo Parnaíba Maranhense,2104,Leste Maranhense,21,MA,Maranhão,2,Nordeste
2110658,211065,São Domingos do Azeitão,21021,Chapadas das Mangabeiras,2105,Sul Maranhense,21,MA,Maranhão,2,Nordeste
2110708,211070,São Domingos do Maranhão,21012,Presidente Dutra,2103,Centro Maranhense,21,MA,Maranhão,2,Nordeste
2110807,211080,São Félix de Balsas,21021,Chapadas das Mangabeiras,2105,Sul Maranhense,21,MA,Maranhão,2,Nordeste
2110856,211085,São Francisco do Brejão,21009,Imperatriz,2102,Oeste Maranhense,21,MA,Maranhão,2,Nordeste
2110906,211090,São Francisco do Maranhão,21018,Chapadas do Alto Itapecuru,2104,Leste Maranhense,21,MA,Maranhão,2,Nordeste
2111003,211100,São João Batista,21005,Baixada Maranhense,2101,Norte Maranhense,21,MA,Maranhão,2,Nordeste
2111029,211102,São João do Carú,21008,Pindaré,2102,Oeste Maranhense,21,MA,Maranhão,2,Nordeste
2111052,211105,São João do Paraíso,21019,Porto Franco,2105,Sul Maranhense,21,MA,Maranhão,2,Nordeste
2111078,211107,São João do Soter,21017,Caxias,2104,Leste Maranhense,21,MA,Maranhão,2,Nordeste
2111102,211110,São João dos Patos,21018,Chapadas do Alto Itapecuru,2104,Leste Maranhense,21,MA,Maranhão,2,Nordeste
2111201,211120,São José de Ribamar,21002,Aglomeração Urbana de São Luís,2101,Norte Maranhense,21,MA,Maranhão,2,Nordeste
2111250,211125,São José dos Basílios,21012,Presidente Dutra,2103,Centro Maranhense,21,MA,Maranhão,2,Nordeste
2111300,211130,São Luís,21002,Aglomeração Urbana de São Luís,2101,Norte Maranhense,21,MA,Maranhão,2,Nordeste
2111409,211140,São Luís Gonzaga do Maranhão,21010,Médio Mearim,2103,Centro Maranhense,21,MA,Maranhão,2,Nordeste
2111508,211150,São Mateus do Maranhão,21010,Médio Mearim,2103,Centro Maranhense,21,MA,Maranhão,2,Nordeste
2111532,211153,São Pedro da Água Branca,21009,Imperatriz,2102,Oeste Maranhense,21,MA,Maranhão,2,Nordeste
2111573,211157,São Pedro dos Crentes,21019,Porto Franco,2105,Sul Maranhense,21,MA,Maranhão,2,Nordeste
2111607,211160,São Raimundo das Mangabeiras,21021,Chapadas das Mangabeiras,2105,Sul Maranhense,21,MA,Maranhão,2,Nordeste
2111631,211163,São Raimundo do Doca Bezerra,21010,Médio Mearim,2103,Centro Maranhense,21,MA,Maranhão,2,Nordeste
2111672,211167,São Roberto,21010,Médio Mearim,2103,Centro Maranhense,21,MA,Maranhão,2,Nordeste
2111706,211170,São Vicente Ferrer,21005,Baixada Maranhense,2101,Norte Maranhense,21,MA,Maranhão,2,Nordeste
2111722,211172,Satubinha,21010,Médio Mearim,2103,Centro Maranhense,21,MA,Maranhão,2,Nordeste
2111748,211174,Senador Alexandre Costa,21012,Presidente Dutra,2103,Centro Maranhense,21,MA,Maranhão,2,Nordeste
2111763,211176,Senador La Rocque,21009,Imperatriz,2102,Oeste Maranhense,21,MA,Maranhão,2,Nordeste
2111789,211178,Serrano do Maranhão,21001,Litoral Ocidental Maranhense,2101,Norte Maranhense,21,MA,Maranhão,2,Nordeste
2111805,211180,Sítio Novo,21011,Alto Mearim e Grajaú,2103,Centro Maranhense,21,MA,Maranhão,2,Nordeste
2111904,211190,Sucupira do Norte,21018,Chapadas do Alto Itapecuru,2104,Leste Maranhense,21,MA,Maranhão,2,Nordeste
2111953,211195,Sucupira do Riachão,21018,Chapadas do Alto Itapecuru,2104,Leste Maranhense,21,MA,Maranhão,2,Nordeste
2112001,211200,Tasso Fragoso,21020,Gerais de Balsas,2105,Sul Maranhense,21,MA,Maranhão,2,Nordeste
2112100,211210,Timbiras,21015,Codó,2104,Leste Maranhense,21,MA,Maranhão,2,Nordeste
2112209,211220,Timon,21017,Caxias,2104,Leste Maranhense,21,MA,Maranhão,2,Nordeste
2112233,211223,Trizidela do Vale,21010,Médio Mearim,2103,Centro Maranhense,21,MA,Maranhão,2,Nordeste
2112274,211227,Tufilândia,21008,Pindaré,2102,Oeste Maranhense,21,MA,Maranhão,2,Nordeste
2112308,211230,Tuntum,21011,Alto Mearim e Grajaú,2103,Centro Maranhense,21,MA,Maranhão,2,Nordeste
2112407,211240,Turiaçu,21007,Gurupi,2102,Oeste Maranhense,21,MA,Maranhão,2,Nordeste
2112456,211245,Turilândia,21007,Gurupi,2102,Oeste Maranhense,21,MA,Maranhão,2,Nordeste
2112506,211250,Tutóia,21004,Lençóis Maranhenses,2101,Norte Maranhense,21,MA,Maranhão,2,Nordeste
2112605,211260,Urbano Santos,21014,Chapadinha,2104,Leste Maranhense,21,MA,Maranhão,2,Nordeste
2112704,211270,Vargem Grande,21006,Itapecuru Mirim,2101,Norte Maranhense,21,MA,Maranhão,2,Nordeste
2112803,211280,Viana,21005,Baixada Maranhense,2101,Norte Maranhense,21,MA,Maranhão,2,Nordeste
2112852,211285,Vila Nova dos Martírios,21009,Imperatriz,2102,Oeste Maranhense,21,MA,Maranhão,2,Nordeste
2112902,211290,Vitória do Mearim,21005,Baixada Maranhense,2101,Norte Maranhense,21,MA,Maranhão,2,Nordeste
2113009,211300,Vitorino Freire,21008,Pindaré,2102,Oeste Maranhense,21,MA,Maranhão,2,Nordeste
2114007,211400,Zé Doca,21008,Pindaré,2102,Oeste Maranhense,21,MA,Maranhão,2,Nordeste
2200053,220005,Acauã,22015,Alto Médio Canindé,2204,Sudeste Piauiense,22,PI,Piauí,2,Nordeste
2200103,220010,Agricolândia,22005,Médio Parnaíba Piauiense,2202,Centro-Norte Piauiense,22,PI,Piauí,2,Nordeste
2200202,220020,Água Branca,22005,Médio Parnaíba Piauiense,2202,Centro-Norte Piauiense,22,PI,Piauí,2,Nordeste
2200251,220025,Alagoinha do Piauí,22014,Pio IX,2204,Sudeste Piauiense,22,PI,Piauí,2,Nordeste
2200277,220027,Alegrete do Piauí,22014,Pio IX,2204,Sudeste Piauiense,22,PI,Piauí,2,Nordeste
2200301,220030,Alto Longá,22004,Campo Maior,2202,Centro-Norte Piauiense,22,PI,Piauí,2,Nordeste
2200400,220040,Altos,22003,Teresina,2202,Centro-Norte Piauiense,22,PI,Piauí,2,Nordeste
2200459,220045,Alvorada do Gurguéia,22010,Alto Médio Gurguéia,2203,Sudoeste Piauiense,22,PI,Piauí,2,Nordeste
2200509,220050,Amarante,22005,Médio Parnaíba Piauiense,2202,Centro-Norte Piauiense,22,PI,Piauí,2,Nordeste
2200608,220060,Angical do Piauí,22005,Médio Parnaíba Piauiense,2202,Centro-Norte Piauiense,22,PI,Piauí,2,Nordeste
2200707,220070,Anísio de Abreu,22011,São Raimundo Nonato,2203,Sudoeste Piauiense,22,PI,Piauí,2,Nordeste
2200806,220080,Antônio Almeida,22008,Bertolínia,2203,Sudoeste Piauiense,22,PI,Piauí,2,Nordeste
2200905,220090,Aroazes,22006,Valença do Piauí,2202,Centro-Norte Piauiense,22,PI,Piauí,2,Nordeste
2200954,220095,Aroeiras do Itaim,22013,Picos,2204,Sudeste Piauiense,22,PI,Piauí,2,Nordeste
2201002,220100,Arraial,22005,Médio Parnaíba Piauiense,2202,Centro-Norte Piauiense,22,PI,Piauí,2,Nordeste
2201051,220105,Assunção do Piauí,22004,Campo Maior,2202,Centro-Norte Piauiense,22,PI,Piauí,2,Nordeste
2201101,220110,Avelino Lopes,22012,Chapadas do Extremo Sul Piauiense,2203,Sudoeste Piauiense,22,PI,Piauí,2,Nordeste
2201150,220115,Baixa Grande do Ribeiro,22007,Alto Parnaíba Piauiense,2203,Sudoeste Piauiense,22,PI,Piauí,2,Nordeste
2201176,220117,Barra D'Alcântara,22006,Valença do Piauí,2202,Centro-Norte Piauiense,22,PI,Piauí,2,Nordeste
2201200,220120,Barras,22001,Baixo Parnaíba Piauiense,2201,Norte Piauiense,22,PI,Piauí,2,Nordeste
2201309,220130,Barreiras do Piauí,22010,Alto Médio Gurguéia,2203,Sudoeste Piauiense,22,PI,Piauí,2,Nordeste
2201408,220140,Barro Duro,22005,Médio Parnaíba Piauiense,2202,Centro-Norte Piauiense,22,PI,Piauí,2,Nordeste
2201507,220150,Batalha,22001,Baixo Parnaíba Piauiense,2201,Norte Piauiense,22,PI,Piauí,2,Nordeste
2201556,220155,Bela Vista do Piauí,22015,Alto Médio Canindé,2204,Sudeste Piauiense,22,PI,Piauí,2,Nordeste
2201572,220157,Belém do Piauí,22015,Alto Médio Canindé,2204,Sudeste Piauiense,22,PI,Piauí,2,Nordeste
2201606,220160,Beneditinos,22003,Teresina,2202,Centro-Norte Piauiense,22,PI,Piauí,2,Nordeste
2201705,220170,Bertolínia,22008,Bertolínia,2203,Sudoeste Piauiense,22,PI,Piauí,2,Nordeste
2201739,220173,Betânia do Piauí,22015,Alto Médio Canindé,2204,Sudeste Piauiense,22,PI,Piauí,2,Nordeste
2201770,220177,Boa Hora,22001,Baixo Parnaíba Piauiense,2201,Norte Piauiense,22,PI,Piauí,2,Nordeste
2201804,220180,Bocaina,22013,Picos,2204,Sudeste Piauiense,22,PI,Piauí,2,Nordeste
2201903,220190,Bom Jesus,22010,Alto Médio Gurguéia,2203,Sudoeste Piauiense,22,PI,Piauí,2,Nordeste
2201919,220191,Bom Princípio do Piauí,22002,Litoral Piauiense,2201,Norte Piauiense,22,PI,Piauí,2,Nordeste
2201929,220192,Bonfim do Piauí,22011,São Raimundo Nonato,2203,Sudoeste Piauiense,22,PI,Piauí,2,Nordeste
2201945,220194,Boqueirão do Piauí,22004,Campo Maior,2202,Centro-Norte Piauiense,22,PI,Piauí,2,Nordeste
2201960,220196,Brasileira,22001,Baixo Parnaíba Piauiense,2201,Norte Piauiense,22,PI,Piauí,2,Nordeste
2201988,220198,Brejo do Piauí,22011,São Raimundo Nonato,2203,Sudoeste Piauiense,22,PI,Piauí,2,Nordeste
2202000,220200,Buriti dos Lopes,22002,Litoral Piauiense,2201,Norte Piauiense,22,PI,Piauí,2,Nordeste
2202026,220202,Buriti dos Montes,22004,Campo Maior,2202,Centro-Norte Piauiense,22,PI,Piauí,2,Nordeste
2202059,220205,Cabeceiras do Piauí,22001,Baixo Parnaíba Piauiense,2201,Norte Piauiense,22,PI,Piauí,2,Nordeste
2202075,220207,Cajazeiras do Piauí,22013,Picos,2204,Sudeste Piauiense,22,PI,Piauí,2,Nordeste
2202083,220208,Cajueiro da Praia,22002,Litoral Piauiense,2201,Norte Piauiense,22,PI,Piauí,2,Nordeste
2202091,220209,Caldeirão Grande do Piauí,22015,Alto Médio Canindé,2204,Sudeste Piauiense,22,PI,Piauí,2,Nordeste
2202109,220210,Campinas do Piauí,22015,Alto Médio Canindé,2204,Sudeste Piauiense,22,PI,Piauí,2,Nordeste
2202117,220211,Campo Alegre do Fidalgo,22015,Alto Médio Canindé,2204,Sudeste Piauiense,22,PI,Piauí,2,Nordeste
2202133,220213,Campo Grande do Piauí,22015,Alto Médio Canindé,2204,Sudeste Piauiense,22,PI,Piauí,2,Nordeste
2202174,220217,Campo Largo do Piauí,22001,Baixo Parnaíba Piauiense,2201,Norte Piauiense,22,PI,Piauí,2,Nordeste
2202208,220220,Campo Maior,22004,Campo Maior,2202,Centro-Norte Piauiense,22,PI,Piauí,2,Nordeste
2202251,220225,Canavieira,22009,Floriano,2203,Sudoeste Piauiense,22,PI,Piauí,2,Nordeste
2202307,220230,Canto do Buriti,22011,São Raimundo Nonato,2203,Sudoeste Piauiense,22,PI,Piauí,2,Nordeste
2202406,220240,Capitão de Campos,22004,Campo Maior,2202,Centro-Norte Piauiense,22,PI,Piauí,2,Nordeste
2202455,220245,Capitão Gervásio Oliveira,22015,Alto Médio Canindé,2204,Sudeste Piauiense,22,PI,Piauí,2,Nordeste
2202505,220250,Caracol,22011,São Raimundo Nonato,2203,Sudoeste Piauiense,22,PI,Piauí,2,Nordeste
2202539,220253,Caraúbas do Piauí,22002,Litoral Piauiense,2201,Norte Piauiense,22,PI,Piauí,2,Nordeste
2202554,220255,Caridade do Piauí,22015,Alto Médio Canindé,2204,Sudeste Piauiense,22,PI,Piauí,2,Nordeste
2202604,220260,Castelo do Piauí,22004,Campo Maior,2202,Centro-Norte Piauiense,22,PI,Piauí,2,Nordeste
2202653,220265,Caxingó,22002,Litoral Piauiense,2201,Norte Piauiense,22,PI,Piauí,2,Nordeste
2202703,220270,Cocal,22002,Litoral Piauiense,2201,Norte Piauiense,22,PI,Piauí,2,Nordeste
2202711,220271,Cocal de Telha,22004,Campo Maior,2202,Centro-Norte Piauiense,22,PI,Piauí,2,Nordeste
2202729,220272,Cocal dos Alves,22002,Litoral Piauiense,2201,Norte Piauiense,22,PI,Piauí,2,Nordeste
2202737,220273,Coivaras,22003,Teresina,2202,Centro-Norte Piauiense,22,PI,Piauí,2,Nordeste
2202752,220275,Colônia do Gurguéia,22008,Bertolínia,2203,Sudoeste Piauiense,22,PI,Piauí,2,Nordeste
2202778,220277,Colônia do Piauí,22013,Picos,2204,Sudeste Piauiense,22,PI,Piauí,2,Nordeste
2202802,220280,Conceição do Canindé,22015,Alto Médio Canindé,2204,Sudeste Piauiense,22,PI,Piauí,2,Nordeste
2202851,220285,Coronel José Dias,22011,São Raimundo Nonato,2203,Sudoeste Piauiense,22,PI,Piauí,2,Nordeste
2202901,220290,Corrente,22012,Chapadas do Extremo Sul Piauiense,2203,Sudoeste Piauiense,22,PI,Piauí,2,Nordeste
2203008,220300,Cristalândia do Piauí,22012,Chapadas do Extremo Sul Piauiense,2203,Sudoeste Piauiense,22,PI,Piauí,2,Nordeste
2203107,220310,Cristino Castro,22010,Alto Médio Gurguéia,2203,Sudoeste Piauiense,22,PI,Piauí,2,Nordeste
2203206,220320,Curimatá,22012,Chapadas do Extremo Sul Piauiense,2203,Sudoeste Piauiense,22,PI,Piauí,2,Nordeste
2203230,220323,Currais,22010,Alto Médio Gurguéia,2203,Sudoeste Piauiense,22,PI,Piauí,2,Nordeste
2203255,220325,Curralinhos,22003,Teresina,2202,Centro-Norte Piauiense,22,PI,Piauí,2,Nordeste
2203271,220327,Curral Novo do Piauí,22015,Alto Médio Canindé,2204,Sudeste Piauiense,22,PI,Piauí,2,Nordeste
2203305,220330,Demerval Lobão,22003,Teresina,2202,Centro-Norte Piauiense,22,PI,Piauí,2,Nordeste
2203354,220335,Dirceu Arcoverde,22011,São Raimundo Nonato,2203,Sudoeste Piauiense,22,PI,Piauí,2,Nordeste
2203404,220340,Dom Expedito Lopes,22013,Picos,2204,Sudeste Piauiense,22,PI,Piauí,2,Nordeste
2203420,220342,Domingos Mourão,22004,Campo Maior,2202,Centro-Norte Piauiense,22,PI,Piauí,2,Nordeste
2203453,220345,Dom Inocêncio,22011,São Raimundo Nonato,2203,Sudoeste Piauiense,22,PI,Piauí,2,Nordeste
2203503,220350,Elesbão Veloso,22006,Valença do Piauí,2202,Centro-Norte Piauiense,22,PI,Piauí,2,Nordeste
2203602,220360,Eliseu Martins,22008,Bertolínia,2203,Sudoeste Piauiense,22,PI,Piauí,2,Nordeste
2203701,220370,Esperantina,22001,Baixo Parnaíba Piauiense,2201,Norte Piauiense,22,PI,Piauí,2,Nordeste
2203750,220375,Fartura do Piauí,22011,São Raimundo Nonato,2203,Sudoeste Piauiense,22,PI,Piauí,2,Nordeste
2203800,220380,Flores do Piauí,22009,Floriano,2203,Sudoeste Piauiense,22,PI,Piauí,2,Nordeste
2203859,220385,Floresta do Piauí,22015,Alto Médio Canindé,2204,Sudeste Piauiense,22,PI,Piauí,2,Nordeste
2203909,220390,Floriano,22009,Floriano,2203,Sudoeste Piauiense,22,PI,Piauí,2,Nordeste
2204006,220400,Francinópolis,22006,Valença do Piauí,2202,Centro-Norte Piauiense,22,PI,Piauí,2,Nordeste
2204105,220410,Francisco Ayres,22005,Médio Parnaíba Piauiense,2202,Centro-Norte Piauiense,22,PI,Piauí,2,Nordeste
2204154,220415,Francisco Macedo,22015,Alto Médio Canindé,2204,Sudeste Piauiense,22,PI,Piauí,2,Nordeste
2204204,220420,Francisco Santos,22014,Pio IX,2204,Sudeste Piauiense,22,PI,Piauí,2,Nordeste
2204303,220430,Fronteiras,22015,Alto Médio Canindé,2204,Sudeste Piauiense,22,PI,Piauí,2,Nordeste
2204352,220435,Geminiano,22013,Picos,2204,Sudeste Piauiense,22,PI,Piauí,2,Nordeste
2204402,220440,Gilbués,22010,Alto Médio Gurguéia,2203,Sudoeste Piauiense,22,PI,Piauí,2,Nordeste
2204501,220450,Guadalupe,22009,Floriano,2203,Sudoeste Piauiense,22,PI,Piauí,2,Nordeste
2204550,220455,Guaribas,22011,São Raimundo Nonato,2203,Sudoeste Piauiense,22,PI,Piauí,2,Nordeste
2204600,220460,Hugo Napoleão,22005,Médio Parnaíba Piauiense,2202,Centro-Norte Piauiense,22,PI,Piauí,2,Nordeste
2204659,220465,Ilha Grande,22002,Litoral Piauiense,2201,Norte Piauiense,22,PI,Piauí,2,Nordeste
2204709,220470,Inhuma,22006,Valença do Piauí,2202,Centro-Norte Piauiense,22,PI,Piauí,2,Nordeste
2204808,220480,Ipiranga do Piauí,22013,Picos,2204,Sudeste Piauiense,22,PI,Piauí,2,Nordeste
2204907,220490,Isaías Coelho,22015,Alto Médio Canindé,2204,Sudeste Piauiense,22,PI,Piauí,2,Nordeste
2205003,220500,Itainópolis,22015,Alto Médio Canindé,2204,Sudeste Piauiense,22,PI,Piauí,2,Nordeste
2205102,220510,Itaueira,22009,Floriano,2203,Sudoeste Piauiense,22,PI,Piauí,2,Nordeste
2205151,220515,Jacobina do Piauí,22015,Alto Médio Canindé,2204,Sudeste Piauiense,22,PI,Piauí,2,Nordeste
2205201,220520,Jaicós,22015,Alto Médio Canindé,2204,Sudeste Piauiense,22,PI,Piauí,2,Nordeste
2205250,220525,Jardim do Mulato,22005,Médio Parnaíba Piauiense,2202,Centro-Norte Piauiense,22,PI,Piauí,2,Nordeste
2205276,220527,Jatobá do Piauí,22004,Campo Maior,2202,Centro-Norte Piauiense,22,PI,Piauí,2,Nordeste
2205300,220530,Jerumenha,22009,Floriano,2203,Sudoeste Piauiense,22,PI,Piauí,2,Nordeste
2205359,220535,João Costa,22015,Alto Médio Canindé,2204,Sudeste Piauiense,22,PI,Piauí,2,Nordeste
2205409,220540,Joaquim Pires,22001,Baixo Parnaíba Piauiense,2201,Norte Piauiense,22,PI,Piauí,2,Nordeste
2205458,220545,Joca Marques,22001,Baixo Parnaíba Piauiense,2201,Norte Piauiense,22,PI,Piauí,2,Nordeste
2205508,220550,José de Freitas,22003,Teresina,2202,Centro-Norte Piauiense,22,PI,Piauí,2,Nordeste
2205516,220551,Juazeiro do Piauí,22004,Campo Maior,2202,Centro-Norte Piauiense,22,PI,Piauí,2,Nordeste
2205524,220552,Júlio Borges,22012,Chapadas do Extremo Sul Piauiense,2203,Sudoeste Piauiense,22,PI,Piauí,2,Nordeste
2205532,220553,Jurema,22011,São Raimundo Nonato,2203,Sudoeste Piauiense,22,PI,Piauí,2,Nordeste
2205540,220554,Lagoinha do Piauí,22005,Médio Parnaíba Piauiense,2202,Centro-Norte Piauiense,22,PI,Piauí,2,Nordeste
2205557,220555,Lagoa Alegre,22003,Teresina,2202,Centro-Norte Piauiense,22,PI,Piauí,2,Nordeste
2205565,220556,Lagoa do Barro do Piauí,22015,Alto Médio Canindé,2204,Sudeste Piauiense,22,PI,Piauí,2,Nordeste
2205573,220557,Lagoa de São Francisco,22004,Campo Maior,2202,Centro-Norte Piauiense,22,PI,Piauí,2,Nordeste
2205581,220558,Lagoa do Piauí,22003,Teresina,2202,Centro-Norte Piauiense,22,PI,Piauí,2,Nordeste
2205599,220559,Lagoa do Sítio,22006,Valença do Piauí,2202,Centro-Norte Piauiense,22,PI,Piauí,2,Nordeste
2205607,220560,Landri Sales,22008,Bertolínia,2203,Sudoeste Piauiense,22,PI,Piauí,2,Nordeste
2205706,220570,Luís Correia,22002,Litoral Piauiense,2201,Norte Piauiense,22,PI,Piauí,2,Nordeste
2205805,220580,Luzilândia,22001,Baixo Parnaíba Piauiense,2201,Norte Piauiense,22,PI,Piauí,2,Nordeste
2205854,220585,Madeiro,22001,Baixo Parnaíba Piauiense,2201,Norte Piauiense,22,PI,Piauí,2,Nordeste
2205904,220590,Manoel Emídio,22008,Bertolínia,2203,Sudoeste Piauiense,22,PI,Piauí,2,Nordeste
2205953,220595,Marcolândia,22015,Alto Médio Canindé,2204,Sudeste Piauiense,22,PI,Piauí,2,Nordeste
2206001,220600,Marcos Parente,22008,Bertolínia,2203,Sudoeste Piauiense,22,PI,Piauí,2,Nordeste
2206050,220605,Massapê do Piauí,22015,Alto Médio Canindé,2204,Sudeste Piauiense,22,PI,Piauí,2,Nordeste
2206100,220610,Matias Olímpio,22001,Baixo Parnaíba Piauiense,2201,Norte Piauiense,22,PI,Piauí,2,Nordeste
2206209,220620,Miguel Alves,22001,Baixo Parnaíba Piauiense,2201,Norte Piauiense,22,PI,Piauí,2,Nordeste
2206308,220630,Miguel Leão,22003,Teresina,2202,Centro-Norte Piauiense,22,PI,Piauí,2,Nordeste
2206357,220635,Milton Brandão,22004,Campo Maior,2202,Centro-Norte Piauiense,22,PI,Piauí,2,Nordeste
2206407,220640,Monsenhor Gil,22003,Teresina,2202,Centro-Norte Piauiense,22,PI,Piauí,2,Nordeste
2206506,220650,Monsenhor Hipólito,22014,Pio IX,2204,Sudeste Piauiense,22,PI,Piauí,2,Nordeste
2206605,220660,Monte Alegre do Piauí,22010,Alto Médio Gurguéia,2203,Sudoeste Piauiense,22,PI,Piauí,2,Nordeste
2206654,220665,Morro Cabeça no Tempo,22012,Chapadas do Extremo Sul Piauiense,2203,Sudoeste Piauiense,22,PI,Piauí,2,Nordeste
2206670,220667,Morro do Chapéu do Piauí,22001,Baixo Parnaíba Piauiense,2201,Norte Piauiense,22,PI,Piauí,2,Nordeste
2206696,220669,Murici dos Portelas,22002,Litoral Piauiense,2201,Norte Piauiense,22,PI,Piauí,2,Nordeste
2206704,220670,Nazaré do Piauí,22009,Floriano,2203,Sudoeste Piauiense,22,PI,Piauí,2,Nordeste
2206720,220672,Nazária,22003,Teresina,2202,Centro-Norte Piauiense,22,PI,Piauí,2,Nordeste
2206753,220675,Nossa Senhora de Nazaré,22004,Campo Maior,2202,Centro-Norte Piauiense,22,PI,Piauí,2,Nordeste
2206803,220680,Nossa Senhora dos Remédios,22001,Baixo Parnaíba Piauiense,2201,Norte Piauiense,22,PI,Piauí,2,Nordeste
2206902,220690,Novo Oriente do Piauí,22006,Valença do Piauí,2202,Centro-Norte Piauiense,22,PI,Piauí,2,Nordeste
2206951,220695,Novo Santo Antônio,22004,Campo Maior,2202,Centro-Norte Piauiense,22,PI,Piauí,2,Nordeste
2207009,220700,Oeiras,22013,Picos,2204,Sudeste Piauiense,22,PI,Piauí,2,Nordeste
2207108,220710,Olho D'Água do Piauí,22005,Médio Parnaíba Piauiense,2202,Centro-Norte Piauiense,22,PI,Piauí,2,Nordeste
2207207,220720,Padre Marcos,22015,Alto Médio Canindé,2204,Sudeste Piauiense,22,PI,Piauí,2,Nordeste
2207306,220730,Paes Landim,22015,Alto Médio Canindé,2204,Sudeste Piauiense,22,PI,Piauí,2,Nordeste
2207355,220735,Pajeú do Piauí,22011,São Raimundo Nonato,2203,Sudoeste Piauiense,22,PI,Piauí,2,Nordeste
2207405,220740,Palmeira do Piauí,22010,Alto Médio Gurguéia,2203,Sudoeste Piauiense,22,PI,Piauí,2,Nordeste
2207504,220750,Palmeirais,22005,Médio Parnaíba Piauiense,2202,Centro-Norte Piauiense,22,PI,Piauí,2,Nordeste
2207553,220755,Paquetá,22013,Picos,2204,Sudeste Piauiense,22,PI,Piauí,2,Nordeste
2207603,220760,Parnaguá,22012,Chapadas do Extremo Sul Piauiense,2203,Sudoeste Piauiense,22,PI,Piauí,2,Nordeste
2207702,220770,Parnaíba,22002,Litoral Piauiense,2201,Norte Piauiense,22,PI,Piauí,2,Nordeste
2207751,220775,Passagem Franca do Piauí,22005,Médio Parnaíba Piauiense,2202,Centro-Norte Piauiense,22,PI,Piauí,2,Nordeste
2207777,220777,Patos do Piauí,22015,Alto Médio Canindé,2204,Sudeste Piauiense,22,PI,Piauí,2,Nordeste
2207793,220779,Pau D'Arco do Piauí,22003,Teresina,2202,Centro-Norte Piauiense,22,PI,Piauí,2,Nordeste
2207801,220780,Paulistana,22015,Alto Médio Canindé,2204,Sudeste Piauiense,22,PI,Piauí,2,Nordeste
2207850,220785,Pavussu,22009,Floriano,2203,Sudoeste Piauiense,22,PI,Piauí,2,Nordeste
2207900,220790,Pedro II,22004,Campo Maior,2202,Centro-Norte Piauiense,22,PI,Piauí,2,Nordeste
2207934,220793,Pedro Laurentino,22015,Alto Médio Canindé,2204,Sudeste Piauiense,22,PI,Piauí,2,Nordeste
2207959,220795,Nova Santa Rita,22015,Alto Médio Canindé,2204,Sudeste Piauiense,22,PI,Piauí,2,Nordeste
2208007,220800,Picos,22013,Picos,2204,Sudeste Piauiense,22,PI,Piauí,2,Nordeste
2208106,220810,Pimenteiras,22006,Valença do Piauí,2202,Centro-Norte Piauiense,22,PI,Piauí,2,Nordeste
2208205,220820,Pio IX,22014,Pio IX,2204,Sudeste Piauiense,22,PI,Piauí,2,Nordeste
2208304,220830,Piracuruca,22002,Litoral Piauiense,2201,Norte Piauiense,22,PI,Piauí,2,Nordeste
2208403,220840,Piripiri,22001,Baixo Parnaíba Piauiense,2201,Norte Piauiense,22,PI,Piauí,2,Nordeste
2208502,220850,Porto,22001,Baixo Parnaíba Piauiense,2201,Norte Piauiense,22,PI,Piauí,2,Nordeste
2208551,220855,Porto Alegre do Piauí,22008,Bertolínia,2203,Sudoeste Piauiense,22,PI,Piauí,2,Nordeste
2208601,220860,Prata do Piauí,22006,Valença do Piauí,2202,Centro-Norte Piauiense,22,PI,Piauí,2,Nordeste
2208650,220865,Queimada Nova,22015,Alto Médio Canindé,2204,Sudeste Piauiense,22,PI,Piauí,2,Nordeste
2208700,220870,Redenção do Gurguéia,22010,Alto Médio Gurguéia,2203,Sudoeste Piauiense,22,PI,Piauí,2,Nordeste
2208809,220880,Regeneração,22005,Médio Parnaíba Piauiense,2202,Centro-Norte Piauiense,22,PI,Piauí,2,Nordeste
2208858,220885,Riacho Frio,22012,Chapadas do Extremo Sul Piauiense,2203,Sudoeste Piauiense,22,PI,Piauí,2,Nordeste
2208874,220887,Ribeira do Piauí,22015,Alto Médio Canindé,2204,Sudeste Piauiense,22,PI,Piauí,2,Nordeste
2208908,220890,Ribeiro Gonçalves,22007,Alto Parnaíba Piauiense,2203,Sudoeste Piauiense,22,PI,Piauí,2,Nordeste
2209005,220900,Rio Grande do Piauí,22009,Floriano,2203,Sudoeste Piauiense,22,PI,Piauí,2,Nordeste
2209104,220910,Santa Cruz do Piauí,22013,Picos,2204,Sudeste Piauiense,22,PI,Piauí,2,Nordeste
2209153,220915,Santa Cruz dos Milagres,22006,Valença do Piauí,2202,Centro-Norte Piauiense,22,PI,Piauí,2,Nordeste
2209203,220920,Santa Filomena,22007,Alto Parnaíba Piauiense,2203,Sudoeste Piauiense,22,PI,Piauí,2,Nordeste
2209302,220930,Santa Luz,22010,Alto Médio Gurguéia,2203,Sudoeste Piauiense,22,PI,Piauí,2,Nordeste
2209351,220935,Santana do Piauí,22013,Picos,2204,Sudeste Piauiense,22,PI,Piauí,2,Nordeste
2209377,220937,Santa Rosa do Piauí,22013,Picos,2204,Sudeste Piauiense,22,PI,Piauí,2,Nordeste
2209401,220940,Santo Antônio de Lisboa,22014,Pio IX,2204,Sudeste Piauiense,22,PI,Piauí,2,Nordeste
2209450,220945,Santo Antônio dos Milagres,22005,Médio Parnaíba Piauiense,2202,Centro-Norte Piauiense,22,PI,Piauí,2,Nordeste
2209500,220950,Santo Inácio do Piauí,22015,Alto Médio Canindé,2204,Sudeste Piauiense,22,PI,Piauí,2,Nordeste
2209559,220955,São Braz do Piauí,22011,São Raimundo Nonato,2203,Sudoeste Piauiense,22,PI,Piauí,2,Nordeste
2209609,220960,São Félix do Piauí,22006,Valença do Piauí,2202,Centro-Norte Piauiense,22,PI,Piauí,2,Nordeste
2209658,220965,São Francisco de Assis do Piauí,22015,Alto Médio Canindé,2204,Sudeste Piauiense,22,PI,Piauí,2,Nordeste
2209708,220970,São Francisco do Piauí,22009,Floriano,2203,Sudoeste Piauiense,22,PI,Piauí,2,Nordeste
2209757,220975,São Gonçalo do Gurguéia,22010,Alto Médio Gurguéia,2203,Sudoeste Piauiense,22,PI,Piauí,2,Nordeste
2209807,220980,São Gonçalo do Piauí,22005,Médio Parnaíba Piauiense,2202,Centro-Norte Piauiense,22,PI,Piauí,2,Nordeste
2209856,220985,São João da Canabrava,22013,Picos,2204,Sudeste Piauiense,22,PI,Piauí,2,Nordeste
2209872,220987,São João da Fronteira,22002,Litoral Piauiense,2201,Norte Piauiense,22,PI,Piauí,2,Nordeste
2209906,220990,São João da Serra,22004,Campo Maior,2202,Centro-Norte Piauiense,22,PI,Piauí,2,Nordeste
2209955,220995,São João da Varjota,22013,Picos,2204,Sudeste Piauiense,22,PI,Piauí,2,Nordeste
2209971,220997,São João do Arraial,22001,Baixo Parnaíba Piauiense,2201,Norte Piauiense,22,PI,Piauí,2,Nordeste
2210003,221000,São João do Piauí,22015,Alto Médio Canindé,2204,Sudeste Piauiense,22,PI,Piauí,2,Nordeste
2210052,221005,São José do Divino,22002,Litoral Piauiense,2201,Norte Piauiense,22,PI,Piauí,2,Nordeste
2210102,221010,São José do Peixe,22009,Floriano,2203,Sudoeste Piauiense,22,PI,Piauí,2,Nordeste
2210201,221020,São José do Piauí,22013,Picos,2204,Sudeste Piauiense,22,PI,Piauí,2,Nordeste
2210300,221030,São Julião,22014,Pio IX,2204,Sudeste Piauiense,22,PI,Piauí,2,Nordeste
2210359,221035,São Lourenço do Piauí,22011,São Raimundo Nonato,2203,Sudoeste Piauiense,22,PI,Piauí,2,Nordeste
2210375,221037,São Luis do Piauí,22013,Picos,2204,Sudeste Piauiense,22,PI,Piauí,2,Nordeste
2210383,221038,São Miguel da Baixa Grande,22006,Valença do Piauí,2202,Centro-Norte Piauiense,22,PI,Piauí,2,Nordeste
2210391,221039,São Miguel do Fidalgo,22009,Floriano,2203,Sudoeste Piauiense,22,PI,Piauí,2,Nordeste
2210409,221040,São Miguel do Tapuio,22004,Campo Maior,2202,Centro-Norte Piauiense,22,PI,Piauí,2,Nordeste
2210508,221050,São Pedro do Piauí,22005,Médio Parnaíba Piauiense,2202,Centro-Norte Piauiense,22,PI,Piauí,2,Nordeste
2210607,221060,São Raimundo Nonato,22011,São Raimundo Nonato,2203,Sudoeste Piauiense,22,PI,Piauí,2,Nordeste
2210623,221062,Sebastião Barros,22012,Chapadas do Extremo Sul Piauiense,2203,Sudoeste Piauiense,22,PI,Piauí,2,Nordeste
2210631,221063,Sebastião Leal,22008,Bertolínia,2203,Sudoeste Piauiense,22,PI,Piauí,2,Nordeste
2210656,221065,Sigefredo Pacheco,22004,Campo Maior,2202,Centro-Norte Piauiense,22,PI,Piauí,2,Nordeste
2210706,221070,Simões,22015,Alto Médio Canindé,2204,Sudeste Piauiense,22,PI,Piauí,2,Nordeste
2210805,221080,Simplício Mendes,22015,Alto Médio Canindé,2204,Sudeste Piauiense,22,PI,Piauí,2,Nordeste
2210904,221090,Socorro do Piauí,22015,Alto Médio Canindé,2204,Sudeste Piauiense,22,PI,Piauí,2,Nordeste
2210938,221093,Sussuapara,22013,Picos,2204,Sudeste Piauiense,22,PI,Piauí,2,Nordeste
2210953,221095,Tamboril do Piauí,22011,São Raimundo Nonato,2203,Sudoeste Piauiense,22,PI,Piauí,2,Nordeste
2210979,221097,Tanque do Piauí,22013,Picos,2204,Sudeste Piauiense,22,PI,Piauí,2,Nordeste
2211001,221100,Teresina,22003,Teresina,2202,Centro-Norte Piauiense,22,PI,Piauí,2,Nordeste
2211100,221110,União,22003,Teresina,2202,Centro-Norte Piauiense,22,PI,Piauí,2,Nordeste
2211209,221120,Uruçuí,22007,Alto Parnaíba Piauiense,2203,Sudoeste Piauiense,22,PI,Piauí,2,Nordeste
2211308,221130,Valença do Piauí,22006,Valença do Piauí,2202,Centro-Norte Piauiense,22,PI,Piauí,2,Nordeste
2211357,221135,Várzea Branca,22011,São Raimundo Nonato,2203,Sudoeste Piauiense,22,PI,Piauí,2,Nordeste
2211407,221140,Várzea Grande,22006,Valença do Piauí,2202,Centro-Norte Piauiense,22,PI,Piauí,2,Nordeste
2211506,221150,Vera Mendes,22015,Alto Médio Canindé,2204,Sudeste Piauiense,22,PI,Piauí,2,Nordeste
2211605,221160,Vila Nova do Piauí,22015,Alto Médio Canindé,2204,Sudeste Piauiense,22,PI,Piauí,2,Nordeste
2211704,221170,Wall Ferraz,22013,Picos,2204,Sudeste Piauiense,22,PI,Piauí,2,Nordeste
2300101,230010,Abaiara,23033,Brejo Santo,2307,Sul Cearense,23,CE,Ceará,2,Nordeste
2300150,230015,Acarape,23013,Baturité,2302,Norte Cearense,23,CE,Ceará,2,Nordeste
2300200,230020,Acaraú,23001,Litoral de Camocim e Acaraú,2301,Noroeste Cearense,23,CE,Ceará,2,Nordeste
2300309,230030,Acopiara,23021,Sertão de Senador Pompeu,2304,Sertões Cearenses,23,CE,Ceará,2,Nordeste
2300408,230040,Aiuaba,23020,Sertão de Inhamuns,2304,Sertões Cearenses,23,CE,Ceará,2,Nordeste
2300507,230050,Alcântaras,23004,Meruoca,2301,Noroeste Cearense,23,CE,Ceará,2,Nordeste
2300606,230060,Altaneira,23030,Caririaçu,2307,Sul Cearense,23,CE,Ceará,2,Nordeste
2300705,230070,Alto Santo,23023,Baixo Jaguaribe,2305,Jaguaribe,23,CE,Ceará,2,Nordeste
2300754,230075,Amontada,23008,Itapipoca,2302,Norte Cearense,23,CE,Ceará,2,Nordeste
2300804,230080,Antonina do Norte,23027,Várzea Alegre,2306,Centro-Sul Cearense,23,CE,Ceará,2,Nordeste
2300903,230090,Apuiarés,23011,Médio Curu,2302,Norte Cearense,23,CE,Ceará,2,Nordeste
2301000,230100,Aquiraz,23016,Fortaleza,2303,Metropolitana de Fortaleza,23,CE,Ceará,2,Nordeste
2301109,230110,Aracati,23022,Litoral de Aracati,2305,Jaguaribe,23,CE,Ceará,2,Nordeste
2301208,230120,Aracoiaba,23013,Baturité,2302,Norte Cearense,23,CE,Ceará,2,Nordeste
2301257,230125,Ararendá,23018,Sertão de Cratéus,2304,Sertões Cearenses,23,CE,Ceará,2,Nordeste
2301307,230130,Araripe,23029,Chapada do Araripe,2307,Sul Cearense,23,CE,Ceará,2,Nordeste
2301406,230140,Aratuba,23013,Baturité,2302,Norte Cearense,23,CE,Ceará,2,Nordeste
2301505,230150,Arneiroz,23020,Sertão de Inhamuns,2304,Sertões Cearenses,23,CE,Ceará,2,Nordeste
2301604,230160,Assaré,23029,Chapada do Araripe,2307,Sul Cearense,23,CE,Ceará,2,Nordeste
2301703,230170,Aurora,23031,Barro,2307,Sul Cearense,23,CE,Ceará,2,Nordeste
2301802,230180,Baixio,23028,Lavras da Mangabeira,2306,Centro-Sul Cearense,23,CE,Ceará,2,Nordeste
2301851,230185,Banabuiú,23019,Sertão de Quixeramobim,2304,Sertões Cearenses,23,CE,Ceará,2,Nordeste
2301901,230190,Barbalha,23032,Cariri,2307,Sul Cearense,23,CE,Ceará,2,Nordeste
2301950,230195,Barreira,23014,Chorozinho,2302,Norte Cearense,23,CE,Ceará,2,Nordeste
2302008,230200,Barro,23031,Barro,2307,Sul Cearense,23,CE,Ceará,2,Nordeste
2302057,230205,Barroquinha,23001,Litoral de Camocim e Acaraú,2301,Noroeste Cearense,23,CE,Ceará,2,Nordeste
2302107,230210,Baturité,23013,Baturité,2302,Norte Cearense,23,CE,Ceará,2,Nordeste
2302206,230220,Beberibe,23015,Cascavel,2302,Norte Cearense,23,CE,Ceará,2,Nordeste
2302305,230230,Bela Cruz,23001,Litoral de Camocim e Acaraú,2301,Noroeste Cearense,23,CE,Ceará,2,Nordeste
2302404,230240,Boa Viagem,23019,Sertão de Quixeramobim,2304,Sertões Cearenses,23,CE,Ceará,2,Nordeste
2302503,230250,Brejo Santo,23033,Brejo Santo,2307,Sul Cearense,23,CE,Ceará,2,Nordeste
2302602,230260,Camocim,23001,Litoral de Camocim e Acaraú,2301,Noroeste Cearense,23,CE,Ceará,2,Nordeste
2302701,230270,Campos Sales,23029,Chapada do Araripe,2307,Sul Cearense,23,CE,Ceará,2,Nordeste
2302800,230280,Canindé,23012,Canindé,2302,Norte Cearense,23,CE,Ceará,2,Nordeste
2302909,230290,Capistrano,23013,Baturité,2302,Norte Cearense,23,CE,Ceará,2,Nordeste
2303006,230300,Caridade,23012,Canindé,2302,Norte Cearense,23,CE,Ceará,2,Nordeste
2303105,230310,Cariré,23005,Sobral,2301,Noroeste Cearense,23,CE,Ceará,2,Nordeste
2303204,230320,Caririaçu,23030,Caririaçu,2307,Sul Cearense,23,CE,Ceará,2,Nordeste
2303303,230330,Cariús,23027,Várzea Alegre,2306,Centro-Sul Cearense,23,CE,Ceará,2,Nordeste
2303402,230340,Carnaubal,23002,Ibiapaba,2301,Noroeste Cearense,23,CE,Ceará,2,Nordeste
2303501,230350,Cascavel,23015,Cascavel,2302,Norte Cearense,23,CE,Ceará,2,Nordeste
2303600,230360,Catarina,23020,Sertão de Inhamuns,2304,Sertões Cearenses,23,CE,Ceará,2,Nordeste
2303659,230365,Catunda,23007,Santa Quitéria,2301,Noroeste Cearense,23,CE,Ceará,2,Nordeste
2303709,230370,Caucaia,23016,Fortaleza,2303,Metropolitana de Fortaleza,23,CE,Ceará,2,Nordeste
2303808,230380,Cedro,23026,Iguatu,2306,Centro-Sul Cearense,23,CE,Ceará,2,Nordeste
2303907,230390,Chaval,23001,Litoral de Camocim e Acaraú,2301,Noroeste Cearense,23,CE,Ceará,2,Nordeste
2303931,230393,Choró,23019,Sertão de Quixeramobim,2304,Sertões Cearenses,23,CE,Ceará,2,Nordeste
2303956,230395,Chorozinho,23014,Chorozinho,2302,Norte Cearense,23,CE,Ceará,2,Nordeste
2304004,230400,Coreaú,23003,Coreaú,2301,Noroeste Cearense,23,CE,Ceará,2,Nordeste
2304103,230410,Crateús,23018,Sertão de Cratéus,2304,Sertões Cearenses,23,CE,Ceará,2,Nordeste
2304202,230420,Crato,23032,Cariri,2307,Sul Cearense,23,CE,Ceará,2,Nordeste
2304236,230423,Croatá,23002,Ibiapaba,2301,Noroeste Cearense,23,CE,Ceará,2,Nordeste
2304251,230425,Cruz,23001,Litoral de Camocim e Acaraú,2301,Noroeste Cearense,23,CE,Ceará,2,Nordeste
2304269,230426,Deputado Irapuan Pinheiro,23021,Sertão de Senador Pompeu,2304,Sertões Cearenses,23,CE,Ceará,2,Nordeste
2304277,230427,Ereré,23025,Serra do Pereiro,2305,Jaguaribe,23,CE,Ceará,2,Nordeste
2304285,230428,Eusébio,23016,Fortaleza,2303,Metropolitana de Fortaleza,23,CE,Ceará,2,Nordeste
2304301,230430,Farias Brito,23030,Caririaçu,2307,Sul Cearense,23,CE,Ceará,2,Nordeste
2304350,230435,Forquilha,23005,Sobral,2301,Noroeste Cearense,23,CE,Ceará,2,Nordeste
2304400,230440,Fortaleza,23016,Fortaleza,2303,Metropolitana de Fortaleza,23,CE,Ceará,2,Nordeste
2304459,230445,Fortim,23022,Litoral de Aracati,2305,Jaguaribe,23,CE,Ceará,2,Nordeste
2304509,230450,Frecheirinha,23003,Coreaú,2301,Noroeste Cearense,23,CE,Ceará,2,Nordeste
2304608,230460,General Sampaio,23011,Médio Curu,2302,Norte Cearense,23,CE,Ceará,2,Nordeste
2304657,230465,Graça,23005,Sobral,2301,Noroeste Cearense,23,CE,Ceará,2,Nordeste
2304707,230470,Granja,23001,Litoral de Camocim e Acaraú,2301,Noroeste Cearense,23,CE,Ceará,2,Nordeste
2304806,230480,Granjeiro,23030,Caririaçu,2307,Sul Cearense,23,CE,Ceará,2,Nordeste
2304905,230490,Groaíras,23005,Sobral,2301,Noroeste Cearense,23,CE,Ceará,2,Nordeste
2304954,230495,Guaiúba,23016,Fortaleza,2303,Metropolitana de Fortaleza,23,CE,Ceará,2,Nordeste
2305001,230500,Guaraciaba do Norte,23002,Ibiapaba,2301,Noroeste Cearense,23,CE,Ceará,2,Nordeste
2305100,230510,Guaramiranga,23013,Baturité,2302,Norte Cearense,23,CE,Ceará,2,Nordeste
2305209,230520,Hidrolândia,23007,Santa Quitéria,2301,Noroeste Cearense,23,CE,Ceará,2,Nordeste
2305233,230523,Horizonte,23017,Pacajus,2303,Metropolitana de Fortaleza,23,CE,Ceará,2,Nordeste
2305266,230526,Ibaretama,23019,Sertão de Quixeramobim,2304,Sertões Cearenses,23,CE,Ceará,2,Nordeste
2305308,230530,Ibiapina,23002,Ibiapaba,2301,Noroeste Cearense,23,CE,Ceará,2,Nordeste
2305332,230533,Ibicuitinga,23023,Baixo Jaguaribe,2305,Jaguaribe,23,CE,Ceará,2,Nordeste
2305357,230535,Icapuí,23022,Litoral de Aracati,2305,Jaguaribe,23,CE,Ceará,2,Nordeste
2305407,230540,Icó,23026,Iguatu,2306,Centro-Sul Cearense,23,CE,Ceará,2,Nordeste
2305506,230550,Iguatu,23026,Iguatu,2306,Centro-Sul Cearense,23,CE,Ceará,2,Nordeste
2305605,230560,Independência,23018,Sertão de Cratéus,2304,Sertões Cearenses,23,CE,Ceará,2,Nordeste
2305654,230565,Ipaporanga,23018,Sertão de Cratéus,2304,Sertões Cearenses,23,CE,Ceará,2,Nordeste
2305704,230570,Ipaumirim,23028,Lavras da Mangabeira,2306,Centro-Sul Cearense,23,CE,Ceará,2,Nordeste
2305803,230580,Ipu,23006,Ipu,2301,Noroeste Cearense,23,CE,Ceará,2,Nordeste
2305902,230590,Ipueiras,23006,Ipu,2301,Noroeste Cearense,23,CE,Ceará,2,Nordeste
2306009,230600,Iracema,23025,Serra do Pereiro,2305,Jaguaribe,23,CE,Ceará,2,Nordeste
2306108,230610,Irauçuba,23005,Sobral,2301,Noroeste Cearense,23,CE,Ceará,2,Nordeste
2306207,230620,Itaiçaba,23022,Litoral de Aracati,2305,Jaguaribe,23,CE,Ceará,2,Nordeste
2306256,230625,Itaitinga,23016,Fortaleza,2303,Metropolitana de Fortaleza,23,CE,Ceará,2,Nordeste
2306306,230630,Itapajé,23010,Uruburetama,2302,Norte Cearense,23,CE,Ceará,2,Nordeste
2306405,230640,Itapipoca,23008,Itapipoca,2302,Norte Cearense,23,CE,Ceará,2,Nordeste
2306504,230650,Itapiúna,23013,Baturité,2302,Norte Cearense,23,CE,Ceará,2,Nordeste
2306553,230655,Itarema,23001,Litoral de Camocim e Acaraú,2301,Noroeste Cearense,23,CE,Ceará,2,Nordeste
2306603,230660,Itatira,23012,Canindé,2302,Norte Cearense,23,CE,Ceará,2,Nordeste
2306702,230670,Jaguaretama,23024,Médio Jaguaribe,2305,Jaguaribe,23,CE,Ceará,2,Nordeste
2306801,230680,Jaguaribara,23024,Médio Jaguaribe,2305,Jaguaribe,23,CE,Ceará,2,Nordeste
2306900,230690,Jaguaribe,23024,Médio Jaguaribe,2305,Jaguaribe,23,CE,Ceará,2,Nordeste
2307007,230700,Jaguaruana,23023,Baixo Jaguaribe,2305,Jaguaribe,23,CE,Ceará,2,Nordeste
2307106,230710,Jardim,23032,Cariri,2307,Sul Cearense,23,CE,Ceará,2,Nordeste
2307205,230720,Jati,23033,Brejo Santo,2307,Sul Cearense,23,CE,Ceará,2,Nordeste
2307254,230725,Jijoca de Jericoacoara,23001,Litoral de Camocim e Acaraú,2301,Noroeste Cearense,23,CE,Ceará,2,Nordeste
2307304,230730,Juazeiro do Norte,23032,Cariri,2307,Sul Cearense,23,CE,Ceará,2,Nordeste
2307403,230740,Jucás,23027,Várzea Alegre,2306,Centro-Sul Cearense,23,CE,Ceará,2,Nordeste
2307502,230750,Lavras da Mangabeira,23028,Lavras da Mangabeira,2306,Centro-Sul Cearense,23,CE,Ceará,2,Nordeste
2307601,230760,Limoeiro do Norte,23023,Baixo Jaguaribe,2305,Jaguaribe,23,CE,Ceará,2,Nordeste
2307635,230763,Madalena,23019,Sertão de Quixeramobim,2304,Sertões Cearenses,23,CE,Ceará,2,Nordeste
2307650,230765,Maracanaú,23016,Fortaleza,2303,Metropolitana de Fortaleza,23,CE,Ceará,2,Nordeste
2307700,230770,Maranguape,23016,Fortaleza,2303,Metropolitana de Fortaleza,23,CE,Ceará,2,Nordeste
2307809,230780,Marco,23001,Litoral de Camocim e Acaraú,2301,Noroeste Cearense,23,CE,Ceará,2,Nordeste
2307908,230790,Martinópole,23001,Litoral de Camocim e Acaraú,2301,Noroeste Cearense,23,CE,Ceará,2,Nordeste
2308005,230800,Massapê,23005,Sobral,2301,Noroeste Cearense,23,CE,Ceará,2,Nordeste
2308104,230810,Mauriti,23031,Barro,2307,Sul Cearense,23,CE,Ceará,2,Nordeste
2308203,230820,Meruoca,23004,Meruoca,2301,Noroeste Cearense,23,CE,Ceará,2,Nordeste
2308302,230830,Milagres,23033,Brejo Santo,2307,Sul Cearense,23,CE,Ceará,2,Nordeste
2308351,230835,Milhã,23021,Sertão de Senador Pompeu,2304,Sertões Cearenses,23,CE,Ceará,2,Nordeste
2308377,230837,Miraíma,23005,Sobral,2301,Noroeste Cearense,23,CE,Ceará,2,Nordeste
2308401,230840,Missão Velha,23032,Cariri,2307,Sul Cearense,23,CE,Ceará,2,Nordeste
2308500,230850,Mombaça,23021,Sertão de Senador Pompeu,2304,Sertões Cearenses,23,CE,Ceará,2,Nordeste
2308609,230860,Monsenhor Tabosa,23018,Sertão de Cratéus,2304,Sertões Cearenses,23,CE,Ceará,2,Nordeste
2308708,230870,Morada Nova,23023,Baixo Jaguaribe,2305,Jaguaribe,23,CE,Ceará,2,Nordeste
2308807,230880,Moraújo,23003,Coreaú,2301,Noroeste Cearense,23,CE,Ceará,2,Nordeste
2308906,230890,Morrinhos,23001,Litoral de Camocim e Acaraú,2301,Noroeste Cearense,23,CE,Ceará,2,Nordeste
2309003,230900,Mucambo,23005,Sobral,2301,Noroeste Cearense,23,CE,Ceará,2,Nordeste
2309102,230910,Mulungu,23013,Baturité,2302,Norte Cearense,23,CE,Ceará,2,Nordeste
2309201,230920,Nova Olinda,23032,Cariri,2307,Sul Cearense,23,CE,Ceará,2,Nordeste
2309300,230930,Nova Russas,23018,Sertão de Cratéus,2304,Sertões Cearenses,23,CE,Ceará,2,Nordeste
2309409,230940,Novo Oriente,23018,Sertão de Cratéus,2304,Sertões Cearenses,23,CE,Ceará,2,Nordeste
2309458,230945,Ocara,23014,Chorozinho,2302,Norte Cearense,23,CE,Ceará,2,Nordeste
2309508,230950,Orós,23026,Iguatu,2306,Centro-Sul Cearense,23,CE,Ceará,2,Nordeste
2309607,230960,Pacajus,23017,Pacajus,2303,Metropolitana de Fortaleza,23,CE,Ceará,2,Nordeste
2309706,230970,Pacatuba,23016,Fortaleza,2303,Metropolitana de Fortaleza,23,CE,Ceará,2,Nordeste
2309805,230980,Pacoti,23013,Baturité,2302,Norte Cearense,23,CE,Ceará,2,Nordeste
2309904,230990,Pacujá,23005,Sobral,2301,Noroeste Cearense,23,CE,Ceará,2,Nordeste
2310001,231000,Palhano,23023,Baixo Jaguaribe,2305,Jaguaribe,23,CE,Ceará,2,Nordeste
2310100,231010,Palmácia,23013,Baturité,2302,Norte Cearense,23,CE,Ceará,2,Nordeste
2310209,231020,Paracuru,23009,Baixo Curu,2302,Norte Cearense,23,CE,Ceará,2,Nordeste
2310258,231025,Paraipaba,23009,Baixo Curu,2302,Norte Cearense,23,CE,Ceará,2,Nordeste
2310308,231030,Parambu,23020,Sertão de Inhamuns,2304,Sertões Cearenses,23,CE,Ceará,2,Nordeste
2310407,231040,Paramoti,23012,Canindé,2302,Norte Cearense,23,CE,Ceará,2,Nordeste
2310506,231050,Pedra Branca,23021,Sertão de Senador Pompeu,2304,Sertões Cearenses,23,CE,Ceará,2,Nordeste
2310605,231060,Penaforte,23033,Brejo Santo,2307,Sul Cearense,23,CE,Ceará,2,Nordeste
2310704,231070,Pentecoste,23011,Médio Curu,2302,Norte Cearense,23,CE,Ceará,2,Nordeste
2310803,231080,Pereiro,23025,Serra do Pereiro,2305,Jaguaribe,23,CE,Ceará,2,Nordeste
2310852,231085,Pindoretama,23015,Cascavel,2302,Norte Cearense,23,CE,Ceará,2,Nordeste
2310902,231090,Piquet Carneiro,23021,Sertão de Senador Pompeu,2304,Sertões Cearenses,23,CE,Ceará,2,Nordeste
2310951,231095,Pires Ferreira,23006,Ipu,2301,Noroeste Cearense,23,CE,Ceará,2,Nordeste
2311009,231100,Poranga,23006,Ipu,2301,Noroeste Cearense,23,CE,Ceará,2,Nordeste
2311108,231110,Porteiras,23032,Cariri,2307,Sul Cearense,23,CE,Ceará,2,Nordeste
2311207,231120,Potengi,23029,Chapada do Araripe,2307,Sul Cearense,23,CE,Ceará,2,Nordeste
2311231,231123,Potiretama,23025,Serra do Pereiro,2305,Jaguaribe,23,CE,Ceará,2,Nordeste
2311264,231126,Quiterianópolis,23018,Sertão de Cratéus,2304,Sertões Cearenses,23,CE,Ceará,2,Nordeste
2311306,231130,Quixadá,23019,Sertão de Quixeramobim,2304,Sertões Cearenses,23,CE,Ceará,2,Nordeste
2311355,231135,Quixelô,23026,Iguatu,2306,Centro-Sul Cearense,23,CE,Ceará,2,Nordeste
2311405,231140,Quixeramobim,23019,Sertão de Quixeramobim,2304,Sertões Cearenses,23,CE,Ceará,2,Nordeste
2311504,231150,Quixeré,23023,Baixo Jaguaribe,2305,Jaguaribe,23,CE,Ceará,2,Nordeste
2311603,231160,Redenção,23013,Baturité,2302,Norte Cearense,23,CE,Ceará,2,Nordeste
2311702,231170,Reriutaba,23006,Ipu,2301,Noroeste Cearense,23,CE,Ceará,2,Nordeste
2311801,231180,Russas,23023,Baixo Jaguaribe,2305,Jaguaribe,23,CE,Ceará,2,Nordeste
2311900,231190,Saboeiro,23020,Sertão de Inhamuns,2304,Sertões Cearenses,23,CE,Ceará,2,Nordeste
2311959,231195,Salitre,23029,Chapada do Araripe,2307,Sul Cearense,23,CE,Ceará,2,Nordeste
2312007,231200,Santana do Acaraú,23005,Sobral,2301,Noroeste Cearense,23,CE,Ceará,2,Nordeste
2312106,231210,Santana do Cariri,23032,Cariri,2307,Sul Cearense,23,CE,Ceará,2,Nordeste
2312205,231220,Santa Quitéria,23007,Santa Quitéria,2301,Noroeste Cearense,23,CE,Ceará,2,Nordeste
2312304,231230,São Benedito,23002,Ibiapaba,2301,Noroeste Cearense,23,CE,Ceará,2,Nordeste
2312403,231240,São Gonçalo do Amarante,23009,Baixo Curu,2302,Norte Cearense,23,CE,Ceará,2,Nordeste
2312502,231250,São João do Jaguaribe,23023,Baixo Jaguaribe,2305,Jaguaribe,23,CE,Ceará,2,Nordeste
2312601,231260,São Luís do Curu,23011,Médio Curu,2302,Norte Cearense,23,CE,Ceará,2,Nordeste
2312700,231270,Senador Pompeu,23021,Sertão de Senador Pompeu,2304,Sertões Cearenses,23,CE,Ceará,2,Nordeste
2312809,231280,Senador Sá,23005,Sobral,2301,Noroeste Cearense,23,CE,Ceará,2,Nordeste
2312908,231290,Sobral,23005,Sobral,2301,Noroeste Cearense,23,CE,Ceará,2,Nordeste
2313005,231300,Solonópole,23021,Sertão de Senador Pompeu,2304,Sertões Cearenses,23,CE,Ceará,2,Nordeste
2313104,231310,Tabuleiro do Norte,23023,Baixo Jaguaribe,2305,Jaguaribe,23,CE,Ceará,2,Nordeste
2313203,231320,Tamboril,23018,Sertão de Cratéus,2304,Sertões Cearenses,23,CE,Ceará,2,Nordeste
2313252,231325,Tarrafas,23027,Várzea Alegre,2306,Centro-Sul Cearense,23,CE,Ceará,2,Nordeste
2313302,231330,Tauá,23020,Sertão de Inhamuns,2304,Sertões Cearenses,23,CE,Ceará,2,Nordeste
2313351,231335,Tejuçuoca,23011,Médio Curu,2302,Norte Cearense,23,CE,Ceará,2,Nordeste
2313401,231340,Tianguá,23002,Ibiapaba,2301,Noroeste Cearense,23,CE,Ceará,2,Nordeste
2313500,231350,Trairi,23008,Itapipoca,2302,Norte Cearense,23,CE,Ceará,2,Nordeste
2313559,231355,Tururu,23010,Uruburetama,2302,Norte Cearense,23,CE,Ceará,2,Nordeste
2313609,231360,Ubajara,23002,Ibiapaba,2301,Noroeste Cearense,23,CE,Ceará,2,Nordeste
2313708,231370,Umari,23028,Lavras da Mangabeira,2306,Centro-Sul Cearense,23,CE,Ceará,2,Nordeste
2313757,231375,Umirim,23010,Uruburetama,2302,Norte Cearense,23,CE,Ceará,2,Nordeste
2313807,231380,Uruburetama,23010,Uruburetama,2302,Norte Cearense,23,CE,Ceará,2,Nordeste
2313906,231390,Uruoca,23003,Coreaú,2301,Noroeste Cearense,23,CE,Ceará,2,Nordeste
2313955,231395,Varjota,23006,Ipu,2301,Noroeste Cearense,23,CE,Ceará,2,Nordeste
2314003,231400,Várzea Alegre,23027,Várzea Alegre,2306,Centro-Sul Cearense,23,CE,Ceará,2,Nordeste
2314102,231410,Viçosa do Ceará,23002,Ibiapaba,2301,Noroeste Cearense,23,CE,Ceará,2,Nordeste
2400109,240010,Acari,24012,Seridó Oriental,2402,Central Potiguar,24,RN,Rio Grande do Norte,2,Nordeste
2400208,240020,Assú,24004,Vale do Açu,2401,Oeste Potiguar,24,RN,Rio Grande do Norte,2,Nordeste
2400307,240030,Afonso Bezerra,24009,Angicos,2402,Central Potiguar,24,RN,Rio Grande do Norte,2,Nordeste
2400406,240040,Água Nova,24005,Serra de São Miguel,2401,Oeste Potiguar,24,RN,Rio Grande do Norte,2,Nordeste
2400505,240050,Alexandria,24006,Pau dos Ferros,2401,Oeste Potiguar,24,RN,Rio Grande do Norte,2,Nordeste
2400604,240060,Almino Afonso,24007,Umarizal,2401,Oeste Potiguar,24,RN,Rio Grande do Norte,2,Nordeste
2400703,240070,Alto do Rodrigues,24004,Vale do Açu,2401,Oeste Potiguar,24,RN,Rio Grande do Norte,2,Nordeste
2400802,240080,Angicos,24009,Angicos,2402,Central Potiguar,24,RN,Rio Grande do Norte,2,Nordeste
2400901,240090,Antônio Martins,24007,Umarizal,2401,Oeste Potiguar,24,RN,Rio Grande do Norte,2,Nordeste
2401008,240100,Apodi,24002,Chapada do Apodi,2401,Oeste Potiguar,24,RN,Rio Grande do Norte,2,Nordeste
2401107,240110,Areia Branca,24001,Mossoró,2401,Oeste Potiguar,24,RN,Rio Grande do Norte,2,Nordeste
2401206,240120,Arez,24019,Litoral Sul,2404,Leste Potiguar,24,RN,Rio Grande do Norte,2,Nordeste
2401305,240130,Campo Grande,24003,Médio Oeste,2401,Oeste Potiguar,24,RN,Rio Grande do Norte,2,Nordeste
2401404,240140,Baía Formosa,24019,Litoral Sul,2404,Leste Potiguar,24,RN,Rio Grande do Norte,2,Nordeste
2401453,240145,Baraúna,24001,Mossoró,2401,Oeste Potiguar,24,RN,Rio Grande do Norte,2,Nordeste
2401503,240150,Barcelona,24014,Borborema Potiguar,2403,Agreste Potiguar,24,RN,Rio Grande do Norte,2,Nordeste
2401602,240160,Bento Fernandes,24013,Baixa Verde,2403,Agreste Potiguar,24,RN,Rio Grande do Norte,2,Nordeste
2401651,240165,Bodó,24010,Serra de Santana,2402,Central Potiguar,24,RN,Rio Grande do Norte,2,Nordeste
2401701,240170,Bom Jesus,24015,Agreste Potiguar,2403,Agreste Potiguar,24,RN,Rio Grande do Norte,2,Nordeste
2401800,240180,Brejinho,24015,Agreste Potiguar,2403,Agreste Potiguar,24,RN,Rio Grande do Norte,2,Nordeste
2401859,240185,Caiçara do Norte,24008,Macau,2402,Central Potiguar,24,RN,Rio Grande do Norte,2,Nordeste
2401909,240190,Caiçara do Rio do Vento,24009,Angicos,2402,Central Potiguar,24,RN,Rio Grande do Norte,2,Nordeste
2402006,240200,Caicó,24011,Seridó Ocidental,2402,Central Potiguar,24,RN,Rio Grande do Norte,2,Nordeste
2402105,240210,Campo Redondo,24014,Borborema Potiguar,2403,Agreste Potiguar,24,RN,Rio Grande do Norte,2,Nordeste
2402204,240220,Canguaretama,24019,Litoral Sul,2404,Leste Potiguar,24,RN,Rio Grande do Norte,2,Nordeste
2402303,240230,Caraúbas,24002,Chapada do Apodi,2401,Oeste Potiguar,24,RN,Rio Grande do Norte,2,Nordeste
2402402,240240,Carnaúba dos Dantas,24012,Seridó Oriental,2402,Central Potiguar,24,RN,Rio Grande do Norte,2,Nordeste
2402501,240250,Carnaubais,24004,Vale do Açu,2401,Oeste Potiguar,24,RN,Rio Grande do Norte,2,Nordeste
2402600,240260,Ceará-Mirim,24017,Macaíba,2404,Leste Potiguar,24,RN,Rio Grande do Norte,2,Nordeste
2402709,240270,Cerro Corá,24010,Serra de Santana,2402,Central Potiguar,24,RN,Rio Grande do Norte,2,Nordeste
2402808,240280,Coronel Ezequiel,24014,Borborema Potiguar,2403,Agreste Potiguar,24,RN,Rio Grande do Norte,2,Nordeste
2402907,240290,Coronel João Pessoa,24005,Serra de São Miguel,2401,Oeste Potiguar,24,RN,Rio Grande do Norte,2,Nordeste
2403004,240300,Cruzeta,24012,Seridó Oriental,2402,Central Potiguar,24,RN,Rio Grande do Norte,2,Nordeste
2403103,240310,Currais Novos,24012,Seridó Oriental,2402,Central Potiguar,24,RN,Rio Grande do Norte,2,Nordeste
2403202,240320,Doutor Severiano,24005,Serra de São Miguel,2401,Oeste Potiguar,24,RN,Rio Grande do Norte,2,Nordeste
2403251,240325,Parnamirim,24018,Natal,2404,Leste Potiguar,24,RN,Rio Grande do Norte,2,Nordeste
2403301,240330,Encanto,24005,Serra de São Miguel,2401,Oeste Potiguar,24,RN,Rio Grande do Norte,2,Nordeste
2403400,240340,Equador,24012,Seridó Oriental,2402,Central Potiguar,24,RN,Rio Grande do Norte,2,Nordeste
2403509,240350,Espírito Santo,24019,Litoral Sul,2404,Leste Potiguar,24,RN,Rio Grande do Norte,2,Nordeste
2403608,240360,Extremoz,24018,Natal,2404,Leste Potiguar,24,RN,Rio Grande do Norte,2,Nordeste
2403707,240370,Felipe Guerra,24002,Chapada do Apodi,2401,Oeste Potiguar,24,RN,Rio Grande do Norte,2,Nordeste
2403756,240375,Fernando Pedroza,24009,Angicos,2402,Central Potiguar,24,RN,Rio Grande do Norte,2,Nordeste
2403806,240380,Florânia,24010,Serra de Santana,2402,Central Potiguar,24,RN,Rio Grande do Norte,2,Nordeste
2403905,240390,Francisco Dantas,24006,Pau dos Ferros,2401,Oeste Potiguar,24,RN,Rio Grande do Norte,2,Nordeste
2404002,240400,Frutuoso Gomes,24007,Umarizal,2401,Oeste Potiguar,24,RN,Rio Grande do Norte,2,Nordeste
2404101,240410,Galinhos,24008,Macau,2402,Central Potiguar,24,RN,Rio Grande do Norte,2,Nordeste
2404200,240420,Goianinha,24019,Litoral Sul,2404,Leste Potiguar,24,RN,Rio Grande do Norte,2,Nordeste
2404309,240430,Governador Dix-Sept Rosado,24002,Chapada do Apodi,2401,Oeste Potiguar,24,RN,Rio Grande do Norte,2,Nordeste
2404408,240440,Grossos,24001,Mossoró,2401,Oeste Potiguar,24,RN,Rio Grande do Norte,2,Nordeste
2404507,240450,Guamaré,24008,Macau,2402,Central Potiguar,24,RN,Rio Grande do Norte,2,Nordeste
2404606,240460,Ielmo Marinho,24015,Agreste Potiguar,2403,Agreste Potiguar,24,RN,Rio Grande do Norte,2,Nordeste
2404705,240470,Ipanguaçu,24004,Vale do Açu,2401,Oeste Potiguar,24,RN,Rio Grande do Norte,2,Nordeste
2404804,240480,Ipueira,24011,Seridó Ocidental,2402,Central Potiguar,24,RN,Rio Grande do Norte,2,Nordeste
2404853,240485,Itajá,24004,Vale do Açu,2401,Oeste Potiguar,24,RN,Rio Grande do Norte,2,Nordeste
2404903,240490,Itaú,24006,Pau dos Ferros,2401,Oeste Potiguar,24,RN,Rio Grande do Norte,2,Nordeste
2405009,240500,Jaçanã,24014,Borborema Potiguar,2403,Agreste Potiguar,24,RN,Rio Grande do Norte,2,Nordeste
2405108,240510,Jandaíra,24013,Baixa Verde,2403,Agreste Potiguar,24,RN,Rio Grande do Norte,2,Nordeste
2405207,240520,Janduís,24003,Médio Oeste,2401,Oeste Potiguar,24,RN,Rio Grande do Norte,2,Nordeste
2405306,240530,Januário Cicco,24015,Agreste Potiguar,2403,Agreste Potiguar,24,RN,Rio Grande do Norte,2,Nordeste
2405405,240540,Japi,24014,Borborema Potiguar,2403,Agreste Potiguar,24,RN,Rio Grande do Norte,2,Nordeste
2405504,240550,Jardim de Angicos,24009,Angicos,2402,Central Potiguar,24,RN,Rio Grande do Norte,2,Nordeste
2405603,240560,Jardim de Piranhas,24011,Seridó Ocidental,2402,Central Potiguar,24,RN,Rio Grande do Norte,2,Nordeste
2405702,240570,Jardim do Seridó,24012,Seridó Oriental,2402,Central Potiguar,24,RN,Rio Grande do Norte,2,Nordeste
2405801,240580,João Câmara,24013,Baixa Verde,2403,Agreste Potiguar,24,RN,Rio Grande do Norte,2,Nordeste
2405900,240590,João Dias,24007,Umarizal,2401,Oeste Potiguar,24,RN,Rio Grande do Norte,2,Nordeste
2406007,240600,José da Penha,24006,Pau dos Ferros,2401,Oeste Potiguar,24,RN,Rio Grande do Norte,2,Nordeste
2406106,240610,Jucurutu,24004,Vale do Açu,2401,Oeste Potiguar,24,RN,Rio Grande do Norte,2,Nordeste
2406155,240615,Jundiá,24015,Agreste Potiguar,2403,Agreste Potiguar,24,RN,Rio Grande do Norte,2,Nordeste
2406205,240620,Lagoa d'Anta,24015,Agreste Potiguar,2403,Agreste Potiguar,24,RN,Rio Grande do Norte,2,Nordeste
2406304,240630,Lagoa de Pedras,24015,Agreste Potiguar,2403,Agreste Potiguar,24,RN,Rio Grande do Norte,2,Nordeste
2406403,240640,Lagoa de Velhos,24014,Borborema Potiguar,2403,Agreste Potiguar,24,RN,Rio Grande do Norte,2,Nordeste
2406502,240650,Lagoa Nova,24010,Serra de Santana,2402,Central Potiguar,24,RN,Rio Grande do Norte,2,Nordeste
2406601,240660,Lagoa Salgada,24015,Agreste Potiguar,2403,Agreste Potiguar,24,RN,Rio Grande do Norte,2,Nordeste
2406700,240670,Lajes,24009,Angicos,2402,Central Potiguar,24,RN,Rio Grande do Norte,2,Nordeste
2406809,240680,Lajes Pintadas,24014,Borborema Potiguar,2403,Agreste Potiguar,24,RN,Rio Grande do Norte,2,Nordeste
2406908,240690,Lucrécia,24007,Umarizal,2401,Oeste Potiguar,24,RN,Rio Grande do Norte,2,Nordeste
2407005,240700,Luís Gomes,24005,Serra de São Miguel,2401,Oeste Potiguar,24,RN,Rio Grande do Norte,2,Nordeste
2407104,240710,Macaíba,24017,Macaíba,2404,Leste Potiguar,24,RN,Rio Grande do Norte,2,Nordeste
2407203,240720,Macau,24008,Macau,2402,Central Potiguar,24,RN,Rio Grande do Norte,2,Nordeste
2407252,240725,Major Sales,24005,Serra de São Miguel,2401,Oeste Potiguar,24,RN,Rio Grande do Norte,2,Nordeste
2407302,240730,Marcelino Vieira,24006,Pau dos Ferros,2401,Oeste Potiguar,24,RN,Rio Grande do Norte,2,Nordeste
2407401,240740,Martins,24007,Umarizal,2401,Oeste Potiguar,24,RN,Rio Grande do Norte,2,Nordeste
2407500,240750,Maxaranguape,24016,Litoral Nordeste,2404,Leste Potiguar,24,RN,Rio Grande do Norte,2,Nordeste
2407609,240760,Messias Targino,24003,Médio Oeste,2401,Oeste Potiguar,24,RN,Rio Grande do Norte,2,Nordeste
2407708,240770,Montanhas,24019,Litoral Sul,2404,Leste Potiguar,24,RN,Rio Grande do Norte,2,Nordeste
2407807,240780,Monte Alegre,24015,Agreste Potiguar,2403,Agreste Potiguar,24,RN,Rio Grande do Norte,2,Nordeste
2407906,240790,Monte das Gameleiras,24014,Borborema Potiguar,2403,Agreste Potiguar,24,RN,Rio Grande do Norte,2,Nordeste
2408003,240800,Mossoró,24001,Mossoró,2401,Oeste Potiguar,24,RN,Rio Grande do Norte,2,Nordeste
2408102,240810,Natal,24018,Natal,2404,Leste Potiguar,24,RN,Rio Grande do Norte,2,Nordeste
2408201,240820,Nísia Floresta,24017,Macaíba,2404,Leste Potiguar,24,RN,Rio Grande do Norte,2,Nordeste
2408300,240830,Nova Cruz,24015,Agreste Potiguar,2403,Agreste Potiguar,24,RN,Rio Grande do Norte,2,Nordeste
2408409,240840,Olho d'Água do Borges,24007,Umarizal,2401,Oeste Potiguar,24,RN,Rio Grande do Norte,2,Nordeste
2408508,240850,Ouro Branco,24012,Seridó Oriental,2402,Central Potiguar,24,RN,Rio Grande do Norte,2,Nordeste
2408607,240860,Paraná,24006,Pau dos Ferros,2401,Oeste Potiguar,24,RN,Rio Grande do Norte,2,Nordeste
2408706,240870,Paraú,24003,Médio Oeste,2401,Oeste Potiguar,24,RN,Rio Grande do Norte,2,Nordeste
2408805,240880,Parazinho,24013,Baixa Verde,2403,Agreste Potiguar,24,RN,Rio Grande do Norte,2,Nordeste
2408904,240890,Parelhas,24012,Seridó Oriental,2402,Central Potiguar,24,RN,Rio Grande do Norte,2,Nordeste
2408953,240895,Rio do Fogo,24016,Litoral Nordeste,2404,Leste Potiguar,24,RN,Rio Grande do Norte,2,Nordeste
2409100,240910,Passa e Fica,24015,Agreste Potiguar,2403,Agreste Potiguar,24,RN,Rio Grande do Norte,2,Nordeste
2409209,240920,Passagem,24015,Agreste Potiguar,2403,Agreste Potiguar,24,RN,Rio Grande do Norte,2,Nordeste
2409308,240930,Patu,24007,Umarizal,2401,Oeste Potiguar,24,RN,Rio Grande do Norte,2,Nordeste
2409332,240933,Santa Maria,24015,Agreste Potiguar,2403,Agreste Potiguar,24,RN,Rio Grande do Norte,2,Nordeste
2409407,240940,Pau dos Ferros,24006,Pau dos Ferros,2401,Oeste Potiguar,24,RN,Rio Grande do Norte,2,Nordeste
2409506,240950,Pedra Grande,24016,Litoral Nordeste,2404,Leste Potiguar,24,RN,Rio Grande do Norte,2,Nordeste
2409605,240960,Pedra Preta,24009,Angicos,2402,Central Potiguar,24,RN,Rio Grande do Norte,2,Nordeste
2409704,240970,Pedro Avelino,24009,Angicos,2402,Central Potiguar,24,RN,Rio Grande do Norte,2,Nordeste
2409803,240980,Pedro Velho,24019,Litoral Sul,2404,Leste Potiguar,24,RN,Rio Grande do Norte,2,Nordeste
2409902,240990,Pendências,24004,Vale do Açu,2401,Oeste Potiguar,24,RN,Rio Grande do Norte,2,Nordeste
2410009,241000,Pilões,24006,Pau dos Ferros,2401,Oeste Potiguar,24,RN,Rio Grande do Norte,2,Nordeste
2410108,241010,Poço Branco,24013,Baixa Verde,2403,Agreste Potiguar,24,RN,Rio Grande do Norte,2,Nordeste
2410207,241020,Portalegre,24006,Pau dos Ferros,2401,Oeste Potiguar,24,RN,Rio Grande do Norte,2,Nordeste
2410256,241025,Porto do Mangue,24004,Vale do Açu,2401,Oeste Potiguar,24,RN,Rio Grande do Norte,2,Nordeste
2410306,241030,Serra Caiada,24015,Agreste Potiguar,2403,Agreste Potiguar,24,RN,Rio Grande do Norte,2,Nordeste
2410405,241040,Pureza,24016,Litoral Nordeste,2404,Leste Potiguar,24,RN,Rio Grande do Norte,2,Nordeste
2410504,241050,Rafael Fernandes,24006,Pau dos Ferros,2401,Oeste Potiguar,24,RN,Rio Grande do Norte,2,Nordeste
2410603,241060,Rafael Godeiro,24007,Umarizal,2401,Oeste Potiguar,24,RN,Rio Grande do Norte,2,Nordeste
2410702,241070,Riacho da Cruz,24006,Pau dos Ferros,2401,Oeste Potiguar,24,RN,Rio Grande do Norte,2,Nordeste
2410801,241080,Riacho de Santana,24005,Serra de São Miguel,2401,Oeste Potiguar,24,RN,Rio Grande do Norte,2,Nordeste
2410900,241090,Riachuelo,24015,Agreste Potiguar,2403,Agreste Potiguar,24,RN,Rio Grande do Norte,2,Nordeste
2411007,241100,Rodolfo Fernandes,24006,Pau dos Ferros,2401,Oeste Potiguar,24,RN,Rio Grande do Norte,2,Nordeste
2411056,241105,Tibau,24001,Mossoró,2401,Oeste Potiguar,24,RN,Rio Grande do Norte,2,Nordeste
2411106,241110,Ruy Barbosa,24014,Borborema Potiguar,2403,Agreste Potiguar,24,RN,Rio Grande do Norte,2,Nordeste
2411205,241120,Santa Cruz,24014,Borborema Potiguar,2403,Agreste Potiguar,24,RN,Rio Grande do Norte,2,Nordeste
2411403,241140,Santana do Matos,24010,Serra de Santana,2402,Central Potiguar,24,RN,Rio Grande do Norte,2,Nordeste
2411429,241142,Santana do Seridó,24012,Seridó Oriental,2402,Central Potiguar,24,RN,Rio Grande do Norte,2,Nordeste
2411502,241150,Santo Antônio,24015,Agreste Potiguar,2403,Agreste Potiguar,24,RN,Rio Grande do Norte,2,Nordeste
2411601,241160,São Bento do Norte,24008,Macau,2402,Central Potiguar,24,RN,Rio Grande do Norte,2,Nordeste
2411700,241170,São Bento do Trairí,24014,Borborema Potiguar,2403,Agreste Potiguar,24,RN,Rio Grande do Norte,2,Nordeste
2411809,241180,São Fernando,24011,Seridó Ocidental,2402,Central Potiguar,24,RN,Rio Grande do Norte,2,Nordeste
2411908,241190,São Francisco do Oeste,24006,Pau dos Ferros,2401,Oeste Potiguar,24,RN,Rio Grande do Norte,2,Nordeste
2412005,241200,São Gonçalo do Amarante,24017,Macaíba,2404,Leste Potiguar,24,RN,Rio Grande do Norte,2,Nordeste
2412104,241210,São João do Sabugi,24011,Seridó Ocidental,2402,Central Potiguar,24,RN,Rio Grande do Norte,2,Nordeste
2412203,241220,São José de Mipibu,24017,Macaíba,2404,Leste Potiguar,24,RN,Rio Grande do Norte,2,Nordeste
2412302,241230,São José do Campestre,24014,Borborema Potiguar,2403,Agreste Potiguar,24,RN,Rio Grande do Norte,2,Nordeste
2412401,241240,São José do Seridó,24012,Seridó Oriental,2402,Central Potiguar,24,RN,Rio Grande do Norte,2,Nordeste
2412500,241250,São Miguel,24005,Serra de São Miguel,2401,Oeste Potiguar,24,RN,Rio Grande do Norte,2,Nordeste
2412559,241255,São Miguel do Gostoso,24016,Litoral Nordeste,2404,Leste Potiguar,24,RN,Rio Grande do Norte,2,Nordeste
2412609,241260,São Paulo do Potengi,24015,Agreste Potiguar,2403,Agreste Potiguar,24,RN,Rio Grande do Norte,2,Nordeste
2412708,241270,São Pedro,24015,Agreste Potiguar,2403,Agreste Potiguar,24,RN,Rio Grande do Norte,2,Nordeste
2412807,241280,São Rafael,24004,Vale do Açu,2401,Oeste Potiguar,24,RN,Rio Grande do Norte,2,Nordeste
2412906,241290,São Tomé,24014,Borborema Potiguar,2403,Agreste Potiguar,24,RN,Rio Grande do Norte,2,Nordeste
2413003,241300,São Vicente,24010,Serra de Santana,2402,Central Potiguar,24,RN,Rio Grande do Norte,2,Nordeste
2413102,241310,Senador Elói de Souza,24015,Agreste Potiguar,2403,Agreste Potiguar,24,RN,Rio Grande do Norte,2,Nordeste
2413201,241320,Senador Georgino Avelino,24019,Litoral Sul,2404,Leste Potiguar,24,RN,Rio Grande do Norte,2,Nordeste
2413300,241330,Serra de São Bento,24014,Borborema Potiguar,2403,Agreste Potiguar,24,RN,Rio Grande do Norte,2,Nordeste
2413359,241335,Serra do Mel,24001,Mossoró,2401,Oeste Potiguar,24,RN,Rio Grande do Norte,2,Nordeste
2413409,241340,Serra Negra do Norte,24011,Seridó Ocidental,2402,Central Potiguar,24,RN,Rio Grande do Norte,2,Nordeste
2413508,241350,Serrinha,24015,Agreste Potiguar,2403,Agreste Potiguar,24,RN,Rio Grande do Norte,2,Nordeste
2413557,241355,Serrinha dos Pintos,24007,Umarizal,2401,Oeste Potiguar,24,RN,Rio Grande do Norte,2,Nordeste
2413607,241360,Severiano Melo,24006,Pau dos Ferros,2401,Oeste Potiguar,24,RN,Rio Grande do Norte,2,Nordeste
2413706,241370,Sítio Novo,24014,Borborema Potiguar,2403,Agreste Potiguar,24,RN,Rio Grande do Norte,2,Nordeste
2413805,241380,Taboleiro Grande,24006,Pau dos Ferros,2401,Oeste Potiguar,24,RN,Rio Grande do Norte,2,Nordeste
2413904,241390,Taipu,24016,Litoral Nordeste,2404,Leste Potiguar,24,RN,Rio Grande do Norte,2,Nordeste
2414001,241400,Tangará,24014,Borborema Potiguar,2403,Agreste Potiguar,24,RN,Rio Grande do Norte,2,Nordeste
2414100,241410,Tenente Ananias,24006,Pau dos Ferros,2401,Oeste Potiguar,24,RN,Rio Grande do Norte,2,Nordeste
2414159,241415,Tenente Laurentino Cruz,24010,Serra de Santana,2402,Central Potiguar,24,RN,Rio Grande do Norte,2,Nordeste
2414209,241420,Tibau do Sul,24019,Litoral Sul,2404,Leste Potiguar,24,RN,Rio Grande do Norte,2,Nordeste
2414308,241430,Timbaúba dos Batistas,24011,Seridó Ocidental,2402,Central Potiguar,24,RN,Rio Grande do Norte,2,Nordeste
2414407,241440,Touros,24016,Litoral Nordeste,2404,Leste Potiguar,24,RN,Rio Grande do Norte,2,Nordeste
2414456,241445,Triunfo Potiguar,24003,Médio Oeste,2401,Oeste Potiguar,24,RN,Rio Grande do Norte,2,Nordeste
2414506,241450,Umarizal,24007,Umarizal,2401,Oeste Potiguar,24,RN,Rio Grande do Norte,2,Nordeste
2414605,241460,Upanema,24003,Médio Oeste,2401,Oeste Potiguar,24,RN,Rio Grande do Norte,2,Nordeste
2414704,241470,Várzea,24015,Agreste Potiguar,2403,Agreste Potiguar,24,RN,Rio Grande do Norte,2,Nordeste
2414753,241475,Venha-Ver,24005,Serra de São Miguel,2401,Oeste Potiguar,24,RN,Rio Grande do Norte,2,Nordeste
2414803,241480,Vera Cruz,24015,Agreste Potiguar,2403,Agreste Potiguar,24,RN,Rio Grande do Norte,2,Nordeste
2414902,241490,Viçosa,24006,Pau dos Ferros,2401,Oeste Potiguar,24,RN,Rio Grande do Norte,2,Nordeste
2415008,241500,Vila Flor,24019,Litoral Sul,2404,Leste Potiguar,24,RN,Rio Grande do Norte,2,Nordeste
2500106,250010,Água Branca,25007,Serra do Teixeira,2501,Sertão Paraibano,25,PB,Paraíba,2,Nordeste
2500205,250020,Aguiar,25005,Piancó,2501,Sertão Paraibano,25,PB,Paraíba,2,Nordeste
2500304,250030,Alagoa Grande,25015,Brejo Paraibano,2503,Agreste Paraibano,25,PB,Paraíba,2,Nordeste
2500403,250040,Alagoa Nova,25015,Brejo Paraibano,2503,Agreste Paraibano,25,PB,Paraíba,2,Nordeste
2500502,250050,Alagoinha,25016,Guarabira,2503,Agreste Paraibano,25,PB,Paraíba,2,Nordeste
2500536,250053,Alcantil,25011,Cariri Oriental,2502,Borborema,25,PB,Paraíba,2,Nordeste
2500577,250057,Algodão de Jandaíra,25012,Curimataú Ocidental,2503,Agreste Paraibano,25,PB,Paraíba,2,Nordeste
2500601,250060,Alhandra,25023,Litoral Sul,2504,Mata Paraibana,25,PB,Paraíba,2,Nordeste
2500700,250070,São João do Rio do Peixe,25002,Cajazeiras,2501,Sertão Paraibano,25,PB,Paraíba,2,Nordeste
2500734,250073,Amparo,25010,Cariri Ocidental,2502,Borborema,25,PB,Paraíba,2,Nordeste
2500775,250077,Aparecida,25003,Sousa,2501,Sertão Paraibano,25,PB,Paraíba,2,Nordeste
2500809,250080,Araçagi,25016,Guarabira,2503,Agreste Paraibano,25,PB,Paraíba,2,Nordeste
2500908,250090,Arara,25012,Curimataú Ocidental,2503,Agreste Paraibano,25,PB,Paraíba,2,Nordeste
2501005,250100,Araruna,25013,Curimataú Oriental,2503,Agreste Paraibano,25,PB,Paraíba,2,Nordeste
2501104,250110,Areia,25015,Brejo Paraibano,2503,Agreste Paraibano,25,PB,Paraíba,2,Nordeste
2501153,250115,Areia de Baraúnas,25004,Patos,2501,Sertão Paraibano,25,PB,Paraíba,2,Nordeste
2501203,250120,Areial,25014,Esperança,2503,Agreste Paraibano,25,PB,Paraíba,2,Nordeste
2501302,250130,Aroeiras,25019,Umbuzeiro,2503,Agreste Paraibano,25,PB,Paraíba,2,Nordeste
2501351,250135,Assunção,25010,Cariri Ocidental,2502,Borborema,25,PB,Paraíba,2,Nordeste
2501401,250140,Baía da Traição,25020,Litoral Norte,2504,Mata Paraibana,25,PB,Paraíba,2,Nordeste
2501500,250150,Bananeiras,25015,Brejo Paraibano,2503,Agreste Paraibano,25,PB,Paraíba,2,Nordeste
2501534,250153,Baraúna,25009,Seridó Oriental Paraibano,2502,Borborema,25,PB,Paraíba,2,Nordeste
2501575,250157,Barra de Santana,25011,Cariri Oriental,2502,Borborema,25,PB,Paraíba,2,Nordeste
2501609,250160,Barra de Santa Rosa,25012,Curimataú Ocidental,2503,Agreste Paraibano,25,PB,Paraíba,2,Nordeste
2501708,250170,Barra de São Miguel,25011,Cariri Oriental,2502,Borborema,25,PB,Paraíba,2,Nordeste
2501807,250180,Bayeux,25022,João Pessoa,2504,Mata Paraibana,25,PB,Paraíba,2,Nordeste
2501906,250190,Belém,25016,Guarabira,2503,Agreste Paraibano,25,PB,Paraíba,2,Nordeste
2502003,250200,Belém do Brejo do Cruz,25001,Catolé do Rocha,2501,Sertão Paraibano,25,PB,Paraíba,2,Nordeste
2502052,250205,Bernardino Batista,25002,Cajazeiras,2501,Sertão Paraibano,25,PB,Paraíba,2,Nordeste
2502102,250210,Boa Ventura,25006,Itaporanga,2501,Sertão Paraibano,25,PB,Paraíba,2,Nordeste
2502151,250215,Boa Vista,25017,Campina Grande,2503,Agreste Paraibano,25,PB,Paraíba,2,Nordeste
2502201,250220,Bom Jesus,25002,Cajazeiras,2501,Sertão Paraibano,25,PB,Paraíba,2,Nordeste
2502300,250230,Bom Sucesso,25001,Catolé do Rocha,2501,Sertão Paraibano,25,PB,Paraíba,2,Nordeste
2502409,250240,Bonito de Santa Fé,25002,Cajazeiras,2501,Sertão Paraibano,25,PB,Paraíba,2,Nordeste
2502508,250250,Boqueirão,25011,Cariri Oriental,2502,Borborema,25,PB,Paraíba,2,Nordeste
2502607,250260,Igaracy,25005,Piancó,2501,Sertão Paraibano,25,PB,Paraíba,2,Nordeste
2502706,250270,Borborema,25015,Brejo Paraibano,2503,Agreste Paraibano,25,PB,Paraíba,2,Nordeste
2502805,250280,Brejo do Cruz,25001,Catolé do Rocha,2501,Sertão Paraibano,25,PB,Paraíba,2,Nordeste
2502904,250290,Brejo dos Santos,25001,Catolé do Rocha,2501,Sertão Paraibano,25,PB,Paraíba,2,Nordeste
2503001,250300,Caaporã,25023,Litoral Sul,2504,Mata Paraibana,25,PB,Paraíba,2,Nordeste
2503100,250310,Cabaceiras,25011,Cariri Oriental,2502,Borborema,25,PB,Paraíba,2,Nordeste
2503209,250320,Cabedelo,25022,João Pessoa,2504,Mata Paraibana,25,PB,Paraíba,2,Nordeste
2503308,250330,Cachoeira dos Índios,25002,Cajazeiras,2501,Sertão Paraibano,25,PB,Paraíba,2,Nordeste
2503407,250340,Cacimba de Areia,25004,Patos,2501,Sertão Paraibano,25,PB,Paraíba,2,Nordeste
2503506,250350,Cacimba de Dentro,25013,Curimataú Oriental,2503,Agreste Paraibano,25,PB,Paraíba,2,Nordeste
2503555,250355,Cacimbas,25007,Serra do Teixeira,2501,Sertão Paraibano,25,PB,Paraíba,2,Nordeste
2503605,250360,Caiçara,25016,Guarabira,2503,Agreste Paraibano,25,PB,Paraíba,2,Nordeste
2503704,250370,Cajazeiras,25002,Cajazeiras,2501,Sertão Paraibano,25,PB,Paraíba,2,Nordeste
2503753,250375,Cajazeirinhas,25003,Sousa,2501,Sertão Paraibano,25,PB,Paraíba,2,Nordeste
2503803,250380,Caldas Brandão,25018,Itabaiana,2503,Agreste Paraibano,25,PB,Paraíba,2,Nordeste
2503902,250390,Camalaú,25010,Cariri Ocidental,2502,Borborema,25,PB,Paraíba,2,Nordeste
2504009,250400,Campina Grande,25017,Campina Grande,2503,Agreste Paraibano,25,PB,Paraíba,2,Nordeste
2504033,250403,Capim,25020,Litoral Norte,2504,Mata Paraibana,25,PB,Paraíba,2,Nordeste
2504074,250407,Caraúbas,25011,Cariri Oriental,2502,Borborema,25,PB,Paraíba,2,Nordeste
2504108,250410,Carrapateira,25002,Cajazeiras,2501,Sertão Paraibano,25,PB,Paraíba,2,Nordeste
2504157,250415,Casserengue,25013,Curimataú Oriental,2503,Agreste Paraibano,25,PB,Paraíba,2,Nordeste
2504207,250420,Catingueira,25005,Piancó,2501,Sertão Paraibano,25,PB,Paraíba,2,Nordeste
2504306,250430,Catolé do Rocha,25001,Catolé do Rocha,2501,Sertão Paraibano,25,PB,Paraíba,2,Nordeste
2504355,250435,Caturité,25011,Cariri Oriental,2502,Borborema,25,PB,Paraíba,2,Nordeste
2504405,250440,Conceição,25006,Itaporanga,2501,Sertão Paraibano,25,PB,Paraíba,2,Nordeste
2504504,250450,Condado,25003,Sousa,2501,Sertão Paraibano,25,PB,Paraíba,2,Nordeste
2504603,250460,Conde,25022,João Pessoa,2504,Mata Paraibana,25,PB,Paraíba,2,Nordeste
2504702,250470,Congo,25010,Cariri Ocidental,2502,Borborema,25,PB,Paraíba,2,Nordeste
2504801,250480,Coremas,25005,Piancó,2501,Sertão Paraibano,25,PB,Paraíba,2,Nordeste
2504850,250485,Coxixola,25010,Cariri Ocidental,2502,Borborema,25,PB,Paraíba,2,Nordeste
2504900,250490,Cruz do Espírito Santo,25021,Sapé,2504,Mata Paraibana,25,PB,Paraíba,2,Nordeste
2505006,250500,Cubati,25009,Seridó Oriental Paraibano,2502,Borborema,25,PB,Paraíba,2,Nordeste
2505105,250510,Cuité,25012,Curimataú Ocidental,2503,Agreste Paraibano,25,PB,Paraíba,2,Nordeste
2505204,250520,Cuitegi,25016,Guarabira,2503,Agreste Paraibano,25,PB,Paraíba,2,Nordeste
2505238,250523,Cuité de Mamanguape,25020,Litoral Norte,2504,Mata Paraibana,25,PB,Paraíba,2,Nordeste
2505279,250527,Curral de Cima,25020,Litoral Norte,2504,Mata Paraibana,25,PB,Paraíba,2,Nordeste
2505303,250530,Curral Velho,25006,Itaporanga,2501,Sertão Paraibano,25,PB,Paraíba,2,Nordeste
2505352,250535,Damião,25012,Curimataú Ocidental,2503,Agreste Paraibano,25,PB,Paraíba,2,Nordeste
2505402,250540,Desterro,25007,Serra do Teixeira,2501,Sertão Paraibano,25,PB,Paraíba,2,Nordeste
2505501,250550,Vista Serrana,25003,Sousa,2501,Sertão Paraibano,25,PB,Paraíba,2,Nordeste
2505600,250560,Diamante,25006,Itaporanga,2501,Sertão Paraibano,25,PB,Paraíba,2,Nordeste
2505709,250570,Dona Inês,25013,Curimataú Oriental,2503,Agreste Paraibano,25,PB,Paraíba,2,Nordeste
2505808,250580,Duas Estradas,25016,Guarabira,2503,Agreste Paraibano,25,PB,Paraíba,2,Nordeste
2505907,250590,Emas,25005,Piancó,2501,Sertão Paraibano,25,PB,Paraíba,2,Nordeste
2506004,250600,Esperança,25014,Esperança,2503,Agreste Paraibano,25,PB,Paraíba,2,Nordeste
2506103,250610,Fagundes,25017,Campina Grande,2503,Agreste Paraibano,25,PB,Paraíba,2,Nordeste
2506202,250620,Frei Martinho,25009,Seridó Oriental Paraibano,2502,Borborema,25,PB,Paraíba,2,Nordeste
2506251,250625,Gado Bravo,25019,Umbuzeiro,2503,Agreste Paraibano,25,PB,Paraíba,2,Nordeste
2506301,250630,Guarabira,25016,Guarabira,2503,Agreste Paraibano,25,PB,Paraíba,2,Nordeste
2506400,250640,Gurinhém,25018,Itabaiana,2503,Agreste Paraibano,25,PB,Paraíba,2,Nordeste
2506509,250650,Gurjão,25011,Cariri Oriental,2502,Borborema,25,PB,Paraíba,2,Nordeste
2506608,250660,Ibiara,25006,Itaporanga,2501,Sertão Paraibano,25,PB,Paraíba,2,Nordeste
2506707,250670,Imaculada,25007,Serra do Teixeira,2501,Sertão Paraibano,25,PB,Paraíba,2,Nordeste
2506806,250680,Ingá,25018,Itabaiana,2503,Agreste Paraibano,25,PB,Paraíba,2,Nordeste
2506905,250690,Itabaiana,25018,Itabaiana,2503,Agreste Paraibano,25,PB,Paraíba,2,Nordeste
2507002,250700,Itaporanga,25006,Itaporanga,2501,Sertão Paraibano,25,PB,Paraíba,2,Nordeste
2507101,250710,Itapororoca,25020,Litoral Norte,2504,Mata Paraibana,25,PB,Paraíba,2,Nordeste
2507200,250720,Itatuba,25018,Itabaiana,2503,Agreste Paraibano,25,PB,Paraíba,2,Nordeste
2507309,250730,Jacaraú,25020,Litoral Norte,2504,Mata Paraibana,25,PB,Paraíba,2,Nordeste
2507408,250740,Jericó,25001,Catolé do Rocha,2501,Sertão Paraibano,25,PB,Paraíba,2,Nordeste
2507507,250750,João Pessoa,25022,João Pessoa,2504,Mata Paraibana,25,PB,Paraíba,2,Nordeste
2507606,250760,Juarez Távora,25018,Itabaiana,2503,Agreste Paraibano,25,PB,Paraíba,2,Nordeste
2507705,250770,Juazeirinho,25009,Seridó Oriental Paraibano,2502,Borborema,25,PB,Paraíba,2,Nordeste
2507804,250780,Junco do Seridó,25008,Seridó Ocidental Paraibano,2502,Borborema,25,PB,Paraíba,2,Nordeste
2507903,250790,Juripiranga,25021,Sapé,2504,Mata Paraibana,25,PB,Paraíba,2,Nordeste
2508000,250800,Juru,25007,Serra do Teixeira,2501,Sertão Paraibano,25,PB,Paraíba,2,Nordeste
2508109,250810,Lagoa,25001,Catolé do Rocha,2501,Sertão Paraibano,25,PB,Paraíba,2,Nordeste
2508208,250820,Lagoa de Dentro,25016,Guarabira,2503,Agreste Paraibano,25,PB,Paraíba,2,Nordeste
2508307,250830,Lagoa Seca,25017,Campina Grande,2503,Agreste Paraibano,25,PB,Paraíba,2,Nordeste
2508406,250840,Lastro,25003,Sousa,2501,Sertão Paraibano,25,PB,Paraíba,2,Nordeste
2508505,250850,Livramento,25010,Cariri Ocidental,2502,Borborema,25,PB,Paraíba,2,Nordeste
2508554,250855,Logradouro,25016,Guarabira,2503,Agreste Paraibano,25,PB,Paraíba,2,Nordeste
2508604,250860,Lucena,25022,João Pessoa,2504,Mata Paraibana,25,PB,Paraíba,2,Nordeste
2508703,250870,Mãe d'Água,25004,Patos,2501,Sertão Paraibano,25,PB,Paraíba,2,Nordeste
2508802,250880,Malta,25003,Sousa,2501,Sertão Paraibano,25,PB,Paraíba,2,Nordeste
2508901,250890,Mamanguape,25020,Litoral Norte,2504,Mata Paraibana,25,PB,Paraíba,2,Nordeste
2509008,250900,Manaíra,25007,Serra do Teixeira,2501,Sertão Paraibano,25,PB,Paraíba,2,Nordeste
2509057,250905,Marcação,25020,Litoral Norte,2504,Mata Paraibana,25,PB,Paraíba,2,Nordeste
2509107,250910,Mari,25021,Sapé,2504,Mata Paraibana,25,PB,Paraíba,2,Nordeste
2509156,250915,Marizópolis,25003,Sousa,2501,Sertão Paraibano,25,PB,Paraíba,2,Nordeste
2509206,250920,Massaranduba,25017,Campina Grande,2503,Agreste Paraibano,25,PB,Paraíba,2,Nordeste
2509305,250930,Mataraca,25020,Litoral Norte,2504,Mata Paraibana,25,PB,Paraíba,2,Nordeste
2509339,250933,Matinhas,25015,Brejo Paraibano,2503,Agreste Paraibano,25,PB,Paraíba,2,Nordeste
2509370,250937,Mato Grosso,25001,Catolé do Rocha,2501,Sertão Paraibano,25,PB,Paraíba,2,Nordeste
2509396,250939,Maturéia,25007,Serra do Teixeira,2501,Sertão Paraibano,25,PB,Paraíba,2,Nordeste
2509404,250940,Mogeiro,25018,Itabaiana,2503,Agreste Paraibano,25,PB,Paraíba,2,Nordeste
2509503,250950,Montadas,25014,Esperança,2503,Agreste Paraibano,25,PB,Paraíba,2,Nordeste
2509602,250960,Monte Horebe,25002,Cajazeiras,2501,Sertão Paraibano,25,PB,Paraíba,2,Nordeste
2509701,250970,Monteiro,25010,Cariri Ocidental,2502,Borborema,25,PB,Paraíba,2,Nordeste
2509800,250980,Mulungu,25016,Guarabira,2503,Agreste Paraibano,25,PB,Paraíba,2,Nordeste
2509909,250990,Natuba,25019,Umbuzeiro,2503,Agreste Paraibano,25,PB,Paraíba,2,Nordeste
2510006,251000,Nazarezinho,25003,Sousa,2501,Sertão Paraibano,25,PB,Paraíba,2,Nordeste
2510105,251010,Nova Floresta,25012,Curimataú Ocidental,2503,Agreste Paraibano,25,PB,Paraíba,2,Nordeste
2510204,251020,Nova Olinda,25005,Piancó,2501,Sertão Paraibano,25,PB,Paraíba,2,Nordeste
2510303,251030,Nova Palmeira,25009,Seridó Oriental Paraibano,2502,Borborema,25,PB,Paraíba,2,Nordeste
2510402,251040,Olho d'Água,25005,Piancó,2501,Sertão Paraibano,25,PB,Paraíba,2,Nordeste
2510501,251050,Olivedos,25012,Curimataú Ocidental,2503,Agreste Paraibano,25,PB,Paraíba,2,Nordeste
2510600,251060,Ouro Velho,25010,Cariri Ocidental,2502,Borborema,25,PB,Paraíba,2,Nordeste
2510659,251065,Parari,25010,Cariri Ocidental,2502,Borborema,25,PB,Paraíba,2,Nordeste
2510709,251070,Passagem,25004,Patos,2501,Sertão Paraibano,25,PB,Paraíba,2,Nordeste
2510808,251080,Patos,25004,Patos,2501,Sertão Paraibano,25,PB,Paraíba,2,Nordeste
2510907,251090,Paulista,25003,Sousa,2501,Sertão Paraibano,25,PB,Paraíba,2,Nordeste
2511004,251100,Pedra Branca,25006,Itaporanga,2501,Sertão Paraibano,25,PB,Paraíba,2,Nordeste
2511103,251110,Pedra Lavrada,25009,Seridó Oriental Paraibano,2502,Borborema,25,PB,Paraíba,2,Nordeste
2511202,251120,Pedras de Fogo,25023,Litoral Sul,2504,Mata Paraibana,25,PB,Paraíba,2,Nordeste
2511301,251130,Piancó,25005,Piancó,2501,Sertão Paraibano,25,PB,Paraíba,2,Nordeste
2511400,251140,Picuí,25009,Seridó Oriental Paraibano,2502,Borborema,25,PB,Paraíba,2,Nordeste
2511509,251150,Pilar,25021,Sapé,2504,Mata Paraibana,25,PB,Paraíba,2,Nordeste
2511608,251160,Pilões,25015,Brejo Paraibano,2503,Agreste Paraibano,25,PB,Paraíba,2,Nordeste
2511707,251170,Pilõezinhos,25016,Guarabira,2503,Agreste Paraibano,25,PB,Paraíba,2,Nordeste
2511806,251180,Pirpirituba,25016,Guarabira,2503,Agreste Paraibano,25,PB,Paraíba,2,Nordeste
2511905,251190,Pitimbu,25023,Litoral Sul,2504,Mata Paraibana,25,PB,Paraíba,2,Nordeste
2512002,251200,Pocinhos,25012,Curimataú Ocidental,2503,Agreste Paraibano,25,PB,Paraíba,2,Nordeste
2512036,251203,Poço Dantas,25002,Cajazeiras,2501,Sertão Paraibano,25,PB,Paraíba,2,Nordeste
2512077,251207,Poço de José de Moura,25002,Cajazeiras,2501,Sertão Paraibano,25,PB,Paraíba,2,Nordeste
2512101,251210,Pombal,25003,Sousa,2501,Sertão Paraibano,25,PB,Paraíba,2,Nordeste
2512200,251220,Prata,25010,Cariri Ocidental,2502,Borborema,25,PB,Paraíba,2,Nordeste
2512309,251230,Princesa Isabel,25007,Serra do Teixeira,2501,Sertão Paraibano,25,PB,Paraíba,2,Nordeste
2512408,251240,Puxinanã,25017,Campina Grande,2503,Agreste Paraibano,25,PB,Paraíba,2,Nordeste
2512507,251250,Queimadas,25017,Campina Grande,2503,Agreste Paraibano,25,PB,Paraíba,2,Nordeste
2512606,251260,Quixaba,25004,Patos,2501,Sertão Paraibano,25,PB,Paraíba,2,Nordeste
2512705,251270,Remígio,25012,Curimataú Ocidental,2503,Agreste Paraibano,25,PB,Paraíba,2,Nordeste
2512721,251272,Pedro Régis,25020,Litoral Norte,2504,Mata Paraibana,25,PB,Paraíba,2,Nordeste
2512747,251274,Riachão,25013,Curimataú Oriental,2503,Agreste Paraibano,25,PB,Paraíba,2,Nordeste
2512754,251275,Riachão do Bacamarte,25018,Itabaiana,2503,Agreste Paraibano,25,PB,Paraíba,2,Nordeste
2512762,251276,Riachão do Poço,25021,Sapé,2504,Mata Paraibana,25,PB,Paraíba,2,Nordeste
2512788,251278,Riacho de Santo Antônio,25011,Cariri Oriental,2502,Borborema,25,PB,Paraíba,2,Nordeste
2512804,251280,Riacho dos Cavalos,25001,Catolé do Rocha,2501,Sertão Paraibano,25,PB,Paraíba,2,Nordeste
2512903,251290,Rio Tinto,25020,Litoral Norte,2504,Mata Paraibana,25,PB,Paraíba,2,Nordeste
2513000,251300,Salgadinho,25008,Seridó Ocidental Paraibano,2502,Borborema,25,PB,Paraíba,2,Nordeste
2513109,251310,Salgado de São Félix,25018,Itabaiana,2503,Agreste Paraibano,25,PB,Paraíba,2,Nordeste
2513158,251315,Santa Cecília,25019,Umbuzeiro,2503,Agreste Paraibano,25,PB,Paraíba,2,Nordeste
2513208,251320,Santa Cruz,25003,Sousa,2501,Sertão Paraibano,25,PB,Paraíba,2,Nordeste
2513307,251330,Santa Helena,25002,Cajazeiras,2501,Sertão Paraibano,25,PB,Paraíba,2,Nordeste
2513356,251335,Santa Inês,25006,Itaporanga,2501,Sertão Paraibano,25,PB,Paraíba,2,Nordeste
2513406,251340,Santa Luzia,25008,Seridó Ocidental Paraibano,2502,Borborema,25,PB,Paraíba,2,Nordeste
2513505,251350,Santana de Mangueira,25006,Itaporanga,2501,Sertão Paraibano,25,PB,Paraíba,2,Nordeste
2513604,251360,Santana dos Garrotes,25005,Piancó,2501,Sertão Paraibano,25,PB,Paraíba,2,Nordeste
2513653,251365,Joca Claudino,25002,Cajazeiras,2501,Sertão Paraibano,25,PB,Paraíba,2,Nordeste
2513703,251370,Santa Rita,25022,João Pessoa,2504,Mata Paraibana,25,PB,Paraíba,2,Nordeste
2513802,251380,Santa Teresinha,25004,Patos,2501,Sertão Paraibano,25,PB,Paraíba,2,Nordeste
2513851,251385,Santo André,25011,Cariri Oriental,2502,Borborema,25,PB,Paraíba,2,Nordeste
2513901,251390,São Bento,25001,Catolé do Rocha,2501,Sertão Paraibano,25,PB,Paraíba,2,Nordeste
2513927,251392,São Bentinho,25003,Sousa,2501,Sertão Paraibano,25,PB,Paraíba,2,Nordeste
2513943,251394,São Domingos do Cariri,25011,Cariri Oriental,2502,Borborema,25,PB,Paraíba,2,Nordeste
2513968,251396,São Domingos,25003,Sousa,2501,Sertão Paraibano,25,PB,Paraíba,2,Nordeste
2513984,251398,São Francisco,25003,Sousa,2501,Sertão Paraibano,25,PB,Paraíba,2,Nordeste
2514008,251400,São João do Cariri,25011,Cariri Oriental,2502,Borborema,25,PB,Paraíba,2,Nordeste
2514107,251410,São João do Tigre,25010,Cariri Ocidental,2502,Borborema,25,PB,Paraíba,2,Nordeste
2514206,251420,São José da Lagoa Tapada,25003,Sousa,2501,Sertão Paraibano,25,PB,Paraíba,2,Nordeste
2514305,251430,São José de Caiana,25006,Itaporanga,2501,Sertão Paraibano,25,PB,Paraíba,2,Nordeste
2514404,251440,São José de Espinharas,25004,Patos,2501,Sertão Paraibano,25,PB,Paraíba,2,Nordeste
2514453,251445,São José dos Ramos,25021,Sapé,2504,Mata Paraibana,25,PB,Paraíba,2,Nordeste
2514503,251450,São José de Piranhas,25002,Cajazeiras,2501,Sertão Paraibano,25,PB,Paraíba,2,Nordeste
2514552,251455,São José de Princesa,25007,Serra do Teixeira,2501,Sertão Paraibano,25,PB,Paraíba,2,Nordeste
2514602,251460,São José do Bonfim,25004,Patos,2501,Sertão Paraibano,25,PB,Paraíba,2,Nordeste
2514651,251465,São José do Brejo do Cruz,25001,Catolé do Rocha,2501,Sertão Paraibano,25,PB,Paraíba,2,Nordeste
2514701,251470,São José do Sabugi,25008,Seridó Ocidental Paraibano,2502,Borborema,25,PB,Paraíba,2,Nordeste
2514800,251480,São José dos Cordeiros,25010,Cariri Ocidental,2502,Borborema,25,PB,Paraíba,2,Nordeste
2514909,251490,São Mamede,25008,Seridó Ocidental Paraibano,2502,Borborema,25,PB,Paraíba,2,Nordeste
2515005,251500,São Miguel de Taipu,25021,Sapé,2504,Mata Paraibana,25,PB,Paraíba,2,Nordeste
2515104,251510,São Sebastião de Lagoa de Roça,25014,Esperança,2503,Agreste Paraibano,25,PB,Paraíba,2,Nordeste
2515203,251520,São Sebastião do Umbuzeiro,25010,Cariri Ocidental,2502,Borborema,25,PB,Paraíba,2,Nordeste
2515302,251530,Sapé,25021,Sapé,2504,Mata Paraibana,25,PB,Paraíba,2,Nordeste
2515401,251540,São Vicente do Seridó,25009,Seridó Oriental Paraibano,2502,Borborema,25,PB,Paraíba,2,Nordeste
2515500,251550,Serra Branca,25010,Cariri Ocidental,2502,Borborema,25,PB,Paraíba,2,Nordeste
2515609,251560,Serra da Raiz,25016,Guarabira,2503,Agreste Paraibano,25,PB,Paraíba,2,Nordeste
2515708,251570,Serra Grande,25006,Itaporanga,2501,Sertão Paraibano,25,PB,Paraíba,2,Nordeste
2515807,251580,Serra Redonda,25017,Campina Grande,2503,Agreste Paraibano,25,PB,Paraíba,2,Nordeste
2515906,251590,Serraria,25015,Brejo Paraibano,2503,Agreste Paraibano,25,PB,Paraíba,2,Nordeste
2515930,251593,Sertãozinho,25016,Guarabira,2503,Agreste Paraibano,25,PB,Paraíba,2,Nordeste
2515971,251597,Sobrado,25021,Sapé,2504,Mata Paraibana,25,PB,Paraíba,2,Nordeste
2516003,251600,Solânea,25013,Curimataú Oriental,2503,Agreste Paraibano,25,PB,Paraíba,2,Nordeste
2516102,251610,Soledade,25012,Curimataú Ocidental,2503,Agreste Paraibano,25,PB,Paraíba,2,Nordeste
2516151,251615,Sossêgo,25012,Curimataú Ocidental,2503,Agreste Paraibano,25,PB,Paraíba,2,Nordeste
2516201,251620,Sousa,25003,Sousa,2501,Sertão Paraibano,25,PB,Paraíba,2,Nordeste
2516300,251630,Sumé,25010,Cariri Ocidental,2502,Borborema,25,PB,Paraíba,2,Nordeste
2516409,251640,Tacima,25013,Curimataú Oriental,2503,Agreste Paraibano,25,PB,Paraíba,2,Nordeste
2516508,251650,Taperoá,25010,Cariri Ocidental,2502,Borborema,25,PB,Paraíba,2,Nordeste
2516607,251660,Tavares,25007,Serra do Teixeira,2501,Sertão Paraibano,25,PB,Paraíba,2,Nordeste
2516706,251670,Teixeira,25007,Serra do Teixeira,2501,Sertão Paraibano,25,PB,Paraíba,2,Nordeste
2516755,251675,Tenório,25009,Seridó Oriental Paraibano,2502,Borborema,25,PB,Paraíba,2,Nordeste
2516805,251680,Triunfo,25002,Cajazeiras,2501,Sertão Paraibano,25,PB,Paraíba,2,Nordeste
2516904,251690,Uiraúna,25002,Cajazeiras,2501,Sertão Paraibano,25,PB,Paraíba,2,Nordeste
2517001,251700,Umbuzeiro,25019,Umbuzeiro,2503,Agreste Paraibano,25,PB,Paraíba,2,Nordeste
2517100,251710,Várzea,25008,Seridó Ocidental Paraibano,2502,Borborema,25,PB,Paraíba,2,Nordeste
2517209,251720,Vieirópolis,25003,Sousa,2501,Sertão Paraibano,25,PB,Paraíba,2,Nordeste
2517407,251740,Zabelê,25010,Cariri Ocidental,2502,Borborema,25,PB,Paraíba,2,Nordeste
2600054,260005,Abreu e Lima,26017,Recife,2605,Metropolitana de Recife,26,PE,Pernambuco,2,Nordeste
2600104,260010,Afogados da Ingazeira,26003,Pajeú,2601,Sertão Pernambucano,26,PE,Pernambuco,2,Nordeste
2600203,260020,Afrânio,26005,Petrolina,2602,São Francisco Pernambucano,26,PE,Pernambuco,2,Nordeste
2600302,260030,Agrestina,26012,Brejo Pernambucano,2603,Agreste Pernambucano,26,PE,Pernambuco,2,Nordeste
2600401,260040,Água Preta,26015,Mata Meridional Pernambucana,2604,Mata Pernambucana,26,PE,Pernambuco,2,Nordeste
2600500,260050,Águas Belas,26007,Vale do Ipanema,2603,Agreste Pernambucano,26,PE,Pernambuco,2,Nordeste
2600609,260060,Alagoinha,26008,Vale do Ipojuca,2603,Agreste Pernambucano,26,PE,Pernambuco,2,Nordeste
2600708,260070,Aliança,26013,Mata Setentrional Pernambucana,2604,Mata Pernambucana,26,PE,Pernambuco,2,Nordeste
2600807,260080,Altinho,26012,Brejo Pernambucano,2603,Agreste Pernambucano,26,PE,Pernambuco,2,Nordeste
2600906,260090,Amaraji,26015,Mata Meridional Pernambucana,2604,Mata Pernambucana,26,PE,Pernambuco,2,Nordeste
2601003,260100,Angelim,26011,Garanhuns,2603,Agreste Pernambucano,26,PE,Pernambuco,2,Nordeste
2601052,260105,Araçoiaba,26016,Itamaracá,2605,Metropolitana de Recife,26,PE,Pernambuco,2,Nordeste
2601102,260110,Araripina,26001,Araripina,2601,Sertão Pernambucano,26,PE,Pernambuco,2,Nordeste
2601201,260120,Arcoverde,26004,Sertão do Moxotó,2601,Sertão Pernambucano,26,PE,Pernambuco,2,Nordeste
2601300,260130,Barra de Guabiraba,26012,Brejo Pernambucano,2603,Agreste Pernambucano,26,PE,Pernambuco,2,Nordeste
2601409,260140,Barreiros,26015,Mata Meridional Pernambucana,2604,Mata Pernambucana,26,PE,Pernambuco,2,Nordeste
2601508,260150,Belém de Maria,26015,Mata Meridional Pernambucana,2604,Mata Pernambucana,26,PE,Pernambuco,2,Nordeste
2601607,260160,Belém do São Francisco,26006,Itaparica,2602,São Francisco Pernambucano,26,PE,Pernambuco,2,Nordeste
2601706,260170,Belo Jardim,26008,Vale do Ipojuca,2603,Agreste Pernambucano,26,PE,Pernambuco,2,Nordeste
2601805,260180,Betânia,26004,Sertão do Moxotó,2601,Sertão Pernambucano,26,PE,Pernambuco,2,Nordeste
2601904,260190,Bezerros,26008,Vale do Ipojuca,2603,Agreste Pernambucano,26,PE,Pernambuco,2,Nordeste
2602001,260200,Bodocó,26001,Araripina,2601,Sertão Pernambucano,26,PE,Pernambuco,2,Nordeste
2602100,260210,Bom Conselho,26011,Garanhuns,2603,Agreste Pernambucano,26,PE,Pernambuco,2,Nordeste
2602209,260220,Bom Jardim,26010,Médio Capibaribe,2603,Agreste Pernambucano,26,PE,Pernambuco,2,Nordeste
2602308,260230,Bonito,26012,Brejo Pernambucano,2603,Agreste Pernambucano,26,PE,Pernambuco,2,Nordeste
2602407,260240,Brejão,26011,Garanhuns,2603,Agreste Pernambucano,26,PE,Pernambuco,2,Nordeste
2602506,260250,Brejinho,26003,Pajeú,2601,Sertão Pernambucano,26,PE,Pernambuco,2,Nordeste
2602605,260260,Brejo da Madre de Deus,26008,Vale do Ipojuca,2603,Agreste Pernambucano,26,PE,Pernambuco,2,Nordeste
2602704,260270,Buenos Aires,26013,Mata Setentrional Pernambucana,2604,Mata Pernambucana,26,PE,Pernambuco,2,Nordeste
2602803,260280,Buíque,26007,Vale do Ipanema,2603,Agreste Pernambucano,26,PE,Pernambuco,2,Nordeste
2602902,260290,Cabo de Santo Agostinho,26018,Suape,2605,Metropolitana de Recife,26,PE,Pernambuco,2,Nordeste
2603009,260300,Cabrobó,26005,Petrolina,2602,São Francisco Pernambucano,26,PE,Pernambuco,2,Nordeste
2603108,260310,Cachoeirinha,26008,Vale do Ipojuca,2603,Agreste Pernambucano,26,PE,Pernambuco,2,Nordeste
2603207,260320,Caetés,26011,Garanhuns,2603,Agreste Pernambucano,26,PE,Pernambuco,2,Nordeste
2603306,260330,Calçado,26011,Garanhuns,2603,Agreste Pernambucano,26,PE,Pernambuco,2,Nordeste
2603405,260340,Calumbi,26003,Pajeú,2601,Sertão Pernambucano,26,PE,Pernambuco,2,Nordeste
2603454,260345,Camaragibe,26017,Recife,2605,Metropolitana de Recife,26,PE,Pernambuco,2,Nordeste
2603504,260350,Camocim de São Félix,26012,Brejo Pernambucano,2603,Agreste Pernambucano,26,PE,Pernambuco,2,Nordeste
2603603,260360,Camutanga,26013,Mata Setentrional Pernambucana,2604,Mata Pernambucana,26,PE,Pernambuco,2,Nordeste
2603702,260370,Canhotinho,26011,Garanhuns,2603,Agreste Pernambucano,26,PE,Pernambuco,2,Nordeste
2603801,260380,Capoeiras,26008,Vale do Ipojuca,2603,Agreste Pernambucano,26,PE,Pernambuco,2,Nordeste
2603900,260390,Carnaíba,26003,Pajeú,2601,Sertão Pernambucano,26,PE,Pernambuco,2,Nordeste
2603926,260392,Carnaubeira da Penha,26006,Itaparica,2602,São Francisco Pernambucano,26,PE,Pernambuco,2,Nordeste
2604007,260400,Carpina,26013,Mata Setentrional Pernambucana,2604,Mata Pernambucana,26,PE,Pernambuco,2,Nordeste
2604106,260410,Caruaru,26008,Vale do Ipojuca,2603,Agreste Pernambucano,26,PE,Pernambuco,2,Nordeste
2604155,260415,Casinhas,26009,Alto Capibaribe,2603,Agreste Pernambucano,26,PE,Pernambuco,2,Nordeste
2604205,260420,Catende,26015,Mata Meridional Pernambucana,2604,Mata Pernambucana,26,PE,Pernambuco,2,Nordeste
2604304,260430,Cedro,26002,Salgueiro,2601,Sertão Pernambucano,26,PE,Pernambuco,2,Nordeste
2604403,260440,Chã de Alegria,26014,Vitória de Santo Antão,2604,Mata Pernambucana,26,PE,Pernambuco,2,Nordeste
2604502,260450,Chã Grande,26014,Vitória de Santo Antão,2604,Mata Pernambucana,26,PE,Pernambuco,2,Nordeste
2604601,260460,Condado,26013,Mata Setentrional Pernambucana,2604,Mata Pernambucana,26,PE,Pernambuco,2,Nordeste
2604700,260470,Correntes,26011,Garanhuns,2603,Agreste Pernambucano,26,PE,Pernambuco,2,Nordeste
2604809,260480,Cortês,26015,Mata Meridional Pernambucana,2604,Mata Pernambucana,26,PE,Pernambuco,2,Nordeste
2604908,260490,Cumaru,26010,Médio Capibaribe,2603,Agreste Pernambucano,26,PE,Pernambuco,2,Nordeste
2605004,260500,Cupira,26012,Brejo Pernambucano,2603,Agreste Pernambucano,26,PE,Pernambuco,2,Nordeste
2605103,260510,Custódia,26004,Sertão do Moxotó,2601,Sertão Pernambucano,26,PE,Pernambuco,2,Nordeste
2605152,260515,Dormentes,26005,Petrolina,2602,São Francisco Pernambucano,26,PE,Pernambuco,2,Nordeste
2605202,260520,Escada,26015,Mata Meridional Pernambucana,2604,Mata Pernambucana,26,PE,Pernambuco,2,Nordeste
2605301,260530,Exu,26001,Araripina,2601,Sertão Pernambucano,26,PE,Pernambuco,2,Nordeste
2605400,260540,Feira Nova,26010,Médio Capibaribe,2603,Agreste Pernambucano,26,PE,Pernambuco,2,Nordeste
2605459,260545,Fernando de Noronha,26019,Fernando de Noronha,2605,Metropolitana de Recife,26,PE,Pernambuco,2,Nordeste
2605509,260550,Ferreiros,26013,Mata Setentrional Pernambucana,2604,Mata Pernambucana,26,PE,Pernambuco,2,Nordeste
2605608,260560,Flores,26003,Pajeú,2601,Sertão Pernambucano,26,PE,Pernambuco,2,Nordeste
2605707,260570,Floresta,26006,Itaparica,2602,São Francisco Pernambucano,26,PE,Pernambuco,2,Nordeste
2605806,260580,Frei Miguelinho,26009,Alto Capibaribe,2603,Agreste Pernambucano,26,PE,Pernambuco,2,Nordeste
2605905,260590,Gameleira,26015,Mata Meridional Pernambucana,2604,Mata Pernambucana,26,PE,Pernambuco,2,Nordeste
2606002,260600,Garanhuns,26011,Garanhuns,2603,Agreste Pernambucano,26,PE,Pernambuco,2,Nordeste
2606101,260610,Glória do Goitá,26014,Vitória de Santo Antão,2604,Mata Pernambucana,26,PE,Pernambuco,2,Nordeste
2606200,260620,Goiana,26013,Mata Setentrional Pernambucana,2604,Mata Pernambucana,26,PE,Pernambuco,2,Nordeste
2606309,260630,Granito,26001,Araripina,2601,Sertão Pernambucano,26,PE,Pernambuco,2,Nordeste
2606408,260640,Gravatá,26008,Vale do Ipojuca,2603,Agreste Pernambucano,26,PE,Pernambuco,2,Nordeste
2606507,260650,Iati,26011,Garanhuns,2603,Agreste Pernambucano,26,PE,Pernambuco,2,Nordeste
2606606,260660,Ibimirim,26004,Sertão do Moxotó,2601,Sertão Pernambucano,26,PE,Pernambuco,2,Nordeste
2606705,260670,Ibirajuba,26012,Brejo Pernambucano,2603,Agreste Pernambucano,26,PE,Pernambuco,2,Nordeste
2606804,260680,Igarassu,26016,Itamaracá,2605,Metropolitana de Recife,26,PE,Pernambuco,2,Nordeste
2606903,260690,Iguaracy,26003,Pajeú,2601,Sertão Pernambucano,26,PE,Pernambuco,2,Nordeste
2607000,260700,Inajá,26004,Sertão do Moxotó,2601,Sertão Pernambucano,26,PE,Pernambuco,2,Nordeste
2607109,260710,Ingazeira,26003,Pajeú,2601,Sertão Pernambucano,26,PE,Pernambuco,2,Nordeste
2607208,260720,Ipojuca,26018,Suape,2605,Metropolitana de Recife,26,PE,Pernambuco,2,Nordeste
2607307,260730,Ipubi,26001,Araripina,2601,Sertão Pernambucano,26,PE,Pernambuco,2,Nordeste
2607406,260740,Itacuruba,26006,Itaparica,2602,São Francisco Pernambucano,26,PE,Pernambuco,2,Nordeste
2607505,260750,Itaíba,26007,Vale do Ipanema,2603,Agreste Pernambucano,26,PE,Pernambuco,2,Nordeste
2607604,260760,Ilha de Itamaracá,26016,Itamaracá,2605,Metropolitana de Recife,26,PE,Pernambuco,2,Nordeste
2607653,260765,Itambé,26013,Mata Setentrional Pernambucana,2604,Mata Pernambucana,26,PE,Pernambuco,2,Nordeste
2607703,260770,Itapetim,26003,Pajeú,2601,Sertão Pernambucano,26,PE,Pernambuco,2,Nordeste
2607752,260775,Itapissuma,26016,Itamaracá,2605,Metropolitana de Recife,26,PE,Pernambuco,2,Nordeste
2607802,260780,Itaquitinga,26013,Mata Setentrional Pernambucana,2604,Mata Pernambucana,26,PE,Pernambuco,2,Nordeste
2607901,260790,Jaboatão dos Guararapes,26017,Recife,2605,Metropolitana de Recife,26,PE,Pernambuco,2,Nordeste
2607950,260795,Jaqueira,26015,Mata Meridional Pernambucana,2604,Mata Pernambucana,26,PE,Pernambuco,2,Nordeste
2608008,260800,Jataúba,26008,Vale do Ipojuca,2603,Agreste Pernambucano,26,PE,Pernambuco,2,Nordeste
2608057,260805,Jatobá,26006,Itaparica,2602,São Francisco Pernambucano,26,PE,Pernambuco,2,Nordeste
2608107,260810,João Alfredo,26010,Médio Capibaribe,2603,Agreste Pernambucano,26,PE,Pernambuco,2,Nordeste
2608206,260820,Joaquim Nabuco,26015,Mata Meridional Pernambucana,2604,Mata Pernambucana,26,PE,Pernambuco,2,Nordeste
2608255,260825,Jucati,26011,Garanhuns,2603,Agreste Pernambucano,26,PE,Pernambuco,2,Nordeste
2608305,260830,Jupi,26011,Garanhuns,2603,Agreste Pernambucano,26,PE,Pernambuco,2,Nordeste
2608404,260840,Jurema,26011,Garanhuns,2603,Agreste Pernambucano,26,PE,Pernambuco,2,Nordeste
2608453,260845,Lagoa do Carro,26013,Mata Setentrional Pernambucana,2604,Mata Pernambucana,26,PE,Pernambuco,2,Nordeste
2608503,260850,Lagoa de Itaenga,26013,Mata Setentrional Pernambucana,2604,Mata Pernambucana,26,PE,Pernambuco,2,Nordeste
2608602,260860,Lagoa do Ouro,26011,Garanhuns,2603,Agreste Pernambucano,26,PE,Pernambuco,2,Nordeste
2608701,260870,Lagoa dos Gatos,26012,Brejo Pernambucano,2603,Agreste Pernambucano,26,PE,Pernambuco,2,Nordeste
2608750,260875,Lagoa Grande,26005,Petrolina,2602,São Francisco Pernambucano,26,PE,Pernambuco,2,Nordeste
2608800,260880,Lajedo,26011,Garanhuns,2603,Agreste Pernambucano,26,PE,Pernambuco,2,Nordeste
2608909,260890,Limoeiro,26010,Médio Capibaribe,2603,Agreste Pernambucano,26,PE,Pernambuco,2,Nordeste
2609006,260900,Macaparana,26013,Mata Setentrional Pernambucana,2604,Mata Pernambucana,26,PE,Pernambuco,2,Nordeste
2609105,260910,Machados,26010,Médio Capibaribe,2603,Agreste Pernambucano,26,PE,Pernambuco,2,Nordeste
2609154,260915,Manari,26004,Sertão do Moxotó,2601,Sertão Pernambucano,26,PE,Pernambuco,2,Nordeste
2609204,260920,Maraial,26015,Mata Meridional Pernambucana,2604,Mata Pernambucana,26,PE,Pernambuco,2,Nordeste
2609303,260930,Mirandiba,26002,Salgueiro,2601,Sertão Pernambucano,26,PE,Pernambuco,2,Nordeste
2609402,260940,Moreno,26017,Recife,2605,Metropolitana de Recife,26,PE,Pernambuco,2,Nordeste
2609501,260950,Nazaré da Mata,26013,Mata Setentrional Pernambucana,2604,Mata Pernambucana,26,PE,Pernambuco,2,Nordeste
2609600,260960,Olinda,26017,Recife,2605,Metropolitana de Recife,26,PE,Pernambuco,2,Nordeste
2609709,260970,Orobó,26010,Médio Capibaribe,2603,Agreste Pernambucano,26,PE,Pernambuco,2,Nordeste
2609808,260980,Orocó,26005,Petrolina,2602,São Francisco Pernambucano,26,PE,Pernambuco,2,Nordeste
2609907,260990,Ouricuri,26001,Araripina,2601,Sertão Pernambucano,26,PE,Pernambuco,2,Nordeste
2610004,261000,Palmares,26015,Mata Meridional Pernambucana,2604,Mata Pernambucana,26,PE,Pernambuco,2,Nordeste
2610103,261010,Palmeirina,26011,Garanhuns,2603,Agreste Pernambucano,26,PE,Pernambuco,2,Nordeste
2610202,261020,Panelas,26012,Brejo Pernambucano,2603,Agreste Pernambucano,26,PE,Pernambuco,2,Nordeste
2610301,261030,Paranatama,26011,Garanhuns,2603,Agreste Pernambucano,26,PE,Pernambuco,2,Nordeste
2610400,261040,Parnamirim,26002,Salgueiro,2601,Sertão Pernambucano,26,PE,Pernambuco,2,Nordeste
2610509,261050,Passira,26010,Médio Capibaribe,2603,Agreste Pernambucano,26,PE,Pernambuco,2,Nordeste
2610608,261060,Paudalho,26013,Mata Setentrional Pernambucana,2604,Mata Pernambucana,26,PE,Pernambuco,2,Nordeste
2610707,261070,Paulista,26017,Recife,2605,Metropolitana de Recife,26,PE,Pernambuco,2,Nordeste
2610806,261080,Pedra,26007,Vale do Ipanema,2603,Agreste Pernambucano,26,PE,Pernambuco,2,Nordeste
2610905,261090,Pesqueira,26008,Vale do Ipojuca,2603,Agreste Pernambucano,26,PE,Pernambuco,2,Nordeste
2611002,261100,Petrolândia,26006,Itaparica,2602,São Francisco Pernambucano,26,PE,Pernambuco,2,Nordeste
2611101,261110,Petrolina,26005,Petrolina,2602,São Francisco Pernambucano,26,PE,Pernambuco,2,Nordeste
2611200,261120,Poção,26008,Vale do Ipojuca,2603,Agreste Pernambucano,26,PE,Pernambuco,2,Nordeste
2611309,261130,Pombos,26014,Vitória de Santo Antão,2604,Mata Pernambucana,26,PE,Pernambuco,2,Nordeste
2611408,261140,Primavera,26015,Mata Meridional Pernambucana,2604,Mata Pernambucana,26,PE,Pernambuco,2,Nordeste
2611507,261150,Quipapá,26015,Mata Meridional Pernambucana,2604,Mata Pernambucana,26,PE,Pernambuco,2,Nordeste
2611533,261153,Quixaba,26003,Pajeú,2601,Sertão Pernambucano,26,PE,Pernambuco,2,Nordeste
2611606,261160,Recife,26017,Recife,2605,Metropolitana de Recife,26,PE,Pernambuco,2,Nordeste
2611705,261170,Riacho das Almas,26008,Vale do Ipojuca,2603,Agreste Pernambucano,26,PE,Pernambuco,2,Nordeste
2611804,261180,Ribeirão,26015,Mata Meridional Pernambucana,2604,Mata Pernambucana,26,PE,Pernambuco,2,Nordeste
2611903,261190,Rio Formoso,26015,Mata Meridional Pernambucana,2604,Mata Pernambucana,26,PE,Pernambuco,2,Nordeste
2612000,261200,Sairé,26012,Brejo Pernambucano,2603,Agreste Pernambucano,26,PE,Pernambuco,2,Nordeste
2612109,261210,Salgadinho,26010,Médio Capibaribe,2603,Agreste Pernambucano,26,PE,Pernambuco,2,Nordeste
2612208,261220,Salgueiro,26002,Salgueiro,2601,Sertão Pernambucano,26,PE,Pernambuco,2,Nordeste
2612307,261230,Saloá,26011,Garanhuns,2603,Agreste Pernambucano,26,PE,Pernambuco,2,Nordeste
2612406,261240,Sanharó,26008,Vale do Ipojuca,2603,Agreste Pernambucano,26,PE,Pernambuco,2,Nordeste
2612455,261245,Santa Cruz,26001,Araripina,2601,Sertão Pernambucano,26,PE,Pernambuco,2,Nordeste
2612471,261247,Santa Cruz da Baixa Verde,26003,Pajeú,2601,Sertão Pernambucano,26,PE,Pernambuco,2,Nordeste
2612505,261250,Santa Cruz do Capibaribe,26009,Alto Capibaribe,2603,Agreste Pernambucano,26,PE,Pernambuco,2,Nordeste
2612554,261255,Santa Filomena,26001,Araripina,2601,Sertão Pernambucano,26,PE,Pernambuco,2,Nordeste
2612604,261260,Santa Maria da Boa Vista,26005,Petrolina,2602,São Francisco Pernambucano,26,PE,Pernambuco,2,Nordeste
2612703,261270,Santa Maria do Cambucá,26009,Alto Capibaribe,2603,Agreste Pernambucano,26,PE,Pernambuco,2,Nordeste
2612802,261280,Santa Terezinha,26003,Pajeú,2601,Sertão Pernambucano,26,PE,Pernambuco,2,Nordeste
2612901,261290,São Benedito do Sul,26015,Mata Meridional Pernambucana,2604,Mata Pernambucana,26,PE,Pernambuco,2,Nordeste
2613008,261300,São Bento do Una,26008,Vale do Ipojuca,2603,Agreste Pernambucano,26,PE,Pernambuco,2,Nordeste
2613107,261310,São Caitano,26008,Vale do Ipojuca,2603,Agreste Pernambucano,26,PE,Pernambuco,2,Nordeste
2613206,261320,São João,26011,Garanhuns,2603,Agreste Pernambucano,26,PE,Pernambuco,2,Nordeste
2613305,261330,São Joaquim do Monte,26012,Brejo Pernambucano,2603,Agreste Pernambucano,26,PE,Pernambuco,2,Nordeste
2613404,261340,São José da Coroa Grande,26015,Mata Meridional Pernambucana,2604,Mata Pernambucana,26,PE,Pernambuco,2,Nordeste
2613503,261350,São José do Belmonte,26002,Salgueiro,2601,Sertão Pernambucano,26,PE,Pernambuco,2,Nordeste
2613602,261360,São José do Egito,26003,Pajeú,2601,Sertão Pernambucano,26,PE,Pernambuco,2,Nordeste
2613701,261370,São Lourenço da Mata,26017,Recife,2605,Metropolitana de Recife,26,PE,Pernambuco,2,Nordeste
2613800,261380,São Vicente Férrer,26010,Médio Capibaribe,2603,Agreste Pernambucano,26,PE,Pernambuco,2,Nordeste
2613909,261390,Serra Talhada,26003,Pajeú,2601,Sertão Pernambucano,26,PE,Pernambuco,2,Nordeste
2614006,261400,Serrita,26002,Salgueiro,2601,Sertão Pernambucano,26,PE,Pernambuco,2,Nordeste
2614105,261410,Sertânia,26004,Sertão do Moxotó,2601,Sertão Pernambucano,26,PE,Pernambuco,2,Nordeste
2614204,261420,Sirinhaém,26015,Mata Meridional Pernambucana,2604,Mata Pernambucana,26,PE,Pernambuco,2,Nordeste
2614303,261430,Moreilândia,26001,Araripina,2601,Sertão Pernambucano,26,PE,Pernambuco,2,Nordeste
2614402,261440,Solidão,26003,Pajeú,2601,Sertão Pernambucano,26,PE,Pernambuco,2,Nordeste
2614501,261450,Surubim,26009,Alto Capibaribe,2603,Agreste Pernambucano,26,PE,Pernambuco,2,Nordeste
2614600,261460,Tabira,26003,Pajeú,2601,Sertão Pernambucano,26,PE,Pernambuco,2,Nordeste
2614709,261470,Tacaimbó,26008,Vale do Ipojuca,2603,Agreste Pernambucano,26,PE,Pernambuco,2,Nordeste
2614808,261480,Tacaratu,26006,Itaparica,2602,São Francisco Pernambucano,26,PE,Pernambuco,2,Nordeste
2614857,261485,Tamandaré,26015,Mata Meridional Pernambucana,2604,Mata Pernambucana,26,PE,Pernambuco,2,Nordeste
2615003,261500,Taquaritinga do Norte,26009,Alto Capibaribe,2603,Agreste Pernambucano,26,PE,Pernambuco,2,Nordeste
2615102,261510,Terezinha,26011,Garanhuns,2603,Agreste Pernambucano,26,PE,Pernambuco,2,Nordeste
2615201,261520,Terra Nova,26005,Petrolina,2602,São Francisco Pernambucano,26,PE,Pernambuco,2,Nordeste
2615300,261530,Timbaúba,26013,Mata Setentrional Pernambucana,2604,Mata Pernambucana,26,PE,Pernambuco,2,Nordeste
2615409,261540,Toritama,26009,Alto Capibaribe,2603,Agreste Pernambucano,26,PE,Pernambuco,2,Nordeste
2615508,261550,Tracunhaém,26013,Mata Setentrional Pernambucana,2604,Mata Pernambucana,26,PE,Pernambuco,2,Nordeste
2615607,261560,Trindade,26001,Araripina,2601,Sertão Pernambucano,26,PE,Pernambuco,2,Nordeste
2615706,261570,Triunfo,26003,Pajeú,2601,Sertão Pernambucano,26,PE,Pernambuco,2,Nordeste
2615805,261580,Tupanatinga,26007,Vale do Ipanema,2603,Agreste Pernambucano,26,PE,Pernambuco,2,Nordeste
2615904,261590,Tuparetama,26003,Pajeú,2601,Sertão Pernambucano,26,PE,Pernambuco,2,Nordeste
2616001,261600,Venturosa,26007,Vale do Ipanema,2603,Agreste Pernambucano,26,PE,Pernambuco,2,Nordeste
2616100,261610,Verdejante,26002,Salgueiro,2601,Sertão Pernambucano,26,PE,Pernambuco,2,Nordeste
2616183,261618,Vertente do Lério,26009,Alto Capibaribe,2603,Agreste Pernambucano,26,PE,Pernambuco,2,Nordeste
2616209,261620,Vertentes,26009,Alto Capibaribe,2603,Agreste Pernambucano,26,PE,Pernambuco,2,Nordeste
2616308,261630,Vicência,26013,Mata Setentrional Pernambucana,2604,Mata Pernambucana,26,PE,Pernambuco,2,Nordeste
2616407,261640,Vitória de Santo Antão,26014,Vitória de Santo Antão,2604,Mata Pernambucana,26,PE,Pernambuco,2,Nordeste
2616506,261650,Xexéu,26015,Mata Meridional Pernambucana,2604,Mata Pernambucana,26,PE,Pernambuco,2,Nordeste
2700102,270010,Água Branca,27001,Serrana do Sertão Alagoano,2701,Sertão Alagoano,27,AL,Alagoas,2,Nordeste
2700201,270020,Anadia,27012,São Miguel dos Campos,2703,Leste Alagoano,27,AL,Alagoas,2,Nordeste
2700300,270030,Arapiraca,27006,Arapiraca,2702,Agreste Alagoano,27,AL,Alagoas,2,Nordeste
2700409,270040,Atalaia,27009,Mata Alagoana,2703,Leste Alagoano,27,AL,Alagoas,2,Nordeste
2700508,270050,Barra de Santo Antônio,27011,Maceió,2703,Leste Alagoano,27,AL,Alagoas,2,Nordeste
2700607,270060,Barra de São Miguel,27011,Maceió,2703,Leste Alagoano,27,AL,Alagoas,2,Nordeste
2700706,270070,Batalha,27004,Batalha,2701,Sertão Alagoano,27,AL,Alagoas,2,Nordeste
2700805,270080,Belém,27005,Palmeira dos Índios,2702,Agreste Alagoano,27,AL,Alagoas,2,Nordeste
2700904,270090,Belo Monte,27004,Batalha,2701,Sertão Alagoano,27,AL,Alagoas,2,Nordeste
2701001,270100,Boca da Mata,27012,São Miguel dos Campos,2703,Leste Alagoano,27,AL,Alagoas,2,Nordeste
2701100,270110,Branquinha,27009,Mata Alagoana,2703,Leste Alagoano,27,AL,Alagoas,2,Nordeste
2701209,270120,Cacimbinhas,27005,Palmeira dos Índios,2702,Agreste Alagoano,27,AL,Alagoas,2,Nordeste
2701308,270130,Cajueiro,27009,Mata Alagoana,2703,Leste Alagoano,27,AL,Alagoas,2,Nordeste
2701357,270135,Campestre,27009,Mata Alagoana,2703,Leste Alagoano,27,AL,Alagoas,2,Nordeste
2701407,270140,Campo Alegre,27012,São Miguel dos Campos,2703,Leste Alagoano,27,AL,Alagoas,2,Nordeste
2701506,270150,Campo Grande,27006,Arapiraca,2702,Agreste Alagoano,27,AL,Alagoas,2,Nordeste
2701605,270160,Canapi,27001,Serrana do Sertão Alagoano,2701,Sertão Alagoano,27,AL,Alagoas,2,Nordeste
2701704,270170,Capela,27009,Mata Alagoana,2703,Leste Alagoano,27,AL,Alagoas,2,Nordeste
2701803,270180,Carneiros,27003,Santana do Ipanema,2701,Sertão Alagoano,27,AL,Alagoas,2,Nordeste
2701902,270190,Chã Preta,27008,Serrana dos Quilombos,2703,Leste Alagoano,27,AL,Alagoas,2,Nordeste
2702009,270200,Coité do Nóia,27006,Arapiraca,2702,Agreste Alagoano,27,AL,Alagoas,2,Nordeste
2702108,270210,Colônia Leopoldina,27009,Mata Alagoana,2703,Leste Alagoano,27,AL,Alagoas,2,Nordeste
2702207,270220,Coqueiro Seco,27011,Maceió,2703,Leste Alagoano,27,AL,Alagoas,2,Nordeste
2702306,270230,Coruripe,27012,São Miguel dos Campos,2703,Leste Alagoano,27,AL,Alagoas,2,Nordeste
2702355,270235,Craíbas,27006,Arapiraca,2702,Agreste Alagoano,27,AL,Alagoas,2,Nordeste
2702405,270240,Delmiro Gouveia,27002,Alagoana do Sertão do São Francisco,2701,Sertão Alagoano,27,AL,Alagoas,2,Nordeste
2702504,270250,Dois Riachos,27003,Santana do Ipanema,2701,Sertão Alagoano,27,AL,Alagoas,2,Nordeste
2702553,270255,Estrela de Alagoas,27005,Palmeira dos Índios,2702,Agreste Alagoano,27,AL,Alagoas,2,Nordeste
2702603,270260,Feira Grande,27006,Arapiraca,2702,Agreste Alagoano,27,AL,Alagoas,2,Nordeste
2702702,270270,Feliz Deserto,27013,Penedo,2703,Leste Alagoano,27,AL,Alagoas,2,Nordeste
2702801,270280,Flexeiras,27009,Mata Alagoana,2703,Leste Alagoano,27,AL,Alagoas,2,Nordeste
2702900,270290,Girau do Ponciano,27006,Arapiraca,2702,Agreste Alagoano,27,AL,Alagoas,2,Nordeste
2703007,270300,Ibateguara,27008,Serrana dos Quilombos,2703,Leste Alagoano,27,AL,Alagoas,2,Nordeste
2703106,270310,Igaci,27005,Palmeira dos Índios,2702,Agreste Alagoano,27,AL,Alagoas,2,Nordeste
2703205,270320,Igreja Nova,27013,Penedo,2703,Leste Alagoano,27,AL,Alagoas,2,Nordeste
2703304,270330,Inhapi,27001,Serrana do Sertão Alagoano,2701,Sertão Alagoano,27,AL,Alagoas,2,Nordeste
2703403,270340,Jacaré dos Homens,27004,Batalha,2701,Sertão Alagoano,27,AL,Alagoas,2,Nordeste
2703502,270350,Jacuípe,27009,Mata Alagoana,2703,Leste Alagoano,27,AL,Alagoas,2,Nordeste
2703601,270360,Japaratinga,27010,Litoral Norte Alagoano,2703,Leste Alagoano,27,AL,Alagoas,2,Nordeste
2703700,270370,Jaramataia,27004,Batalha,2701,Sertão Alagoano,27,AL,Alagoas,2,Nordeste
2703759,270375,Jequiá da Praia,27012,São Miguel dos Campos,2703,Leste Alagoano,27,AL,Alagoas,2,Nordeste
2703809,270380,Joaquim Gomes,27009,Mata Alagoana,2703,Leste Alagoano,27,AL,Alagoas,2,Nordeste
2703908,270390,Jundiá,27009,Mata Alagoana,2703,Leste Alagoano,27,AL,Alagoas,2,Nordeste
2704005,270400,Junqueiro,27012,São Miguel dos Campos,2703,Leste Alagoano,27,AL,Alagoas,2,Nordeste
2704104,270410,Lagoa da Canoa,27006,Arapiraca,2702,Agreste Alagoano,27,AL,Alagoas,2,Nordeste
2704203,270420,Limoeiro de Anadia,27006,Arapiraca,2702,Agreste Alagoano,27,AL,Alagoas,2,Nordeste
2704302,270430,Maceió,27011,Maceió,2703,Leste Alagoano,27,AL,Alagoas,2,Nordeste
2704401,270440,Major Isidoro,27004,Batalha,2701,Sertão Alagoano,27,AL,Alagoas,2,Nordeste
2704500,270450,Maragogi,27010,Litoral Norte Alagoano,2703,Leste Alagoano,27,AL,Alagoas,2,Nordeste
2704609,270460,Maravilha,27003,Santana do Ipanema,2701,Sertão Alagoano,27,AL,Alagoas,2,Nordeste
2704708,270470,Marechal Deodoro,27011,Maceió,2703,Leste Alagoano,27,AL,Alagoas,2,Nordeste
2704807,270480,Maribondo,27005,Palmeira dos Índios,2702,Agreste Alagoano,27,AL,Alagoas,2,Nordeste
2704906,270490,Mar Vermelho,27005,Palmeira dos Índios,2702,Agreste Alagoano,27,AL,Alagoas,2,Nordeste
2705002,270500,Mata Grande,27001,Serrana do Sertão Alagoano,2701,Sertão Alagoano,27,AL,Alagoas,2,Nordeste
2705101,270510,Matriz de Camaragibe,27009,Mata Alagoana,2703,Leste Alagoano,27,AL,Alagoas,2,Nordeste
2705200,270520,Messias,27009,Mata Alagoana,2703,Leste Alagoano,27,AL,Alagoas,2,Nordeste
2705309,270530,Minador do Negrão,27005,Palmeira dos Índios,2702,Agreste Alagoano,27,AL,Alagoas,2,Nordeste
2705408,270540,Monteirópolis,27004,Batalha,2701,Sertão Alagoano,27,AL,Alagoas,2,Nordeste
2705507,270550,Murici,27009,Mata Alagoana,2703,Leste Alagoano,27,AL,Alagoas,2,Nordeste
2705606,270560,Novo Lino,27009,Mata Alagoana,2703,Leste Alagoano,27,AL,Alagoas,2,Nordeste
2705705,270570,Olho d'Água das Flores,27004,Batalha,2701,Sertão Alagoano,27,AL,Alagoas,2,Nordeste
2705804,270580,Olho d'Água do Casado,27002,Alagoana do Sertão do São Francisco,2701,Sertão Alagoano,27,AL,Alagoas,2,Nordeste
2705903,270590,Olho d'Água Grande,27007,Traipu,2702,Agreste Alagoano,27,AL,Alagoas,2,Nordeste
2706000,270600,Olivença,27004,Batalha,2701,Sertão Alagoano,27,AL,Alagoas,2,Nordeste
2706109,270610,Ouro Branco,27003,Santana do Ipanema,2701,Sertão Alagoano,27,AL,Alagoas,2,Nordeste
2706208,270620,Palestina,27003,Santana do Ipanema,2701,Sertão Alagoano,27,AL,Alagoas,2,Nordeste
2706307,270630,Palmeira dos Índios,27005,Palmeira dos Índios,2702,Agreste Alagoano,27,AL,Alagoas,2,Nordeste
2706406,270640,Pão de Açúcar,27003,Santana do Ipanema,2701,Sertão Alagoano,27,AL,Alagoas,2,Nordeste
2706422,270642,Pariconha,27001,Serrana do Sertão Alagoano,2701,Sertão Alagoano,27,AL,Alagoas,2,Nordeste
2706448,270644,Paripueira,27011,Maceió,2703,Leste Alagoano,27,AL,Alagoas,2,Nordeste
2706505,270650,Passo de Camaragibe,27010,Litoral Norte Alagoano,2703,Leste Alagoano,27,AL,Alagoas,2,Nordeste
2706604,270660,Paulo Jacinto,27005,Palmeira dos Índios,2702,Agreste Alagoano,27,AL,Alagoas,2,Nordeste
2706703,270670,Penedo,27013,Penedo,2703,Leste Alagoano,27,AL,Alagoas,2,Nordeste
2706802,270680,Piaçabuçu,27013,Penedo,2703,Leste Alagoano,27,AL,Alagoas,2,Nordeste
2706901,270690,Pilar,27011,Maceió,2703,Leste Alagoano,27,AL,Alagoas,2,Nordeste
2707008,270700,Pindoba,27008,Serrana dos Quilombos,2703,Leste Alagoano,27,AL,Alagoas,2,Nordeste
2707107,270710,Piranhas,27002,Alagoana do Sertão do São Francisco,2701,Sertão Alagoano,27,AL,Alagoas,2,Nordeste
2707206,270720,Poço das Trincheiras,27003,Santana do Ipanema,2701,Sertão Alagoano,27,AL,Alagoas,2,Nordeste
2707305,270730,Porto Calvo,27009,Mata Alagoana,2703,Leste Alagoano,27,AL,Alagoas,2,Nordeste
2707404,270740,Porto de Pedras,27010,Litoral Norte Alagoano,2703,Leste Alagoano,27,AL,Alagoas,2,Nordeste
2707503,270750,Porto Real do Colégio,27013,Penedo,2703,Leste Alagoano,27,AL,Alagoas,2,Nordeste
2707602,270760,Quebrangulo,27005,Palmeira dos Índios,2702,Agreste Alagoano,27,AL,Alagoas,2,Nordeste
2707701,270770,Rio Largo,27011,Maceió,2703,Leste Alagoano,27,AL,Alagoas,2,Nordeste
2707800,270780,Roteiro,27012,São Miguel dos Campos,2703,Leste Alagoano,27,AL,Alagoas,2,Nordeste
2707909,270790,Santa Luzia do Norte,27011,Maceió,2703,Leste Alagoano,27,AL,Alagoas,2,Nordeste
2708006,270800,Santana do Ipanema,27003,Santana do Ipanema,2701,Sertão Alagoano,27,AL,Alagoas,2,Nordeste
2708105,270810,Santana do Mundaú,27008,Serrana dos Quilombos,2703,Leste Alagoano,27,AL,Alagoas,2,Nordeste
2708204,270820,São Brás,27007,Traipu,2702,Agreste Alagoano,27,AL,Alagoas,2,Nordeste
2708303,270830,São José da Laje,27008,Serrana dos Quilombos,2703,Leste Alagoano,27,AL,Alagoas,2,Nordeste
2708402,270840,São José da Tapera,27003,Santana do Ipanema,2701,Sertão Alagoano,27,AL,Alagoas,2,Nordeste
2708501,270850,São Luís do Quitunde,27009,Mata Alagoana,2703,Leste Alagoano,27,AL,Alagoas,2,Nordeste
2708600,270860,São Miguel dos Campos,27012,São Miguel dos Campos,2703,Leste Alagoano,27,AL,Alagoas,2,Nordeste
2708709,270870,São Miguel dos Milagres,27010,Litoral Norte Alagoano,2703,Leste Alagoano,27,AL,Alagoas,2,Nordeste
2708808,270880,São Sebastião,27006,Arapiraca,2702,Agreste Alagoano,27,AL,Alagoas,2,Nordeste
2708907,270890,Satuba,27011,Maceió,2703,Leste Alagoano,27,AL,Alagoas,2,Nordeste
2708956,270895,Senador Rui Palmeira,27003,Santana do Ipanema,2701,Sertão Alagoano,27,AL,Alagoas,2,Nordeste
2709004,270900,Tanque d'Arca,27005,Palmeira dos Índios,2702,Agreste Alagoano,27,AL,Alagoas,2,Nordeste
2709103,270910,Taquarana,27006,Arapiraca,2702,Agreste Alagoano,27,AL,Alagoas,2,Nordeste
2709152,270915,Teotônio Vilela,27012,São Miguel dos Campos,2703,Leste Alagoano,27,AL,Alagoas,2,Nordeste
2709202,270920,Traipu,27007,Traipu,2702,Agreste Alagoano,27,AL,Alagoas,2,Nordeste
2709301,270930,União dos Palmares,27008,Serrana dos Quilombos,2703,Leste Alagoano,27,AL,Alagoas,2,Nordeste
2709400,270940,Viçosa,27008,Serrana dos Quilombos,2703,Leste Alagoano,27,AL,Alagoas,2,Nordeste
2800100,280010,Amparo do São Francisco,28007,Propriá,2803,Leste Sergipano,28,SE,Sergipe,2,Nordeste
2800209,280020,Aquidabã,28003,Nossa Senhora das Dores,2802,Agreste Sergipano,28,SE,Sergipe,2,Nordeste
2800308,280030,Aracaju,28011,Aracaju,2803,Leste Sergipano,28,SE,Sergipe,2,Nordeste
2800407,280040,Arauá,28012,Boquim,2803,Leste Sergipano,28,SE,Sergipe,2,Nordeste
2800506,280050,Areia Branca,28004,Agreste de Itabaiana,2802,Agreste Sergipano,28,SE,Sergipe,2,Nordeste
2800605,280060,Barra dos Coqueiros,28011,Aracaju,2803,Leste Sergipano,28,SE,Sergipe,2,Nordeste
2800670,280067,Boquim,28012,Boquim,2803,Leste Sergipano,28,SE,Sergipe,2,Nordeste
2800704,280070,Brejo Grande,28007,Propriá,2803,Leste Sergipano,28,SE,Sergipe,2,Nordeste
2801009,280100,Campo do Brito,28004,Agreste de Itabaiana,2802,Agreste Sergipano,28,SE,Sergipe,2,Nordeste
2801108,280110,Canhoba,28007,Propriá,2803,Leste Sergipano,28,SE,Sergipe,2,Nordeste
2801207,280120,Canindé de São Francisco,28001,Sergipana do Sertão do São Francisco,2801,Sertão Sergipano,28,SE,Sergipe,2,Nordeste
2801306,280130,Capela,28008,Cotinguiba,2803,Leste Sergipano,28,SE,Sergipe,2,Nordeste
2801405,280140,Carira,28002,Carira,2801,Sertão Sergipano,28,SE,Sergipe,2,Nordeste
2801504,280150,Carmópolis,28010,Baixo Cotinguiba,2803,Leste Sergipano,28,SE,Sergipe,2,Nordeste
2801603,280160,Cedro de São João,28007,Propriá,2803,Leste Sergipano,28,SE,Sergipe,2,Nordeste
2801702,280170,Cristinápolis,28012,Boquim,2803,Leste Sergipano,28,SE,Sergipe,2,Nordeste
2801900,280190,Cumbe,28003,Nossa Senhora das Dores,2802,Agreste Sergipano,28,SE,Sergipe,2,Nordeste
2802007,280200,Divina Pastora,28008,Cotinguiba,2803,Leste Sergipano,28,SE,Sergipe,2,Nordeste
2802106,280210,Estância,28013,Estância,2803,Leste Sergipano,28,SE,Sergipe,2,Nordeste
2802205,280220,Feira Nova,28001,Sergipana do Sertão do São Francisco,2801,Sertão Sergipano,28,SE,Sergipe,2,Nordeste
2802304,280230,Frei Paulo,28002,Carira,2801,Sertão Sergipano,28,SE,Sergipe,2,Nordeste
2802403,280240,Gararu,28001,Sergipana do Sertão do São Francisco,2801,Sertão Sergipano,28,SE,Sergipe,2,Nordeste
2802502,280250,General Maynard,28010,Baixo Cotinguiba,2803,Leste Sergipano,28,SE,Sergipe,2,Nordeste
2802601,280260,Graccho Cardoso,28001,Sergipana do Sertão do São Francisco,2801,Sertão Sergipano,28,SE,Sergipe,2,Nordeste
2802700,280270,Ilha das Flores,28007,Propriá,2803,Leste Sergipano,28,SE,Sergipe,2,Nordeste
2802809,280280,Indiaroba,28013,Estância,2803,Leste Sergipano,28,SE,Sergipe,2,Nordeste
2802908,280290,Itabaiana,28004,Agreste de Itabaiana,2802,Agreste Sergipano,28,SE,Sergipe,2,Nordeste
2803005,280300,Itabaianinha,28012,Boquim,2803,Leste Sergipano,28,SE,Sergipe,2,Nordeste
2803104,280310,Itabi,28001,Sergipana do Sertão do São Francisco,2801,Sertão Sergipano,28,SE,Sergipe,2,Nordeste
2803203,280320,Itaporanga d'Ajuda,28013,Estância,2803,Leste Sergipano,28,SE,Sergipe,2,Nordeste
2803302,280330,Japaratuba,28009,Japaratuba,2803,Leste Sergipano,28,SE,Sergipe,2,Nordeste
2803401,280340,Japoatã,28009,Japaratuba,2803,Leste Sergipano,28,SE,Sergipe,2,Nordeste
2803500,280350,Lagarto,28006,Agreste de Lagarto,2802,Agreste Sergipano,28,SE,Sergipe,2,Nordeste
2803609,280360,Laranjeiras,28010,Baixo Cotinguiba,2803,Leste Sergipano,28,SE,Sergipe,2,Nordeste
2803708,280370,Macambira,28004,Agreste de Itabaiana,2802,Agreste Sergipano,28,SE,Sergipe,2,Nordeste
2803807,280380,Malhada dos Bois,28003,Nossa Senhora das Dores,2802,Agreste Sergipano,28,SE,Sergipe,2,Nordeste
2803906,280390,Malhador,28004,Agreste de Itabaiana,2802,Agreste Sergipano,28,SE,Sergipe,2,Nordeste
2804003,280400,Maruim,28010,Baixo Cotinguiba,2803,Leste Sergipano,28,SE,Sergipe,2,Nordeste
2804102,280410,Moita Bonita,28004,Agreste de Itabaiana,2802,Agreste Sergipano,28,SE,Sergipe,2,Nordeste
2804201,280420,Monte Alegre de Sergipe,28001,Sergipana do Sertão do São Francisco,2801,Sertão Sergipano,28,SE,Sergipe,2,Nordeste
2804300,280430,Muribeca,28003,Nossa Senhora das Dores,2802,Agreste Sergipano,28,SE,Sergipe,2,Nordeste
2804409,280440,Neópolis,28007,Propriá,2803,Leste Sergipano,28,SE,Sergipe,2,Nordeste
2804458,280445,Nossa Senhora Aparecida,28002,Carira,2801,Sertão Sergipano,28,SE,Sergipe,2,Nordeste
2804508,280450,Nossa Senhora da Glória,28001,Sergipana do Sertão do São Francisco,2801,Sertão Sergipano,28,SE,Sergipe,2,Nordeste
2804607,280460,Nossa Senhora das Dores,28003,Nossa Senhora das Dores,2802,Agreste Sergipano,28,SE,Sergipe,2,Nordeste
2804706,280470,Nossa Senhora de Lourdes,28007,Propriá,2803,Leste Sergipano,28,SE,Sergipe,2,Nordeste
2804805,280480,Nossa Senhora do Socorro,28011,Aracaju,2803,Leste Sergipano,28,SE,Sergipe,2,Nordeste
2804904,280490,Pacatuba,28009,Japaratuba,2803,Leste Sergipano,28,SE,Sergipe,2,Nordeste
2805000,280500,Pedra Mole,28002,Carira,2801,Sertão Sergipano,28,SE,Sergipe,2,Nordeste
2805109,280510,Pedrinhas,28012,Boquim,2803,Leste Sergipano,28,SE,Sergipe,2,Nordeste
2805208,280520,Pinhão,28002,Carira,2801,Sertão Sergipano,28,SE,Sergipe,2,Nordeste
2805307,280530,Pirambu,28009,Japaratuba,2803,Leste Sergipano,28,SE,Sergipe,2,Nordeste
2805406,280540,Poço Redondo,28001,Sergipana do Sertão do São Francisco,2801,Sertão Sergipano,28,SE,Sergipe,2,Nordeste
2805505,280550,Poço Verde,28005,Tobias Barreto,2802,Agreste Sergipano,28,SE,Sergipe,2,Nordeste
2805604,280560,Porto da Folha,28001,Sergipana do Sertão do São Francisco,2801,Sertão Sergipano,28,SE,Sergipe,2,Nordeste
2805703,280570,Propriá,28007,Propriá,2803,Leste Sergipano,28,SE,Sergipe,2,Nordeste
2805802,280580,Riachão do Dantas,28006,Agreste de Lagarto,2802,Agreste Sergipano,28,SE,Sergipe,2,Nordeste
2805901,280590,Riachuelo,28010,Baixo Cotinguiba,2803,Leste Sergipano,28,SE,Sergipe,2,Nordeste
2806008,280600,Ribeirópolis,28002,Carira,2801,Sertão Sergipano,28,SE,Sergipe,2,Nordeste
2806107,280610,Rosário do Catete,28010,Baixo Cotinguiba,2803,Leste Sergipano,28,SE,Sergipe,2,Nordeste
2806206,280620,Salgado,28012,Boquim,2803,Leste Sergipano,28,SE,Sergipe,2,Nordeste
2806305,280630,Santa Luzia do Itanhy,28013,Estância,2803,Leste Sergipano,28,SE,Sergipe,2,Nordeste
2806404,280640,Santana do São Francisco,28007,Propriá,2803,Leste Sergipano,28,SE,Sergipe,2,Nordeste
2806503,280650,Santa Rosa de Lima,28008,Cotinguiba,2803,Leste Sergipano,28,SE,Sergipe,2,Nordeste
2806602,280660,Santo Amaro das Brotas,28010,Baixo Cotinguiba,2803,Leste Sergipano,28,SE,Sergipe,2,Nordeste
2806701,280670,São Cristóvão,28011,Aracaju,2803,Leste Sergipano,28,SE,Sergipe,2,Nordeste
2806800,280680,São Domingos,28004,Agreste de Itabaiana,2802,Agreste Sergipano,28,SE,Sergipe,2,Nordeste
2806909,280690,São Francisco,28009,Japaratuba,2803,Leste Sergipano,28,SE,Sergipe,2,Nordeste
2807006,280700,São Miguel do Aleixo,28003,Nossa Senhora das Dores,2802,Agreste Sergipano,28,SE,Sergipe,2,Nordeste
2807105,280710,Simão Dias,28005,Tobias Barreto,2802,Agreste Sergipano,28,SE,Sergipe,2,Nordeste
2807204,280720,Siriri,28008,Cotinguiba,2803,Leste Sergipano,28,SE,Sergipe,2,Nordeste
2807303,280730,Telha,28007,Propriá,2803,Leste Sergipano,28,SE,Sergipe,2,Nordeste
2807402,280740,Tobias Barreto,28005,Tobias Barreto,2802,Agreste Sergipano,28,SE,Sergipe,2,Nordeste
2807501,280750,Tomar do Geru,28012,Boquim,2803,Leste Sergipano,28,SE,Sergipe,2,Nordeste
2807600,280760,Umbaúba,28012,Boquim,2803,Leste Sergipano,28,SE,Sergipe,2,Nordeste
2900108,290010,Abaíra,29023,Seabra,2906,Centro Sul Baiano,29,BA,Bahia,2,Nordeste
2900207,290020,Abaré,29005,Paulo Afonso,2902,Vale São-Franciscano da Bahia,29,BA,Bahia,2,Nordeste
2900306,290030,Acajutiba,29017,Alagoinhas,2904,Nordeste Baiano,29,BA,Bahia,2,Nordeste
2900355,290035,Adustina,29015,Ribeira do Pombal,2904,Nordeste Baiano,29,BA,Bahia,2,Nordeste
2900405,290040,Água Fria,29012,Feira de Santana,2903,Centro Norte Baiano,29,BA,Bahia,2,Nordeste
2900504,290050,Érico Cardoso,29025,Livramento do Brumado,2906,Centro Sul Baiano,29,BA,Bahia,2,Nordeste
2900603,290060,Aiquara,29024,Jequié,2906,Centro Sul Baiano,29,BA,Bahia,2,Nordeste
2900702,290070,Alagoinhas,29017,Alagoinhas,2904,Nordeste Baiano,29,BA,Bahia,2,Nordeste
2900801,290080,Alcobaça,29032,Porto Seguro,2907,Sul Baiano,29,BA,Bahia,2,Nordeste
2900900,290090,Almadina,29031,Ilhéus-Itabuna,2907,Sul Baiano,29,BA,Bahia,2,Nordeste
2901007,290100,Amargosa,29024,Jequié,2906,Centro Sul Baiano,29,BA,Bahia,2,Nordeste
2901106,290110,Amélia Rodrigues,29019,Catu,2905,Metropolitana de Salvador,29,BA,Bahia,2,Nordeste
2901155,290115,América Dourada,29009,Irecê,2903,Centro Norte Baiano,29,BA,Bahia,2,Nordeste
2901205,290120,Anagé,29028,Vitória da Conquista,2906,Centro Sul Baiano,29,BA,Bahia,2,Nordeste
2901304,290130,Andaraí,29023,Seabra,2906,Centro Sul Baiano,29,BA,Bahia,2,Nordeste
2901353,290135,Andorinha,29008,Senhor do Bonfim,2903,Centro Norte Baiano,29,BA,Bahia,2,Nordeste
2901403,290140,Angical,29002,Cotegipe,2901,Extremo Oeste Baiano,29,BA,Bahia,2,Nordeste
2901502,290150,Anguera,29012,Feira de Santana,2903,Centro Norte Baiano,29,BA,Bahia,2,Nordeste
2901601,290160,Antas,29015,Ribeira do Pombal,2904,Nordeste Baiano,29,BA,Bahia,2,Nordeste
2901700,290170,Antônio Cardoso,29012,Feira de Santana,2903,Centro Norte Baiano,29,BA,Bahia,2,Nordeste
2901809,290180,Antônio Gonçalves,29008,Senhor do Bonfim,2903,Centro Norte Baiano,29,BA,Bahia,2,Nordeste
2901908,290190,Aporá,29017,Alagoinhas,2904,Nordeste Baiano,29,BA,Bahia,2,Nordeste
2901957,290195,Apuarema,29024,Jequié,2906,Centro Sul Baiano,29,BA,Bahia,2,Nordeste
2902005,290200,Aracatu,29027,Brumado,2906,Centro Sul Baiano,29,BA,Bahia,2,Nordeste
2902054,290205,Araçás,29017,Alagoinhas,2904,Nordeste Baiano,29,BA,Bahia,2,Nordeste
2902104,290210,Araci,29016,Serrinha,2904,Nordeste Baiano,29,BA,Bahia,2,Nordeste
2902203,290220,Aramari,29017,Alagoinhas,2904,Nordeste Baiano,29,BA,Bahia,2,Nordeste
2902252,290225,Arataca,29031,Ilhéus-Itabuna,2907,Sul Baiano,29,BA,Bahia,2,Nordeste
2902302,290230,Aratuípe,29020,Santo Antônio de Jesus,2905,Metropolitana de Salvador,29,BA,Bahia,2,Nordeste
2902401,290240,Aurelino Leal,29031,Ilhéus-Itabuna,2907,Sul Baiano,29,BA,Bahia,2,Nordeste
2902500,290250,Baianópolis,29001,Barreiras,2901,Extremo Oeste Baiano,29,BA,Bahia,2,Nordeste
2902609,290260,Baixa Grande,29011,Itaberaba,2903,Centro Norte Baiano,29,BA,Bahia,2,Nordeste
2902658,290265,Banzaê,29015,Ribeira do Pombal,2904,Nordeste Baiano,29,BA,Bahia,2,Nordeste
2902708,290270,Barra,29006,Barra,2902,Vale São-Franciscano da Bahia,29,BA,Bahia,2,Nordeste
2902807,290280,Barra da Estiva,29023,Seabra,2906,Centro Sul Baiano,29,BA,Bahia,2,Nordeste
2902906,290290,Barra do Choça,29028,Vitória da Conquista,2906,Centro Sul Baiano,29,BA,Bahia,2,Nordeste
2903003,290300,Barra do Mendes,29009,Irecê,2903,Centro Norte Baiano,29,BA,Bahia,2,Nordeste
2903102,290310,Barra do Rocha,29031,Ilhéus-Itabuna,2907,Sul Baiano,29,BA,Bahia,2,Nordeste
2903201,290320,Barreiras,29001,Barreiras,2901,Extremo Oeste Baiano,29,BA,Bahia,2,Nordeste
2903235,290323,Barro Alto,29009,Irecê,2903,Centro Norte Baiano,29,BA,Bahia,2,Nordeste
2903276,290327,Barrocas,29016,Serrinha,2904,Nordeste Baiano,29,BA,Bahia,2,Nordeste
2903300,290330,Barro Preto,29031,Ilhéus-Itabuna,2907,Sul Baiano,29,BA,Bahia,2,Nordeste
2903409,290340,Belmonte,29031,Ilhéus-Itabuna,2907,Sul Baiano,29,BA,Bahia,2,Nordeste
2903508,290350,Belo Campo,29028,Vitória da Conquista,2906,Centro Sul Baiano,29,BA,Bahia,2,Nordeste
2903607,290360,Biritinga,29016,Serrinha,2904,Nordeste Baiano,29,BA,Bahia,2,Nordeste
2903706,290370,Boa Nova,29028,Vitória da Conquista,2906,Centro Sul Baiano,29,BA,Bahia,2,Nordeste
2903805,290380,Boa Vista do Tupim,29011,Itaberaba,2903,Centro Norte Baiano,29,BA,Bahia,2,Nordeste
2903904,290390,Bom Jesus da Lapa,29007,Bom Jesus da Lapa,2902,Vale São-Franciscano da Bahia,29,BA,Bahia,2,Nordeste
2903953,290395,Bom Jesus da Serra,29028,Vitória da Conquista,2906,Centro Sul Baiano,29,BA,Bahia,2,Nordeste
2904001,290400,Boninal,29023,Seabra,2906,Centro Sul Baiano,29,BA,Bahia,2,Nordeste
2904050,290405,Bonito,29023,Seabra,2906,Centro Sul Baiano,29,BA,Bahia,2,Nordeste
2904100,290410,Boquira,29022,Boquira,2906,Centro Sul Baiano,29,BA,Bahia,2,Nordeste
2904209,290420,Botuporã,29022,Boquira,2906,Centro Sul Baiano,29,BA,Bahia,2,Nordeste
2904308,290430,Brejões,29024,Jequié,2906,Centro Sul Baiano,29,BA,Bahia,2,Nordeste
2904407,290440,Brejolândia,29002,Cotegipe,2901,Extremo Oeste Baiano,29,BA,Bahia,2,Nordeste
2904506,290450,Brotas de Macaúbas,29022,Boquira,2906,Centro Sul Baiano,29,BA,Bahia,2,Nordeste
2904605,290460,Brumado,29027,Brumado,2906,Centro Sul Baiano,29,BA,Bahia,2,Nordeste
2904704,290470,Buerarema,29031,Ilhéus-Itabuna,2907,Sul Baiano,29,BA,Bahia,2,Nordeste
2904753,290475,Buritirama,29006,Barra,2902,Vale São-Franciscano da Bahia,29,BA,Bahia,2,Nordeste
2904803,290480,Caatiba,29028,Vitória da Conquista,2906,Centro Sul Baiano,29,BA,Bahia,2,Nordeste
2904852,290485,Cabaceiras do Paraguaçu,29020,Santo Antônio de Jesus,2905,Metropolitana de Salvador,29,BA,Bahia,2,Nordeste
2904902,290490,Cachoeira,29020,Santo Antônio de Jesus,2905,Metropolitana de Salvador,29,BA,Bahia,2,Nordeste
2905008,290500,Caculé,29026,Guanambi,2906,Centro Sul Baiano,29,BA,Bahia,2,Nordeste
2905107,290510,Caém,29010,Jacobina,2903,Centro Norte Baiano,29,BA,Bahia,2,Nordeste
2905156,290515,Caetanos,29028,Vitória da Conquista,2906,Centro Sul Baiano,29,BA,Bahia,2,Nordeste
2905206,290520,Caetité,29026,Guanambi,2906,Centro Sul Baiano,29,BA,Bahia,2,Nordeste
2905305,290530,Cafarnaum,29009,Irecê,2903,Centro Norte Baiano,29,BA,Bahia,2,Nordeste
2905404,290540,Cairu,29030,Valença,2907,Sul Baiano,29,BA,Bahia,2,Nordeste
2905503,290550,Caldeirão Grande,29010,Jacobina,2903,Centro Norte Baiano,29,BA,Bahia,2,Nordeste
2905602,290560,Camacan,29031,Ilhéus-Itabuna,2907,Sul Baiano,29,BA,Bahia,2,Nordeste
2905701,290570,Camaçari,29021,Salvador,2905,Metropolitana de Salvador,29,BA,Bahia,2,Nordeste
2905800,290580,Camamu,29030,Valença,2907,Sul Baiano,29,BA,Bahia,2,Nordeste
2905909,290590,Campo Alegre de Lourdes,29004,Juazeiro,2902,Vale São-Franciscano da Bahia,29,BA,Bahia,2,Nordeste
2906006,290600,Campo Formoso,29008,Senhor do Bonfim,2903,Centro Norte Baiano,29,BA,Bahia,2,Nordeste
2906105,290610,Canápolis,29003,Santa Maria da Vitória,2901,Extremo Oeste Baiano,29,BA,Bahia,2,Nordeste
2906204,290620,Canarana,29009,Irecê,2903,Centro Norte Baiano,29,BA,Bahia,2,Nordeste
2906303,290630,Canavieiras,29031,Ilhéus-Itabuna,2907,Sul Baiano,29,BA,Bahia,2,Nordeste
2906402,290640,Candeal,29016,Serrinha,2904,Nordeste Baiano,29,BA,Bahia,2,Nordeste
2906501,290650,Candeias,29021,Salvador,2905,Metropolitana de Salvador,29,BA,Bahia,2,Nordeste
2906600,290660,Candiba,29026,Guanambi,2906,Centro Sul Baiano,29,BA,Bahia,2,Nordeste
2906709,290670,Cândido Sales,29028,Vitória da Conquista,2906,Centro Sul Baiano,29,BA,Bahia,2,Nordeste
2906808,290680,Cansanção,29014,Euclides da Cunha,2904,Nordeste Baiano,29,BA,Bahia,2,Nordeste
2906824,290682,Canudos,29014,Euclides da Cunha,2904,Nordeste Baiano,29,BA,Bahia,2,Nordeste
2906857,290685,Capela do Alto Alegre,29016,Serrinha,2904,Nordeste Baiano,29,BA,Bahia,2,Nordeste
2906873,290687,Capim Grosso,29010,Jacobina,2903,Centro Norte Baiano,29,BA,Bahia,2,Nordeste
2906899,290689,Caraíbas,29027,Brumado,2906,Centro Sul Baiano,29,BA,Bahia,2,Nordeste
2906907,290690,Caravelas,29032,Porto Seguro,2907,Sul Baiano,29,BA,Bahia,2,Nordeste
2907004,290700,Cardeal da Silva,29018,Entre Rios,2904,Nordeste Baiano,29,BA,Bahia,2,Nordeste
2907103,290710,Carinhanha,29007,Bom Jesus da Lapa,2902,Vale São-Franciscano da Bahia,29,BA,Bahia,2,Nordeste
2907202,290720,Casa Nova,29004,Juazeiro,2902,Vale São-Franciscano da Bahia,29,BA,Bahia,2,Nordeste
2907301,290730,Castro Alves,29020,Santo Antônio de Jesus,2905,Metropolitana de Salvador,29,BA,Bahia,2,Nordeste
2907400,290740,Catolândia,29001,Barreiras,2901,Extremo Oeste Baiano,29,BA,Bahia,2,Nordeste
2907509,290750,Catu,29019,Catu,2905,Metropolitana de Salvador,29,BA,Bahia,2,Nordeste
2907558,290755,Caturama,29022,Boquira,2906,Centro Sul Baiano,29,BA,Bahia,2,Nordeste
2907608,290760,Central,29009,Irecê,2903,Centro Norte Baiano,29,BA,Bahia,2,Nordeste
2907707,290770,Chorrochó,29005,Paulo Afonso,2902,Vale São-Franciscano da Bahia,29,BA,Bahia,2,Nordeste
2907806,290780,Cícero Dantas,29015,Ribeira do Pombal,2904,Nordeste Baiano,29,BA,Bahia,2,Nordeste
2907905,290790,Cipó,29015,Ribeira do Pombal,2904,Nordeste Baiano,29,BA,Bahia,2,Nordeste
2908002,290800,Coaraci,29031,Ilhéus-Itabuna,2907,Sul Baiano,29,BA,Bahia,2,Nordeste
2908101,290810,Cocos,29003,Santa Maria da Vitória,2901,Extremo Oeste Baiano,29,BA,Bahia,2,Nordeste
2908200,290820,Conceição da Feira,29012,Feira de Santana,2903,Centro Norte Baiano,29,BA,Bahia,2,Nordeste
2908309,290830,Conceição do Almeida,29020,Santo Antônio de Jesus,2905,Metropolitana de Salvador,29,BA,Bahia,2,Nordeste
2908408,290840,Conceição do Coité,29016,Serrinha,2904,Nordeste Baiano,29,BA,Bahia,2,Nordeste
2908507,290850,Conceição do Jacuípe,29012,Feira de Santana,2903,Centro Norte Baiano,29,BA,Bahia,2,Nordeste
2908606,290860,Conde,29018,Entre Rios,2904,Nordeste Baiano,29,BA,Bahia,2,Nordeste
2908705,290870,Condeúba,29027,Brumado,2906,Centro Sul Baiano,29,BA,Bahia,2,Nordeste
2908804,290880,Contendas do Sincorá,29023,Seabra,2906,Centro Sul Baiano,29,BA,Bahia,2,Nordeste
2908903,290890,Coração de Maria,29012,Feira de Santana,2903,Centro Norte Baiano,29,BA,Bahia,2,Nordeste
2909000,290900,Cordeiros,29027,Brumado,2906,Centro Sul Baiano,29,BA,Bahia,2,Nordeste
2909109,290910,Coribe,29003,Santa Maria da Vitória,2901,Extremo Oeste Baiano,29,BA,Bahia,2,Nordeste
2909208,290920,Coronel João Sá,29013,Jeremoabo,2904,Nordeste Baiano,29,BA,Bahia,2,Nordeste
2909307,290930,Correntina,29003,Santa Maria da Vitória,2901,Extremo Oeste Baiano,29,BA,Bahia,2,Nordeste
2909406,290940,Cotegipe,29002,Cotegipe,2901,Extremo Oeste Baiano,29,BA,Bahia,2,Nordeste
2909505,290950,Cravolândia,29024,Jequié,2906,Centro Sul Baiano,29,BA,Bahia,2,Nordeste
2909604,290960,Crisópolis,29017,Alagoinhas,2904,Nordeste Baiano,29,BA,Bahia,2,Nordeste
2909703,290970,Cristópolis,29002,Cotegipe,2901,Extremo Oeste Baiano,29,BA,Bahia,2,Nordeste
2909802,290980,Cruz das Almas,29020,Santo Antônio de Jesus,2905,Metropolitana de Salvador,29,BA,Bahia,2,Nordeste
2909901,290990,Curaçá,29004,Juazeiro,2902,Vale São-Franciscano da Bahia,29,BA,Bahia,2,Nordeste
2910008,291000,Dário Meira,29028,Vitória da Conquista,2906,Centro Sul Baiano,29,BA,Bahia,2,Nordeste
2910057,291005,Dias d'Ávila,29021,Salvador,2905,Metropolitana de Salvador,29,BA,Bahia,2,Nordeste
2910107,291010,Dom Basílio,29025,Livramento do Brumado,2906,Centro Sul Baiano,29,BA,Bahia,2,Nordeste
2910206,291020,Dom Macedo Costa,29020,Santo Antônio de Jesus,2905,Metropolitana de Salvador,29,BA,Bahia,2,Nordeste
2910305,291030,Elísio Medrado,29012,Feira de Santana,2903,Centro Norte Baiano,29,BA,Bahia,2,Nordeste
2910404,291040,Encruzilhada,29029,Itapetinga,2906,Centro Sul Baiano,29,BA,Bahia,2,Nordeste
2910503,291050,Entre Rios,29018,Entre Rios,2904,Nordeste Baiano,29,BA,Bahia,2,Nordeste
2910602,291060,Esplanada,29018,Entre Rios,2904,Nordeste Baiano,29,BA,Bahia,2,Nordeste
2910701,291070,Euclides da Cunha,29014,Euclides da Cunha,2904,Nordeste Baiano,29,BA,Bahia,2,Nordeste
2910727,291072,Eunápolis,29032,Porto Seguro,2907,Sul Baiano,29,BA,Bahia,2,Nordeste
2910750,291075,Fátima,29015,Ribeira do Pombal,2904,Nordeste Baiano,29,BA,Bahia,2,Nordeste
2910776,291077,Feira da Mata,29007,Bom Jesus da Lapa,2902,Vale São-Franciscano da Bahia,29,BA,Bahia,2,Nordeste
2910800,291080,Feira de Santana,29012,Feira de Santana,2903,Centro Norte Baiano,29,BA,Bahia,2,Nordeste
2910859,291085,Filadélfia,29008,Senhor do Bonfim,2903,Centro Norte Baiano,29,BA,Bahia,2,Nordeste
2910909,291090,Firmino Alves,29031,Ilhéus-Itabuna,2907,Sul Baiano,29,BA,Bahia,2,Nordeste
2911006,291100,Floresta Azul,29031,Ilhéus-Itabuna,2907,Sul Baiano,29,BA,Bahia,2,Nordeste
2911105,291110,Formosa do Rio Preto,29001,Barreiras,2901,Extremo Oeste Baiano,29,BA,Bahia,2,Nordeste
2911204,291120,Gandu,29031,Ilhéus-Itabuna,2907,Sul Baiano,29,BA,Bahia,2,Nordeste
2911253,291125,Gavião,29016,Serrinha,2904,Nordeste Baiano,29,BA,Bahia,2,Nordeste
2911303,291130,Gentio do Ouro,29009,Irecê,2903,Centro Norte Baiano,29,BA,Bahia,2,Nordeste
2911402,291140,Glória,29005,Paulo Afonso,2902,Vale São-Franciscano da Bahia,29,BA,Bahia,2,Nordeste
2911501,291150,Gongogi,29031,Ilhéus-Itabuna,2907,Sul Baiano,29,BA,Bahia,2,Nordeste
2911600,291160,Governador Mangabeira,29020,Santo Antônio de Jesus,2905,Metropolitana de Salvador,29,BA,Bahia,2,Nordeste
2911659,291165,Guajeru,29027,Brumado,2906,Centro Sul Baiano,29,BA,Bahia,2,Nordeste
2911709,291170,Guanambi,29026,Guanambi,2906,Centro Sul Baiano,29,BA,Bahia,2,Nordeste
2911808,291180,Guaratinga,29032,Porto Seguro,2907,Sul Baiano,29,BA,Bahia,2,Nordeste
2911857,291185,Heliópolis,29015,Ribeira do Pombal,2904,Nordeste Baiano,29,BA,Bahia,2,Nordeste
2911907,291190,Iaçu,29011,Itaberaba,2903,Centro Norte Baiano,29,BA,Bahia,2,Nordeste
2912004,291200,Ibiassucê,29026,Guanambi,2906,Centro Sul Baiano,29,BA,Bahia,2,Nordeste
2912103,291210,Ibicaraí,29031,Ilhéus-Itabuna,2907,Sul Baiano,29,BA,Bahia,2,Nordeste
2912202,291220,Ibicoara,29023,Seabra,2906,Centro Sul Baiano,29,BA,Bahia,2,Nordeste
2912301,291230,Ibicuí,29028,Vitória da Conquista,2906,Centro Sul Baiano,29,BA,Bahia,2,Nordeste
2912400,291240,Ibipeba,29009,Irecê,2903,Centro Norte Baiano,29,BA,Bahia,2,Nordeste
2912509,291250,Ibipitanga,29022,Boquira,2906,Centro Sul Baiano,29,BA,Bahia,2,Nordeste
2912608,291260,Ibiquera,29011,Itaberaba,2903,Centro Norte Baiano,29,BA,Bahia,2,Nordeste
2912707,291270,Ibirapitanga,29031,Ilhéus-Itabuna,2907,Sul Baiano,29,BA,Bahia,2,Nordeste
2912806,291280,Ibirapuã,29032,Porto Seguro,2907,Sul Baiano,29,BA,Bahia,2,Nordeste
2912905,291290,Ibirataia,29031,Ilhéus-Itabuna,2907,Sul Baiano,29,BA,Bahia,2,Nordeste
2913002,291300,Ibitiara,29022,Boquira,2906,Centro Sul Baiano,29,BA,Bahia,2,Nordeste
2913101,291310,Ibititá,29009,Irecê,2903,Centro Norte Baiano,29,BA,Bahia,2,Nordeste
2913200,291320,Ibotirama,29006,Barra,2902,Vale São-Franciscano da Bahia,29,BA,Bahia,2,Nordeste
2913309,291330,Ichu,29016,Serrinha,2904,Nordeste Baiano,29,BA,Bahia,2,Nordeste
2913408,291340,Igaporã,29026,Guanambi,2906,Centro Sul Baiano,29,BA,Bahia,2,Nordeste
2913457,291345,Igrapiúna,29030,Valença,2907,Sul Baiano,29,BA,Bahia,2,Nordeste
2913507,291350,Iguaí,29028,Vitória da Conquista,2906,Centro Sul Baiano,29,BA,Bahia,2,Nordeste
2913606,291360,Ilhéus,29031,Ilhéus-Itabuna,2907,Sul Baiano,29,BA,Bahia,2,Nordeste
2913705,291370,Inhambupe,29017,Alagoinhas,2904,Nordeste Baiano,29,BA,Bahia,2,Nordeste
2913804,291380,Ipecaetá,29012,Feira de Santana,2903,Centro Norte Baiano,29,BA,Bahia,2,Nordeste
2913903,291390,Ipiaú,29031,Ilhéus-Itabuna,2907,Sul Baiano,29,BA,Bahia,2,Nordeste
2914000,291400,Ipirá,29012,Feira de Santana,2903,Centro Norte Baiano,29,BA,Bahia,2,Nordeste
2914109,291410,Ipupiara,29022,Boquira,2906,Centro Sul Baiano,29,BA,Bahia,2,Nordeste
2914208,291420,Irajuba,29024,Jequié,2906,Centro Sul Baiano,29,BA,Bahia,2,Nordeste
2914307,291430,Iramaia,29024,Jequié,2906,Centro Sul Baiano,29,BA,Bahia,2,Nordeste
2914406,291440,Iraquara,29009,Irecê,2903,Centro Norte Baiano,29,BA,Bahia,2,Nordeste
2914505,291450,Irará,29012,Feira de Santana,2903,Centro Norte Baiano,29,BA,Bahia,2,Nordeste
2914604,291460,Irecê,29009,Irecê,2903,Centro Norte Baiano,29,BA,Bahia,2,Nordeste
2914653,291465,Itabela,29032,Porto Seguro,2907,Sul Baiano,29,BA,Bahia,2,Nordeste
2914703,291470,Itaberaba,29011,Itaberaba,2903,Centro Norte Baiano,29,BA,Bahia,2,Nordeste
2914802,291480,Itabuna,29031,Ilhéus-Itabuna,2907,Sul Baiano,29,BA,Bahia,2,Nordeste
2914901,291490,Itacaré,29031,Ilhéus-Itabuna,2907,Sul Baiano,29,BA,Bahia,2,Nordeste
2915007,291500,Itaeté,29023,Seabra,2906,Centro Sul Baiano,29,BA,Bahia,2,Nordeste
2915106,291510,Itagi,29024,Jequié,2906,Centro Sul Baiano,29,BA,Bahia,2,Nordeste
2915205,291520,Itagibá,29031,Ilhéus-Itabuna,2907,Sul Baiano,29,BA,Bahia,2,Nordeste
2915304,291530,Itagimirim,29032,Porto Seguro,2907,Sul Baiano,29,BA,Bahia,2,Nordeste
2915353,291535,Itaguaçu da Bahia,29006,Barra,2902,Vale São-Franciscano da Bahia,29,BA,Bahia,2,Nordeste
2915403,291540,Itaju do Colônia,29031,Ilhéus-Itabuna,2907,Sul Baiano,29,BA,Bahia,2,Nordeste
2915502,291550,Itajuípe,29031,Ilhéus-Itabuna,2907,Sul Baiano,29,BA,Bahia,2,Nordeste
2915601,291560,Itamaraju,29032,Porto Seguro,2907,Sul Baiano,29,BA,Bahia,2,Nordeste
2915700,291570,Itamari,29031,Ilhéus-Itabuna,2907,Sul Baiano,29,BA,Bahia,2,Nordeste
2915809,291580,Itambé,29029,Itapetinga,2906,Centro Sul Baiano,29,BA,Bahia,2,Nordeste
2915908,291590,Itanagra,29019,Catu,2905,Metropolitana de Salvador,29,BA,Bahia,2,Nordeste
2916005,291600,Itanhém,29032,Porto Seguro,2907,Sul Baiano,29,BA,Bahia,2,Nordeste
2916104,291610,Itaparica,29021,Salvador,2905,Metropolitana de Salvador,29,BA,Bahia,2,Nordeste
2916203,291620,Itapé,29031,Ilhéus-Itabuna,2907,Sul Baiano,29,BA,Bahia,2,Nordeste
2916302,291630,Itapebi,29031,Ilhéus-Itabuna,2907,Sul Baiano,29,BA,Bahia,2,Nordeste
2916401,291640,Itapetinga,29029,Itapetinga,2906,Centro Sul Baiano,29,BA,Bahia,2,Nordeste
2916500,291650,Itapicuru,29015,Ribeira do Pombal,2904,Nordeste Baiano,29,BA,Bahia,2,Nordeste
2916609,291660,Itapitanga,29031,Ilhéus-Itabuna,2907,Sul Baiano,29,BA,Bahia,2,Nordeste
2916708,291670,Itaquara,29024,Jequié,2906,Centro Sul Baiano,29,BA,Bahia,2,Nordeste
2916807,291680,Itarantim,29029,Itapetinga,2906,Centro Sul Baiano,29,BA,Bahia,2,Nordeste
2916856,291685,Itatim,29012,Feira de Santana,2903,Centro Norte Baiano,29,BA,Bahia,2,Nordeste
2916906,291690,Itiruçu,29024,Jequié,2906,Centro Sul Baiano,29,BA,Bahia,2,Nordeste
2917003,291700,Itiúba,29008,Senhor do Bonfim,2903,Centro Norte Baiano,29,BA,Bahia,2,Nordeste
2917102,291710,Itororó,29029,Itapetinga,2906,Centro Sul Baiano,29,BA,Bahia,2,Nordeste
2917201,291720,Ituaçu,29027,Brumado,2906,Centro Sul Baiano,29,BA,Bahia,2,Nordeste
2917300,291730,Ituberá,29030,Valença,2907,Sul Baiano,29,BA,Bahia,2,Nordeste
2917334,291733,Iuiu,29026,Guanambi,2906,Centro Sul Baiano,29,BA,Bahia,2,Nordeste
2917359,291735,Jaborandi,29003,Santa Maria da Vitória,2901,Extremo Oeste Baiano,29,BA,Bahia,2,Nordeste
2917409,291740,Jacaraci,29026,Guanambi,2906,Centro Sul Baiano,29,BA,Bahia,2,Nordeste
2917508,291750,Jacobina,29010,Jacobina,2903,Centro Norte Baiano,29,BA,Bahia,2,Nordeste
2917607,291760,Jaguaquara,29024,Jequié,2906,Centro Sul Baiano,29,BA,Bahia,2,Nordeste
2917706,291770,Jaguarari,29008,Senhor do Bonfim,2903,Centro Norte Baiano,29,BA,Bahia,2,Nordeste
2917805,291780,Jaguaripe,29020,Santo Antônio de Jesus,2905,Metropolitana de Salvador,29,BA,Bahia,2,Nordeste
2917904,291790,Jandaíra,29018,Entre Rios,2904,Nordeste Baiano,29,BA,Bahia,2,Nordeste
2918001,291800,Jequié,29024,Jequié,2906,Centro Sul Baiano,29,BA,Bahia,2,Nordeste
2918100,291810,Jeremoabo,29013,Jeremoabo,2904,Nordeste Baiano,29,BA,Bahia,2,Nordeste
2918209,291820,Jiquiriçá,29024,Jequié,2906,Centro Sul Baiano,29,BA,Bahia,2,Nordeste
2918308,291830,Jitaúna,29024,Jequié,2906,Centro Sul Baiano,29,BA,Bahia,2,Nordeste
2918357,291835,João Dourado,29009,Irecê,2903,Centro Norte Baiano,29,BA,Bahia,2,Nordeste
2918407,291840,Juazeiro,29004,Juazeiro,2902,Vale São-Franciscano da Bahia,29,BA,Bahia,2,Nordeste
2918456,291845,Jucuruçu,29032,Porto Seguro,2907,Sul Baiano,29,BA,Bahia,2,Nordeste
2918506,291850,Jussara,29009,Irecê,2903,Centro Norte Baiano,29,BA,Bahia,2,Nordeste
2918555,291855,Jussari,29031,Ilhéus-Itabuna,2907,Sul Baiano,29,BA,Bahia,2,Nordeste
2918605,291860,Jussiape,29023,Seabra,2906,Centro Sul Baiano,29,BA,Bahia,2,Nordeste
2918704,291870,Lafaiete Coutinho,29024,Jequié,2906,Centro Sul Baiano,29,BA,Bahia,2,Nordeste
2918753,291875,Lagoa Real,29026,Guanambi,2906,Centro Sul Baiano,29,BA,Bahia,2,Nordeste
2918803,291880,Laje,29024,Jequié,2906,Centro Sul Baiano,29,BA,Bahia,2,Nordeste
2918902,291890,Lajedão,29032,Porto Seguro,2907,Sul Baiano,29,BA,Bahia,2,Nordeste
2919009,291900,Lajedinho,29011,Itaberaba,2903,Centro Norte Baiano,29,BA,Bahia,2,Nordeste
2919058,291905,Lajedo do Tabocal,29024,Jequié,2906,Centro Sul Baiano,29,BA,Bahia,2,Nordeste
2919108,291910,Lamarão,29016,Serrinha,2904,Nordeste Baiano,29,BA,Bahia,2,Nordeste
2919157,291915,Lapão,29009,Irecê,2903,Centro Norte Baiano,29,BA,Bahia,2,Nordeste
2919207,291920,Lauro de Freitas,29021,Salvador,2905,Metropolitana de Salvador,29,BA,Bahia,2,Nordeste
2919306,291930,Lençóis,29023,Seabra,2906,Centro Sul Baiano,29,BA,Bahia,2,Nordeste
2919405,291940,Licínio de Almeida,29026,Guanambi,2906,Centro Sul Baiano,29,BA,Bahia,2,Nordeste
2919504,291950,Livramento de Nossa Senhora,29025,Livramento do Brumado,2906,Centro Sul Baiano,29,BA,Bahia,2,Nordeste
2919553,291955,Luís Eduardo Magalhães,29001,Barreiras,2901,Extremo Oeste Baiano,29,BA,Bahia,2,Nordeste
2919603,291960,Macajuba,29011,Itaberaba,2903,Centro Norte Baiano,29,BA,Bahia,2,Nordeste
2919702,291970,Macarani,29029,Itapetinga,2906,Centro Sul Baiano,29,BA,Bahia,2,Nordeste
2919801,291980,Macaúbas,29022,Boquira,2906,Centro Sul Baiano,29,BA,Bahia,2,Nordeste
2919900,291990,Macururé,29005,Paulo Afonso,2902,Vale São-Franciscano da Bahia,29,BA,Bahia,2,Nordeste
2919926,291992,Madre de Deus,29021,Salvador,2905,Metropolitana de Salvador,29,BA,Bahia,2,Nordeste
2919959,291995,Maetinga,29027,Brumado,2906,Centro Sul Baiano,29,BA,Bahia,2,Nordeste
2920007,292000,Maiquinique,29029,Itapetinga,2906,Centro Sul Baiano,29,BA,Bahia,2,Nordeste
2920106,292010,Mairi,29011,Itaberaba,2903,Centro Norte Baiano,29,BA,Bahia,2,Nordeste
2920205,292020,Malhada,29026,Guanambi,2906,Centro Sul Baiano,29,BA,Bahia,2,Nordeste
2920304,292030,Malhada de Pedras,29027,Brumado,2906,Centro Sul Baiano,29,BA,Bahia,2,Nordeste
2920403,292040,Manoel Vitorino,29028,Vitória da Conquista,2906,Centro Sul Baiano,29,BA,Bahia,2,Nordeste
2920452,292045,Mansidão,29002,Cotegipe,2901,Extremo Oeste Baiano,29,BA,Bahia,2,Nordeste
2920502,292050,Maracás,29024,Jequié,2906,Centro Sul Baiano,29,BA,Bahia,2,Nordeste
2920601,292060,Maragogipe,29020,Santo Antônio de Jesus,2905,Metropolitana de Salvador,29,BA,Bahia,2,Nordeste
2920700,292070,Maraú,29030,Valença,2907,Sul Baiano,29,BA,Bahia,2,Nordeste
2920809,292080,Marcionílio Souza,29024,Jequié,2906,Centro Sul Baiano,29,BA,Bahia,2,Nordeste
2920908,292090,Mascote,29031,Ilhéus-Itabuna,2907,Sul Baiano,29,BA,Bahia,2,Nordeste
2921005,292100,Mata de São João,29019,Catu,2905,Metropolitana de Salvador,29,BA,Bahia,2,Nordeste
2921054,292105,Matina,29026,Guanambi,2906,Centro Sul Baiano,29,BA,Bahia,2,Nordeste
2921104,292110,Medeiros Neto,29032,Porto Seguro,2907,Sul Baiano,29,BA,Bahia,2,Nordeste
2921203,292120,Miguel Calmon,29010,Jacobina,2903,Centro Norte Baiano,29,BA,Bahia,2,Nordeste
2921302,292130,Milagres,29024,Jequié,2906,Centro Sul Baiano,29,BA,Bahia,2,Nordeste
2921401,292140,Mirangaba,29010,Jacobina,2903,Centro Norte Baiano,29,BA,Bahia,2,Nordeste
2921450,292145,Mirante,29028,Vitória da Conquista,2906,Centro Sul Baiano,29,BA,Bahia,2,Nordeste
2921500,292150,Monte Santo,29014,Euclides da Cunha,2904,Nordeste Baiano,29,BA,Bahia,2,Nordeste
2921609,292160,Morpará,29006,Barra,2902,Vale São-Franciscano da Bahia,29,BA,Bahia,2,Nordeste
2921708,292170,Morro do Chapéu,29010,Jacobina,2903,Centro Norte Baiano,29,BA,Bahia,2,Nordeste
2921807,292180,Mortugaba,29026,Guanambi,2906,Centro Sul Baiano,29,BA,Bahia,2,Nordeste
2921906,292190,Mucugê,29023,Seabra,2906,Centro Sul Baiano,29,BA,Bahia,2,Nordeste
2922003,292200,Mucuri,29032,Porto Seguro,2907,Sul Baiano,29,BA,Bahia,2,Nordeste
2922052,292205,Mulungu do Morro,29009,Irecê,2903,Centro Norte Baiano,29,BA,Bahia,2,Nordeste
2922102,292210,Mundo Novo,29011,Itaberaba,2903,Centro Norte Baiano,29,BA,Bahia,2,Nordeste
2922201,292220,Muniz Ferreira,29020,Santo Antônio de Jesus,2905,Metropolitana de Salvador,29,BA,Bahia,2,Nordeste
2922250,292225,Muquém do São Francisco,29006,Barra,2902,Vale São-Franciscano da Bahia,29,BA,Bahia,2,Nordeste
2922300,292230,Muritiba,29020,Santo Antônio de Jesus,2905,Metropolitana de Salvador,29,BA,Bahia,2,Nordeste
2922409,292240,Mutuípe,29024,Jequié,2906,Centro Sul Baiano,29,BA,Bahia,2,Nordeste
2922508,292250,Nazaré,29020,Santo Antônio de Jesus,2905,Metropolitana de Salvador,29,BA,Bahia,2,Nordeste
2922607,292260,Nilo Peçanha,29030,Valença,2907,Sul Baiano,29,BA,Bahia,2,Nordeste
2922656,292265,Nordestina,29014,Euclides da Cunha,2904,Nordeste Baiano,29,BA,Bahia,2,Nordeste
2922706,292270,Nova Canaã,29028,Vitória da Conquista,2906,Centro Sul Baiano,29,BA,Bahia,2,Nordeste
2922730,292273,Nova Fátima,29016,Serrinha,2904,Nordeste Baiano,29,BA,Bahia,2,Nordeste
2922755,292275,Nova Ibiá,29031,Ilhéus-Itabuna,2907,Sul Baiano,29,BA,Bahia,2,Nordeste
2922805,292280,Nova Itarana,29024,Jequié,2906,Centro Sul Baiano,29,BA,Bahia,2,Nordeste
2922854,292285,Nova Redenção,29023,Seabra,2906,Centro Sul Baiano,29,BA,Bahia,2,Nordeste
2922904,292290,Nova Soure,29015,Ribeira do Pombal,2904,Nordeste Baiano,29,BA,Bahia,2,Nordeste
2923001,292300,Nova Viçosa,29032,Porto Seguro,2907,Sul Baiano,29,BA,Bahia,2,Nordeste
2923035,292303,Novo Horizonte,29022,Boquira,2906,Centro Sul Baiano,29,BA,Bahia,2,Nordeste
2923050,292305,Novo Triunfo,29015,Ribeira do Pombal,2904,Nordeste Baiano,29,BA,Bahia,2,Nordeste
2923100,292310,Olindina,29015,Ribeira do Pombal,2904,Nordeste Baiano,29,BA,Bahia,2,Nordeste
2923209,292320,Oliveira dos Brejinhos,29022,Boquira,2906,Centro Sul Baiano,29,BA,Bahia,2,Nordeste
2923308,292330,Ouriçangas,29012,Feira de Santana,2903,Centro Norte Baiano,29,BA,Bahia,2,Nordeste
2923357,292335,Ourolândia,29010,Jacobina,2903,Centro Norte Baiano,29,BA,Bahia,2,Nordeste
2923407,292340,Palmas de Monte Alto,29026,Guanambi,2906,Centro Sul Baiano,29,BA,Bahia,2,Nordeste
2923506,292350,Palmeiras,29023,Seabra,2906,Centro Sul Baiano,29,BA,Bahia,2,Nordeste
2923605,292360,Paramirim,29025,Livramento do Brumado,2906,Centro Sul Baiano,29,BA,Bahia,2,Nordeste
2923704,292370,Paratinga,29007,Bom Jesus da Lapa,2902,Vale São-Franciscano da Bahia,29,BA,Bahia,2,Nordeste
2923803,292380,Paripiranga,29015,Ribeira do Pombal,2904,Nordeste Baiano,29,BA,Bahia,2,Nordeste
2923902,292390,Pau Brasil,29031,Ilhéus-Itabuna,2907,Sul Baiano,29,BA,Bahia,2,Nordeste
2924009,292400,Paulo Afonso,29005,Paulo Afonso,2902,Vale São-Franciscano da Bahia,29,BA,Bahia,2,Nordeste
2924058,292405,Pé de Serra,29016,Serrinha,2904,Nordeste Baiano,29,BA,Bahia,2,Nordeste
2924108,292410,Pedrão,29012,Feira de Santana,2903,Centro Norte Baiano,29,BA,Bahia,2,Nordeste
2924207,292420,Pedro Alexandre,29013,Jeremoabo,2904,Nordeste Baiano,29,BA,Bahia,2,Nordeste
2924306,292430,Piatã,29023,Seabra,2906,Centro Sul Baiano,29,BA,Bahia,2,Nordeste
2924405,292440,Pilão Arcado,29004,Juazeiro,2902,Vale São-Franciscano da Bahia,29,BA,Bahia,2,Nordeste
2924504,292450,Pindaí,29026,Guanambi,2906,Centro Sul Baiano,29,BA,Bahia,2,Nordeste
2924603,292460,Pindobaçu,29008,Senhor do Bonfim,2903,Centro Norte Baiano,29,BA,Bahia,2,Nordeste
2924652,292465,Pintadas,29012,Feira de Santana,2903,Centro Norte Baiano,29,BA,Bahia,2,Nordeste
2924678,292467,Piraí do Norte,29030,Valença,2907,Sul Baiano,29,BA,Bahia,2,Nordeste
2924702,292470,Piripá,29027,Brumado,2906,Centro Sul Baiano,29,BA,Bahia,2,Nordeste
2924801,292480,Piritiba,29010,Jacobina,2903,Centro Norte Baiano,29,BA,Bahia,2,Nordeste
2924900,292490,Planaltino,29024,Jequié,2906,Centro Sul Baiano,29,BA,Bahia,2,Nordeste
2925006,292500,Planalto,29028,Vitória da Conquista,2906,Centro Sul Baiano,29,BA,Bahia,2,Nordeste
2925105,292510,Poções,29028,Vitória da Conquista,2906,Centro Sul Baiano,29,BA,Bahia,2,Nordeste
2925204,292520,Pojuca,29019,Catu,2905,Metropolitana de Salvador,29,BA,Bahia,2,Nordeste
2925253,292525,Ponto Novo,29010,Jacobina,2903,Centro Norte Baiano,29,BA,Bahia,2,Nordeste
2925303,292530,Porto Seguro,29032,Porto Seguro,2907,Sul Baiano,29,BA,Bahia,2,Nordeste
2925402,292540,Potiraguá,29029,Itapetinga,2906,Centro Sul Baiano,29,BA,Bahia,2,Nordeste
2925501,292550,Prado,29032,Porto Seguro,2907,Sul Baiano,29,BA,Bahia,2,Nordeste
2925600,292560,Presidente Dutra,29009,Irecê,2903,Centro Norte Baiano,29,BA,Bahia,2,Nordeste
2925709,292570,Presidente Jânio Quadros,29027,Brumado,2906,Centro Sul Baiano,29,BA,Bahia,2,Nordeste
2925758,292575,Presidente Tancredo Neves,29030,Valença,2907,Sul Baiano,29,BA,Bahia,2,Nordeste
2925808,292580,Queimadas,29014,Euclides da Cunha,2904,Nordeste Baiano,29,BA,Bahia,2,Nordeste
2925907,292590,Quijingue,29014,Euclides da Cunha,2904,Nordeste Baiano,29,BA,Bahia,2,Nordeste
2925931,292593,Quixabeira,29010,Jacobina,2903,Centro Norte Baiano,29,BA,Bahia,2,Nordeste
2925956,292595,Rafael Jambeiro,29012,Feira de Santana,2903,Centro Norte Baiano,29,BA,Bahia,2,Nordeste
2926004,292600,Remanso,29004,Juazeiro,2902,Vale São-Franciscano da Bahia,29,BA,Bahia,2,Nordeste
2926103,292610,Retirolândia,29016,Serrinha,2904,Nordeste Baiano,29,BA,Bahia,2,Nordeste
2926202,292620,Riachão das Neves,29001,Barreiras,2901,Extremo Oeste Baiano,29,BA,Bahia,2,Nordeste
2926301,292630,Riachão do Jacuípe,29016,Serrinha,2904,Nordeste Baiano,29,BA,Bahia,2,Nordeste
2926400,292640,Riacho de Santana,29026,Guanambi,2906,Centro Sul Baiano,29,BA,Bahia,2,Nordeste
2926509,292650,Ribeira do Amparo,29015,Ribeira do Pombal,2904,Nordeste Baiano,29,BA,Bahia,2,Nordeste
2926608,292660,Ribeira do Pombal,29015,Ribeira do Pombal,2904,Nordeste Baiano,29,BA,Bahia,2,Nordeste
2926657,292665,Ribeirão do Largo,29029,Itapetinga,2906,Centro Sul Baiano,29,BA,Bahia,2,Nordeste
2926707,292670,Rio de Contas,29023,Seabra,2906,Centro Sul Baiano,29,BA,Bahia,2,Nordeste
2926806,292680,Rio do Antônio,29027,Brumado,2906,Centro Sul Baiano,29,BA,Bahia,2,Nordeste
2926905,292690,Rio do Pires,29025,Livramento do Brumado,2906,Centro Sul Baiano,29,BA,Bahia,2,Nordeste
2927002,292700,Rio Real,29017,Alagoinhas,2904,Nordeste Baiano,29,BA,Bahia,2,Nordeste
2927101,292710,Rodelas,29005,Paulo Afonso,2902,Vale São-Franciscano da Bahia,29,BA,Bahia,2,Nordeste
2927200,292720,Ruy Barbosa,29011,Itaberaba,2903,Centro Norte Baiano,29,BA,Bahia,2,Nordeste
2927309,292730,Salinas da Margarida,29020,Santo Antônio de Jesus,2905,Metropolitana de Salvador,29,BA,Bahia,2,Nordeste
2927408,292740,Salvador,29021,Salvador,2905,Metropolitana de Salvador,29,BA,Bahia,2,Nordeste
2927507,292750,Santa Bárbara,29012,Feira de Santana,2903,Centro Norte Baiano,29,BA,Bahia,2,Nordeste
2927606,292760,Santa Brígida,29013,Jeremoabo,2904,Nordeste Baiano,29,BA,Bahia,2,Nordeste
2927705,292770,Santa Cruz Cabrália,29032,Porto Seguro,2907,Sul Baiano,29,BA,Bahia,2,Nordeste
2927804,292780,Santa Cruz da Vitória,29031,Ilhéus-Itabuna,2907,Sul Baiano,29,BA,Bahia,2,Nordeste
2927903,292790,Santa Inês,29024,Jequié,2906,Centro Sul Baiano,29,BA,Bahia,2,Nordeste
2928000,292800,Santaluz,29016,Serrinha,2904,Nordeste Baiano,29,BA,Bahia,2,Nordeste
2928059,292805,Santa Luzia,29031,Ilhéus-Itabuna,2907,Sul Baiano,29,BA,Bahia,2,Nordeste
2928109,292810,Santa Maria da Vitória,29003,Santa Maria da Vitória,2901,Extremo Oeste Baiano,29,BA,Bahia,2,Nordeste
2928208,292820,Santana,29003,Santa Maria da Vitória,2901,Extremo Oeste Baiano,29,BA,Bahia,2,Nordeste
2928307,292830,Santanópolis,29012,Feira de Santana,2903,Centro Norte Baiano,29,BA,Bahia,2,Nordeste
2928406,292840,Santa Rita de Cássia,29002,Cotegipe,2901,Extremo Oeste Baiano,29,BA,Bahia,2,Nordeste
2928505,292850,Santa Terezinha,29012,Feira de Santana,2903,Centro Norte Baiano,29,BA,Bahia,2,Nordeste
2928604,292860,Santo Amaro,29020,Santo Antônio de Jesus,2905,Metropolitana de Salvador,29,BA,Bahia,2,Nordeste
2928703,292870,Santo Antônio de Jesus,29020,Santo Antônio de Jesus,2905,Metropolitana de Salvador,29,BA,Bahia,2,Nordeste
2928802,292880,Santo Estêvão,29012,Feira de Santana,2903,Centro Norte Baiano,29,BA,Bahia,2,Nordeste
2928901,292890,São Desidério,29001,Barreiras,2901,Extremo Oeste Baiano,29,BA,Bahia,2,Nordeste
2928950,292895,São Domingos,29016,Serrinha,2904,Nordeste Baiano,29,BA,Bahia,2,Nordeste
2929008,292900,São Félix,29020,Santo Antônio de Jesus,2905,Metropolitana de Salvador,29,BA,Bahia,2,Nordeste
2929057,292905,São Félix do Coribe,29003,Santa Maria da Vitória,2901,Extremo Oeste Baiano,29,BA,Bahia,2,Nordeste
2929107,292910,São Felipe,29020,Santo Antônio de Jesus,2905,Metropolitana de Salvador,29,BA,Bahia,2,Nordeste
2929206,292920,São Francisco do Conde,29021,Salvador,2905,Metropolitana de Salvador,29,BA,Bahia,2,Nordeste
2929255,292925,São Gabriel,29009,Irecê,2903,Centro Norte Baiano,29,BA,Bahia,2,Nordeste
2929305,292930,São Gonçalo dos Campos,29012,Feira de Santana,2903,Centro Norte Baiano,29,BA,Bahia,2,Nordeste
2929354,292935,São José da Vitória,29031,Ilhéus-Itabuna,2907,Sul Baiano,29,BA,Bahia,2,Nordeste
2929370,292937,São José do Jacuípe,29010,Jacobina,2903,Centro Norte Baiano,29,BA,Bahia,2,Nordeste
2929404,292940,São Miguel das Matas,29024,Jequié,2906,Centro Sul Baiano,29,BA,Bahia,2,Nordeste
2929503,292950,São Sebastião do Passé,29019,Catu,2905,Metropolitana de Salvador,29,BA,Bahia,2,Nordeste
2929602,292960,Sapeaçu,29020,Santo Antônio de Jesus,2905,Metropolitana de Salvador,29,BA,Bahia,2,Nordeste
2929701,292970,Sátiro Dias,29017,Alagoinhas,2904,Nordeste Baiano,29,BA,Bahia,2,Nordeste
2929750,292975,Saubara,29020,Santo Antônio de Jesus,2905,Metropolitana de Salvador,29,BA,Bahia,2,Nordeste
2929800,292980,Saúde,29010,Jacobina,2903,Centro Norte Baiano,29,BA,Bahia,2,Nordeste
2929909,292990,Seabra,29023,Seabra,2906,Centro Sul Baiano,29,BA,Bahia,2,Nordeste
2930006,293000,Sebastião Laranjeiras,29026,Guanambi,2906,Centro Sul Baiano,29,BA,Bahia,2,Nordeste
2930105,293010,Senhor do Bonfim,29008,Senhor do Bonfim,2903,Centro Norte Baiano,29,BA,Bahia,2,Nordeste
2930154,293015,Serra do Ramalho,29007,Bom Jesus da Lapa,2902,Vale São-Franciscano da Bahia,29,BA,Bahia,2,Nordeste
2930204,293020,Sento Sé,29004,Juazeiro,2902,Vale São-Franciscano da Bahia,29,BA,Bahia,2,Nordeste
2930303,293030,Serra Dourada,29003,Santa Maria da Vitória,2901,Extremo Oeste Baiano,29,BA,Bahia,2,Nordeste
2930402,293040,Serra Preta,29012,Feira de Santana,2903,Centro Norte Baiano,29,BA,Bahia,2,Nordeste
2930501,293050,Serrinha,29016,Serrinha,2904,Nordeste Baiano,29,BA,Bahia,2,Nordeste
2930600,293060,Serrolândia,29010,Jacobina,2903,Centro Norte Baiano,29,BA,Bahia,2,Nordeste
2930709,293070,Simões Filho,29021,Salvador,2905,Metropolitana de Salvador,29,BA,Bahia,2,Nordeste
2930758,293075,Sítio do Mato,29007,Bom Jesus da Lapa,2902,Vale São-Franciscano da Bahia,29,BA,Bahia,2,Nordeste
2930766,293076,Sítio do Quinto,29013,Jeremoabo,2904,Nordeste Baiano,29,BA,Bahia,2,Nordeste
2930774,293077,Sobradinho,29004,Juazeiro,2902,Vale São-Franciscano da Bahia,29,BA,Bahia,2,Nordeste
2930808,293080,Souto Soares,29009,Irecê,2903,Centro Norte Baiano,29,BA,Bahia,2,Nordeste
2930907,293090,Tabocas do Brejo Velho,29002,Cotegipe,2901,Extremo Oeste Baiano,29,BA,Bahia,2,Nordeste
2931004,293100,Tanhaçu,29027,Brumado,2906,Centro Sul Baiano,29,BA,Bahia,2,Nordeste
2931053,293105,Tanque Novo,29022,Boquira,2906,Centro Sul Baiano,29,BA,Bahia,2,Nordeste
2931103,293110,Tanquinho,29012,Feira de Santana,2903,Centro Norte Baiano,29,BA,Bahia,2,Nordeste
2931202,293120,Taperoá,29030,Valença,2907,Sul Baiano,29,BA,Bahia,2,Nordeste
2931301,293130,Tapiramutá,29011,Itaberaba,2903,Centro Norte Baiano,29,BA,Bahia,2,Nordeste
2931350,293135,Teixeira de Freitas,29032,Porto Seguro,2907,Sul Baiano,29,BA,Bahia,2,Nordeste
2931400,293140,Teodoro Sampaio,29012,Feira de Santana,2903,Centro Norte Baiano,29,BA,Bahia,2,Nordeste
2931509,293150,Teofilândia,29016,Serrinha,2904,Nordeste Baiano,29,BA,Bahia,2,Nordeste
2931608,293160,Teolândia,29031,Ilhéus-Itabuna,2907,Sul Baiano,29,BA,Bahia,2,Nordeste
2931707,293170,Terra Nova,29019,Catu,2905,Metropolitana de Salvador,29,BA,Bahia,2,Nordeste
2931806,293180,Tremedal,29027,Brumado,2906,Centro Sul Baiano,29,BA,Bahia,2,Nordeste
2931905,293190,Tucano,29014,Euclides da Cunha,2904,Nordeste Baiano,29,BA,Bahia,2,Nordeste
2932002,293200,Uauá,29014,Euclides da Cunha,2904,Nordeste Baiano,29,BA,Bahia,2,Nordeste
2932101,293210,Ubaíra,29024,Jequié,2906,Centro Sul Baiano,29,BA,Bahia,2,Nordeste
2932200,293220,Ubaitaba,29031,Ilhéus-Itabuna,2907,Sul Baiano,29,BA,Bahia,2,Nordeste
2932309,293230,Ubatã,29031,Ilhéus-Itabuna,2907,Sul Baiano,29,BA,Bahia,2,Nordeste
2932408,293240,Uibaí,29009,Irecê,2903,Centro Norte Baiano,29,BA,Bahia,2,Nordeste
2932457,293245,Umburanas,29008,Senhor do Bonfim,2903,Centro Norte Baiano,29,BA,Bahia,2,Nordeste
2932507,293250,Una,29031,Ilhéus-Itabuna,2907,Sul Baiano,29,BA,Bahia,2,Nordeste
2932606,293260,Urandi,29026,Guanambi,2906,Centro Sul Baiano,29,BA,Bahia,2,Nordeste
2932705,293270,Uruçuca,29031,Ilhéus-Itabuna,2907,Sul Baiano,29,BA,Bahia,2,Nordeste
2932804,293280,Utinga,29023,Seabra,2906,Centro Sul Baiano,29,BA,Bahia,2,Nordeste
2932903,293290,Valença,29030,Valença,2907,Sul Baiano,29,BA,Bahia,2,Nordeste
2933000,293300,Valente,29016,Serrinha,2904,Nordeste Baiano,29,BA,Bahia,2,Nordeste
2933059,293305,Várzea da Roça,29011,Itaberaba,2903,Centro Norte Baiano,29,BA,Bahia,2,Nordeste
2933109,293310,Várzea do Poço,29010,Jacobina,2903,Centro Norte Baiano,29,BA,Bahia,2,Nordeste
2933158,293315,Várzea Nova,29010,Jacobina,2903,Centro Norte Baiano,29,BA,Bahia,2,Nordeste
2933174,293317,Varzedo,29020,Santo Antônio de Jesus,2905,Metropolitana de Salvador,29,BA,Bahia,2,Nordeste
2933208,293320,Vera Cruz,29021,Salvador,2905,Metropolitana de Salvador,29,BA,Bahia,2,Nordeste
2933257,293325,Vereda,29032,Porto Seguro,2907,Sul Baiano,29,BA,Bahia,2,Nordeste
2933307,293330,Vitória da Conquista,29028,Vitória da Conquista,2906,Centro Sul Baiano,29,BA,Bahia,2,Nordeste
2933406,293340,Wagner,29023,Seabra,2906,Centro Sul Baiano,29,BA,Bahia,2,Nordeste
2933455,293345,Wanderley,29002,Cotegipe,2901,Extremo Oeste Baiano,29,BA,Bahia,2,Nordeste
2933505,293350,Wenceslau Guimarães,29031,Ilhéus-Itabuna,2907,Sul Baiano,29,BA,Bahia,2,Nordeste
2933604,293360,Xique-Xique,29006,Barra,2902,Vale São-Franciscano da Bahia,29,BA,Bahia,2,Nordeste
3100104,310010,Abadia dos Dourados,31019,Patrocínio,3105,Triângulo Mineiro/Alto Paranaíba,31,MG,Minas Gerais,3,Sudeste
3100203,310020,Abaeté,31024,Três Marias,3106,Central Mineira,31,MG,Minas Gerais,3,Sudeste
3100302,310030,Abre Campo,31061,Manhuaçu,3112,Zona da Mata,31,MG,Minas Gerais,3,Sudeste
3100401,310040,Acaiaca,31060,Ponte Nova,3112,Zona da Mata,31,MG,Minas Gerais,3,Sudeste
3100500,310050,Açucena,31039,Ipatinga,3108,Vale do Rio Doce,31,MG,Minas Gerais,3,Sudeste
3100609,310060,Água Boa,31036,Peçanha,3108,Vale do Rio Doce,31,MG,Minas Gerais,3,Sudeste
3100708,310070,Água Comprida,31022,Uberaba,3105,Triângulo Mineiro/Alto Paranaíba,31,MG,Minas Gerais,3,Sudeste
3100807,310080,Aguanil,31045,Campo Belo,3109,Oeste de Minas,31,MG,Minas Gerais,3,Sudeste
3100906,310090,Águas Formosas,31016,Nanuque,3104,Vale do Mucuri,31,MG,Minas Gerais,3,Sudeste
3101003,310100,Águas Vermelhas,31005,Salinas,3102,Norte de Minas,31,MG,Minas Gerais,3,Sudeste
3101102,310110,Aimorés,31041,Aimorés,3108,Vale do Rio Doce,31,MG,Minas Gerais,3,Sudeste
3101201,310120,Aiuruoca,31055,Andrelândia,3110,Sul/Sudoeste de Minas,31,MG,Minas Gerais,3,Sudeste
3101300,310130,Alagoa,31054,São Lourenço,3110,Sul/Sudoeste de Minas,31,MG,Minas Gerais,3,Sudeste
3101409,310140,Albertina,31051,Poços de Caldas,3110,Sul/Sudoeste de Minas,31,MG,Minas Gerais,3,Sudeste
3101508,310150,Além Paraíba,31066,Cataguases,3112,Zona da Mata,31,MG,Minas Gerais,3,Sudeste
3101607,310160,Alfenas,31049,Alfenas,3110,Sul/Sudoeste de Minas,31,MG,Minas Gerais,3,Sudeste
3101631,310163,Alfredo Vasconcelos,31059,Barbacena,3111,Campo das Vertentes,31,MG,Minas Gerais,3,Sudeste
3101706,310170,Almenara,31014,Almenara,3103,Jequitinhonha,31,MG,Minas Gerais,3,Sudeste
3101805,310180,Alpercata,31037,Governador Valadares,3108,Vale do Rio Doce,31,MG,Minas Gerais,3,Sudeste
3101904,310190,Alpinópolis,31047,Passos,3110,Sul/Sudoeste de Minas,31,MG,Minas Gerais,3,Sudeste
3102001,310200,Alterosa,31049,Alfenas,3110,Sul/Sudoeste de Minas,31,MG,Minas Gerais,3,Sudeste
3102050,310205,Alto Caparaó,31061,Manhuaçu,3112,Zona da Mata,31,MG,Minas Gerais,3,Sudeste
3102100,310210,Alto Rio Doce,31062,Viçosa,3112,Zona da Mata,31,MG,Minas Gerais,3,Sudeste
3102209,310220,Alvarenga,31041,Aimorés,3108,Vale do Rio Doce,31,MG,Minas Gerais,3,Sudeste
3102308,310230,Alvinópolis,31031,Itabira,3107,Metropolitana de Belo Horizonte,31,MG,Minas Gerais,3,Sudeste
3102407,310240,Alvorada de Minas,31028,Conceição do Mato Dentro,3107,Metropolitana de Belo Horizonte,31,MG,Minas Gerais,3,Sudeste
3102506,310250,Amparo do Serra,31062,Viçosa,3112,Zona da Mata,31,MG,Minas Gerais,3,Sudeste
3102605,310260,Andradas,31051,Poços de Caldas,3110,Sul/Sudoeste de Minas,31,MG,Minas Gerais,3,Sudeste
3102704,310270,Cachoeira de Pajeú,31013,Pedra Azul,3103,Jequitinhonha,31,MG,Minas Gerais,3,Sudeste
3102803,310280,Andrelândia,31055,Andrelândia,3110,Sul/Sudoeste de Minas,31,MG,Minas Gerais,3,Sudeste
3102852,310285,Angelândia,31011,Capelinha,3103,Jequitinhonha,31,MG,Minas Gerais,3,Sudeste
3102902,310290,Antônio Carlos,31059,Barbacena,3111,Campo das Vertentes,31,MG,Minas Gerais,3,Sudeste
3103009,310300,Antônio Dias,31039,Ipatinga,3108,Vale do Rio Doce,31,MG,Minas Gerais,3,Sudeste
3103108,310310,Antônio Prado de Minas,31063,Muriaé,3112,Zona da Mata,31,MG,Minas Gerais,3,Sudeste
3103207,310320,Araçaí,31027,Sete Lagoas,3107,Metropolitana de Belo Horizonte,31,MG,Minas Gerais,3,Sudeste
3103306,310330,Aracitaba,31065,Juiz de Fora,3112,Zona da Mata,31,MG,Minas Gerais,3,Sudeste
3103405,310340,Araçuaí,31012,Araçuaí,3103,Jequitinhonha,31,MG,Minas Gerais,3,Sudeste
3103504,310350,Araguari,31018,Uberlândia,3105,Triângulo Mineiro/Alto Paranaíba,31,MG,Minas Gerais,3,Sudeste
3103603,310360,Arantina,31055,Andrelândia,3110,Sul/Sudoeste de Minas,31,MG,Minas Gerais,3,Sudeste
3103702,310370,Araponga,31062,Viçosa,3112,Zona da Mata,31,MG,Minas Gerais,3,Sudeste
3103751,310375,Araporã,31018,Uberlândia,3105,Triângulo Mineiro/Alto Paranaíba,31,MG,Minas Gerais,3,Sudeste
3103801,310380,Arapuá,31020,Patos de Minas,3105,Triângulo Mineiro/Alto Paranaíba,31,MG,Minas Gerais,3,Sudeste
3103900,310390,Araújos,31026,Bom Despacho,3106,Central Mineira,31,MG,Minas Gerais,3,Sudeste
3104007,310400,Araxá,31023,Araxá,3105,Triângulo Mineiro/Alto Paranaíba,31,MG,Minas Gerais,3,Sudeste
3104106,310410,Arceburgo,31048,São Sebastião do Paraíso,3110,Sul/Sudoeste de Minas,31,MG,Minas Gerais,3,Sudeste
3104205,310420,Arcos,31044,Formiga,3109,Oeste de Minas,31,MG,Minas Gerais,3,Sudeste
3104304,310430,Areado,31049,Alfenas,3110,Sul/Sudoeste de Minas,31,MG,Minas Gerais,3,Sudeste
3104403,310440,Argirita,31066,Cataguases,3112,Zona da Mata,31,MG,Minas Gerais,3,Sudeste
3104452,310445,Aricanduva,31011,Capelinha,3103,Jequitinhonha,31,MG,Minas Gerais,3,Sudeste
3104502,310450,Arinos,31001,Unaí,3101,Noroeste de Minas,31,MG,Minas Gerais,3,Sudeste
3104601,310460,Astolfo Dutra,31064,Ubá,3112,Zona da Mata,31,MG,Minas Gerais,3,Sudeste
3104700,310470,Ataléia,31015,Teófilo Otoni,3104,Vale do Mucuri,31,MG,Minas Gerais,3,Sudeste
3104809,310480,Augusto de Lima,31025,Curvelo,3106,Central Mineira,31,MG,Minas Gerais,3,Sudeste
3104908,310490,Baependi,31054,São Lourenço,3110,Sul/Sudoeste de Minas,31,MG,Minas Gerais,3,Sudeste
3105004,310500,Baldim,31027,Sete Lagoas,3107,Metropolitana de Belo Horizonte,31,MG,Minas Gerais,3,Sudeste
3105103,310510,Bambuí,31042,Piuí,3109,Oeste de Minas,31,MG,Minas Gerais,3,Sudeste
3105202,310520,Bandeira,31014,Almenara,3103,Jequitinhonha,31,MG,Minas Gerais,3,Sudeste
3105301,310530,Bandeira do Sul,31051,Poços de Caldas,3110,Sul/Sudoeste de Minas,31,MG,Minas Gerais,3,Sudeste
3105400,310540,Barão de Cocais,31031,Itabira,3107,Metropolitana de Belo Horizonte,31,MG,Minas Gerais,3,Sudeste
3105509,310550,Barão do Monte Alto,31063,Muriaé,3112,Zona da Mata,31,MG,Minas Gerais,3,Sudeste
3105608,310560,Barbacena,31059,Barbacena,3111,Campo das Vertentes,31,MG,Minas Gerais,3,Sudeste
3105707,310570,Barra Longa,31060,Ponte Nova,3112,Zona da Mata,31,MG,Minas Gerais,3,Sudeste
3105905,310590,Barroso,31059,Barbacena,3111,Campo das Vertentes,31,MG,Minas Gerais,3,Sudeste
3106002,310600,Bela Vista de Minas,31031,Itabira,3107,Metropolitana de Belo Horizonte,31,MG,Minas Gerais,3,Sudeste
3106101,310610,Belmiro Braga,31065,Juiz de Fora,3112,Zona da Mata,31,MG,Minas Gerais,3,Sudeste
3106200,310620,Belo Horizonte,31030,Belo Horizonte,3107,Metropolitana de Belo Horizonte,31,MG,Minas Gerais,3,Sudeste
3106309,310630,Belo Oriente,31039,Ipatinga,3108,Vale do Rio Doce,31,MG,Minas Gerais,3,Sudeste
3106408,310640,Belo Vale,31032,Itaguara,3107,Metropolitana de Belo Horizonte,31,MG,Minas Gerais,3,Sudeste
3106507,310650,Berilo,31011,Capelinha,3103,Jequitinhonha,31,MG,Minas Gerais,3,Sudeste
3106606,310660,Bertópolis,31016,Nanuque,3104,Vale do Mucuri,31,MG,Minas Gerais,3,Sudeste
3106655,310665,Berizal,31005,Salinas,3102,Norte de Minas,31,MG,Minas Gerais,3,Sudeste
3106705,310670,Betim,31030,Belo Horizonte,3107,Metropolitana de Belo Horizonte,31,MG,Minas Gerais,3,Sudeste
3106804,310680,Bias Fortes,31065,Juiz de Fora,3112,Zona da Mata,31,MG,Minas Gerais,3,Sudeste
3106903,310690,Bicas,31065,Juiz de Fora,3112,Zona da Mata,31,MG,Minas Gerais,3,Sudeste
3107000,310700,Biquinhas,31024,Três Marias,3106,Central Mineira,31,MG,Minas Gerais,3,Sudeste
3107109,310710,Boa Esperança,31050,Varginha,3110,Sul/Sudoeste de Minas,31,MG,Minas Gerais,3,Sudeste
3107208,310720,Bocaina de Minas,31055,Andrelândia,3110,Sul/Sudoeste de Minas,31,MG,Minas Gerais,3,Sudeste
3107307,310730,Bocaiúva,31009,Bocaiúva,3102,Norte de Minas,31,MG,Minas Gerais,3,Sudeste
3107406,310740,Bom Despacho,31026,Bom Despacho,3106,Central Mineira,31,MG,Minas Gerais,3,Sudeste
3107505,310750,Bom Jardim de Minas,31055,Andrelândia,3110,Sul/Sudoeste de Minas,31,MG,Minas Gerais,3,Sudeste
3107604,310760,Bom Jesus da Penha,31047,Passos,3110,Sul/Sudoeste de Minas,31,MG,Minas Gerais,3,Sudeste
3107703,310770,Bom Jesus do Amparo,31031,Itabira,3107,Metropolitana de Belo Horizonte,31,MG,Minas Gerais,3,Sudeste
3107802,310780,Bom Jesus do Galho,31040,Caratinga,3108,Vale do Rio Doce,31,MG,Minas Gerais,3,Sudeste
3107901,310790,Bom Repouso,31052,Pouso Alegre,3110,Sul/Sudoeste de Minas,31,MG,Minas Gerais,3,Sudeste
3108008,310800,Bom Sucesso,31046,Oliveira,3109,Oeste de Minas,31,MG,Minas Gerais,3,Sudeste
3108107,310810,Bonfim,31032,Itaguara,3107,Metropolitana de Belo Horizonte,31,MG,Minas Gerais,3,Sudeste
3108206,310820,Bonfinópolis de Minas,31001,Unaí,3101,Noroeste de Minas,31,MG,Minas Gerais,3,Sudeste
3108255,310825,Bonito de Minas,31003,Januária,3102,Norte de Minas,31,MG,Minas Gerais,3,Sudeste
3108305,310830,Borda da Mata,31052,Pouso Alegre,3110,Sul/Sudoeste de Minas,31,MG,Minas Gerais,3,Sudeste
3108404,310840,Botelhos,31051,Poços de Caldas,3110,Sul/Sudoeste de Minas,31,MG,Minas Gerais,3,Sudeste
3108503,310850,Botumirim,31008,Grão Mogol,3102,Norte de Minas,31,MG,Minas Gerais,3,Sudeste
3108552,310855,Brasilândia de Minas,31002,Paracatu,3101,Noroeste de Minas,31,MG,Minas Gerais,3,Sudeste
3108602,310860,Brasília de Minas,31007,Montes Claros,3102,Norte de Minas,31,MG,Minas Gerais,3,Sudeste
3108701,310870,Brás Pires,31062,Viçosa,3112,Zona da Mata,31,MG,Minas Gerais,3,Sudeste
3108800,310880,Braúnas,31035,Guanhães,3108,Vale do Rio Doce,31,MG,Minas Gerais,3,Sudeste
3108909,310890,Brazópolis,31056,Itajubá,3110,Sul/Sudoeste de Minas,31,MG,Minas Gerais,3,Sudeste
3109006,310900,Brumadinho,31030,Belo Horizonte,3107,Metropolitana de Belo Horizonte,31,MG,Minas Gerais,3,Sudeste
3109105,310910,Bueno Brandão,31052,Pouso Alegre,3110,Sul/Sudoeste de Minas,31,MG,Minas Gerais,3,Sudeste
3109204,310920,Buenópolis,31025,Curvelo,3106,Central Mineira,31,MG,Minas Gerais,3,Sudeste
3109253,310925,Bugre,31040,Caratinga,3108,Vale do Rio Doce,31,MG,Minas Gerais,3,Sudeste
3109303,310930,Buritis,31001,Unaí,3101,Noroeste de Minas,31,MG,Minas Gerais,3,Sudeste
3109402,310940,Buritizeiro,31006,Pirapora,3102,Norte de Minas,31,MG,Minas Gerais,3,Sudeste
3109451,310945,Cabeceira Grande,31001,Unaí,3101,Noroeste de Minas,31,MG,Minas Gerais,3,Sudeste
3109501,310950,Cabo Verde,31048,São Sebastião do Paraíso,3110,Sul/Sudoeste de Minas,31,MG,Minas Gerais,3,Sudeste
3109600,310960,Cachoeira da Prata,31027,Sete Lagoas,3107,Metropolitana de Belo Horizonte,31,MG,Minas Gerais,3,Sudeste
3109709,310970,Cachoeira de Minas,31053,Santa Rita do Sapucaí,3110,Sul/Sudoeste de Minas,31,MG,Minas Gerais,3,Sudeste
3109808,310980,Cachoeira Dourada,31017,Ituiutaba,3105,Triângulo Mineiro/Alto Paranaíba,31,MG,Minas Gerais,3,Sudeste
3109907,310990,Caetanópolis,31027,Sete Lagoas,3107,Metropolitana de Belo Horizonte,31,MG,Minas Gerais,3,Sudeste
3110004,311000,Caeté,31030,Belo Horizonte,3107,Metropolitana de Belo Horizonte,31,MG,Minas Gerais,3,Sudeste
3110103,311010,Caiana,31063,Muriaé,3112,Zona da Mata,31,MG,Minas Gerais,3,Sudeste
3110202,311020,Cajuri,31062,Viçosa,3112,Zona da Mata,31,MG,Minas Gerais,3,Sudeste
3110301,311030,Caldas,31051,Poços de Caldas,3110,Sul/Sudoeste de Minas,31,MG,Minas Gerais,3,Sudeste
3110400,311040,Camacho,31044,Formiga,3109,Oeste de Minas,31,MG,Minas Gerais,3,Sudeste
3110509,311050,Camanducaia,31052,Pouso Alegre,3110,Sul/Sudoeste de Minas,31,MG,Minas Gerais,3,Sudeste
3110608,311060,Cambuí,31052,Pouso Alegre,3110,Sul/Sudoeste de Minas,31,MG,Minas Gerais,3,Sudeste
3110707,311070,Cambuquira,31054,São Lourenço,3110,Sul/Sudoeste de Minas,31,MG,Minas Gerais,3,Sudeste
3110806,311080,Campanário,31037,Governador Valadares,3108,Vale do Rio Doce,31,MG,Minas Gerais,3,Sudeste
3110905,311090,Campanha,31050,Varginha,3110,Sul/Sudoeste de Minas,31,MG,Minas Gerais,3,Sudeste
3111002,311100,Campestre,31051,Poços de Caldas,3110,Sul/Sudoeste de Minas,31,MG,Minas Gerais,3,Sudeste
3111101,311110,Campina Verde,31021,Frutal,3105,Triângulo Mineiro/Alto Paranaíba,31,MG,Minas Gerais,3,Sudeste
3111150,311115,Campo Azul,31007,Montes Claros,3102,Norte de Minas,31,MG,Minas Gerais,3,Sudeste
3111200,311120,Campo Belo,31045,Campo Belo,3109,Oeste de Minas,31,MG,Minas Gerais,3,Sudeste
3111309,311130,Campo do Meio,31050,Varginha,3110,Sul/Sudoeste de Minas,31,MG,Minas Gerais,3,Sudeste
3111408,311140,Campo Florido,31022,Uberaba,3105,Triângulo Mineiro/Alto Paranaíba,31,MG,Minas Gerais,3,Sudeste
3111507,311150,Campos Altos,31023,Araxá,3105,Triângulo Mineiro/Alto Paranaíba,31,MG,Minas Gerais,3,Sudeste
3111606,311160,Campos Gerais,31050,Varginha,3110,Sul/Sudoeste de Minas,31,MG,Minas Gerais,3,Sudeste
3111705,311170,Canaã,31062,Viçosa,3112,Zona da Mata,31,MG,Minas Gerais,3,Sudeste
3111804,311180,Canápolis,31018,Uberlândia,3105,Triângulo Mineiro/Alto Paranaíba,31,MG,Minas Gerais,3,Sudeste
3111903,311190,Cana Verde,31045,Campo Belo,3109,Oeste de Minas,31,MG,Minas Gerais,3,Sudeste
3112000,311200,Candeias,31045,Campo Belo,3109,Oeste de Minas,31,MG,Minas Gerais,3,Sudeste
3112059,311205,Cantagalo,31036,Peçanha,3108,Vale do Rio Doce,31,MG,Minas Gerais,3,Sudeste
3112109,311210,Caparaó,31061,Manhuaçu,3112,Zona da Mata,31,MG,Minas Gerais,3,Sudeste
3112208,311220,Capela Nova,31059,Barbacena,3111,Campo das Vertentes,31,MG,Minas Gerais,3,Sudeste
3112307,311230,Capelinha,31011,Capelinha,3103,Jequitinhonha,31,MG,Minas Gerais,3,Sudeste
3112406,311240,Capetinga,31047,Passos,3110,Sul/Sudoeste de Minas,31,MG,Minas Gerais,3,Sudeste
3112505,311250,Capim Branco,31027,Sete Lagoas,3107,Metropolitana de Belo Horizonte,31,MG,Minas Gerais,3,Sudeste
3112604,311260,Capinópolis,31017,Ituiutaba,3105,Triângulo Mineiro/Alto Paranaíba,31,MG,Minas Gerais,3,Sudeste
3112653,311265,Capitão Andrade,31037,Governador Valadares,3108,Vale do Rio Doce,31,MG,Minas Gerais,3,Sudeste
3112703,311270,Capitão Enéas,31007,Montes Claros,3102,Norte de Minas,31,MG,Minas Gerais,3,Sudeste
3112802,311280,Capitólio,31047,Passos,3110,Sul/Sudoeste de Minas,31,MG,Minas Gerais,3,Sudeste
3112901,311290,Caputira,31061,Manhuaçu,3112,Zona da Mata,31,MG,Minas Gerais,3,Sudeste
3113008,311300,Caraí,31012,Araçuaí,3103,Jequitinhonha,31,MG,Minas Gerais,3,Sudeste
3113107,311310,Caranaíba,31059,Barbacena,3111,Campo das Vertentes,31,MG,Minas Gerais,3,Sudeste
3113206,311320,Carandaí,31059,Barbacena,3111,Campo das Vertentes,31,MG,Minas Gerais,3,Sudeste
3113305,311330,Carangola,31063,Muriaé,3112,Zona da Mata,31,MG,Minas Gerais,3,Sudeste
3113404,311340,Caratinga,31040,Caratinga,3108,Vale do Rio Doce,31,MG,Minas Gerais,3,Sudeste
3113503,311350,Carbonita,31011,Capelinha,3103,Jequitinhonha,31,MG,Minas Gerais,3,Sudeste
3113602,311360,Careaçu,31053,Santa Rita do Sapucaí,3110,Sul/Sudoeste de Minas,31,MG,Minas Gerais,3,Sudeste
3113701,311370,Carlos Chagas,31016,Nanuque,3104,Vale do Mucuri,31,MG,Minas Gerais,3,Sudeste
3113800,311380,Carmésia,31035,Guanhães,3108,Vale do Rio Doce,31,MG,Minas Gerais,3,Sudeste
3113909,311390,Carmo da Cachoeira,31050,Varginha,3110,Sul/Sudoeste de Minas,31,MG,Minas Gerais,3,Sudeste
3114006,311400,Carmo da Mata,31046,Oliveira,3109,Oeste de Minas,31,MG,Minas Gerais,3,Sudeste
3114105,311410,Carmo de Minas,31054,São Lourenço,3110,Sul/Sudoeste de Minas,31,MG,Minas Gerais,3,Sudeste
3114204,311420,Carmo do Cajuru,31043,Divinópolis,3109,Oeste de Minas,31,MG,Minas Gerais,3,Sudeste
3114303,311430,Carmo do Paranaíba,31020,Patos de Minas,3105,Triângulo Mineiro/Alto Paranaíba,31,MG,Minas Gerais,3,Sudeste
3114402,311440,Carmo do Rio Claro,31049,Alfenas,3110,Sul/Sudoeste de Minas,31,MG,Minas Gerais,3,Sudeste
3114501,311450,Carmópolis de Minas,31046,Oliveira,3109,Oeste de Minas,31,MG,Minas Gerais,3,Sudeste
3114550,311455,Carneirinho,31021,Frutal,3105,Triângulo Mineiro/Alto Paranaíba,31,MG,Minas Gerais,3,Sudeste
3114600,311460,Carrancas,31057,Lavras,3111,Campo das Vertentes,31,MG,Minas Gerais,3,Sudeste
3114709,311470,Carvalhópolis,31049,Alfenas,3110,Sul/Sudoeste de Minas,31,MG,Minas Gerais,3,Sudeste
3114808,311480,Carvalhos,31055,Andrelândia,3110,Sul/Sudoeste de Minas,31,MG,Minas Gerais,3,Sudeste
3114907,311490,Casa Grande,31034,Conselheiro Lafaiete,3107,Metropolitana de Belo Horizonte,31,MG,Minas Gerais,3,Sudeste
3115003,311500,Cascalho Rico,31018,Uberlândia,3105,Triângulo Mineiro/Alto Paranaíba,31,MG,Minas Gerais,3,Sudeste
3115102,311510,Cássia,31047,Passos,3110,Sul/Sudoeste de Minas,31,MG,Minas Gerais,3,Sudeste
3115201,311520,Conceição da Barra de Minas,31058,São João Del Rei,3111,Campo das Vertentes,31,MG,Minas Gerais,3,Sudeste
3115300,311530,Cataguases,31066,Cataguases,3112,Zona da Mata,31,MG,Minas Gerais,3,Sudeste
3115359,311535,Catas Altas,31031,Itabira,3107,Metropolitana de Belo Horizonte,31,MG,Minas Gerais,3,Sudeste
3115409,311540,Catas Altas da Noruega,31034,Conselheiro Lafaiete,3107,Metropolitana de Belo Horizonte,31,MG,Minas Gerais,3,Sudeste
3115458,311545,Catuji,31015,Teófilo Otoni,3104,Vale do Mucuri,31,MG,Minas Gerais,3,Sudeste
3115474,311547,Catuti,31004,Janaúba,3102,Norte de Minas,31,MG,Minas Gerais,3,Sudeste
3115508,311550,Caxambu,31054,São Lourenço,3110,Sul/Sudoeste de Minas,31,MG,Minas Gerais,3,Sudeste
3115607,311560,Cedro do Abaeté,31024,Três Marias,3106,Central Mineira,31,MG,Minas Gerais,3,Sudeste
3115706,311570,Central de Minas,31038,Mantena,3108,Vale do Rio Doce,31,MG,Minas Gerais,3,Sudeste
3115805,311580,Centralina,31018,Uberlândia,3105,Triângulo Mineiro/Alto Paranaíba,31,MG,Minas Gerais,3,Sudeste
3115904,311590,Chácara,31065,Juiz de Fora,3112,Zona da Mata,31,MG,Minas Gerais,3,Sudeste
3116001,311600,Chalé,31061,Manhuaçu,3112,Zona da Mata,31,MG,Minas Gerais,3,Sudeste
3116100,311610,Chapada do Norte,31011,Capelinha,3103,Jequitinhonha,31,MG,Minas Gerais,3,Sudeste
3116159,311615,Chapada Gaúcha,31003,Januária,3102,Norte de Minas,31,MG,Minas Gerais,3,Sudeste
3116209,311620,Chiador,31065,Juiz de Fora,3112,Zona da Mata,31,MG,Minas Gerais,3,Sudeste
3116308,311630,Cipotânea,31062,Viçosa,3112,Zona da Mata,31,MG,Minas Gerais,3,Sudeste
3116407,311640,Claraval,31047,Passos,3110,Sul/Sudoeste de Minas,31,MG,Minas Gerais,3,Sudeste
3116506,311650,Claro dos Poções,31007,Montes Claros,3102,Norte de Minas,31,MG,Minas Gerais,3,Sudeste
3116605,311660,Cláudio,31043,Divinópolis,3109,Oeste de Minas,31,MG,Minas Gerais,3,Sudeste
3116704,311670,Coimbra,31062,Viçosa,3112,Zona da Mata,31,MG,Minas Gerais,3,Sudeste
3116803,311680,Coluna,31035,Guanhães,3108,Vale do Rio Doce,31,MG,Minas Gerais,3,Sudeste
3116902,311690,Comendador Gomes,31021,Frutal,3105,Triângulo Mineiro/Alto Paranaíba,31,MG,Minas Gerais,3,Sudeste
3117009,311700,Comercinho,31013,Pedra Azul,3103,Jequitinhonha,31,MG,Minas Gerais,3,Sudeste
3117108,311710,Conceição da Aparecida,31049,Alfenas,3110,Sul/Sudoeste de Minas,31,MG,Minas Gerais,3,Sudeste
3117207,311720,Conceição das Pedras,31053,Santa Rita do Sapucaí,3110,Sul/Sudoeste de Minas,31,MG,Minas Gerais,3,Sudeste
3117306,311730,Conceição das Alagoas,31022,Uberaba,3105,Triângulo Mineiro/Alto Paranaíba,31,MG,Minas Gerais,3,Sudeste
3117405,311740,Conceição de Ipanema,31041,Aimorés,3108,Vale do Rio Doce,31,MG,Minas Gerais,3,Sudeste
3117504,311750,Conceição do Mato Dentro,31028,Conceição do Mato Dentro,3107,Metropolitana de Belo Horizonte,31,MG,Minas Gerais,3,Sudeste
3117603,311760,Conceição do Pará,31043,Divinópolis,3109,Oeste de Minas,31,MG,Minas Gerais,3,Sudeste
3117702,311770,Conceição do Rio Verde,31054,São Lourenço,3110,Sul/Sudoeste de Minas,31,MG,Minas Gerais,3,Sudeste
3117801,311780,Conceição dos Ouros,31053,Santa Rita do Sapucaí,3110,Sul/Sudoeste de Minas,31,MG,Minas Gerais,3,Sudeste
3117836,311783,Cônego Marinho,31003,Januária,3102,Norte de Minas,31,MG,Minas Gerais,3,Sudeste
3117876,311787,Confins,31030,Belo Horizonte,3107,Metropolitana de Belo Horizonte,31,MG,Minas Gerais,3,Sudeste
3117900,311790,Congonhal,31052,Pouso Alegre,3110,Sul/Sudoeste de Minas,31,MG,Minas Gerais,3,Sudeste
3118007,311800,Congonhas,31034,Conselheiro Lafaiete,3107,Metropolitana de Belo Horizonte,31,MG,Minas Gerais,3,Sudeste
3118106,311810,Congonhas do Norte,31028,Conceição do Mato Dentro,3107,Metropolitana de Belo Horizonte,31,MG,Minas Gerais,3,Sudeste
3118205,311820,Conquista,31022,Uberaba,3105,Triângulo Mineiro/Alto Paranaíba,31,MG,Minas Gerais,3,Sudeste
3118304,311830,Conselheiro Lafaiete,31034,Conselheiro Lafaiete,3107,Metropolitana de Belo Horizonte,31,MG,Minas Gerais,3,Sudeste
3118403,311840,Conselheiro Pena,31041,Aimorés,3108,Vale do Rio Doce,31,MG,Minas Gerais,3,Sudeste
3118502,311850,Consolação,31056,Itajubá,3110,Sul/Sudoeste de Minas,31,MG,Minas Gerais,3,Sudeste
3118601,311860,Contagem,31030,Belo Horizonte,3107,Metropolitana de Belo Horizonte,31,MG,Minas Gerais,3,Sudeste
3118700,311870,Coqueiral,31050,Varginha,3110,Sul/Sudoeste de Minas,31,MG,Minas Gerais,3,Sudeste
3118809,311880,Coração de Jesus,31007,Montes Claros,3102,Norte de Minas,31,MG,Minas Gerais,3,Sudeste
3118908,311890,Cordisburgo,31027,Sete Lagoas,3107,Metropolitana de Belo Horizonte,31,MG,Minas Gerais,3,Sudeste
3119005,311900,Cordislândia,31053,Santa Rita do Sapucaí,3110,Sul/Sudoeste de Minas,31,MG,Minas Gerais,3,Sudeste
3119104,311910,Corinto,31025,Curvelo,3106,Central Mineira,31,MG,Minas Gerais,3,Sudeste
3119203,311920,Coroaci,31037,Governador Valadares,3108,Vale do Rio Doce,31,MG,Minas Gerais,3,Sudeste
3119302,311930,Coromandel,31019,Patrocínio,3105,Triângulo Mineiro/Alto Paranaíba,31,MG,Minas Gerais,3,Sudeste
3119401,311940,Coronel Fabriciano,31039,Ipatinga,3108,Vale do Rio Doce,31,MG,Minas Gerais,3,Sudeste
3119500,311950,Coronel Murta,31012,Araçuaí,3103,Jequitinhonha,31,MG,Minas Gerais,3,Sudeste
3119609,311960,Coronel Pacheco,31065,Juiz de Fora,3112,Zona da Mata,31,MG,Minas Gerais,3,Sudeste
3119708,311970,Coronel Xavier Chaves,31058,São João Del Rei,3111,Campo das Vertentes,31,MG,Minas Gerais,3,Sudeste
3119807,311980,Córrego Danta,31042,Piuí,3109,Oeste de Minas,31,MG,Minas Gerais,3,Sudeste
3119906,311990,Córrego do Bom Jesus,31052,Pouso Alegre,3110,Sul/Sudoeste de Minas,31,MG,Minas Gerais,3,Sudeste
3119955,311995,Córrego Fundo,31044,Formiga,3109,Oeste de Minas,31,MG,Minas Gerais,3,Sudeste
3120003,312000,Córrego Novo,31040,Caratinga,3108,Vale do Rio Doce,31,MG,Minas Gerais,3,Sudeste
3120102,312010,Couto de Magalhães de Minas,31010,Diamantina,3103,Jequitinhonha,31,MG,Minas Gerais,3,Sudeste
3120151,312015,Crisólita,31016,Nanuque,3104,Vale do Mucuri,31,MG,Minas Gerais,3,Sudeste
3120201,312020,Cristais,31045,Campo Belo,3109,Oeste de Minas,31,MG,Minas Gerais,3,Sudeste
3120300,312030,Cristália,31008,Grão Mogol,3102,Norte de Minas,31,MG,Minas Gerais,3,Sudeste
3120409,312040,Cristiano Otoni,31034,Conselheiro Lafaiete,3107,Metropolitana de Belo Horizonte,31,MG,Minas Gerais,3,Sudeste
3120508,312050,Cristina,31056,Itajubá,3110,Sul/Sudoeste de Minas,31,MG,Minas Gerais,3,Sudeste
3120607,312060,Crucilândia,31032,Itaguara,3107,Metropolitana de Belo Horizonte,31,MG,Minas Gerais,3,Sudeste
3120706,312070,Cruzeiro da Fortaleza,31019,Patrocínio,3105,Triângulo Mineiro/Alto Paranaíba,31,MG,Minas Gerais,3,Sudeste
3120805,312080,Cruzília,31055,Andrelândia,3110,Sul/Sudoeste de Minas,31,MG,Minas Gerais,3,Sudeste
3120839,312083,Cuparaque,31041,Aimorés,3108,Vale do Rio Doce,31,MG,Minas Gerais,3,Sudeste
3120870,312087,Curral de Dentro,31005,Salinas,3102,Norte de Minas,31,MG,Minas Gerais,3,Sudeste
3120904,312090,Curvelo,31025,Curvelo,3106,Central Mineira,31,MG,Minas Gerais,3,Sudeste
3121001,312100,Datas,31010,Diamantina,3103,Jequitinhonha,31,MG,Minas Gerais,3,Sudeste
3121100,312110,Delfim Moreira,31056,Itajubá,3110,Sul/Sudoeste de Minas,31,MG,Minas Gerais,3,Sudeste
3121209,312120,Delfinópolis,31047,Passos,3110,Sul/Sudoeste de Minas,31,MG,Minas Gerais,3,Sudeste
3121258,312125,Delta,31022,Uberaba,3105,Triângulo Mineiro/Alto Paranaíba,31,MG,Minas Gerais,3,Sudeste
3121308,312130,Descoberto,31065,Juiz de Fora,3112,Zona da Mata,31,MG,Minas Gerais,3,Sudeste
3121407,312140,Desterro de Entre Rios,31034,Conselheiro Lafaiete,3107,Metropolitana de Belo Horizonte,31,MG,Minas Gerais,3,Sudeste
3121506,312150,Desterro do Melo,31059,Barbacena,3111,Campo das Vertentes,31,MG,Minas Gerais,3,Sudeste
3121605,312160,Diamantina,31010,Diamantina,3103,Jequitinhonha,31,MG,Minas Gerais,3,Sudeste
3121704,312170,Diogo de Vasconcelos,31033,Ouro Preto,3107,Metropolitana de Belo Horizonte,31,MG,Minas Gerais,3,Sudeste
3121803,312180,Dionísio,31031,Itabira,3107,Metropolitana de Belo Horizonte,31,MG,Minas Gerais,3,Sudeste
3121902,312190,Divinésia,31064,Ubá,3112,Zona da Mata,31,MG,Minas Gerais,3,Sudeste
3122009,312200,Divino,31063,Muriaé,3112,Zona da Mata,31,MG,Minas Gerais,3,Sudeste
3122108,312210,Divino das Laranjeiras,31037,Governador Valadares,3108,Vale do Rio Doce,31,MG,Minas Gerais,3,Sudeste
3122207,312220,Divinolândia de Minas,31035,Guanhães,3108,Vale do Rio Doce,31,MG,Minas Gerais,3,Sudeste
3122306,312230,Divinópolis,31043,Divinópolis,3109,Oeste de Minas,31,MG,Minas Gerais,3,Sudeste
3122355,312235,Divisa Alegre,31005,Salinas,3102,Norte de Minas,31,MG,Minas Gerais,3,Sudeste
3122405,312240,Divisa Nova,31049,Alfenas,3110,Sul/Sudoeste de Minas,31,MG,Minas Gerais,3,Sudeste
3122454,312245,Divisópolis,31014,Almenara,3103,Jequitinhonha,31,MG,Minas Gerais,3,Sudeste
3122470,312247,Dom Bosco,31001,Unaí,3101,Noroeste de Minas,31,MG,Minas Gerais,3,Sudeste
3122504,312250,Dom Cavati,31040,Caratinga,3108,Vale do Rio Doce,31,MG,Minas Gerais,3,Sudeste
3122603,312260,Dom Joaquim,31028,Conceição do Mato Dentro,3107,Metropolitana de Belo Horizonte,31,MG,Minas Gerais,3,Sudeste
3122702,312270,Dom Silvério,31060,Ponte Nova,3112,Zona da Mata,31,MG,Minas Gerais,3,Sudeste
3122801,312280,Dom Viçoso,31056,Itajubá,3110,Sul/Sudoeste de Minas,31,MG,Minas Gerais,3,Sudeste
3122900,312290,Dona Euzébia,31066,Cataguases,3112,Zona da Mata,31,MG,Minas Gerais,3,Sudeste
3123007,312300,Dores de Campos,31058,São João Del Rei,3111,Campo das Vertentes,31,MG,Minas Gerais,3,Sudeste
3123106,312310,Dores de Guanhães,31035,Guanhães,3108,Vale do Rio Doce,31,MG,Minas Gerais,3,Sudeste
3123205,312320,Dores do Indaiá,31026,Bom Despacho,3106,Central Mineira,31,MG,Minas Gerais,3,Sudeste
3123304,312330,Dores do Turvo,31064,Ubá,3112,Zona da Mata,31,MG,Minas Gerais,3,Sudeste
3123403,312340,Doresópolis,31042,Piuí,3109,Oeste de Minas,31,MG,Minas Gerais,3,Sudeste
3123502,312350,Douradoquara,31019,Patrocínio,3105,Triângulo Mineiro/Alto Paranaíba,31,MG,Minas Gerais,3,Sudeste
3123528,312352,Durandé,31061,Manhuaçu,3112,Zona da Mata,31,MG,Minas Gerais,3,Sudeste
3123601,312360,Elói Mendes,31050,Varginha,3110,Sul/Sudoeste de Minas,31,MG,Minas Gerais,3,Sudeste
3123700,312370,Engenheiro Caldas,31037,Governador Valadares,3108,Vale do Rio Doce,31,MG,Minas Gerais,3,Sudeste
3123809,312380,Engenheiro Navarro,31009,Bocaiúva,3102,Norte de Minas,31,MG,Minas Gerais,3,Sudeste
3123858,312385,Entre Folhas,31040,Caratinga,3108,Vale do Rio Doce,31,MG,Minas Gerais,3,Sudeste
3123908,312390,Entre Rios de Minas,31034,Conselheiro Lafaiete,3107,Metropolitana de Belo Horizonte,31,MG,Minas Gerais,3,Sudeste
3124005,312400,Ervália,31062,Viçosa,3112,Zona da Mata,31,MG,Minas Gerais,3,Sudeste
3124104,312410,Esmeraldas,31030,Belo Horizonte,3107,Metropolitana de Belo Horizonte,31,MG,Minas Gerais,3,Sudeste
3124203,312420,Espera Feliz,31063,Muriaé,3112,Zona da Mata,31,MG,Minas Gerais,3,Sudeste
3124302,312430,Espinosa,31004,Janaúba,3102,Norte de Minas,31,MG,Minas Gerais,3,Sudeste
3124401,312440,Espírito Santo do Dourado,31052,Pouso Alegre,3110,Sul/Sudoeste de Minas,31,MG,Minas Gerais,3,Sudeste
3124500,312450,Estiva,31052,Pouso Alegre,3110,Sul/Sudoeste de Minas,31,MG,Minas Gerais,3,Sudeste
3124609,312460,Estrela Dalva,31066,Cataguases,3112,Zona da Mata,31,MG,Minas Gerais,3,Sudeste
3124708,312470,Estrela do Indaiá,31026,Bom Despacho,3106,Central Mineira,31,MG,Minas Gerais,3,Sudeste
3124807,312480,Estrela do Sul,31019,Patrocínio,3105,Triângulo Mineiro/Alto Paranaíba,31,MG,Minas Gerais,3,Sudeste
3124906,312490,Eugenópolis,31063,Muriaé,3112,Zona da Mata,31,MG,Minas Gerais,3,Sudeste
3125002,312500,Ewbank da Câmara,31065,Juiz de Fora,3112,Zona da Mata,31,MG,Minas Gerais,3,Sudeste
3125101,312510,Extrema,31052,Pouso Alegre,3110,Sul/Sudoeste de Minas,31,MG,Minas Gerais,3,Sudeste
3125200,312520,Fama,31049,Alfenas,3110,Sul/Sudoeste de Minas,31,MG,Minas Gerais,3,Sudeste
3125309,312530,Faria Lemos,31063,Muriaé,3112,Zona da Mata,31,MG,Minas Gerais,3,Sudeste
3125408,312540,Felício dos Santos,31010,Diamantina,3103,Jequitinhonha,31,MG,Minas Gerais,3,Sudeste
3125507,312550,São Gonçalo do Rio Preto,31010,Diamantina,3103,Jequitinhonha,31,MG,Minas Gerais,3,Sudeste
3125606,312560,Felisburgo,31014,Almenara,3103,Jequitinhonha,31,MG,Minas Gerais,3,Sudeste
3125705,312570,Felixlândia,31025,Curvelo,3106,Central Mineira,31,MG,Minas Gerais,3,Sudeste
3125804,312580,Fernandes Tourinho,31037,Governador Valadares,3108,Vale do Rio Doce,31,MG,Minas Gerais,3,Sudeste
3125903,312590,Ferros,31031,Itabira,3107,Metropolitana de Belo Horizonte,31,MG,Minas Gerais,3,Sudeste
3125952,312595,Fervedouro,31063,Muriaé,3112,Zona da Mata,31,MG,Minas Gerais,3,Sudeste
3126000,312600,Florestal,31029,Pará de Minas,3107,Metropolitana de Belo Horizonte,31,MG,Minas Gerais,3,Sudeste
3126109,312610,Formiga,31044,Formiga,3109,Oeste de Minas,31,MG,Minas Gerais,3,Sudeste
3126208,312620,Formoso,31001,Unaí,3101,Noroeste de Minas,31,MG,Minas Gerais,3,Sudeste
3126307,312630,Fortaleza de Minas,31047,Passos,3110,Sul/Sudoeste de Minas,31,MG,Minas Gerais,3,Sudeste
3126406,312640,Fortuna de Minas,31027,Sete Lagoas,3107,Metropolitana de Belo Horizonte,31,MG,Minas Gerais,3,Sudeste
3126505,312650,Francisco Badaró,31011,Capelinha,3103,Jequitinhonha,31,MG,Minas Gerais,3,Sudeste
3126604,312660,Francisco Dumont,31009,Bocaiúva,3102,Norte de Minas,31,MG,Minas Gerais,3,Sudeste
3126703,312670,Francisco Sá,31007,Montes Claros,3102,Norte de Minas,31,MG,Minas Gerais,3,Sudeste
3126752,312675,Franciscópolis,31015,Teófilo Otoni,3104,Vale do Mucuri,31,MG,Minas Gerais,3,Sudeste
3126802,312680,Frei Gaspar,31015,Teófilo Otoni,3104,Vale do Mucuri,31,MG,Minas Gerais,3,Sudeste
3126901,312690,Frei Inocêncio,31037,Governador Valadares,3108,Vale do Rio Doce,31,MG,Minas Gerais,3,Sudeste
3126950,312695,Frei Lagonegro,31036,Peçanha,3108,Vale do Rio Doce,31,MG,Minas Gerais,3,Sudeste
3127008,312700,Fronteira,31021,Frutal,3105,Triângulo Mineiro/Alto Paranaíba,31,MG,Minas Gerais,3,Sudeste
3127057,312705,Fronteira dos Vales,31016,Nanuque,3104,Vale do Mucuri,31,MG,Minas Gerais,3,Sudeste
3127073,312707,Fruta de Leite,31005,Salinas,3102,Norte de Minas,31,MG,Minas Gerais,3,Sudeste
3127107,312710,Frutal,31021,Frutal,3105,Triângulo Mineiro/Alto Paranaíba,31,MG,Minas Gerais,3,Sudeste
3127206,312720,Funilândia,31027,Sete Lagoas,3107,Metropolitana de Belo Horizonte,31,MG,Minas Gerais,3,Sudeste
3127305,312730,Galiléia,31037,Governador Valadares,3108,Vale do Rio Doce,31,MG,Minas Gerais,3,Sudeste
3127339,312733,Gameleiras,31004,Janaúba,3102,Norte de Minas,31,MG,Minas Gerais,3,Sudeste
3127354,312735,Glaucilândia,31007,Montes Claros,3102,Norte de Minas,31,MG,Minas Gerais,3,Sudeste
3127370,312737,Goiabeira,31041,Aimorés,3108,Vale do Rio Doce,31,MG,Minas Gerais,3,Sudeste
3127388,312738,Goianá,31065,Juiz de Fora,3112,Zona da Mata,31,MG,Minas Gerais,3,Sudeste
3127404,312740,Gonçalves,31052,Pouso Alegre,3110,Sul/Sudoeste de Minas,31,MG,Minas Gerais,3,Sudeste
3127503,312750,Gonzaga,31035,Guanhães,3108,Vale do Rio Doce,31,MG,Minas Gerais,3,Sudeste
3127602,312760,Gouveia,31010,Diamantina,3103,Jequitinhonha,31,MG,Minas Gerais,3,Sudeste
3127701,312770,Governador Valadares,31037,Governador Valadares,3108,Vale do Rio Doce,31,MG,Minas Gerais,3,Sudeste
3127800,312780,Grão Mogol,31008,Grão Mogol,3102,Norte de Minas,31,MG,Minas Gerais,3,Sudeste
3127909,312790,Grupiara,31019,Patrocínio,3105,Triângulo Mineiro/Alto Paranaíba,31,MG,Minas Gerais,3,Sudeste
3128006,312800,Guanhães,31035,Guanhães,3108,Vale do Rio Doce,31,MG,Minas Gerais,3,Sudeste
3128105,312810,Guapé,31050,Varginha,3110,Sul/Sudoeste de Minas,31,MG,Minas Gerais,3,Sudeste
3128204,312820,Guaraciaba,31060,Ponte Nova,3112,Zona da Mata,31,MG,Minas Gerais,3,Sudeste
3128253,312825,Guaraciama,31009,Bocaiúva,3102,Norte de Minas,31,MG,Minas Gerais,3,Sudeste
3128303,312830,Guaranésia,31048,São Sebastião do Paraíso,3110,Sul/Sudoeste de Minas,31,MG,Minas Gerais,3,Sudeste
3128402,312840,Guarani,31064,Ubá,3112,Zona da Mata,31,MG,Minas Gerais,3,Sudeste
3128501,312850,Guarará,31065,Juiz de Fora,3112,Zona da Mata,31,MG,Minas Gerais,3,Sudeste
3128600,312860,Guarda-Mor,31002,Paracatu,3101,Noroeste de Minas,31,MG,Minas Gerais,3,Sudeste
3128709,312870,Guaxupé,31048,São Sebastião do Paraíso,3110,Sul/Sudoeste de Minas,31,MG,Minas Gerais,3,Sudeste
3128808,312880,Guidoval,31064,Ubá,3112,Zona da Mata,31,MG,Minas Gerais,3,Sudeste
3128907,312890,Guimarânia,31020,Patos de Minas,3105,Triângulo Mineiro/Alto Paranaíba,31,MG,Minas Gerais,3,Sudeste
3129004,312900,Guiricema,31064,Ubá,3112,Zona da Mata,31,MG,Minas Gerais,3,Sudeste
3129103,312910,Gurinhatã,31017,Ituiutaba,3105,Triângulo Mineiro/Alto Paranaíba,31,MG,Minas Gerais,3,Sudeste
3129202,312920,Heliodora,31053,Santa Rita do Sapucaí,3110,Sul/Sudoeste de Minas,31,MG,Minas Gerais,3,Sudeste
3129301,312930,Iapu,31040,Caratinga,3108,Vale do Rio Doce,31,MG,Minas Gerais,3,Sudeste
3129400,312940,Ibertioga,31059,Barbacena,3111,Campo das Vertentes,31,MG,Minas Gerais,3,Sudeste
3129509,312950,Ibiá,31023,Araxá,3105,Triângulo Mineiro/Alto Paranaíba,31,MG,Minas Gerais,3,Sudeste
3129608,312960,Ibiaí,31006,Pirapora,3102,Norte de Minas,31,MG,Minas Gerais,3,Sudeste
3129657,312965,Ibiracatu,31007,Montes Claros,3102,Norte de Minas,31,MG,Minas Gerais,3,Sudeste
3129707,312970,Ibiraci,31047,Passos,3110,Sul/Sudoeste de Minas,31,MG,Minas Gerais,3,Sudeste
3129806,312980,Ibirité,31030,Belo Horizonte,3107,Metropolitana de Belo Horizonte,31,MG,Minas Gerais,3,Sudeste
3129905,312990,Ibitiúra de Minas,31051,Poços de Caldas,3110,Sul/Sudoeste de Minas,31,MG,Minas Gerais,3,Sudeste
3130002,313000,Ibituruna,31046,Oliveira,3109,Oeste de Minas,31,MG,Minas Gerais,3,Sudeste
3130051,313005,Icaraí de Minas,31003,Januária,3102,Norte de Minas,31,MG,Minas Gerais,3,Sudeste
3130101,313010,Igarapé,31030,Belo Horizonte,3107,Metropolitana de Belo Horizonte,31,MG,Minas Gerais,3,Sudeste
3130200,313020,Igaratinga,31043,Divinópolis,3109,Oeste de Minas,31,MG,Minas Gerais,3,Sudeste
3130309,313030,Iguatama,31042,Piuí,3109,Oeste de Minas,31,MG,Minas Gerais,3,Sudeste
3130408,313040,Ijaci,31057,Lavras,3111,Campo das Vertentes,31,MG,Minas Gerais,3,Sudeste
3130507,313050,Ilicínea,31050,Varginha,3110,Sul/Sudoeste de Minas,31,MG,Minas Gerais,3,Sudeste
3130556,313055,Imbé de Minas,31040,Caratinga,3108,Vale do Rio Doce,31,MG,Minas Gerais,3,Sudeste
3130606,313060,Inconfidentes,31051,Poços de Caldas,3110,Sul/Sudoeste de Minas,31,MG,Minas Gerais,3,Sudeste
3130655,313065,Indaiabira,31005,Salinas,3102,Norte de Minas,31,MG,Minas Gerais,3,Sudeste
3130705,313070,Indianópolis,31018,Uberlândia,3105,Triângulo Mineiro/Alto Paranaíba,31,MG,Minas Gerais,3,Sudeste
3130804,313080,Ingaí,31057,Lavras,3111,Campo das Vertentes,31,MG,Minas Gerais,3,Sudeste
3130903,313090,Inhapim,31040,Caratinga,3108,Vale do Rio Doce,31,MG,Minas Gerais,3,Sudeste
3131000,313100,Inhaúma,31027,Sete Lagoas,3107,Metropolitana de Belo Horizonte,31,MG,Minas Gerais,3,Sudeste
3131109,313110,Inimutaba,31025,Curvelo,3106,Central Mineira,31,MG,Minas Gerais,3,Sudeste
3131158,313115,Ipaba,31040,Caratinga,3108,Vale do Rio Doce,31,MG,Minas Gerais,3,Sudeste
3131208,313120,Ipanema,31041,Aimorés,3108,Vale do Rio Doce,31,MG,Minas Gerais,3,Sudeste
3131307,313130,Ipatinga,31039,Ipatinga,3108,Vale do Rio Doce,31,MG,Minas Gerais,3,Sudeste
3131406,313140,Ipiaçu,31017,Ituiutaba,3105,Triângulo Mineiro/Alto Paranaíba,31,MG,Minas Gerais,3,Sudeste
3131505,313150,Ipuiúna,31052,Pouso Alegre,3110,Sul/Sudoeste de Minas,31,MG,Minas Gerais,3,Sudeste
3131604,313160,Iraí de Minas,31019,Patrocínio,3105,Triângulo Mineiro/Alto Paranaíba,31,MG,Minas Gerais,3,Sudeste
3131703,313170,Itabira,31031,Itabira,3107,Metropolitana de Belo Horizonte,31,MG,Minas Gerais,3,Sudeste
3131802,313180,Itabirinha,31038,Mantena,3108,Vale do Rio Doce,31,MG,Minas Gerais,3,Sudeste
3131901,313190,Itabirito,31033,Ouro Preto,3107,Metropolitana de Belo Horizonte,31,MG,Minas Gerais,3,Sudeste
3132008,313200,Itacambira,31008,Grão Mogol,3102,Norte de Minas,31,MG,Minas Gerais,3,Sudeste
3132107,313210,Itacarambi,31003,Januária,3102,Norte de Minas,31,MG,Minas Gerais,3,Sudeste
3132206,313220,Itaguara,31032,Itaguara,3107,Metropolitana de Belo Horizonte,31,MG,Minas Gerais,3,Sudeste
3132305,313230,Itaipé,31015,Teófilo Otoni,3104,Vale do Mucuri,31,MG,Minas Gerais,3,Sudeste
3132404,313240,Itajubá,31056,Itajubá,3110,Sul/Sudoeste de Minas,31,MG,Minas Gerais,3,Sudeste
3132503,313250,Itamarandiba,31011,Capelinha,3103,Jequitinhonha,31,MG,Minas Gerais,3,Sudeste
3132602,313260,Itamarati de Minas,31066,Cataguases,3112,Zona da Mata,31,MG,Minas Gerais,3,Sudeste
3132701,313270,Itambacuri,31037,Governador Valadares,3108,Vale do Rio Doce,31,MG,Minas Gerais,3,Sudeste
3132800,313280,Itambé do Mato Dentro,31028,Conceição do Mato Dentro,3107,Metropolitana de Belo Horizonte,31,MG,Minas Gerais,3,Sudeste
3132909,313290,Itamogi,31048,São Sebastião do Paraíso,3110,Sul/Sudoeste de Minas,31,MG,Minas Gerais,3,Sudeste
3133006,313300,Itamonte,31054,São Lourenço,3110,Sul/Sudoeste de Minas,31,MG,Minas Gerais,3,Sudeste
3133105,313310,Itanhandu,31054,São Lourenço,3110,Sul/Sudoeste de Minas,31,MG,Minas Gerais,3,Sudeste
3133204,313320,Itanhomi,31037,Governador Valadares,3108,Vale do Rio Doce,31,MG,Minas Gerais,3,Sudeste
3133303,313330,Itaobim,31013,Pedra Azul,3103,Jequitinhonha,31,MG,Minas Gerais,3,Sudeste
3133402,313340,Itapagipe,31021,Frutal,3105,Triângulo Mineiro/Alto Paranaíba,31,MG,Minas Gerais,3,Sudeste
3133501,313350,Itapecerica,31044,Formiga,3109,Oeste de Minas,31,MG,Minas Gerais,3,Sudeste
3133600,313360,Itapeva,31052,Pouso Alegre,3110,Sul/Sudoeste de Minas,31,MG,Minas Gerais,3,Sudeste
3133709,313370,Itatiaiuçu,31032,Itaguara,3107,Metropolitana de Belo Horizonte,31,MG,Minas Gerais,3,Sudeste
3133758,313375,Itaú de Minas,31047,Passos,3110,Sul/Sudoeste de Minas,31,MG,Minas Gerais,3,Sudeste
3133808,313380,Itaúna,31043,Divinópolis,3109,Oeste de Minas,31,MG,Minas Gerais,3,Sudeste
3133907,313390,Itaverava,31034,Conselheiro Lafaiete,3107,Metropolitana de Belo Horizonte,31,MG,Minas Gerais,3,Sudeste
3134004,313400,Itinga,31012,Araçuaí,3103,Jequitinhonha,31,MG,Minas Gerais,3,Sudeste
3134103,313410,Itueta,31041,Aimorés,3108,Vale do Rio Doce,31,MG,Minas Gerais,3,Sudeste
3134202,313420,Ituiutaba,31017,Ituiutaba,3105,Triângulo Mineiro/Alto Paranaíba,31,MG,Minas Gerais,3,Sudeste
3134301,313430,Itumirim,31057,Lavras,3111,Campo das Vertentes,31,MG,Minas Gerais,3,Sudeste
3134400,313440,Iturama,31021,Frutal,3105,Triângulo Mineiro/Alto Paranaíba,31,MG,Minas Gerais,3,Sudeste
3134509,313450,Itutinga,31057,Lavras,3111,Campo das Vertentes,31,MG,Minas Gerais,3,Sudeste
3134608,313460,Jaboticatubas,31027,Sete Lagoas,3107,Metropolitana de Belo Horizonte,31,MG,Minas Gerais,3,Sudeste
3134707,313470,Jacinto,31014,Almenara,3103,Jequitinhonha,31,MG,Minas Gerais,3,Sudeste
3134806,313480,Jacuí,31048,São Sebastião do Paraíso,3110,Sul/Sudoeste de Minas,31,MG,Minas Gerais,3,Sudeste
3134905,313490,Jacutinga,31051,Poços de Caldas,3110,Sul/Sudoeste de Minas,31,MG,Minas Gerais,3,Sudeste
3135001,313500,Jaguaraçu,31039,Ipatinga,3108,Vale do Rio Doce,31,MG,Minas Gerais,3,Sudeste
3135050,313505,Jaíba,31004,Janaúba,3102,Norte de Minas,31,MG,Minas Gerais,3,Sudeste
3135076,313507,Jampruca,31037,Governador Valadares,3108,Vale do Rio Doce,31,MG,Minas Gerais,3,Sudeste
3135100,313510,Janaúba,31004,Janaúba,3102,Norte de Minas,31,MG,Minas Gerais,3,Sudeste
3135209,313520,Januária,31003,Januária,3102,Norte de Minas,31,MG,Minas Gerais,3,Sudeste
3135308,313530,Japaraíba,31026,Bom Despacho,3106,Central Mineira,31,MG,Minas Gerais,3,Sudeste
3135357,313535,Japonvar,31007,Montes Claros,3102,Norte de Minas,31,MG,Minas Gerais,3,Sudeste
3135407,313540,Jeceaba,31032,Itaguara,3107,Metropolitana de Belo Horizonte,31,MG,Minas Gerais,3,Sudeste
3135456,313545,Jenipapo de Minas,31011,Capelinha,3103,Jequitinhonha,31,MG,Minas Gerais,3,Sudeste
3135506,313550,Jequeri,31060,Ponte Nova,3112,Zona da Mata,31,MG,Minas Gerais,3,Sudeste
3135605,313560,Jequitaí,31006,Pirapora,3102,Norte de Minas,31,MG,Minas Gerais,3,Sudeste
3135704,313570,Jequitibá,31027,Sete Lagoas,3107,Metropolitana de Belo Horizonte,31,MG,Minas Gerais,3,Sudeste
3135803,313580,Jequitinhonha,31014,Almenara,3103,Jequitinhonha,31,MG,Minas Gerais,3,Sudeste
3135902,313590,Jesuânia,31054,São Lourenço,3110,Sul/Sudoeste de Minas,31,MG,Minas Gerais,3,Sudeste
3136009,313600,Joaíma,31014,Almenara,3103,Jequitinhonha,31,MG,Minas Gerais,3,Sudeste
3136108,313610,Joanésia,31039,Ipatinga,3108,Vale do Rio Doce,31,MG,Minas Gerais,3,Sudeste
3136207,313620,João Monlevade,31031,Itabira,3107,Metropolitana de Belo Horizonte,31,MG,Minas Gerais,3,Sudeste
3136306,313630,João Pinheiro,31002,Paracatu,3101,Noroeste de Minas,31,MG,Minas Gerais,3,Sudeste
3136405,313640,Joaquim Felício,31025,Curvelo,3106,Central Mineira,31,MG,Minas Gerais,3,Sudeste
3136504,313650,Jordânia,31014,Almenara,3103,Jequitinhonha,31,MG,Minas Gerais,3,Sudeste
3136520,313652,José Gonçalves de Minas,31011,Capelinha,3103,Jequitinhonha,31,MG,Minas Gerais,3,Sudeste
3136553,313655,José Raydan,31036,Peçanha,3108,Vale do Rio Doce,31,MG,Minas Gerais,3,Sudeste
3136579,313657,Josenópolis,31008,Grão Mogol,3102,Norte de Minas,31,MG,Minas Gerais,3,Sudeste
3136603,313660,Nova União,31031,Itabira,3107,Metropolitana de Belo Horizonte,31,MG,Minas Gerais,3,Sudeste
3136652,313665,Juatuba,31030,Belo Horizonte,3107,Metropolitana de Belo Horizonte,31,MG,Minas Gerais,3,Sudeste
3136702,313670,Juiz de Fora,31065,Juiz de Fora,3112,Zona da Mata,31,MG,Minas Gerais,3,Sudeste
3136801,313680,Juramento,31007,Montes Claros,3102,Norte de Minas,31,MG,Minas Gerais,3,Sudeste
3136900,313690,Juruaia,31048,São Sebastião do Paraíso,3110,Sul/Sudoeste de Minas,31,MG,Minas Gerais,3,Sudeste
3136959,313695,Juvenília,31003,Januária,3102,Norte de Minas,31,MG,Minas Gerais,3,Sudeste
3137007,313700,Ladainha,31015,Teófilo Otoni,3104,Vale do Mucuri,31,MG,Minas Gerais,3,Sudeste
3137106,313710,Lagamar,31002,Paracatu,3101,Noroeste de Minas,31,MG,Minas Gerais,3,Sudeste
3137205,313720,Lagoa da Prata,31026,Bom Despacho,3106,Central Mineira,31,MG,Minas Gerais,3,Sudeste
3137304,313730,Lagoa dos Patos,31006,Pirapora,3102,Norte de Minas,31,MG,Minas Gerais,3,Sudeste
3137403,313740,Lagoa Dourada,31058,São João Del Rei,3111,Campo das Vertentes,31,MG,Minas Gerais,3,Sudeste
3137502,313750,Lagoa Formosa,31020,Patos de Minas,3105,Triângulo Mineiro/Alto Paranaíba,31,MG,Minas Gerais,3,Sudeste
3137536,313753,Lagoa Grande,31002,Paracatu,3101,Noroeste de Minas,31,MG,Minas Gerais,3,Sudeste
3137601,313760,Lagoa Santa,31030,Belo Horizonte,3107,Metropolitana de Belo Horizonte,31,MG,Minas Gerais,3,Sudeste
3137700,313770,Lajinha,31061,Manhuaçu,3112,Zona da Mata,31,MG,Minas Gerais,3,Sudeste
3137809,313780,Lambari,31054,São Lourenço,3110,Sul/Sudoeste de Minas,31,MG,Minas Gerais,3,Sudeste
3137908,313790,Lamim,31062,Viçosa,3112,Zona da Mata,31,MG,Minas Gerais,3,Sudeste
3138005,313800,Laranjal,31066,Cataguases,3112,Zona da Mata,31,MG,Minas Gerais,3,Sudeste
3138104,313810,Lassance,31006,Pirapora,3102,Norte de Minas,31,MG,Minas Gerais,3,Sudeste
3138203,313820,Lavras,31057,Lavras,3111,Campo das Vertentes,31,MG,Minas Gerais,3,Sudeste
3138302,313830,Leandro Ferreira,31026,Bom Despacho,3106,Central Mineira,31,MG,Minas Gerais,3,Sudeste
3138351,313835,Leme do Prado,31011,Capelinha,3103,Jequitinhonha,31,MG,Minas Gerais,3,Sudeste
3138401,313840,Leopoldina,31066,Cataguases,3112,Zona da Mata,31,MG,Minas Gerais,3,Sudeste
3138500,313850,Liberdade,31055,Andrelândia,3110,Sul/Sudoeste de Minas,31,MG,Minas Gerais,3,Sudeste
3138609,313860,Lima Duarte,31065,Juiz de Fora,3112,Zona da Mata,31,MG,Minas Gerais,3,Sudeste
3138625,313862,Limeira do Oeste,31021,Frutal,3105,Triângulo Mineiro/Alto Paranaíba,31,MG,Minas Gerais,3,Sudeste
3138658,313865,Lontra,31007,Montes Claros,3102,Norte de Minas,31,MG,Minas Gerais,3,Sudeste
3138674,313867,Luisburgo,31061,Manhuaçu,3112,Zona da Mata,31,MG,Minas Gerais,3,Sudeste
3138682,313868,Luislândia,31007,Montes Claros,3102,Norte de Minas,31,MG,Minas Gerais,3,Sudeste
3138708,313870,Luminárias,31057,Lavras,3111,Campo das Vertentes,31,MG,Minas Gerais,3,Sudeste
3138807,313880,Luz,31026,Bom Despacho,3106,Central Mineira,31,MG,Minas Gerais,3,Sudeste
3138906,313890,Machacalis,31016,Nanuque,3104,Vale do Mucuri,31,MG,Minas Gerais,3,Sudeste
3139003,313900,Machado,31049,Alfenas,3110,Sul/Sudoeste de Minas,31,MG,Minas Gerais,3,Sudeste
3139102,313910,Madre de Deus de Minas,31058,São João Del Rei,3111,Campo das Vertentes,31,MG,Minas Gerais,3,Sudeste
3139201,313920,Malacacheta,31015,Teófilo Otoni,3104,Vale do Mucuri,31,MG,Minas Gerais,3,Sudeste
3139250,313925,Mamonas,31004,Janaúba,3102,Norte de Minas,31,MG,Minas Gerais,3,Sudeste
3139300,313930,Manga,31003,Januária,3102,Norte de Minas,31,MG,Minas Gerais,3,Sudeste
3139409,313940,Manhuaçu,31061,Manhuaçu,3112,Zona da Mata,31,MG,Minas Gerais,3,Sudeste
3139508,313950,Manhumirim,31061,Manhuaçu,3112,Zona da Mata,31,MG,Minas Gerais,3,Sudeste
3139607,313960,Mantena,31038,Mantena,3108,Vale do Rio Doce,31,MG,Minas Gerais,3,Sudeste
3139706,313970,Maravilhas,31027,Sete Lagoas,3107,Metropolitana de Belo Horizonte,31,MG,Minas Gerais,3,Sudeste
3139805,313980,Mar de Espanha,31065,Juiz de Fora,3112,Zona da Mata,31,MG,Minas Gerais,3,Sudeste
3139904,313990,Maria da Fé,31056,Itajubá,3110,Sul/Sudoeste de Minas,31,MG,Minas Gerais,3,Sudeste
3140001,314000,Mariana,31033,Ouro Preto,3107,Metropolitana de Belo Horizonte,31,MG,Minas Gerais,3,Sudeste
3140100,314010,Marilac,31037,Governador Valadares,3108,Vale do Rio Doce,31,MG,Minas Gerais,3,Sudeste
3140159,314015,Mário Campos,31030,Belo Horizonte,3107,Metropolitana de Belo Horizonte,31,MG,Minas Gerais,3,Sudeste
3140209,314020,Maripá de Minas,31065,Juiz de Fora,3112,Zona da Mata,31,MG,Minas Gerais,3,Sudeste
3140308,314030,Marliéria,31039,Ipatinga,3108,Vale do Rio Doce,31,MG,Minas Gerais,3,Sudeste
3140407,314040,Marmelópolis,31056,Itajubá,3110,Sul/Sudoeste de Minas,31,MG,Minas Gerais,3,Sudeste
3140506,314050,Martinho Campos,31026,Bom Despacho,3106,Central Mineira,31,MG,Minas Gerais,3,Sudeste
3140530,314053,Martins Soares,31061,Manhuaçu,3112,Zona da Mata,31,MG,Minas Gerais,3,Sudeste
3140555,314055,Mata Verde,31014,Almenara,3103,Jequitinhonha,31,MG,Minas Gerais,3,Sudeste
3140605,314060,Materlândia,31035,Guanhães,3108,Vale do Rio Doce,31,MG,Minas Gerais,3,Sudeste
3140704,314070,Mateus Leme,31030,Belo Horizonte,3107,Metropolitana de Belo Horizonte,31,MG,Minas Gerais,3,Sudeste
3140803,314080,Matias Barbosa,31065,Juiz de Fora,3112,Zona da Mata,31,MG,Minas Gerais,3,Sudeste
3140852,314085,Matias Cardoso,31003,Januária,3102,Norte de Minas,31,MG,Minas Gerais,3,Sudeste
3140902,314090,Matipó,31061,Manhuaçu,3112,Zona da Mata,31,MG,Minas Gerais,3,Sudeste
3141009,314100,Mato Verde,31004,Janaúba,3102,Norte de Minas,31,MG,Minas Gerais,3,Sudeste
3141108,314110,Matozinhos,31027,Sete Lagoas,3107,Metropolitana de Belo Horizonte,31,MG,Minas Gerais,3,Sudeste
3141207,314120,Matutina,31020,Patos de Minas,3105,Triângulo Mineiro/Alto Paranaíba,31,MG,Minas Gerais,3,Sudeste
3141306,314130,Medeiros,31042,Piuí,3109,Oeste de Minas,31,MG,Minas Gerais,3,Sudeste
3141405,314140,Medina,31013,Pedra Azul,3103,Jequitinhonha,31,MG,Minas Gerais,3,Sudeste
3141504,314150,Mendes Pimentel,31038,Mantena,3108,Vale do Rio Doce,31,MG,Minas Gerais,3,Sudeste
3141603,314160,Mercês,31064,Ubá,3112,Zona da Mata,31,MG,Minas Gerais,3,Sudeste
3141702,314170,Mesquita,31039,Ipatinga,3108,Vale do Rio Doce,31,MG,Minas Gerais,3,Sudeste
3141801,314180,Minas Novas,31011,Capelinha,3103,Jequitinhonha,31,MG,Minas Gerais,3,Sudeste
3141900,314190,Minduri,31055,Andrelândia,3110,Sul/Sudoeste de Minas,31,MG,Minas Gerais,3,Sudeste
3142007,314200,Mirabela,31007,Montes Claros,3102,Norte de Minas,31,MG,Minas Gerais,3,Sudeste
3142106,314210,Miradouro,31063,Muriaé,3112,Zona da Mata,31,MG,Minas Gerais,3,Sudeste
3142205,314220,Miraí,31063,Muriaé,3112,Zona da Mata,31,MG,Minas Gerais,3,Sudeste
3142254,314225,Miravânia,31003,Januária,3102,Norte de Minas,31,MG,Minas Gerais,3,Sudeste
3142304,314230,Moeda,31032,Itaguara,3107,Metropolitana de Belo Horizonte,31,MG,Minas Gerais,3,Sudeste
3142403,314240,Moema,31026,Bom Despacho,3106,Central Mineira,31,MG,Minas Gerais,3,Sudeste
3142502,314250,Monjolos,31025,Curvelo,3106,Central Mineira,31,MG,Minas Gerais,3,Sudeste
3142601,314260,Monsenhor Paulo,31050,Varginha,3110,Sul/Sudoeste de Minas,31,MG,Minas Gerais,3,Sudeste
3142700,314270,Montalvânia,31003,Januária,3102,Norte de Minas,31,MG,Minas Gerais,3,Sudeste
3142809,314280,Monte Alegre de Minas,31018,Uberlândia,3105,Triângulo Mineiro/Alto Paranaíba,31,MG,Minas Gerais,3,Sudeste
3142908,314290,Monte Azul,31004,Janaúba,3102,Norte de Minas,31,MG,Minas Gerais,3,Sudeste
3143005,314300,Monte Belo,31048,São Sebastião do Paraíso,3110,Sul/Sudoeste de Minas,31,MG,Minas Gerais,3,Sudeste
3143104,314310,Monte Carmelo,31019,Patrocínio,3105,Triângulo Mineiro/Alto Paranaíba,31,MG,Minas Gerais,3,Sudeste
3143153,314315,Monte Formoso,31014,Almenara,3103,Jequitinhonha,31,MG,Minas Gerais,3,Sudeste
3143203,314320,Monte Santo de Minas,31048,São Sebastião do Paraíso,3110,Sul/Sudoeste de Minas,31,MG,Minas Gerais,3,Sudeste
3143302,314330,Montes Claros,31007,Montes Claros,3102,Norte de Minas,31,MG,Minas Gerais,3,Sudeste
3143401,314340,Monte Sião,31051,Poços de Caldas,3110,Sul/Sudoeste de Minas,31,MG,Minas Gerais,3,Sudeste
3143450,314345,Montezuma,31005,Salinas,3102,Norte de Minas,31,MG,Minas Gerais,3,Sudeste
3143500,314350,Morada Nova de Minas,31024,Três Marias,3106,Central Mineira,31,MG,Minas Gerais,3,Sudeste
3143609,314360,Morro da Garça,31025,Curvelo,3106,Central Mineira,31,MG,Minas Gerais,3,Sudeste
3143708,314370,Morro do Pilar,31028,Conceição do Mato Dentro,3107,Metropolitana de Belo Horizonte,31,MG,Minas Gerais,3,Sudeste
3143807,314380,Munhoz,31052,Pouso Alegre,3110,Sul/Sudoeste de Minas,31,MG,Minas Gerais,3,Sudeste
3143906,314390,Muriaé,31063,Muriaé,3112,Zona da Mata,31,MG,Minas Gerais,3,Sudeste
3144003,314400,Mutum,31041,Aimorés,3108,Vale do Rio Doce,31,MG,Minas Gerais,3,Sudeste
3144102,314410,Muzambinho,31048,São Sebastião do Paraíso,3110,Sul/Sudoeste de Minas,31,MG,Minas Gerais,3,Sudeste
3144201,314420,Nacip Raydan,31037,Governador Valadares,3108,Vale do Rio Doce,31,MG,Minas Gerais,3,Sudeste
3144300,314430,Nanuque,31016,Nanuque,3104,Vale do Mucuri,31,MG,Minas Gerais,3,Sudeste
3144359,314435,Naque,31039,Ipatinga,3108,Vale do Rio Doce,31,MG,Minas Gerais,3,Sudeste
3144375,314437,Natalândia,31001,Unaí,3101,Noroeste de Minas,31,MG,Minas Gerais,3,Sudeste
3144409,314440,Natércia,31053,Santa Rita do Sapucaí,3110,Sul/Sudoeste de Minas,31,MG,Minas Gerais,3,Sudeste
3144508,314450,Nazareno,31058,São João Del Rei,3111,Campo das Vertentes,31,MG,Minas Gerais,3,Sudeste
3144607,314460,Nepomuceno,31057,Lavras,3111,Campo das Vertentes,31,MG,Minas Gerais,3,Sudeste
3144656,314465,Ninheira,31005,Salinas,3102,Norte de Minas,31,MG,Minas Gerais,3,Sudeste
3144672,314467,Nova Belém,31038,Mantena,3108,Vale do Rio Doce,31,MG,Minas Gerais,3,Sudeste
3144706,314470,Nova Era,31031,Itabira,3107,Metropolitana de Belo Horizonte,31,MG,Minas Gerais,3,Sudeste
3144805,314480,Nova Lima,31030,Belo Horizonte,3107,Metropolitana de Belo Horizonte,31,MG,Minas Gerais,3,Sudeste
3144904,314490,Nova Módica,31037,Governador Valadares,3108,Vale do Rio Doce,31,MG,Minas Gerais,3,Sudeste
3145000,314500,Nova Ponte,31023,Araxá,3105,Triângulo Mineiro/Alto Paranaíba,31,MG,Minas Gerais,3,Sudeste
3145059,314505,Nova Porteirinha,31004,Janaúba,3102,Norte de Minas,31,MG,Minas Gerais,3,Sudeste
3145109,314510,Nova Resende,31048,São Sebastião do Paraíso,3110,Sul/Sudoeste de Minas,31,MG,Minas Gerais,3,Sudeste
3145208,314520,Nova Serrana,31043,Divinópolis,3109,Oeste de Minas,31,MG,Minas Gerais,3,Sudeste
3145307,314530,Novo Cruzeiro,31012,Araçuaí,3103,Jequitinhonha,31,MG,Minas Gerais,3,Sudeste
3145356,314535,Novo Oriente de Minas,31015,Teófilo Otoni,3104,Vale do Mucuri,31,MG,Minas Gerais,3,Sudeste
3145372,314537,Novorizonte,31005,Salinas,3102,Norte de Minas,31,MG,Minas Gerais,3,Sudeste
3145406,314540,Olaria,31065,Juiz de Fora,3112,Zona da Mata,31,MG,Minas Gerais,3,Sudeste
3145455,314545,Olhos-d'Água,31009,Bocaiúva,3102,Norte de Minas,31,MG,Minas Gerais,3,Sudeste
3145505,314550,Olímpio Noronha,31054,São Lourenço,3110,Sul/Sudoeste de Minas,31,MG,Minas Gerais,3,Sudeste
3145604,314560,Oliveira,31046,Oliveira,3109,Oeste de Minas,31,MG,Minas Gerais,3,Sudeste
3145703,314570,Oliveira Fortes,31065,Juiz de Fora,3112,Zona da Mata,31,MG,Minas Gerais,3,Sudeste
3145802,314580,Onça de Pitangui,31029,Pará de Minas,3107,Metropolitana de Belo Horizonte,31,MG,Minas Gerais,3,Sudeste
3145851,314585,Oratórios,31060,Ponte Nova,3112,Zona da Mata,31,MG,Minas Gerais,3,Sudeste
3145877,314587,Orizânia,31063,Muriaé,3112,Zona da Mata,31,MG,Minas Gerais,3,Sudeste
3145901,314590,Ouro Branco,31034,Conselheiro Lafaiete,3107,Metropolitana de Belo Horizonte,31,MG,Minas Gerais,3,Sudeste
3146008,314600,Ouro Fino,31051,Poços de Caldas,3110,Sul/Sudoeste de Minas,31,MG,Minas Gerais,3,Sudeste
3146107,314610,Ouro Preto,31033,Ouro Preto,3107,Metropolitana de Belo Horizonte,31,MG,Minas Gerais,3,Sudeste
3146206,314620,Ouro Verde de Minas,31015,Teófilo Otoni,3104,Vale do Mucuri,31,MG,Minas Gerais,3,Sudeste
3146255,314625,Padre Carvalho,31008,Grão Mogol,3102,Norte de Minas,31,MG,Minas Gerais,3,Sudeste
3146305,314630,Padre Paraíso,31012,Araçuaí,3103,Jequitinhonha,31,MG,Minas Gerais,3,Sudeste
3146404,314640,Paineiras,31024,Três Marias,3106,Central Mineira,31,MG,Minas Gerais,3,Sudeste
3146503,314650,Pains,31044,Formiga,3109,Oeste de Minas,31,MG,Minas Gerais,3,Sudeste
3146552,314655,Pai Pedro,31004,Janaúba,3102,Norte de Minas,31,MG,Minas Gerais,3,Sudeste
3146602,314660,Paiva,31065,Juiz de Fora,3112,Zona da Mata,31,MG,Minas Gerais,3,Sudeste
3146701,314670,Palma,31066,Cataguases,3112,Zona da Mata,31,MG,Minas Gerais,3,Sudeste
3146750,314675,Palmópolis,31014,Almenara,3103,Jequitinhonha,31,MG,Minas Gerais,3,Sudeste
3146909,314690,Papagaios,31027,Sete Lagoas,3107,Metropolitana de Belo Horizonte,31,MG,Minas Gerais,3,Sudeste
3147006,314700,Paracatu,31002,Paracatu,3101,Noroeste de Minas,31,MG,Minas Gerais,3,Sudeste
3147105,314710,Pará de Minas,31029,Pará de Minas,3107,Metropolitana de Belo Horizonte,31,MG,Minas Gerais,3,Sudeste
3147204,314720,Paraguaçu,31049,Alfenas,3110,Sul/Sudoeste de Minas,31,MG,Minas Gerais,3,Sudeste
3147303,314730,Paraisópolis,31056,Itajubá,3110,Sul/Sudoeste de Minas,31,MG,Minas Gerais,3,Sudeste
3147402,314740,Paraopeba,31027,Sete Lagoas,3107,Metropolitana de Belo Horizonte,31,MG,Minas Gerais,3,Sudeste
3147501,314750,Passabém,31028,Conceição do Mato Dentro,3107,Metropolitana de Belo Horizonte,31,MG,Minas Gerais,3,Sudeste
3147600,314760,Passa Quatro,31054,São Lourenço,3110,Sul/Sudoeste de Minas,31,MG,Minas Gerais,3,Sudeste
3147709,314770,Passa Tempo,31046,Oliveira,3109,Oeste de Minas,31,MG,Minas Gerais,3,Sudeste
3147808,314780,Passa Vinte,31055,Andrelândia,3110,Sul/Sudoeste de Minas,31,MG,Minas Gerais,3,Sudeste
3147907,314790,Passos,31047,Passos,3110,Sul/Sudoeste de Minas,31,MG,Minas Gerais,3,Sudeste
3147956,314795,Patis,31007,Montes Claros,3102,Norte de Minas,31,MG,Minas Gerais,3,Sudeste
3148004,314800,Patos de Minas,31020,Patos de Minas,3105,Triângulo Mineiro/Alto Paranaíba,31,MG,Minas Gerais,3,Sudeste
3148103,314810,Patrocínio,31019,Patrocínio,3105,Triângulo Mineiro/Alto Paranaíba,31,MG,Minas Gerais,3,Sudeste
3148202,314820,Patrocínio do Muriaé,31063,Muriaé,3112,Zona da Mata,31,MG,Minas Gerais,3,Sudeste
3148301,314830,Paula Cândido,31062,Viçosa,3112,Zona da Mata,31,MG,Minas Gerais,3,Sudeste
3148400,314840,Paulistas,31035,Guanhães,3108,Vale do Rio Doce,31,MG,Minas Gerais,3,Sudeste
3148509,314850,Pavão,31015,Teófilo Otoni,3104,Vale do Mucuri,31,MG,Minas Gerais,3,Sudeste
3148608,314860,Peçanha,31036,Peçanha,3108,Vale do Rio Doce,31,MG,Minas Gerais,3,Sudeste
3148707,314870,Pedra Azul,31013,Pedra Azul,3103,Jequitinhonha,31,MG,Minas Gerais,3,Sudeste
3148756,314875,Pedra Bonita,31061,Manhuaçu,3112,Zona da Mata,31,MG,Minas Gerais,3,Sudeste
3148806,314880,Pedra do Anta,31062,Viçosa,3112,Zona da Mata,31,MG,Minas Gerais,3,Sudeste
3148905,314890,Pedra do Indaiá,31044,Formiga,3109,Oeste de Minas,31,MG,Minas Gerais,3,Sudeste
3149002,314900,Pedra Dourada,31063,Muriaé,3112,Zona da Mata,31,MG,Minas Gerais,3,Sudeste
3149101,314910,Pedralva,31053,Santa Rita do Sapucaí,3110,Sul/Sudoeste de Minas,31,MG,Minas Gerais,3,Sudeste
3149150,314915,Pedras de Maria da Cruz,31003,Januária,3102,Norte de Minas,31,MG,Minas Gerais,3,Sudeste
3149200,314920,Pedrinópolis,31023,Araxá,3105,Triângulo Mineiro/Alto Paranaíba,31,MG,Minas Gerais,3,Sudeste
3149309,314930,Pedro Leopoldo,31030,Belo Horizonte,3107,Metropolitana de Belo Horizonte,31,MG,Minas Gerais,3,Sudeste
3149408,314940,Pedro Teixeira,31065,Juiz de Fora,3112,Zona da Mata,31,MG,Minas Gerais,3,Sudeste
3149507,314950,Pequeri,31065,Juiz de Fora,3112,Zona da Mata,31,MG,Minas Gerais,3,Sudeste
3149606,314960,Pequi,31027,Sete Lagoas,3107,Metropolitana de Belo Horizonte,31,MG,Minas Gerais,3,Sudeste
3149705,314970,Perdigão,31043,Divinópolis,3109,Oeste de Minas,31,MG,Minas Gerais,3,Sudeste
3149804,314980,Perdizes,31023,Araxá,3105,Triângulo Mineiro/Alto Paranaíba,31,MG,Minas Gerais,3,Sudeste
3149903,314990,Perdões,31045,Campo Belo,3109,Oeste de Minas,31,MG,Minas Gerais,3,Sudeste
3149952,314995,Periquito,31039,Ipatinga,3108,Vale do Rio Doce,31,MG,Minas Gerais,3,Sudeste
3150000,315000,Pescador,31037,Governador Valadares,3108,Vale do Rio Doce,31,MG,Minas Gerais,3,Sudeste
3150109,315010,Piau,31065,Juiz de Fora,3112,Zona da Mata,31,MG,Minas Gerais,3,Sudeste
3150158,315015,Piedade de Caratinga,31040,Caratinga,3108,Vale do Rio Doce,31,MG,Minas Gerais,3,Sudeste
3150208,315020,Piedade de Ponte Nova,31060,Ponte Nova,3112,Zona da Mata,31,MG,Minas Gerais,3,Sudeste
3150307,315030,Piedade do Rio Grande,31058,São João Del Rei,3111,Campo das Vertentes,31,MG,Minas Gerais,3,Sudeste
3150406,315040,Piedade dos Gerais,31032,Itaguara,3107,Metropolitana de Belo Horizonte,31,MG,Minas Gerais,3,Sudeste
3150505,315050,Pimenta,31044,Formiga,3109,Oeste de Minas,31,MG,Minas Gerais,3,Sudeste
3150539,315053,Pingo-d'Água,31040,Caratinga,3108,Vale do Rio Doce,31,MG,Minas Gerais,3,Sudeste
3150570,315057,Pintópolis,31003,Januária,3102,Norte de Minas,31,MG,Minas Gerais,3,Sudeste
3150604,315060,Piracema,31046,Oliveira,3109,Oeste de Minas,31,MG,Minas Gerais,3,Sudeste
3150703,315070,Pirajuba,31021,Frutal,3105,Triângulo Mineiro/Alto Paranaíba,31,MG,Minas Gerais,3,Sudeste
3150802,315080,Piranga,31062,Viçosa,3112,Zona da Mata,31,MG,Minas Gerais,3,Sudeste
3150901,315090,Piranguçu,31056,Itajubá,3110,Sul/Sudoeste de Minas,31,MG,Minas Gerais,3,Sudeste
3151008,315100,Piranguinho,31056,Itajubá,3110,Sul/Sudoeste de Minas,31,MG,Minas Gerais,3,Sudeste
3151107,315110,Pirapetinga,31066,Cataguases,3112,Zona da Mata,31,MG,Minas Gerais,3,Sudeste
3151206,315120,Pirapora,31006,Pirapora,3102,Norte de Minas,31,MG,Minas Gerais,3,Sudeste
3151305,315130,Piraúba,31064,Ubá,3112,Zona da Mata,31,MG,Minas Gerais,3,Sudeste
3151404,315140,Pitangui,31029,Pará de Minas,3107,Metropolitana de Belo Horizonte,31,MG,Minas Gerais,3,Sudeste
3151503,315150,Piumhi,31042,Piuí,3109,Oeste de Minas,31,MG,Minas Gerais,3,Sudeste
3151602,315160,Planura,31021,Frutal,3105,Triângulo Mineiro/Alto Paranaíba,31,MG,Minas Gerais,3,Sudeste
3151701,315170,Poço Fundo,31049,Alfenas,3110,Sul/Sudoeste de Minas,31,MG,Minas Gerais,3,Sudeste
3151800,315180,Poços de Caldas,31051,Poços de Caldas,3110,Sul/Sudoeste de Minas,31,MG,Minas Gerais,3,Sudeste
3151909,315190,Pocrane,31041,Aimorés,3108,Vale do Rio Doce,31,MG,Minas Gerais,3,Sudeste
3152006,315200,Pompéu,31024,Três Marias,3106,Central Mineira,31,MG,Minas Gerais,3,Sudeste
3152105,315210,Ponte Nova,31060,Ponte Nova,3112,Zona da Mata,31,MG,Minas Gerais,3,Sudeste
3152131,315213,Ponto Chique,31007,Montes Claros,3102,Norte de Minas,31,MG,Minas Gerais,3,Sudeste
3152170,315217,Ponto dos Volantes,31012,Araçuaí,3103,Jequitinhonha,31,MG,Minas Gerais,3,Sudeste
3152204,315220,Porteirinha,31004,Janaúba,3102,Norte de Minas,31,MG,Minas Gerais,3,Sudeste
3152303,315230,Porto Firme,31062,Viçosa,3112,Zona da Mata,31,MG,Minas Gerais,3,Sudeste
3152402,315240,Poté,31015,Teófilo Otoni,3104,Vale do Mucuri,31,MG,Minas Gerais,3,Sudeste
3152501,315250,Pouso Alegre,31052,Pouso Alegre,3110,Sul/Sudoeste de Minas,31,MG,Minas Gerais,3,Sudeste
3152600,315260,Pouso Alto,31054,São Lourenço,3110,Sul/Sudoeste de Minas,31,MG,Minas Gerais,3,Sudeste
3152709,315270,Prados,31058,São João Del Rei,3111,Campo das Vertentes,31,MG,Minas Gerais,3,Sudeste
3152808,315280,Prata,31018,Uberlândia,3105,Triângulo Mineiro/Alto Paranaíba,31,MG,Minas Gerais,3,Sudeste
3152907,315290,Pratápolis,31047,Passos,3110,Sul/Sudoeste de Minas,31,MG,Minas Gerais,3,Sudeste
3153004,315300,Pratinha,31023,Araxá,3105,Triângulo Mineiro/Alto Paranaíba,31,MG,Minas Gerais,3,Sudeste
3153103,315310,Presidente Bernardes,31062,Viçosa,3112,Zona da Mata,31,MG,Minas Gerais,3,Sudeste
3153202,315320,Presidente Juscelino,31025,Curvelo,3106,Central Mineira,31,MG,Minas Gerais,3,Sudeste
3153301,315330,Presidente Kubitschek,31010,Diamantina,3103,Jequitinhonha,31,MG,Minas Gerais,3,Sudeste
3153400,315340,Presidente Olegário,31002,Paracatu,3101,Noroeste de Minas,31,MG,Minas Gerais,3,Sudeste
3153509,315350,Alto Jequitibá,31061,Manhuaçu,3112,Zona da Mata,31,MG,Minas Gerais,3,Sudeste
3153608,315360,Prudente de Morais,31027,Sete Lagoas,3107,Metropolitana de Belo Horizonte,31,MG,Minas Gerais,3,Sudeste
3153707,315370,Quartel Geral,31026,Bom Despacho,3106,Central Mineira,31,MG,Minas Gerais,3,Sudeste
3153806,315380,Queluzito,31034,Conselheiro Lafaiete,3107,Metropolitana de Belo Horizonte,31,MG,Minas Gerais,3,Sudeste
3153905,315390,Raposos,31030,Belo Horizonte,3107,Metropolitana de Belo Horizonte,31,MG,Minas Gerais,3,Sudeste
3154002,315400,Raul Soares,31060,Ponte Nova,3112,Zona da Mata,31,MG,Minas Gerais,3,Sudeste
3154101,315410,Recreio,31066,Cataguases,3112,Zona da Mata,31,MG,Minas Gerais,3,Sudeste
3154150,315415,Reduto,31061,Manhuaçu,3112,Zona da Mata,31,MG,Minas Gerais,3,Sudeste
3154200,315420,Resende Costa,31058,São João Del Rei,3111,Campo das Vertentes,31,MG,Minas Gerais,3,Sudeste
3154309,315430,Resplendor,31041,Aimorés,3108,Vale do Rio Doce,31,MG,Minas Gerais,3,Sudeste
3154408,315440,Ressaquinha,31059,Barbacena,3111,Campo das Vertentes,31,MG,Minas Gerais,3,Sudeste
3154457,315445,Riachinho,31006,Pirapora,3102,Norte de Minas,31,MG,Minas Gerais,3,Sudeste
3154507,315450,Riacho dos Machados,31004,Janaúba,3102,Norte de Minas,31,MG,Minas Gerais,3,Sudeste
3154606,315460,Ribeirão das Neves,31030,Belo Horizonte,3107,Metropolitana de Belo Horizonte,31,MG,Minas Gerais,3,Sudeste
3154705,315470,Ribeirão Vermelho,31057,Lavras,3111,Campo das Vertentes,31,MG,Minas Gerais,3,Sudeste
3154804,315480,Rio Acima,31030,Belo Horizonte,3107,Metropolitana de Belo Horizonte,31,MG,Minas Gerais,3,Sudeste
3154903,315490,Rio Casca,31060,Ponte Nova,3112,Zona da Mata,31,MG,Minas Gerais,3,Sudeste
3155009,315500,Rio Doce,31060,Ponte Nova,3112,Zona da Mata,31,MG,Minas Gerais,3,Sudeste
3155108,315510,Rio do Prado,31014,Almenara,3103,Jequitinhonha,31,MG,Minas Gerais,3,Sudeste
3155207,315520,Rio Espera,31062,Viçosa,3112,Zona da Mata,31,MG,Minas Gerais,3,Sudeste
3155306,315530,Rio Manso,31032,Itaguara,3107,Metropolitana de Belo Horizonte,31,MG,Minas Gerais,3,Sudeste
3155405,315540,Rio Novo,31065,Juiz de Fora,3112,Zona da Mata,31,MG,Minas Gerais,3,Sudeste
3155504,315550,Rio Paranaíba,31020,Patos de Minas,3105,Triângulo Mineiro/Alto Paranaíba,31,MG,Minas Gerais,3,Sudeste
3155603,315560,Rio Pardo de Minas,31005,Salinas,3102,Norte de Minas,31,MG,Minas Gerais,3,Sudeste
3155702,315570,Rio Piracicaba,31031,Itabira,3107,Metropolitana de Belo Horizonte,31,MG,Minas Gerais,3,Sudeste
3155801,315580,Rio Pomba,31064,Ubá,3112,Zona da Mata,31,MG,Minas Gerais,3,Sudeste
3155900,315590,Rio Preto,31065,Juiz de Fora,3112,Zona da Mata,31,MG,Minas Gerais,3,Sudeste
3156007,315600,Rio Vermelho,31028,Conceição do Mato Dentro,3107,Metropolitana de Belo Horizonte,31,MG,Minas Gerais,3,Sudeste
3156106,315610,Ritápolis,31058,São João Del Rei,3111,Campo das Vertentes,31,MG,Minas Gerais,3,Sudeste
3156205,315620,Rochedo de Minas,31065,Juiz de Fora,3112,Zona da Mata,31,MG,Minas Gerais,3,Sudeste
3156304,315630,Rodeiro,31064,Ubá,3112,Zona da Mata,31,MG,Minas Gerais,3,Sudeste
3156403,315640,Romaria,31019,Patrocínio,3105,Triângulo Mineiro/Alto Paranaíba,31,MG,Minas Gerais,3,Sudeste
3156452,315645,Rosário da Limeira,31063,Muriaé,3112,Zona da Mata,31,MG,Minas Gerais,3,Sudeste
3156502,315650,Rubelita,31005,Salinas,3102,Norte de Minas,31,MG,Minas Gerais,3,Sudeste
3156601,315660,Rubim,31014,Almenara,3103,Jequitinhonha,31,MG,Minas Gerais,3,Sudeste
3156700,315670,Sabará,31030,Belo Horizonte,3107,Metropolitana de Belo Horizonte,31,MG,Minas Gerais,3,Sudeste
3156809,315680,Sabinópolis,31035,Guanhães,3108,Vale do Rio Doce,31,MG,Minas Gerais,3,Sudeste
3156908,315690,Sacramento,31023,Araxá,3105,Triângulo Mineiro/Alto Paranaíba,31,MG,Minas Gerais,3,Sudeste
3157005,315700,Salinas,31005,Salinas,3102,Norte de Minas,31,MG,Minas Gerais,3,Sudeste
3157104,315710,Salto da Divisa,31014,Almenara,3103,Jequitinhonha,31,MG,Minas Gerais,3,Sudeste
3157203,315720,Santa Bárbara,31031,Itabira,3107,Metropolitana de Belo Horizonte,31,MG,Minas Gerais,3,Sudeste
3157252,315725,Santa Bárbara do Leste,31040,Caratinga,3108,Vale do Rio Doce,31,MG,Minas Gerais,3,Sudeste
3157278,315727,Santa Bárbara do Monte Verde,31065,Juiz de Fora,3112,Zona da Mata,31,MG,Minas Gerais,3,Sudeste
3157302,315730,Santa Bárbara do Tugúrio,31059,Barbacena,3111,Campo das Vertentes,31,MG,Minas Gerais,3,Sudeste
3157336,315733,Santa Cruz de Minas,31058,São João Del Rei,3111,Campo das Vertentes,31,MG,Minas Gerais,3,Sudeste
3157377,315737,Santa Cruz de Salinas,31005,Salinas,3102,Norte de Minas,31,MG,Minas Gerais,3,Sudeste
3157401,315740,Santa Cruz do Escalvado,31060,Ponte Nova,3112,Zona da Mata,31,MG,Minas Gerais,3,Sudeste
3157500,315750,Santa Efigênia de Minas,31035,Guanhães,3108,Vale do Rio Doce,31,MG,Minas Gerais,3,Sudeste
3157609,315760,Santa Fé de Minas,31006,Pirapora,3102,Norte de Minas,31,MG,Minas Gerais,3,Sudeste
3157658,315765,Santa Helena de Minas,31016,Nanuque,3104,Vale do Mucuri,31,MG,Minas Gerais,3,Sudeste
3157708,315770,Santa Juliana,31023,Araxá,3105,Triângulo Mineiro/Alto Paranaíba,31,MG,Minas Gerais,3,Sudeste
3157807,315780,Santa Luzia,31030,Belo Horizonte,3107,Metropolitana de Belo Horizonte,31,MG,Minas Gerais,3,Sudeste
3157906,315790,Santa Margarida,31061,Manhuaçu,3112,Zona da Mata,31,MG,Minas Gerais,3,Sudeste
3158003,315800,Santa Maria de Itabira,31031,Itabira,3107,Metropolitana de Belo Horizonte,31,MG,Minas Gerais,3,Sudeste
3158102,315810,Santa Maria do Salto,31014,Almenara,3103,Jequitinhonha,31,MG,Minas Gerais,3,Sudeste
3158201,315820,Santa Maria do Suaçuí,31036,Peçanha,3108,Vale do Rio Doce,31,MG,Minas Gerais,3,Sudeste
3158300,315830,Santana da Vargem,31050,Varginha,3110,Sul/Sudoeste de Minas,31,MG,Minas Gerais,3,Sudeste
3158409,315840,Santana de Cataguases,31066,Cataguases,3112,Zona da Mata,31,MG,Minas Gerais,3,Sudeste
3158508,315850,Santana de Pirapama,31027,Sete Lagoas,3107,Metropolitana de Belo Horizonte,31,MG,Minas Gerais,3,Sudeste
3158607,315860,Santana do Deserto,31065,Juiz de Fora,3112,Zona da Mata,31,MG,Minas Gerais,3,Sudeste
3158706,315870,Santana do Garambéu,31058,São João Del Rei,3111,Campo das Vertentes,31,MG,Minas Gerais,3,Sudeste
3158805,315880,Santana do Jacaré,31045,Campo Belo,3109,Oeste de Minas,31,MG,Minas Gerais,3,Sudeste
3158904,315890,Santana do Manhuaçu,31061,Manhuaçu,3112,Zona da Mata,31,MG,Minas Gerais,3,Sudeste
3158953,315895,Santana do Paraíso,31039,Ipatinga,3108,Vale do Rio Doce,31,MG,Minas Gerais,3,Sudeste
3159001,315900,Santana do Riacho,31027,Sete Lagoas,3107,Metropolitana de Belo Horizonte,31,MG,Minas Gerais,3,Sudeste
3159100,315910,Santana dos Montes,31034,Conselheiro Lafaiete,3107,Metropolitana de Belo Horizonte,31,MG,Minas Gerais,3,Sudeste
3159209,315920,Santa Rita de Caldas,31051,Poços de Caldas,3110,Sul/Sudoeste de Minas,31,MG,Minas Gerais,3,Sudeste
3159308,315930,Santa Rita de Jacutinga,31065,Juiz de Fora,3112,Zona da Mata,31,MG,Minas Gerais,3,Sudeste
3159357,315935,Santa Rita de Minas,31040,Caratinga,3108,Vale do Rio Doce,31,MG,Minas Gerais,3,Sudeste
3159407,315940,Santa Rita de Ibitipoca,31065,Juiz de Fora,3112,Zona da Mata,31,MG,Minas Gerais,3,Sudeste
3159506,315950,Santa Rita do Itueto,31041,Aimorés,3108,Vale do Rio Doce,31,MG,Minas Gerais,3,Sudeste
3159605,315960,Santa Rita do Sapucaí,31053,Santa Rita do Sapucaí,3110,Sul/Sudoeste de Minas,31,MG,Minas Gerais,3,Sudeste
3159704,315970,Santa Rosa da Serra,31020,Patos de Minas,3105,Triângulo Mineiro/Alto Paranaíba,31,MG,Minas Gerais,3,Sudeste
3159803,315980,Santa Vitória,31017,Ituiutaba,3105,Triângulo Mineiro/Alto Paranaíba,31,MG,Minas Gerais,3,Sudeste
3159902,315990,Santo Antônio do Amparo,31046,Oliveira,3109,Oeste de Minas,31,MG,Minas Gerais,3,Sudeste
3160009,316000,Santo Antônio do Aventureiro,31066,Cataguases,3112,Zona da Mata,31,MG,Minas Gerais,3,Sudeste
3160108,316010,Santo Antônio do Grama,31060,Ponte Nova,3112,Zona da Mata,31,MG,Minas Gerais,3,Sudeste
3160207,316020,Santo Antônio do Itambé,31028,Conceição do Mato Dentro,3107,Metropolitana de Belo Horizonte,31,MG,Minas Gerais,3,Sudeste
3160306,316030,Santo Antônio do Jacinto,31014,Almenara,3103,Jequitinhonha,31,MG,Minas Gerais,3,Sudeste
3160405,316040,Santo Antônio do Monte,31043,Divinópolis,3109,Oeste de Minas,31,MG,Minas Gerais,3,Sudeste
3160454,316045,Santo Antônio do Retiro,31005,Salinas,3102,Norte de Minas,31,MG,Minas Gerais,3,Sudeste
3160504,316050,Santo Antônio do Rio Abaixo,31028,Conceição do Mato Dentro,3107,Metropolitana de Belo Horizonte,31,MG,Minas Gerais,3,Sudeste
3160603,316060,Santo Hipólito,31025,Curvelo,3106,Central Mineira,31,MG,Minas Gerais,3,Sudeste
3160702,316070,Santos Dumont,31065,Juiz de Fora,3112,Zona da Mata,31,MG,Minas Gerais,3,Sudeste
3160801,316080,São Bento Abade,31050,Varginha,3110,Sul/Sudoeste de Minas,31,MG,Minas Gerais,3,Sudeste
3160900,316090,São Brás do Suaçuí,31034,Conselheiro Lafaiete,3107,Metropolitana de Belo Horizonte,31,MG,Minas Gerais,3,Sudeste
3160959,316095,São Domingos das Dores,31040,Caratinga,3108,Vale do Rio Doce,31,MG,Minas Gerais,3,Sudeste
3161007,316100,São Domingos do Prata,31031,Itabira,3107,Metropolitana de Belo Horizonte,31,MG,Minas Gerais,3,Sudeste
3161056,316105,São Félix de Minas,31038,Mantena,3108,Vale do Rio Doce,31,MG,Minas Gerais,3,Sudeste
3161106,316110,São Francisco,31003,Januária,3102,Norte de Minas,31,MG,Minas Gerais,3,Sudeste
3161205,316120,São Francisco de Paula,31046,Oliveira,3109,Oeste de Minas,31,MG,Minas Gerais,3,Sudeste
3161304,316130,São Francisco de Sales,31021,Frutal,3105,Triângulo Mineiro/Alto Paranaíba,31,MG,Minas Gerais,3,Sudeste
3161403,316140,São Francisco do Glória,31063,Muriaé,3112,Zona da Mata,31,MG,Minas Gerais,3,Sudeste
3161502,316150,São Geraldo,31064,Ubá,3112,Zona da Mata,31,MG,Minas Gerais,3,Sudeste
3161601,316160,São Geraldo da Piedade,31037,Governador Valadares,3108,Vale do Rio Doce,31,MG,Minas Gerais,3,Sudeste
3161650,316165,São Geraldo do Baixio,31037,Governador Valadares,3108,Vale do Rio Doce,31,MG,Minas Gerais,3,Sudeste
3161700,316170,São Gonçalo do Abaeté,31002,Paracatu,3101,Noroeste de Minas,31,MG,Minas Gerais,3,Sudeste
3161809,316180,São Gonçalo do Pará,31043,Divinópolis,3109,Oeste de Minas,31,MG,Minas Gerais,3,Sudeste
3161908,316190,São Gonçalo do Rio Abaixo,31031,Itabira,3107,Metropolitana de Belo Horizonte,31,MG,Minas Gerais,3,Sudeste
3162005,316200,São Gonçalo do Sapucaí,31053,Santa Rita do Sapucaí,3110,Sul/Sudoeste de Minas,31,MG,Minas Gerais,3,Sudeste
3162104,316210,São Gotardo,31020,Patos de Minas,3105,Triângulo Mineiro/Alto Paranaíba,31,MG,Minas Gerais,3,Sudeste
3162203,316220,São João Batista do Glória,31047,Passos,3110,Sul/Sudoeste de Minas,31,MG,Minas Gerais,3,Sudeste
3162252,316225,São João da Lagoa,31007,Montes Claros,3102,Norte de Minas,31,MG,Minas Gerais,3,Sudeste
3162302,316230,São João da Mata,31053,Santa Rita do Sapucaí,3110,Sul/Sudoeste de Minas,31,MG,Minas Gerais,3,Sudeste
3162401,316240,São João da Ponte,31007,Montes Claros,3102,Norte de Minas,31,MG,Minas Gerais,3,Sudeste
3162450,316245,São João das Missões,31003,Januária,3102,Norte de Minas,31,MG,Minas Gerais,3,Sudeste
3162500,316250,São João del Rei,31058,São João Del Rei,3111,Campo das Vertentes,31,MG,Minas Gerais,3,Sudeste
3162559,316255,São João do Manhuaçu,31061,Manhuaçu,3112,Zona da Mata,31,MG,Minas Gerais,3,Sudeste
3162575,316257,São João do Manteninha,31038,Mantena,3108,Vale do Rio Doce,31,MG,Minas Gerais,3,Sudeste
3162609,316260,São João do Oriente,31040,Caratinga,3108,Vale do Rio Doce,31,MG,Minas Gerais,3,Sudeste
3162658,316265,São João do Pacuí,31007,Montes Claros,3102,Norte de Minas,31,MG,Minas Gerais,3,Sudeste
3162708,316270,São João do Paraíso,31005,Salinas,3102,Norte de Minas,31,MG,Minas Gerais,3,Sudeste
3162807,316280,São João Evangelista,31035,Guanhães,3108,Vale do Rio Doce,31,MG,Minas Gerais,3,Sudeste
3162906,316290,São João Nepomuceno,31065,Juiz de Fora,3112,Zona da Mata,31,MG,Minas Gerais,3,Sudeste
3162922,316292,São Joaquim de Bicas,31030,Belo Horizonte,3107,Metropolitana de Belo Horizonte,31,MG,Minas Gerais,3,Sudeste
3162948,316294,São José da Barra,31047,Passos,3110,Sul/Sudoeste de Minas,31,MG,Minas Gerais,3,Sudeste
3162955,316295,São José da Lapa,31030,Belo Horizonte,3107,Metropolitana de Belo Horizonte,31,MG,Minas Gerais,3,Sudeste
3163003,316300,São José da Safira,31037,Governador Valadares,3108,Vale do Rio Doce,31,MG,Minas Gerais,3,Sudeste
3163102,316310,São José da Varginha,31029,Pará de Minas,3107,Metropolitana de Belo Horizonte,31,MG,Minas Gerais,3,Sudeste
3163201,316320,São José do Alegre,31053,Santa Rita do Sapucaí,3110,Sul/Sudoeste de Minas,31,MG,Minas Gerais,3,Sudeste
3163300,316330,São José do Divino,31037,Governador Valadares,3108,Vale do Rio Doce,31,MG,Minas Gerais,3,Sudeste
3163409,316340,São José do Goiabal,31031,Itabira,3107,Metropolitana de Belo Horizonte,31,MG,Minas Gerais,3,Sudeste
3163508,316350,São José do Jacuri,31036,Peçanha,3108,Vale do Rio Doce,31,MG,Minas Gerais,3,Sudeste
3163607,316360,São José do Mantimento,31061,Manhuaçu,3112,Zona da Mata,31,MG,Minas Gerais,3,Sudeste
3163706,316370,São Lourenço,31054,São Lourenço,3110,Sul/Sudoeste de Minas,31,MG,Minas Gerais,3,Sudeste
3163805,316380,São Miguel do Anta,31062,Viçosa,3112,Zona da Mata,31,MG,Minas Gerais,3,Sudeste
3163904,316390,São Pedro da União,31048,São Sebastião do Paraíso,3110,Sul/Sudoeste de Minas,31,MG,Minas Gerais,3,Sudeste
3164001,316400,São Pedro dos Ferros,31060,Ponte Nova,3112,Zona da Mata,31,MG,Minas Gerais,3,Sudeste
3164100,316410,São Pedro do Suaçuí,31036,Peçanha,3108,Vale do Rio Doce,31,MG,Minas Gerais,3,Sudeste
3164209,316420,São Romão,31006,Pirapora,3102,Norte de Minas,31,MG,Minas Gerais,3,Sudeste
3164308,316430,São Roque de Minas,31042,Piuí,3109,Oeste de Minas,31,MG,Minas Gerais,3,Sudeste
3164407,316440,São Sebastião da Bela Vista,31053,Santa Rita do Sapucaí,3110,Sul/Sudoeste de Minas,31,MG,Minas Gerais,3,Sudeste
3164431,316443,São Sebastião da Vargem Alegre,31063,Muriaé,3112,Zona da Mata,31,MG,Minas Gerais,3,Sudeste
3164472,316447,São Sebastião do Anta,31040,Caratinga,3108,Vale do Rio Doce,31,MG,Minas Gerais,3,Sudeste
3164506,316450,São Sebastião do Maranhão,31036,Peçanha,3108,Vale do Rio Doce,31,MG,Minas Gerais,3,Sudeste
3164605,316460,São Sebastião do Oeste,31043,Divinópolis,3109,Oeste de Minas,31,MG,Minas Gerais,3,Sudeste
3164704,316470,São Sebastião do Paraíso,31048,São Sebastião do Paraíso,3110,Sul/Sudoeste de Minas,31,MG,Minas Gerais,3,Sudeste
3164803,316480,São Sebastião do Rio Preto,31028,Conceição do Mato Dentro,3107,Metropolitana de Belo Horizonte,31,MG,Minas Gerais,3,Sudeste
3164902,316490,São Sebastião do Rio Verde,31054,São Lourenço,3110,Sul/Sudoeste de Minas,31,MG,Minas Gerais,3,Sudeste
3165008,316500,São Tiago,31058,São João Del Rei,3111,Campo das Vertentes,31,MG,Minas Gerais,3,Sudeste
3165107,316510,São Tomás de Aquino,31048,São Sebastião do Paraíso,3110,Sul/Sudoeste de Minas,31,MG,Minas Gerais,3,Sudeste
3165206,316520,São Tomé das Letras,31050,Varginha,3110,Sul/Sudoeste de Minas,31,MG,Minas Gerais,3,Sudeste
3165305,316530,São Vicente de Minas,31055,Andrelândia,3110,Sul/Sudoeste de Minas,31,MG,Minas Gerais,3,Sudeste
3165404,316540,Sapucaí-Mirim,31052,Pouso Alegre,3110,Sul/Sudoeste de Minas,31,MG,Minas Gerais,3,Sudeste
3165503,316550,Sardoá,31035,Guanhães,3108,Vale do Rio Doce,31,MG,Minas Gerais,3,Sudeste
3165537,316553,Sarzedo,31030,Belo Horizonte,3107,Metropolitana de Belo Horizonte,31,MG,Minas Gerais,3,Sudeste
3165552,316555,Setubinha,31015,Teófilo Otoni,3104,Vale do Mucuri,31,MG,Minas Gerais,3,Sudeste
3165560,316556,Sem-Peixe,31060,Ponte Nova,3112,Zona da Mata,31,MG,Minas Gerais,3,Sudeste
3165578,316557,Senador Amaral,31052,Pouso Alegre,3110,Sul/Sudoeste de Minas,31,MG,Minas Gerais,3,Sudeste
3165602,316560,Senador Cortes,31065,Juiz de Fora,3112,Zona da Mata,31,MG,Minas Gerais,3,Sudeste
3165701,316570,Senador Firmino,31064,Ubá,3112,Zona da Mata,31,MG,Minas Gerais,3,Sudeste
3165800,316580,Senador José Bento,31052,Pouso Alegre,3110,Sul/Sudoeste de Minas,31,MG,Minas Gerais,3,Sudeste
3165909,316590,Senador Modestino Gonçalves,31010,Diamantina,3103,Jequitinhonha,31,MG,Minas Gerais,3,Sudeste
3166006,316600,Senhora de Oliveira,31062,Viçosa,3112,Zona da Mata,31,MG,Minas Gerais,3,Sudeste
3166105,316610,Senhora do Porto,31035,Guanhães,3108,Vale do Rio Doce,31,MG,Minas Gerais,3,Sudeste
3166204,316620,Senhora dos Remédios,31059,Barbacena,3111,Campo das Vertentes,31,MG,Minas Gerais,3,Sudeste
3166303,316630,Sericita,31060,Ponte Nova,3112,Zona da Mata,31,MG,Minas Gerais,3,Sudeste
3166402,316640,Seritinga,31055,Andrelândia,3110,Sul/Sudoeste de Minas,31,MG,Minas Gerais,3,Sudeste
3166501,316650,Serra Azul de Minas,31028,Conceição do Mato Dentro,3107,Metropolitana de Belo Horizonte,31,MG,Minas Gerais,3,Sudeste
3166600,316660,Serra da Saudade,31026,Bom Despacho,3106,Central Mineira,31,MG,Minas Gerais,3,Sudeste
3166709,316670,Serra dos Aimorés,31016,Nanuque,3104,Vale do Mucuri,31,MG,Minas Gerais,3,Sudeste
3166808,316680,Serra do Salitre,31019,Patrocínio,3105,Triângulo Mineiro/Alto Paranaíba,31,MG,Minas Gerais,3,Sudeste
3166907,316690,Serrania,31049,Alfenas,3110,Sul/Sudoeste de Minas,31,MG,Minas Gerais,3,Sudeste
3166956,316695,Serranópolis de Minas,31004,Janaúba,3102,Norte de Minas,31,MG,Minas Gerais,3,Sudeste
3167004,316700,Serranos,31055,Andrelândia,3110,Sul/Sudoeste de Minas,31,MG,Minas Gerais,3,Sudeste
3167103,316710,Serro,31028,Conceição do Mato Dentro,3107,Metropolitana de Belo Horizonte,31,MG,Minas Gerais,3,Sudeste
3167202,316720,Sete Lagoas,31027,Sete Lagoas,3107,Metropolitana de Belo Horizonte,31,MG,Minas Gerais,3,Sudeste
3167301,316730,Silveirânia,31064,Ubá,3112,Zona da Mata,31,MG,Minas Gerais,3,Sudeste
3167400,316740,Silvianópolis,31053,Santa Rita do Sapucaí,3110,Sul/Sudoeste de Minas,31,MG,Minas Gerais,3,Sudeste
3167509,316750,Simão Pereira,31065,Juiz de Fora,3112,Zona da Mata,31,MG,Minas Gerais,3,Sudeste
3167608,316760,Simonésia,31061,Manhuaçu,3112,Zona da Mata,31,MG,Minas Gerais,3,Sudeste
3167707,316770,Sobrália,31037,Governador Valadares,3108,Vale do Rio Doce,31,MG,Minas Gerais,3,Sudeste
3167806,316780,Soledade de Minas,31054,São Lourenço,3110,Sul/Sudoeste de Minas,31,MG,Minas Gerais,3,Sudeste
3167905,316790,Tabuleiro,31064,Ubá,3112,Zona da Mata,31,MG,Minas Gerais,3,Sudeste
3168002,316800,Taiobeiras,31005,Salinas,3102,Norte de Minas,31,MG,Minas Gerais,3,Sudeste
3168051,316805,Taparuba,31041,Aimorés,3108,Vale do Rio Doce,31,MG,Minas Gerais,3,Sudeste
3168101,316810,Tapira,31023,Araxá,3105,Triângulo Mineiro/Alto Paranaíba,31,MG,Minas Gerais,3,Sudeste
3168200,316820,Tapiraí,31042,Piuí,3109,Oeste de Minas,31,MG,Minas Gerais,3,Sudeste
3168309,316830,Taquaraçu de Minas,31031,Itabira,3107,Metropolitana de Belo Horizonte,31,MG,Minas Gerais,3,Sudeste
3168408,316840,Tarumirim,31040,Caratinga,3108,Vale do Rio Doce,31,MG,Minas Gerais,3,Sudeste
3168507,316850,Teixeiras,31062,Viçosa,3112,Zona da Mata,31,MG,Minas Gerais,3,Sudeste
3168606,316860,Teófilo Otoni,31015,Teófilo Otoni,3104,Vale do Mucuri,31,MG,Minas Gerais,3,Sudeste
3168705,316870,Timóteo,31039,Ipatinga,3108,Vale do Rio Doce,31,MG,Minas Gerais,3,Sudeste
3168804,316880,Tiradentes,31058,São João Del Rei,3111,Campo das Vertentes,31,MG,Minas Gerais,3,Sudeste
3168903,316890,Tiros,31020,Patos de Minas,3105,Triângulo Mineiro/Alto Paranaíba,31,MG,Minas Gerais,3,Sudeste
3169000,316900,Tocantins,31064,Ubá,3112,Zona da Mata,31,MG,Minas Gerais,3,Sudeste
3169059,316905,Tocos do Moji,31052,Pouso Alegre,3110,Sul/Sudoeste de Minas,31,MG,Minas Gerais,3,Sudeste
3169109,316910,Toledo,31052,Pouso Alegre,3110,Sul/Sudoeste de Minas,31,MG,Minas Gerais,3,Sudeste
3169208,316920,Tombos,31063,Muriaé,3112,Zona da Mata,31,MG,Minas Gerais,3,Sudeste
3169307,316930,Três Corações,31050,Varginha,3110,Sul/Sudoeste de Minas,31,MG,Minas Gerais,3,Sudeste
3169356,316935,Três Marias,31024,Três Marias,3106,Central Mineira,31,MG,Minas Gerais,3,Sudeste
3169406,316940,Três Pontas,31050,Varginha,3110,Sul/Sudoeste de Minas,31,MG,Minas Gerais,3,Sudeste
3169505,316950,Tumiritinga,31037,Governador Valadares,3108,Vale do Rio Doce,31,MG,Minas Gerais,3,Sudeste
3169604,316960,Tupaciguara,31018,Uberlândia,3105,Triângulo Mineiro/Alto Paranaíba,31,MG,Minas Gerais,3,Sudeste
3169703,316970,Turmalina,31011,Capelinha,3103,Jequitinhonha,31,MG,Minas Gerais,3,Sudeste
3169802,316980,Turvolândia,31053,Santa Rita do Sapucaí,3110,Sul/Sudoeste de Minas,31,MG,Minas Gerais,3,Sudeste
3169901,316990,Ubá,31064,Ubá,3112,Zona da Mata,31,MG,Minas Gerais,3,Sudeste
3170008,317000,Ubaí,31007,Montes Claros,3102,Norte de Minas,31,MG,Minas Gerais,3,Sudeste
3170057,317005,Ubaporanga,31040,Caratinga,3108,Vale do Rio Doce,31,MG,Minas Gerais,3,Sudeste
3170107,317010,Uberaba,31022,Uberaba,3105,Triângulo Mineiro/Alto Paranaíba,31,MG,Minas Gerais,3,Sudeste
3170206,317020,Uberlândia,31018,Uberlândia,3105,Triângulo Mineiro/Alto Paranaíba,31,MG,Minas Gerais,3,Sudeste
3170305,317030,Umburatiba,31016,Nanuque,3104,Vale do Mucuri,31,MG,Minas Gerais,3,Sudeste
3170404,317040,Unaí,31001,Unaí,3101,Noroeste de Minas,31,MG,Minas Gerais,3,Sudeste
3170438,317043,União de Minas,31021,Frutal,3105,Triângulo Mineiro/Alto Paranaíba,31,MG,Minas Gerais,3,Sudeste
3170479,317047,Uruana de Minas,31001,Unaí,3101,Noroeste de Minas,31,MG,Minas Gerais,3,Sudeste
3170503,317050,Urucânia,31060,Ponte Nova,3112,Zona da Mata,31,MG,Minas Gerais,3,Sudeste
3170529,317052,Urucuia,31003,Januária,3102,Norte de Minas,31,MG,Minas Gerais,3,Sudeste
3170578,317057,Vargem Alegre,31040,Caratinga,3108,Vale do Rio Doce,31,MG,Minas Gerais,3,Sudeste
3170602,317060,Vargem Bonita,31042,Piuí,3109,Oeste de Minas,31,MG,Minas Gerais,3,Sudeste
3170651,317065,Vargem Grande do Rio Pardo,31005,Salinas,3102,Norte de Minas,31,MG,Minas Gerais,3,Sudeste
3170701,317070,Varginha,31050,Varginha,3110,Sul/Sudoeste de Minas,31,MG,Minas Gerais,3,Sudeste
3170750,317075,Varjão de Minas,31002,Paracatu,3101,Noroeste de Minas,31,MG,Minas Gerais,3,Sudeste
3170800,317080,Várzea da Palma,31006,Pirapora,3102,Norte de Minas,31,MG,Minas Gerais,3,Sudeste
3170909,317090,Varzelândia,31007,Montes Claros,3102,Norte de Minas,31,MG,Minas Gerais,3,Sudeste
3171006,317100,Vazante,31002,Paracatu,3101,Noroeste de Minas,31,MG,Minas Gerais,3,Sudeste
3171030,317103,Verdelândia,31007,Montes Claros,3102,Norte de Minas,31,MG,Minas Gerais,3,Sudeste
3171071,317107,Veredinha,31011,Capelinha,3103,Jequitinhonha,31,MG,Minas Gerais,3,Sudeste
3171105,317110,Veríssimo,31022,Uberaba,3105,Triângulo Mineiro/Alto Paranaíba,31,MG,Minas Gerais,3,Sudeste
3171154,317115,Vermelho Novo,31060,Ponte Nova,3112,Zona da Mata,31,MG,Minas Gerais,3,Sudeste
3171204,317120,Vespasiano,31030,Belo Horizonte,3107,Metropolitana de Belo Horizonte,31,MG,Minas Gerais,3,Sudeste
3171303,317130,Viçosa,31062,Viçosa,3112,Zona da Mata,31,MG,Minas Gerais,3,Sudeste
3171402,317140,Vieiras,31063,Muriaé,3112,Zona da Mata,31,MG,Minas Gerais,3,Sudeste
3171501,317150,Mathias Lobato,31037,Governador Valadares,3108,Vale do Rio Doce,31,MG,Minas Gerais,3,Sudeste
3171600,317160,Virgem da Lapa,31012,Araçuaí,3103,Jequitinhonha,31,MG,Minas Gerais,3,Sudeste
3171709,317170,Virgínia,31056,Itajubá,3110,Sul/Sudoeste de Minas,31,MG,Minas Gerais,3,Sudeste
3171808,317180,Virginópolis,31035,Guanhães,3108,Vale do Rio Doce,31,MG,Minas Gerais,3,Sudeste
3171907,317190,Virgolândia,31037,Governador Valadares,3108,Vale do Rio Doce,31,MG,Minas Gerais,3,Sudeste
3172004,317200,Visconde do Rio Branco,31064,Ubá,3112,Zona da Mata,31,MG,Minas Gerais,3,Sudeste
3172103,317210,Volta Grande,31066,Cataguases,3112,Zona da Mata,31,MG,Minas Gerais,3,Sudeste
3172202,317220,Wenceslau Braz,31056,Itajubá,3110,Sul/Sudoeste de Minas,31,MG,Minas Gerais,3,Sudeste
3200102,320010,Afonso Cláudio,32007,Afonso Cláudio,3203,Central Espírito-santense,32,ES,Espírito Santo,3,Sudeste
3200136,320013,Águia Branca,32002,Nova Venécia,3201,Noroeste Espírito-santense,32,ES,Espírito Santo,3,Sudeste
3200169,320016,Água Doce do Norte,32001,Barra de São Francisco,3201,Noroeste Espírito-santense,32,ES,Espírito Santo,3,Sudeste
3200201,320020,Alegre,32011,Alegre,3204,Sul Espírito-santense,32,ES,Espírito Santo,3,Sudeste
3200300,320030,Alfredo Chaves,32010,Guarapari,3203,Central Espírito-santense,32,ES,Espírito Santo,3,Sudeste
3200359,320035,Alto Rio Novo,32003,Colatina,3201,Noroeste Espírito-santense,32,ES,Espírito Santo,3,Sudeste
3200409,320040,Anchieta,32010,Guarapari,3203,Central Espírito-santense,32,ES,Espírito Santo,3,Sudeste
3200508,320050,Apiacá,32012,Cachoeiro de Itapemirim,3204,Sul Espírito-santense,32,ES,Espírito Santo,3,Sudeste
3200607,320060,Aracruz,32006,Linhares,3202,Litoral Norte Espírito-santense,32,ES,Espírito Santo,3,Sudeste
3200706,320070,Atílio Vivácqua,32012,Cachoeiro de Itapemirim,3204,Sul Espírito-santense,32,ES,Espírito Santo,3,Sudeste
3200805,320080,Baixo Guandu,32003,Colatina,3201,Noroeste Espírito-santense,32,ES,Espírito Santo,3,Sudeste
3200904,320090,Barra de São Francisco,32001,Barra de São Francisco,3201,Noroeste Espírito-santense,32,ES,Espírito Santo,3,Sudeste
3201001,320100,Boa Esperança,32002,Nova Venécia,3201,Noroeste Espírito-santense,32,ES,Espírito Santo,3,Sudeste
3201100,320110,Bom Jesus do Norte,32012,Cachoeiro de Itapemirim,3204,Sul Espírito-santense,32,ES,Espírito Santo,3,Sudeste
3201159,320115,Brejetuba,32007,Afonso Cláudio,3203,Central Espírito-santense,32,ES,Espírito Santo,3,Sudeste
3201209,320120,Cachoeiro de Itapemirim,32012,Cachoeiro de Itapemirim,3204,Sul Espírito-santense,32,ES,Espírito Santo,3,Sudeste
3201308,320130,Cariacica,32009,Vitória,3203,Central Espírito-santense,32,ES,Espírito Santo,3,Sudeste
3201407,320140,Castelo,32012,Cachoeiro de Itapemirim,3204,Sul Espírito-santense,32,ES,Espírito Santo,3,Sudeste
3201506,320150,Colatina,32003,Colatina,3201,Noroeste Espírito-santense,32,ES,Espírito Santo,3,Sudeste
3201605,320160,Conceição da Barra,32005,São Mateus,3202,Litoral Norte Espírito-santense,32,ES,Espírito Santo,3,Sudeste
3201704,320170,Conceição do Castelo,32007,Afonso Cláudio,3203,Central Espírito-santense,32,ES,Espírito Santo,3,Sudeste
3201803,320180,Divino de São Lourenço,32011,Alegre,3204,Sul Espírito-santense,32,ES,Espírito Santo,3,Sudeste
3201902,320190,Domingos Martins,32007,Afonso Cláudio,3203,Central Espírito-santense,32,ES,Espírito Santo,3,Sudeste
3202009,320200,Dores do Rio Preto,32011,Alegre,3204,Sul Espírito-santense,32,ES,Espírito Santo,3,Sudeste
3202108,320210,Ecoporanga,32001,Barra de São Francisco,3201,Noroeste Espírito-santense,32,ES,Espírito Santo,3,Sudeste
3202207,320220,Fundão,32006,Linhares,3202,Litoral Norte Espírito-santense,32,ES,Espírito Santo,3,Sudeste
3202256,320225,Governador Lindenberg,32003,Colatina,3201,Noroeste Espírito-santense,32,ES,Espírito Santo,3,Sudeste
3202306,320230,Guaçuí,32011,Alegre,3204,Sul Espírito-santense,32,ES,Espírito Santo,3,Sudeste
3202405,320240,Guarapari,32010,Guarapari,3203,Central Espírito-santense,32,ES,Espírito Santo,3,Sudeste
3202454,320245,Ibatiba,32011,Alegre,3204,Sul Espírito-santense,32,ES,Espírito Santo,3,Sudeste
3202504,320250,Ibiraçu,32006,Linhares,3202,Litoral Norte Espírito-santense,32,ES,Espírito Santo,3,Sudeste
3202553,320255,Ibitirama,32011,Alegre,3204,Sul Espírito-santense,32,ES,Espírito Santo,3,Sudeste
3202603,320260,Iconha,32010,Guarapari,3203,Central Espírito-santense,32,ES,Espírito Santo,3,Sudeste
3202652,320265,Irupi,32011,Alegre,3204,Sul Espírito-santense,32,ES,Espírito Santo,3,Sudeste
3202702,320270,Itaguaçu,32008,Santa Teresa,3203,Central Espírito-santense,32,ES,Espírito Santo,3,Sudeste
3202801,320280,Itapemirim,32013,Itapemirim,3204,Sul Espírito-santense,32,ES,Espírito Santo,3,Sudeste
3202900,320290,Itarana,32008,Santa Teresa,3203,Central Espírito-santense,32,ES,Espírito Santo,3,Sudeste
3203007,320300,Iúna,32011,Alegre,3204,Sul Espírito-santense,32,ES,Espírito Santo,3,Sudeste
3203056,320305,Jaguaré,32005,São Mateus,3202,Litoral Norte Espírito-santense,32,ES,Espírito Santo,3,Sudeste
3203106,320310,Jerônimo Monteiro,32012,Cachoeiro de Itapemirim,3204,Sul Espírito-santense,32,ES,Espírito Santo,3,Sudeste
3203130,320313,João Neiva,32006,Linhares,3202,Litoral Norte Espírito-santense,32,ES,Espírito Santo,3,Sudeste
3203163,320316,Laranja da Terra,32007,Afonso Cláudio,3203,Central Espírito-santense,32,ES,Espírito Santo,3,Sudeste
3203205,320320,Linhares,32006,Linhares,3202,Litoral Norte Espírito-santense,32,ES,Espírito Santo,3,Sudeste
3203304,320330,Mantenópolis,32001,Barra de São Francisco,3201,Noroeste Espírito-santense,32,ES,Espírito Santo,3,Sudeste
3203320,320332,Marataízes,32013,Itapemirim,3204,Sul Espírito-santense,32,ES,Espírito Santo,3,Sudeste
3203346,320334,Marechal Floriano,32007,Afonso Cláudio,3203,Central Espírito-santense,32,ES,Espírito Santo,3,Sudeste
3203353,320335,Marilândia,32003,Colatina,3201,Noroeste Espírito-santense,32,ES,Espírito Santo,3,Sudeste
3203403,320340,Mimoso do Sul,32012,Cachoeiro de Itapemirim,3204,Sul Espírito-santense,32,ES,Espírito Santo,3,Sudeste
3203502,320350,Montanha,32004,Montanha,3202,Litoral Norte Espírito-santense,32,ES,Espírito Santo,3,Sudeste
3203601,320360,Mucurici,32004,Montanha,3202,Litoral Norte Espírito-santense,32,ES,Espírito Santo,3,Sudeste
3203700,320370,Muniz Freire,32011,Alegre,3204,Sul Espírito-santense,32,ES,Espírito Santo,3,Sudeste
3203809,320380,Muqui,32012,Cachoeiro de Itapemirim,3204,Sul Espírito-santense,32,ES,Espírito Santo,3,Sudeste
3203908,320390,Nova Venécia,32002,Nova Venécia,3201,Noroeste Espírito-santense,32,ES,Espírito Santo,3,Sudeste
3204005,320400,Pancas,32003,Colatina,3201,Noroeste Espírito-santense,32,ES,Espírito Santo,3,Sudeste
3204054,320405,Pedro Canário,32005,São Mateus,3202,Litoral Norte Espírito-santense,32,ES,Espírito Santo,3,Sudeste
3204104,320410,Pinheiros,32004,Montanha,3202,Litoral Norte Espírito-santense,32,ES,Espírito Santo,3,Sudeste
3204203,320420,Piúma,32010,Guarapari,3203,Central Espírito-santense,32,ES,Espírito Santo,3,Sudeste
3204252,320425,Ponto Belo,32004,Montanha,3202,Litoral Norte Espírito-santense,32,ES,Espírito Santo,3,Sudeste
3204302,320430,Presidente Kennedy,32013,Itapemirim,3204,Sul Espírito-santense,32,ES,Espírito Santo,3,Sudeste
3204351,320435,Rio Bananal,32006,Linhares,3202,Litoral Norte Espírito-santense,32,ES,Espírito Santo,3,Sudeste
3204401,320440,Rio Novo do Sul,32010,Guarapari,3203,Central Espírito-santense,32,ES,Espírito Santo,3,Sudeste
3204500,320450,Santa Leopoldina,32008,Santa Teresa,3203,Central Espírito-santense,32,ES,Espírito Santo,3,Sudeste
3204559,320455,Santa Maria de Jetibá,32008,Santa Teresa,3203,Central Espírito-santense,32,ES,Espírito Santo,3,Sudeste
3204609,320460,Santa Teresa,32008,Santa Teresa,3203,Central Espírito-santense,32,ES,Espírito Santo,3,Sudeste
3204658,320465,São Domingos do Norte,32003,Colatina,3201,Noroeste Espírito-santense,32,ES,Espírito Santo,3,Sudeste
3204708,320470,São Gabriel da Palha,32002,Nova Venécia,3201,Noroeste Espírito-santense,32,ES,Espírito Santo,3,Sudeste
3204807,320480,São José do Calçado,32012,Cachoeiro de Itapemirim,3204,Sul Espírito-santense,32,ES,Espírito Santo,3,Sudeste
3204906,320490,São Mateus,32005,São Mateus,3202,Litoral Norte Espírito-santense,32,ES,Espírito Santo,3,Sudeste
3204955,320495,São Roque do Canaã,32008,Santa Teresa,3203,Central Espírito-santense,32,ES,Espírito Santo,3,Sudeste
3205002,320500,Serra,32009,Vitória,3203,Central Espírito-santense,32,ES,Espírito Santo,3,Sudeste
3205010,320501,Sooretama,32006,Linhares,3202,Litoral Norte Espírito-santense,32,ES,Espírito Santo,3,Sudeste
3205036,320503,Vargem Alta,32012,Cachoeiro de Itapemirim,3204,Sul Espírito-santense,32,ES,Espírito Santo,3,Sudeste
3205069,320506,Venda Nova do Imigrante,32007,Afonso Cláudio,3203,Central Espírito-santense,32,ES,Espírito Santo,3,Sudeste
3205101,320510,Viana,32009,Vitória,3203,Central Espírito-santense,32,ES,Espírito Santo,3,Sudeste
3205150,320515,Vila Pavão,32002,Nova Venécia,3201,Noroeste Espírito-santense,32,ES,Espírito Santo,3,Sudeste
3205176,320517,Vila Valério,32002,Nova Venécia,3201,Noroeste Espírito-santense,32,ES,Espírito Santo,3,Sudeste
3205200,320520,Vila Velha,32009,Vitória,3203,Central Espírito-santense,32,ES,Espírito Santo,3,Sudeste
3205309,320530,Vitória,32009,Vitória,3203,Central Espírito-santense,32,ES,Espírito Santo,3,Sudeste
3300100,330010,Angra dos Reis,33013,Baía da Ilha Grande,3305,Sul Fluminense,33,RJ,Rio de Janeiro,3,Sudeste
3300159,330015,Aperibé,33002,Santo Antônio de Pádua,3301,Noroeste Fluminense,33,RJ,Rio de Janeiro,3,Sudeste
3300209,330020,Araruama,33010,Lagos,3304,Baixadas,33,RJ,Rio de Janeiro,3,Sudeste
3300225,330022,Areal,33005,Três Rios,3303,Centro Fluminense,33,RJ,Rio de Janeiro,3,Sudeste
3300233,330023,Armação dos Búzios,33010,Lagos,3304,Baixadas,33,RJ,Rio de Janeiro,3,Sudeste
3300258,330025,Arraial do Cabo,33010,Lagos,3304,Baixadas,33,RJ,Rio de Janeiro,3,Sudeste
3300308,330030,Barra do Piraí,33012,Barra do Piraí,3305,Sul Fluminense,33,RJ,Rio de Janeiro,3,Sudeste
3300407,330040,Barra Mansa,33011,Vale do Paraíba Fluminense,3305,Sul Fluminense,33,RJ,Rio de Janeiro,3,Sudeste
3300456,330045,Belford Roxo,33018,Rio de Janeiro,3306,Metropolitana do Rio de Janeiro,33,RJ,Rio de Janeiro,3,Sudeste
3300506,330050,Bom Jardim,33007,Nova Friburgo,3303,Centro Fluminense,33,RJ,Rio de Janeiro,3,Sudeste
3300605,330060,Bom Jesus do Itabapoana,33001,Itaperuna,3301,Noroeste Fluminense,33,RJ,Rio de Janeiro,3,Sudeste
3300704,330070,Cabo Frio,33010,Lagos,3304,Baixadas,33,RJ,Rio de Janeiro,3,Sudeste
3300803,330080,Cachoeiras de Macacu,33016,Macacu-Caceribu,3306,Metropolitana do Rio de Janeiro,33,RJ,Rio de Janeiro,3,Sudeste
3300902,330090,Cambuci,33002,Santo Antônio de Pádua,3301,Noroeste Fluminense,33,RJ,Rio de Janeiro,3,Sudeste
3300936,330093,Carapebus,33004,Macaé,3302,Norte Fluminense,33,RJ,Rio de Janeiro,3,Sudeste
3300951,330095,Comendador Levy Gasparian,33005,Três Rios,3303,Centro Fluminense,33,RJ,Rio de Janeiro,3,Sudeste
3301009,330100,Campos dos Goytacazes,33003,Campos dos Goytacazes,3302,Norte Fluminense,33,RJ,Rio de Janeiro,3,Sudeste
3301108,330110,Cantagalo,33006,Cantagalo-Cordeiro,3303,Centro Fluminense,33,RJ,Rio de Janeiro,3,Sudeste
3301157,330115,Cardoso Moreira,33003,Campos dos Goytacazes,3302,Norte Fluminense,33,RJ,Rio de Janeiro,3,Sudeste
3301207,330120,Carmo,33006,Cantagalo-Cordeiro,3303,Centro Fluminense,33,RJ,Rio de Janeiro,3,Sudeste
3301306,330130,Casimiro de Abreu,33009,Bacia de São João,3304,Baixadas,33,RJ,Rio de Janeiro,3,Sudeste
3301405,330140,Conceição de Macabu,33004,Macaé,3302,Norte Fluminense,33,RJ,Rio de Janeiro,3,Sudeste
3301504,330150,Cordeiro,33006,Cantagalo-Cordeiro,3303,Centro Fluminense,33,RJ,Rio de Janeiro,3,Sudeste
3301603,330160,Duas Barras,33007,Nova Friburgo,3303,Centro Fluminense,33,RJ,Rio de Janeiro,3,Sudeste
3301702,330170,Duque de Caxias,33018,Rio de Janeiro,3306,Metropolitana do Rio de Janeiro,33,RJ,Rio de Janeiro,3,Sudeste
3301801,330180,Engenheiro Paulo de Frontin,33014,Vassouras,3306,Metropolitana do Rio de Janeiro,33,RJ,Rio de Janeiro,3,Sudeste
3301850,330185,Guapimirim,33018,Rio de Janeiro,3306,Metropolitana do Rio de Janeiro,33,RJ,Rio de Janeiro,3,Sudeste
3301876,330187,Iguaba Grande,33010,Lagos,3304,Baixadas,33,RJ,Rio de Janeiro,3,Sudeste
3301900,330190,Itaboraí,33018,Rio de Janeiro,3306,Metropolitana do Rio de Janeiro,33,RJ,Rio de Janeiro,3,Sudeste
3302007,330200,Itaguaí,33017,Itaguaí,3306,Metropolitana do Rio de Janeiro,33,RJ,Rio de Janeiro,3,Sudeste
3302056,330205,Italva,33001,Itaperuna,3301,Noroeste Fluminense,33,RJ,Rio de Janeiro,3,Sudeste
3302106,330210,Itaocara,33002,Santo Antônio de Pádua,3301,Noroeste Fluminense,33,RJ,Rio de Janeiro,3,Sudeste
3302205,330220,Itaperuna,33001,Itaperuna,3301,Noroeste Fluminense,33,RJ,Rio de Janeiro,3,Sudeste
3302254,330225,Itatiaia,33011,Vale do Paraíba Fluminense,3305,Sul Fluminense,33,RJ,Rio de Janeiro,3,Sudeste
3302270,330227,Japeri,33018,Rio de Janeiro,3306,Metropolitana do Rio de Janeiro,33,RJ,Rio de Janeiro,3,Sudeste
3302304,330230,Laje do Muriaé,33001,Itaperuna,3301,Noroeste Fluminense,33,RJ,Rio de Janeiro,3,Sudeste
3302403,330240,Macaé,33004,Macaé,3302,Norte Fluminense,33,RJ,Rio de Janeiro,3,Sudeste
3302452,330245,Macuco,33006,Cantagalo-Cordeiro,3303,Centro Fluminense,33,RJ,Rio de Janeiro,3,Sudeste
3302502,330250,Magé,33018,Rio de Janeiro,3306,Metropolitana do Rio de Janeiro,33,RJ,Rio de Janeiro,3,Sudeste
3302601,330260,Mangaratiba,33017,Itaguaí,3306,Metropolitana do Rio de Janeiro,33,RJ,Rio de Janeiro,3,Sudeste
3302700,330270,Maricá,33018,Rio de Janeiro,3306,Metropolitana do Rio de Janeiro,33,RJ,Rio de Janeiro,3,Sudeste
3302809,330280,Mendes,33014,Vassouras,3306,Metropolitana do Rio de Janeiro,33,RJ,Rio de Janeiro,3,Sudeste
3302858,330285,Mesquita,33018,Rio de Janeiro,3306,Metropolitana do Rio de Janeiro,33,RJ,Rio de Janeiro,3,Sudeste
3302908,330290,Miguel Pereira,33014,Vassouras,3306,Metropolitana do Rio de Janeiro,33,RJ,Rio de Janeiro,3,Sudeste
3303005,330300,Miracema,33002,Santo Antônio de Pádua,3301,Noroeste Fluminense,33,RJ,Rio de Janeiro,3,Sudeste
3303104,330310,Natividade,33001,Itaperuna,3301,Noroeste Fluminense,33,RJ,Rio de Janeiro,3,Sudeste
3303203,330320,Nilópolis,33018,Rio de Janeiro,3306,Metropolitana do Rio de Janeiro,33,RJ,Rio de Janeiro,3,Sudeste
3303302,330330,Niterói,33018,Rio de Janeiro,3306,Metropolitana do Rio de Janeiro,33,RJ,Rio de Janeiro,3,Sudeste
3303401,330340,Nova Friburgo,33007,Nova Friburgo,3303,Centro Fluminense,33,RJ,Rio de Janeiro,3,Sudeste
3303500,330350,Nova Iguaçu,33018,Rio de Janeiro,3306,Metropolitana do Rio de Janeiro,33,RJ,Rio de Janeiro,3,Sudeste
3303609,330360,Paracambi,33014,Vassouras,3306,Metropolitana do Rio de Janeiro,33,RJ,Rio de Janeiro,3,Sudeste
3303708,330370,Paraíba do Sul,33005,Três Rios,3303,Centro Fluminense,33,RJ,Rio de Janeiro,3,Sudeste
3303807,330380,Paraty,33013,Baía da Ilha Grande,3305,Sul Fluminense,33,RJ,Rio de Janeiro,3,Sudeste
3303856,330385,Paty do Alferes,33014,Vassouras,3306,Metropolitana do Rio de Janeiro,33,RJ,Rio de Janeiro,3,Sudeste
3303906,330390,Petrópolis,33015,Serrana,3306,Metropolitana do Rio de Janeiro,33,RJ,Rio de Janeiro,3,Sudeste
3303955,330395,Pinheiral,33011,Vale do Paraíba Fluminense,3305,Sul Fluminense,33,RJ,Rio de Janeiro,3,Sudeste
3304003,330400,Piraí,33011,Vale do Paraíba Fluminense,3305,Sul Fluminense,33,RJ,Rio de Janeiro,3,Sudeste
3304102,330410,Porciúncula,33001,Itaperuna,3301,Noroeste Fluminense,33,RJ,Rio de Janeiro,3,Sudeste
3304110,330411,Porto Real,33011,Vale do Paraíba Fluminense,3305,Sul Fluminense,33,RJ,Rio de Janeiro,3,Sudeste
3304128,330412,Quatis,33011,Vale do Paraíba Fluminense,3305,Sul Fluminense,33,RJ,Rio de Janeiro,3,Sudeste
3304144,330414,Queimados,33018,Rio de Janeiro,3306,Metropolitana do Rio de Janeiro,33,RJ,Rio de Janeiro,3,Sudeste
3304151,330415,Quissamã,33004,Macaé,3302,Norte Fluminense,33,RJ,Rio de Janeiro,3,Sudeste
3304201,330420,Resende,33011,Vale do Paraíba Fluminense,3305,Sul Fluminense,33,RJ,Rio de Janeiro,3,Sudeste
3304300,330430,Rio Bonito,33016,Macacu-Caceribu,3306,Metropolitana do Rio de Janeiro,33,RJ,Rio de Janeiro,3,Sudeste
3304409,330440,Rio Claro,33011,Vale do Paraíba Fluminense,3305,Sul Fluminense,33,RJ,Rio de Janeiro,3,Sudeste
3304508,330450,Rio das Flores,33012,Barra do Piraí,3305,Sul Fluminense,33,RJ,Rio de Janeiro,3,Sudeste
3304524,330452,Rio das Ostras,33009,Bacia de São João,3304,Baixadas,33,RJ,Rio de Janeiro,3,Sudeste
3304557,330455,Rio de Janeiro,33018,Rio de Janeiro,3306,Metropolitana do Rio de Janeiro,33,RJ,Rio de Janeiro,3,Sudeste
3304607,330460,Santa Maria Madalena,33008,Santa Maria Madalena,3303,Centro Fluminense,33,RJ,Rio de Janeiro,3,Sudeste
3304706,330470,Santo Antônio de Pádua,33002,Santo Antônio de Pádua,3301,Noroeste Fluminense,33,RJ,Rio de Janeiro,3,Sudeste
3304755,330475,São Francisco de Itabapoana,33003,Campos dos Goytacazes,3302,Norte Fluminense,33,RJ,Rio de Janeiro,3,Sudeste
3304805,330480,São Fidélis,33003,Campos dos Goytacazes,3302,Norte Fluminense,33,RJ,Rio de Janeiro,3,Sudeste
3304904,330490,São Gonçalo,33018,Rio de Janeiro,3306,Metropolitana do Rio de Janeiro,33,RJ,Rio de Janeiro,3,Sudeste
3305000,330500,São João da Barra,33003,Campos dos Goytacazes,3302,Norte Fluminense,33,RJ,Rio de Janeiro,3,Sudeste
3305109,330510,São João de Meriti,33018,Rio de Janeiro,3306,Metropolitana do Rio de Janeiro,33,RJ,Rio de Janeiro,3,Sudeste
3305133,330513,São José de Ubá,33002,Santo Antônio de Pádua,3301,Noroeste Fluminense,33,RJ,Rio de Janeiro,3,Sudeste
3305158,330515,São José do Vale do Rio Preto,33015,Serrana,3306,Metropolitana do Rio de Janeiro,33,RJ,Rio de Janeiro,3,Sudeste
3305208,330520,São Pedro da Aldeia,33010,Lagos,3304,Baixadas,33,RJ,Rio de Janeiro,3,Sudeste
3305307,330530,São Sebastião do Alto,33008,Santa Maria Madalena,3303,Centro Fluminense,33,RJ,Rio de Janeiro,3,Sudeste
3305406,330540,Sapucaia,33005,Três Rios,3303,Centro Fluminense,33,RJ,Rio de Janeiro,3,Sudeste
3305505,330550,Saquarema,33010,Lagos,3304,Baixadas,33,RJ,Rio de Janeiro,3,Sudeste
3305554,330555,Seropédica,33017,Itaguaí,3306,Metropolitana do Rio de Janeiro,33,RJ,Rio de Janeiro,3,Sudeste
3305604,330560,Silva Jardim,33009,Bacia de São João,3304,Baixadas,33,RJ,Rio de Janeiro,3,Sudeste
3305703,330570,Sumidouro,33007,Nova Friburgo,3303,Centro Fluminense,33,RJ,Rio de Janeiro,3,Sudeste
3305752,330575,Tanguá,33018,Rio de Janeiro,3306,Metropolitana do Rio de Janeiro,33,RJ,Rio de Janeiro,3,Sudeste
3305802,330580,Teresópolis,33015,Serrana,3306,Metropolitana do Rio de Janeiro,33,RJ,Rio de Janeiro,3,Sudeste
3305901,330590,Trajano de Moraes,33008,Santa Maria Madalena,3303,Centro Fluminense,33,RJ,Rio de Janeiro,3,Sudeste
3306008,330600,Três Rios,33005,Três Rios,3303,Centro Fluminense,33,RJ,Rio de Janeiro,3,Sudeste
3306107,330610,Valença,33012,Barra do Piraí,3305,Sul Fluminense,33,RJ,Rio de Janeiro,3,Sudeste
3306156,330615,Varre-Sai,33001,Itaperuna,3301,Noroeste Fluminense,33,RJ,Rio de Janeiro,3,Sudeste
3306206,330620,Vassouras,33014,Vassouras,3306,Metropolitana do Rio de Janeiro,33,RJ,Rio de Janeiro,3,Sudeste
3306305,330630,Volta Redonda,33011,Vale do Paraíba Fluminense,3305,Sul Fluminense,33,RJ,Rio de Janeiro,3,Sudeste
3500105,350010,Adamantina,35035,Adamantina,3508,Presidente Prudente,35,SP,São Paulo,3,Sudeste
3500204,350020,Adolfo,35004,São José do Rio Preto,3501,São José do Rio Preto,35,SP,São Paulo,3,Sudeste
3500303,350030,Aguaí,35029,Pirassununga,3507,Campinas,35,SP,São Paulo,3,Sudeste
3500402,350040,Águas da Prata,35030,São João da Boa Vista,3507,Campinas,35,SP,São Paulo,3,Sudeste
3500501,350050,Águas de Lindóia,35033,Amparo,3507,Campinas,35,SP,São Paulo,3,Sudeste
3500550,350055,Águas de Santa Bárbara,35022,Avaré,3504,Bauru,35,SP,São Paulo,3,Sudeste
3500600,350060,Águas de São Pedro,35028,Piracicaba,3506,Piracicaba,35,SP,São Paulo,3,Sudeste
3500709,350070,Agudos,35020,Bauru,3504,Bauru,35,SP,São Paulo,3,Sudeste
3500758,350075,Alambari,35042,Itapetininga,3511,Itapetininga,35,SP,São Paulo,3,Sudeste
3500808,350080,Alfredo Marcondes,35036,Presidente Prudente,3508,Presidente Prudente,35,SP,São Paulo,3,Sudeste
3500907,350090,Altair,35004,São José do Rio Preto,3501,São José do Rio Preto,35,SP,São Paulo,3,Sudeste
3501004,350100,Altinópolis,35015,Batatais,3502,Ribeirão Preto,35,SP,São Paulo,3,Sudeste
3501103,350110,Alto Alegre,35018,Birigui,3503,Araçatuba,35,SP,São Paulo,3,Sudeste
3501152,350115,Alumínio,35046,Sorocaba,3512,Macro Metropolitana Paulista,35,SP,São Paulo,3,Sudeste
3501202,350120,Álvares Florence,35003,Votuporanga,3501,São José do Rio Preto,35,SP,São Paulo,3,Sudeste
3501301,350130,Álvares Machado,35036,Presidente Prudente,3508,Presidente Prudente,35,SP,São Paulo,3,Sudeste
3501400,350140,Álvaro de Carvalho,35038,Marília,3509,Marília,35,SP,São Paulo,3,Sudeste
3501509,350150,Alvinlândia,35038,Marília,3509,Marília,35,SP,São Paulo,3,Sudeste
3501608,350160,Americana,35032,Campinas,3507,Campinas,35,SP,São Paulo,3,Sudeste
3501707,350170,Américo Brasiliense,35024,Araraquara,3505,Araraquara,35,SP,São Paulo,3,Sudeste
3501806,350180,Américo de Campos,35003,Votuporanga,3501,São José do Rio Preto,35,SP,São Paulo,3,Sudeste
3501905,350190,Amparo,35033,Amparo,3507,Campinas,35,SP,São Paulo,3,Sudeste
3502002,350200,Analândia,35025,São Carlos,3505,Araraquara,35,SP,São Paulo,3,Sudeste
3502101,350210,Andradina,35016,Andradina,3503,Araçatuba,35,SP,São Paulo,3,Sudeste
3502200,350220,Angatuba,35042,Itapetininga,3511,Itapetininga,35,SP,São Paulo,3,Sudeste
3502309,350230,Anhembi,35023,Botucatu,3504,Bauru,35,SP,São Paulo,3,Sudeste
3502408,350240,Anhumas,35036,Presidente Prudente,3508,Presidente Prudente,35,SP,São Paulo,3,Sudeste
3502507,350250,Aparecida,35051,Guaratinguetá,3513,Vale do Paraíba Paulista,35,SP,São Paulo,3,Sudeste
3502606,350260,Aparecida d'Oeste,35001,Jales,3501,São José do Rio Preto,35,SP,São Paulo,3,Sudeste
3502705,350270,Apiaí,35044,Capão Bonito,3511,Itapetininga,35,SP,São Paulo,3,Sudeste
3502754,350275,Araçariguama,35046,Sorocaba,3512,Macro Metropolitana Paulista,35,SP,São Paulo,3,Sudeste
3502804,350280,Araçatuba,35017,Araçatuba,3503,Araçatuba,35,SP,São Paulo,3,Sudeste
3502903,350290,Araçoiaba da Serra,35046,Sorocaba,3512,Macro Metropolitana Paulista,35,SP,São Paulo,3,Sudeste
3503000,350300,Aramina,35011,Ituverava,3502,Ribeirão Preto,35,SP,São Paulo,3,Sudeste
3503109,350310,Arandu,35022,Avaré,3504,Bauru,35,SP,São Paulo,3,Sudeste
3503158,350315,Arapeí,35052,Bananal,3513,Vale do Paraíba Paulista,35,SP,São Paulo,3,Sudeste
3503208,350320,Araraquara,35024,Araraquara,3505,Araraquara,35,SP,São Paulo,3,Sudeste
3503307,350330,Araras,35027,Limeira,3506,Piracicaba,35,SP,São Paulo,3,Sudeste
3503356,350335,Arco-Íris,35037,Tupã,3509,Marília,35,SP,São Paulo,3,Sudeste
3503406,350340,Arealva,35020,Bauru,3504,Bauru,35,SP,São Paulo,3,Sudeste
3503505,350350,Areias,35052,Bananal,3513,Vale do Paraíba Paulista,35,SP,São Paulo,3,Sudeste
3503604,350360,Areiópolis,35020,Bauru,3504,Bauru,35,SP,São Paulo,3,Sudeste
3503703,350370,Ariranha,35005,Catanduva,3501,São José do Rio Preto,35,SP,São Paulo,3,Sudeste
3503802,350380,Artur Nogueira,35031,Mogi Mirim,3507,Campinas,35,SP,São Paulo,3,Sudeste
3503901,350390,Arujá,35059,Guarulhos,3515,Metropolitana de São Paulo,35,SP,São Paulo,3,Sudeste
3503950,350395,Aspásia,35001,Jales,3501,São José do Rio Preto,35,SP,São Paulo,3,Sudeste
3504008,350400,Assis,35039,Assis,3510,Assis,35,SP,São Paulo,3,Sudeste
3504107,350410,Atibaia,35048,Bragança Paulista,3512,Macro Metropolitana Paulista,35,SP,São Paulo,3,Sudeste
3504206,350420,Auriflama,35006,Auriflama,3501,São José do Rio Preto,35,SP,São Paulo,3,Sudeste
3504305,350430,Avaí,35020,Bauru,3504,Bauru,35,SP,São Paulo,3,Sudeste
3504404,350440,Avanhandava,35018,Birigui,3503,Araçatuba,35,SP,São Paulo,3,Sudeste
3504503,350450,Avaré,35022,Avaré,3504,Bauru,35,SP,São Paulo,3,Sudeste
3504602,350460,Bady Bassitt,35004,São José do Rio Preto,3501,São José do Rio Preto,35,SP,São Paulo,3,Sudeste
3504701,350470,Balbinos,35020,Bauru,3504,Bauru,35,SP,São Paulo,3,Sudeste
3504800,350480,Bálsamo,35004,São José do Rio Preto,3501,São José do Rio Preto,35,SP,São Paulo,3,Sudeste
3504909,350490,Bananal,35052,Bananal,3513,Vale do Paraíba Paulista,35,SP,São Paulo,3,Sudeste
3505005,350500,Barão de Antonina,35041,Itapeva,3511,Itapetininga,35,SP,São Paulo,3,Sudeste
3505104,350510,Barbosa,35018,Birigui,3503,Araçatuba,35,SP,São Paulo,3,Sudeste
3505203,350520,Bariri,35021,Jaú,3504,Bauru,35,SP,São Paulo,3,Sudeste
3505302,350530,Barra Bonita,35021,Jaú,3504,Bauru,35,SP,São Paulo,3,Sudeste
3505351,350535,Barra do Chapéu,35044,Capão Bonito,3511,Itapetininga,35,SP,São Paulo,3,Sudeste
3505401,350540,Barra do Turvo,35055,Registro,3514,Litoral Sul Paulista,35,SP,São Paulo,3,Sudeste
3505500,350550,Barretos,35009,Barretos,3502,Ribeirão Preto,35,SP,São Paulo,3,Sudeste
3505609,350560,Barrinha,35014,Ribeirão Preto,3502,Ribeirão Preto,35,SP,São Paulo,3,Sudeste
3505708,350570,Barueri,35057,Osasco,3515,Metropolitana de São Paulo,35,SP,São Paulo,3,Sudeste
3505807,350580,Bastos,35037,Tupã,3509,Marília,35,SP,São Paulo,3,Sudeste
3505906,350590,Batatais,35015,Batatais,3502,Ribeirão Preto,35,SP,São Paulo,3,Sudeste
3506003,350600,Bauru,35020,Bauru,3504,Bauru,35,SP,São Paulo,3,Sudeste
3506102,350610,Bebedouro,35013,Jaboticabal,3502,Ribeirão Preto,35,SP,São Paulo,3,Sudeste
3506201,350620,Bento de Abreu,35017,Araçatuba,3503,Araçatuba,35,SP,São Paulo,3,Sudeste
3506300,350630,Bernardino de Campos,35040,Ourinhos,3510,Assis,35,SP,São Paulo,3,Sudeste
3506359,350635,Bertioga,35063,Santos,3515,Metropolitana de São Paulo,35,SP,São Paulo,3,Sudeste
3506409,350640,Bilac,35018,Birigui,3503,Araçatuba,35,SP,São Paulo,3,Sudeste
3506508,350650,Birigui,35018,Birigui,3503,Araçatuba,35,SP,São Paulo,3,Sudeste
3506607,350660,Biritiba Mirim,35062,Mogi das Cruzes,3515,Metropolitana de São Paulo,35,SP,São Paulo,3,Sudeste
3506706,350670,Boa Esperança do Sul,35024,Araraquara,3505,Araraquara,35,SP,São Paulo,3,Sudeste
3506805,350680,Bocaina,35021,Jaú,3504,Bauru,35,SP,São Paulo,3,Sudeste
3506904,350690,Bofete,35023,Botucatu,3504,Bauru,35,SP,São Paulo,3,Sudeste
3507001,350700,Boituva,35043,Tatuí,3511,Itapetininga,35,SP,São Paulo,3,Sudeste
3507100,350710,Bom Jesus dos Perdões,35048,Bragança Paulista,3512,Macro Metropolitana Paulista,35,SP,São Paulo,3,Sudeste
3507159,350715,Bom Sucesso de Itararé,35041,Itapeva,3511,Itapetininga,35,SP,São Paulo,3,Sudeste
3507209,350720,Borá,35039,Assis,3510,Assis,35,SP,São Paulo,3,Sudeste
3507308,350730,Boracéia,35021,Jaú,3504,Bauru,35,SP,São Paulo,3,Sudeste
3507407,350740,Borborema,35024,Araraquara,3505,Araraquara,35,SP,São Paulo,3,Sudeste
3507456,350745,Borebi,35020,Bauru,3504,Bauru,35,SP,São Paulo,3,Sudeste
3507506,350750,Botucatu,35023,Botucatu,3504,Bauru,35,SP,São Paulo,3,Sudeste
3507605,350760,Bragança Paulista,35048,Bragança Paulista,3512,Macro Metropolitana Paulista,35,SP,São Paulo,3,Sudeste
3507704,350770,Braúna,35018,Birigui,3503,Araçatuba,35,SP,São Paulo,3,Sudeste
3507753,350775,Brejo Alegre,35018,Birigui,3503,Araçatuba,35,SP,São Paulo,3,Sudeste
3507803,350780,Brodowski,35014,Ribeirão Preto,3502,Ribeirão Preto,35,SP,São Paulo,3,Sudeste
3507902,350790,Brotas,35026,Rio Claro,3506,Piracicaba,35,SP,São Paulo,3,Sudeste
3508009,350800,Buri,35041,Itapeva,3511,Itapetininga,35,SP,São Paulo,3,Sudeste
3508108,350810,Buritama,35018,Birigui,3503,Araçatuba,35,SP,São Paulo,3,Sudeste
3508207,350820,Buritizal,35011,Ituverava,3502,Ribeirão Preto,35,SP,São Paulo,3,Sudeste
3508306,350830,Cabrália Paulista,35020,Bauru,3504,Bauru,35,SP,São Paulo,3,Sudeste
3508405,350840,Cabreúva,35046,Sorocaba,3512,Macro Metropolitana Paulista,35,SP,São Paulo,3,Sudeste
3508504,350850,Caçapava,35050,São José dos Campos,3513,Vale do Paraíba Paulista,35,SP,São Paulo,3,Sudeste
3508603,350860,Cachoeira Paulista,35051,Guaratinguetá,3513,Vale do Paraíba Paulista,35,SP,São Paulo,3,Sudeste
3508702,350870,Caconde,35030,São João da Boa Vista,3507,Campinas,35,SP,São Paulo,3,Sudeste
3508801,350880,Cafelândia,35019,Lins,3504,Bauru,35,SP,São Paulo,3,Sudeste
3508900,350890,Caiabu,35036,Presidente Prudente,3508,Presidente Prudente,35,SP,São Paulo,3,Sudeste
3509007,350900,Caieiras,35058,Franco da Rocha,3515,Metropolitana de São Paulo,35,SP,São Paulo,3,Sudeste
3509106,350910,Caiuá,35036,Presidente Prudente,3508,Presidente Prudente,35,SP,São Paulo,3,Sudeste
3509205,350920,Cajamar,35057,Osasco,3515,Metropolitana de São Paulo,35,SP,São Paulo,3,Sudeste
3509254,350925,Cajati,35055,Registro,3514,Litoral Sul Paulista,35,SP,São Paulo,3,Sudeste
3509304,350930,Cajobi,35005,Catanduva,3501,São José do Rio Preto,35,SP,São Paulo,3,Sudeste
3509403,350940,Cajuru,35015,Batatais,3502,Ribeirão Preto,35,SP,São Paulo,3,Sudeste
3509452,350945,Campina do Monte Alegre,35042,Itapetininga,3511,Itapetininga,35,SP,São Paulo,3,Sudeste
3509502,350950,Campinas,35032,Campinas,3507,Campinas,35,SP,São Paulo,3,Sudeste
3509601,350960,Campo Limpo Paulista,35047,Jundiaí,3512,Macro Metropolitana Paulista,35,SP,São Paulo,3,Sudeste
3509700,350970,Campos do Jordão,35049,Campos do Jordão,3513,Vale do Paraíba Paulista,35,SP,São Paulo,3,Sudeste
3509809,350980,Campos Novos Paulista,35039,Assis,3510,Assis,35,SP,São Paulo,3,Sudeste
3509908,350990,Cananéia,35055,Registro,3514,Litoral Sul Paulista,35,SP,São Paulo,3,Sudeste
3509957,350995,Canas,35051,Guaratinguetá,3513,Vale do Paraíba Paulista,35,SP,São Paulo,3,Sudeste
3510005,351000,Cândido Mota,35039,Assis,3510,Assis,35,SP,São Paulo,3,Sudeste
3510104,351010,Cândido Rodrigues,35013,Jaboticabal,3502,Ribeirão Preto,35,SP,São Paulo,3,Sudeste
3510153,351015,Canitar,35040,Ourinhos,3510,Assis,35,SP,São Paulo,3,Sudeste
3510203,351020,Capão Bonito,35044,Capão Bonito,3511,Itapetininga,35,SP,São Paulo,3,Sudeste
3510302,351030,Capela do Alto,35046,Sorocaba,3512,Macro Metropolitana Paulista,35,SP,São Paulo,3,Sudeste
3510401,351040,Capivari,35028,Piracicaba,3506,Piracicaba,35,SP,São Paulo,3,Sudeste
3510500,351050,Caraguatatuba,35054,Caraguatatuba,3513,Vale do Paraíba Paulista,35,SP,São Paulo,3,Sudeste
3510609,351060,Carapicuíba,35057,Osasco,3515,Metropolitana de São Paulo,35,SP,São Paulo,3,Sudeste
3510708,351070,Cardoso,35003,Votuporanga,3501,São José do Rio Preto,35,SP,São Paulo,3,Sudeste
3510807,351080,Casa Branca,35030,São João da Boa Vista,3507,Campinas,35,SP,São Paulo,3,Sudeste
3510906,351090,Cássia dos Coqueiros,35015,Batatais,3502,Ribeirão Preto,35,SP,São Paulo,3,Sudeste
3511003,351100,Castilho,35016,Andradina,3503,Araçatuba,35,SP,São Paulo,3,Sudeste
3511102,351110,Catanduva,35005,Catanduva,3501,São José do Rio Preto,35,SP,São Paulo,3,Sudeste
3511201,351120,Catiguá,35005,Catanduva,3501,São José do Rio Preto,35,SP,São Paulo,3,Sudeste
3511300,351130,Cedral,35004,São José do Rio Preto,3501,São José do Rio Preto,35,SP,São Paulo,3,Sudeste
3511409,351140,Cerqueira César,35022,Avaré,3504,Bauru,35,SP,São Paulo,3,Sudeste
3511508,351150,Cerquilho,35043,Tatuí,3511,Itapetininga,35,SP,São Paulo,3,Sudeste
3511607,351160,Cesário Lange,35043,Tatuí,3511,Itapetininga,35,SP,São Paulo,3,Sudeste
3511706,351170,Charqueada,35028,Piracicaba,3506,Piracicaba,35,SP,São Paulo,3,Sudeste
3511904,351190,Clementina,35018,Birigui,3503,Araçatuba,35,SP,São Paulo,3,Sudeste
3512001,351200,Colina,35009,Barretos,3502,Ribeirão Preto,35,SP,São Paulo,3,Sudeste
3512100,351210,Colômbia,35009,Barretos,3502,Ribeirão Preto,35,SP,São Paulo,3,Sudeste
3512209,351220,Conchal,35027,Limeira,3506,Piracicaba,35,SP,São Paulo,3,Sudeste
3512308,351230,Conchas,35023,Botucatu,3504,Bauru,35,SP,São Paulo,3,Sudeste
3512407,351240,Cordeirópolis,35027,Limeira,3506,Piracicaba,35,SP,São Paulo,3,Sudeste
3512506,351250,Coroados,35018,Birigui,3503,Araçatuba,35,SP,São Paulo,3,Sudeste
3512605,351260,Coronel Macedo,35041,Itapeva,3511,Itapetininga,35,SP,São Paulo,3,Sudeste
3512704,351270,Corumbataí,35026,Rio Claro,3506,Piracicaba,35,SP,São Paulo,3,Sudeste
3512803,351280,Cosmópolis,35032,Campinas,3507,Campinas,35,SP,São Paulo,3,Sudeste
3512902,351290,Cosmorama,35003,Votuporanga,3501,São José do Rio Preto,35,SP,São Paulo,3,Sudeste
3513009,351300,Cotia,35060,Itapecerica da Serra,3515,Metropolitana de São Paulo,35,SP,São Paulo,3,Sudeste
3513108,351310,Cravinhos,35014,Ribeirão Preto,3502,Ribeirão Preto,35,SP,São Paulo,3,Sudeste
3513207,351320,Cristais Paulista,35012,Franca,3502,Ribeirão Preto,35,SP,São Paulo,3,Sudeste
3513306,351330,Cruzália,35039,Assis,3510,Assis,35,SP,São Paulo,3,Sudeste
3513405,351340,Cruzeiro,35051,Guaratinguetá,3513,Vale do Paraíba Paulista,35,SP,São Paulo,3,Sudeste
3513504,351350,Cubatão,35063,Santos,3515,Metropolitana de São Paulo,35,SP,São Paulo,3,Sudeste
3513603,351360,Cunha,35053,Paraibuna/Paraitinga,3513,Vale do Paraíba Paulista,35,SP,São Paulo,3,Sudeste
3513702,351370,Descalvado,35025,São Carlos,3505,Araraquara,35,SP,São Paulo,3,Sudeste
3513801,351380,Diadema,35061,São Paulo,3515,Metropolitana de São Paulo,35,SP,São Paulo,3,Sudeste
3513850,351385,Dirce Reis,35001,Jales,3501,São José do Rio Preto,35,SP,São Paulo,3,Sudeste
3513900,351390,Divinolândia,35030,São João da Boa Vista,3507,Campinas,35,SP,São Paulo,3,Sudeste
3514007,351400,Dobrada,35024,Araraquara,3505,Araraquara,35,SP,São Paulo,3,Sudeste
3514106,351410,Dois Córregos,35021,Jaú,3504,Bauru,35,SP,São Paulo,3,Sudeste
3514205,351420,Dolcinópolis,35001,Jales,3501,São José do Rio Preto,35,SP,São Paulo,3,Sudeste
3514304,351430,Dourado,35025,São Carlos,3505,Araraquara,35,SP,São Paulo,3,Sudeste
3514403,351440,Dracena,35034,Dracena,3508,Presidente Prudente,35,SP,São Paulo,3,Sudeste
3514502,351450,Duartina,35020,Bauru,3504,Bauru,35,SP,São Paulo,3,Sudeste
3514601,351460,Dumont,35014,Ribeirão Preto,3502,Ribeirão Preto,35,SP,São Paulo,3,Sudeste
3514700,351470,Echaporã,35038,Marília,3509,Marília,35,SP,São Paulo,3,Sudeste
3514809,351480,Eldorado,35055,Registro,3514,Litoral Sul Paulista,35,SP,São Paulo,3,Sudeste
3514908,351490,Elias Fausto,35032,Campinas,3507,Campinas,35,SP,São Paulo,3,Sudeste
3514924,351492,Elisiário,35005,Catanduva,3501,São José do Rio Preto,35,SP,São Paulo,3,Sudeste
3514957,351495,Embaúba,35005,Catanduva,3501,São José do Rio Preto,35,SP,São Paulo,3,Sudeste
3515004,351500,Embu das Artes,35060,Itapecerica da Serra,3515,Metropolitana de São Paulo,35,SP,São Paulo,3,Sudeste
3515103,351510,Embu-Guaçu,35060,Itapecerica da Serra,3515,Metropolitana de São Paulo,35,SP,São Paulo,3,Sudeste
3515129,351512,Emilianópolis,35036,Presidente Prudente,3508,Presidente Prudente,35,SP,São Paulo,3,Sudeste
3515152,351515,Engenheiro Coelho,35031,Mogi Mirim,3507,Campinas,35,SP,São Paulo,3,Sudeste
3515186,351518,Espírito Santo do Pinhal,35030,São João da Boa Vista,3507,Campinas,35,SP,São Paulo,3,Sudeste
3515194,351519,Espírito Santo do Turvo,35040,Ourinhos,3510,Assis,35,SP,São Paulo,3,Sudeste
3515202,351520,Estrela d'Oeste,35002,Fernandópolis,3501,São José do Rio Preto,35,SP,São Paulo,3,Sudeste
3515301,351530,Estrela do Norte,35036,Presidente Prudente,3508,Presidente Prudente,35,SP,São Paulo,3,Sudeste
3515350,351535,Euclides da Cunha Paulista,35036,Presidente Prudente,3508,Presidente Prudente,35,SP,São Paulo,3,Sudeste
3515400,351540,Fartura,35040,Ourinhos,3510,Assis,35,SP,São Paulo,3,Sudeste
3515509,351550,Fernandópolis,35002,Fernandópolis,3501,São José do Rio Preto,35,SP,São Paulo,3,Sudeste
3515608,351560,Fernando Prestes,35013,Jaboticabal,3502,Ribeirão Preto,35,SP,São Paulo,3,Sudeste
3515657,351565,Fernão,35038,Marília,3509,Marília,35,SP,São Paulo,3,Sudeste
3515707,351570,Ferraz de Vasconcelos,35062,Mogi das Cruzes,3515,Metropolitana de São Paulo,35,SP,São Paulo,3,Sudeste
3515806,351580,Flora Rica,35035,Adamantina,3508,Presidente Prudente,35,SP,São Paulo,3,Sudeste
3515905,351590,Floreal,35006,Auriflama,3501,São José do Rio Preto,35,SP,São Paulo,3,Sudeste
3516002,351600,Flórida Paulista,35035,Adamantina,3508,Presidente Prudente,35,SP,São Paulo,3,Sudeste
3516101,351610,Florínea,35039,Assis,3510,Assis,35,SP,São Paulo,3,Sudeste
3516200,351620,Franca,35012,Franca,3502,Ribeirão Preto,35,SP,São Paulo,3,Sudeste
3516309,351630,Francisco Morato,35058,Franco da Rocha,3515,Metropolitana de São Paulo,35,SP,São Paulo,3,Sudeste
3516408,351640,Franco da Rocha,35058,Franco da Rocha,3515,Metropolitana de São Paulo,35,SP,São Paulo,3,Sudeste
3516507,351650,Gabriel Monteiro,35018,Birigui,3503,Araçatuba,35,SP,São Paulo,3,Sudeste
3516606,351660,Gália,35038,Marília,3509,Marília,35,SP,São Paulo,3,Sudeste
3516705,351670,Garça,35038,Marília,3509,Marília,35,SP,São Paulo,3,Sudeste
3516804,351680,Gastão Vidigal,35006,Auriflama,3501,São José do Rio Preto,35,SP,São Paulo,3,Sudeste
3516853,351685,Gavião Peixoto,35024,Araraquara,3505,Araraquara,35,SP,São Paulo,3,Sudeste
3516903,351690,General Salgado,35006,Auriflama,3501,São José do Rio Preto,35,SP,São Paulo,3,Sudeste
3517000,351700,Getulina,35019,Lins,3504,Bauru,35,SP,São Paulo,3,Sudeste
3517109,351710,Glicério,35018,Birigui,3503,Araçatuba,35,SP,São Paulo,3,Sudeste
3517208,351720,Guaiçara,35019,Lins,3504,Bauru,35,SP,São Paulo,3,Sudeste
3517307,351730,Guaimbê,35019,Lins,3504,Bauru,35,SP,São Paulo,3,Sudeste
3517406,351740,Guaíra,35010,São Joaquim da Barra,3502,Ribeirão Preto,35,SP,São Paulo,3,Sudeste
3517505,351750,Guapiaçu,35004,São José do Rio Preto,3501,São José do Rio Preto,35,SP,São Paulo,3,Sudeste
3517604,351760,Guapiara,35044,Capão Bonito,3511,Itapetininga,35,SP,São Paulo,3,Sudeste
3517703,351770,Guará,35011,Ituverava,3502,Ribeirão Preto,35,SP,São Paulo,3,Sudeste
3517802,351780,Guaraçaí,35016,Andradina,3503,Araçatuba,35,SP,São Paulo,3,Sudeste
3517901,351790,Guaraci,35004,São José do Rio Preto,3501,São José do Rio Preto,35,SP,São Paulo,3,Sudeste
3518008,351800,Guarani d'Oeste,35002,Fernandópolis,3501,São José do Rio Preto,35,SP,São Paulo,3,Sudeste
3518107,351810,Guarantã,35020,Bauru,3504,Bauru,35,SP,São Paulo,3,Sudeste
3518206,351820,Guararapes,35017,Araçatuba,3503,Araçatuba,35,SP,São Paulo,3,Sudeste
3518305,351830,Guararema,35062,Mogi das Cruzes,3515,Metropolitana de São Paulo,35,SP,São Paulo,3,Sudeste
3518404,351840,Guaratinguetá,35051,Guaratinguetá,3513,Vale do Paraíba Paulista,35,SP,São Paulo,3,Sudeste
3518503,351850,Guareí,35042,Itapetininga,3511,Itapetininga,35,SP,São Paulo,3,Sudeste
3518602,351860,Guariba,35013,Jaboticabal,3502,Ribeirão Preto,35,SP,São Paulo,3,Sudeste
3518701,351870,Guarujá,35063,Santos,3515,Metropolitana de São Paulo,35,SP,São Paulo,3,Sudeste
3518800,351880,Guarulhos,35059,Guarulhos,3515,Metropolitana de São Paulo,35,SP,São Paulo,3,Sudeste
3518859,351885,Guatapará,35014,Ribeirão Preto,3502,Ribeirão Preto,35,SP,São Paulo,3,Sudeste
3518909,351890,Guzolândia,35006,Auriflama,3501,São José do Rio Preto,35,SP,São Paulo,3,Sudeste
3519006,351900,Herculândia,35037,Tupã,3509,Marília,35,SP,São Paulo,3,Sudeste
3519055,351905,Holambra,35032,Campinas,3507,Campinas,35,SP,São Paulo,3,Sudeste
3519071,351907,Hortolândia,35032,Campinas,3507,Campinas,35,SP,São Paulo,3,Sudeste
3519105,351910,Iacanga,35020,Bauru,3504,Bauru,35,SP,São Paulo,3,Sudeste
3519204,351920,Iacri,35037,Tupã,3509,Marília,35,SP,São Paulo,3,Sudeste
3519253,351925,Iaras,35022,Avaré,3504,Bauru,35,SP,São Paulo,3,Sudeste
3519303,351930,Ibaté,35025,São Carlos,3505,Araraquara,35,SP,São Paulo,3,Sudeste
3519402,351940,Ibirá,35004,São José do Rio Preto,3501,São José do Rio Preto,35,SP,São Paulo,3,Sudeste
3519501,351950,Ibirarema,35039,Assis,3510,Assis,35,SP,São Paulo,3,Sudeste
3519600,351960,Ibitinga,35024,Araraquara,3505,Araraquara,35,SP,São Paulo,3,Sudeste
3519709,351970,Ibiúna,35045,Piedade,3512,Macro Metropolitana Paulista,35,SP,São Paulo,3,Sudeste
3519808,351980,Icém,35004,São José do Rio Preto,3501,São José do Rio Preto,35,SP,São Paulo,3,Sudeste
3519907,351990,Iepê,35039,Assis,3510,Assis,35,SP,São Paulo,3,Sudeste
3520004,352000,Igaraçu do Tietê,35021,Jaú,3504,Bauru,35,SP,São Paulo,3,Sudeste
3520103,352010,Igarapava,35011,Ituverava,3502,Ribeirão Preto,35,SP,São Paulo,3,Sudeste
3520202,352020,Igaratá,35050,São José dos Campos,3513,Vale do Paraíba Paulista,35,SP,São Paulo,3,Sudeste
3520301,352030,Iguape,35055,Registro,3514,Litoral Sul Paulista,35,SP,São Paulo,3,Sudeste
3520400,352040,Ilhabela,35054,Caraguatatuba,3513,Vale do Paraíba Paulista,35,SP,São Paulo,3,Sudeste
3520426,352042,Ilha Comprida,35055,Registro,3514,Litoral Sul Paulista,35,SP,São Paulo,3,Sudeste
3520442,352044,Ilha Solteira,35016,Andradina,3503,Araçatuba,35,SP,São Paulo,3,Sudeste
3520509,352050,Indaiatuba,35032,Campinas,3507,Campinas,35,SP,São Paulo,3,Sudeste
3520608,352060,Indiana,35036,Presidente Prudente,3508,Presidente Prudente,35,SP,São Paulo,3,Sudeste
3520707,352070,Indiaporã,35002,Fernandópolis,3501,São José do Rio Preto,35,SP,São Paulo,3,Sudeste
3520806,352080,Inúbia Paulista,35035,Adamantina,3508,Presidente Prudente,35,SP,São Paulo,3,Sudeste
3520905,352090,Ipaussu,35040,Ourinhos,3510,Assis,35,SP,São Paulo,3,Sudeste
3521002,352100,Iperó,35046,Sorocaba,3512,Macro Metropolitana Paulista,35,SP,São Paulo,3,Sudeste
3521101,352110,Ipeúna,35026,Rio Claro,3506,Piracicaba,35,SP,São Paulo,3,Sudeste
3521150,352115,Ipiguá,35004,São José do Rio Preto,3501,São José do Rio Preto,35,SP,São Paulo,3,Sudeste
3521200,352120,Iporanga,35044,Capão Bonito,3511,Itapetininga,35,SP,São Paulo,3,Sudeste
3521309,352130,Ipuã,35010,São Joaquim da Barra,3502,Ribeirão Preto,35,SP,São Paulo,3,Sudeste
3521408,352140,Iracemápolis,35027,Limeira,3506,Piracicaba,35,SP,São Paulo,3,Sudeste
3521507,352150,Irapuã,35008,Novo Horizonte,3501,São José do Rio Preto,35,SP,São Paulo,3,Sudeste
3521606,352160,Irapuru,35035,Adamantina,3508,Presidente Prudente,35,SP,São Paulo,3,Sudeste
3521705,352170,Itaberá,35041,Itapeva,3511,Itapetininga,35,SP,São Paulo,3,Sudeste
3521804,352180,Itaí,35022,Avaré,3504,Bauru,35,SP,São Paulo,3,Sudeste
3521903,352190,Itajobi,35008,Novo Horizonte,3501,São José do Rio Preto,35,SP,São Paulo,3,Sudeste
3522000,352200,Itaju,35021,Jaú,3504,Bauru,35,SP,São Paulo,3,Sudeste
3522109,352210,Itanhaém,35056,Itanhaém,3514,Litoral Sul Paulista,35,SP,São Paulo,3,Sudeste
3522158,352215,Itaoca,35044,Capão Bonito,3511,Itapetininga,35,SP,São Paulo,3,Sudeste
3522208,352220,Itapecerica da Serra,35060,Itapecerica da Serra,3515,Metropolitana de São Paulo,35,SP,São Paulo,3,Sudeste
3522307,352230,Itapetininga,35042,Itapetininga,3511,Itapetininga,35,SP,São Paulo,3,Sudeste
3522406,352240,Itapeva,35041,Itapeva,3511,Itapetininga,35,SP,São Paulo,3,Sudeste
3522505,352250,Itapevi,35057,Osasco,3515,Metropolitana de São Paulo,35,SP,São Paulo,3,Sudeste
3522604,352260,Itapira,35031,Mogi Mirim,3507,Campinas,35,SP,São Paulo,3,Sudeste
3522653,352265,Itapirapuã Paulista,35044,Capão Bonito,3511,Itapetininga,35,SP,São Paulo,3,Sudeste
3522703,352270,Itápolis,35024,Araraquara,3505,Araraquara,35,SP,São Paulo,3,Sudeste
3522802,352280,Itaporanga,35041,Itapeva,3511,Itapetininga,35,SP,São Paulo,3,Sudeste
3522901,352290,Itapuí,35021,Jaú,3504,Bauru,35,SP,São Paulo,3,Sudeste
3523008,352300,Itapura,35016,Andradina,3503,Araçatuba,35,SP,São Paulo,3,Sudeste
3523107,352310,Itaquaquecetuba,35062,Mogi das Cruzes,3515,Metropolitana de São Paulo,35,SP,São Paulo,3,Sudeste
3523206,352320,Itararé,35041,Itapeva,3511,Itapetininga,35,SP,São Paulo,3,Sudeste
3523305,352330,Itariri,35056,Itanhaém,3514,Litoral Sul Paulista,35,SP,São Paulo,3,Sudeste
3523404,352340,Itatiba,35048,Bragança Paulista,3512,Macro Metropolitana Paulista,35,SP,São Paulo,3,Sudeste
3523503,352350,Itatinga,35022,Avaré,3504,Bauru,35,SP,São Paulo,3,Sudeste
3523602,352360,Itirapina,35026,Rio Claro,3506,Piracicaba,35,SP,São Paulo,3,Sudeste
3523701,352370,Itirapuã,35012,Franca,3502,Ribeirão Preto,35,SP,São Paulo,3,Sudeste
3523800,352380,Itobi,35030,São João da Boa Vista,3507,Campinas,35,SP,São Paulo,3,Sudeste
3523909,352390,Itu,35046,Sorocaba,3512,Macro Metropolitana Paulista,35,SP,São Paulo,3,Sudeste
3524006,352400,Itupeva,35047,Jundiaí,3512,Macro Metropolitana Paulista,35,SP,São Paulo,3,Sudeste
3524105,352410,Ituverava,35011,Ituverava,3502,Ribeirão Preto,35,SP,São Paulo,3,Sudeste
3524204,352420,Jaborandi,35010,São Joaquim da Barra,3502,Ribeirão Preto,35,SP,São Paulo,3,Sudeste
3524303,352430,Jaboticabal,35013,Jaboticabal,3502,Ribeirão Preto,35,SP,São Paulo,3,Sudeste
3524402,352440,Jacareí,35050,São José dos Campos,3513,Vale do Paraíba Paulista,35,SP,São Paulo,3,Sudeste
3524501,352450,Jaci,35004,São José do Rio Preto,3501,São José do Rio Preto,35,SP,São Paulo,3,Sudeste
3524600,352460,Jacupiranga,35055,Registro,3514,Litoral Sul Paulista,35,SP,São Paulo,3,Sudeste
3524709,352470,Jaguariúna,35032,Campinas,3507,Campinas,35,SP,São Paulo,3,Sudeste
3524808,352480,Jales,35001,Jales,3501,São José do Rio Preto,35,SP,São Paulo,3,Sudeste
3524907,352490,Jambeiro,35053,Paraibuna/Paraitinga,3513,Vale do Paraíba Paulista,35,SP,São Paulo,3,Sudeste
3525003,352500,Jandira,35057,Osasco,3515,Metropolitana de São Paulo,35,SP,São Paulo,3,Sudeste
3525102,352510,Jardinópolis,35014,Ribeirão Preto,3502,Ribeirão Preto,35,SP,São Paulo,3,Sudeste
3525201,352520,Jarinu,35048,Bragança Paulista,3512,Macro Metropolitana Paulista,35,SP,São Paulo,3,Sudeste
3525300,352530,Jaú,35021,Jaú,3504,Bauru,35,SP,São Paulo,3,Sudeste
3525409,352540,Jeriquara,35012,Franca,3502,Ribeirão Preto,35,SP,São Paulo,3,Sudeste
3525508,352550,Joanópolis,35048,Bragança Paulista,3512,Macro Metropolitana Paulista,35,SP,São Paulo,3,Sudeste
3525607,352560,João Ramalho,35036,Presidente Prudente,3508,Presidente Prudente,35,SP,São Paulo,3,Sudeste
3525706,352570,José Bonifácio,35004,São José do Rio Preto,3501,São José do Rio Preto,35,SP,São Paulo,3,Sudeste
3525805,352580,Júlio Mesquita,35019,Lins,3504,Bauru,35,SP,São Paulo,3,Sudeste
3525854,352585,Jumirim,35028,Piracicaba,3506,Piracicaba,35,SP,São Paulo,3,Sudeste
3525904,352590,Jundiaí,35047,Jundiaí,3512,Macro Metropolitana Paulista,35,SP,São Paulo,3,Sudeste
3526001,352600,Junqueirópolis,35034,Dracena,3508,Presidente Prudente,35,SP,São Paulo,3,Sudeste
3526100,352610,Juquiá,35055,Registro,3514,Litoral Sul Paulista,35,SP,São Paulo,3,Sudeste
3526209,352620,Juquitiba,35060,Itapecerica da Serra,3515,Metropolitana de São Paulo,35,SP,São Paulo,3,Sudeste
3526308,352630,Lagoinha,35053,Paraibuna/Paraitinga,3513,Vale do Paraíba Paulista,35,SP,São Paulo,3,Sudeste
3526407,352640,Laranjal Paulista,35043,Tatuí,3511,Itapetininga,35,SP,São Paulo,3,Sudeste
3526506,352650,Lavínia,35017,Araçatuba,3503,Araçatuba,35,SP,São Paulo,3,Sudeste
3526605,352660,Lavrinhas,35051,Guaratinguetá,3513,Vale do Paraíba Paulista,35,SP,São Paulo,3,Sudeste
3526704,352670,Leme,35027,Limeira,3506,Piracicaba,35,SP,São Paulo,3,Sudeste
3526803,352680,Lençóis Paulista,35020,Bauru,3504,Bauru,35,SP,São Paulo,3,Sudeste
3526902,352690,Limeira,35027,Limeira,3506,Piracicaba,35,SP,São Paulo,3,Sudeste
3527009,352700,Lindóia,35033,Amparo,3507,Campinas,35,SP,São Paulo,3,Sudeste
3527108,352710,Lins,35019,Lins,3504,Bauru,35,SP,São Paulo,3,Sudeste
3527207,352720,Lorena,35051,Guaratinguetá,3513,Vale do Paraíba Paulista,35,SP,São Paulo,3,Sudeste
3527256,352725,Lourdes,35018,Birigui,3503,Araçatuba,35,SP,São Paulo,3,Sudeste
3527306,352730,Louveira,35047,Jundiaí,3512,Macro Metropolitana Paulista,35,SP,São Paulo,3,Sudeste
3527405,352740,Lucélia,35035,Adamantina,3508,Presidente Prudente,35,SP,São Paulo,3,Sudeste
3527504,352750,Lucianópolis,35020,Bauru,3504,Bauru,35,SP,São Paulo,3,Sudeste
3527603,352760,Luís Antônio,35014,Ribeirão Preto,3502,Ribeirão Preto,35,SP,São Paulo,3,Sudeste
3527702,352770,Luiziânia,35018,Birigui,3503,Araçatuba,35,SP,São Paulo,3,Sudeste
3527801,352780,Lupércio,35038,Marília,3509,Marília,35,SP,São Paulo,3,Sudeste
3527900,352790,Lutécia,35039,Assis,3510,Assis,35,SP,São Paulo,3,Sudeste
3528007,352800,Macatuba,35021,Jaú,3504,Bauru,35,SP,São Paulo,3,Sudeste
3528106,352810,Macaubal,35007,Nhandeara,3501,São José do Rio Preto,35,SP,São Paulo,3,Sudeste
3528205,352820,Macedônia,35002,Fernandópolis,3501,São José do Rio Preto,35,SP,São Paulo,3,Sudeste
3528304,352830,Magda,35006,Auriflama,3501,São José do Rio Preto,35,SP,São Paulo,3,Sudeste
3528403,352840,Mairinque,35046,Sorocaba,3512,Macro Metropolitana Paulista,35,SP,São Paulo,3,Sudeste
3528502,352850,Mairiporã,35058,Franco da Rocha,3515,Metropolitana de São Paulo,35,SP,São Paulo,3,Sudeste
3528601,352860,Manduri,35040,Ourinhos,3510,Assis,35,SP,São Paulo,3,Sudeste
3528700,352870,Marabá Paulista,35036,Presidente Prudente,3508,Presidente Prudente,35,SP,São Paulo,3,Sudeste
3528809,352880,Maracaí,35039,Assis,3510,Assis,35,SP,São Paulo,3,Sudeste
3528858,352885,Marapoama,35008,Novo Horizonte,3501,São José do Rio Preto,35,SP,São Paulo,3,Sudeste
3528908,352890,Mariápolis,35035,Adamantina,3508,Presidente Prudente,35,SP,São Paulo,3,Sudeste
3529005,352900,Marília,35038,Marília,3509,Marília,35,SP,São Paulo,3,Sudeste
3529104,352910,Marinópolis,35001,Jales,3501,São José do Rio Preto,35,SP,São Paulo,3,Sudeste
3529203,352920,Martinópolis,35036,Presidente Prudente,3508,Presidente Prudente,35,SP,São Paulo,3,Sudeste
3529302,352930,Matão,35024,Araraquara,3505,Araraquara,35,SP,São Paulo,3,Sudeste
3529401,352940,Mauá,35061,São Paulo,3515,Metropolitana de São Paulo,35,SP,São Paulo,3,Sudeste
3529500,352950,Mendonça,35004,São José do Rio Preto,3501,São José do Rio Preto,35,SP,São Paulo,3,Sudeste
3529609,352960,Meridiano,35002,Fernandópolis,3501,São José do Rio Preto,35,SP,São Paulo,3,Sudeste
3529658,352965,Mesópolis,35001,Jales,3501,São José do Rio Preto,35,SP,São Paulo,3,Sudeste
3529708,352970,Miguelópolis,35010,São Joaquim da Barra,3502,Ribeirão Preto,35,SP,São Paulo,3,Sudeste
3529807,352980,Mineiros do Tietê,35021,Jaú,3504,Bauru,35,SP,São Paulo,3,Sudeste
3529906,352990,Miracatu,35055,Registro,3514,Litoral Sul Paulista,35,SP,São Paulo,3,Sudeste
3530003,353000,Mira Estrela,35002,Fernandópolis,3501,São José do Rio Preto,35,SP,São Paulo,3,Sudeste
3530102,353010,Mirandópolis,35016,Andradina,3503,Araçatuba,35,SP,São Paulo,3,Sudeste
3530201,353020,Mirante do Paranapanema,35036,Presidente Prudente,3508,Presidente Prudente,35,SP,São Paulo,3,Sudeste
3530300,353030,Mirassol,35004,São José do Rio Preto,3501,São José do Rio Preto,35,SP,São Paulo,3,Sudeste
3530409,353040,Mirassolândia,35004,São José do Rio Preto,3501,São José do Rio Preto,35,SP,São Paulo,3,Sudeste
3530508,353050,Mococa,35030,São João da Boa Vista,3507,Campinas,35,SP,São Paulo,3,Sudeste
3530607,353060,Mogi das Cruzes,35062,Mogi das Cruzes,3515,Metropolitana de São Paulo,35,SP,São Paulo,3,Sudeste
3530706,353070,Mogi Guaçu,35031,Mogi Mirim,3507,Campinas,35,SP,São Paulo,3,Sudeste
3530805,353080,Mogi Mirim,35031,Mogi Mirim,3507,Campinas,35,SP,São Paulo,3,Sudeste
3530904,353090,Mombuca,35028,Piracicaba,3506,Piracicaba,35,SP,São Paulo,3,Sudeste
3531001,353100,Monções,35007,Nhandeara,3501,São José do Rio Preto,35,SP,São Paulo,3,Sudeste
3531100,353110,Mongaguá,35056,Itanhaém,3514,Litoral Sul Paulista,35,SP,São Paulo,3,Sudeste
3531209,353120,Monte Alegre do Sul,35033,Amparo,3507,Campinas,35,SP,São Paulo,3,Sudeste
3531308,353130,Monte Alto,35013,Jaboticabal,3502,Ribeirão Preto,35,SP,São Paulo,3,Sudeste
3531407,353140,Monte Aprazível,35007,Nhandeara,3501,São José do Rio Preto,35,SP,São Paulo,3,Sudeste
3531506,353150,Monte Azul Paulista,35013,Jaboticabal,3502,Ribeirão Preto,35,SP,São Paulo,3,Sudeste
3531605,353160,Monte Castelo,35034,Dracena,3508,Presidente Prudente,35,SP,São Paulo,3,Sudeste
3531704,353170,Monteiro Lobato,35049,Campos do Jordão,3513,Vale do Paraíba Paulista,35,SP,São Paulo,3,Sudeste
3531803,353180,Monte Mor,35032,Campinas,3507,Campinas,35,SP,São Paulo,3,Sudeste
3531902,353190,Morro Agudo,35010,São Joaquim da Barra,3502,Ribeirão Preto,35,SP,São Paulo,3,Sudeste
3532009,353200,Morungaba,35048,Bragança Paulista,3512,Macro Metropolitana Paulista,35,SP,São Paulo,3,Sudeste
3532058,353205,Motuca,35024,Araraquara,3505,Araraquara,35,SP,São Paulo,3,Sudeste
3532108,353210,Murutinga do Sul,35016,Andradina,3503,Araçatuba,35,SP,São Paulo,3,Sudeste
3532157,353215,Nantes,35039,Assis,3510,Assis,35,SP,São Paulo,3,Sudeste
3532207,353220,Narandiba,35036,Presidente Prudente,3508,Presidente Prudente,35,SP,São Paulo,3,Sudeste
3532306,353230,Natividade da Serra,35053,Paraibuna/Paraitinga,3513,Vale do Paraíba Paulista,35,SP,São Paulo,3,Sudeste
3532405,353240,Nazaré Paulista,35048,Bragança Paulista,3512,Macro Metropolitana Paulista,35,SP,São Paulo,3,Sudeste
3532504,353250,Neves Paulista,35007,Nhandeara,3501,São José do Rio Preto,35,SP,São Paulo,3,Sudeste
3532603,353260,Nhandeara,35007,Nhandeara,3501,São José do Rio Preto,35,SP,São Paulo,3,Sudeste
3532702,353270,Nipoã,35007,Nhandeara,3501,São José do Rio Preto,35,SP,São Paulo,3,Sudeste
3532801,353280,Nova Aliança,35004,São José do Rio Preto,3501,São José do Rio Preto,35,SP,São Paulo,3,Sudeste
3532827,353282,Nova Campina,35041,Itapeva,3511,Itapetininga,35,SP,São Paulo,3,Sudeste
3532843,353284,Nova Canaã Paulista,35001,Jales,3501,São José do Rio Preto,35,SP,São Paulo,3,Sudeste
3532868,353286,Nova Castilho,35006,Auriflama,3501,São José do Rio Preto,35,SP,São Paulo,3,Sudeste
3532900,353290,Nova Europa,35024,Araraquara,3505,Araraquara,35,SP,São Paulo,3,Sudeste
3533007,353300,Nova Granada,35004,São José do Rio Preto,3501,São José do Rio Preto,35,SP,São Paulo,3,Sudeste
3533106,353310,Nova Guataporanga,35034,Dracena,3508,Presidente Prudente,35,SP,São Paulo,3,Sudeste
3533205,353320,Nova Independência,35016,Andradina,3503,Araçatuba,35,SP,São Paulo,3,Sudeste
3533254,353325,Novais,35005,Catanduva,3501,São José do Rio Preto,35,SP,São Paulo,3,Sudeste
3533304,353330,Nova Luzitânia,35006,Auriflama,3501,São José do Rio Preto,35,SP,São Paulo,3,Sudeste
3533403,353340,Nova Odessa,35032,Campinas,3507,Campinas,35,SP,São Paulo,3,Sudeste
3533502,353350,Novo Horizonte,35008,Novo Horizonte,3501,São José do Rio Preto,35,SP,São Paulo,3,Sudeste
3533601,353360,Nuporanga,35010,São Joaquim da Barra,3502,Ribeirão Preto,35,SP,São Paulo,3,Sudeste
3533700,353370,Ocauçu,35038,Marília,3509,Marília,35,SP,São Paulo,3,Sudeste
3533809,353380,Óleo,35040,Ourinhos,3510,Assis,35,SP,São Paulo,3,Sudeste
3533908,353390,Olímpia,35004,São José do Rio Preto,3501,São José do Rio Preto,35,SP,São Paulo,3,Sudeste
3534005,353400,Onda Verde,35004,São José do Rio Preto,3501,São José do Rio Preto,35,SP,São Paulo,3,Sudeste
3534104,353410,Oriente,35038,Marília,3509,Marília,35,SP,São Paulo,3,Sudeste
3534203,353420,Orindiúva,35004,São José do Rio Preto,3501,São José do Rio Preto,35,SP,São Paulo,3,Sudeste
3534302,353430,Orlândia,35010,São Joaquim da Barra,3502,Ribeirão Preto,35,SP,São Paulo,3,Sudeste
3534401,353440,Osasco,35057,Osasco,3515,Metropolitana de São Paulo,35,SP,São Paulo,3,Sudeste
3534500,353450,Oscar Bressane,35038,Marília,3509,Marília,35,SP,São Paulo,3,Sudeste
3534609,353460,Osvaldo Cruz,35035,Adamantina,3508,Presidente Prudente,35,SP,São Paulo,3,Sudeste
3534708,353470,Ourinhos,35040,Ourinhos,3510,Assis,35,SP,São Paulo,3,Sudeste
3534757,353475,Ouroeste,35002,Fernandópolis,3501,São José do Rio Preto,35,SP,São Paulo,3,Sudeste
3534807,353480,Ouro Verde,35034,Dracena,3508,Presidente Prudente,35,SP,São Paulo,3,Sudeste
3534906,353490,Pacaembu,35035,Adamantina,3508,Presidente Prudente,35,SP,São Paulo,3,Sudeste
3535002,353500,Palestina,35004,São José do Rio Preto,3501,São José do Rio Preto,35,SP,São Paulo,3,Sudeste
3535101,353510,Palmares Paulista,35005,Catanduva,3501,São José do Rio Preto,35,SP,São Paulo,3,Sudeste
3535200,353520,Palmeira d'Oeste,35001,Jales,3501,São José do Rio Preto,35,SP,São Paulo,3,Sudeste
3535309,353530,Palmital,35039,Assis,3510,Assis,35,SP,São Paulo,3,Sudeste
3535408,353540,Panorama,35034,Dracena,3508,Presidente Prudente,35,SP,São Paulo,3,Sudeste
3535507,353550,Paraguaçu Paulista,35039,Assis,3510,Assis,35,SP,São Paulo,3,Sudeste
3535606,353560,Paraibuna,35053,Paraibuna/Paraitinga,3513,Vale do Paraíba Paulista,35,SP,São Paulo,3,Sudeste
3535705,353570,Paraíso,35005,Catanduva,3501,São José do Rio Preto,35,SP,São Paulo,3,Sudeste
3535804,353580,Paranapanema,35022,Avaré,3504,Bauru,35,SP,São Paulo,3,Sudeste
3535903,353590,Paranapuã,35001,Jales,3501,São José do Rio Preto,35,SP,São Paulo,3,Sudeste
3536000,353600,Parapuã,35035,Adamantina,3508,Presidente Prudente,35,SP,São Paulo,3,Sudeste
3536109,353610,Pardinho,35023,Botucatu,3504,Bauru,35,SP,São Paulo,3,Sudeste
3536208,353620,Pariquera-Açu,35055,Registro,3514,Litoral Sul Paulista,35,SP,São Paulo,3,Sudeste
3536257,353625,Parisi,35003,Votuporanga,3501,São José do Rio Preto,35,SP,São Paulo,3,Sudeste
3536307,353630,Patrocínio Paulista,35012,Franca,3502,Ribeirão Preto,35,SP,São Paulo,3,Sudeste
3536406,353640,Paulicéia,35034,Dracena,3508,Presidente Prudente,35,SP,São Paulo,3,Sudeste
3536505,353650,Paulínia,35032,Campinas,3507,Campinas,35,SP,São Paulo,3,Sudeste
3536570,353657,Paulistânia,35020,Bauru,3504,Bauru,35,SP,São Paulo,3,Sudeste
3536604,353660,Paulo de Faria,35004,São José do Rio Preto,3501,São José do Rio Preto,35,SP,São Paulo,3,Sudeste
3536703,353670,Pederneiras,35021,Jaú,3504,Bauru,35,SP,São Paulo,3,Sudeste
3536802,353680,Pedra Bela,35033,Amparo,3507,Campinas,35,SP,São Paulo,3,Sudeste
3536901,353690,Pedranópolis,35002,Fernandópolis,3501,São José do Rio Preto,35,SP,São Paulo,3,Sudeste
3537008,353700,Pedregulho,35012,Franca,3502,Ribeirão Preto,35,SP,São Paulo,3,Sudeste
3537107,353710,Pedreira,35032,Campinas,3507,Campinas,35,SP,São Paulo,3,Sudeste
3537156,353715,Pedrinhas Paulista,35039,Assis,3510,Assis,35,SP,São Paulo,3,Sudeste
3537206,353720,Pedro de Toledo,35056,Itanhaém,3514,Litoral Sul Paulista,35,SP,São Paulo,3,Sudeste
3537305,353730,Penápolis,35018,Birigui,3503,Araçatuba,35,SP,São Paulo,3,Sudeste
3537404,353740,Pereira Barreto,35016,Andradina,3503,Araçatuba,35,SP,São Paulo,3,Sudeste
3537503,353750,Pereiras,35043,Tatuí,3511,Itapetininga,35,SP,São Paulo,3,Sudeste
3537602,353760,Peruíbe,35056,Itanhaém,3514,Litoral Sul Paulista,35,SP,São Paulo,3,Sudeste
3537701,353770,Piacatu,35018,Birigui,3503,Araçatuba,35,SP,São Paulo,3,Sudeste
3537800,353780,Piedade,35045,Piedade,3512,Macro Metropolitana Paulista,35,SP,São Paulo,3,Sudeste
3537909,353790,Pilar do Sul,35045,Piedade,3512,Macro Metropolitana Paulista,35,SP,São Paulo,3,Sudeste
3538006,353800,Pindamonhangaba,35050,São José dos Campos,3513,Vale do Paraíba Paulista,35,SP,São Paulo,3,Sudeste
3538105,353810,Pindorama,35005,Catanduva,3501,São José do Rio Preto,35,SP,São Paulo,3,Sudeste
3538204,353820,Pinhalzinho,35033,Amparo,3507,Campinas,35,SP,São Paulo,3,Sudeste
3538303,353830,Piquerobi,35036,Presidente Prudente,3508,Presidente Prudente,35,SP,São Paulo,3,Sudeste
3538501,353850,Piquete,35051,Guaratinguetá,3513,Vale do Paraíba Paulista,35,SP,São Paulo,3,Sudeste
3538600,353860,Piracaia,35048,Bragança Paulista,3512,Macro Metropolitana Paulista,35,SP,São Paulo,3,Sudeste
3538709,353870,Piracicaba,35028,Piracicaba,3506,Piracicaba,35,SP,São Paulo,3,Sudeste
3538808,353880,Piraju,35040,Ourinhos,3510,Assis,35,SP,São Paulo,3,Sudeste
3538907,353890,Pirajuí,35020,Bauru,3504,Bauru,35,SP,São Paulo,3,Sudeste
3539004,353900,Pirangi,35013,Jaboticabal,3502,Ribeirão Preto,35,SP,São Paulo,3,Sudeste
3539103,353910,Pirapora do Bom Jesus,35057,Osasco,3515,Metropolitana de São Paulo,35,SP,São Paulo,3,Sudeste
3539202,353920,Pirapozinho,35036,Presidente Prudente,3508,Presidente Prudente,35,SP,São Paulo,3,Sudeste
3539301,353930,Pirassununga,35029,Pirassununga,3507,Campinas,35,SP,São Paulo,3,Sudeste
3539400,353940,Piratininga,35020,Bauru,3504,Bauru,35,SP,São Paulo,3,Sudeste
3539509,353950,Pitangueiras,35013,Jaboticabal,3502,Ribeirão Preto,35,SP,São Paulo,3,Sudeste
3539608,353960,Planalto,35004,São José do Rio Preto,3501,São José do Rio Preto,35,SP,São Paulo,3,Sudeste
3539707,353970,Platina,35039,Assis,3510,Assis,35,SP,São Paulo,3,Sudeste
3539806,353980,Poá,35062,Mogi das Cruzes,3515,Metropolitana de São Paulo,35,SP,São Paulo,3,Sudeste
3539905,353990,Poloni,35007,Nhandeara,3501,São José do Rio Preto,35,SP,São Paulo,3,Sudeste
3540002,354000,Pompéia,35038,Marília,3509,Marília,35,SP,São Paulo,3,Sudeste
3540101,354010,Pongaí,35020,Bauru,3504,Bauru,35,SP,São Paulo,3,Sudeste
3540200,354020,Pontal,35014,Ribeirão Preto,3502,Ribeirão Preto,35,SP,São Paulo,3,Sudeste
3540259,354025,Pontalinda,35001,Jales,3501,São José do Rio Preto,35,SP,São Paulo,3,Sudeste
3540309,354030,Pontes Gestal,35003,Votuporanga,3501,São José do Rio Preto,35,SP,São Paulo,3,Sudeste
3540408,354040,Populina,35001,Jales,3501,São José do Rio Preto,35,SP,São Paulo,3,Sudeste
3540507,354050,Porangaba,35043,Tatuí,3511,Itapetininga,35,SP,São Paulo,3,Sudeste
3540606,354060,Porto Feliz,35046,Sorocaba,3512,Macro Metropolitana Paulista,35,SP,São Paulo,3,Sudeste
3540705,354070,Porto Ferreira,35029,Pirassununga,3507,Campinas,35,SP,São Paulo,3,Sudeste
3540754,354075,Potim,35051,Guaratinguetá,3513,Vale do Paraíba Paulista,35,SP,São Paulo,3,Sudeste
3540804,354080,Potirendaba,35004,São José do Rio Preto,3501,São José do Rio Preto,35,SP,São Paulo,3,Sudeste
3540853,354085,Pracinha,35035,Adamantina,3508,Presidente Prudente,35,SP,São Paulo,3,Sudeste
3540903,354090,Pradópolis,35014,Ribeirão Preto,3502,Ribeirão Preto,35,SP,São Paulo,3,Sudeste
3541000,354100,Praia Grande,35063,Santos,3515,Metropolitana de São Paulo,35,SP,São Paulo,3,Sudeste
3541059,354105,Pratânia,35023,Botucatu,3504,Bauru,35,SP,São Paulo,3,Sudeste
3541109,354110,Presidente Alves,35020,Bauru,3504,Bauru,35,SP,São Paulo,3,Sudeste
3541208,354120,Presidente Bernardes,35036,Presidente Prudente,3508,Presidente Prudente,35,SP,São Paulo,3,Sudeste
3541307,354130,Presidente Epitácio,35036,Presidente Prudente,3508,Presidente Prudente,35,SP,São Paulo,3,Sudeste
3541406,354140,Presidente Prudente,35036,Presidente Prudente,3508,Presidente Prudente,35,SP,São Paulo,3,Sudeste
3541505,354150,Presidente Venceslau,35036,Presidente Prudente,3508,Presidente Prudente,35,SP,São Paulo,3,Sudeste
3541604,354160,Promissão,35019,Lins,3504,Bauru,35,SP,São Paulo,3,Sudeste
3541653,354165,Quadra,35043,Tatuí,3511,Itapetininga,35,SP,São Paulo,3,Sudeste
3541703,354170,Quatá,35039,Assis,3510,Assis,35,SP,São Paulo,3,Sudeste
3541802,354180,Queiroz,35037,Tupã,3509,Marília,35,SP,São Paulo,3,Sudeste
3541901,354190,Queluz,35051,Guaratinguetá,3513,Vale do Paraíba Paulista,35,SP,São Paulo,3,Sudeste
3542008,354200,Quintana,35037,Tupã,3509,Marília,35,SP,São Paulo,3,Sudeste
3542107,354210,Rafard,35028,Piracicaba,3506,Piracicaba,35,SP,São Paulo,3,Sudeste
3542206,354220,Rancharia,35036,Presidente Prudente,3508,Presidente Prudente,35,SP,São Paulo,3,Sudeste
3542305,354230,Redenção da Serra,35053,Paraibuna/Paraitinga,3513,Vale do Paraíba Paulista,35,SP,São Paulo,3,Sudeste
3542404,354240,Regente Feijó,35036,Presidente Prudente,3508,Presidente Prudente,35,SP,São Paulo,3,Sudeste
3542503,354250,Reginópolis,35020,Bauru,3504,Bauru,35,SP,São Paulo,3,Sudeste
3542602,354260,Registro,35055,Registro,3514,Litoral Sul Paulista,35,SP,São Paulo,3,Sudeste
3542701,354270,Restinga,35012,Franca,3502,Ribeirão Preto,35,SP,São Paulo,3,Sudeste
3542800,354280,Ribeira,35044,Capão Bonito,3511,Itapetininga,35,SP,São Paulo,3,Sudeste
3542909,354290,Ribeirão Bonito,35025,São Carlos,3505,Araraquara,35,SP,São Paulo,3,Sudeste
3543006,354300,Ribeirão Branco,35044,Capão Bonito,3511,Itapetininga,35,SP,São Paulo,3,Sudeste
3543105,354310,Ribeirão Corrente,35012,Franca,3502,Ribeirão Preto,35,SP,São Paulo,3,Sudeste
3543204,354320,Ribeirão do Sul,35040,Ourinhos,3510,Assis,35,SP,São Paulo,3,Sudeste
3543238,354323,Ribeirão dos Índios,35036,Presidente Prudente,3508,Presidente Prudente,35,SP,São Paulo,3,Sudeste
3543253,354325,Ribeirão Grande,35044,Capão Bonito,3511,Itapetininga,35,SP,São Paulo,3,Sudeste
3543303,354330,Ribeirão Pires,35061,São Paulo,3515,Metropolitana de São Paulo,35,SP,São Paulo,3,Sudeste
3543402,354340,Ribeirão Preto,35014,Ribeirão Preto,3502,Ribeirão Preto,35,SP,São Paulo,3,Sudeste
3543501,354350,Riversul,35041,Itapeva,3511,Itapetininga,35,SP,São Paulo,3,Sudeste
3543600,354360,Rifaina,35012,Franca,3502,Ribeirão Preto,35,SP,São Paulo,3,Sudeste
3543709,354370,Rincão,35024,Araraquara,3505,Araraquara,35,SP,São Paulo,3,Sudeste
3543808,354380,Rinópolis,35035,Adamantina,3508,Presidente Prudente,35,SP,São Paulo,3,Sudeste
3543907,354390,Rio Claro,35026,Rio Claro,3506,Piracicaba,35,SP,São Paulo,3,Sudeste
3544004,354400,Rio das Pedras,35028,Piracicaba,3506,Piracicaba,35,SP,São Paulo,3,Sudeste
3544103,354410,Rio Grande da Serra,35061,São Paulo,3515,Metropolitana de São Paulo,35,SP,São Paulo,3,Sudeste
3544202,354420,Riolândia,35003,Votuporanga,3501,São José do Rio Preto,35,SP,São Paulo,3,Sudeste
3544251,354425,Rosana,35036,Presidente Prudente,3508,Presidente Prudente,35,SP,São Paulo,3,Sudeste
3544301,354430,Roseira,35051,Guaratinguetá,3513,Vale do Paraíba Paulista,35,SP,São Paulo,3,Sudeste
3544400,354440,Rubiácea,35017,Araçatuba,3503,Araçatuba,35,SP,São Paulo,3,Sudeste
3544509,354450,Rubinéia,35001,Jales,3501,São José do Rio Preto,35,SP,São Paulo,3,Sudeste
3544608,354460,Sabino,35019,Lins,3504,Bauru,35,SP,São Paulo,3,Sudeste
3544707,354470,Sagres,35035,Adamantina,3508,Presidente Prudente,35,SP,São Paulo,3,Sudeste
3544806,354480,Sales,35008,Novo Horizonte,3501,São José do Rio Preto,35,SP,São Paulo,3,Sudeste
3544905,354490,Sales Oliveira,35010,São Joaquim da Barra,3502,Ribeirão Preto,35,SP,São Paulo,3,Sudeste
3545001,354500,Salesópolis,35062,Mogi das Cruzes,3515,Metropolitana de São Paulo,35,SP,São Paulo,3,Sudeste
3545100,354510,Salmourão,35035,Adamantina,3508,Presidente Prudente,35,SP,São Paulo,3,Sudeste
3545159,354515,Saltinho,35028,Piracicaba,3506,Piracicaba,35,SP,São Paulo,3,Sudeste
3545209,354520,Salto,35046,Sorocaba,3512,Macro Metropolitana Paulista,35,SP,São Paulo,3,Sudeste
3545308,354530,Salto de Pirapora,35046,Sorocaba,3512,Macro Metropolitana Paulista,35,SP,São Paulo,3,Sudeste
3545407,354540,Salto Grande,35040,Ourinhos,3510,Assis,35,SP,São Paulo,3,Sudeste
3545506,354550,Sandovalina,35036,Presidente Prudente,3508,Presidente Prudente,35,SP,São Paulo,3,Sudeste
3545605,354560,Santa Adélia,35005,Catanduva,3501,São José do Rio Preto,35,SP,São Paulo,3,Sudeste
3545704,354570,Santa Albertina,35001,Jales,3501,São José do Rio Preto,35,SP,São Paulo,3,Sudeste
3545803,354580,Santa Bárbara d'Oeste,35032,Campinas,3507,Campinas,35,SP,São Paulo,3,Sudeste
3546009,354600,Santa Branca,35050,São José dos Campos,3513,Vale do Paraíba Paulista,35,SP,São Paulo,3,Sudeste
3546108,354610,Santa Clara d'Oeste,35001,Jales,3501,São José do Rio Preto,35,SP,São Paulo,3,Sudeste
3546207,354620,Santa Cruz da Conceição,35027,Limeira,3506,Piracicaba,35,SP,São Paulo,3,Sudeste
3546256,354625,Santa Cruz da Esperança,35015,Batatais,3502,Ribeirão Preto,35,SP,São Paulo,3,Sudeste
3546306,354630,Santa Cruz das Palmeiras,35029,Pirassununga,3507,Campinas,35,SP,São Paulo,3,Sudeste
3546405,354640,Santa Cruz do Rio Pardo,35040,Ourinhos,3510,Assis,35,SP,São Paulo,3,Sudeste
3546504,354650,Santa Ernestina,35013,Jaboticabal,3502,Ribeirão Preto,35,SP,São Paulo,3,Sudeste
3546603,354660,Santa Fé do Sul,35001,Jales,3501,São José do Rio Preto,35,SP,São Paulo,3,Sudeste
3546702,354670,Santa Gertrudes,35027,Limeira,3506,Piracicaba,35,SP,São Paulo,3,Sudeste
3546801,354680,Santa Isabel,35059,Guarulhos,3515,Metropolitana de São Paulo,35,SP,São Paulo,3,Sudeste
3546900,354690,Santa Lúcia,35024,Araraquara,3505,Araraquara,35,SP,São Paulo,3,Sudeste
3547007,354700,Santa Maria da Serra,35028,Piracicaba,3506,Piracicaba,35,SP,São Paulo,3,Sudeste
3547106,354710,Santa Mercedes,35034,Dracena,3508,Presidente Prudente,35,SP,São Paulo,3,Sudeste
3547205,354720,Santana da Ponte Pensa,35001,Jales,3501,São José do Rio Preto,35,SP,São Paulo,3,Sudeste
3547304,354730,Santana de Parnaíba,35057,Osasco,3515,Metropolitana de São Paulo,35,SP,São Paulo,3,Sudeste
3547403,354740,Santa Rita d'Oeste,35001,Jales,3501,São José do Rio Preto,35,SP,São Paulo,3,Sudeste
3547502,354750,Santa Rita do Passa Quatro,35014,Ribeirão Preto,3502,Ribeirão Preto,35,SP,São Paulo,3,Sudeste
3547601,354760,Santa Rosa de Viterbo,35014,Ribeirão Preto,3502,Ribeirão Preto,35,SP,São Paulo,3,Sudeste
3547650,354765,Santa Salete,35001,Jales,3501,São José do Rio Preto,35,SP,São Paulo,3,Sudeste
3547700,354770,Santo Anastácio,35036,Presidente Prudente,3508,Presidente Prudente,35,SP,São Paulo,3,Sudeste
3547809,354780,Santo André,35061,São Paulo,3515,Metropolitana de São Paulo,35,SP,São Paulo,3,Sudeste
3547908,354790,Santo Antônio da Alegria,35015,Batatais,3502,Ribeirão Preto,35,SP,São Paulo,3,Sudeste
3548005,354800,Santo Antônio de Posse,35031,Mogi Mirim,3507,Campinas,35,SP,São Paulo,3,Sudeste
3548054,354805,Santo Antônio do Aracanguá,35017,Araçatuba,3503,Araçatuba,35,SP,São Paulo,3,Sudeste
3548104,354810,Santo Antônio do Jardim,35030,São João da Boa Vista,3507,Campinas,35,SP,São Paulo,3,Sudeste
3548203,354820,Santo Antônio do Pinhal,35049,Campos do Jordão,3513,Vale do Paraíba Paulista,35,SP,São Paulo,3,Sudeste
3548302,354830,Santo Expedito,35036,Presidente Prudente,3508,Presidente Prudente,35,SP,São Paulo,3,Sudeste
3548401,354840,Santópolis do Aguapeí,35018,Birigui,3503,Araçatuba,35,SP,São Paulo,3,Sudeste
3548500,354850,Santos,35063,Santos,3515,Metropolitana de São Paulo,35,SP,São Paulo,3,Sudeste
3548609,354860,São Bento do Sapucaí,35049,Campos do Jordão,3513,Vale do Paraíba Paulista,35,SP,São Paulo,3,Sudeste
3548708,354870,São Bernardo do Campo,35061,São Paulo,3515,Metropolitana de São Paulo,35,SP,São Paulo,3,Sudeste
3548807,354880,São Caetano do Sul,35061,São Paulo,3515,Metropolitana de São Paulo,35,SP,São Paulo,3,Sudeste
3548906,354890,São Carlos,35025,São Carlos,3505,Araraquara,35,SP,São Paulo,3,Sudeste
3549003,354900,São Francisco,35001,Jales,3501,São José do Rio Preto,35,SP,São Paulo,3,Sudeste
3549102,354910,São João da Boa Vista,35030,São João da Boa Vista,3507,Campinas,35,SP,São Paulo,3,Sudeste
3549201,354920,São João das Duas Pontes,35002,Fernandópolis,3501,São José do Rio Preto,35,SP,São Paulo,3,Sudeste
3549250,354925,São João de Iracema,35006,Auriflama,3501,São José do Rio Preto,35,SP,São Paulo,3,Sudeste
3549300,354930,São João do Pau d'Alho,35034,Dracena,3508,Presidente Prudente,35,SP,São Paulo,3,Sudeste
3549409,354940,São Joaquim da Barra,35010,São Joaquim da Barra,3502,Ribeirão Preto,35,SP,São Paulo,3,Sudeste
3549508,354950,São José da Bela Vista,35012,Franca,3502,Ribeirão Preto,35,SP,São Paulo,3,Sudeste
3549607,354960,São José do Barreiro,35052,Bananal,3513,Vale do Paraíba Paulista,35,SP,São Paulo,3,Sudeste
3549706,354970,São José do Rio Pardo,35030,São João da Boa Vista,3507,Campinas,35,SP,São Paulo,3,Sudeste
3549805,354980,São José do Rio Preto,35004,São José do Rio Preto,3501,São José do Rio Preto,35,SP,São Paulo,3,Sudeste
3549904,354990,São José dos Campos,35050,São José dos Campos,3513,Vale do Paraíba Paulista,35,SP,São Paulo,3,Sudeste
3549953,354995,São Lourenço da Serra,35060,Itapecerica da Serra,3515,Metropolitana de São Paulo,35,SP,São Paulo,3,Sudeste
3550001,355000,São Luiz do Paraitinga,35053,Paraibuna/Paraitinga,3513,Vale do Paraíba Paulista,35,SP,São Paulo,3,Sudeste
3550100,355010,São Manuel,35023,Botucatu,3504,Bauru,35,SP,São Paulo,3,Sudeste
3550209,355020,São Miguel Arcanjo,35045,Piedade,3512,Macro Metropolitana Paulista,35,SP,São Paulo,3,Sudeste
3550308,355030,São Paulo,35061,São Paulo,3515,Metropolitana de São Paulo,35,SP,São Paulo,3,Sudeste
3550407,355040,São Pedro,35028,Piracicaba,3506,Piracicaba,35,SP,São Paulo,3,Sudeste
3550506,355050,São Pedro do Turvo,35040,Ourinhos,3510,Assis,35,SP,São Paulo,3,Sudeste
3550605,355060,São Roque,35046,Sorocaba,3512,Macro Metropolitana Paulista,35,SP,São Paulo,3,Sudeste
3550704,355070,São Sebastião,35054,Caraguatatuba,3513,Vale do Paraíba Paulista,35,SP,São Paulo,3,Sudeste
3550803,355080,São Sebastião da Grama,35030,São João da Boa Vista,3507,Campinas,35,SP,São Paulo,3,Sudeste
3550902,355090,São Simão,35014,Ribeirão Preto,3502,Ribeirão Preto,35,SP,São Paulo,3,Sudeste
3551009,355100,São Vicente,35063,Santos,3515,Metropolitana de São Paulo,35,SP,São Paulo,3,Sudeste
3551108,355110,Sarapuí,35046,Sorocaba,3512,Macro Metropolitana Paulista,35,SP,São Paulo,3,Sudeste
3551207,355120,Sarutaiá,35040,Ourinhos,3510,Assis,35,SP,São Paulo,3,Sudeste
3551306,355130,Sebastianópolis do Sul,35007,Nhandeara,3501,São José do Rio Preto,35,SP,São Paulo,3,Sudeste
3551405,355140,Serra Azul,35014,Ribeirão Preto,3502,Ribeirão Preto,35,SP,São Paulo,3,Sudeste
3551504,355150,Serrana,35014,Ribeirão Preto,3502,Ribeirão Preto,35,SP,São Paulo,3,Sudeste
3551603,355160,Serra Negra,35033,Amparo,3507,Campinas,35,SP,São Paulo,3,Sudeste
3551702,355170,Sertãozinho,35014,Ribeirão Preto,3502,Ribeirão Preto,35,SP,São Paulo,3,Sudeste
3551801,355180,Sete Barras,35055,Registro,3514,Litoral Sul Paulista,35,SP,São Paulo,3,Sudeste
3551900,355190,Severínia,35005,Catanduva,3501,São José do Rio Preto,35,SP,São Paulo,3,Sudeste
3552007,355200,Silveiras,35052,Bananal,3513,Vale do Paraíba Paulista,35,SP,São Paulo,3,Sudeste
3552106,355210,Socorro,35033,Amparo,3507,Campinas,35,SP,São Paulo,3,Sudeste
3552205,355220,Sorocaba,35046,Sorocaba,3512,Macro Metropolitana Paulista,35,SP,São Paulo,3,Sudeste
3552304,355230,Sud Mennucci,35016,Andradina,3503,Araçatuba,35,SP,São Paulo,3,Sudeste
3552403,355240,Sumaré,35032,Campinas,3507,Campinas,35,SP,São Paulo,3,Sudeste
3552502,355250,Suzano,35062,Mogi das Cruzes,3515,Metropolitana de São Paulo,35,SP,São Paulo,3,Sudeste
3552551,355255,Suzanápolis,35016,Andradina,3503,Araçatuba,35,SP,São Paulo,3,Sudeste
3552601,355260,Tabapuã,35005,Catanduva,3501,São José do Rio Preto,35,SP,São Paulo,3,Sudeste
3552700,355270,Tabatinga,35024,Araraquara,3505,Araraquara,35,SP,São Paulo,3,Sudeste
3552809,355280,Taboão da Serra,35060,Itapecerica da Serra,3515,Metropolitana de São Paulo,35,SP,São Paulo,3,Sudeste
3552908,355290,Taciba,35036,Presidente Prudente,3508,Presidente Prudente,35,SP,São Paulo,3,Sudeste
3553005,355300,Taguaí,35040,Ourinhos,3510,Assis,35,SP,São Paulo,3,Sudeste
3553104,355310,Taiaçu,35013,Jaboticabal,3502,Ribeirão Preto,35,SP,São Paulo,3,Sudeste
3553203,355320,Taiúva,35013,Jaboticabal,3502,Ribeirão Preto,35,SP,São Paulo,3,Sudeste
3553302,355330,Tambaú,35030,São João da Boa Vista,3507,Campinas,35,SP,São Paulo,3,Sudeste
3553401,355340,Tanabi,35004,São José do Rio Preto,3501,São José do Rio Preto,35,SP,São Paulo,3,Sudeste
3553500,355350,Tapiraí,35045,Piedade,3512,Macro Metropolitana Paulista,35,SP,São Paulo,3,Sudeste
3553609,355360,Tapiratiba,35030,São João da Boa Vista,3507,Campinas,35,SP,São Paulo,3,Sudeste
3553658,355365,Taquaral,35013,Jaboticabal,3502,Ribeirão Preto,35,SP,São Paulo,3,Sudeste
3553708,355370,Taquaritinga,35013,Jaboticabal,3502,Ribeirão Preto,35,SP,São Paulo,3,Sudeste
3553807,355380,Taquarituba,35041,Itapeva,3511,Itapetininga,35,SP,São Paulo,3,Sudeste
3553856,355385,Taquarivaí,35041,Itapeva,3511,Itapetininga,35,SP,São Paulo,3,Sudeste
3553906,355390,Tarabai,35036,Presidente Prudente,3508,Presidente Prudente,35,SP,São Paulo,3,Sudeste
3553955,355395,Tarumã,35039,Assis,3510,Assis,35,SP,São Paulo,3,Sudeste
3554003,355400,Tatuí,35043,Tatuí,3511,Itapetininga,35,SP,São Paulo,3,Sudeste
3554102,355410,Taubaté,35050,São José dos Campos,3513,Vale do Paraíba Paulista,35,SP,São Paulo,3,Sudeste
3554201,355420,Tejupá,35040,Ourinhos,3510,Assis,35,SP,São Paulo,3,Sudeste
3554300,355430,Teodoro Sampaio,35036,Presidente Prudente,3508,Presidente Prudente,35,SP,São Paulo,3,Sudeste
3554409,355440,Terra Roxa,35013,Jaboticabal,3502,Ribeirão Preto,35,SP,São Paulo,3,Sudeste
3554508,355450,Tietê,35028,Piracicaba,3506,Piracicaba,35,SP,São Paulo,3,Sudeste
3554607,355460,Timburi,35040,Ourinhos,3510,Assis,35,SP,São Paulo,3,Sudeste
3554656,355465,Torre de Pedra,35043,Tatuí,3511,Itapetininga,35,SP,São Paulo,3,Sudeste
3554706,355470,Torrinha,35026,Rio Claro,3506,Piracicaba,35,SP,São Paulo,3,Sudeste
3554755,355475,Trabiju,35024,Araraquara,3505,Araraquara,35,SP,São Paulo,3,Sudeste
3554805,355480,Tremembé,35050,São José dos Campos,3513,Vale do Paraíba Paulista,35,SP,São Paulo,3,Sudeste
3554904,355490,Três Fronteiras,35001,Jales,3501,São José do Rio Preto,35,SP,São Paulo,3,Sudeste
3554953,355495,Tuiuti,35048,Bragança Paulista,3512,Macro Metropolitana Paulista,35,SP,São Paulo,3,Sudeste
3555000,355500,Tupã,35037,Tupã,3509,Marília,35,SP,São Paulo,3,Sudeste
3555109,355510,Tupi Paulista,35034,Dracena,3508,Presidente Prudente,35,SP,São Paulo,3,Sudeste
3555208,355520,Turiúba,35018,Birigui,3503,Araçatuba,35,SP,São Paulo,3,Sudeste
3555307,355530,Turmalina,35002,Fernandópolis,3501,São José do Rio Preto,35,SP,São Paulo,3,Sudeste
3555356,355535,Ubarana,35004,São José do Rio Preto,3501,São José do Rio Preto,35,SP,São Paulo,3,Sudeste
3555406,355540,Ubatuba,35054,Caraguatatuba,3513,Vale do Paraíba Paulista,35,SP,São Paulo,3,Sudeste
3555505,355550,Ubirajara,35020,Bauru,3504,Bauru,35,SP,São Paulo,3,Sudeste
3555604,355560,Uchoa,35004,São José do Rio Preto,3501,São José do Rio Preto,35,SP,São Paulo,3,Sudeste
3555703,355570,União Paulista,35007,Nhandeara,3501,São José do Rio Preto,35,SP,São Paulo,3,Sudeste
3555802,355580,Urânia,35001,Jales,3501,São José do Rio Preto,35,SP,São Paulo,3,Sudeste
3555901,355590,Uru,35020,Bauru,3504,Bauru,35,SP,São Paulo,3,Sudeste
3556008,355600,Urupês,35008,Novo Horizonte,3501,São José do Rio Preto,35,SP,São Paulo,3,Sudeste
3556107,355610,Valentim Gentil,35003,Votuporanga,3501,São José do Rio Preto,35,SP,São Paulo,3,Sudeste
3556206,355620,Valinhos,35032,Campinas,3507,Campinas,35,SP,São Paulo,3,Sudeste
3556305,355630,Valparaíso,35017,Araçatuba,3503,Araçatuba,35,SP,São Paulo,3,Sudeste
3556354,355635,Vargem,35048,Bragança Paulista,3512,Macro Metropolitana Paulista,35,SP,São Paulo,3,Sudeste
3556404,355640,Vargem Grande do Sul,35030,São João da Boa Vista,3507,Campinas,35,SP,São Paulo,3,Sudeste
3556453,355645,Vargem Grande Paulista,35060,Itapecerica da Serra,3515,Metropolitana de São Paulo,35,SP,São Paulo,3,Sudeste
3556503,355650,Várzea Paulista,35047,Jundiaí,3512,Macro Metropolitana Paulista,35,SP,São Paulo,3,Sudeste
3556602,355660,Vera Cruz,35038,Marília,3509,Marília,35,SP,São Paulo,3,Sudeste
3556701,355670,Vinhedo,35032,Campinas,3507,Campinas,35,SP,São Paulo,3,Sudeste
3556800,355680,Viradouro,35013,Jaboticabal,3502,Ribeirão Preto,35,SP,São Paulo,3,Sudeste
3556909,355690,Vista Alegre do Alto,35013,Jaboticabal,3502,Ribeirão Preto,35,SP,São Paulo,3,Sudeste
3556958,355695,Vitória Brasil,35001,Jales,3501,São José do Rio Preto,35,SP,São Paulo,3,Sudeste
3557006,355700,Votorantim,35046,Sorocaba,3512,Macro Metropolitana Paulista,35,SP,São Paulo,3,Sudeste
3557105,355710,Votuporanga,35003,Votuporanga,3501,São José do Rio Preto,35,SP,São Paulo,3,Sudeste
3557154,355715,Zacarias,35004,São José do Rio Preto,3501,São José do Rio Preto,35,SP,São Paulo,3,Sudeste
3557204,355720,Chavantes,35040,Ourinhos,3510,Assis,35,SP,São Paulo,3,Sudeste
3557303,355730,Estiva Gerbi,35031,Mogi Mirim,3507,Campinas,35,SP,São Paulo,3,Sudeste
4100103,410010,Abatiá,41015,Cornélio Procópio,4104,Norte Pioneiro Paranaense,41,PR,Paraná,4,Sul
4100202,410020,Adrianópolis,41035,Cerro Azul,4110,Metropolitana de Curitiba,41,PR,Paraná,4,Sul
4100301,410030,Agudos do Sul,41039,Rio Negro,4110,Metropolitana de Curitiba,41,PR,Paraná,4,Sul
4100400,410040,Almirante Tamandaré,41037,Curitiba,4110,Metropolitana de Curitiba,41,PR,Paraná,4,Sul
4100459,410045,Altamira do Paraná,41004,Goioerê,4102,Centro Ocidental Paranaense,41,PR,Paraná,4,Sul
4100509,410050,Altônia,41002,Umuarama,4101,Noroeste Paranaense,41,PR,Paraná,4,Sul
4100608,410060,Alto Paraná,41001,Paranavaí,4101,Noroeste Paranaense,41,PR,Paraná,4,Sul
4100707,410070,Alto Piquiri,41002,Umuarama,4101,Noroeste Paranaense,41,PR,Paraná,4,Sul
4100806,410080,Alvorada do Sul,41007,Porecatu,4103,Norte Central Paranaense,41,PR,Paraná,4,Sul
4100905,410090,Amaporã,41001,Paranavaí,4101,Noroeste Paranaense,41,PR,Paraná,4,Sul
4101002,410100,Ampére,41025,Capanema,4107,Sudoeste Paranaense,41,PR,Paraná,4,Sul
4101051,410105,Anahy,41023,Cascavel,4106,Oeste Paranaense,41,PR,Paraná,4,Sul
4101101,410110,Andirá,41015,Cornélio Procópio,4104,Norte Pioneiro Paranaense,41,PR,Paraná,4,Sul
4101150,410115,Ângulo,41006,Astorga,4103,Norte Central Paranaense,41,PR,Paraná,4,Sul
4101200,410120,Antonina,41038,Paranaguá,4110,Metropolitana de Curitiba,41,PR,Paraná,4,Sul
4101309,410130,Antônio Olinto,41034,São Mateus do Sul,4109,Sudeste Paranaense,41,PR,Paraná,4,Sul
4101408,410140,Apucarana,41010,Apucarana,4103,Norte Central Paranaense,41,PR,Paraná,4,Sul
4101507,410150,Arapongas,41010,Apucarana,4103,Norte Central Paranaense,41,PR,Paraná,4,Sul
4101606,410160,Arapoti,41020,Jaguariaíva,4105,Centro Oriental Paranaense,41,PR,Paraná,4,Sul
4101655,410165,Arapuã,41013,Ivaiporã,4103,Norte Central Paranaense,41,PR,Paraná,4,Sul
4101705,410170,Araruna,41005,Campo Mourão,4102,Centro Ocidental Paranaense,41,PR,Paraná,4,Sul
4101804,410180,Araucária,41037,Curitiba,4110,Metropolitana de Curitiba,41,PR,Paraná,4,Sul
4101853,410185,Ariranha do Ivaí,41013,Ivaiporã,4103,Norte Central Paranaense,41,PR,Paraná,4,Sul
4101903,410190,Assaí,41014,Assaí,4104,Norte Pioneiro Paranaense,41,PR,Paraná,4,Sul
4102000,410200,Assis Chateaubriand,41022,Toledo,4106,Oeste Paranaense,41,PR,Paraná,4,Sul
4102109,410210,Astorga,41006,Astorga,4103,Norte Central Paranaense,41,PR,Paraná,4,Sul
4102208,410220,Atalaia,41006,Astorga,4103,Norte Central Paranaense,41,PR,Paraná,4,Sul
4102307,410230,Balsa Nova,41037,Curitiba,4110,Metropolitana de Curitiba,41,PR,Paraná,4,Sul
4102406,410240,Bandeirantes,41015,Cornélio Procópio,4104,Norte Pioneiro Paranaense,41,PR,Paraná,4,Sul
4102505,410250,Barbosa Ferraz,41005,Campo Mourão,4102,Centro Ocidental Paranaense,41,PR,Paraná,4,Sul
4102604,410260,Barracão,41026,Francisco Beltrão,4107,Sudoeste Paranaense,41,PR,Paraná,4,Sul
4102703,410270,Barra do Jacaré,41016,Jacarezinho,4104,Norte Pioneiro Paranaense,41,PR,Paraná,4,Sul
4102752,410275,Bela Vista da Caroba,41025,Capanema,4107,Sudoeste Paranaense,41,PR,Paraná,4,Sul
4102802,410280,Bela Vista do Paraíso,41007,Porecatu,4103,Norte Central Paranaense,41,PR,Paraná,4,Sul
4102901,410290,Bituruna,41033,União da Vitória,4109,Sudeste Paranaense,41,PR,Paraná,4,Sul
4103008,410300,Boa Esperança,41004,Goioerê,4102,Centro Ocidental Paranaense,41,PR,Paraná,4,Sul
4103024,410302,Boa Esperança do Iguaçu,41026,Francisco Beltrão,4107,Sudoeste Paranaense,41,PR,Paraná,4,Sul
4103040,410304,Boa Ventura de São Roque,41028,Pitanga,4108,Centro-Sul Paranaense,41,PR,Paraná,4,Sul
4103057,410305,Boa Vista da Aparecida,41023,Cascavel,4106,Oeste Paranaense,41,PR,Paraná,4,Sul
4103107,410310,Bocaiúva do Sul,41037,Curitiba,4110,Metropolitana de Curitiba,41,PR,Paraná,4,Sul
4103156,410315,Bom Jesus do Sul,41026,Francisco Beltrão,4107,Sudoeste Paranaense,41,PR,Paraná,4,Sul
4103206,410320,Bom Sucesso,41012,Faxinal,4103,Norte Central Paranaense,41,PR,Paraná,4,Sul
4103222,410322,Bom Sucesso do Sul,41027,Pato Branco,4107,Sudoeste Paranaense,41,PR,Paraná,4,Sul
4103305,410330,Borrazópolis,41012,Faxinal,4103,Norte Central Paranaense,41,PR,Paraná,4,Sul
4103354,410335,Braganey,41023,Cascavel,4106,Oeste Paranaense,41,PR,Paraná,4,Sul
4103370,410337,Brasilândia do Sul,41002,Umuarama,4101,Noroeste Paranaense,41,PR,Paraná,4,Sul
4103404,410340,Cafeara,41006,Astorga,4103,Norte Central Paranaense,41,PR,Paraná,4,Sul
4103453,410345,Cafelândia,41023,Cascavel,4106,Oeste Paranaense,41,PR,Paraná,4,Sul
4103479,410347,Cafezal do Sul,41002,Umuarama,4101,Noroeste Paranaense,41,PR,Paraná,4,Sul
4103503,410350,Califórnia,41010,Apucarana,4103,Norte Central Paranaense,41,PR,Paraná,4,Sul
4103602,410360,Cambará,41016,Jacarezinho,4104,Norte Pioneiro Paranaense,41,PR,Paraná,4,Sul
4103701,410370,Cambé,41011,Londrina,4103,Norte Central Paranaense,41,PR,Paraná,4,Sul
4103800,410380,Cambira,41010,Apucarana,4103,Norte Central Paranaense,41,PR,Paraná,4,Sul
4103909,410390,Campina da Lagoa,41004,Goioerê,4102,Centro Ocidental Paranaense,41,PR,Paraná,4,Sul
4103958,410395,Campina do Simão,41029,Guarapuava,4108,Centro-Sul Paranaense,41,PR,Paraná,4,Sul
4104006,410400,Campina Grande do Sul,41037,Curitiba,4110,Metropolitana de Curitiba,41,PR,Paraná,4,Sul
4104055,410405,Campo Bonito,41023,Cascavel,4106,Oeste Paranaense,41,PR,Paraná,4,Sul
4104105,410410,Campo do Tenente,41039,Rio Negro,4110,Metropolitana de Curitiba,41,PR,Paraná,4,Sul
4104204,410420,Campo Largo,41037,Curitiba,4110,Metropolitana de Curitiba,41,PR,Paraná,4,Sul
4104253,410425,Campo Magro,41037,Curitiba,4110,Metropolitana de Curitiba,41,PR,Paraná,4,Sul
4104303,410430,Campo Mourão,41005,Campo Mourão,4102,Centro Ocidental Paranaense,41,PR,Paraná,4,Sul
4104402,410440,Cândido de Abreu,41013,Ivaiporã,4103,Norte Central Paranaense,41,PR,Paraná,4,Sul
4104428,410442,Candói,41029,Guarapuava,4108,Centro-Sul Paranaense,41,PR,Paraná,4,Sul
4104451,410445,Cantagalo,41029,Guarapuava,4108,Centro-Sul Paranaense,41,PR,Paraná,4,Sul
4104501,410450,Capanema,41025,Capanema,4107,Sudoeste Paranaense,41,PR,Paraná,4,Sul
4104600,410460,Capitão Leônidas Marques,41023,Cascavel,4106,Oeste Paranaense,41,PR,Paraná,4,Sul
4104659,410465,Carambeí,41021,Ponta Grossa,4105,Centro Oriental Paranaense,41,PR,Paraná,4,Sul
4104709,410470,Carlópolis,41018,Wenceslau Braz,4104,Norte Pioneiro Paranaense,41,PR,Paraná,4,Sul
4104808,410480,Cascavel,41023,Cascavel,4106,Oeste Paranaense,41,PR,Paraná,4,Sul
4104907,410490,Castro,41021,Ponta Grossa,4105,Centro Oriental Paranaense,41,PR,Paraná,4,Sul
4105003,410500,Catanduvas,41023,Cascavel,4106,Oeste Paranaense,41,PR,Paraná,4,Sul
4105102,410510,Centenário do Sul,41006,Astorga,4103,Norte Central Paranaense,41,PR,Paraná,4,Sul
4105201,410520,Cerro Azul,41035,Cerro Azul,4110,Metropolitana de Curitiba,41,PR,Paraná,4,Sul
4105300,410530,Céu Azul,41024,Foz do Iguaçu,4106,Oeste Paranaense,41,PR,Paraná,4,Sul
4105409,410540,Chopinzinho,41027,Pato Branco,4107,Sudoeste Paranaense,41,PR,Paraná,4,Sul
4105508,410550,Cianorte,41003,Cianorte,4101,Noroeste Paranaense,41,PR,Paraná,4,Sul
4105607,410560,Cidade Gaúcha,41003,Cianorte,4101,Noroeste Paranaense,41,PR,Paraná,4,Sul
4105706,410570,Clevelândia,41030,Palmas,4108,Centro-Sul Paranaense,41,PR,Paraná,4,Sul
4105805,410580,Colombo,41037,Curitiba,4110,Metropolitana de Curitiba,41,PR,Paraná,4,Sul
4105904,410590,Colorado,41006,Astorga,4103,Norte Central Paranaense,41,PR,Paraná,4,Sul
4106001,410600,Congonhinhas,41015,Cornélio Procópio,4104,Norte Pioneiro Paranaense,41,PR,Paraná,4,Sul
4106100,410610,Conselheiro Mairinck,41017,Ibaiti,4104,Norte Pioneiro Paranaense,41,PR,Paraná,4,Sul
4106209,410620,Contenda,41037,Curitiba,4110,Metropolitana de Curitiba,41,PR,Paraná,4,Sul
4106308,410630,Corbélia,41023,Cascavel,4106,Oeste Paranaense,41,PR,Paraná,4,Sul
4106407,410640,Cornélio Procópio,41015,Cornélio Procópio,4104,Norte Pioneiro Paranaense,41,PR,Paraná,4,Sul
4106456,410645,Coronel Domingos Soares,41030,Palmas,4108,Centro-Sul Paranaense,41,PR,Paraná,4,Sul
4106506,410650,Coronel Vivida,41027,Pato Branco,4107,Sudoeste Paranaense,41,PR,Paraná,4,Sul
4106555,410655,Corumbataí do Sul,41005,Campo Mourão,4102,Centro Ocidental Paranaense,41,PR,Paraná,4,Sul
4106571,410657,Cruzeiro do Iguaçu,41026,Francisco Beltrão,4107,Sudoeste Paranaense,41,PR,Paraná,4,Sul
4106605,410660,Cruzeiro do Oeste,41002,Umuarama,4101,Noroeste Paranaense,41,PR,Paraná,4,Sul
4106704,410670,Cruzeiro do Sul,41001,Paranavaí,4101,Noroeste Paranaense,41,PR,Paraná,4,Sul
4106803,410680,Cruz Machado,41033,União da Vitória,4109,Sudeste Paranaense,41,PR,Paraná,4,Sul
4106852,410685,Cruzmaltina,41012,Faxinal,4103,Norte Central Paranaense,41,PR,Paraná,4,Sul
4106902,410690,Curitiba,41037,Curitiba,4110,Metropolitana de Curitiba,41,PR,Paraná,4,Sul
4107009,410700,Curiúva,41017,Ibaiti,4104,Norte Pioneiro Paranaense,41,PR,Paraná,4,Sul
4107108,410710,Diamante do Norte,41001,Paranavaí,4101,Noroeste Paranaense,41,PR,Paraná,4,Sul
4107124,410712,Diamante do Sul,41023,Cascavel,4106,Oeste Paranaense,41,PR,Paraná,4,Sul
4107157,410715,Diamante D'Oeste,41022,Toledo,4106,Oeste Paranaense,41,PR,Paraná,4,Sul
4107207,410720,Dois Vizinhos,41026,Francisco Beltrão,4107,Sudoeste Paranaense,41,PR,Paraná,4,Sul
4107256,410725,Douradina,41002,Umuarama,4101,Noroeste Paranaense,41,PR,Paraná,4,Sul
4107306,410730,Doutor Camargo,41008,Floraí,4103,Norte Central Paranaense,41,PR,Paraná,4,Sul
4107405,410740,Enéas Marques,41026,Francisco Beltrão,4107,Sudoeste Paranaense,41,PR,Paraná,4,Sul
4107504,410750,Engenheiro Beltrão,41005,Campo Mourão,4102,Centro Ocidental Paranaense,41,PR,Paraná,4,Sul
4107520,410752,Esperança Nova,41002,Umuarama,4101,Noroeste Paranaense,41,PR,Paraná,4,Sul
4107538,410753,Entre Rios do Oeste,41022,Toledo,4106,Oeste Paranaense,41,PR,Paraná,4,Sul
4107546,410754,Espigão Alto do Iguaçu,41029,Guarapuava,4108,Centro-Sul Paranaense,41,PR,Paraná,4,Sul
4107553,410755,Farol,41005,Campo Mourão,4102,Centro Ocidental Paranaense,41,PR,Paraná,4,Sul
4107603,410760,Faxinal,41012,Faxinal,4103,Norte Central Paranaense,41,PR,Paraná,4,Sul
4107652,410765,Fazenda Rio Grande,41037,Curitiba,4110,Metropolitana de Curitiba,41,PR,Paraná,4,Sul
4107702,410770,Fênix,41005,Campo Mourão,4102,Centro Ocidental Paranaense,41,PR,Paraná,4,Sul
4107736,410773,Fernandes Pinheiro,41031,Prudentópolis,4109,Sudeste Paranaense,41,PR,Paraná,4,Sul
4107751,410775,Figueira,41017,Ibaiti,4104,Norte Pioneiro Paranaense,41,PR,Paraná,4,Sul
4107801,410780,Floraí,41008,Floraí,4103,Norte Central Paranaense,41,PR,Paraná,4,Sul
4107850,410785,Flor da Serra do Sul,41026,Francisco Beltrão,4107,Sudoeste Paranaense,41,PR,Paraná,4,Sul
4107900,410790,Floresta,41008,Floraí,4103,Norte Central Paranaense,41,PR,Paraná,4,Sul
4108007,410800,Florestópolis,41007,Porecatu,4103,Norte Central Paranaense,41,PR,Paraná,4,Sul
4108106,410810,Flórida,41006,Astorga,4103,Norte Central Paranaense,41,PR,Paraná,4,Sul
4108205,410820,Formosa do Oeste,41022,Toledo,4106,Oeste Paranaense,41,PR,Paraná,4,Sul
4108304,410830,Foz do Iguaçu,41024,Foz do Iguaçu,4106,Oeste Paranaense,41,PR,Paraná,4,Sul
4108320,410832,Francisco Alves,41002,Umuarama,4101,Noroeste Paranaense,41,PR,Paraná,4,Sul
4108403,410840,Francisco Beltrão,41026,Francisco Beltrão,4107,Sudoeste Paranaense,41,PR,Paraná,4,Sul
4108452,410845,Foz do Jordão,41029,Guarapuava,4108,Centro-Sul Paranaense,41,PR,Paraná,4,Sul
4108502,410850,General Carneiro,41033,União da Vitória,4109,Sudeste Paranaense,41,PR,Paraná,4,Sul
4108551,410855,Godoy Moreira,41013,Ivaiporã,4103,Norte Central Paranaense,41,PR,Paraná,4,Sul
4108601,410860,Goioerê,41004,Goioerê,4102,Centro Ocidental Paranaense,41,PR,Paraná,4,Sul
4108650,410865,Goioxim,41029,Guarapuava,4108,Centro-Sul Paranaense,41,PR,Paraná,4,Sul
4108700,410870,Grandes Rios,41013,Ivaiporã,4103,Norte Central Paranaense,41,PR,Paraná,4,Sul
4108809,410880,Guaíra,41022,Toledo,4106,Oeste Paranaense,41,PR,Paraná,4,Sul
4108908,410890,Guairaçá,41001,Paranavaí,4101,Noroeste Paranaense,41,PR,Paraná,4,Sul
4108957,410895,Guamiranga,41031,Prudentópolis,4109,Sudeste Paranaense,41,PR,Paraná,4,Sul
4109005,410900,Guapirama,41018,Wenceslau Braz,4104,Norte Pioneiro Paranaense,41,PR,Paraná,4,Sul
4109104,410910,Guaporema,41003,Cianorte,4101,Noroeste Paranaense,41,PR,Paraná,4,Sul
4109203,410920,Guaraci,41006,Astorga,4103,Norte Central Paranaense,41,PR,Paraná,4,Sul
4109302,410930,Guaraniaçu,41023,Cascavel,4106,Oeste Paranaense,41,PR,Paraná,4,Sul
4109401,410940,Guarapuava,41029,Guarapuava,4108,Centro-Sul Paranaense,41,PR,Paraná,4,Sul
4109500,410950,Guaraqueçaba,41038,Paranaguá,4110,Metropolitana de Curitiba,41,PR,Paraná,4,Sul
4109609,410960,Guaratuba,41038,Paranaguá,4110,Metropolitana de Curitiba,41,PR,Paraná,4,Sul
4109658,410965,Honório Serpa,41030,Palmas,4108,Centro-Sul Paranaense,41,PR,Paraná,4,Sul
4109708,410970,Ibaiti,41017,Ibaiti,4104,Norte Pioneiro Paranaense,41,PR,Paraná,4,Sul
4109757,410975,Ibema,41023,Cascavel,4106,Oeste Paranaense,41,PR,Paraná,4,Sul
4109807,410980,Ibiporã,41011,Londrina,4103,Norte Central Paranaense,41,PR,Paraná,4,Sul
4109906,410990,Icaraíma,41002,Umuarama,4101,Noroeste Paranaense,41,PR,Paraná,4,Sul
4110003,411000,Iguaraçu,41006,Astorga,4103,Norte Central Paranaense,41,PR,Paraná,4,Sul
4110052,411005,Iguatu,41023,Cascavel,4106,Oeste Paranaense,41,PR,Paraná,4,Sul
4110078,411007,Imbaú,41019,Telêmaco Borba,4105,Centro Oriental Paranaense,41,PR,Paraná,4,Sul
4110102,411010,Imbituva,41031,Prudentópolis,4109,Sudeste Paranaense,41,PR,Paraná,4,Sul
4110201,411020,Inácio Martins,41029,Guarapuava,4108,Centro-Sul Paranaense,41,PR,Paraná,4,Sul
4110300,411030,Inajá,41001,Paranavaí,4101,Noroeste Paranaense,41,PR,Paraná,4,Sul
4110409,411040,Indianópolis,41003,Cianorte,4101,Noroeste Paranaense,41,PR,Paraná,4,Sul
4110508,411050,Ipiranga,41031,Prudentópolis,4109,Sudeste Paranaense,41,PR,Paraná,4,Sul
4110607,411060,Iporã,41002,Umuarama,4101,Noroeste Paranaense,41,PR,Paraná,4,Sul
4110656,411065,Iracema do Oeste,41022,Toledo,4106,Oeste Paranaense,41,PR,Paraná,4,Sul
4110706,411070,Irati,41032,Irati,4109,Sudeste Paranaense,41,PR,Paraná,4,Sul
4110805,411080,Iretama,41005,Campo Mourão,4102,Centro Ocidental Paranaense,41,PR,Paraná,4,Sul
4110904,411090,Itaguajé,41006,Astorga,4103,Norte Central Paranaense,41,PR,Paraná,4,Sul
4110953,411095,Itaipulândia,41024,Foz do Iguaçu,4106,Oeste Paranaense,41,PR,Paraná,4,Sul
4111001,411100,Itambaracá,41015,Cornélio Procópio,4104,Norte Pioneiro Paranaense,41,PR,Paraná,4,Sul
4111100,411110,Itambé,41008,Floraí,4103,Norte Central Paranaense,41,PR,Paraná,4,Sul
4111209,411120,Itapejara d'Oeste,41027,Pato Branco,4107,Sudoeste Paranaense,41,PR,Paraná,4,Sul
4111258,411125,Itaperuçu,41037,Curitiba,4110,Metropolitana de Curitiba,41,PR,Paraná,4,Sul
4111308,411130,Itaúna do Sul,41001,Paranavaí,4101,Noroeste Paranaense,41,PR,Paraná,4,Sul
4111407,411140,Ivaí,41031,Prudentópolis,4109,Sudeste Paranaense,41,PR,Paraná,4,Sul
4111506,411150,Ivaiporã,41013,Ivaiporã,4103,Norte Central Paranaense,41,PR,Paraná,4,Sul
4111555,411155,Ivaté,41002,Umuarama,4101,Noroeste Paranaense,41,PR,Paraná,4,Sul
4111605,411160,Ivatuba,41008,Floraí,4103,Norte Central Paranaense,41,PR,Paraná,4,Sul
4111704,411170,Jaboti,41017,Ibaiti,4104,Norte Pioneiro Paranaense,41,PR,Paraná,4,Sul
4111803,411180,Jacarezinho,41016,Jacarezinho,4104,Norte Pioneiro Paranaense,41,PR,Paraná,4,Sul
4111902,411190,Jaguapitã,41006,Astorga,4103,Norte Central Paranaense,41,PR,Paraná,4,Sul
4112009,411200,Jaguariaíva,41020,Jaguariaíva,4105,Centro Oriental Paranaense,41,PR,Paraná,4,Sul
4112108,411210,Jandaia do Sul,41010,Apucarana,4103,Norte Central Paranaense,41,PR,Paraná,4,Sul
4112207,411220,Janiópolis,41004,Goioerê,4102,Centro Ocidental Paranaense,41,PR,Paraná,4,Sul
4112306,411230,Japira,41017,Ibaiti,4104,Norte Pioneiro Paranaense,41,PR,Paraná,4,Sul
4112405,411240,Japurá,41003,Cianorte,4101,Noroeste Paranaense,41,PR,Paraná,4,Sul
4112504,411250,Jardim Alegre,41013,Ivaiporã,4103,Norte Central Paranaense,41,PR,Paraná,4,Sul
4112603,411260,Jardim Olinda,41001,Paranavaí,4101,Noroeste Paranaense,41,PR,Paraná,4,Sul
4112702,411270,Jataizinho,41014,Assaí,4104,Norte Pioneiro Paranaense,41,PR,Paraná,4,Sul
4112751,411275,Jesuítas,41022,Toledo,4106,Oeste Paranaense,41,PR,Paraná,4,Sul
4112801,411280,Joaquim Távora,41018,Wenceslau Braz,4104,Norte Pioneiro Paranaense,41,PR,Paraná,4,Sul
4112900,411290,Jundiaí do Sul,41016,Jacarezinho,4104,Norte Pioneiro Paranaense,41,PR,Paraná,4,Sul
4112959,411295,Juranda,41004,Goioerê,4102,Centro Ocidental Paranaense,41,PR,Paraná,4,Sul
4113007,411300,Jussara,41003,Cianorte,4101,Noroeste Paranaense,41,PR,Paraná,4,Sul
4113106,411310,Kaloré,41012,Faxinal,4103,Norte Central Paranaense,41,PR,Paraná,4,Sul
4113205,411320,Lapa,41036,Lapa,4110,Metropolitana de Curitiba,41,PR,Paraná,4,Sul
4113254,411325,Laranjal,41028,Pitanga,4108,Centro-Sul Paranaense,41,PR,Paraná,4,Sul
4113304,411330,Laranjeiras do Sul,41029,Guarapuava,4108,Centro-Sul Paranaense,41,PR,Paraná,4,Sul
4113403,411340,Leópolis,41015,Cornélio Procópio,4104,Norte Pioneiro Paranaense,41,PR,Paraná,4,Sul
4113429,411342,Lidianópolis,41013,Ivaiporã,4103,Norte Central Paranaense,41,PR,Paraná,4,Sul
4113452,411345,Lindoeste,41023,Cascavel,4106,Oeste Paranaense,41,PR,Paraná,4,Sul
4113502,411350,Loanda,41001,Paranavaí,4101,Noroeste Paranaense,41,PR,Paraná,4,Sul
4113601,411360,Lobato,41006,Astorga,4103,Norte Central Paranaense,41,PR,Paraná,4,Sul
4113700,411370,Londrina,41011,Londrina,4103,Norte Central Paranaense,41,PR,Paraná,4,Sul
4113734,411373,Luiziana,41005,Campo Mourão,4102,Centro Ocidental Paranaense,41,PR,Paraná,4,Sul
4113759,411375,Lunardelli,41013,Ivaiporã,4103,Norte Central Paranaense,41,PR,Paraná,4,Sul
4113809,411380,Lupionópolis,41006,Astorga,4103,Norte Central Paranaense,41,PR,Paraná,4,Sul
4113908,411390,Mallet,41032,Irati,4109,Sudeste Paranaense,41,PR,Paraná,4,Sul
4114005,411400,Mamborê,41005,Campo Mourão,4102,Centro Ocidental Paranaense,41,PR,Paraná,4,Sul
4114104,411410,Mandaguaçu,41006,Astorga,4103,Norte Central Paranaense,41,PR,Paraná,4,Sul
4114203,411420,Mandaguari,41009,Maringá,4103,Norte Central Paranaense,41,PR,Paraná,4,Sul
4114302,411430,Mandirituba,41037,Curitiba,4110,Metropolitana de Curitiba,41,PR,Paraná,4,Sul
4114351,411435,Manfrinópolis,41026,Francisco Beltrão,4107,Sudoeste Paranaense,41,PR,Paraná,4,Sul
4114401,411440,Mangueirinha,41030,Palmas,4108,Centro-Sul Paranaense,41,PR,Paraná,4,Sul
4114500,411450,Manoel Ribas,41013,Ivaiporã,4103,Norte Central Paranaense,41,PR,Paraná,4,Sul
4114609,411460,Marechal Cândido Rondon,41022,Toledo,4106,Oeste Paranaense,41,PR,Paraná,4,Sul
4114708,411470,Maria Helena,41002,Umuarama,4101,Noroeste Paranaense,41,PR,Paraná,4,Sul
4114807,411480,Marialva,41009,Maringá,4103,Norte Central Paranaense,41,PR,Paraná,4,Sul
4114906,411490,Marilândia do Sul,41010,Apucarana,4103,Norte Central Paranaense,41,PR,Paraná,4,Sul
4115002,411500,Marilena,41001,Paranavaí,4101,Noroeste Paranaense,41,PR,Paraná,4,Sul
4115101,411510,Mariluz,41002,Umuarama,4101,Noroeste Paranaense,41,PR,Paraná,4,Sul
4115200,411520,Maringá,41009,Maringá,4103,Norte Central Paranaense,41,PR,Paraná,4,Sul
4115309,411530,Mariópolis,41027,Pato Branco,4107,Sudoeste Paranaense,41,PR,Paraná,4,Sul
4115358,411535,Maripá,41022,Toledo,4106,Oeste Paranaense,41,PR,Paraná,4,Sul
4115408,411540,Marmeleiro,41026,Francisco Beltrão,4107,Sudoeste Paranaense,41,PR,Paraná,4,Sul
4115457,411545,Marquinho,41029,Guarapuava,4108,Centro-Sul Paranaense,41,PR,Paraná,4,Sul
4115507,411550,Marumbi,41012,Faxinal,4103,Norte Central Paranaense,41,PR,Paraná,4,Sul
4115606,411560,Matelândia,41024,Foz do Iguaçu,4106,Oeste Paranaense,41,PR,Paraná,4,Sul
4115705,411570,Matinhos,41038,Paranaguá,4110,Metropolitana de Curitiba,41,PR,Paraná,4,Sul
4115739,411573,Mato Rico,41028,Pitanga,4108,Centro-Sul Paranaense,41,PR,Paraná,4,Sul
4115754,411575,Mauá da Serra,41010,Apucarana,4103,Norte Central Paranaense,41,PR,Paraná,4,Sul
4115804,411580,Medianeira,41024,Foz do Iguaçu,4106,Oeste Paranaense,41,PR,Paraná,4,Sul
4115853,411585,Mercedes,41022,Toledo,4106,Oeste Paranaense,41,PR,Paraná,4,Sul
4115903,411590,Mirador,41001,Paranavaí,4101,Noroeste Paranaense,41,PR,Paraná,4,Sul
4116000,411600,Miraselva,41007,Porecatu,4103,Norte Central Paranaense,41,PR,Paraná,4,Sul
4116059,411605,Missal,41024,Foz do Iguaçu,4106,Oeste Paranaense,41,PR,Paraná,4,Sul
4116109,411610,Moreira Sales,41004,Goioerê,4102,Centro Ocidental Paranaense,41,PR,Paraná,4,Sul
4116208,411620,Morretes,41038,Paranaguá,4110,Metropolitana de Curitiba,41,PR,Paraná,4,Sul
4116307,411630,Munhoz de Melo,41006,Astorga,4103,Norte Central Paranaense,41,PR,Paraná,4,Sul
4116406,411640,Nossa Senhora das Graças,41006,Astorga,4103,Norte Central Paranaense,41,PR,Paraná,4,Sul
4116505,411650,Nova Aliança do Ivaí,41001,Paranavaí,4101,Noroeste Paranaense,41,PR,Paraná,4,Sul
4116604,411660,Nova América da Colina,41015,Cornélio Procópio,4104,Norte Pioneiro Paranaense,41,PR,Paraná,4,Sul
4116703,411670,Nova Aurora,41023,Cascavel,4106,Oeste Paranaense,41,PR,Paraná,4,Sul
4116802,411680,Nova Cantu,41004,Goioerê,4102,Centro Ocidental Paranaense,41,PR,Paraná,4,Sul
4116901,411690,Nova Esperança,41006,Astorga,4103,Norte Central Paranaense,41,PR,Paraná,4,Sul
4116950,411695,Nova Esperança do Sudoeste,41026,Francisco Beltrão,4107,Sudoeste Paranaense,41,PR,Paraná,4,Sul
4117008,411700,Nova Fátima,41015,Cornélio Procópio,4104,Norte Pioneiro Paranaense,41,PR,Paraná,4,Sul
4117057,411705,Nova Laranjeiras,41029,Guarapuava,4108,Centro-Sul Paranaense,41,PR,Paraná,4,Sul
4117107,411710,Nova Londrina,41001,Paranavaí,4101,Noroeste Paranaense,41,PR,Paraná,4,Sul
4117206,411720,Nova Olímpia,41002,Umuarama,4101,Noroeste Paranaense,41,PR,Paraná,4,Sul
4117214,411721,Nova Santa Bárbara,41014,Assaí,4104,Norte Pioneiro Paranaense,41,PR,Paraná,4,Sul
4117222,411722,Nova Santa Rosa,41022,Toledo,4106,Oeste Paranaense,41,PR,Paraná,4,Sul
4117255,411725,Nova Prata do Iguaçu,41026,Francisco Beltrão,4107,Sudoeste Paranaense,41,PR,Paraná,4,Sul
4117271,411727,Nova Tebas,41013,Ivaiporã,4103,Norte Central Paranaense,41,PR,Paraná,4,Sul
4117297,411729,Novo Itacolomi,41010,Apucarana,4103,Norte Central Paranaense,41,PR,Paraná,4,Sul
4117305,411730,Ortigueira,41019,Telêmaco Borba,4105,Centro Oriental Paranaense,41,PR,Paraná,4,Sul
4117404,411740,Ourizona,41008,Floraí,4103,Norte Central Paranaense,41,PR,Paraná,4,Sul
4117453,411745,Ouro Verde do Oeste,41022,Toledo,4106,Oeste Paranaense,41,PR,Paraná,4,Sul
4117503,411750,Paiçandu,41009,Maringá,4103,Norte Central Paranaense,41,PR,Paraná,4,Sul
4117602,411760,Palmas,41030,Palmas,4108,Centro-Sul Paranaense,41,PR,Paraná,4,Sul
4117701,411770,Palmeira,41021,Ponta Grossa,4105,Centro Oriental Paranaense,41,PR,Paraná,4,Sul
4117800,411780,Palmital,41028,Pitanga,4108,Centro-Sul Paranaense,41,PR,Paraná,4,Sul
4117909,411790,Palotina,41022,Toledo,4106,Oeste Paranaense,41,PR,Paraná,4,Sul
4118006,411800,Paraíso do Norte,41001,Paranavaí,4101,Noroeste Paranaense,41,PR,Paraná,4,Sul
4118105,411810,Paranacity,41001,Paranavaí,4101,Noroeste Paranaense,41,PR,Paraná,4,Sul
4118204,411820,Paranaguá,41038,Paranaguá,4110,Metropolitana de Curitiba,41,PR,Paraná,4,Sul
4118303,411830,Paranapoema,41001,Paranavaí,4101,Noroeste Paranaense,41,PR,Paraná,4,Sul
4118402,411840,Paranavaí,41001,Paranavaí,4101,Noroeste Paranaense,41,PR,Paraná,4,Sul
4118451,411845,Pato Bragado,41022,Toledo,4106,Oeste Paranaense,41,PR,Paraná,4,Sul
4118501,411850,Pato Branco,41027,Pato Branco,4107,Sudoeste Paranaense,41,PR,Paraná,4,Sul
4118600,411860,Paula Freitas,41033,União da Vitória,4109,Sudeste Paranaense,41,PR,Paraná,4,Sul
4118709,411870,Paulo Frontin,41033,União da Vitória,4109,Sudeste Paranaense,41,PR,Paraná,4,Sul
4118808,411880,Peabiru,41005,Campo Mourão,4102,Centro Ocidental Paranaense,41,PR,Paraná,4,Sul
4118857,411885,Perobal,41002,Umuarama,4101,Noroeste Paranaense,41,PR,Paraná,4,Sul
4118907,411890,Pérola,41002,Umuarama,4101,Noroeste Paranaense,41,PR,Paraná,4,Sul
4119004,411900,Pérola d'Oeste,41025,Capanema,4107,Sudoeste Paranaense,41,PR,Paraná,4,Sul
4119103,411910,Piên,41039,Rio Negro,4110,Metropolitana de Curitiba,41,PR,Paraná,4,Sul
4119152,411915,Pinhais,41037,Curitiba,4110,Metropolitana de Curitiba,41,PR,Paraná,4,Sul
4119202,411920,Pinhalão,41017,Ibaiti,4104,Norte Pioneiro Paranaense,41,PR,Paraná,4,Sul
4119251,411925,Pinhal de São Bento,41026,Francisco Beltrão,4107,Sudoeste Paranaense,41,PR,Paraná,4,Sul
4119301,411930,Pinhão,41029,Guarapuava,4108,Centro-Sul Paranaense,41,PR,Paraná,4,Sul
4119400,411940,Piraí do Sul,41020,Jaguariaíva,4105,Centro Oriental Paranaense,41,PR,Paraná,4,Sul
4119509,411950,Piraquara,41037,Curitiba,4110,Metropolitana de Curitiba,41,PR,Paraná,4,Sul
4119608,411960,Pitanga,41028,Pitanga,4108,Centro-Sul Paranaense,41,PR,Paraná,4,Sul
4119657,411965,Pitangueiras,41011,Londrina,4103,Norte Central Paranaense,41,PR,Paraná,4,Sul
4119707,411970,Planaltina do Paraná,41001,Paranavaí,4101,Noroeste Paranaense,41,PR,Paraná,4,Sul
4119806,411980,Planalto,41025,Capanema,4107,Sudoeste Paranaense,41,PR,Paraná,4,Sul
4119905,411990,Ponta Grossa,41021,Ponta Grossa,4105,Centro Oriental Paranaense,41,PR,Paraná,4,Sul
4119954,411995,Pontal do Paraná,41038,Paranaguá,4110,Metropolitana de Curitiba,41,PR,Paraná,4,Sul
4120002,412000,Porecatu,41007,Porecatu,4103,Norte Central Paranaense,41,PR,Paraná,4,Sul
4120101,412010,Porto Amazonas,41036,Lapa,4110,Metropolitana de Curitiba,41,PR,Paraná,4,Sul
4120150,412015,Porto Barreiro,41029,Guarapuava,4108,Centro-Sul Paranaense,41,PR,Paraná,4,Sul
4120200,412020,Porto Rico,41001,Paranavaí,4101,Noroeste Paranaense,41,PR,Paraná,4,Sul
4120309,412030,Porto Vitória,41033,União da Vitória,4109,Sudeste Paranaense,41,PR,Paraná,4,Sul
4120333,412033,Prado Ferreira,41007,Porecatu,4103,Norte Central Paranaense,41,PR,Paraná,4,Sul
4120358,412035,Pranchita,41025,Capanema,4107,Sudoeste Paranaense,41,PR,Paraná,4,Sul
4120408,412040,Presidente Castelo Branco,41006,Astorga,4103,Norte Central Paranaense,41,PR,Paraná,4,Sul
4120507,412050,Primeiro de Maio,41007,Porecatu,4103,Norte Central Paranaense,41,PR,Paraná,4,Sul
4120606,412060,Prudentópolis,41031,Prudentópolis,4109,Sudeste Paranaense,41,PR,Paraná,4,Sul
4120655,412065,Quarto Centenário,41004,Goioerê,4102,Centro Ocidental Paranaense,41,PR,Paraná,4,Sul
4120705,412070,Quatiguá,41018,Wenceslau Braz,4104,Norte Pioneiro Paranaense,41,PR,Paraná,4,Sul
4120804,412080,Quatro Barras,41037,Curitiba,4110,Metropolitana de Curitiba,41,PR,Paraná,4,Sul
4120853,412085,Quatro Pontes,41022,Toledo,4106,Oeste Paranaense,41,PR,Paraná,4,Sul
4120903,412090,Quedas do Iguaçu,41029,Guarapuava,4108,Centro-Sul Paranaense,41,PR,Paraná,4,Sul
4121000,412100,Querência do Norte,41001,Paranavaí,4101,Noroeste Paranaense,41,PR,Paraná,4,Sul
4121109,412110,Quinta do Sol,41005,Campo Mourão,4102,Centro Ocidental Paranaense,41,PR,Paraná,4,Sul
4121208,412120,Quitandinha,41039,Rio Negro,4110,Metropolitana de Curitiba,41,PR,Paraná,4,Sul
4121257,412125,Ramilândia,41024,Foz do Iguaçu,4106,Oeste Paranaense,41,PR,Paraná,4,Sul
4121307,412130,Rancho Alegre,41014,Assaí,4104,Norte Pioneiro Paranaense,41,PR,Paraná,4,Sul
4121356,412135,Rancho Alegre D'Oeste,41004,Goioerê,4102,Centro Ocidental Paranaense,41,PR,Paraná,4,Sul
4121406,412140,Realeza,41025,Capanema,4107,Sudoeste Paranaense,41,PR,Paraná,4,Sul
4121505,412150,Rebouças,41032,Irati,4109,Sudeste Paranaense,41,PR,Paraná,4,Sul
4121604,412160,Renascença,41026,Francisco Beltrão,4107,Sudoeste Paranaense,41,PR,Paraná,4,Sul
4121703,412170,Reserva,41019,Telêmaco Borba,4105,Centro Oriental Paranaense,41,PR,Paraná,4,Sul
4121752,412175,Reserva do Iguaçu,41029,Guarapuava,4108,Centro-Sul Paranaense,41,PR,Paraná,4,Sul
4121802,412180,Ribeirão Claro,41016,Jacarezinho,4104,Norte Pioneiro Paranaense,41,PR,Paraná,4,Sul
4121901,412190,Ribeirão do Pinhal,41015,Cornélio Procópio,4104,Norte Pioneiro Paranaense,41,PR,Paraná,4,Sul
4122008,412200,Rio Azul,41032,Irati,4109,Sudeste Paranaense,41,PR,Paraná,4,Sul
4122107,412210,Rio Bom,41012,Faxinal,4103,Norte Central Paranaense,41,PR,Paraná,4,Sul
4122156,412215,Rio Bonito do Iguaçu,41029,Guarapuava,4108,Centro-Sul Paranaense,41,PR,Paraná,4,Sul
4122172,412217,Rio Branco do Ivaí,41013,Ivaiporã,4103,Norte Central Paranaense,41,PR,Paraná,4,Sul
4122206,412220,Rio Branco do Sul,41037,Curitiba,4110,Metropolitana de Curitiba,41,PR,Paraná,4,Sul
4122305,412230,Rio Negro,41039,Rio Negro,4110,Metropolitana de Curitiba,41,PR,Paraná,4,Sul
4122404,412240,Rolândia,41011,Londrina,4103,Norte Central Paranaense,41,PR,Paraná,4,Sul
4122503,412250,Roncador,41005,Campo Mourão,4102,Centro Ocidental Paranaense,41,PR,Paraná,4,Sul
4122602,412260,Rondon,41003,Cianorte,4101,Noroeste Paranaense,41,PR,Paraná,4,Sul
4122651,412265,Rosário do Ivaí,41013,Ivaiporã,4103,Norte Central Paranaense,41,PR,Paraná,4,Sul
4122701,412270,Sabáudia,41010,Apucarana,4103,Norte Central Paranaense,41,PR,Paraná,4,Sul
4122800,412280,Salgado Filho,41026,Francisco Beltrão,4107,Sudoeste Paranaense,41,PR,Paraná,4,Sul
4122909,412290,Salto do Itararé,41018,Wenceslau Braz,4104,Norte Pioneiro Paranaense,41,PR,Paraná,4,Sul
4123006,412300,Salto do Lontra,41026,Francisco Beltrão,4107,Sudoeste Paranaense,41,PR,Paraná,4,Sul
4123105,412310,Santa Amélia,41015,Cornélio Procópio,4104,Norte Pioneiro Paranaense,41,PR,Paraná,4,Sul
4123204,412320,Santa Cecília do Pavão,41014,Assaí,4104,Norte Pioneiro Paranaense,41,PR,Paraná,4,Sul
4123303,412330,Santa Cruz de Monte Castelo,41001,Paranavaí,4101,Noroeste Paranaense,41,PR,Paraná,4,Sul
4123402,412340,Santa Fé,41006,Astorga,4103,Norte Central Paranaense,41,PR,Paraná,4,Sul
4123501,412350,Santa Helena,41022,Toledo,4106,Oeste Paranaense,41,PR,Paraná,4,Sul
4123600,412360,Santa Inês,41006,Astorga,4103,Norte Central Paranaense,41,PR,Paraná,4,Sul
4123709,412370,Santa Isabel do Ivaí,41001,Paranavaí,4101,Noroeste Paranaense,41,PR,Paraná,4,Sul
4123808,412380,Santa Izabel do Oeste,41025,Capanema,4107,Sudoeste Paranaense,41,PR,Paraná,4,Sul
4123824,412382,Santa Lúcia,41023,Cascavel,4106,Oeste Paranaense,41,PR,Paraná,4,Sul
4123857,412385,Santa Maria do Oeste,41028,Pitanga,4108,Centro-Sul Paranaense,41,PR,Paraná,4,Sul
4123907,412390,Santa Mariana,41015,Cornélio Procópio,4104,Norte Pioneiro Paranaense,41,PR,Paraná,4,Sul
4123956,412395,Santa Mônica,41001,Paranavaí,4101,Noroeste Paranaense,41,PR,Paraná,4,Sul
4124004,412400,Santana do Itararé,41018,Wenceslau Braz,4104,Norte Pioneiro Paranaense,41,PR,Paraná,4,Sul
4124020,412402,Santa Tereza do Oeste,41023,Cascavel,4106,Oeste Paranaense,41,PR,Paraná,4,Sul
4124053,412405,Santa Terezinha de Itaipu,41024,Foz do Iguaçu,4106,Oeste Paranaense,41,PR,Paraná,4,Sul
4124103,412410,Santo Antônio da Platina,41016,Jacarezinho,4104,Norte Pioneiro Paranaense,41,PR,Paraná,4,Sul
4124202,412420,Santo Antônio do Caiuá,41001,Paranavaí,4101,Noroeste Paranaense,41,PR,Paraná,4,Sul
4124301,412430,Santo Antônio do Paraíso,41015,Cornélio Procópio,4104,Norte Pioneiro Paranaense,41,PR,Paraná,4,Sul
4124400,412440,Santo Antônio do Sudoeste,41026,Francisco Beltrão,4107,Sudoeste Paranaense,41,PR,Paraná,4,Sul
4124509,412450,Santo Inácio,41006,Astorga,4103,Norte Central Paranaense,41,PR,Paraná,4,Sul
4124608,412460,São Carlos do Ivaí,41001,Paranavaí,4101,Noroeste Paranaense,41,PR,Paraná,4,Sul
4124707,412470,São Jerônimo da Serra,41014,Assaí,4104,Norte Pioneiro Paranaense,41,PR,Paraná,4,Sul
4124806,412480,São João,41027,Pato Branco,4107,Sudoeste Paranaense,41,PR,Paraná,4,Sul
4124905,412490,São João do Caiuá,41001,Paranavaí,4101,Noroeste Paranaense,41,PR,Paraná,4,Sul
4125001,412500,São João do Ivaí,41013,Ivaiporã,4103,Norte Central Paranaense,41,PR,Paraná,4,Sul
4125100,412510,São João do Triunfo,41034,São Mateus do Sul,4109,Sudeste Paranaense,41,PR,Paraná,4,Sul
4125209,412520,São Jorge d'Oeste,41026,Francisco Beltrão,4107,Sudoeste Paranaense,41,PR,Paraná,4,Sul
4125308,412530,São Jorge do Ivaí,41008,Floraí,4103,Norte Central Paranaense,41,PR,Paraná,4,Sul
4125357,412535,São Jorge do Patrocínio,41002,Umuarama,4101,Noroeste Paranaense,41,PR,Paraná,4,Sul
4125407,412540,São José da Boa Vista,41018,Wenceslau Braz,4104,Norte Pioneiro Paranaense,41,PR,Paraná,4,Sul
4125456,412545,São José das Palmeiras,41022,Toledo,4106,Oeste Paranaense,41,PR,Paraná,4,Sul
4125506,412550,São José dos Pinhais,41037,Curitiba,4110,Metropolitana de Curitiba,41,PR,Paraná,4,Sul
4125555,412555,São Manoel do Paraná,41003,Cianorte,4101,Noroeste Paranaense,41,PR,Paraná,4,Sul
4125605,412560,São Mateus do Sul,41034,São Mateus do Sul,4109,Sudeste Paranaense,41,PR,Paraná,4,Sul
4125704,412570,São Miguel do Iguaçu,41024,Foz do Iguaçu,4106,Oeste Paranaense,41,PR,Paraná,4,Sul
4125753,412575,São Pedro do Iguaçu,41022,Toledo,4106,Oeste Paranaense,41,PR,Paraná,4,Sul
4125803,412580,São Pedro do Ivaí,41013,Ivaiporã,4103,Norte Central Paranaense,41,PR,Paraná,4,Sul
4125902,412590,São Pedro do Paraná,41001,Paranavaí,4101,Noroeste Paranaense,41,PR,Paraná,4,Sul
4126009,412600,São Sebastião da Amoreira,41014,Assaí,4104,Norte Pioneiro Paranaense,41,PR,Paraná,4,Sul
4126108,412610,São Tomé,41003,Cianorte,4101,Noroeste Paranaense,41,PR,Paraná,4,Sul
4126207,412620,Sapopema,41017,Ibaiti,4104,Norte Pioneiro Paranaense,41,PR,Paraná,4,Sul
4126256,412625,Sarandi,41009,Maringá,4103,Norte Central Paranaense,41,PR,Paraná,4,Sul
4126272,412627,Saudade do Iguaçu,41027,Pato Branco,4107,Sudoeste Paranaense,41,PR,Paraná,4,Sul
4126306,412630,Sengés,41020,Jaguariaíva,4105,Centro Oriental Paranaense,41,PR,Paraná,4,Sul
4126355,412635,Serranópolis do Iguaçu,41024,Foz do Iguaçu,4106,Oeste Paranaense,41,PR,Paraná,4,Sul
4126405,412640,Sertaneja,41015,Cornélio Procópio,4104,Norte Pioneiro Paranaense,41,PR,Paraná,4,Sul
4126504,412650,Sertanópolis,41007,Porecatu,4103,Norte Central Paranaense,41,PR,Paraná,4,Sul
4126603,412660,Siqueira Campos,41018,Wenceslau Braz,4104,Norte Pioneiro Paranaense,41,PR,Paraná,4,Sul
4126652,412665,Sulina,41027,Pato Branco,4107,Sudoeste Paranaense,41,PR,Paraná,4,Sul
4126678,412667,Tamarana,41011,Londrina,4103,Norte Central Paranaense,41,PR,Paraná,4,Sul
4126702,412670,Tamboara,41001,Paranavaí,4101,Noroeste Paranaense,41,PR,Paraná,4,Sul
4126801,412680,Tapejara,41003,Cianorte,4101,Noroeste Paranaense,41,PR,Paraná,4,Sul
4126900,412690,Tapira,41002,Umuarama,4101,Noroeste Paranaense,41,PR,Paraná,4,Sul
4127007,412700,Teixeira Soares,41031,Prudentópolis,4109,Sudeste Paranaense,41,PR,Paraná,4,Sul
4127106,412710,Telêmaco Borba,41019,Telêmaco Borba,4105,Centro Oriental Paranaense,41,PR,Paraná,4,Sul
4127205,412720,Terra Boa,41005,Campo Mourão,4102,Centro Ocidental Paranaense,41,PR,Paraná,4,Sul
4127304,412730,Terra Rica,41001,Paranavaí,4101,Noroeste Paranaense,41,PR,Paraná,4,Sul
4127403,412740,Terra Roxa,41022,Toledo,4106,Oeste Paranaense,41,PR,Paraná,4,Sul
4127502,412750,Tibagi,41019,Telêmaco Borba,4105,Centro Oriental Paranaense,41,PR,Paraná,4,Sul
4127601,412760,Tijucas do Sul,41039,Rio Negro,4110,Metropolitana de Curitiba,41,PR,Paraná,4,Sul
4127700,412770,Toledo,41022,Toledo,4106,Oeste Paranaense,41,PR,Paraná,4,Sul
4127809,412780,Tomazina,41018,Wenceslau Braz,4104,Norte Pioneiro Paranaense,41,PR,Paraná,4,Sul
4127858,412785,Três Barras do Paraná,41023,Cascavel,4106,Oeste Paranaense,41,PR,Paraná,4,Sul
4127882,412788,Tunas do Paraná,41037,Curitiba,4110,Metropolitana de Curitiba,41,PR,Paraná,4,Sul
4127908,412790,Tuneiras do Oeste,41003,Cianorte,4101,Noroeste Paranaense,41,PR,Paraná,4,Sul
4127957,412795,Tupãssi,41022,Toledo,4106,Oeste Paranaense,41,PR,Paraná,4,Sul
4127965,412796,Turvo,41029,Guarapuava,4108,Centro-Sul Paranaense,41,PR,Paraná,4,Sul
4128005,412800,Ubiratã,41004,Goioerê,4102,Centro Ocidental Paranaense,41,PR,Paraná,4,Sul
4128104,412810,Umuarama,41002,Umuarama,4101,Noroeste Paranaense,41,PR,Paraná,4,Sul
4128203,412820,União da Vitória,41033,União da Vitória,4109,Sudeste Paranaense,41,PR,Paraná,4,Sul
4128302,412830,Uniflor,41006,Astorga,4103,Norte Central Paranaense,41,PR,Paraná,4,Sul
4128401,412840,Uraí,41014,Assaí,4104,Norte Pioneiro Paranaense,41,PR,Paraná,4,Sul
4128500,412850,Wenceslau Braz,41018,Wenceslau Braz,4104,Norte Pioneiro Paranaense,41,PR,Paraná,4,Sul
4128534,412853,Ventania,41019,Telêmaco Borba,4105,Centro Oriental Paranaense,41,PR,Paraná,4,Sul
4128559,412855,Vera Cruz do Oeste,41024,Foz do Iguaçu,4106,Oeste Paranaense,41,PR,Paraná,4,Sul
4128609,412860,Verê,41026,Francisco Beltrão,4107,Sudoeste Paranaense,41,PR,Paraná,4,Sul
4128625,412862,Alto Paraíso,41002,Umuarama,4101,Noroeste Paranaense,41,PR,Paraná,4,Sul
4128633,412863,Doutor Ulysses,41035,Cerro Azul,4110,Metropolitana de Curitiba,41,PR,Paraná,4,Sul
4128658,412865,Virmond,41029,Guarapuava,4108,Centro-Sul Paranaense,41,PR,Paraná,4,Sul
4128708,412870,Vitorino,41027,Pato Branco,4107,Sudoeste Paranaense,41,PR,Paraná,4,Sul
4128807,412880,Xambrê,41002,Umuarama,4101,Noroeste Paranaense,41,PR,Paraná,4,Sul
4200051,420005,Abdon Batista,42009,Curitibanos,4203,Serrana,42,SC,Santa Catarina,4,Sul
4200101,420010,Abelardo Luz,42003,Xanxerê,4201,Oeste Catarinense,42,SC,Santa Catarina,4,Sul
4200200,420020,Agrolândia,42014,Ituporanga,4204,Vale do Itajaí,42,SC,Santa Catarina,4,Sul
4200309,420030,Agronômica,42011,Rio do Sul,4204,Vale do Itajaí,42,SC,Santa Catarina,4,Sul
4200408,420040,Água Doce,42004,Joaçaba,4201,Oeste Catarinense,42,SC,Santa Catarina,4,Sul
4200507,420050,Águas de Chapecó,42002,Chapecó,4201,Oeste Catarinense,42,SC,Santa Catarina,4,Sul
4200556,420055,Águas Frias,42002,Chapecó,4201,Oeste Catarinense,42,SC,Santa Catarina,4,Sul
4200606,420060,Águas Mornas,42017,Tabuleiro,4205,Grande Florianópolis,42,SC,Santa Catarina,4,Sul
4200705,420070,Alfredo Wagner,42017,Tabuleiro,4205,Grande Florianópolis,42,SC,Santa Catarina,4,Sul
4200754,420075,Alto Bela Vista,42005,Concórdia,4201,Oeste Catarinense,42,SC,Santa Catarina,4,Sul
4200804,420080,Anchieta,42001,São Miguel do Oeste,4201,Oeste Catarinense,42,SC,Santa Catarina,4,Sul
4200903,420090,Angelina,42015,Tijucas,4205,Grande Florianópolis,42,SC,Santa Catarina,4,Sul
4201000,420100,Anita Garibaldi,42010,Campos de Lages,4203,Serrana,42,SC,Santa Catarina,4,Sul
4201109,420110,Anitápolis,42017,Tabuleiro,4205,Grande Florianópolis,42,SC,Santa Catarina,4,Sul
4201208,420120,Antônio Carlos,42016,Florianópolis,4205,Grande Florianópolis,42,SC,Santa Catarina,4,Sul
4201257,420125,Apiúna,42012,Blumenau,4204,Vale do Itajaí,42,SC,Santa Catarina,4,Sul
4201273,420127,Arabutã,42005,Concórdia,4201,Oeste Catarinense,42,SC,Santa Catarina,4,Sul
4201307,420130,Araquari,42008,Joinville,4202,Norte Catarinense,42,SC,Santa Catarina,4,Sul
4201406,420140,Araranguá,42020,Araranguá,4206,Sul Catarinense,42,SC,Santa Catarina,4,Sul
4201505,420150,Armazém,42018,Tubarão,4206,Sul Catarinense,42,SC,Santa Catarina,4,Sul
4201604,420160,Arroio Trinta,42004,Joaçaba,4201,Oeste Catarinense,42,SC,Santa Catarina,4,Sul
4201653,420165,Arvoredo,42005,Concórdia,4201,Oeste Catarinense,42,SC,Santa Catarina,4,Sul
4201703,420170,Ascurra,42012,Blumenau,4204,Vale do Itajaí,42,SC,Santa Catarina,4,Sul
4201802,420180,Atalanta,42014,Ituporanga,4204,Vale do Itajaí,42,SC,Santa Catarina,4,Sul
4201901,420190,Aurora,42011,Rio do Sul,4204,Vale do Itajaí,42,SC,Santa Catarina,4,Sul
4201950,420195,Balneário Arroio do Silva,42020,Araranguá,4206,Sul Catarinense,42,SC,Santa Catarina,4,Sul
4202008,420200,Balneário Camboriú,42013,Itajaí,4204,Vale do Itajaí,42,SC,Santa Catarina,4,Sul
4202057,420205,Balneário Barra do Sul,42008,Joinville,4202,Norte Catarinense,42,SC,Santa Catarina,4,Sul
4202073,420207,Balneário Gaivota,42020,Araranguá,4206,Sul Catarinense,42,SC,Santa Catarina,4,Sul
4202081,420208,Bandeirante,42001,São Miguel do Oeste,4201,Oeste Catarinense,42,SC,Santa Catarina,4,Sul
4202099,420209,Barra Bonita,42001,São Miguel do Oeste,4201,Oeste Catarinense,42,SC,Santa Catarina,4,Sul
4202107,420210,Barra Velha,42013,Itajaí,4204,Vale do Itajaí,42,SC,Santa Catarina,4,Sul
4202131,420213,Bela Vista do Toldo,42006,Canoinhas,4202,Norte Catarinense,42,SC,Santa Catarina,4,Sul
4202156,420215,Belmonte,42001,São Miguel do Oeste,4201,Oeste Catarinense,42,SC,Santa Catarina,4,Sul
4202206,420220,Benedito Novo,42012,Blumenau,4204,Vale do Itajaí,42,SC,Santa Catarina,4,Sul
4202305,420230,Biguaçu,42016,Florianópolis,4205,Grande Florianópolis,42,SC,Santa Catarina,4,Sul
4202404,420240,Blumenau,42012,Blumenau,4204,Vale do Itajaí,42,SC,Santa Catarina,4,Sul
4202438,420243,Bocaina do Sul,42010,Campos de Lages,4203,Serrana,42,SC,Santa Catarina,4,Sul
4202453,420245,Bombinhas,42013,Itajaí,4204,Vale do Itajaí,42,SC,Santa Catarina,4,Sul
4202503,420250,Bom Jardim da Serra,42010,Campos de Lages,4203,Serrana,42,SC,Santa Catarina,4,Sul
4202537,420253,Bom Jesus,42003,Xanxerê,4201,Oeste Catarinense,42,SC,Santa Catarina,4,Sul
4202578,420257,Bom Jesus do Oeste,42002,Chapecó,4201,Oeste Catarinense,42,SC,Santa Catarina,4,Sul
4202602,420260,Bom Retiro,42010,Campos de Lages,4203,Serrana,42,SC,Santa Catarina,4,Sul
4202701,420270,Botuverá,42012,Blumenau,4204,Vale do Itajaí,42,SC,Santa Catarina,4,Sul
4202800,420280,Braço do Norte,42018,Tubarão,4206,Sul Catarinense,42,SC,Santa Catarina,4,Sul
4202859,420285,Braço do Trombudo,42011,Rio do Sul,4204,Vale do Itajaí,42,SC,Santa Catarina,4,Sul
4202875,420287,Brunópolis,42009,Curitibanos,4203,Serrana,42,SC,Santa Catarina,4,Sul
4202909,420290,Brusque,42012,Blumenau,4204,Vale do Itajaí,42,SC,Santa Catarina,4,Sul
4203006,420300,Caçador,42004,Joaçaba,4201,Oeste Catarinense,42,SC,Santa Catarina,4,Sul
4203105,420310,Caibi,42002,Chapecó,4201,Oeste Catarinense,42,SC,Santa Catarina,4,Sul
4203154,420315,Calmon,42004,Joaçaba,4201,Oeste Catarinense,42,SC,Santa Catarina,4,Sul
4203204,420320,Camboriú,42013,Itajaí,4204,Vale do Itajaí,42,SC,Santa Catarina,4,Sul
4203253,420325,Capão Alto,42010,Campos de Lages,4203,Serrana,42,SC,Santa Catarina,4,Sul
4203303,420330,Campo Alegre,42007,São Bento do Sul,4202,Norte Catarinense,42,SC,Santa Catarina,4,Sul
4203402,420340,Campo Belo do Sul,42010,Campos de Lages,4203,Serrana,42,SC,Santa Catarina,4,Sul
4203501,420350,Campo Erê,42002,Chapecó,4201,Oeste Catarinense,42,SC,Santa Catarina,4,Sul
4203600,420360,Campos Novos,42009,Curitibanos,4203,Serrana,42,SC,Santa Catarina,4,Sul
4203709,420370,Canelinha,42015,Tijucas,4205,Grande Florianópolis,42,SC,Santa Catarina,4,Sul
4203808,420380,Canoinhas,42006,Canoinhas,4202,Norte Catarinense,42,SC,Santa Catarina,4,Sul
4203907,420390,Capinzal,42004,Joaçaba,4201,Oeste Catarinense,42,SC,Santa Catarina,4,Sul
4203956,420395,Capivari de Baixo,42018,Tubarão,4206,Sul Catarinense,42,SC,Santa Catarina,4,Sul
4204004,420400,Catanduvas,42004,Joaçaba,4201,Oeste Catarinense,42,SC,Santa Catarina,4,Sul
4204103,420410,Caxambu do Sul,42002,Chapecó,4201,Oeste Catarinense,42,SC,Santa Catarina,4,Sul
4204152,420415,Celso Ramos,42010,Campos de Lages,4203,Serrana,42,SC,Santa Catarina,4,Sul
4204178,420417,Cerro Negro,42010,Campos de Lages,4203,Serrana,42,SC,Santa Catarina,4,Sul
4204194,420419,Chapadão do Lageado,42014,Ituporanga,4204,Vale do Itajaí,42,SC,Santa Catarina,4,Sul
4204202,420420,Chapecó,42002,Chapecó,4201,Oeste Catarinense,42,SC,Santa Catarina,4,Sul
4204251,420425,Cocal do Sul,42019,Criciúma,4206,Sul Catarinense,42,SC,Santa Catarina,4,Sul
4204301,420430,Concórdia,42005,Concórdia,4201,Oeste Catarinense,42,SC,Santa Catarina,4,Sul
4204350,420435,Cordilheira Alta,42002,Chapecó,4201,Oeste Catarinense,42,SC,Santa Catarina,4,Sul
4204400,420440,Coronel Freitas,42002,Chapecó,4201,Oeste Catarinense,42,SC,Santa Catarina,4,Sul
4204459,420445,Coronel Martins,42003,Xanxerê,4201,Oeste Catarinense,42,SC,Santa Catarina,4,Sul
4204509,420450,Corupá,42008,Joinville,4202,Norte Catarinense,42,SC,Santa Catarina,4,Sul
4204558,420455,Correia Pinto,42010,Campos de Lages,4203,Serrana,42,SC,Santa Catarina,4,Sul
4204608,420460,Criciúma,42019,Criciúma,4206,Sul Catarinense,42,SC,Santa Catarina,4,Sul
4204707,420470,Cunha Porã,42002,Chapecó,4201,Oeste Catarinense,42,SC,Santa Catarina,4,Sul
4204756,420475,Cunhataí,42002,Chapecó,4201,Oeste Catarinense,42,SC,Santa Catarina,4,Sul
4204806,420480,Curitibanos,42009,Curitibanos,4203,Serrana,42,SC,Santa Catarina,4,Sul
4204905,420490,Descanso,42001,São Miguel do Oeste,4201,Oeste Catarinense,42,SC,Santa Catarina,4,Sul
4205001,420500,Dionísio Cerqueira,42001,São Miguel do Oeste,4201,Oeste Catarinense,42,SC,Santa Catarina,4,Sul
4205100,420510,Dona Emma,42011,Rio do Sul,4204,Vale do Itajaí,42,SC,Santa Catarina,4,Sul
4205159,420515,Doutor Pedrinho,42012,Blumenau,4204,Vale do Itajaí,42,SC,Santa Catarina,4,Sul
4205175,420517,Entre Rios,42003,Xanxerê,4201,Oeste Catarinense,42,SC,Santa Catarina,4,Sul
4205191,420519,Ermo,42020,Araranguá,4206,Sul Catarinense,42,SC,Santa Catarina,4,Sul
4205209,420520,Erval Velho,42004,Joaçaba,4201,Oeste Catarinense,42,SC,Santa Catarina,4,Sul
4205308,420530,Faxinal dos Guedes,42003,Xanxerê,4201,Oeste Catarinense,42,SC,Santa Catarina,4,Sul
4205357,420535,Flor do Sertão,42002,Chapecó,4201,Oeste Catarinense,42,SC,Santa Catarina,4,Sul
4205407,420540,Florianópolis,42016,Florianópolis,4205,Grande Florianópolis,42,SC,Santa Catarina,4,Sul
4205431,420543,Formosa do Sul,42002,Chapecó,4201,Oeste Catarinense,42,SC,Santa Catarina,4,Sul
4205456,420545,Forquilhinha,42019,Criciúma,4206,Sul Catarinense,42,SC,Santa Catarina,4,Sul
4205506,420550,Fraiburgo,42004,Joaçaba,4201,Oeste Catarinense,42,SC,Santa Catarina,4,Sul
4205555,420555,Frei Rogério,42009,Curitibanos,4203,Serrana,42,SC,Santa Catarina,4,Sul
4205605,420560,Galvão,42003,Xanxerê,4201,Oeste Catarinense,42,SC,Santa Catarina,4,Sul
4205704,420570,Garopaba,42018,Tubarão,4206,Sul Catarinense,42,SC,Santa Catarina,4,Sul
4205803,420580,Garuva,42008,Joinville,4202,Norte Catarinense,42,SC,Santa Catarina,4,Sul
4205902,420590,Gaspar,42012,Blumenau,4204,Vale do Itajaí,42,SC,Santa Catarina,4,Sul
4206009,420600,Governador Celso Ramos,42016,Florianópolis,4205,Grande Florianópolis,42,SC,Santa Catarina,4,Sul
4206108,420610,Grão-Pará,42018,Tubarão,4206,Sul Catarinense,42,SC,Santa Catarina,4,Sul
4206207,420620,Gravatal,42018,Tubarão,4206,Sul Catarinense,42,SC,Santa Catarina,4,Sul
4206306,420630,Guabiruba,42012,Blumenau,4204,Vale do Itajaí,42,SC,Santa Catarina,4,Sul
4206405,420640,Guaraciaba,42001,São Miguel do Oeste,4201,Oeste Catarinense,42,SC,Santa Catarina,4,Sul
4206504,420650,Guaramirim,42008,Joinville,4202,Norte Catarinense,42,SC,Santa Catarina,4,Sul
4206603,420660,Guarujá do Sul,42001,São Miguel do Oeste,4201,Oeste Catarinense,42,SC,Santa Catarina,4,Sul
4206652,420665,Guatambú,42002,Chapecó,4201,Oeste Catarinense,42,SC,Santa Catarina,4,Sul
4206702,420670,Herval d'Oeste,42004,Joaçaba,4201,Oeste Catarinense,42,SC,Santa Catarina,4,Sul
4206751,420675,Ibiam,42004,Joaçaba,4201,Oeste Catarinense,42,SC,Santa Catarina,4,Sul
4206801,420680,Ibicaré,42004,Joaçaba,4201,Oeste Catarinense,42,SC,Santa Catarina,4,Sul
4206900,420690,Ibirama,42011,Rio do Sul,4204,Vale do Itajaí,42,SC,Santa Catarina,4,Sul
4207007,420700,Içara,42019,Criciúma,4206,Sul Catarinense,42,SC,Santa Catarina,4,Sul
4207106,420710,Ilhota,42013,Itajaí,4204,Vale do Itajaí,42,SC,Santa Catarina,4,Sul
4207205,420720,Imaruí,42018,Tubarão,4206,Sul Catarinense,42,SC,Santa Catarina,4,Sul
4207304,420730,Imbituba,42018,Tubarão,4206,Sul Catarinense,42,SC,Santa Catarina,4,Sul
4207403,420740,Imbuia,42014,Ituporanga,4204,Vale do Itajaí,42,SC,Santa Catarina,4,Sul
4207502,420750,Indaial,42012,Blumenau,4204,Vale do Itajaí,42,SC,Santa Catarina,4,Sul
4207577,420757,Iomerê,42004,Joaçaba,4201,Oeste Catarinense,42,SC,Santa Catarina,4,Sul
4207601,420760,Ipira,42005,Concórdia,4201,Oeste Catarinense,42,SC,Santa Catarina,4,Sul
4207650,420765,Iporã do Oeste,42001,São Miguel do Oeste,4201,Oeste Catarinense,42,SC,Santa Catarina,4,Sul
4207684,420768,Ipuaçu,42003,Xanxerê,4201,Oeste Catarinense,42,SC,Santa Catarina,4,Sul
4207700,420770,Ipumirim,42005,Concórdia,4201,Oeste Catarinense,42,SC,Santa Catarina,4,Sul
4207759,420775,Iraceminha,42002,Chapecó,4201,Oeste Catarinense,42,SC,Santa Catarina,4,Sul
4207809,420780,Irani,42005,Concórdia,4201,Oeste Catarinense,42,SC,Santa Catarina,4,Sul
4207858,420785,Irati,42002,Chapecó,4201,Oeste Catarinense,42,SC,Santa Catarina,4,Sul
4207908,420790,Irineópolis,42006,Canoinhas,4202,Norte Catarinense,42,SC,Santa Catarina,4,Sul
4208005,420800,Itá,42005,Concórdia,4201,Oeste Catarinense,42,SC,Santa Catarina,4,Sul
4208104,420810,Itaiópolis,42006,Canoinhas,4202,Norte Catarinense,42,SC,Santa Catarina,4,Sul
4208203,420820,Itajaí,42013,Itajaí,4204,Vale do Itajaí,42,SC,Santa Catarina,4,Sul
4208302,420830,Itapema,42013,Itajaí,4204,Vale do Itajaí,42,SC,Santa Catarina,4,Sul
4208401,420840,Itapiranga,42001,São Miguel do Oeste,4201,Oeste Catarinense,42,SC,Santa Catarina,4,Sul
4208450,420845,Itapoá,42008,Joinville,4202,Norte Catarinense,42,SC,Santa Catarina,4,Sul
4208500,420850,Ituporanga,42014,Ituporanga,4204,Vale do Itajaí,42,SC,Santa Catarina,4,Sul
4208609,420860,Jaborá,42004,Joaçaba,4201,Oeste Catarinense,42,SC,Santa Catarina,4,Sul
4208708,420870,Jacinto Machado,42020,Araranguá,4206,Sul Catarinense,42,SC,Santa Catarina,4,Sul
4208807,420880,Jaguaruna,42018,Tubarão,4206,Sul Catarinense,42,SC,Santa Catarina,4,Sul
4208906,420890,Jaraguá do Sul,42008,Joinville,4202,Norte Catarinense,42,SC,Santa Catarina,4,Sul
4208955,420895,Jardinópolis,42002,Chapecó,4201,Oeste Catarinense,42,SC,Santa Catarina,4,Sul
4209003,420900,Joaçaba,42004,Joaçaba,4201,Oeste Catarinense,42,SC,Santa Catarina,4,Sul
4209102,420910,Joinville,42008,Joinville,4202,Norte Catarinense,42,SC,Santa Catarina,4,Sul
4209151,420915,José Boiteux,42011,Rio do Sul,4204,Vale do Itajaí,42,SC,Santa Catarina,4,Sul
4209177,420917,Jupiá,42003,Xanxerê,4201,Oeste Catarinense,42,SC,Santa Catarina,4,Sul
4209201,420920,Lacerdópolis,42004,Joaçaba,4201,Oeste Catarinense,42,SC,Santa Catarina,4,Sul
4209300,420930,Lages,42010,Campos de Lages,4203,Serrana,42,SC,Santa Catarina,4,Sul
4209409,420940,Laguna,42018,Tubarão,4206,Sul Catarinense,42,SC,Santa Catarina,4,Sul
4209458,420945,Lajeado Grande,42003,Xanxerê,4201,Oeste Catarinense,42,SC,Santa Catarina,4,Sul
4209508,420950,Laurentino,42011,Rio do Sul,4204,Vale do Itajaí,42,SC,Santa Catarina,4,Sul
4209607,420960,Lauro Müller,42019,Criciúma,4206,Sul Catarinense,42,SC,Santa Catarina,4,Sul
4209706,420970,Lebon Régis,42004,Joaçaba,4201,Oeste Catarinense,42,SC,Santa Catarina,4,Sul
4209805,420980,Leoberto Leal,42015,Tijucas,4205,Grande Florianópolis,42,SC,Santa Catarina,4,Sul
4209854,420985,Lindóia do Sul,42005,Concórdia,4201,Oeste Catarinense,42,SC,Santa Catarina,4,Sul
4209904,420990,Lontras,42011,Rio do Sul,4204,Vale do Itajaí,42,SC,Santa Catarina,4,Sul
4210001,421000,Luiz Alves,42012,Blumenau,4204,Vale do Itajaí,42,SC,Santa Catarina,4,Sul
4210035,421003,Luzerna,42004,Joaçaba,4201,Oeste Catarinense,42,SC,Santa Catarina,4,Sul
4210050,421005,Macieira,42004,Joaçaba,4201,Oeste Catarinense,42,SC,Santa Catarina,4,Sul
4210100,421010,Mafra,42006,Canoinhas,4202,Norte Catarinense,42,SC,Santa Catarina,4,Sul
4210209,421020,Major Gercino,42015,Tijucas,4205,Grande Florianópolis,42,SC,Santa Catarina,4,Sul
4210308,421030,Major Vieira,42006,Canoinhas,4202,Norte Catarinense,42,SC,Santa Catarina,4,Sul
4210407,421040,Maracajá,42020,Araranguá,4206,Sul Catarinense,42,SC,Santa Catarina,4,Sul
4210506,421050,Maravilha,42002,Chapecó,4201,Oeste Catarinense,42,SC,Santa Catarina,4,Sul
4210555,421055,Marema,42003,Xanxerê,4201,Oeste Catarinense,42,SC,Santa Catarina,4,Sul
4210605,421060,Massaranduba,42008,Joinville,4202,Norte Catarinense,42,SC,Santa Catarina,4,Sul
4210704,421070,Matos Costa,42004,Joaçaba,4201,Oeste Catarinense,42,SC,Santa Catarina,4,Sul
4210803,421080,Meleiro,42020,Araranguá,4206,Sul Catarinense,42,SC,Santa Catarina,4,Sul
4210852,421085,Mirim Doce,42011,Rio do Sul,4204,Vale do Itajaí,42,SC,Santa Catarina,4,Sul
4210902,421090,Modelo,42002,Chapecó,4201,Oeste Catarinense,42,SC,Santa Catarina,4,Sul
4211009,421100,Mondaí,42001,São Miguel do Oeste,4201,Oeste Catarinense,42,SC,Santa Catarina,4,Sul
4211058,421105,Monte Carlo,42009,Curitibanos,4203,Serrana,42,SC,Santa Catarina,4,Sul
4211108,421110,Monte Castelo,42006,Canoinhas,4202,Norte Catarinense,42,SC,Santa Catarina,4,Sul
4211207,421120,Morro da Fumaça,42019,Criciúma,4206,Sul Catarinense,42,SC,Santa Catarina,4,Sul
4211256,421125,Morro Grande,42020,Araranguá,4206,Sul Catarinense,42,SC,Santa Catarina,4,Sul
4211306,421130,Navegantes,42013,Itajaí,4204,Vale do Itajaí,42,SC,Santa Catarina,4,Sul
4211405,421140,Nova Erechim,42002,Chapecó,4201,Oeste Catarinense,42,SC,Santa Catarina,4,Sul
4211454,421145,Nova Itaberaba,42002,Chapecó,4201,Oeste Catarinense,42,SC,Santa Catarina,4,Sul
4211504,421150,Nova Trento,42015,Tijucas,4205,Grande Florianópolis,42,SC,Santa Catarina,4,Sul
4211603,421160,Nova Veneza,42019,Criciúma,4206,Sul Catarinense,42,SC,Santa Catarina,4,Sul
4211652,421165,Novo Horizonte,42002,Chapecó,4201,Oeste Catarinense,42,SC,Santa Catarina,4,Sul
4211702,421170,Orleans,42018,Tubarão,4206,Sul Catarinense,42,SC,Santa Catarina,4,Sul
4211751,421175,Otacílio Costa,42010,Campos de Lages,4203,Serrana,42,SC,Santa Catarina,4,Sul
4211801,421180,Ouro,42004,Joaçaba,4201,Oeste Catarinense,42,SC,Santa Catarina,4,Sul
4211850,421185,Ouro Verde,42003,Xanxerê,4201,Oeste Catarinense,42,SC,Santa Catarina,4,Sul
4211876,421187,Paial,42005,Concórdia,4201,Oeste Catarinense,42,SC,Santa Catarina,4,Sul
4211892,421189,Painel,42010,Campos de Lages,4203,Serrana,42,SC,Santa Catarina,4,Sul
4211900,421190,Palhoça,42016,Florianópolis,4205,Grande Florianópolis,42,SC,Santa Catarina,4,Sul
4212007,421200,Palma Sola,42001,São Miguel do Oeste,4201,Oeste Catarinense,42,SC,Santa Catarina,4,Sul
4212056,421205,Palmeira,42010,Campos de Lages,4203,Serrana,42,SC,Santa Catarina,4,Sul
4212106,421210,Palmitos,42002,Chapecó,4201,Oeste Catarinense,42,SC,Santa Catarina,4,Sul
4212205,421220,Papanduva,42006,Canoinhas,4202,Norte Catarinense,42,SC,Santa Catarina,4,Sul
4212239,421223,Paraíso,42001,São Miguel do Oeste,4201,Oeste Catarinense,42,SC,Santa Catarina,4,Sul
4212254,421225,Passo de Torres,42020,Araranguá,4206,Sul Catarinense,42,SC,Santa Catarina,4,Sul
4212270,421227,Passos Maia,42003,Xanxerê,4201,Oeste Catarinense,42,SC,Santa Catarina,4,Sul
4212304,421230,Paulo Lopes,42016,Florianópolis,4205,Grande Florianópolis,42,SC,Santa Catarina,4,Sul
4212403,421240,Pedras Grandes,42018,Tubarão,4206,Sul Catarinense,42,SC,Santa Catarina,4,Sul
4212502,421250,Penha,42013,Itajaí,4204,Vale do Itajaí,42,SC,Santa Catarina,4,Sul
4212601,421260,Peritiba,42005,Concórdia,4201,Oeste Catarinense,42,SC,Santa Catarina,4,Sul
4212650,421265,Pescaria Brava,42018,Tubarão,4206,Sul Catarinense,42,SC,Santa Catarina,4,Sul
4212700,421270,Petrolândia,42014,Ituporanga,4204,Vale do Itajaí,42,SC,Santa Catarina,4,Sul
4212809,421280,Balneário Piçarras,42013,Itajaí,4204,Vale do Itajaí,42,SC,Santa Catarina,4,Sul
4212908,421290,Pinhalzinho,42002,Chapecó,4201,Oeste Catarinense,42,SC,Santa Catarina,4,Sul
4213005,421300,Pinheiro Preto,42004,Joaçaba,4201,Oeste Catarinense,42,SC,Santa Catarina,4,Sul
4213104,421310,Piratuba,42005,Concórdia,4201,Oeste Catarinense,42,SC,Santa Catarina,4,Sul
4213153,421315,Planalto Alegre,42002,Chapecó,4201,Oeste Catarinense,42,SC,Santa Catarina,4,Sul
4213203,421320,Pomerode,42012,Blumenau,4204,Vale do Itajaí,42,SC,Santa Catarina,4,Sul
4213302,421330,Ponte Alta,42009,Curitibanos,4203,Serrana,42,SC,Santa Catarina,4,Sul
4213351,421335,Ponte Alta do Norte,42009,Curitibanos,4203,Serrana,42,SC,Santa Catarina,4,Sul
4213401,421340,Ponte Serrada,42003,Xanxerê,4201,Oeste Catarinense,42,SC,Santa Catarina,4,Sul
4213500,421350,Porto Belo,42013,Itajaí,4204,Vale do Itajaí,42,SC,Santa Catarina,4,Sul
4213609,421360,Porto União,42006,Canoinhas,4202,Norte Catarinense,42,SC,Santa Catarina,4,Sul
4213708,421370,Pouso Redondo,42011,Rio do Sul,4204,Vale do Itajaí,42,SC,Santa Catarina,4,Sul
4213807,421380,Praia Grande,42020,Araranguá,4206,Sul Catarinense,42,SC,Santa Catarina,4,Sul
4213906,421390,Presidente Castello Branco,42005,Concórdia,4201,Oeste Catarinense,42,SC,Santa Catarina,4,Sul
4214003,421400,Presidente Getúlio,42011,Rio do Sul,4204,Vale do Itajaí,42,SC,Santa Catarina,4,Sul
4214102,421410,Presidente Nereu,42011,Rio do Sul,4204,Vale do Itajaí,42,SC,Santa Catarina,4,Sul
4214151,421415,Princesa,42001,São Miguel do Oeste,4201,Oeste Catarinense,42,SC,Santa Catarina,4,Sul
4214201,421420,Quilombo,42002,Chapecó,4201,Oeste Catarinense,42,SC,Santa Catarina,4,Sul
4214300,421430,Rancho Queimado,42017,Tabuleiro,4205,Grande Florianópolis,42,SC,Santa Catarina,4,Sul
4214409,421440,Rio das Antas,42004,Joaçaba,4201,Oeste Catarinense,42,SC,Santa Catarina,4,Sul
4214508,421450,Rio do Campo,42011,Rio do Sul,4204,Vale do Itajaí,42,SC,Santa Catarina,4,Sul
4214607,421460,Rio do Oeste,42011,Rio do Sul,4204,Vale do Itajaí,42,SC,Santa Catarina,4,Sul
4214706,421470,Rio dos Cedros,42012,Blumenau,4204,Vale do Itajaí,42,SC,Santa Catarina,4,Sul
4214805,421480,Rio do Sul,42011,Rio do Sul,4204,Vale do Itajaí,42,SC,Santa Catarina,4,Sul
4214904,421490,Rio Fortuna,42018,Tubarão,4206,Sul Catarinense,42,SC,Santa Catarina,4,Sul
4215000,421500,Rio Negrinho,42007,São Bento do Sul,4202,Norte Catarinense,42,SC,Santa Catarina,4,Sul
4215059,421505,Rio Rufino,42010,Campos de Lages,4203,Serrana,42,SC,Santa Catarina,4,Sul
4215075,421507,Riqueza,42001,São Miguel do Oeste,4201,Oeste Catarinense,42,SC,Santa Catarina,4,Sul
4215109,421510,Rodeio,42012,Blumenau,4204,Vale do Itajaí,42,SC,Santa Catarina,4,Sul
4215208,421520,Romelândia,42001,São Miguel do Oeste,4201,Oeste Catarinense,42,SC,Santa Catarina,4,Sul
4215307,421530,Salete,42011,Rio do Sul,4204,Vale do Itajaí,42,SC,Santa Catarina,4,Sul
4215356,421535,Saltinho,42002,Chapecó,4201,Oeste Catarinense,42,SC,Santa Catarina,4,Sul
4215406,421540,Salto Veloso,42004,Joaçaba,4201,Oeste Catarinense,42,SC,Santa Catarina,4,Sul
4215455,421545,Sangão,42018,Tubarão,4206,Sul Catarinense,42,SC,Santa Catarina,4,Sul
4215505,421550,Santa Cecília,42009,Curitibanos,4203,Serrana,42,SC,Santa Catarina,4,Sul
4215554,421555,Santa Helena,42001,São Miguel do Oeste,4201,Oeste Catarinense,42,SC,Santa Catarina,4,Sul
4215604,421560,Santa Rosa de Lima,42018,Tubarão,4206,Sul Catarinense,42,SC,Santa Catarina,4,Sul
4215653,421565,Santa Rosa do Sul,42020,Araranguá,4206,Sul Catarinense,42,SC,Santa Catarina,4,Sul
4215679,421567,Santa Terezinha,42006,Canoinhas,4202,Norte Catarinense,42,SC,Santa Catarina,4,Sul
4215687,421568,Santa Terezinha do Progresso,42002,Chapecó,4201,Oeste Catarinense,42,SC,Santa Catarina,4,Sul
4215695,421569,Santiago do Sul,42002,Chapecó,4201,Oeste Catarinense,42,SC,Santa Catarina,4,Sul
4215703,421570,Santo Amaro da Imperatriz,42016,Florianópolis,4205,Grande Florianópolis,42,SC,Santa Catarina,4,Sul
4215752,421575,São Bernardino,42002,Chapecó,4201,Oeste Catarinense,42,SC,Santa Catarina,4,Sul
4215802,421580,São Bento do Sul,42007,São Bento do Sul,4202,Norte Catarinense,42,SC,Santa Catarina,4,Sul
4215901,421590,São Bonifácio,42017,Tabuleiro,4205,Grande Florianópolis,42,SC,Santa Catarina,4,Sul
4216008,421600,São Carlos,42002,Chapecó,4201,Oeste Catarinense,42,SC,Santa Catarina,4,Sul
4216057,421605,São Cristóvão do Sul,42009,Curitibanos,4203,Serrana,42,SC,Santa Catarina,4,Sul
4216107,421610,São Domingos,42003,Xanxerê,4201,Oeste Catarinense,42,SC,Santa Catarina,4,Sul
4216206,421620,São Francisco do Sul,42008,Joinville,4202,Norte Catarinense,42,SC,Santa Catarina,4,Sul
4216255,421625,São João do Oeste,42001,São Miguel do Oeste,4201,Oeste Catarinense,42,SC,Santa Catarina,4,Sul
4216305,421630,São João Batista,42015,Tijucas,4205,Grande Florianópolis,42,SC,Santa Catarina,4,Sul
4216354,421635,São João do Itaperiú,42013,Itajaí,4204,Vale do Itajaí,42,SC,Santa Catarina,4,Sul
4216404,421640,São João do Sul,42020,Araranguá,4206,Sul Catarinense,42,SC,Santa Catarina,4,Sul
4216503,421650,São Joaquim,42010,Campos de Lages,4203,Serrana,42,SC,Santa Catarina,4,Sul
4216602,421660,São José,42016,Florianópolis,4205,Grande Florianópolis,42,SC,Santa Catarina,4,Sul
4216701,421670,São José do Cedro,42001,São Miguel do Oeste,4201,Oeste Catarinense,42,SC,Santa Catarina,4,Sul
4216800,421680,São José do Cerrito,42010,Campos de Lages,4203,Serrana,42,SC,Santa Catarina,4,Sul
4216909,421690,São Lourenço do Oeste,42002,Chapecó,4201,Oeste Catarinense,42,SC,Santa Catarina,4,Sul
4217006,421700,São Ludgero,42018,Tubarão,4206,Sul Catarinense,42,SC,Santa Catarina,4,Sul
4217105,421710,São Martinho,42018,Tubarão,4206,Sul Catarinense,42,SC,Santa Catarina,4,Sul
4217154,421715,São Miguel da Boa Vista,42002,Chapecó,4201,Oeste Catarinense,42,SC,Santa Catarina,4,Sul
4217204,421720,São Miguel do Oeste,42001,São Miguel do Oeste,4201,Oeste Catarinense,42,SC,Santa Catarina,4,Sul
4217253,421725,São Pedro de Alcântara,42016,Florianópolis,4205,Grande Florianópolis,42,SC,Santa Catarina,4,Sul
4217303,421730,Saudades,42002,Chapecó,4201,Oeste Catarinense,42,SC,Santa Catarina,4,Sul
4217402,421740,Schroeder,42008,Joinville,4202,Norte Catarinense,42,SC,Santa Catarina,4,Sul
4217501,421750,Seara,42005,Concórdia,4201,Oeste Catarinense,42,SC,Santa Catarina,4,Sul
4217550,421755,Serra Alta,42002,Chapecó,4201,Oeste Catarinense,42,SC,Santa Catarina,4,Sul
4217600,421760,Siderópolis,42019,Criciúma,4206,Sul Catarinense,42,SC,Santa Catarina,4,Sul
4217709,421770,Sombrio,42020,Araranguá,4206,Sul Catarinense,42,SC,Santa Catarina,4,Sul
4217758,421775,Sul Brasil,42002,Chapecó,4201,Oeste Catarinense,42,SC,Santa Catarina,4,Sul
4217808,421780,Taió,42011,Rio do Sul,4204,Vale do Itajaí,42,SC,Santa Catarina,4,Sul
4217907,421790,Tangará,42004,Joaçaba,4201,Oeste Catarinense,42,SC,Santa Catarina,4,Sul
4217956,421795,Tigrinhos,42002,Chapecó,4201,Oeste Catarinense,42,SC,Santa Catarina,4,Sul
4218004,421800,Tijucas,42015,Tijucas,4205,Grande Florianópolis,42,SC,Santa Catarina,4,Sul
4218103,421810,Timbé do Sul,42020,Araranguá,4206,Sul Catarinense,42,SC,Santa Catarina,4,Sul
4218202,421820,Timbó,42012,Blumenau,4204,Vale do Itajaí,42,SC,Santa Catarina,4,Sul
4218251,421825,Timbó Grande,42006,Canoinhas,4202,Norte Catarinense,42,SC,Santa Catarina,4,Sul
4218301,421830,Três Barras,42006,Canoinhas,4202,Norte Catarinense,42,SC,Santa Catarina,4,Sul
4218350,421835,Treviso,42019,Criciúma,4206,Sul Catarinense,42,SC,Santa Catarina,4,Sul
4218400,421840,Treze de Maio,42018,Tubarão,4206,Sul Catarinense,42,SC,Santa Catarina,4,Sul
4218509,421850,Treze Tílias,42004,Joaçaba,4201,Oeste Catarinense,42,SC,Santa Catarina,4,Sul
4218608,421860,Trombudo Central,42011,Rio do Sul,4204,Vale do Itajaí,42,SC,Santa Catarina,4,Sul
4218707,421870,Tubarão,42018,Tubarão,4206,Sul Catarinense,42,SC,Santa Catarina,4,Sul
4218756,421875,Tunápolis,42001,São Miguel do Oeste,4201,Oeste Catarinense,42,SC,Santa Catarina,4,Sul
4218806,421880,Turvo,42020,Araranguá,4206,Sul Catarinense,42,SC,Santa Catarina,4,Sul
4218855,421885,União do Oeste,42002,Chapecó,4201,Oeste Catarinense,42,SC,Santa Catarina,4,Sul
4218905,421890,Urubici,42010,Campos de Lages,4203,Serrana,42,SC,Santa Catarina,4,Sul
4218954,421895,Urupema,42010,Campos de Lages,4203,Serrana,42,SC,Santa Catarina,4,Sul
4219002,421900,Urussanga,42019,Criciúma,4206,Sul Catarinense,42,SC,Santa Catarina,4,Sul
4219101,421910,Vargeão,42003,Xanxerê,4201,Oeste Catarinense,42,SC,Santa Catarina,4,Sul
4219150,421915,Vargem,42009,Curitibanos,4203,Serrana,42,SC,Santa Catarina,4,Sul
4219176,421917,Vargem Bonita,42004,Joaçaba,4201,Oeste Catarinense,42,SC,Santa Catarina,4,Sul
4219200,421920,Vidal Ramos,42014,Ituporanga,4204,Vale do Itajaí,42,SC,Santa Catarina,4,Sul
4219309,421930,Videira,42004,Joaçaba,4201,Oeste Catarinense,42,SC,Santa Catarina,4,Sul
4219358,421935,Vitor Meireles,42011,Rio do Sul,4204,Vale do Itajaí,42,SC,Santa Catarina,4,Sul
4219408,421940,Witmarsum,42011,Rio do Sul,4204,Vale do Itajaí,42,SC,Santa Catarina,4,Sul
4219507,421950,Xanxerê,42003,Xanxerê,4201,Oeste Catarinense,42,SC,Santa Catarina,4,Sul
4219606,421960,Xavantina,42005,Concórdia,4201,Oeste Catarinense,42,SC,Santa Catarina,4,Sul
4219705,421970,Xaxim,42003,Xanxerê,4201,Oeste Catarinense,42,SC,Santa Catarina,4,Sul
4219853,421985,Zortéa,42009,Curitibanos,4203,Serrana,42,SC,Santa Catarina,4,Sul
4220000,422000,Balneário Rincão,42019,Criciúma,4206,Sul Catarinense,42,SC,Santa Catarina,4,Sul
4300034,430003,Aceguá,43031,Campanha Meridional,4306,Sudoeste Rio-grandense,43,RS,Rio Grande do Sul,4,Sul
4300059,430005,Água Santa,43010,Passo Fundo,4301,Noroeste Rio-grandense,43,RS,Rio Grande do Sul,4,Sul
4300109,430010,Agudo,43019,Restinga Seca,4303,Centro Ocidental Rio-grandense,43,RS,Rio Grande do Sul,4,Sul
4300208,430020,Ajuricaba,43008,Ijuí,4301,Noroeste Rio-grandense,43,RS,Rio Grande do Sul,4,Sul
4300307,430030,Alecrim,43001,Santa Rosa,4301,Noroeste Rio-grandense,43,RS,Rio Grande do Sul,4,Sul
4300406,430040,Alegrete,43029,Campanha Ocidental,4306,Sudoeste Rio-grandense,43,RS,Rio Grande do Sul,4,Sul
4300455,430045,Alegria,43008,Ijuí,4301,Noroeste Rio-grandense,43,RS,Rio Grande do Sul,4,Sul
4300471,430047,Almirante Tamandaré do Sul,43009,Carazinho,4301,Noroeste Rio-grandense,43,RS,Rio Grande do Sul,4,Sul
4300505,430050,Alpestre,43003,Frederico Westphalen,4301,Noroeste Rio-grandense,43,RS,Rio Grande do Sul,4,Sul
4300554,430055,Alto Alegre,43011,Cruz Alta,4301,Noroeste Rio-grandense,43,RS,Rio Grande do Sul,4,Sul
4300570,430057,Alto Feliz,43023,Montenegro,4305,Metropolitana de Porto Alegre,43,RS,Rio Grande do Sul,4,Sul
4300604,430060,Alvorada,43026,Porto Alegre,4305,Metropolitana de Porto Alegre,43,RS,Rio Grande do Sul,4,Sul
4300638,430063,Amaral Ferrador,43032,Serras de Sudeste,4307,Sudeste Rio-grandense,43,RS,Rio Grande do Sul,4,Sul
4300646,430064,Ametista do Sul,43003,Frederico Westphalen,4301,Noroeste Rio-grandense,43,RS,Rio Grande do Sul,4,Sul
4300661,430066,André da Rocha,43014,Guaporé,4302,Nordeste Rio-grandense,43,RS,Rio Grande do Sul,4,Sul
4300703,430070,Anta Gorda,43014,Guaporé,4302,Nordeste Rio-grandense,43,RS,Rio Grande do Sul,4,Sul
4300802,430080,Antônio Prado,43016,Caxias do Sul,4302,Nordeste Rio-grandense,43,RS,Rio Grande do Sul,4,Sul
4300851,430085,Arambaré,43028,Camaquã,4305,Metropolitana de Porto Alegre,43,RS,Rio Grande do Sul,4,Sul
4300877,430087,Araricá,43026,Porto Alegre,4305,Metropolitana de Porto Alegre,43,RS,Rio Grande do Sul,4,Sul
4300901,430090,Aratiba,43004,Erechim,4301,Noroeste Rio-grandense,43,RS,Rio Grande do Sul,4,Sul
4301008,430100,Arroio do Meio,43021,Lajeado-Estrela,4304,Centro Oriental Rio-grandense,43,RS,Rio Grande do Sul,4,Sul
4301057,430105,Arroio do Sal,43027,Osório,4305,Metropolitana de Porto Alegre,43,RS,Rio Grande do Sul,4,Sul
4301073,430107,Arroio do Padre,43033,Pelotas,4307,Sudeste Rio-grandense,43,RS,Rio Grande do Sul,4,Sul
4301107,430110,Arroio dos Ratos,43025,São Jerônimo,4305,Metropolitana de Porto Alegre,43,RS,Rio Grande do Sul,4,Sul
4301206,430120,Arroio do Tigre,43020,Santa Cruz do Sul,4304,Centro Oriental Rio-grandense,43,RS,Rio Grande do Sul,4,Sul
4301305,430130,Arroio Grande,43034,Jaguarão,4307,Sudeste Rio-grandense,43,RS,Rio Grande do Sul,4,Sul
4301404,430140,Arvorezinha,43014,Guaporé,4302,Nordeste Rio-grandense,43,RS,Rio Grande do Sul,4,Sul
4301503,430150,Augusto Pestana,43008,Ijuí,4301,Noroeste Rio-grandense,43,RS,Rio Grande do Sul,4,Sul
4301552,430155,Áurea,43004,Erechim,4301,Noroeste Rio-grandense,43,RS,Rio Grande do Sul,4,Sul
4301602,430160,Bagé,43031,Campanha Meridional,4306,Sudoeste Rio-grandense,43,RS,Rio Grande do Sul,4,Sul
4301636,430163,Balneário Pinhal,43027,Osório,4305,Metropolitana de Porto Alegre,43,RS,Rio Grande do Sul,4,Sul
4301651,430165,Barão,43023,Montenegro,4305,Metropolitana de Porto Alegre,43,RS,Rio Grande do Sul,4,Sul
4301701,430170,Barão de Cotegipe,43004,Erechim,4301,Noroeste Rio-grandense,43,RS,Rio Grande do Sul,4,Sul
4301750,430175,Barão do Triunfo,43025,São Jerônimo,4305,Metropolitana de Porto Alegre,43,RS,Rio Grande do Sul,4,Sul
4301800,430180,Barracão,43005,Sananduva,4301,Noroeste Rio-grandense,43,RS,Rio Grande do Sul,4,Sul
4301859,430185,Barra do Guarita,43002,Três Passos,4301,Noroeste Rio-grandense,43,RS,Rio Grande do Sul,4,Sul
4301875,430187,Barra do Quaraí,43029,Campanha Ocidental,4306,Sudoeste Rio-grandense,43,RS,Rio Grande do Sul,4,Sul
4301909,430190,Barra do Ribeiro,43028,Camaquã,4305,Metropolitana de Porto Alegre,43,RS,Rio Grande do Sul,4,Sul
4301925,430192,Barra do Rio Azul,43004,Erechim,4301,Noroeste Rio-grandense,43,RS,Rio Grande do Sul,4,Sul
4301958,430195,Barra Funda,43009,Carazinho,4301,Noroeste Rio-grandense,43,RS,Rio Grande do Sul,4,Sul
4302006,430200,Barros Cassal,43013,Soledade,4301,Noroeste Rio-grandense,43,RS,Rio Grande do Sul,4,Sul
4302055,430205,Benjamin Constant do Sul,43004,Erechim,4301,Noroeste Rio-grandense,43,RS,Rio Grande do Sul,4,Sul
4302105,430210,Bento Gonçalves,43016,Caxias do Sul,4302,Nordeste Rio-grandense,43,RS,Rio Grande do Sul,4,Sul
4302154,430215,Boa Vista das Missões,43009,Carazinho,4301,Noroeste Rio-grandense,43,RS,Rio Grande do Sul,4,Sul
4302204,430220,Boa Vista do Buricá,43002,Três Passos,4301,Noroeste Rio-grandense,43,RS,Rio Grande do Sul,4,Sul
4302220,430222,Boa Vista do Cadeado,43011,Cruz Alta,4301,Noroeste Rio-grandense,43,RS,Rio Grande do Sul,4,Sul
4302238,430223,Boa Vista do Incra,43011,Cruz Alta,4301,Noroeste Rio-grandense,43,RS,Rio Grande do Sul,4,Sul
4302253,430225,Boa Vista do Sul,43016,Caxias do Sul,4302,Nordeste Rio-grandense,43,RS,Rio Grande do Sul,4,Sul
4302303,430230,Bom Jesus,43015,Vacaria,4302,Nordeste Rio-grandense,43,RS,Rio Grande do Sul,4,Sul
4302352,430235,Bom Princípio,43023,Montenegro,4305,Metropolitana de Porto Alegre,43,RS,Rio Grande do Sul,4,Sul
4302378,430237,Bom Progresso,43002,Três Passos,4301,Noroeste Rio-grandense,43,RS,Rio Grande do Sul,4,Sul
4302402,430240,Bom Retiro do Sul,43021,Lajeado-Estrela,4304,Centro Oriental Rio-grandense,43,RS,Rio Grande do Sul,4,Sul
4302451,430245,Boqueirão do Leão,43021,Lajeado-Estrela,4304,Centro Oriental Rio-grandense,43,RS,Rio Grande do Sul,4,Sul
4302501,430250,Bossoroca,43007,Santo Ângelo,4301,Noroeste Rio-grandense,43,RS,Rio Grande do Sul,4,Sul
4302584,430258,Bozano,43008,Ijuí,4301,Noroeste Rio-grandense,43,RS,Rio Grande do Sul,4,Sul
4302600,430260,Braga,43002,Três Passos,4301,Noroeste Rio-grandense,43,RS,Rio Grande do Sul,4,Sul
4302659,430265,Brochier,43023,Montenegro,4305,Metropolitana de Porto Alegre,43,RS,Rio Grande do Sul,4,Sul
4302709,430270,Butiá,43025,São Jerônimo,4305,Metropolitana de Porto Alegre,43,RS,Rio Grande do Sul,4,Sul
4302808,430280,Caçapava do Sul,43032,Serras de Sudeste,4307,Sudeste Rio-grandense,43,RS,Rio Grande do Sul,4,Sul
4302907,430290,Cacequi,43018,Santa Maria,4303,Centro Ocidental Rio-grandense,43,RS,Rio Grande do Sul,4,Sul
4303004,430300,Cachoeira do Sul,43022,Cachoeira do Sul,4304,Centro Oriental Rio-grandense,43,RS,Rio Grande do Sul,4,Sul
4303103,430310,Cachoeirinha,43026,Porto Alegre,4305,Metropolitana de Porto Alegre,43,RS,Rio Grande do Sul,4,Sul
4303202,430320,Cacique Doble,43005,Sananduva,4301,Noroeste Rio-grandense,43,RS,Rio Grande do Sul,4,Sul
4303301,430330,Caibaté,43006,Cerro Largo,4301,Noroeste Rio-grandense,43,RS,Rio Grande do Sul,4,Sul
4303400,430340,Caiçara,43003,Frederico Westphalen,4301,Noroeste Rio-grandense,43,RS,Rio Grande do Sul,4,Sul
4303509,430350,Camaquã,43028,Camaquã,4305,Metropolitana de Porto Alegre,43,RS,Rio Grande do Sul,4,Sul
4303558,430355,Camargo,43010,Passo Fundo,4301,Noroeste Rio-grandense,43,RS,Rio Grande do Sul,4,Sul
4303608,430360,Cambará do Sul,43015,Vacaria,4302,Nordeste Rio-grandense,43,RS,Rio Grande do Sul,4,Sul
4303673,430367,Campestre da Serra,43015,Vacaria,4302,Nordeste Rio-grandense,43,RS,Rio Grande do Sul,4,Sul
4303707,430370,Campina das Missões,43006,Cerro Largo,4301,Noroeste Rio-grandense,43,RS,Rio Grande do Sul,4,Sul
4303806,430380,Campinas do Sul,43004,Erechim,4301,Noroeste Rio-grandense,43,RS,Rio Grande do Sul,4,Sul
4303905,430390,Campo Bom,43026,Porto Alegre,4305,Metropolitana de Porto Alegre,43,RS,Rio Grande do Sul,4,Sul
4304002,430400,Campo Novo,43002,Três Passos,4301,Noroeste Rio-grandense,43,RS,Rio Grande do Sul,4,Sul
4304101,430410,Campos Borges,43011,Cruz Alta,4301,Noroeste Rio-grandense,43,RS,Rio Grande do Sul,4,Sul
4304200,430420,Candelária,43020,Santa Cruz do Sul,4304,Centro Oriental Rio-grandense,43,RS,Rio Grande do Sul,4,Sul
4304309,430430,Cândido Godói,43001,Santa Rosa,4301,Noroeste Rio-grandense,43,RS,Rio Grande do Sul,4,Sul
4304358,430435,Candiota,43032,Serras de Sudeste,4307,Sudeste Rio-grandense,43,RS,Rio Grande do Sul,4,Sul
4304408,430440,Canela,43024,Gramado-Canela,4305,Metropolitana de Porto Alegre,43,RS,Rio Grande do Sul,4,Sul
4304507,430450,Canguçu,43033,Pelotas,4307,Sudeste Rio-grandense,43,RS,Rio Grande do Sul,4,Sul
4304606,430460,Canoas,43026,Porto Alegre,4305,Metropolitana de Porto Alegre,43,RS,Rio Grande do Sul,4,Sul
4304614,430461,Canudos do Vale,43021,Lajeado-Estrela,4304,Centro Oriental Rio-grandense,43,RS,Rio Grande do Sul,4,Sul
4304622,430462,Capão Bonito do Sul,43015,Vacaria,4302,Nordeste Rio-grandense,43,RS,Rio Grande do Sul,4,Sul
4304630,430463,Capão da Canoa,43027,Osório,4305,Metropolitana de Porto Alegre,43,RS,Rio Grande do Sul,4,Sul
4304655,430465,Capão do Cipó,43017,Santiago,4303,Centro Ocidental Rio-grandense,43,RS,Rio Grande do Sul,4,Sul
4304663,430466,Capão do Leão,43033,Pelotas,4307,Sudeste Rio-grandense,43,RS,Rio Grande do Sul,4,Sul
4304671,430467,Capivari do Sul,43027,Osório,4305,Metropolitana de Porto Alegre,43,RS,Rio Grande do Sul,4,Sul
4304689,430468,Capela de Santana,43023,Montenegro,4305,Metropolitana de Porto Alegre,43,RS,Rio Grande do Sul,4,Sul
4304697,430469,Capitão,43021,Lajeado-Estrela,4304,Centro Oriental Rio-grandense,43,RS,Rio Grande do Sul,4,Sul
4304705,430470,Carazinho,43009,Carazinho,4301,Noroeste Rio-grandense,43,RS,Rio Grande do Sul,4,Sul
4304713,430471,Caraá,43027,Osório,4305,Metropolitana de Porto Alegre,43,RS,Rio Grande do Sul,4,Sul
4304804,430480,Carlos Barbosa,43016,Caxias do Sul,4302,Nordeste Rio-grandense,43,RS,Rio Grande do Sul,4,Sul
4304853,430485,Carlos Gomes,43004,Erechim,4301,Noroeste Rio-grandense,43,RS,Rio Grande do Sul,4,Sul
4304903,430490,Casca,43010,Passo Fundo,4301,Noroeste Rio-grandense,43,RS,Rio Grande do Sul,4,Sul
4304952,430495,Caseiros,43010,Passo Fundo,4301,Noroeste Rio-grandense,43,RS,Rio Grande do Sul,4,Sul
4305009,430500,Catuípe,43007,Santo Ângelo,4301,Noroeste Rio-grandense,43,RS,Rio Grande do Sul,4,Sul
4305108,430510,Caxias do Sul,43016,Caxias do Sul,4302,Nordeste Rio-grandense,43,RS,Rio Grande do Sul,4,Sul
4305116,430511,Centenário,43004,Erechim,4301,Noroeste Rio-grandense,43,RS,Rio Grande do Sul,4,Sul
4305124,430512,Cerrito,43033,Pelotas,4307,Sudeste Rio-grandense,43,RS,Rio Grande do Sul,4,Sul
4305132,430513,Cerro Branco,43022,Cachoeira do Sul,4304,Centro Oriental Rio-grandense,43,RS,Rio Grande do Sul,4,Sul
4305157,430515,Cerro Grande,43009,Carazinho,4301,Noroeste Rio-grandense,43,RS,Rio Grande do Sul,4,Sul
4305173,430517,Cerro Grande do Sul,43028,Camaquã,4305,Metropolitana de Porto Alegre,43,RS,Rio Grande do Sul,4,Sul
4305207,430520,Cerro Largo,43006,Cerro Largo,4301,Noroeste Rio-grandense,43,RS,Rio Grande do Sul,4,Sul
4305306,430530,Chapada,43009,Carazinho,4301,Noroeste Rio-grandense,43,RS,Rio Grande do Sul,4,Sul
4305355,430535,Charqueadas,43025,São Jerônimo,4305,Metropolitana de Porto Alegre,43,RS,Rio Grande do Sul,4,Sul
4305371,430537,Charrua,43010,Passo Fundo,4301,Noroeste Rio-grandense,43,RS,Rio Grande do Sul,4,Sul
4305405,430540,Chiapetta,43008,Ijuí,4301,Noroeste Rio-grandense,43,RS,Rio Grande do Sul,4,Sul
4305439,430543,Chuí,43035,Litoral Lagunar,4307,Sudeste Rio-grandense,43,RS,Rio Grande do Sul,4,Sul
4305447,430544,Chuvisca,43028,Camaquã,4305,Metropolitana de Porto Alegre,43,RS,Rio Grande do Sul,4,Sul
4305454,430545,Cidreira,43027,Osório,4305,Metropolitana de Porto Alegre,43,RS,Rio Grande do Sul,4,Sul
4305504,430550,Ciríaco,43010,Passo Fundo,4301,Noroeste Rio-grandense,43,RS,Rio Grande do Sul,4,Sul
4305587,430558,Colinas,43021,Lajeado-Estrela,4304,Centro Oriental Rio-grandense,43,RS,Rio Grande do Sul,4,Sul
4305603,430560,Colorado,43012,Não-Me-Toque,4301,Noroeste Rio-grandense,43,RS,Rio Grande do Sul,4,Sul
4305702,430570,Condor,43008,Ijuí,4301,Noroeste Rio-grandense,43,RS,Rio Grande do Sul,4,Sul
4305801,430580,Constantina,43003,Frederico Westphalen,4301,Noroeste Rio-grandense,43,RS,Rio Grande do Sul,4,Sul
4305835,430583,Coqueiro Baixo,43021,Lajeado-Estrela,4304,Centro Oriental Rio-grandense,43,RS,Rio Grande do Sul,4,Sul
4305850,430585,Coqueiros do Sul,43009,Carazinho,4301,Noroeste Rio-grandense,43,RS,Rio Grande do Sul,4,Sul
4305871,430587,Coronel Barros,43008,Ijuí,4301,Noroeste Rio-grandense,43,RS,Rio Grande do Sul,4,Sul
4305900,430590,Coronel Bicaco,43008,Ijuí,4301,Noroeste Rio-grandense,43,RS,Rio Grande do Sul,4,Sul
4305934,430593,Coronel Pilar,43016,Caxias do Sul,4302,Nordeste Rio-grandense,43,RS,Rio Grande do Sul,4,Sul
4305959,430595,Cotiporã,43016,Caxias do Sul,4302,Nordeste Rio-grandense,43,RS,Rio Grande do Sul,4,Sul
4305975,430597,Coxilha,43010,Passo Fundo,4301,Noroeste Rio-grandense,43,RS,Rio Grande do Sul,4,Sul
4306007,430600,Crissiumal,43002,Três Passos,4301,Noroeste Rio-grandense,43,RS,Rio Grande do Sul,4,Sul
4306056,430605,Cristal,43033,Pelotas,4307,Sudeste Rio-grandense,43,RS,Rio Grande do Sul,4,Sul
4306072,430607,Cristal do Sul,43003,Frederico Westphalen,4301,Noroeste Rio-grandense,43,RS,Rio Grande do Sul,4,Sul
4306106,430610,Cruz Alta,43011,Cruz Alta,4301,Noroeste Rio-grandense,43,RS,Rio Grande do Sul,4,Sul
4306130,430613,Cruzaltense,43004,Erechim,4301,Noroeste Rio-grandense,43,RS,Rio Grande do Sul,4,Sul
4306205,430620,Cruzeiro do Sul,43021,Lajeado-Estrela,4304,Centro Oriental Rio-grandense,43,RS,Rio Grande do Sul,4,Sul
4306304,430630,David Canabarro,43010,Passo Fundo,4301,Noroeste Rio-grandense,43,RS,Rio Grande do Sul,4,Sul
4306320,430632,Derrubadas,43002,Três Passos,4301,Noroeste Rio-grandense,43,RS,Rio Grande do Sul,4,Sul
4306353,430635,Dezesseis de Novembro,43007,Santo Ângelo,4301,Noroeste Rio-grandense,43,RS,Rio Grande do Sul,4,Sul
4306379,430637,Dilermando de Aguiar,43018,Santa Maria,4303,Centro Ocidental Rio-grandense,43,RS,Rio Grande do Sul,4,Sul
4306403,430640,Dois Irmãos,43024,Gramado-Canela,4305,Metropolitana de Porto Alegre,43,RS,Rio Grande do Sul,4,Sul
4306429,430642,Dois Irmãos das Missões,43003,Frederico Westphalen,4301,Noroeste Rio-grandense,43,RS,Rio Grande do Sul,4,Sul
4306452,430645,Dois Lajeados,43014,Guaporé,4302,Nordeste Rio-grandense,43,RS,Rio Grande do Sul,4,Sul
4306502,430650,Dom Feliciano,43028,Camaquã,4305,Metropolitana de Porto Alegre,43,RS,Rio Grande do Sul,4,Sul
4306551,430655,Dom Pedro de Alcântara,43027,Osório,4305,Metropolitana de Porto Alegre,43,RS,Rio Grande do Sul,4,Sul
4306601,430660,Dom Pedrito,43031,Campanha Meridional,4306,Sudoeste Rio-grandense,43,RS,Rio Grande do Sul,4,Sul
4306700,430670,Dona Francisca,43019,Restinga Seca,4303,Centro Ocidental Rio-grandense,43,RS,Rio Grande do Sul,4,Sul
4306734,430673,Doutor Maurício Cardoso,43002,Três Passos,4301,Noroeste Rio-grandense,43,RS,Rio Grande do Sul,4,Sul
4306759,430675,Doutor Ricardo,43021,Lajeado-Estrela,4304,Centro Oriental Rio-grandense,43,RS,Rio Grande do Sul,4,Sul
4306767,430676,Eldorado do Sul,43026,Porto Alegre,4305,Metropolitana de Porto Alegre,43,RS,Rio Grande do Sul,4,Sul
4306809,430680,Encantado,43021,Lajeado-Estrela,4304,Centro Oriental Rio-grandense,43,RS,Rio Grande do Sul,4,Sul
4306908,430690,Encruzilhada do Sul,43032,Serras de Sudeste,4307,Sudeste Rio-grandense,43,RS,Rio Grande do Sul,4,Sul
4306924,430692,Engenho Velho,43003,Frederico Westphalen,4301,Noroeste Rio-grandense,43,RS,Rio Grande do Sul,4,Sul
4306932,430693,Entre-Ijuís,43007,Santo Ângelo,4301,Noroeste Rio-grandense,43,RS,Rio Grande do Sul,4,Sul
4306957,430695,Entre Rios do Sul,43004,Erechim,4301,Noroeste Rio-grandense,43,RS,Rio Grande do Sul,4,Sul
4306973,430697,Erebango,43004,Erechim,4301,Noroeste Rio-grandense,43,RS,Rio Grande do Sul,4,Sul
4307005,430700,Erechim,43004,Erechim,4301,Noroeste Rio-grandense,43,RS,Rio Grande do Sul,4,Sul
4307054,430705,Ernestina,43010,Passo Fundo,4301,Noroeste Rio-grandense,43,RS,Rio Grande do Sul,4,Sul
4307104,430710,Herval,43034,Jaguarão,4307,Sudeste Rio-grandense,43,RS,Rio Grande do Sul,4,Sul
4307203,430720,Erval Grande,43004,Erechim,4301,Noroeste Rio-grandense,43,RS,Rio Grande do Sul,4,Sul
4307302,430730,Erval Seco,43003,Frederico Westphalen,4301,Noroeste Rio-grandense,43,RS,Rio Grande do Sul,4,Sul
4307401,430740,Esmeralda,43015,Vacaria,4302,Nordeste Rio-grandense,43,RS,Rio Grande do Sul,4,Sul
4307450,430745,Esperança do Sul,43002,Três Passos,4301,Noroeste Rio-grandense,43,RS,Rio Grande do Sul,4,Sul
4307500,430750,Espumoso,43011,Cruz Alta,4301,Noroeste Rio-grandense,43,RS,Rio Grande do Sul,4,Sul
4307559,430755,Estação,43004,Erechim,4301,Noroeste Rio-grandense,43,RS,Rio Grande do Sul,4,Sul
4307609,430760,Estância Velha,43026,Porto Alegre,4305,Metropolitana de Porto Alegre,43,RS,Rio Grande do Sul,4,Sul
4307708,430770,Esteio,43026,Porto Alegre,4305,Metropolitana de Porto Alegre,43,RS,Rio Grande do Sul,4,Sul
4307807,430780,Estrela,43021,Lajeado-Estrela,4304,Centro Oriental Rio-grandense,43,RS,Rio Grande do Sul,4,Sul
4307815,430781,Estrela Velha,43020,Santa Cruz do Sul,4304,Centro Oriental Rio-grandense,43,RS,Rio Grande do Sul,4,Sul
4307831,430783,Eugênio de Castro,43007,Santo Ângelo,4301,Noroeste Rio-grandense,43,RS,Rio Grande do Sul,4,Sul
4307864,430786,Fagundes Varela,43016,Caxias do Sul,4302,Nordeste Rio-grandense,43,RS,Rio Grande do Sul,4,Sul
4307906,430790,Farroupilha,43016,Caxias do Sul,4302,Nordeste Rio-grandense,43,RS,Rio Grande do Sul,4,Sul
4308003,430800,Faxinal do Soturno,43019,Restinga Seca,4303,Centro Ocidental Rio-grandense,43,RS,Rio Grande do Sul,4,Sul
4308052,430805,Faxinalzinho,43004,Erechim,4301,Noroeste Rio-grandense,43,RS,Rio Grande do Sul,4,Sul
4308078,430807,Fazenda Vilanova,43021,Lajeado-Estrela,4304,Centro Oriental Rio-grandense,43,RS,Rio Grande do Sul,4,Sul
4308102,430810,Feliz,43023,Montenegro,4305,Metropolitana de Porto Alegre,43,RS,Rio Grande do Sul,4,Sul
4308201,430820,Flores da Cunha,43016,Caxias do Sul,4302,Nordeste Rio-grandense,43,RS,Rio Grande do Sul,4,Sul
4308250,430825,Floriano Peixoto,43004,Erechim,4301,Noroeste Rio-grandense,43,RS,Rio Grande do Sul,4,Sul
4308300,430830,Fontoura Xavier,43013,Soledade,4301,Noroeste Rio-grandense,43,RS,Rio Grande do Sul,4,Sul
4308409,430840,Formigueiro,43019,Restinga Seca,4303,Centro Ocidental Rio-grandense,43,RS,Rio Grande do Sul,4,Sul
4308433,430843,Forquetinha,43021,Lajeado-Estrela,4304,Centro Oriental Rio-grandense,43,RS,Rio Grande do Sul,4,Sul
4308458,430845,Fortaleza dos Valos,43011,Cruz Alta,4301,Noroeste Rio-grandense,43,RS,Rio Grande do Sul,4,Sul
4308508,430850,Frederico Westphalen,43003,Frederico Westphalen,4301,Noroeste Rio-grandense,43,RS,Rio Grande do Sul,4,Sul
4308607,430860,Garibaldi,43016,Caxias do Sul,4302,Nordeste Rio-grandense,43,RS,Rio Grande do Sul,4,Sul
4308656,430865,Garruchos,43029,Campanha Ocidental,4306,Sudoeste Rio-grandense,43,RS,Rio Grande do Sul,4,Sul
4308706,430870,Gaurama,43004,Erechim,4301,Noroeste Rio-grandense,43,RS,Rio Grande do Sul,4,Sul
4308805,430880,General Câmara,43025,São Jerônimo,4305,Metropolitana de Porto Alegre,43,RS,Rio Grande do Sul,4,Sul
4308854,430885,Gentil,43010,Passo Fundo,4301,Noroeste Rio-grandense,43,RS,Rio Grande do Sul,4,Sul
4308904,430890,Getúlio Vargas,43004,Erechim,4301,Noroeste Rio-grandense,43,RS,Rio Grande do Sul,4,Sul
4309001,430900,Giruá,43007,Santo Ângelo,4301,Noroeste Rio-grandense,43,RS,Rio Grande do Sul,4,Sul
4309050,430905,Glorinha,43026,Porto Alegre,4305,Metropolitana de Porto Alegre,43,RS,Rio Grande do Sul,4,Sul
4309100,430910,Gramado,43024,Gramado-Canela,4305,Metropolitana de Porto Alegre,43,RS,Rio Grande do Sul,4,Sul
4309126,430912,Gramado dos Loureiros,43003,Frederico Westphalen,4301,Noroeste Rio-grandense,43,RS,Rio Grande do Sul,4,Sul
4309159,430915,Gramado Xavier,43020,Santa Cruz do Sul,4304,Centro Oriental Rio-grandense,43,RS,Rio Grande do Sul,4,Sul
4309209,430920,Gravataí,43026,Porto Alegre,4305,Metropolitana de Porto Alegre,43,RS,Rio Grande do Sul,4,Sul
4309258,430925,Guabiju,43014,Guaporé,4302,Nordeste Rio-grandense,43,RS,Rio Grande do Sul,4,Sul
4309308,430930,Guaíba,43026,Porto Alegre,4305,Metropolitana de Porto Alegre,43,RS,Rio Grande do Sul,4,Sul
4309407,430940,Guaporé,43014,Guaporé,4302,Nordeste Rio-grandense,43,RS,Rio Grande do Sul,4,Sul
4309506,430950,Guarani das Missões,43006,Cerro Largo,4301,Noroeste Rio-grandense,43,RS,Rio Grande do Sul,4,Sul
4309555,430955,Harmonia,43023,Montenegro,4305,Metropolitana de Porto Alegre,43,RS,Rio Grande do Sul,4,Sul
4309571,430957,Herveiras,43020,Santa Cruz do Sul,4304,Centro Oriental Rio-grandense,43,RS,Rio Grande do Sul,4,Sul
4309605,430960,Horizontina,43002,Três Passos,4301,Noroeste Rio-grandense,43,RS,Rio Grande do Sul,4,Sul
4309654,430965,Hulha Negra,43031,Campanha Meridional,4306,Sudoeste Rio-grandense,43,RS,Rio Grande do Sul,4,Sul
4309704,430970,Humaitá,43002,Três Passos,4301,Noroeste Rio-grandense,43,RS,Rio Grande do Sul,4,Sul
4309753,430975,Ibarama,43020,Santa Cruz do Sul,4304,Centro Oriental Rio-grandense,43,RS,Rio Grande do Sul,4,Sul
4309803,430980,Ibiaçá,43005,Sananduva,4301,Noroeste Rio-grandense,43,RS,Rio Grande do Sul,4,Sul
4309902,430990,Ibiraiaras,43010,Passo Fundo,4301,Noroeste Rio-grandense,43,RS,Rio Grande do Sul,4,Sul
4309951,430995,Ibirapuitã,43013,Soledade,4301,Noroeste Rio-grandense,43,RS,Rio Grande do Sul,4,Sul
4310009,431000,Ibirubá,43011,Cruz Alta,4301,Noroeste Rio-grandense,43,RS,Rio Grande do Sul,4,Sul
4310108,431010,Igrejinha,43024,Gramado-Canela,4305,Metropolitana de Porto Alegre,43,RS,Rio Grande do Sul,4,Sul
4310207,431020,Ijuí,43008,Ijuí,4301,Noroeste Rio-grandense,43,RS,Rio Grande do Sul,4,Sul
4310306,431030,Ilópolis,43014,Guaporé,4302,Nordeste Rio-grandense,43,RS,Rio Grande do Sul,4,Sul
4310330,431033,Imbé,43027,Osório,4305,Metropolitana de Porto Alegre,43,RS,Rio Grande do Sul,4,Sul
4310363,431036,Imigrante,43021,Lajeado-Estrela,4304,Centro Oriental Rio-grandense,43,RS,Rio Grande do Sul,4,Sul
4310405,431040,Independência,43001,Santa Rosa,4301,Noroeste Rio-grandense,43,RS,Rio Grande do Sul,4,Sul
4310413,431041,Inhacorá,43008,Ijuí,4301,Noroeste Rio-grandense,43,RS,Rio Grande do Sul,4,Sul
4310439,431043,Ipê,43015,Vacaria,4302,Nordeste Rio-grandense,43,RS,Rio Grande do Sul,4,Sul
4310462,431046,Ipiranga do Sul,43004,Erechim,4301,Noroeste Rio-grandense,43,RS,Rio Grande do Sul,4,Sul
4310504,431050,Iraí,43003,Frederico Westphalen,4301,Noroeste Rio-grandense,43,RS,Rio Grande do Sul,4,Sul
4310538,431053,Itaara,43018,Santa Maria,4303,Centro Ocidental Rio-grandense,43,RS,Rio Grande do Sul,4,Sul
4310553,431055,Itacurubi,43017,Santiago,4303,Centro Ocidental Rio-grandense,43,RS,Rio Grande do Sul,4,Sul
4310579,431057,Itapuca,43014,Guaporé,4302,Nordeste Rio-grandense,43,RS,Rio Grande do Sul,4,Sul
4310603,431060,Itaqui,43029,Campanha Ocidental,4306,Sudoeste Rio-grandense,43,RS,Rio Grande do Sul,4,Sul
4310652,431065,Itati,43027,Osório,4305,Metropolitana de Porto Alegre,43,RS,Rio Grande do Sul,4,Sul
4310702,431070,Itatiba do Sul,43004,Erechim,4301,Noroeste Rio-grandense,43,RS,Rio Grande do Sul,4,Sul
4310751,431075,Ivorá,43019,Restinga Seca,4303,Centro Ocidental Rio-grandense,43,RS,Rio Grande do Sul,4,Sul
4310801,431080,Ivoti,43024,Gramado-Canela,4305,Metropolitana de Porto Alegre,43,RS,Rio Grande do Sul,4,Sul
4310850,431085,Jaboticaba,43009,Carazinho,4301,Noroeste Rio-grandense,43,RS,Rio Grande do Sul,4,Sul
4310876,431087,Jacuizinho,43011,Cruz Alta,4301,Noroeste Rio-grandense,43,RS,Rio Grande do Sul,4,Sul
4310900,431090,Jacutinga,43004,Erechim,4301,Noroeste Rio-grandense,43,RS,Rio Grande do Sul,4,Sul
4311007,431100,Jaguarão,43034,Jaguarão,4307,Sudeste Rio-grandense,43,RS,Rio Grande do Sul,4,Sul
4311106,431110,Jaguari,43018,Santa Maria,4303,Centro Ocidental Rio-grandense,43,RS,Rio Grande do Sul,4,Sul
4311122,431112,Jaquirana,43015,Vacaria,4302,Nordeste Rio-grandense,43,RS,Rio Grande do Sul,4,Sul
4311130,431113,Jari,43017,Santiago,4303,Centro Ocidental Rio-grandense,43,RS,Rio Grande do Sul,4,Sul
4311155,431115,Jóia,43011,Cruz Alta,4301,Noroeste Rio-grandense,43,RS,Rio Grande do Sul,4,Sul
4311205,431120,Júlio de Castilhos,43017,Santiago,4303,Centro Ocidental Rio-grandense,43,RS,Rio Grande do Sul,4,Sul
4311239,431123,Lagoa Bonita do Sul,43020,Santa Cruz do Sul,4304,Centro Oriental Rio-grandense,43,RS,Rio Grande do Sul,4,Sul
4311254,431125,Lagoão,43013,Soledade,4301,Noroeste Rio-grandense,43,RS,Rio Grande do Sul,4,Sul
4311270,431127,Lagoa dos Três Cantos,43012,Não-Me-Toque,4301,Noroeste Rio-grandense,43,RS,Rio Grande do Sul,4,Sul
4311304,431130,Lagoa Vermelha,43015,Vacaria,4302,Nordeste Rio-grandense,43,RS,Rio Grande do Sul,4,Sul
4311403,431140,Lajeado,43021,Lajeado-Estrela,4304,Centro Oriental Rio-grandense,43,RS,Rio Grande do Sul,4,Sul
4311429,431142,Lajeado do Bugre,43009,Carazinho,4301,Noroeste Rio-grandense,43,RS,Rio Grande do Sul,4,Sul
4311502,431150,Lavras do Sul,43031,Campanha Meridional,4306,Sudoeste Rio-grandense,43,RS,Rio Grande do Sul,4,Sul
4311601,431160,Liberato Salzano,43003,Frederico Westphalen,4301,Noroeste Rio-grandense,43,RS,Rio Grande do Sul,4,Sul
4311627,431162,Lindolfo Collor,43024,Gramado-Canela,4305,Metropolitana de Porto Alegre,43,RS,Rio Grande do Sul,4,Sul
4311643,431164,Linha Nova,43023,Montenegro,4305,Metropolitana de Porto Alegre,43,RS,Rio Grande do Sul,4,Sul
4311700,431170,Machadinho,43005,Sananduva,4301,Noroeste Rio-grandense,43,RS,Rio Grande do Sul,4,Sul
4311718,431171,Maçambará,43029,Campanha Ocidental,4306,Sudoeste Rio-grandense,43,RS,Rio Grande do Sul,4,Sul
4311734,431173,Mampituba,43027,Osório,4305,Metropolitana de Porto Alegre,43,RS,Rio Grande do Sul,4,Sul
4311759,431175,Manoel Viana,43029,Campanha Ocidental,4306,Sudoeste Rio-grandense,43,RS,Rio Grande do Sul,4,Sul
4311775,431177,Maquiné,43027,Osório,4305,Metropolitana de Porto Alegre,43,RS,Rio Grande do Sul,4,Sul
4311791,431179,Maratá,43023,Montenegro,4305,Metropolitana de Porto Alegre,43,RS,Rio Grande do Sul,4,Sul
4311809,431180,Marau,43010,Passo Fundo,4301,Noroeste Rio-grandense,43,RS,Rio Grande do Sul,4,Sul
4311908,431190,Marcelino Ramos,43004,Erechim,4301,Noroeste Rio-grandense,43,RS,Rio Grande do Sul,4,Sul
4311981,431198,Mariana Pimentel,43026,Porto Alegre,4305,Metropolitana de Porto Alegre,43,RS,Rio Grande do Sul,4,Sul
4312005,431200,Mariano Moro,43004,Erechim,4301,Noroeste Rio-grandense,43,RS,Rio Grande do Sul,4,Sul
4312054,431205,Marques de Souza,43021,Lajeado-Estrela,4304,Centro Oriental Rio-grandense,43,RS,Rio Grande do Sul,4,Sul
4312104,431210,Mata,43018,Santa Maria,4303,Centro Ocidental Rio-grandense,43,RS,Rio Grande do Sul,4,Sul
4312138,431213,Mato Castelhano,43010,Passo Fundo,4301,Noroeste Rio-grandense,43,RS,Rio Grande do Sul,4,Sul
4312153,431215,Mato Leitão,43020,Santa Cruz do Sul,4304,Centro Oriental Rio-grandense,43,RS,Rio Grande do Sul,4,Sul
4312179,431217,Mato Queimado,43006,Cerro Largo,4301,Noroeste Rio-grandense,43,RS,Rio Grande do Sul,4,Sul
4312203,431220,Maximiliano de Almeida,43005,Sananduva,4301,Noroeste Rio-grandense,43,RS,Rio Grande do Sul,4,Sul
4312252,431225,Minas do Leão,43025,São Jerônimo,4305,Metropolitana de Porto Alegre,43,RS,Rio Grande do Sul,4,Sul
4312302,431230,Miraguaí,43002,Três Passos,4301,Noroeste Rio-grandense,43,RS,Rio Grande do Sul,4,Sul
4312351,431235,Montauri,43014,Guaporé,4302,Nordeste Rio-grandense,43,RS,Rio Grande do Sul,4,Sul
4312377,431237,Monte Alegre dos Campos,43015,Vacaria,4302,Nordeste Rio-grandense,43,RS,Rio Grande do Sul,4,Sul
4312385,431238,Monte Belo do Sul,43016,Caxias do Sul,4302,Nordeste Rio-grandense,43,RS,Rio Grande do Sul,4,Sul
4312401,431240,Montenegro,43023,Montenegro,4305,Metropolitana de Porto Alegre,43,RS,Rio Grande do Sul,4,Sul
4312427,431242,Mormaço,43013,Soledade,4301,Noroeste Rio-grandense,43,RS,Rio Grande do Sul,4,Sul
4312443,431244,Morrinhos do Sul,43027,Osório,4305,Metropolitana de Porto Alegre,43,RS,Rio Grande do Sul,4,Sul
4312450,431245,Morro Redondo,43033,Pelotas,4307,Sudeste Rio-grandense,43,RS,Rio Grande do Sul,4,Sul
4312476,431247,Morro Reuter,43024,Gramado-Canela,4305,Metropolitana de Porto Alegre,43,RS,Rio Grande do Sul,4,Sul
4312500,431250,Mostardas,43027,Osório,4305,Metropolitana de Porto Alegre,43,RS,Rio Grande do Sul,4,Sul
4312609,431260,Muçum,43021,Lajeado-Estrela,4304,Centro Oriental Rio-grandense,43,RS,Rio Grande do Sul,4,Sul
4312617,431261,Muitos Capões,43015,Vacaria,4302,Nordeste Rio-grandense,43,RS,Rio Grande do Sul,4,Sul
4312625,431262,Muliterno,43010,Passo Fundo,4301,Noroeste Rio-grandense,43,RS,Rio Grande do Sul,4,Sul
4312658,431265,Não-Me-Toque,43012,Não-Me-Toque,4301,Noroeste Rio-grandense,43,RS,Rio Grande do Sul,4,Sul
4312674,431267,Nicolau Vergueiro,43010,Passo Fundo,4301,Noroeste Rio-grandense,43,RS,Rio Grande do Sul,4,Sul
4312708,431270,Nonoai,43003,Frederico Westphalen,4301,Noroeste Rio-grandense,43,RS,Rio Grande do Sul,4,Sul
4312757,431275,Nova Alvorada,43014,Guaporé,4302,Nordeste Rio-grandense,43,RS,Rio Grande do Sul,4,Sul
4312807,431280,Nova Araçá,43014,Guaporé,4302,Nordeste Rio-grandense,43,RS,Rio Grande do Sul,4,Sul
4312906,431290,Nova Bassano,43014,Guaporé,4302,Nordeste Rio-grandense,43,RS,Rio Grande do Sul,4,Sul
4312955,431295,Nova Boa Vista,43009,Carazinho,4301,Noroeste Rio-grandense,43,RS,Rio Grande do Sul,4,Sul
4313003,431300,Nova Bréscia,43021,Lajeado-Estrela,4304,Centro Oriental Rio-grandense,43,RS,Rio Grande do Sul,4,Sul
4313011,431301,Nova Candelária,43002,Três Passos,4301,Noroeste Rio-grandense,43,RS,Rio Grande do Sul,4,Sul
4313037,431303,Nova Esperança do Sul,43018,Santa Maria,4303,Centro Ocidental Rio-grandense,43,RS,Rio Grande do Sul,4,Sul
4313060,431306,Nova Hartz,43026,Porto Alegre,4305,Metropolitana de Porto Alegre,43,RS,Rio Grande do Sul,4,Sul
4313086,431308,Nova Pádua,43016,Caxias do Sul,4302,Nordeste Rio-grandense,43,RS,Rio Grande do Sul,4,Sul
4313102,431310,Nova Palma,43019,Restinga Seca,4303,Centro Ocidental Rio-grandense,43,RS,Rio Grande do Sul,4,Sul
4313201,431320,Nova Petrópolis,43024,Gramado-Canela,4305,Metropolitana de Porto Alegre,43,RS,Rio Grande do Sul,4,Sul
4313300,431330,Nova Prata,43014,Guaporé,4302,Nordeste Rio-grandense,43,RS,Rio Grande do Sul,4,Sul
4313334,431333,Nova Ramada,43008,Ijuí,4301,Noroeste Rio-grandense,43,RS,Rio Grande do Sul,4,Sul
4313359,431335,Nova Roma do Sul,43016,Caxias do Sul,4302,Nordeste Rio-grandense,43,RS,Rio Grande do Sul,4,Sul
4313375,431337,Nova Santa Rita,43026,Porto Alegre,4305,Metropolitana de Porto Alegre,43,RS,Rio Grande do Sul,4,Sul
4313391,431339,Novo Cabrais,43022,Cachoeira do Sul,4304,Centro Oriental Rio-grandense,43,RS,Rio Grande do Sul,4,Sul
4313409,431340,Novo Hamburgo,43026,Porto Alegre,4305,Metropolitana de Porto Alegre,43,RS,Rio Grande do Sul,4,Sul
4313425,431342,Novo Machado,43001,Santa Rosa,4301,Noroeste Rio-grandense,43,RS,Rio Grande do Sul,4,Sul
4313441,431344,Novo Tiradentes,43003,Frederico Westphalen,4301,Noroeste Rio-grandense,43,RS,Rio Grande do Sul,4,Sul
4313466,431346,Novo Xingu,43003,Frederico Westphalen,4301,Noroeste Rio-grandense,43,RS,Rio Grande do Sul,4,Sul
4313490,431349,Novo Barreiro,43009,Carazinho,4301,Noroeste Rio-grandense,43,RS,Rio Grande do Sul,4,Sul
4313508,431350,Osório,43027,Osório,4305,Metropolitana de Porto Alegre,43,RS,Rio Grande do Sul,4,Sul
4313607,431360,Paim Filho,43005,Sananduva,4301,Noroeste Rio-grandense,43,RS,Rio Grande do Sul,4,Sul
4313656,431365,Palmares do Sul,43027,Osório,4305,Metropolitana de Porto Alegre,43,RS,Rio Grande do Sul,4,Sul
4313706,431370,Palmeira das Missões,43009,Carazinho,4301,Noroeste Rio-grandense,43,RS,Rio Grande do Sul,4,Sul
4313805,431380,Palmitinho,43003,Frederico Westphalen,4301,Noroeste Rio-grandense,43,RS,Rio Grande do Sul,4,Sul
4313904,431390,Panambi,43008,Ijuí,4301,Noroeste Rio-grandense,43,RS,Rio Grande do Sul,4,Sul
4313953,431395,Pantano Grande,43022,Cachoeira do Sul,4304,Centro Oriental Rio-grandense,43,RS,Rio Grande do Sul,4,Sul
4314001,431400,Paraí,43014,Guaporé,4302,Nordeste Rio-grandense,43,RS,Rio Grande do Sul,4,Sul
4314027,431402,Paraíso do Sul,43022,Cachoeira do Sul,4304,Centro Oriental Rio-grandense,43,RS,Rio Grande do Sul,4,Sul
4314035,431403,Pareci Novo,43023,Montenegro,4305,Metropolitana de Porto Alegre,43,RS,Rio Grande do Sul,4,Sul
4314050,431405,Parobé,43026,Porto Alegre,4305,Metropolitana de Porto Alegre,43,RS,Rio Grande do Sul,4,Sul
4314068,431406,Passa Sete,43020,Santa Cruz do Sul,4304,Centro Oriental Rio-grandense,43,RS,Rio Grande do Sul,4,Sul
4314076,431407,Passo do Sobrado,43022,Cachoeira do Sul,4304,Centro Oriental Rio-grandense,43,RS,Rio Grande do Sul,4,Sul
4314100,431410,Passo Fundo,43010,Passo Fundo,4301,Noroeste Rio-grandense,43,RS,Rio Grande do Sul,4,Sul
4314134,431413,Paulo Bento,43004,Erechim,4301,Noroeste Rio-grandense,43,RS,Rio Grande do Sul,4,Sul
4314159,431415,Paverama,43021,Lajeado-Estrela,4304,Centro Oriental Rio-grandense,43,RS,Rio Grande do Sul,4,Sul
4314175,431417,Pedras Altas,43032,Serras de Sudeste,4307,Sudeste Rio-grandense,43,RS,Rio Grande do Sul,4,Sul
4314209,431420,Pedro Osório,43033,Pelotas,4307,Sudeste Rio-grandense,43,RS,Rio Grande do Sul,4,Sul
4314308,431430,Pejuçara,43008,Ijuí,4301,Noroeste Rio-grandense,43,RS,Rio Grande do Sul,4,Sul
4314407,431440,Pelotas,43033,Pelotas,4307,Sudeste Rio-grandense,43,RS,Rio Grande do Sul,4,Sul
4314423,431442,Picada Café,43024,Gramado-Canela,4305,Metropolitana de Porto Alegre,43,RS,Rio Grande do Sul,4,Sul
4314456,431445,Pinhal,43009,Carazinho,4301,Noroeste Rio-grandense,43,RS,Rio Grande do Sul,4,Sul
4314464,431446,Pinhal da Serra,43015,Vacaria,4302,Nordeste Rio-grandense,43,RS,Rio Grande do Sul,4,Sul
4314472,431447,Pinhal Grande,43017,Santiago,4303,Centro Ocidental Rio-grandense,43,RS,Rio Grande do Sul,4,Sul
4314498,431449,Pinheirinho do Vale,43003,Frederico Westphalen,4301,Noroeste Rio-grandense,43,RS,Rio Grande do Sul,4,Sul
4314506,431450,Pinheiro Machado,43032,Serras de Sudeste,4307,Sudeste Rio-grandense,43,RS,Rio Grande do Sul,4,Sul
4314548,431454,Pinto Bandeira,43016,Caxias do Sul,4302,Nordeste Rio-grandense,43,RS,Rio Grande do Sul,4,Sul
4314555,431455,Pirapó,43007,Santo Ângelo,4301,Noroeste Rio-grandense,43,RS,Rio Grande do Sul,4,Sul
4314605,431460,Piratini,43032,Serras de Sudeste,4307,Sudeste Rio-grandense,43,RS,Rio Grande do Sul,4,Sul
4314704,431470,Planalto,43003,Frederico Westphalen,4301,Noroeste Rio-grandense,43,RS,Rio Grande do Sul,4,Sul
4314753,431475,Poço das Antas,43023,Montenegro,4305,Metropolitana de Porto Alegre,43,RS,Rio Grande do Sul,4,Sul
4314779,431477,Pontão,43010,Passo Fundo,4301,Noroeste Rio-grandense,43,RS,Rio Grande do Sul,4,Sul
4314787,431478,Ponte Preta,43004,Erechim,4301,Noroeste Rio-grandense,43,RS,Rio Grande do Sul,4,Sul
4314803,431480,Portão,43023,Montenegro,4305,Metropolitana de Porto Alegre,43,RS,Rio Grande do Sul,4,Sul
4314902,431490,Porto Alegre,43026,Porto Alegre,4305,Metropolitana de Porto Alegre,43,RS,Rio Grande do Sul,4,Sul
4315008,431500,Porto Lucena,43001,Santa Rosa,4301,Noroeste Rio-grandense,43,RS,Rio Grande do Sul,4,Sul
4315057,431505,Porto Mauá,43001,Santa Rosa,4301,Noroeste Rio-grandense,43,RS,Rio Grande do Sul,4,Sul
4315073,431507,Porto Vera Cruz,43001,Santa Rosa,4301,Noroeste Rio-grandense,43,RS,Rio Grande do Sul,4,Sul
4315107,431510,Porto Xavier,43006,Cerro Largo,4301,Noroeste Rio-grandense,43,RS,Rio Grande do Sul,4,Sul
4315131,431513,Pouso Novo,43021,Lajeado-Estrela,4304,Centro Oriental Rio-grandense,43,RS,Rio Grande do Sul,4,Sul
4315149,431514,Presidente Lucena,43024,Gramado-Canela,4305,Metropolitana de Porto Alegre,43,RS,Rio Grande do Sul,4,Sul
4315156,431515,Progresso,43021,Lajeado-Estrela,4304,Centro Oriental Rio-grandense,43,RS,Rio Grande do Sul,4,Sul
4315172,431517,Protásio Alves,43014,Guaporé,4302,Nordeste Rio-grandense,43,RS,Rio Grande do Sul,4,Sul
4315206,431520,Putinga,43014,Guaporé,4302,Nordeste Rio-grandense,43,RS,Rio Grande do Sul,4,Sul
4315305,431530,Quaraí,43029,Campanha Ocidental,4306,Sudoeste Rio-grandense,43,RS,Rio Grande do Sul,4,Sul
4315313,431531,Quatro Irmãos,43004,Erechim,4301,Noroeste Rio-grandense,43,RS,Rio Grande do Sul,4,Sul
4315321,431532,Quevedos,43017,Santiago,4303,Centro Ocidental Rio-grandense,43,RS,Rio Grande do Sul,4,Sul
4315354,431535,Quinze de Novembro,43011,Cruz Alta,4301,Noroeste Rio-grandense,43,RS,Rio Grande do Sul,4,Sul
4315404,431540,Redentora,43002,Três Passos,4301,Noroeste Rio-grandense,43,RS,Rio Grande do Sul,4,Sul
4315453,431545,Relvado,43021,Lajeado-Estrela,4304,Centro Oriental Rio-grandense,43,RS,Rio Grande do Sul,4,Sul
4315503,431550,Restinga Sêca,43019,Restinga Seca,4303,Centro Ocidental Rio-grandense,43,RS,Rio Grande do Sul,4,Sul
4315552,431555,Rio dos Índios,43003,Frederico Westphalen,4301,Noroeste Rio-grandense,43,RS,Rio Grande do Sul,4,Sul
4315602,431560,Rio Grande,43035,Litoral Lagunar,4307,Sudeste Rio-grandense,43,RS,Rio Grande do Sul,4,Sul
4315701,431570,Rio Pardo,43022,Cachoeira do Sul,4304,Centro Oriental Rio-grandense,43,RS,Rio Grande do Sul,4,Sul
4315750,431575,Riozinho,43024,Gramado-Canela,4305,Metropolitana de Porto Alegre,43,RS,Rio Grande do Sul,4,Sul
4315800,431580,Roca Sales,43021,Lajeado-Estrela,4304,Centro Oriental Rio-grandense,43,RS,Rio Grande do Sul,4,Sul
4315909,431590,Rodeio Bonito,43003,Frederico Westphalen,4301,Noroeste Rio-grandense,43,RS,Rio Grande do Sul,4,Sul
4315958,431595,Rolador,43007,Santo Ângelo,4301,Noroeste Rio-grandense,43,RS,Rio Grande do Sul,4,Sul
4316006,431600,Rolante,43024,Gramado-Canela,4305,Metropolitana de Porto Alegre,43,RS,Rio Grande do Sul,4,Sul
4316105,431610,Ronda Alta,43010,Passo Fundo,4301,Noroeste Rio-grandense,43,RS,Rio Grande do Sul,4,Sul
4316204,431620,Rondinha,43003,Frederico Westphalen,4301,Noroeste Rio-grandense,43,RS,Rio Grande do Sul,4,Sul
4316303,431630,Roque Gonzales,43006,Cerro Largo,4301,Noroeste Rio-grandense,43,RS,Rio Grande do Sul,4,Sul
4316402,431640,Rosário do Sul,43030,Campanha Central,4306,Sudoeste Rio-grandense,43,RS,Rio Grande do Sul,4,Sul
4316428,431642,Sagrada Família,43009,Carazinho,4301,Noroeste Rio-grandense,43,RS,Rio Grande do Sul,4,Sul
4316436,431643,Saldanha Marinho,43011,Cruz Alta,4301,Noroeste Rio-grandense,43,RS,Rio Grande do Sul,4,Sul
4316451,431645,Salto do Jacuí,43011,Cruz Alta,4301,Noroeste Rio-grandense,43,RS,Rio Grande do Sul,4,Sul
4316477,431647,Salvador das Missões,43006,Cerro Largo,4301,Noroeste Rio-grandense,43,RS,Rio Grande do Sul,4,Sul
4316501,431650,Salvador do Sul,43023,Montenegro,4305,Metropolitana de Porto Alegre,43,RS,Rio Grande do Sul,4,Sul
4316600,431660,Sananduva,43005,Sananduva,4301,Noroeste Rio-grandense,43,RS,Rio Grande do Sul,4,Sul
4316709,431670,Santa Bárbara do Sul,43011,Cruz Alta,4301,Noroeste Rio-grandense,43,RS,Rio Grande do Sul,4,Sul
4316733,431673,Santa Cecília do Sul,43010,Passo Fundo,4301,Noroeste Rio-grandense,43,RS,Rio Grande do Sul,4,Sul
4316758,431675,Santa Clara do Sul,43021,Lajeado-Estrela,4304,Centro Oriental Rio-grandense,43,RS,Rio Grande do Sul,4,Sul
4316808,431680,Santa Cruz do Sul,43020,Santa Cruz do Sul,4304,Centro Oriental Rio-grandense,43,RS,Rio Grande do Sul,4,Sul
4316907,431690,Santa Maria,43018,Santa Maria,4303,Centro Ocidental Rio-grandense,43,RS,Rio Grande do Sul,4,Sul
4316956,431695,Santa Maria do Herval,43024,Gramado-Canela,4305,Metropolitana de Porto Alegre,43,RS,Rio Grande do Sul,4,Sul
4316972,431697,Santa Margarida do Sul,43030,Campanha Central,4306,Sudoeste Rio-grandense,43,RS,Rio Grande do Sul,4,Sul
4317004,431700,Santana da Boa Vista,43032,Serras de Sudeste,4307,Sudeste Rio-grandense,43,RS,Rio Grande do Sul,4,Sul
4317103,431710,Sant'Ana do Livramento,43030,Campanha Central,4306,Sudoeste Rio-grandense,43,RS,Rio Grande do Sul,4,Sul
4317202,431720,Santa Rosa,43001,Santa Rosa,4301,Noroeste Rio-grandense,43,RS,Rio Grande do Sul,4,Sul
4317251,431725,Santa Tereza,43016,Caxias do Sul,4302,Nordeste Rio-grandense,43,RS,Rio Grande do Sul,4,Sul
4317301,431730,Santa Vitória do Palmar,43035,Litoral Lagunar,4307,Sudeste Rio-grandense,43,RS,Rio Grande do Sul,4,Sul
4317400,431740,Santiago,43017,Santiago,4303,Centro Ocidental Rio-grandense,43,RS,Rio Grande do Sul,4,Sul
4317509,431750,Santo Ângelo,43007,Santo Ângelo,4301,Noroeste Rio-grandense,43,RS,Rio Grande do Sul,4,Sul
4317558,431755,Santo Antônio do Palma,43010,Passo Fundo,4301,Noroeste Rio-grandense,43,RS,Rio Grande do Sul,4,Sul
4317608,431760,Santo Antônio da Patrulha,43027,Osório,4305,Metropolitana de Porto Alegre,43,RS,Rio Grande do Sul,4,Sul
4317707,431770,Santo Antônio das Missões,43007,Santo Ângelo,4301,Noroeste Rio-grandense,43,RS,Rio Grande do Sul,4,Sul
4317756,431775,Santo Antônio do Planalto,43009,Carazinho,4301,Noroeste Rio-grandense,43,RS,Rio Grande do Sul,4,Sul
4317806,431780,Santo Augusto,43008,Ijuí,4301,Noroeste Rio-grandense,43,RS,Rio Grande do Sul,4,Sul
4317905,431790,Santo Cristo,43001,Santa Rosa,4301,Noroeste Rio-grandense,43,RS,Rio Grande do Sul,4,Sul
4317954,431795,Santo Expedito do Sul,43005,Sananduva,4301,Noroeste Rio-grandense,43,RS,Rio Grande do Sul,4,Sul
4318002,431800,São Borja,43029,Campanha Ocidental,4306,Sudoeste Rio-grandense,43,RS,Rio Grande do Sul,4,Sul
4318051,431805,São Domingos do Sul,43010,Passo Fundo,4301,Noroeste Rio-grandense,43,RS,Rio Grande do Sul,4,Sul
4318101,431810,São Francisco de Assis,43029,Campanha Ocidental,4306,Sudoeste Rio-grandense,43,RS,Rio Grande do Sul,4,Sul
4318200,431820,São Francisco de Paula,43015,Vacaria,4302,Nordeste Rio-grandense,43,RS,Rio Grande do Sul,4,Sul
4318309,431830,São Gabriel,43030,Campanha Central,4306,Sudoeste Rio-grandense,43,RS,Rio Grande do Sul,4,Sul
4318408,431840,São Jerônimo,43025,São Jerônimo,4305,Metropolitana de Porto Alegre,43,RS,Rio Grande do Sul,4,Sul
4318424,431842,São João da Urtiga,43005,Sananduva,4301,Noroeste Rio-grandense,43,RS,Rio Grande do Sul,4,Sul
4318432,431843,São João do Polêsine,43019,Restinga Seca,4303,Centro Ocidental Rio-grandense,43,RS,Rio Grande do Sul,4,Sul
4318440,431844,São Jorge,43014,Guaporé,4302,Nordeste Rio-grandense,43,RS,Rio Grande do Sul,4,Sul
4318457,431845,São José das Missões,43009,Carazinho,4301,Noroeste Rio-grandense,43,RS,Rio Grande do Sul,4,Sul
4318465,431846,São José do Herval,43013,Soledade,4301,Noroeste Rio-grandense,43,RS,Rio Grande do Sul,4,Sul
4318481,431848,São José do Hortêncio,43023,Montenegro,4305,Metropolitana de Porto Alegre,43,RS,Rio Grande do Sul,4,Sul
4318499,431849,São José do Inhacorá,43001,Santa Rosa,4301,Noroeste Rio-grandense,43,RS,Rio Grande do Sul,4,Sul
4318507,431850,São José do Norte,43035,Litoral Lagunar,4307,Sudeste Rio-grandense,43,RS,Rio Grande do Sul,4,Sul
4318606,431860,São José do Ouro,43005,Sananduva,4301,Noroeste Rio-grandense,43,RS,Rio Grande do Sul,4,Sul
4318614,431861,São José do Sul,43023,Montenegro,4305,Metropolitana de Porto Alegre,43,RS,Rio Grande do Sul,4,Sul
4318622,431862,São José dos Ausentes,43015,Vacaria,4302,Nordeste Rio-grandense,43,RS,Rio Grande do Sul,4,Sul
4318705,431870,São Leopoldo,43026,Porto Alegre,4305,Metropolitana de Porto Alegre,43,RS,Rio Grande do Sul,4,Sul
4318804,431880,São Lourenço do Sul,43033,Pelotas,4307,Sudeste Rio-grandense,43,RS,Rio Grande do Sul,4,Sul
4318903,431890,São Luiz Gonzaga,43007,Santo Ângelo,4301,Noroeste Rio-grandense,43,RS,Rio Grande do Sul,4,Sul
4319000,431900,São Marcos,43016,Caxias do Sul,4302,Nordeste Rio-grandense,43,RS,Rio Grande do Sul,4,Sul
4319109,431910,São Martinho,43002,Três Passos,4301,Noroeste Rio-grandense,43,RS,Rio Grande do Sul,4,Sul
4319125,431912,São Martinho da Serra,43018,Santa Maria,4303,Centro Ocidental Rio-grandense,43,RS,Rio Grande do Sul,4,Sul
4319158,431915,São Miguel das Missões,43007,Santo Ângelo,4301,Noroeste Rio-grandense,43,RS,Rio Grande do Sul,4,Sul
4319208,431920,São Nicolau,43007,Santo Ângelo,4301,Noroeste Rio-grandense,43,RS,Rio Grande do Sul,4,Sul
4319307,431930,São Paulo das Missões,43006,Cerro Largo,4301,Noroeste Rio-grandense,43,RS,Rio Grande do Sul,4,Sul
4319356,431935,São Pedro da Serra,43023,Montenegro,4305,Metropolitana de Porto Alegre,43,RS,Rio Grande do Sul,4,Sul
4319364,431936,São Pedro das Missões,43009,Carazinho,4301,Noroeste Rio-grandense,43,RS,Rio Grande do Sul,4,Sul
4319372,431937,São Pedro do Butiá,43006,Cerro Largo,4301,Noroeste Rio-grandense,43,RS,Rio Grande do Sul,4,Sul
4319406,431940,São Pedro do Sul,43018,Santa Maria,4303,Centro Ocidental Rio-grandense,43,RS,Rio Grande do Sul,4,Sul
4319505,431950,São Sebastião do Caí,43023,Montenegro,4305,Metropolitana de Porto Alegre,43,RS,Rio Grande do Sul,4,Sul
4319604,431960,São Sepé,43018,Santa Maria,4303,Centro Ocidental Rio-grandense,43,RS,Rio Grande do Sul,4,Sul
4319703,431970,São Valentim,43004,Erechim,4301,Noroeste Rio-grandense,43,RS,Rio Grande do Sul,4,Sul
4319711,431971,São Valentim do Sul,43014,Guaporé,4302,Nordeste Rio-grandense,43,RS,Rio Grande do Sul,4,Sul
4319737,431973,São Valério do Sul,43008,Ijuí,4301,Noroeste Rio-grandense,43,RS,Rio Grande do Sul,4,Sul
4319752,431975,São Vendelino,43023,Montenegro,4305,Metropolitana de Porto Alegre,43,RS,Rio Grande do Sul,4,Sul
4319802,431980,São Vicente do Sul,43018,Santa Maria,4303,Centro Ocidental Rio-grandense,43,RS,Rio Grande do Sul,4,Sul
4319901,431990,Sapiranga,43026,Porto Alegre,4305,Metropolitana de Porto Alegre,43,RS,Rio Grande do Sul,4,Sul
4320008,432000,Sapucaia do Sul,43026,Porto Alegre,4305,Metropolitana de Porto Alegre,43,RS,Rio Grande do Sul,4,Sul
4320107,432010,Sarandi,43009,Carazinho,4301,Noroeste Rio-grandense,43,RS,Rio Grande do Sul,4,Sul
4320206,432020,Seberi,43003,Frederico Westphalen,4301,Noroeste Rio-grandense,43,RS,Rio Grande do Sul,4,Sul
4320230,432023,Sede Nova,43002,Três Passos,4301,Noroeste Rio-grandense,43,RS,Rio Grande do Sul,4,Sul
4320263,432026,Segredo,43020,Santa Cruz do Sul,4304,Centro Oriental Rio-grandense,43,RS,Rio Grande do Sul,4,Sul
4320305,432030,Selbach,43012,Não-Me-Toque,4301,Noroeste Rio-grandense,43,RS,Rio Grande do Sul,4,Sul
4320321,432032,Senador Salgado Filho,43007,Santo Ângelo,4301,Noroeste Rio-grandense,43,RS,Rio Grande do Sul,4,Sul
4320354,432035,Sentinela do Sul,43028,Camaquã,4305,Metropolitana de Porto Alegre,43,RS,Rio Grande do Sul,4,Sul
4320404,432040,Serafina Corrêa,43014,Guaporé,4302,Nordeste Rio-grandense,43,RS,Rio Grande do Sul,4,Sul
4320453,432045,Sério,43021,Lajeado-Estrela,4304,Centro Oriental Rio-grandense,43,RS,Rio Grande do Sul,4,Sul
4320503,432050,Sertão,43010,Passo Fundo,4301,Noroeste Rio-grandense,43,RS,Rio Grande do Sul,4,Sul
4320552,432055,Sertão Santana,43026,Porto Alegre,4305,Metropolitana de Porto Alegre,43,RS,Rio Grande do Sul,4,Sul
4320578,432057,Sete de Setembro,43006,Cerro Largo,4301,Noroeste Rio-grandense,43,RS,Rio Grande do Sul,4,Sul
4320602,432060,Severiano de Almeida,43004,Erechim,4301,Noroeste Rio-grandense,43,RS,Rio Grande do Sul,4,Sul
4320651,432065,Silveira Martins,43019,Restinga Seca,4303,Centro Ocidental Rio-grandense,43,RS,Rio Grande do Sul,4,Sul
4320677,432067,Sinimbu,43020,Santa Cruz do Sul,4304,Centro Oriental Rio-grandense,43,RS,Rio Grande do Sul,4,Sul
4320701,432070,Sobradinho,43020,Santa Cruz do Sul,4304,Centro Oriental Rio-grandense,43,RS,Rio Grande do Sul,4,Sul
4320800,432080,Soledade,43013,Soledade,4301,Noroeste Rio-grandense,43,RS,Rio Grande do Sul,4,Sul
4320859,432085,Tabaí,43021,Lajeado-Estrela,4304,Centro Oriental Rio-grandense,43,RS,Rio Grande do Sul,4,Sul
4320909,432090,Tapejara,43010,Passo Fundo,4301,Noroeste Rio-grandense,43,RS,Rio Grande do Sul,4,Sul
4321006,432100,Tapera,43012,Não-Me-Toque,4301,Noroeste Rio-grandense,43,RS,Rio Grande do Sul,4,Sul
4321105,432110,Tapes,43028,Camaquã,4305,Metropolitana de Porto Alegre,43,RS,Rio Grande do Sul,4,Sul
4321204,432120,Taquara,43024,Gramado-Canela,4305,Metropolitana de Porto Alegre,43,RS,Rio Grande do Sul,4,Sul
4321303,432130,Taquari,43021,Lajeado-Estrela,4304,Centro Oriental Rio-grandense,43,RS,Rio Grande do Sul,4,Sul
4321329,432132,Taquaruçu do Sul,43003,Frederico Westphalen,4301,Noroeste Rio-grandense,43,RS,Rio Grande do Sul,4,Sul
4321352,432135,Tavares,43027,Osório,4305,Metropolitana de Porto Alegre,43,RS,Rio Grande do Sul,4,Sul
4321402,432140,Tenente Portela,43002,Três Passos,4301,Noroeste Rio-grandense,43,RS,Rio Grande do Sul,4,Sul
4321436,432143,Terra de Areia,43027,Osório,4305,Metropolitana de Porto Alegre,43,RS,Rio Grande do Sul,4,Sul
4321451,432145,Teutônia,43021,Lajeado-Estrela,4304,Centro Oriental Rio-grandense,43,RS,Rio Grande do Sul,4,Sul
4321469,432146,Tio Hugo,43012,Não-Me-Toque,4301,Noroeste Rio-grandense,43,RS,Rio Grande do Sul,4,Sul
4321477,432147,Tiradentes do Sul,43002,Três Passos,4301,Noroeste Rio-grandense,43,RS,Rio Grande do Sul,4,Sul
4321493,432149,Toropi,43018,Santa Maria,4303,Centro Ocidental Rio-grandense,43,RS,Rio Grande do Sul,4,Sul
4321501,432150,Torres,43027,Osório,4305,Metropolitana de Porto Alegre,43,RS,Rio Grande do Sul,4,Sul
4321600,432160,Tramandaí,43027,Osório,4305,Metropolitana de Porto Alegre,43,RS,Rio Grande do Sul,4,Sul
4321626,432162,Travesseiro,43021,Lajeado-Estrela,4304,Centro Oriental Rio-grandense,43,RS,Rio Grande do Sul,4,Sul
4321634,432163,Três Arroios,43004,Erechim,4301,Noroeste Rio-grandense,43,RS,Rio Grande do Sul,4,Sul
4321667,432166,Três Cachoeiras,43027,Osório,4305,Metropolitana de Porto Alegre,43,RS,Rio Grande do Sul,4,Sul
4321709,432170,Três Coroas,43024,Gramado-Canela,4305,Metropolitana de Porto Alegre,43,RS,Rio Grande do Sul,4,Sul
4321808,432180,Três de Maio,43001,Santa Rosa,4301,Noroeste Rio-grandense,43,RS,Rio Grande do Sul,4,Sul
4321832,432183,Três Forquilhas,43027,Osório,4305,Metropolitana de Porto Alegre,43,RS,Rio Grande do Sul,4,Sul
4321857,432185,Três Palmeiras,43003,Frederico Westphalen,4301,Noroeste Rio-grandense,43,RS,Rio Grande do Sul,4,Sul
4321907,432190,Três Passos,43002,Três Passos,4301,Noroeste Rio-grandense,43,RS,Rio Grande do Sul,4,Sul
4321956,432195,Trindade do Sul,43003,Frederico Westphalen,4301,Noroeste Rio-grandense,43,RS,Rio Grande do Sul,4,Sul
4322004,432200,Triunfo,43025,São Jerônimo,4305,Metropolitana de Porto Alegre,43,RS,Rio Grande do Sul,4,Sul
4322103,432210,Tucunduva,43001,Santa Rosa,4301,Noroeste Rio-grandense,43,RS,Rio Grande do Sul,4,Sul
4322152,432215,Tunas,43013,Soledade,4301,Noroeste Rio-grandense,43,RS,Rio Grande do Sul,4,Sul
4322186,432218,Tupanci do Sul,43005,Sananduva,4301,Noroeste Rio-grandense,43,RS,Rio Grande do Sul,4,Sul
4322202,432220,Tupanciretã,43017,Santiago,4303,Centro Ocidental Rio-grandense,43,RS,Rio Grande do Sul,4,Sul
4322251,432225,Tupandi,43023,Montenegro,4305,Metropolitana de Porto Alegre,43,RS,Rio Grande do Sul,4,Sul
4322301,432230,Tuparendi,43001,Santa Rosa,4301,Noroeste Rio-grandense,43,RS,Rio Grande do Sul,4,Sul
4322327,432232,Turuçu,43033,Pelotas,4307,Sudeste Rio-grandense,43,RS,Rio Grande do Sul,4,Sul
4322343,432234,Ubiretama,43007,Santo Ângelo,4301,Noroeste Rio-grandense,43,RS,Rio Grande do Sul,4,Sul
4322350,432235,União da Serra,43014,Guaporé,4302,Nordeste Rio-grandense,43,RS,Rio Grande do Sul,4,Sul
4322376,432237,Unistalda,43017,Santiago,4303,Centro Ocidental Rio-grandense,43,RS,Rio Grande do Sul,4,Sul
4322400,432240,Uruguaiana,43029,Campanha Ocidental,4306,Sudoeste Rio-grandense,43,RS,Rio Grande do Sul,4,Sul
4322509,432250,Vacaria,43015,Vacaria,4302,Nordeste Rio-grandense,43,RS,Rio Grande do Sul,4,Sul
4322525,432252,Vale Verde,43025,São Jerônimo,4305,Metropolitana de Porto Alegre,43,RS,Rio Grande do Sul,4,Sul
4322533,432253,Vale do Sol,43020,Santa Cruz do Sul,4304,Centro Oriental Rio-grandense,43,RS,Rio Grande do Sul,4,Sul
4322541,432254,Vale Real,43023,Montenegro,4305,Metropolitana de Porto Alegre,43,RS,Rio Grande do Sul,4,Sul
4322558,432255,Vanini,43010,Passo Fundo,4301,Noroeste Rio-grandense,43,RS,Rio Grande do Sul,4,Sul
4322608,432260,Venâncio Aires,43020,Santa Cruz do Sul,4304,Centro Oriental Rio-grandense,43,RS,Rio Grande do Sul,4,Sul
4322707,432270,Vera Cruz,43020,Santa Cruz do Sul,4304,Centro Oriental Rio-grandense,43,RS,Rio Grande do Sul,4,Sul
4322806,432280,Veranópolis,43016,Caxias do Sul,4302,Nordeste Rio-grandense,43,RS,Rio Grande do Sul,4,Sul
4322855,432285,Vespasiano Corrêa,43021,Lajeado-Estrela,4304,Centro Oriental Rio-grandense,43,RS,Rio Grande do Sul,4,Sul
4322905,432290,Viadutos,43004,Erechim,4301,Noroeste Rio-grandense,43,RS,Rio Grande do Sul,4,Sul
4323002,432300,Viamão,43026,Porto Alegre,4305,Metropolitana de Porto Alegre,43,RS,Rio Grande do Sul,4,Sul
4323101,432310,Vicente Dutra,43003,Frederico Westphalen,4301,Noroeste Rio-grandense,43,RS,Rio Grande do Sul,4,Sul
4323200,432320,Victor Graeff,43012,Não-Me-Toque,4301,Noroeste Rio-grandense,43,RS,Rio Grande do Sul,4,Sul
4323309,432330,Vila Flores,43016,Caxias do Sul,4302,Nordeste Rio-grandense,43,RS,Rio Grande do Sul,4,Sul
4323358,432335,Vila Lângaro,43010,Passo Fundo,4301,Noroeste Rio-grandense,43,RS,Rio Grande do Sul,4,Sul
4323408,432340,Vila Maria,43010,Passo Fundo,4301,Noroeste Rio-grandense,43,RS,Rio Grande do Sul,4,Sul
4323457,432345,Vila Nova do Sul,43018,Santa Maria,4303,Centro Ocidental Rio-grandense,43,RS,Rio Grande do Sul,4,Sul
4323507,432350,Vista Alegre,43003,Frederico Westphalen,4301,Noroeste Rio-grandense,43,RS,Rio Grande do Sul,4,Sul
4323606,432360,Vista Alegre do Prata,43014,Guaporé,4302,Nordeste Rio-grandense,43,RS,Rio Grande do Sul,4,Sul
4323705,432370,Vista Gaúcha,43002,Três Passos,4301,Noroeste Rio-grandense,43,RS,Rio Grande do Sul,4,Sul
4323754,432375,Vitória das Missões,43007,Santo Ângelo,4301,Noroeste Rio-grandense,43,RS,Rio Grande do Sul,4,Sul
4323770,432377,Westfália,43021,Lajeado-Estrela,4304,Centro Oriental Rio-grandense,43,RS,Rio Grande do Sul,4,Sul
4323804,432380,Xangri-lá,43027,Osório,4305,Metropolitana de Porto Alegre,43,RS,Rio Grande do Sul,4,Sul
5000203,500020,Água Clara,50007,Três Lagoas,5003,Leste de Mato Grosso do Sul,50,MS,Mato Grosso do Sul,5,Centro-Oeste
5000252,500025,Alcinópolis,50003,Alto Taquari,5002,Centro Norte de Mato Grosso do Sul,50,MS,Mato Grosso do Sul,5,Centro-Oeste
5000609,500060,Amambai,50010,Dourados,5004,Sudoeste de Mato Grosso do Sul,50,MS,Mato Grosso do Sul,5,Centro-Oeste
5000708,500070,Anastácio,50002,Aquidauana,5001,Pantanais Sul Mato-grossense,50,MS,Mato Grosso do Sul,5,Centro-Oeste
5000807,500080,Anaurilândia,50008,Nova Andradina,5003,Leste de Mato Grosso do Sul,50,MS,Mato Grosso do Sul,5,Centro-Oeste
5000856,500085,Angélica,50011,Iguatemi,5004,Sudoeste de Mato Grosso do Sul,50,MS,Mato Grosso do Sul,5,Centro-Oeste
5000906,500090,Antônio João,50010,Dourados,5004,Sudoeste de Mato Grosso do Sul,50,MS,Mato Grosso do Sul,5,Centro-Oeste
5001003,500100,Aparecida do Taboado,50006,Paranaíba,5003,Leste de Mato Grosso do Sul,50,MS,Mato Grosso do Sul,5,Centro-Oeste
5001102,500110,Aquidauana,50002,Aquidauana,5001,Pantanais Sul Mato-grossense,50,MS,Mato Grosso do Sul,5,Centro-Oeste
5001243,500124,Aral Moreira,50010,Dourados,5004,Sudoeste de Mato Grosso do Sul,50,MS,Mato Grosso do Sul,5,Centro-Oeste
5001508,500150,Bandeirantes,50004,Campo Grande,5002,Centro Norte de Mato Grosso do Sul,50,MS,Mato Grosso do Sul,5,Centro-Oeste
5001904,500190,Bataguassu,50008,Nova Andradina,5003,Leste de Mato Grosso do Sul,50,MS,Mato Grosso do Sul,5,Centro-Oeste
5002001,500200,Batayporã,50008,Nova Andradina,5003,Leste de Mato Grosso do Sul,50,MS,Mato Grosso do Sul,5,Centro-Oeste
5002100,500210,Bela Vista,50009,Bodoquena,5004,Sudoeste de Mato Grosso do Sul,50,MS,Mato Grosso do Sul,5,Centro-Oeste
5002159,500215,Bodoquena,50009,Bodoquena,5004,Sudoeste de Mato Grosso do Sul,50,MS,Mato Grosso do Sul,5,Centro-Oeste
5002209,500220,Bonito,50009,Bodoquena,5004,Sudoeste de Mato Grosso do Sul,50,MS,Mato Grosso do Sul,5,Centro-Oeste
5002308,500230,Brasilândia,50007,Três Lagoas,5003,Leste de Mato Grosso do Sul,50,MS,Mato Grosso do Sul,5,Centro-Oeste
5002407,500240,Caarapó,50010,Dourados,5004,Sudoeste de Mato Grosso do Sul,50,MS,Mato Grosso do Sul,5,Centro-Oeste
5002605,500260,Camapuã,50003,Alto Taquari,5002,Centro Norte de Mato Grosso do Sul,50,MS,Mato Grosso do Sul,5,Centro-Oeste
5002704,500270,Campo Grande,50004,Campo Grande,5002,Centro Norte de Mato Grosso do Sul,50,MS,Mato Grosso do Sul,5,Centro-Oeste
5002803,500280,Caracol,50009,Bodoquena,5004,Sudoeste de Mato Grosso do Sul,50,MS,Mato Grosso do Sul,5,Centro-Oeste
5002902,500290,Cassilândia,50005,Cassilândia,5003,Leste de Mato Grosso do Sul,50,MS,Mato Grosso do Sul,5,Centro-Oeste
5002951,500295,Chapadão do Sul,50005,Cassilândia,5003,Leste de Mato Grosso do Sul,50,MS,Mato Grosso do Sul,5,Centro-Oeste
5003108,500310,Corguinho,50004,Campo Grande,5002,Centro Norte de Mato Grosso do Sul,50,MS,Mato Grosso do Sul,5,Centro-Oeste
5003157,500315,Coronel Sapucaia,50011,Iguatemi,5004,Sudoeste de Mato Grosso do Sul,50,MS,Mato Grosso do Sul,5,Centro-Oeste
5003207,500320,Corumbá,50001,Baixo Pantanal,5001,Pantanais Sul Mato-grossense,50,MS,Mato Grosso do Sul,5,Centro-Oeste
5003256,500325,Costa Rica,50005,Cassilândia,5003,Leste de Mato Grosso do Sul,50,MS,Mato Grosso do Sul,5,Centro-Oeste
5003306,500330,Coxim,50003,Alto Taquari,5002,Centro Norte de Mato Grosso do Sul,50,MS,Mato Grosso do Sul,5,Centro-Oeste
5003454,500345,Deodápolis,50011,Iguatemi,5004,Sudoeste de Mato Grosso do Sul,50,MS,Mato Grosso do Sul,5,Centro-Oeste
5003488,500348,Dois Irmãos do Buriti,50002,Aquidauana,5001,Pantanais Sul Mato-grossense,50,MS,Mato Grosso do Sul,5,Centro-Oeste
5003504,500350,Douradina,50010,Dourados,5004,Sudoeste de Mato Grosso do Sul,50,MS,Mato Grosso do Sul,5,Centro-Oeste
5003702,500370,Dourados,50010,Dourados,5004,Sudoeste de Mato Grosso do Sul,50,MS,Mato Grosso do Sul,5,Centro-Oeste
5003751,500375,Eldorado,50011,Iguatemi,5004,Sudoeste de Mato Grosso do Sul,50,MS,Mato Grosso do Sul,5,Centro-Oeste
5003801,500380,Fátima do Sul,50010,Dourados,5004,Sudoeste de Mato Grosso do Sul,50,MS,Mato Grosso do Sul,5,Centro-Oeste
5003900,500390,Figueirão,50003,Alto Taquari,5002,Centro Norte de Mato Grosso do Sul,50,MS,Mato Grosso do Sul,5,Centro-Oeste
5004007,500400,Glória de Dourados,50011,Iguatemi,5004,Sudoeste de Mato Grosso do Sul,50,MS,Mato Grosso do Sul,5,Centro-Oeste
5004106,500410,Guia Lopes da Laguna,50009,Bodoquena,5004,Sudoeste de Mato Grosso do Sul,50,MS,Mato Grosso do Sul,5,Centro-Oeste
5004304,500430,Iguatemi,50011,Iguatemi,5004,Sudoeste de Mato Grosso do Sul,50,MS,Mato Grosso do Sul,5,Centro-Oeste
5004403,500440,Inocência,50006,Paranaíba,5003,Leste de Mato Grosso do Sul,50,MS,Mato Grosso do Sul,5,Centro-Oeste
5004502,500450,Itaporã,50010,Dourados,5004,Sudoeste de Mato Grosso do Sul,50,MS,Mato Grosso do Sul,5,Centro-Oeste
5004601,500460,Itaquiraí,50011,Iguatemi,5004,Sudoeste de Mato Grosso do Sul,50,MS,Mato Grosso do Sul,5,Centro-Oeste
5004700,500470,Ivinhema,50011,Iguatemi,5004,Sudoeste de Mato Grosso do Sul,50,MS,Mato Grosso do Sul,5,Centro-Oeste
5004809,500480,Japorã,50011,Iguatemi,5004,Sudoeste de Mato Grosso do Sul,50,MS,Mato Grosso do Sul,5,Centro-Oeste
5004908,500490,Jaraguari,50004,Campo Grande,5002,Centro Norte de Mato Grosso do Sul,50,MS,Mato Grosso do Sul,5,Centro-Oeste
5005004,500500,Jardim,50009,Bodoquena,5004,Sudoeste de Mato Grosso do Sul,50,MS,Mato Grosso do Sul,5,Centro-Oeste
5005103,500510,Jateí,50011,Iguatemi,5004,Sudoeste de Mato Grosso do Sul,50,MS,Mato Grosso do Sul,5,Centro-Oeste
5005152,500515,Juti,50010,Dourados,5004,Sudoeste de Mato Grosso do Sul,50,MS,Mato Grosso do Sul,5,Centro-Oeste
5005202,500520,Ladário,50001,Baixo Pantanal,5001,Pantanais Sul Mato-grossense,50,MS,Mato Grosso do Sul,5,Centro-Oeste
5005251,500525,Laguna Carapã,50010,Dourados,5004,Sudoeste de Mato Grosso do Sul,50,MS,Mato Grosso do Sul,5,Centro-Oeste
5005400,500540,Maracaju,50010,Dourados,5004,Sudoeste de Mato Grosso do Sul,50,MS,Mato Grosso do Sul,5,Centro-Oeste
5005608,500560,Miranda,50002,Aquidauana,5001,Pantanais Sul Mato-grossense,50,MS,Mato Grosso do Sul,5,Centro-Oeste
5005681,500568,Mundo Novo,50011,Iguatemi,5004,Sudoeste de Mato Grosso do Sul,50,MS,Mato Grosso do Sul,5,Centro-Oeste
5005707,500570,Naviraí,50011,Iguatemi,5004,Sudoeste de Mato Grosso do Sul,50,MS,Mato Grosso do Sul,5,Centro-Oeste
5005806,500580,Nioaque,50009,Bodoquena,5004,Sudoeste de Mato Grosso do Sul,50,MS,Mato Grosso do Sul,5,Centro-Oeste
5006002,500600,Nova Alvorada do Sul,50010,Dourados,5004,Sudoeste de Mato Grosso do Sul,50,MS,Mato Grosso do Sul,5,Centro-Oeste
5006200,500620,Nova Andradina,50008,Nova Andradina,5003,Leste de Mato Grosso do Sul,50,MS,Mato Grosso do Sul,5,Centro-Oeste
5006259,500625,Novo Horizonte do Sul,50011,Iguatemi,5004,Sudoeste de Mato Grosso do Sul,50,MS,Mato Grosso do Sul,5,Centro-Oeste
5006275,500627,Paraíso das Águas,50005,Cassilândia,5003,Leste de Mato Grosso do Sul,50,MS,Mato Grosso do Sul,5,Centro-Oeste
5006309,500630,Paranaíba,50006,Paranaíba,5003,Leste de Mato Grosso do Sul,50,MS,Mato Grosso do Sul,5,Centro-Oeste
5006358,500635,Paranhos,50011,Iguatemi,5004,Sudoeste de Mato Grosso do Sul,50,MS,Mato Grosso do Sul,5,Centro-Oeste
5006408,500640,Pedro Gomes,50003,Alto Taquari,5002,Centro Norte de Mato Grosso do Sul,50,MS,Mato Grosso do Sul,5,Centro-Oeste
5006606,500660,Ponta Porã,50010,Dourados,5004,Sudoeste de Mato Grosso do Sul,50,MS,Mato Grosso do Sul,5,Centro-Oeste
5006903,500690,Porto Murtinho,50001,Baixo Pantanal,5001,Pantanais Sul Mato-grossense,50,MS,Mato Grosso do Sul,5,Centro-Oeste
5007109,500710,Ribas do Rio Pardo,50007,Três Lagoas,5003,Leste de Mato Grosso do Sul,50,MS,Mato Grosso do Sul,5,Centro-Oeste
5007208,500720,Rio Brilhante,50010,Dourados,5004,Sudoeste de Mato Grosso do Sul,50,MS,Mato Grosso do Sul,5,Centro-Oeste
5007307,500730,Rio Negro,50004,Campo Grande,5002,Centro Norte de Mato Grosso do Sul,50,MS,Mato Grosso do Sul,5,Centro-Oeste
5007406,500740,Rio Verde de Mato Grosso,50003,Alto Taquari,5002,Centro Norte de Mato Grosso do Sul,50,MS,Mato Grosso do Sul,5,Centro-Oeste
5007505,500750,Rochedo,50004,Campo Grande,5002,Centro Norte de Mato Grosso do Sul,50,MS,Mato Grosso do Sul,5,Centro-Oeste
5007554,500755,Santa Rita do Pardo,50007,Três Lagoas,5003,Leste de Mato Grosso do Sul,50,MS,Mato Grosso do Sul,5,Centro-Oeste
5007695,500769,São Gabriel do Oeste,50003,Alto Taquari,5002,Centro Norte de Mato Grosso do Sul,50,MS,Mato Grosso do Sul,5,Centro-Oeste
5007703,500770,Sete Quedas,50011,Iguatemi,5004,Sudoeste de Mato Grosso do Sul,50,MS,Mato Grosso do Sul,5,Centro-Oeste
5007802,500780,Selvíria,50006,Paranaíba,5003,Leste de Mato Grosso do Sul,50,MS,Mato Grosso do Sul,5,Centro-Oeste
5007901,500790,Sidrolândia,50004,Campo Grande,5002,Centro Norte de Mato Grosso do Sul,50,MS,Mato Grosso do Sul,5,Centro-Oeste
5007935,500793,Sonora,50003,Alto Taquari,5002,Centro Norte de Mato Grosso do Sul,50,MS,Mato Grosso do Sul,5,Centro-Oeste
5007950,500795,Tacuru,50011,Iguatemi,5004,Sudoeste de Mato Grosso do Sul,50,MS,Mato Grosso do Sul,5,Centro-Oeste
5007976,500797,Taquarussu,50008,Nova Andradina,5003,Leste de Mato Grosso do Sul,50,MS,Mato Grosso do Sul,5,Centro-Oeste
5008008,500800,Terenos,50004,Campo Grande,5002,Centro Norte de Mato Grosso do Sul,50,MS,Mato Grosso do Sul,5,Centro-Oeste
5008305,500830,Três Lagoas,50007,Três Lagoas,5003,Leste de Mato Grosso do Sul,50,MS,Mato Grosso do Sul,5,Centro-Oeste
5008404,500840,Vicentina,50010,Dourados,5004,Sudoeste de Mato Grosso do Sul,50,MS,Mato Grosso do Sul,5,Centro-Oeste
5100102,510010,Acorizal,51016,Rosário Oeste,5104,Centro-Sul Mato-grossense,51,MT,Mato Grosso,5,Centro-Oeste
5100201,510020,Água Boa,51010,Canarana,5102,Nordeste Mato-grossense,51,MT,Mato Grosso,5,Centro-Oeste
5100250,510025,Alta Floresta,51002,Alta Floresta,5101,Norte Mato-grossense,51,MT,Mato Grosso,5,Centro-Oeste
5100300,510030,Alto Araguaia,51022,Alto Araguaia,5105,Sudeste Mato-grossense,51,MT,Mato Grosso,5,Centro-Oeste
5100359,510035,Alto Boa Vista,51009,Norte Araguaia,5102,Nordeste Mato-grossense,51,MT,Mato Grosso,5,Centro-Oeste
5100409,510040,Alto Garças,51022,Alto Araguaia,5105,Sudeste Mato-grossense,51,MT,Mato Grosso,5,Centro-Oeste
5100508,510050,Alto Paraguai,51015,Alto Paraguai,5104,Centro-Sul Mato-grossense,51,MT,Mato Grosso,5,Centro-Oeste
5100607,510060,Alto Taquari,51022,Alto Araguaia,5105,Sudeste Mato-grossense,51,MT,Mato Grosso,5,Centro-Oeste
5100805,510080,Apiacás,51002,Alta Floresta,5101,Norte Mato-grossense,51,MT,Mato Grosso,5,Centro-Oeste
5101001,510100,Araguaiana,51011,Médio Araguaia,5102,Nordeste Mato-grossense,51,MT,Mato Grosso,5,Centro-Oeste
5101209,510120,Araguainha,51020,Tesouro,5105,Sudeste Mato-grossense,51,MT,Mato Grosso,5,Centro-Oeste
5101258,510125,Araputanga,51014,Jauru,5103,Sudoeste Mato-grossense,51,MT,Mato Grosso,5,Centro-Oeste
5101308,510130,Arenápolis,51015,Alto Paraguai,5104,Centro-Sul Mato-grossense,51,MT,Mato Grosso,5,Centro-Oeste
5101407,510140,Aripuanã,51001,Aripuanã,5101,Norte Mato-grossense,51,MT,Mato Grosso,5,Centro-Oeste
5101605,510160,Barão de Melgaço,51018,Alto Pantanal,5104,Centro-Sul Mato-grossense,51,MT,Mato Grosso,5,Centro-Oeste
5101704,510170,Barra do Bugres,51013,Tangará da Serra,5103,Sudoeste Mato-grossense,51,MT,Mato Grosso,5,Centro-Oeste
5101803,510180,Barra do Garças,51011,Médio Araguaia,5102,Nordeste Mato-grossense,51,MT,Mato Grosso,5,Centro-Oeste
5101852,510185,Bom Jesus do Araguaia,51009,Norte Araguaia,5102,Nordeste Mato-grossense,51,MT,Mato Grosso,5,Centro-Oeste
5101902,510190,Brasnorte,51001,Aripuanã,5101,Norte Mato-grossense,51,MT,Mato Grosso,5,Centro-Oeste
5102504,510250,Cáceres,51018,Alto Pantanal,5104,Centro-Sul Mato-grossense,51,MT,Mato Grosso,5,Centro-Oeste
5102603,510260,Campinápolis,51010,Canarana,5102,Nordeste Mato-grossense,51,MT,Mato Grosso,5,Centro-Oeste
5102637,510263,Campo Novo do Parecis,51004,Parecis,5101,Norte Mato-grossense,51,MT,Mato Grosso,5,Centro-Oeste
5102678,510267,Campo Verde,51019,Primavera do Leste,5105,Sudeste Mato-grossense,51,MT,Mato Grosso,5,Centro-Oeste
5102686,510268,Campos de Júlio,51004,Parecis,5101,Norte Mato-grossense,51,MT,Mato Grosso,5,Centro-Oeste
5102694,510269,Canabrava do Norte,51009,Norte Araguaia,5102,Nordeste Mato-grossense,51,MT,Mato Grosso,5,Centro-Oeste
5102702,510270,Canarana,51010,Canarana,5102,Nordeste Mato-grossense,51,MT,Mato Grosso,5,Centro-Oeste
5102793,510279,Carlinda,51002,Alta Floresta,5101,Norte Mato-grossense,51,MT,Mato Grosso,5,Centro-Oeste
5102850,510285,Castanheira,51001,Aripuanã,5101,Norte Mato-grossense,51,MT,Mato Grosso,5,Centro-Oeste
5103007,510300,Chapada dos Guimarães,51017,Cuiabá,5104,Centro-Sul Mato-grossense,51,MT,Mato Grosso,5,Centro-Oeste
5103056,510305,Cláudia,51007,Sinop,5101,Norte Mato-grossense,51,MT,Mato Grosso,5,Centro-Oeste
5103106,510310,Cocalinho,51011,Médio Araguaia,5102,Nordeste Mato-grossense,51,MT,Mato Grosso,5,Centro-Oeste
5103205,510320,Colíder,51003,Colíder,5101,Norte Mato-grossense,51,MT,Mato Grosso,5,Centro-Oeste
5103254,510325,Colniza,51001,Aripuanã,5101,Norte Mato-grossense,51,MT,Mato Grosso,5,Centro-Oeste
5103304,510330,Comodoro,51004,Parecis,5101,Norte Mato-grossense,51,MT,Mato Grosso,5,Centro-Oeste
5103353,510335,Confresa,51009,Norte Araguaia,5102,Nordeste Mato-grossense,51,MT,Mato Grosso,5,Centro-Oeste
5103361,510336,Conquista D'Oeste,51012,Alto Guaporé,5103,Sudoeste Mato-grossense,51,MT,Mato Grosso,5,Centro-Oeste
5103379,510337,Cotriguaçu,51001,Aripuanã,5101,Norte Mato-grossense,51,MT,Mato Grosso,5,Centro-Oeste
5103403,510340,Cuiabá,51017,Cuiabá,5104,Centro-Sul Mato-grossense,51,MT,Mato Grosso,5,Centro-Oeste
5103437,510343,Curvelândia,51018,Alto Pantanal,5104,Centro-Sul Mato-grossense,51,MT,Mato Grosso,5,Centro-Oeste
5103452,510345,Denise,51013,Tangará da Serra,5103,Sudoeste Mato-grossense,51,MT,Mato Grosso,5,Centro-Oeste
5103502,510350,Diamantino,51004,Parecis,5101,Norte Mato-grossense,51,MT,Mato Grosso,5,Centro-Oeste
5103601,510360,Dom Aquino,51021,Rondonópolis,5105,Sudeste Mato-grossense,51,MT,Mato Grosso,5,Centro-Oeste
5103700,510370,Feliz Natal,51007,Sinop,5101,Norte Mato-grossense,51,MT,Mato Grosso,5,Centro-Oeste
5103809,510380,Figueirópolis D'Oeste,51014,Jauru,5103,Sudoeste Mato-grossense,51,MT,Mato Grosso,5,Centro-Oeste
5103858,510385,Gaúcha do Norte,51008,Paranatinga,5101,Norte Mato-grossense,51,MT,Mato Grosso,5,Centro-Oeste
5103908,510390,General Carneiro,51020,Tesouro,5105,Sudeste Mato-grossense,51,MT,Mato Grosso,5,Centro-Oeste
5103957,510395,Glória D'Oeste,51014,Jauru,5103,Sudoeste Mato-grossense,51,MT,Mato Grosso,5,Centro-Oeste
5104104,510410,Guarantã do Norte,51003,Colíder,5101,Norte Mato-grossense,51,MT,Mato Grosso,5,Centro-Oeste
5104203,510420,Guiratinga,51020,Tesouro,5105,Sudeste Mato-grossense,51,MT,Mato Grosso,5,Centro-Oeste
5104500,510450,Indiavaí,51014,Jauru,5103,Sudoeste Mato-grossense,51,MT,Mato Grosso,5,Centro-Oeste
5104526,510452,Ipiranga do Norte,51006,Alto Teles Pires,5101,Norte Mato-grossense,51,MT,Mato Grosso,5,Centro-Oeste
5104542,510454,Itanhangá,51006,Alto Teles Pires,5101,Norte Mato-grossense,51,MT,Mato Grosso,5,Centro-Oeste
5104559,510455,Itaúba,51007,Sinop,5101,Norte Mato-grossense,51,MT,Mato Grosso,5,Centro-Oeste
5104609,510460,Itiquira,51021,Rondonópolis,5105,Sudeste Mato-grossense,51,MT,Mato Grosso,5,Centro-Oeste
5104807,510480,Jaciara,51021,Rondonópolis,5105,Sudeste Mato-grossense,51,MT,Mato Grosso,5,Centro-Oeste
5104906,510490,Jangada,51016,Rosário Oeste,5104,Centro-Sul Mato-grossense,51,MT,Mato Grosso,5,Centro-Oeste
5105002,510500,Jauru,51014,Jauru,5103,Sudoeste Mato-grossense,51,MT,Mato Grosso,5,Centro-Oeste
5105101,510510,Juara,51005,Arinos,5101,Norte Mato-grossense,51,MT,Mato Grosso,5,Centro-Oeste
5105150,510515,Juína,51001,Aripuanã,5101,Norte Mato-grossense,51,MT,Mato Grosso,5,Centro-Oeste
5105176,510517,Juruena,51001,Aripuanã,5101,Norte Mato-grossense,51,MT,Mato Grosso,5,Centro-Oeste
5105200,510520,Juscimeira,51021,Rondonópolis,5105,Sudeste Mato-grossense,51,MT,Mato Grosso,5,Centro-Oeste
5105234,510523,Lambari D'Oeste,51014,Jauru,5103,Sudoeste Mato-grossense,51,MT,Mato Grosso,5,Centro-Oeste
5105259,510525,Lucas do Rio Verde,51006,Alto Teles Pires,5101,Norte Mato-grossense,51,MT,Mato Grosso,5,Centro-Oeste
5105309,510530,Luciara,51009,Norte Araguaia,5102,Nordeste Mato-grossense,51,MT,Mato Grosso,5,Centro-Oeste
5105507,510550,Vila Bela da Santíssima Trindade,51012,Alto Guaporé,5103,Sudoeste Mato-grossense,51,MT,Mato Grosso,5,Centro-Oeste
5105580,510558,Marcelândia,51007,Sinop,5101,Norte Mato-grossense,51,MT,Mato Grosso,5,Centro-Oeste
5105606,510560,Matupá,51003,Colíder,5101,Norte Mato-grossense,51,MT,Mato Grosso,5,Centro-Oeste
5105622,510562,Mirassol d'Oeste,51014,Jauru,5103,Sudoeste Mato-grossense,51,MT,Mato Grosso,5,Centro-Oeste
5105903,510590,Nobres,51006,Alto Teles Pires,5101,Norte Mato-grossense,51,MT,Mato Grosso,5,Centro-Oeste
5106000,510600,Nortelândia,51015,Alto Paraguai,5104,Centro-Sul Mato-grossense,51,MT,Mato Grosso,5,Centro-Oeste
5106109,510610,Nossa Senhora do Livramento,51017,Cuiabá,5104,Centro-Sul Mato-grossense,51,MT,Mato Grosso,5,Centro-Oeste
5106158,510615,Nova Bandeirantes,51002,Alta Floresta,5101,Norte Mato-grossense,51,MT,Mato Grosso,5,Centro-Oeste
5106174,510617,Nova Nazaré,51010,Canarana,5102,Nordeste Mato-grossense,51,MT,Mato Grosso,5,Centro-Oeste
5106182,510618,Nova Lacerda,51012,Alto Guaporé,5103,Sudoeste Mato-grossense,51,MT,Mato Grosso,5,Centro-Oeste
5106190,510619,Nova Santa Helena,51007,Sinop,5101,Norte Mato-grossense,51,MT,Mato Grosso,5,Centro-Oeste
5106208,510620,Nova Brasilândia,51008,Paranatinga,5101,Norte Mato-grossense,51,MT,Mato Grosso,5,Centro-Oeste
5106216,510621,Nova Canaã do Norte,51003,Colíder,5101,Norte Mato-grossense,51,MT,Mato Grosso,5,Centro-Oeste
5106224,510622,Nova Mutum,51006,Alto Teles Pires,5101,Norte Mato-grossense,51,MT,Mato Grosso,5,Centro-Oeste
5106232,510623,Nova Olímpia,51013,Tangará da Serra,5103,Sudoeste Mato-grossense,51,MT,Mato Grosso,5,Centro-Oeste
5106240,510624,Nova Ubiratã,51006,Alto Teles Pires,5101,Norte Mato-grossense,51,MT,Mato Grosso,5,Centro-Oeste
5106257,510625,Nova Xavantina,51010,Canarana,5102,Nordeste Mato-grossense,51,MT,Mato Grosso,5,Centro-Oeste
5106265,510626,Novo Mundo,51003,Colíder,5101,Norte Mato-grossense,51,MT,Mato Grosso,5,Centro-Oeste
5106273,510627,Novo Horizonte do Norte,51005,Arinos,5101,Norte Mato-grossense,51,MT,Mato Grosso,5,Centro-Oeste
5106281,510628,Novo São Joaquim,51010,Canarana,5102,Nordeste Mato-grossense,51,MT,Mato Grosso,5,Centro-Oeste
5106299,510629,Paranaíta,51002,Alta Floresta,5101,Norte Mato-grossense,51,MT,Mato Grosso,5,Centro-Oeste
5106307,510630,Paranatinga,51008,Paranatinga,5101,Norte Mato-grossense,51,MT,Mato Grosso,5,Centro-Oeste
5106315,510631,Novo Santo Antônio,51009,Norte Araguaia,5102,Nordeste Mato-grossense,51,MT,Mato Grosso,5,Centro-Oeste
5106372,510637,Pedra Preta,51021,Rondonópolis,5105,Sudeste Mato-grossense,51,MT,Mato Grosso,5,Centro-Oeste
5106422,510642,Peixoto de Azevedo,51003,Colíder,5101,Norte Mato-grossense,51,MT,Mato Grosso,5,Centro-Oeste
5106455,510645,Planalto da Serra,51008,Paranatinga,5101,Norte Mato-grossense,51,MT,Mato Grosso,5,Centro-Oeste
5106505,510650,Poconé,51018,Alto Pantanal,5104,Centro-Sul Mato-grossense,51,MT,Mato Grosso,5,Centro-Oeste
5106653,510665,Pontal do Araguaia,51020,Tesouro,5105,Sudeste Mato-grossense,51,MT,Mato Grosso,5,Centro-Oeste
5106703,510670,Ponte Branca,51020,Tesouro,5105,Sudeste Mato-grossense,51,MT,Mato Grosso,5,Centro-Oeste
5106752,510675,Pontes e Lacerda,51012,Alto Guaporé,5103,Sudoeste Mato-grossense,51,MT,Mato Grosso,5,Centro-Oeste
5106778,510677,Porto Alegre do Norte,51009,Norte Araguaia,5102,Nordeste Mato-grossense,51,MT,Mato Grosso,5,Centro-Oeste
5106802,510680,Porto dos Gaúchos,51005,Arinos,5101,Norte Mato-grossense,51,MT,Mato Grosso,5,Centro-Oeste
5106828,510682,Porto Esperidião,51014,Jauru,5103,Sudoeste Mato-grossense,51,MT,Mato Grosso,5,Centro-Oeste
5106851,510685,Porto Estrela,51013,Tangará da Serra,5103,Sudoeste Mato-grossense,51,MT,Mato Grosso,5,Centro-Oeste
5107008,510700,Poxoréu,51020,Tesouro,5105,Sudeste Mato-grossense,51,MT,Mato Grosso,5,Centro-Oeste
5107040,510704,Primavera do Leste,51019,Primavera do Leste,5105,Sudeste Mato-grossense,51,MT,Mato Grosso,5,Centro-Oeste
5107065,510706,Querência,51010,Canarana,5102,Nordeste Mato-grossense,51,MT,Mato Grosso,5,Centro-Oeste
5107107,510710,São José dos Quatro Marcos,51014,Jauru,5103,Sudoeste Mato-grossense,51,MT,Mato Grosso,5,Centro-Oeste
5107156,510715,Reserva do Cabaçal,51014,Jauru,5103,Sudoeste Mato-grossense,51,MT,Mato Grosso,5,Centro-Oeste
5107180,510718,Ribeirão Cascalheira,51009,Norte Araguaia,5102,Nordeste Mato-grossense,51,MT,Mato Grosso,5,Centro-Oeste
5107198,510719,Ribeirãozinho,51020,Tesouro,5105,Sudeste Mato-grossense,51,MT,Mato Grosso,5,Centro-Oeste
5107206,510720,Rio Branco,51014,Jauru,5103,Sudoeste Mato-grossense,51,MT,Mato Grosso,5,Centro-Oeste
5107248,510724,Santa Carmem,51007,Sinop,5101,Norte Mato-grossense,51,MT,Mato Grosso,5,Centro-Oeste
5107263,510726,Santo Afonso,51015,Alto Paraguai,5104,Centro-Sul Mato-grossense,51,MT,Mato Grosso,5,Centro-Oeste
5107297,510729,São José do Povo,51021,Rondonópolis,5105,Sudeste Mato-grossense,51,MT,Mato Grosso,5,Centro-Oeste
5107305,510730,São José do Rio Claro,51005,Arinos,5101,Norte Mato-grossense,51,MT,Mato Grosso,5,Centro-Oeste
5107354,510735,São José do Xingu,51009,Norte Araguaia,5102,Nordeste Mato-grossense,51,MT,Mato Grosso,5,Centro-Oeste
5107404,510740,São Pedro da Cipa,51021,Rondonópolis,5105,Sudeste Mato-grossense,51,MT,Mato Grosso,5,Centro-Oeste
5107578,510757,Rondolândia,51001,Aripuanã,5101,Norte Mato-grossense,51,MT,Mato Grosso,5,Centro-Oeste
5107602,510760,Rondonópolis,51021,Rondonópolis,5105,Sudeste Mato-grossense,51,MT,Mato Grosso,5,Centro-Oeste
5107701,510770,Rosário Oeste,51016,Rosário Oeste,5104,Centro-Sul Mato-grossense,51,MT,Mato Grosso,5,Centro-Oeste
5107743,510774,Santa Cruz do Xingu,51009,Norte Araguaia,5102,Nordeste Mato-grossense,51,MT,Mato Grosso,5,Centro-Oeste
5107750,510775,Salto do Céu,51014,Jauru,5103,Sudoeste Mato-grossense,51,MT,Mato Grosso,5,Centro-Oeste
5107768,510776,Santa Rita do Trivelato,51006,Alto Teles Pires,5101,Norte Mato-grossense,51,MT,Mato Grosso,5,Centro-Oeste
5107776,510777,Santa Terezinha,51009,Norte Araguaia,5102,Nordeste Mato-grossense,51,MT,Mato Grosso,5,Centro-Oeste
5107792,510779,Santo Antônio do Leste,51010,Canarana,5102,Nordeste Mato-grossense,51,MT,Mato Grosso,5,Centro-Oeste
5107800,510780,Santo Antônio de Leverger,51017,Cuiabá,5104,Centro-Sul Mato-grossense,51,MT,Mato Grosso,5,Centro-Oeste
5107859,510785,São Félix do Araguaia,51009,Norte Araguaia,5102,Nordeste Mato-grossense,51,MT,Mato Grosso,5,Centro-Oeste
5107875,510787,Sapezal,51004,Parecis,5101,Norte Mato-grossense,51,MT,Mato Grosso,5,Centro-Oeste
5107883,510788,Serra Nova Dourada,51009,Norte Araguaia,5102,Nordeste Mato-grossense,51,MT,Mato Grosso,5,Centro-Oeste
5107909,510790,Sinop,51007,Sinop,5101,Norte Mato-grossense,51,MT,Mato Grosso,5,Centro-Oeste
5107925,510792,Sorriso,51006,Alto Teles Pires,5101,Norte Mato-grossense,51,MT,Mato Grosso,5,Centro-Oeste
5107941,510794,Tabaporã,51005,Arinos,5101,Norte Mato-grossense,51,MT,Mato Grosso,5,Centro-Oeste
5107958,510795,Tangará da Serra,51013,Tangará da Serra,5103,Sudoeste Mato-grossense,51,MT,Mato Grosso,5,Centro-Oeste
5108006,510800,Tapurah,51006,Alto Teles Pires,5101,Norte Mato-grossense,51,MT,Mato Grosso,5,Centro-Oeste
5108055,510805,Terra Nova do Norte,51003,Colíder,5101,Norte Mato-grossense,51,MT,Mato Grosso,5,Centro-Oeste
5108105,510810,Tesouro,51020,Tesouro,5105,Sudeste Mato-grossense,51,MT,Mato Grosso,5,Centro-Oeste
5108204,510820,Torixoréu,51020,Tesouro,5105,Sudeste Mato-grossense,51,MT,Mato Grosso,5,Centro-Oeste
5108303,510830,União do Sul,51007,Sinop,5101,Norte Mato-grossense,51,MT,Mato Grosso,5,Centro-Oeste
5108352,510835,Vale de São Domingos,51012,Alto Guaporé,5103,Sudoeste Mato-grossense,51,MT,Mato Grosso,5,Centro-Oeste
5108402,510840,Várzea Grande,51017,Cuiabá,5104,Centro-Sul Mato-grossense,51,MT,Mato Grosso,5,Centro-Oeste
5108501,510850,Vera,51007,Sinop,5101,Norte Mato-grossense,51,MT,Mato Grosso,5,Centro-Oeste
5108600,510860,Vila Rica,51009,Norte Araguaia,5102,Nordeste Mato-grossense,51,MT,Mato Grosso,5,Centro-Oeste
5108808,510880,Nova Guarita,51003,Colíder,5101,Norte Mato-grossense,51,MT,Mato Grosso,5,Centro-Oeste
5108857,510885,Nova Marilândia,51015,Alto Paraguai,5104,Centro-Sul Mato-grossense,51,MT,Mato Grosso,5,Centro-Oeste
5108907,510890,Nova Maringá,51005,Arinos,5101,Norte Mato-grossense,51,MT,Mato Grosso,5,Centro-Oeste
5108956,510895,Nova Monte Verde,51002,Alta Floresta,5101,Norte Mato-grossense,51,MT,Mato Grosso,5,Centro-Oeste
5200050,520005,Abadia de Goiás,52010,Goiânia,5203,Centro Goiano,52,GO,Goiás,5,Centro-Oeste
5200100,520010,Abadiânia,52012,Entorno de Brasília,5204,Leste Goiano,52,GO,Goiás,5,Centro-Oeste
5200134,520013,Acreúna,52014,Vale do Rio dos Bois,5205,Sul Goiano,52,GO,Goiás,5,Centro-Oeste
5200159,520015,Adelândia,52009,Anicuns,5203,Centro Goiano,52,GO,Goiás,5,Centro-Oeste
5200175,520017,Água Fria de Goiás,52012,Entorno de Brasília,5204,Leste Goiano,52,GO,Goiás,5,Centro-Oeste
5200209,520020,Água Limpa,52015,Meia Ponte,5205,Sul Goiano,52,GO,Goiás,5,Centro-Oeste
5200258,520025,Águas Lindas de Goiás,52012,Entorno de Brasília,5204,Leste Goiano,52,GO,Goiás,5,Centro-Oeste
5200308,520030,Alexânia,52012,Entorno de Brasília,5204,Leste Goiano,52,GO,Goiás,5,Centro-Oeste
5200506,520050,Aloândia,52015,Meia Ponte,5205,Sul Goiano,52,GO,Goiás,5,Centro-Oeste
5200555,520055,Alto Horizonte,52004,Porangatu,5202,Norte Goiano,52,GO,Goiás,5,Centro-Oeste
5200605,520060,Alto Paraíso de Goiás,52005,Chapada dos Veadeiros,5202,Norte Goiano,52,GO,Goiás,5,Centro-Oeste
5200803,520080,Alvorada do Norte,52011,Vão do Paranã,5204,Leste Goiano,52,GO,Goiás,5,Centro-Oeste
5200829,520082,Amaralina,52004,Porangatu,5202,Norte Goiano,52,GO,Goiás,5,Centro-Oeste
5200852,520085,Americano do Brasil,52009,Anicuns,5203,Centro Goiano,52,GO,Goiás,5,Centro-Oeste
5200902,520090,Amorinópolis,52008,Iporá,5203,Centro Goiano,52,GO,Goiás,5,Centro-Oeste
5201108,520110,Anápolis,52007,Anápolis,5203,Centro Goiano,52,GO,Goiás,5,Centro-Oeste
5201207,520120,Anhanguera,52017,Catalão,5205,Sul Goiano,52,GO,Goiás,5,Centro-Oeste
5201306,520130,Anicuns,52009,Anicuns,5203,Centro Goiano,52,GO,Goiás,5,Centro-Oeste
5201405,520140,Aparecida de Goiânia,52010,Goiânia,5203,Centro Goiano,52,GO,Goiás,5,Centro-Oeste
5201454,520145,Aparecida do Rio Doce,52013,Sudoeste de Goiás,5205,Sul Goiano,52,GO,Goiás,5,Centro-Oeste
5201504,520150,Aporé,52013,Sudoeste de Goiás,5205,Sul Goiano,52,GO,Goiás,5,Centro-Oeste
5201603,520160,Araçu,52007,Anápolis,5203,Centro Goiano,52,GO,Goiás,5,Centro-Oeste
5201702,520170,Aragarças,52003,Aragarças,5201,Noroeste Goiano,52,GO,Goiás,5,Centro-Oeste
5201801,520180,Aragoiânia,52010,Goiânia,5203,Centro Goiano,52,GO,Goiás,5,Centro-Oeste
5202155,520215,Araguapaz,52002,Rio Vermelho,5201,Noroeste Goiano,52,GO,Goiás,5,Centro-Oeste
5202353,520235,Arenópolis,52003,Aragarças,5201,Noroeste Goiano,52,GO,Goiás,5,Centro-Oeste
5202502,520250,Aruanã,52002,Rio Vermelho,5201,Noroeste Goiano,52,GO,Goiás,5,Centro-Oeste
5202601,520260,Aurilândia,52009,Anicuns,5203,Centro Goiano,52,GO,Goiás,5,Centro-Oeste
5202809,520280,Avelinópolis,52009,Anicuns,5203,Centro Goiano,52,GO,Goiás,5,Centro-Oeste
5203104,520310,Baliza,52003,Aragarças,5201,Noroeste Goiano,52,GO,Goiás,5,Centro-Oeste
5203203,520320,Barro Alto,52006,Ceres,5203,Centro Goiano,52,GO,Goiás,5,Centro-Oeste
5203302,520330,Bela Vista de Goiás,52010,Goiânia,5203,Centro Goiano,52,GO,Goiás,5,Centro-Oeste
5203401,520340,Bom Jardim de Goiás,52003,Aragarças,5201,Noroeste Goiano,52,GO,Goiás,5,Centro-Oeste
5203500,520350,Bom Jesus de Goiás,52015,Meia Ponte,5205,Sul Goiano,52,GO,Goiás,5,Centro-Oeste
5203559,520355,Bonfinópolis,52010,Goiânia,5203,Centro Goiano,52,GO,Goiás,5,Centro-Oeste
5203575,520357,Bonópolis,52004,Porangatu,5202,Norte Goiano,52,GO,Goiás,5,Centro-Oeste
5203609,520360,Brazabrantes,52007,Anápolis,5203,Centro Goiano,52,GO,Goiás,5,Centro-Oeste
5203807,520380,Britânia,52002,Rio Vermelho,5201,Noroeste Goiano,52,GO,Goiás,5,Centro-Oeste
5203906,520390,Buriti Alegre,52015,Meia Ponte,5205,Sul Goiano,52,GO,Goiás,5,Centro-Oeste
5203939,520393,Buriti de Goiás,52009,Anicuns,5203,Centro Goiano,52,GO,Goiás,5,Centro-Oeste
5203962,520396,Buritinópolis,52011,Vão do Paranã,5204,Leste Goiano,52,GO,Goiás,5,Centro-Oeste
5204003,520400,Cabeceiras,52012,Entorno de Brasília,5204,Leste Goiano,52,GO,Goiás,5,Centro-Oeste
5204102,520410,Cachoeira Alta,52018,Quirinópolis,5205,Sul Goiano,52,GO,Goiás,5,Centro-Oeste
5204201,520420,Cachoeira de Goiás,52008,Iporá,5203,Centro Goiano,52,GO,Goiás,5,Centro-Oeste
5204250,520425,Cachoeira Dourada,52015,Meia Ponte,5205,Sul Goiano,52,GO,Goiás,5,Centro-Oeste
5204300,520430,Caçu,52018,Quirinópolis,5205,Sul Goiano,52,GO,Goiás,5,Centro-Oeste
5204409,520440,Caiapônia,52013,Sudoeste de Goiás,5205,Sul Goiano,52,GO,Goiás,5,Centro-Oeste
5204508,520450,Caldas Novas,52015,Meia Ponte,5205,Sul Goiano,52,GO,Goiás,5,Centro-Oeste
5204557,520455,Caldazinha,52010,Goiânia,5203,Centro Goiano,52,GO,Goiás,5,Centro-Oeste
5204607,520460,Campestre de Goiás,52014,Vale do Rio dos Bois,5205,Sul Goiano,52,GO,Goiás,5,Centro-Oeste
5204656,520465,Campinaçu,52004,Porangatu,5202,Norte Goiano,52,GO,Goiás,5,Centro-Oeste
5204706,520470,Campinorte,52004,Porangatu,5202,Norte Goiano,52,GO,Goiás,5,Centro-Oeste
5204805,520480,Campo Alegre de Goiás,52017,Catalão,5205,Sul Goiano,52,GO,Goiás,5,Centro-Oeste
5204854,520485,Campo Limpo de Goiás,52007,Anápolis,5203,Centro Goiano,52,GO,Goiás,5,Centro-Oeste
5204904,520490,Campos Belos,52005,Chapada dos Veadeiros,5202,Norte Goiano,52,GO,Goiás,5,Centro-Oeste
5204953,520495,Campos Verdes,52004,Porangatu,5202,Norte Goiano,52,GO,Goiás,5,Centro-Oeste
5205000,520500,Carmo do Rio Verde,52006,Ceres,5203,Centro Goiano,52,GO,Goiás,5,Centro-Oeste
5205059,520505,Castelândia,52013,Sudoeste de Goiás,5205,Sul Goiano,52,GO,Goiás,5,Centro-Oeste
5205109,520510,Catalão,52017,Catalão,5205,Sul Goiano,52,GO,Goiás,5,Centro-Oeste
5205208,520520,Caturaí,52007,Anápolis,5203,Centro Goiano,52,GO,Goiás,5,Centro-Oeste
5205307,520530,Cavalcante,52005,Chapada dos Veadeiros,5202,Norte Goiano,52,GO,Goiás,5,Centro-Oeste
5205406,520540,Ceres,52006,Ceres,5203,Centro Goiano,52,GO,Goiás,5,Centro-Oeste
5205455,520545,Cezarina,52014,Vale do Rio dos Bois,5205,Sul Goiano,52,GO,Goiás,5,Centro-Oeste
5205471,520547,Chapadão do Céu,52013,Sudoeste de Goiás,5205,Sul Goiano,52,GO,Goiás,5,Centro-Oeste
5205497,520549,Cidade Ocidental,52012,Entorno de Brasília,5204,Leste Goiano,52,GO,Goiás,5,Centro-Oeste
5205513,520551,Cocalzinho de Goiás,52012,Entorno de Brasília,5204,Leste Goiano,52,GO,Goiás,5,Centro-Oeste
5205521,520552,Colinas do Sul,52005,Chapada dos Veadeiros,5202,Norte Goiano,52,GO,Goiás,5,Centro-Oeste
5205703,520570,Córrego do Ouro,52008,Iporá,5203,Centro Goiano,52,GO,Goiás,5,Centro-Oeste
5205802,520580,Corumbá de Goiás,52012,Entorno de Brasília,5204,Leste Goiano,52,GO,Goiás,5,Centro-Oeste
5205901,520590,Corumbaíba,52017,Catalão,5205,Sul Goiano,52,GO,Goiás,5,Centro-Oeste
5206206,520620,Cristalina,52012,Entorno de Brasília,5204,Leste Goiano,52,GO,Goiás,5,Centro-Oeste
5206305,520630,Cristianópolis,52016,Pires do Rio,5205,Sul Goiano,52,GO,Goiás,5,Centro-Oeste
5206404,520640,Crixás,52001,São Miguel do Araguaia,5201,Noroeste Goiano,52,GO,Goiás,5,Centro-Oeste
5206503,520650,Cromínia,52015,Meia Ponte,5205,Sul Goiano,52,GO,Goiás,5,Centro-Oeste
5206602,520660,Cumari,52017,Catalão,5205,Sul Goiano,52,GO,Goiás,5,Centro-Oeste
5206701,520670,Damianópolis,52011,Vão do Paranã,5204,Leste Goiano,52,GO,Goiás,5,Centro-Oeste
5206800,520680,Damolândia,52007,Anápolis,5203,Centro Goiano,52,GO,Goiás,5,Centro-Oeste
5206909,520690,Davinópolis,52017,Catalão,5205,Sul Goiano,52,GO,Goiás,5,Centro-Oeste
5207105,520710,Diorama,52003,Aragarças,5201,Noroeste Goiano,52,GO,Goiás,5,Centro-Oeste
5207253,520725,Doverlândia,52013,Sudoeste de Goiás,5205,Sul Goiano,52,GO,Goiás,5,Centro-Oeste
5207352,520735,Edealina,52014,Vale do Rio dos Bois,5205,Sul Goiano,52,GO,Goiás,5,Centro-Oeste
5207402,520740,Edéia,52014,Vale do Rio dos Bois,5205,Sul Goiano,52,GO,Goiás,5,Centro-Oeste
5207501,520750,Estrela do Norte,52004,Porangatu,5202,Norte Goiano,52,GO,Goiás,5,Centro-Oeste
5207535,520753,Faina,52002,Rio Vermelho,5201,Noroeste Goiano,52,GO,Goiás,5,Centro-Oeste
5207600,520760,Fazenda Nova,52008,Iporá,5203,Centro Goiano,52,GO,Goiás,5,Centro-Oeste
5207808,520780,Firminópolis,52009,Anicuns,5203,Centro Goiano,52,GO,Goiás,5,Centro-Oeste
5207907,520790,Flores de Goiás,52011,Vão do Paranã,5204,Leste Goiano,52,GO,Goiás,5,Centro-Oeste
5208004,520800,Formosa,52012,Entorno de Brasília,5204,Leste Goiano,52,GO,Goiás,5,Centro-Oeste
5208103,520810,Formoso,52004,Porangatu,5202,Norte Goiano,52,GO,Goiás,5,Centro-Oeste
5208152,520815,Gameleira de Goiás,52016,Pires do Rio,5205,Sul Goiano,52,GO,Goiás,5,Centro-Oeste
5208301,520830,Divinópolis de Goiás,52011,Vão do Paranã,5204,Leste Goiano,52,GO,Goiás,5,Centro-Oeste
5208400,520840,Goianápolis,52010,Goiânia,5203,Centro Goiano,52,GO,Goiás,5,Centro-Oeste
5208509,520850,Goiandira,52017,Catalão,5205,Sul Goiano,52,GO,Goiás,5,Centro-Oeste
5208608,520860,Goianésia,52006,Ceres,5203,Centro Goiano,52,GO,Goiás,5,Centro-Oeste
5208707,520870,Goiânia,52010,Goiânia,5203,Centro Goiano,52,GO,Goiás,5,Centro-Oeste
5208806,520880,Goianira,52010,Goiânia,5203,Centro Goiano,52,GO,Goiás,5,Centro-Oeste
5208905,520890,Goiás,52002,Rio Vermelho,5201,Noroeste Goiano,52,GO,Goiás,5,Centro-Oeste
5209101,520910,Goiatuba,52015,Meia Ponte,5205,Sul Goiano,52,GO,Goiás,5,Centro-Oeste
5209150,520915,Gouvelândia,52018,Quirinópolis,5205,Sul Goiano,52,GO,Goiás,5,Centro-Oeste
5209200,520920,Guapó,52010,Goiânia,5203,Centro Goiano,52,GO,Goiás,5,Centro-Oeste
5209291,520929,Guaraíta,52006,Ceres,5203,Centro Goiano,52,GO,Goiás,5,Centro-Oeste
5209408,520940,Guarani de Goiás,52011,Vão do Paranã,5204,Leste Goiano,52,GO,Goiás,5,Centro-Oeste
5209457,520945,Guarinos,52006,Ceres,5203,Centro Goiano,52,GO,Goiás,5,Centro-Oeste
5209606,520960,Heitoraí,52007,Anápolis,5203,Centro Goiano,52,GO,Goiás,5,Centro-Oeste
5209705,520970,Hidrolândia,52010,Goiânia,5203,Centro Goiano,52,GO,Goiás,5,Centro-Oeste
5209804,520980,Hidrolina,52006,Ceres,5203,Centro Goiano,52,GO,Goiás,5,Centro-Oeste
5209903,520990,Iaciara,52011,Vão do Paranã,5204,Leste Goiano,52,GO,Goiás,5,Centro-Oeste
5209937,520993,Inaciolândia,52015,Meia Ponte,5205,Sul Goiano,52,GO,Goiás,5,Centro-Oeste
5209952,520995,Indiara,52014,Vale do Rio dos Bois,5205,Sul Goiano,52,GO,Goiás,5,Centro-Oeste
5210000,521000,Inhumas,52007,Anápolis,5203,Centro Goiano,52,GO,Goiás,5,Centro-Oeste
5210109,521010,Ipameri,52017,Catalão,5205,Sul Goiano,52,GO,Goiás,5,Centro-Oeste
5210158,521015,Ipiranga de Goiás,52006,Ceres,5203,Centro Goiano,52,GO,Goiás,5,Centro-Oeste
5210208,521020,Iporá,52008,Iporá,5203,Centro Goiano,52,GO,Goiás,5,Centro-Oeste
5210307,521030,Israelândia,52008,Iporá,5203,Centro Goiano,52,GO,Goiás,5,Centro-Oeste
5210406,521040,Itaberaí,52007,Anápolis,5203,Centro Goiano,52,GO,Goiás,5,Centro-Oeste
5210562,521056,Itaguari,52007,Anápolis,5203,Centro Goiano,52,GO,Goiás,5,Centro-Oeste
5210604,521060,Itaguaru,52007,Anápolis,5203,Centro Goiano,52,GO,Goiás,5,Centro-Oeste
5210802,521080,Itajá,52018,Quirinópolis,5205,Sul Goiano,52,GO,Goiás,5,Centro-Oeste
5210901,521090,Itapaci,52006,Ceres,5203,Centro Goiano,52,GO,Goiás,5,Centro-Oeste
5211008,521100,Itapirapuã,52002,Rio Vermelho,5201,Noroeste Goiano,52,GO,Goiás,5,Centro-Oeste
5211206,521120,Itapuranga,52006,Ceres,5203,Centro Goiano,52,GO,Goiás,5,Centro-Oeste
5211305,521130,Itarumã,52018,Quirinópolis,5205,Sul Goiano,52,GO,Goiás,5,Centro-Oeste
5211404,521140,Itauçu,52007,Anápolis,5203,Centro Goiano,52,GO,Goiás,5,Centro-Oeste
5211503,521150,Itumbiara,52015,Meia Ponte,5205,Sul Goiano,52,GO,Goiás,5,Centro-Oeste
5211602,521160,Ivolândia,52008,Iporá,5203,Centro Goiano,52,GO,Goiás,5,Centro-Oeste
5211701,521170,Jandaia,52014,Vale do Rio dos Bois,5205,Sul Goiano,52,GO,Goiás,5,Centro-Oeste
5211800,521180,Jaraguá,52007,Anápolis,5203,Centro Goiano,52,GO,Goiás,5,Centro-Oeste
5211909,521190,Jataí,52013,Sudoeste de Goiás,5205,Sul Goiano,52,GO,Goiás,5,Centro-Oeste
5212006,521200,Jaupaci,52008,Iporá,5203,Centro Goiano,52,GO,Goiás,5,Centro-Oeste
5212055,521205,Jesúpolis,52007,Anápolis,5203,Centro Goiano,52,GO,Goiás,5,Centro-Oeste
5212105,521210,Joviânia,52015,Meia Ponte,5205,Sul Goiano,52,GO,Goiás,5,Centro-Oeste
5212204,521220,Jussara,52002,Rio Vermelho,5201,Noroeste Goiano,52,GO,Goiás,5,Centro-Oeste
5212253,521225,Lagoa Santa,52018,Quirinópolis,5205,Sul Goiano,52,GO,Goiás,5,Centro-Oeste
5212303,521230,Leopoldo de Bulhões,52010,Goiânia,5203,Centro Goiano,52,GO,Goiás,5,Centro-Oeste
5212501,521250,Luziânia,52012,Entorno de Brasília,5204,Leste Goiano,52,GO,Goiás,5,Centro-Oeste
5212600,521260,Mairipotaba,52015,Meia Ponte,5205,Sul Goiano,52,GO,Goiás,5,Centro-Oeste
5212709,521270,Mambaí,52011,Vão do Paranã,5204,Leste Goiano,52,GO,Goiás,5,Centro-Oeste
5212808,521280,Mara Rosa,52004,Porangatu,5202,Norte Goiano,52,GO,Goiás,5,Centro-Oeste
5212907,521290,Marzagão,52015,Meia Ponte,5205,Sul Goiano,52,GO,Goiás,5,Centro-Oeste
5212956,521295,Matrinchã,52002,Rio Vermelho,5201,Noroeste Goiano,52,GO,Goiás,5,Centro-Oeste
5213004,521300,Maurilândia,52013,Sudoeste de Goiás,5205,Sul Goiano,52,GO,Goiás,5,Centro-Oeste
5213053,521305,Mimoso de Goiás,52012,Entorno de Brasília,5204,Leste Goiano,52,GO,Goiás,5,Centro-Oeste
5213087,521308,Minaçu,52004,Porangatu,5202,Norte Goiano,52,GO,Goiás,5,Centro-Oeste
5213103,521310,Mineiros,52013,Sudoeste de Goiás,5205,Sul Goiano,52,GO,Goiás,5,Centro-Oeste
5213400,521340,Moiporá,52008,Iporá,5203,Centro Goiano,52,GO,Goiás,5,Centro-Oeste
5213509,521350,Monte Alegre de Goiás,52005,Chapada dos Veadeiros,5202,Norte Goiano,52,GO,Goiás,5,Centro-Oeste
5213707,521370,Montes Claros de Goiás,52003,Aragarças,5201,Noroeste Goiano,52,GO,Goiás,5,Centro-Oeste
5213756,521375,Montividiu,52013,Sudoeste de Goiás,5205,Sul Goiano,52,GO,Goiás,5,Centro-Oeste
5213772,521377,Montividiu do Norte,52004,Porangatu,5202,Norte Goiano,52,GO,Goiás,5,Centro-Oeste
5213806,521380,Morrinhos,52015,Meia Ponte,5205,Sul Goiano,52,GO,Goiás,5,Centro-Oeste
5213855,521385,Morro Agudo de Goiás,52006,Ceres,5203,Centro Goiano,52,GO,Goiás,5,Centro-Oeste
5213905,521390,Mossâmedes,52009,Anicuns,5203,Centro Goiano,52,GO,Goiás,5,Centro-Oeste
5214002,521400,Mozarlândia,52001,São Miguel do Araguaia,5201,Noroeste Goiano,52,GO,Goiás,5,Centro-Oeste
5214051,521405,Mundo Novo,52001,São Miguel do Araguaia,5201,Noroeste Goiano,52,GO,Goiás,5,Centro-Oeste
5214101,521410,Mutunópolis,52004,Porangatu,5202,Norte Goiano,52,GO,Goiás,5,Centro-Oeste
5214408,521440,Nazário,52009,Anicuns,5203,Centro Goiano,52,GO,Goiás,5,Centro-Oeste
5214507,521450,Nerópolis,52010,Goiânia,5203,Centro Goiano,52,GO,Goiás,5,Centro-Oeste
5214606,521460,Niquelândia,52004,Porangatu,5202,Norte Goiano,52,GO,Goiás,5,Centro-Oeste
5214705,521470,Nova América,52006,Ceres,5203,Centro Goiano,52,GO,Goiás,5,Centro-Oeste
5214804,521480,Nova Aurora,52017,Catalão,5205,Sul Goiano,52,GO,Goiás,5,Centro-Oeste
5214838,521483,Nova Crixás,52001,São Miguel do Araguaia,5201,Noroeste Goiano,52,GO,Goiás,5,Centro-Oeste
5214861,521486,Nova Glória,52006,Ceres,5203,Centro Goiano,52,GO,Goiás,5,Centro-Oeste
5214879,521487,Nova Iguaçu de Goiás,52004,Porangatu,5202,Norte Goiano,52,GO,Goiás,5,Centro-Oeste
5214903,521490,Nova Roma,52005,Chapada dos Veadeiros,5202,Norte Goiano,52,GO,Goiás,5,Centro-Oeste
5215009,521500,Nova Veneza,52007,Anápolis,5203,Centro Goiano,52,GO,Goiás,5,Centro-Oeste
5215207,521520,Novo Brasil,52008,Iporá,5203,Centro Goiano,52,GO,Goiás,5,Centro-Oeste
5215231,521523,Novo Gama,52012,Entorno de Brasília,5204,Leste Goiano,52,GO,Goiás,5,Centro-Oeste
5215256,521525,Novo Planalto,52001,São Miguel do Araguaia,5201,Noroeste Goiano,52,GO,Goiás,5,Centro-Oeste
5215306,521530,Orizona,52016,Pires do Rio,5205,Sul Goiano,52,GO,Goiás,5,Centro-Oeste
5215405,521540,Ouro Verde de Goiás,52007,Anápolis,5203,Centro Goiano,52,GO,Goiás,5,Centro-Oeste
5215504,521550,Ouvidor,52017,Catalão,5205,Sul Goiano,52,GO,Goiás,5,Centro-Oeste
5215603,521560,Padre Bernardo,52012,Entorno de Brasília,5204,Leste Goiano,52,GO,Goiás,5,Centro-Oeste
5215652,521565,Palestina de Goiás,52013,Sudoeste de Goiás,5205,Sul Goiano,52,GO,Goiás,5,Centro-Oeste
5215702,521570,Palmeiras de Goiás,52014,Vale do Rio dos Bois,5205,Sul Goiano,52,GO,Goiás,5,Centro-Oeste
5215801,521580,Palmelo,52016,Pires do Rio,5205,Sul Goiano,52,GO,Goiás,5,Centro-Oeste
5215900,521590,Palminópolis,52014,Vale do Rio dos Bois,5205,Sul Goiano,52,GO,Goiás,5,Centro-Oeste
5216007,521600,Panamá,52015,Meia Ponte,5205,Sul Goiano,52,GO,Goiás,5,Centro-Oeste
5216304,521630,Paranaiguara,52018,Quirinópolis,5205,Sul Goiano,52,GO,Goiás,5,Centro-Oeste
5216403,521640,Paraúna,52014,Vale do Rio dos Bois,5205,Sul Goiano,52,GO,Goiás,5,Centro-Oeste
5216452,521645,Perolândia,52013,Sudoeste de Goiás,5205,Sul Goiano,52,GO,Goiás,5,Centro-Oeste
5216809,521680,Petrolina de Goiás,52007,Anápolis,5203,Centro Goiano,52,GO,Goiás,5,Centro-Oeste
5216908,521690,Pilar de Goiás,52006,Ceres,5203,Centro Goiano,52,GO,Goiás,5,Centro-Oeste
5217104,521710,Piracanjuba,52015,Meia Ponte,5205,Sul Goiano,52,GO,Goiás,5,Centro-Oeste
5217203,521720,Piranhas,52003,Aragarças,5201,Noroeste Goiano,52,GO,Goiás,5,Centro-Oeste
5217302,521730,Pirenópolis,52012,Entorno de Brasília,5204,Leste Goiano,52,GO,Goiás,5,Centro-Oeste
5217401,521740,Pires do Rio,52016,Pires do Rio,5205,Sul Goiano,52,GO,Goiás,5,Centro-Oeste
5217609,521760,Planaltina,52012,Entorno de Brasília,5204,Leste Goiano,52,GO,Goiás,5,Centro-Oeste
5217708,521770,Pontalina,52015,Meia Ponte,5205,Sul Goiano,52,GO,Goiás,5,Centro-Oeste
5218003,521800,Porangatu,52004,Porangatu,5202,Norte Goiano,52,GO,Goiás,5,Centro-Oeste
5218052,521805,Porteirão,52015,Meia Ponte,5205,Sul Goiano,52,GO,Goiás,5,Centro-Oeste
5218102,521810,Portelândia,52013,Sudoeste de Goiás,5205,Sul Goiano,52,GO,Goiás,5,Centro-Oeste
5218300,521830,Posse,52011,Vão do Paranã,5204,Leste Goiano,52,GO,Goiás,5,Centro-Oeste
5218391,521839,Professor Jamil,52015,Meia Ponte,5205,Sul Goiano,52,GO,Goiás,5,Centro-Oeste
5218508,521850,Quirinópolis,52018,Quirinópolis,5205,Sul Goiano,52,GO,Goiás,5,Centro-Oeste
5218607,521860,Rialma,52006,Ceres,5203,Centro Goiano,52,GO,Goiás,5,Centro-Oeste
5218706,521870,Rianápolis,52006,Ceres,5203,Centro Goiano,52,GO,Goiás,5,Centro-Oeste
5218789,521878,Rio Quente,52015,Meia Ponte,5205,Sul Goiano,52,GO,Goiás,5,Centro-Oeste
5218805,521880,Rio Verde,52013,Sudoeste de Goiás,5205,Sul Goiano,52,GO,Goiás,5,Centro-Oeste
5218904,521890,Rubiataba,52006,Ceres,5203,Centro Goiano,52,GO,Goiás,5,Centro-Oeste
5219001,521900,Sanclerlândia,52009,Anicuns,5203,Centro Goiano,52,GO,Goiás,5,Centro-Oeste
5219100,521910,Santa Bárbara de Goiás,52009,Anicuns,5203,Centro Goiano,52,GO,Goiás,5,Centro-Oeste
5219209,521920,Santa Cruz de Goiás,52016,Pires do Rio,5205,Sul Goiano,52,GO,Goiás,5,Centro-Oeste
5219258,521925,Santa Fé de Goiás,52002,Rio Vermelho,5201,Noroeste Goiano,52,GO,Goiás,5,Centro-Oeste
5219308,521930,Santa Helena de Goiás,52013,Sudoeste de Goiás,5205,Sul Goiano,52,GO,Goiás,5,Centro-Oeste
5219357,521935,Santa Isabel,52006,Ceres,5203,Centro Goiano,52,GO,Goiás,5,Centro-Oeste
5219407,521940,Santa Rita do Araguaia,52013,Sudoeste de Goiás,5205,Sul Goiano,52,GO,Goiás,5,Centro-Oeste
5219456,521945,Santa Rita do Novo Destino,52006,Ceres,5203,Centro Goiano,52,GO,Goiás,5,Centro-Oeste
5219506,521950,Santa Rosa de Goiás,52007,Anápolis,5203,Centro Goiano,52,GO,Goiás,5,Centro-Oeste
5219605,521960,Santa Tereza de Goiás,52004,Porangatu,5202,Norte Goiano,52,GO,Goiás,5,Centro-Oeste
5219704,521970,Santa Terezinha de Goiás,52004,Porangatu,5202,Norte Goiano,52,GO,Goiás,5,Centro-Oeste
5219712,521971,Santo Antônio da Barra,52013,Sudoeste de Goiás,5205,Sul Goiano,52,GO,Goiás,5,Centro-Oeste
5219738,521973,Santo Antônio de Goiás,52010,Goiânia,5203,Centro Goiano,52,GO,Goiás,5,Centro-Oeste
5219753,521975,Santo Antônio do Descoberto,52012,Entorno de Brasília,5204,Leste Goiano,52,GO,Goiás,5,Centro-Oeste
5219803,521980,São Domingos,52011,Vão do Paranã,5204,Leste Goiano,52,GO,Goiás,5,Centro-Oeste
5219902,521990,São Francisco de Goiás,52007,Anápolis,5203,Centro Goiano,52,GO,Goiás,5,Centro-Oeste
5220009,522000,São João d'Aliança,52005,Chapada dos Veadeiros,5202,Norte Goiano,52,GO,Goiás,5,Centro-Oeste
5220058,522005,São João da Paraúna,52014,Vale do Rio dos Bois,5205,Sul Goiano,52,GO,Goiás,5,Centro-Oeste
5220108,522010,São Luís de Montes Belos,52009,Anicuns,5203,Centro Goiano,52,GO,Goiás,5,Centro-Oeste
5220157,522015,São Luiz do Norte,52006,Ceres,5203,Centro Goiano,52,GO,Goiás,5,Centro-Oeste
5220207,522020,São Miguel do Araguaia,52001,São Miguel do Araguaia,5201,Noroeste Goiano,52,GO,Goiás,5,Centro-Oeste
5220264,522026,São Miguel do Passa Quatro,52016,Pires do Rio,5205,Sul Goiano,52,GO,Goiás,5,Centro-Oeste
5220280,522028,São Patrício,52006,Ceres,5203,Centro Goiano,52,GO,Goiás,5,Centro-Oeste
5220405,522040,São Simão,52018,Quirinópolis,5205,Sul Goiano,52,GO,Goiás,5,Centro-Oeste
5220454,522045,Senador Canedo,52010,Goiânia,5203,Centro Goiano,52,GO,Goiás,5,Centro-Oeste
5220504,522050,Serranópolis,52013,Sudoeste de Goiás,5205,Sul Goiano,52,GO,Goiás,5,Centro-Oeste
5220603,522060,Silvânia,52016,Pires do Rio,5205,Sul Goiano,52,GO,Goiás,5,Centro-Oeste
5220686,522068,Simolândia,52011,Vão do Paranã,5204,Leste Goiano,52,GO,Goiás,5,Centro-Oeste
5220702,522070,Sítio d'Abadia,52011,Vão do Paranã,5204,Leste Goiano,52,GO,Goiás,5,Centro-Oeste
5221007,522100,Taquaral de Goiás,52007,Anápolis,5203,Centro Goiano,52,GO,Goiás,5,Centro-Oeste
5221080,522108,Teresina de Goiás,52005,Chapada dos Veadeiros,5202,Norte Goiano,52,GO,Goiás,5,Centro-Oeste
5221197,522119,Terezópolis de Goiás,52010,Goiânia,5203,Centro Goiano,52,GO,Goiás,5,Centro-Oeste
5221304,522130,Três Ranchos,52017,Catalão,5205,Sul Goiano,52,GO,Goiás,5,Centro-Oeste
5221403,522140,Trindade,52010,Goiânia,5203,Centro Goiano,52,GO,Goiás,5,Centro-Oeste
5221452,522145,Trombas,52004,Porangatu,5202,Norte Goiano,52,GO,Goiás,5,Centro-Oeste
5221502,522150,Turvânia,52009,Anicuns,5203,Centro Goiano,52,GO,Goiás,5,Centro-Oeste
5221551,522155,Turvelândia,52014,Vale do Rio dos Bois,5205,Sul Goiano,52,GO,Goiás,5,Centro-Oeste
5221577,522157,Uirapuru,52001,São Miguel do Araguaia,5201,Noroeste Goiano,52,GO,Goiás,5,Centro-Oeste
5221601,522160,Uruaçu,52004,Porangatu,5202,Norte Goiano,52,GO,Goiás,5,Centro-Oeste
5221700,522170,Uruana,52006,Ceres,5203,Centro Goiano,52,GO,Goiás,5,Centro-Oeste
5221809,522180,Urutaí,52016,Pires do Rio,5205,Sul Goiano,52,GO,Goiás,5,Centro-Oeste
5221858,522185,Valparaíso de Goiás,52012,Entorno de Brasília,5204,Leste Goiano,52,GO,Goiás,5,Centro-Oeste
5221908,522190,Varjão,52014,Vale do Rio dos Bois,5205,Sul Goiano,52,GO,Goiás,5,Centro-Oeste
5222005,522200,Vianópolis,52016,Pires do Rio,5205,Sul Goiano,52,GO,Goiás,5,Centro-Oeste
5222054,522205,Vicentinópolis,52015,Meia Ponte,5205,Sul Goiano,52,GO,Goiás,5,Centro-Oeste
5222203,522220,Vila Boa,52012,Entorno de Brasília,5204,Leste Goiano,52,GO,Goiás,5,Centro-Oeste
5222302,522230,Vila Propício,52012,Entorno de Brasília,5204,Leste Goiano,52,GO,Goiás,5,Centro-Oeste
5300108,530010,Brasília,53001,Brasília,5301,Distrito Federal,53,DF,Distrito Federal,5,Centro-Oeste
