crime,year,uf,reporting_status,months_present,months_numeric,count_reported,measurement_concept,value_field,raw_labels,definition_version_flag,comparability_class
Homicídio doloso,2015,AC,FULL_12_MONTHS,12,12,173,vítimas,total_vitima,Homicídio doloso,standard_vde_indicator,COMPARABLE
Homicídio doloso,2015,AL,FULL_12_MONTHS,12,12,1635,vítimas,total_vitima,Homicídio doloso,standard_vde_indicator,COMPARABLE
Homicídio doloso,2015,AM,FULL_12_MONTHS,12,12,1201,vítimas,total_vitima,Homicídio doloso,standard_vde_indicator,COMPARABLE
Homicídio doloso,2015,AP,FULL_12_MONTHS,12,12,235,vítimas,total_vitima,Homicídio doloso,standard_vde_indicator,COMPARABLE
Homicídio doloso,2015,BA,FULL_12_MONTHS,12,12,5709,vítimas,total_vitima,Homicídio doloso,standard_vde_indicator,COMPARABLE
Homicídio doloso,2015,CE,FULL_12_MONTHS,12,12,3923,vítimas,total_vitima,Homicídio doloso,standard_vde_indicator,COMPARABLE
Homicídio doloso,2015,DF,FULL_12_MONTHS,12,12,616,vítimas,total_vitima,Homicídio doloso,standard_vde_indicator,COMPARABLE
Homicídio doloso,2015,ES,NOT_REPORTED,0,0,,vítimas,total_vitima,,standard_vde_indicator,COMPARABLE
Homicídio doloso,2015,GO,FULL_12_MONTHS,12,12,0,vítimas,total_vitima,Homicídio doloso,standard_vde_indicator,COMPARABLE
Homicídio doloso,2015,MA,FULL_12_MONTHS,12,12,1981,vítimas,total_vitima,Homicídio doloso,standard_vde_indicator,COMPARABLE
Homicídio doloso,2015,MG,FULL_12_MONTHS,12,12,3963,vítimas,total_vitima,Homicídio doloso,standard_vde_indicator,COMPARABLE
Homicídio doloso,2015,MS,FULL_12_MONTHS,12,12,638,vítimas,total_vitima,Homicídio doloso,standard_vde_indicator,COMPARABLE
Homicídio doloso,2015,MT,FULL_12_MONTHS,12,12,1120,vítimas,total_vitima,Homicídio doloso,standard_vde_indicator,COMPARABLE
Homicídio doloso,2015,PA,FULL_12_MONTHS,12,12,3363,vítimas,total_vitima,Homicídio doloso,standard_vde_indicator,COMPARABLE
Homicídio doloso,2015,PB,FULL_12_MONTHS,12,12,1414,vítimas,total_vitima,Homicídio doloso,standard_vde_indicator,COMPARABLE
Homicídio doloso,2015,PE,FULL_12_MONTHS,12,12,3713,vítimas,total_vitima,Homicídio doloso,standard_vde_indicator,COMPARABLE
Homicídio doloso,2015,PI,FULL_12_MONTHS,12,12,585,vítimas,total_vitima,Homicídio doloso,standard_vde_indicator,COMPARABLE
Homicídio doloso,2015,PR,FULL_12_MONTHS,12,12,0,vítimas,total_vitima,Homicídio doloso,standard_vde_indicator,COMPARABLE
Homicídio doloso,2015,RJ,FULL_12_MONTHS,12,12,4858,vítimas,total_vitima,Homicídio doloso,standard_vde_indicator,COMPARABLE
Homicídio doloso,2015,RN,FULL_12_MONTHS,12,12,1364,vítimas,total_vitima,Homicídio doloso,standard_vde_indicator,COMPARABLE
Homicídio doloso,2015,RO,FULL_12_MONTHS,12,12,527,vítimas,total_vitima,Homicídio doloso,standard_vde_indicator,COMPARABLE
Homicídio doloso,2015,RR,FULL_12_MONTHS,12,12,83,vítimas,total_vitima,Homicídio doloso,standard_vde_indicator,COMPARABLE
Homicídio doloso,2015,RS,FULL_12_MONTHS,12,12,2704,vítimas,total_vitima,Homicídio doloso,standard_vde_indicator,COMPARABLE
Homicídio doloso,2015,SC,FULL_12_MONTHS,12,12,778,vítimas,total_vitima,Homicídio doloso,standard_vde_indicator,COMPARABLE
Homicídio doloso,2015,SE,FULL_12_MONTHS,12,12,1196,vítimas,total_vitima,Homicídio doloso,standard_vde_indicator,COMPARABLE
Homicídio doloso,2015,SP,FULL_12_MONTHS,12,12,3925,vítimas,total_vitima,Homicídio doloso,standard_vde_indicator,COMPARABLE
Homicídio doloso,2015,TO,FULL_12_MONTHS,12,12,254,vítimas,total_vitima,Homicídio doloso,standard_vde_indicator,COMPARABLE
Homicídio doloso,2016,AC,FULL_12_MONTHS,12,12,315,vítimas,total_vitima,Homicídio doloso,standard_vde_indicator,COMPARABLE
Homicídio doloso,2016,AL,FULL_12_MONTHS,12,12,1661,vítimas,total_vitima,Homicídio doloso,standard_vde_indicator,COMPARABLE
Homicídio doloso,2016,AM,FULL_12_MONTHS,12,12,1035,vítimas,total_vitima,Homicídio doloso,standard_vde_indicator,COMPARABLE
Homicídio doloso,2016,AP,FULL_12_MONTHS,12,12,258,vítimas,total_vitima,Homicídio doloso,standard_vde_indicator,COMPARABLE
Homicídio doloso,2016,BA,FULL_12_MONTHS,12,12,6460,vítimas,total_vitima,Homicídio doloso,standard_vde_indicator,COMPARABLE
Homicídio doloso,2016,CE,FULL_12_MONTHS,12,12,3284,vítimas,total_vitima,Homicídio doloso,standard_vde_indicator,COMPARABLE
Homicídio doloso,2016,DF,FULL_12_MONTHS,12,12,582,vítimas,total_vitima,Homicídio doloso,standard_vde_indicator,COMPARABLE
Homicídio doloso,2016,ES,FULL_12_MONTHS,12,12,1147,vítimas,total_vitima,Homicídio doloso,standard_vde_indicator,COMPARABLE
Homicídio doloso,2016,GO,FULL_12_MONTHS,12,12,2010,vítimas,total_vitima,Homicídio doloso,standard_vde_indicator,COMPARABLE
Homicídio doloso,2016,MA,FULL_12_MONTHS,12,12,2036,vítimas,total_vitima,Homicídio doloso,standard_vde_indicator,COMPARABLE
Homicídio doloso,2016,MG,FULL_12_MONTHS,12,12,3948,vítimas,total_vitima,Homicídio doloso,standard_vde_indicator,COMPARABLE
Homicídio doloso,2016,MS,FULL_12_MONTHS,12,12,650,vítimas,total_vitima,Homicídio doloso,standard_vde_indicator,COMPARABLE
Homicídio doloso,2016,MT,FULL_12_MONTHS,12,12,1086,vítimas,total_vitima,Homicídio doloso,standard_vde_indicator,COMPARABLE
Homicídio doloso,2016,PA,FULL_12_MONTHS,12,12,3711,vítimas,total_vitima,Homicídio doloso,standard_vde_indicator,COMPARABLE
Homicídio doloso,2016,PB,FULL_12_MONTHS,12,12,1232,vítimas,total_vitima,Homicídio doloso,standard_vde_indicator,COMPARABLE
Homicídio doloso,2016,PE,FULL_12_MONTHS,12,12,4102,vítimas,total_vitima,Homicídio doloso,standard_vde_indicator,COMPARABLE
Homicídio doloso,2016,PI,FULL_12_MONTHS,12,12,587,vítimas,total_vitima,Homicídio doloso,standard_vde_indicator,COMPARABLE
Homicídio doloso,2016,PR,FULL_12_MONTHS,12,12,0,vítimas,total_vitima,Homicídio doloso,standard_vde_indicator,COMPARABLE
Homicídio doloso,2016,RJ,FULL_12_MONTHS,12,12,5644,vítimas,total_vitima,Homicídio doloso,standard_vde_indicator,COMPARABLE
Homicídio doloso,2016,RN,FULL_12_MONTHS,12,12,1732,vítimas,total_vitima,Homicídio doloso,standard_vde_indicator,COMPARABLE
Homicídio doloso,2016,RO,FULL_12_MONTHS,12,12,545,vítimas,total_vitima,Homicídio doloso,standard_vde_indicator,COMPARABLE
Homicídio doloso,2016,RR,FULL_12_MONTHS,12,12,87,vítimas,total_vitima,Homicídio doloso,standard_vde_indicator,COMPARABLE
Homicídio doloso,2016,RS,FULL_12_MONTHS,12,12,2931,vítimas,total_vitima,Homicídio doloso,standard_vde_indicator,COMPARABLE
Homicídio doloso,2016,SC,FULL_12_MONTHS,12,12,841,vítimas,total_vitima,Homicídio doloso,standard_vde_indicator,COMPARABLE
Homicídio doloso,2016,SE,FULL_12_MONTHS,12,12,1306,vítimas,total_vitima,Homicídio doloso,standard_vde_indicator,COMPARABLE
Homicídio doloso,2016,SP,FULL_12_MONTHS,12,12,3611,vítimas,total_vitima,Homicídio doloso,standard_vde_indicator,COMPARABLE
Homicídio doloso,2016,TO,FULL_12_MONTHS,12,12,356,vítimas,total_vitima,Homicídio doloso,standard_vde_indicator,COMPARABLE
Homicídio doloso,2017,AC,FULL_12_MONTHS,12,12,450,vítimas,total_vitima,Homicídio doloso,standard_vde_indicator,COMPARABLE
Homicídio doloso,2017,AL,FULL_12_MONTHS,12,12,1672,vítimas,total_vitima,Homicídio doloso,standard_vde_indicator,COMPARABLE
Homicídio doloso,2017,AM,FULL_12_MONTHS,12,12,1191,vítimas,total_vitima,Homicídio doloso,standard_vde_indicator,COMPARABLE
Homicídio doloso,2017,AP,FULL_12_MONTHS,12,12,265,vítimas,total_vitima,Homicídio doloso,standard_vde_indicator,COMPARABLE
Homicídio doloso,2017,BA,FULL_12_MONTHS,12,12,6131,vítimas,total_vitima,Homicídio doloso,standard_vde_indicator,COMPARABLE
Homicídio doloso,2017,CE,FULL_12_MONTHS,12,12,5004,vítimas,total_vitima,Homicídio doloso,standard_vde_indicator,COMPARABLE
Homicídio doloso,2017,DF,FULL_12_MONTHS,12,12,493,vítimas,total_vitima,Homicídio doloso,standard_vde_indicator,COMPARABLE
Homicídio doloso,2017,ES,FULL_12_MONTHS,12,12,1365,vítimas,total_vitima,Homicídio doloso,standard_vde_indicator,COMPARABLE
Homicídio doloso,2017,GO,FULL_12_MONTHS,12,12,2250,vítimas,total_vitima,Homicídio doloso,standard_vde_indicator,COMPARABLE
Homicídio doloso,2017,MA,FULL_12_MONTHS,12,12,1768,vítimas,total_vitima,Homicídio doloso,standard_vde_indicator,COMPARABLE
Homicídio doloso,2017,MG,FULL_12_MONTHS,12,12,3749,vítimas,total_vitima,Homicídio doloso,standard_vde_indicator,COMPARABLE
Homicídio doloso,2017,MS,FULL_12_MONTHS,12,12,625,vítimas,total_vitima,Homicídio doloso,standard_vde_indicator,COMPARABLE
Homicídio doloso,2017,MT,FULL_12_MONTHS,12,12,965,vítimas,total_vitima,Homicídio doloso,standard_vde_indicator,COMPARABLE
Homicídio doloso,2017,PA,FULL_12_MONTHS,12,12,3879,vítimas,total_vitima,Homicídio doloso,standard_vde_indicator,COMPARABLE
Homicídio doloso,2017,PB,FULL_12_MONTHS,12,12,1185,vítimas,total_vitima,Homicídio doloso,standard_vde_indicator,COMPARABLE
Homicídio doloso,2017,PE,FULL_12_MONTHS,12,12,4946,vítimas,total_vitima,Homicídio doloso,standard_vde_indicator,COMPARABLE
Homicídio doloso,2017,PI,FULL_12_MONTHS,12,12,546,vítimas,total_vitima,Homicídio doloso,standard_vde_indicator,COMPARABLE
Homicídio doloso,2017,PR,FULL_12_MONTHS,12,12,2177,vítimas,total_vitima,Homicídio doloso,standard_vde_indicator,COMPARABLE
Homicídio doloso,2017,RJ,FULL_12_MONTHS,12,12,5722,vítimas,total_vitima,Homicídio doloso,standard_vde_indicator,COMPARABLE
Homicídio doloso,2017,RN,FULL_12_MONTHS,12,12,1883,vítimas,total_vitima,Homicídio doloso,standard_vde_indicator,COMPARABLE
Homicídio doloso,2017,RO,FULL_12_MONTHS,12,12,669,vítimas,total_vitima,Homicídio doloso,standard_vde_indicator,COMPARABLE
Homicídio doloso,2017,RR,FULL_12_MONTHS,12,12,212,vítimas,total_vitima,Homicídio doloso,standard_vde_indicator,COMPARABLE
Homicídio doloso,2017,RS,FULL_12_MONTHS,12,12,3025,vítimas,total_vitima,Homicídio doloso,standard_vde_indicator,COMPARABLE
Homicídio doloso,2017,SC,FULL_12_MONTHS,12,12,934,vítimas,total_vitima,Homicídio doloso,standard_vde_indicator,COMPARABLE
Homicídio doloso,2017,SE,FULL_12_MONTHS,12,12,1101,vítimas,total_vitima,Homicídio doloso,standard_vde_indicator,COMPARABLE
Homicídio doloso,2017,SP,FULL_12_MONTHS,12,12,3383,vítimas,total_vitima,Homicídio doloso,standard_vde_indicator,COMPARABLE
Homicídio doloso,2017,TO,FULL_12_MONTHS,12,12,291,vítimas,total_vitima,Homicídio doloso,standard_vde_indicator,COMPARABLE
Homicídio doloso,2018,AC,FULL_12_MONTHS,12,12,358,vítimas,total_vitima,Homicídio doloso,standard_vde_indicator,COMPARABLE
Homicídio doloso,2018,AL,FULL_12_MONTHS,12,12,1333,vítimas,total_vitima,Homicídio doloso,standard_vde_indicator,COMPARABLE
Homicídio doloso,2018,AM,FULL_12_MONTHS,12,12,1094,vítimas,total_vitima,Homicídio doloso,standard_vde_indicator,COMPARABLE
Homicídio doloso,2018,AP,FULL_12_MONTHS,12,12,298,vítimas,total_vitima,Homicídio doloso,standard_vde_indicator,COMPARABLE
Homicídio doloso,2018,BA,FULL_12_MONTHS,12,12,5444,vítimas,total_vitima,Homicídio doloso,standard_vde_indicator,COMPARABLE
Homicídio doloso,2018,CE,FULL_12_MONTHS,12,12,4402,vítimas,total_vitima,Homicídio doloso,standard_vde_indicator,COMPARABLE
Homicídio doloso,2018,DF,FULL_12_MONTHS,12,12,434,vítimas,total_vitima,Homicídio doloso,standard_vde_indicator,COMPARABLE
Homicídio doloso,2018,ES,FULL_12_MONTHS,12,12,1075,vítimas,total_vitima,Homicídio doloso,standard_vde_indicator,COMPARABLE
Homicídio doloso,2018,GO,FULL_12_MONTHS,12,12,2081,vítimas,total_vitima,Homicídio doloso,standard_vde_indicator,COMPARABLE
Homicídio doloso,2018,MA,FULL_12_MONTHS,12,12,1572,vítimas,total_vitima,Homicídio doloso,standard_vde_indicator,COMPARABLE
Homicídio doloso,2018,MG,FULL_12_MONTHS,12,12,2893,vítimas,total_vitima,Homicídio doloso,standard_vde_indicator,COMPARABLE
Homicídio doloso,2018,MS,FULL_12_MONTHS,12,12,502,vítimas,total_vitima,Homicídio doloso,standard_vde_indicator,COMPARABLE
Homicídio doloso,2018,MT,FULL_12_MONTHS,12,12,916,vítimas,total_vitima,Homicídio doloso,standard_vde_indicator,COMPARABLE
Homicídio doloso,2018,PA,FULL_12_MONTHS,12,12,3772,vítimas,total_vitima,Homicídio doloso,standard_vde_indicator,COMPARABLE
Homicídio doloso,2018,PB,FULL_12_MONTHS,12,12,1099,vítimas,total_vitima,Homicídio doloso,standard_vde_indicator,COMPARABLE
Homicídio doloso,2018,PE,FULL_12_MONTHS,12,12,3840,vítimas,total_vitima,Homicídio doloso,standard_vde_indicator,COMPARABLE
Homicídio doloso,2018,PI,FULL_12_MONTHS,12,12,512,vítimas,total_vitima,Homicídio doloso,standard_vde_indicator,COMPARABLE
Homicídio doloso,2018,PR,FULL_12_MONTHS,12,12,1888,vítimas,total_vitima,Homicídio doloso,standard_vde_indicator,COMPARABLE
Homicídio doloso,2018,RJ,FULL_12_MONTHS,12,12,5307,vítimas,total_vitima,Homicídio doloso,standard_vde_indicator,COMPARABLE
Homicídio doloso,2018,RN,FULL_12_MONTHS,12,12,1498,vítimas,total_vitima,Homicídio doloso,standard_vde_indicator,COMPARABLE
Homicídio doloso,2018,RO,FULL_12_MONTHS,12,12,430,vítimas,total_vitima,Homicídio doloso,standard_vde_indicator,COMPARABLE
Homicídio doloso,2018,RR,FULL_12_MONTHS,12,12,336,vítimas,total_vitima,Homicídio doloso,standard_vde_indicator,COMPARABLE
Homicídio doloso,2018,RS,FULL_12_MONTHS,12,12,2410,vítimas,total_vitima,Homicídio doloso,standard_vde_indicator,COMPARABLE
Homicídio doloso,2018,SC,FULL_12_MONTHS,12,12,731,vítimas,total_vitima,Homicídio doloso,standard_vde_indicator,COMPARABLE
Homicídio doloso,2018,SE,FULL_12_MONTHS,12,12,932,vítimas,total_vitima,Homicídio doloso,standard_vde_indicator,COMPARABLE
Homicídio doloso,2018,SP,FULL_12_MONTHS,12,12,2970,vítimas,total_vitima,Homicídio doloso,standard_vde_indicator,COMPARABLE
Homicídio doloso,2018,TO,FULL_12_MONTHS,12,12,390,vítimas,total_vitima,Homicídio doloso,standard_vde_indicator,COMPARABLE
Homicídio doloso,2019,AC,FULL_12_MONTHS,12,12,270,vítimas,total_vitima,Homicídio doloso,standard_vde_indicator,COMPARABLE
Homicídio doloso,2019,AL,FULL_12_MONTHS,12,12,1025,vítimas,total_vitima,Homicídio doloso,standard_vde_indicator,COMPARABLE
Homicídio doloso,2019,AM,FULL_12_MONTHS,12,12,1058,vítimas,total_vitima,Homicídio doloso,standard_vde_indicator,COMPARABLE
Homicídio doloso,2019,AP,FULL_12_MONTHS,12,12,225,vítimas,total_vitima,Homicídio doloso,standard_vde_indicator,COMPARABLE
Homicídio doloso,2019,BA,FULL_12_MONTHS,12,12,4905,vítimas,total_vitima,Homicídio doloso,standard_vde_indicator,COMPARABLE
Homicídio doloso,2019,CE,FULL_12_MONTHS,12,12,2155,vítimas,total_vitima,Homicídio doloso,standard_vde_indicator,COMPARABLE
Homicídio doloso,2019,DF,FULL_12_MONTHS,12,12,386,vítimas,total_vitima,Homicídio doloso,standard_vde_indicator,COMPARABLE
Homicídio doloso,2019,ES,FULL_12_MONTHS,12,12,953,vítimas,total_vitima,Homicídio doloso,standard_vde_indicator,COMPARABLE
Homicídio doloso,2019,GO,FULL_12_MONTHS,12,12,1627,vítimas,total_vitima,Homicídio doloso,standard_vde_indicator,COMPARABLE
Homicídio doloso,2019,MA,FULL_12_MONTHS,12,12,1350,vítimas,total_vitima,Homicídio doloso,standard_vde_indicator,COMPARABLE
Homicídio doloso,2019,MG,FULL_12_MONTHS,12,12,2662,vítimas,total_vitima,Homicídio doloso,standard_vde_indicator,COMPARABLE
Homicídio doloso,2019,MS,FULL_12_MONTHS,12,12,455,vítimas,total_vitima,Homicídio doloso,standard_vde_indicator,COMPARABLE
Homicídio doloso,2019,MT,FULL_12_MONTHS,12,12,804,vítimas,total_vitima,Homicídio doloso,standard_vde_indicator,COMPARABLE
Homicídio doloso,2019,PA,FULL_12_MONTHS,12,12,2758,vítimas,total_vitima,Homicídio doloso,standard_vde_indicator,COMPARABLE
Homicídio doloso,2019,PB,FULL_12_MONTHS,12,12,845,vítimas,total_vitima,Homicídio doloso,standard_vde_indicator,COMPARABLE
Homicídio doloso,2019,PE,FULL_12_MONTHS,12,12,3183,vítimas,total_vitima,Homicídio doloso,standard_vde_indicator,COMPARABLE
Homicídio doloso,2019,PI,FULL_12_MONTHS,12,12,472,vítimas,total_vitima,Homicídio doloso,standard_vde_indicator,COMPARABLE
Homicídio doloso,2019,PR,FULL_12_MONTHS,12,12,1691,vítimas,total_vitima,Homicídio doloso,standard_vde_indicator,COMPARABLE
Homicídio doloso,2019,RJ,FULL_12_MONTHS,12,12,4403,vítimas,total_vitima,Homicídio doloso,standard_vde_indicator,COMPARABLE
Homicídio doloso,2019,RN,FULL_12_MONTHS,12,12,1074,vítimas,total_vitima,Homicídio doloso,standard_vde_indicator,COMPARABLE
Homicídio doloso,2019,RO,FULL_12_MONTHS,12,12,361,vítimas,total_vitima,Homicídio doloso,standard_vde_indicator,COMPARABLE
Homicídio doloso,2019,RR,FULL_12_MONTHS,12,12,174,vítimas,total_vitima,Homicídio doloso,standard_vde_indicator,COMPARABLE
Homicídio doloso,2019,RS,FULL_12_MONTHS,12,12,1860,vítimas,total_vitima,Homicídio doloso,standard_vde_indicator,COMPARABLE
Homicídio doloso,2019,SC,FULL_12_MONTHS,12,12,642,vítimas,total_vitima,Homicídio doloso,standard_vde_indicator,COMPARABLE
Homicídio doloso,2019,SE,FULL_12_MONTHS,12,12,751,vítimas,total_vitima,Homicídio doloso,standard_vde_indicator,COMPARABLE
Homicídio doloso,2019,SP,FULL_12_MONTHS,12,12,2722,vítimas,total_vitima,Homicídio doloso,standard_vde_indicator,COMPARABLE
Homicídio doloso,2019,TO,FULL_12_MONTHS,12,12,417,vítimas,total_vitima,Homicídio doloso,standard_vde_indicator,COMPARABLE
Homicídio doloso,2020,AC,FULL_12_MONTHS,12,12,268,vítimas,total_vitima,Homicídio doloso,standard_vde_indicator,COMPARABLE
Homicídio doloso,2020,AL,FULL_12_MONTHS,12,12,1185,vítimas,total_vitima,Homicídio doloso,standard_vde_indicator,COMPARABLE
Homicídio doloso,2020,AM,FULL_12_MONTHS,12,12,944,vítimas,total_vitima,Homicídio doloso,standard_vde_indicator,COMPARABLE
Homicídio doloso,2020,AP,FULL_12_MONTHS,12,12,234,vítimas,total_vitima,Homicídio doloso,standard_vde_indicator,COMPARABLE
Homicídio doloso,2020,BA,FULL_12_MONTHS,12,12,5248,vítimas,total_vitima,Homicídio doloso,standard_vde_indicator,COMPARABLE
Homicídio doloso,2020,CE,FULL_12_MONTHS,12,12,3934,vítimas,total_vitima,Homicídio doloso,standard_vde_indicator,COMPARABLE
Homicídio doloso,2020,DF,FULL_12_MONTHS,12,12,357,vítimas,total_vitima,Homicídio doloso,standard_vde_indicator,COMPARABLE
Homicídio doloso,2020,ES,FULL_12_MONTHS,12,12,1081,vítimas,total_vitima,Homicídio doloso,standard_vde_indicator,COMPARABLE
Homicídio doloso,2020,GO,FULL_12_MONTHS,12,12,1470,vítimas,total_vitima,Homicídio doloso,standard_vde_indicator,COMPARABLE
Homicídio doloso,2020,MA,FULL_12_MONTHS,12,12,1796,vítimas,total_vitima,Homicídio doloso,standard_vde_indicator,COMPARABLE
Homicídio doloso,2020,MG,FULL_12_MONTHS,12,12,2563,vítimas,total_vitima,Homicídio doloso,standard_vde_indicator,COMPARABLE
Homicídio doloso,2020,MS,FULL_12_MONTHS,12,12,472,vítimas,total_vitima,Homicídio doloso,standard_vde_indicator,COMPARABLE
Homicídio doloso,2020,MT,FULL_12_MONTHS,12,12,751,vítimas,total_vitima,Homicídio doloso,standard_vde_indicator,COMPARABLE
Homicídio doloso,2020,PA,FULL_12_MONTHS,12,12,2205,vítimas,total_vitima,Homicídio doloso,standard_vde_indicator,COMPARABLE
Homicídio doloso,2020,PB,FULL_12_MONTHS,12,12,1050,vítimas,total_vitima,Homicídio doloso,standard_vde_indicator,COMPARABLE
Homicídio doloso,2020,PE,FULL_12_MONTHS,12,12,3432,vítimas,total_vitima,Homicídio doloso,standard_vde_indicator,COMPARABLE
Homicídio doloso,2020,PI,FULL_12_MONTHS,12,12,603,vítimas,total_vitima,Homicídio doloso,standard_vde_indicator,COMPARABLE
Homicídio doloso,2020,PR,FULL_12_MONTHS,12,12,1929,vítimas,total_vitima,Homicídio doloso,standard_vde_indicator,COMPARABLE
Homicídio doloso,2020,RJ,FULL_12_MONTHS,12,12,3830,vítimas,total_vitima,Homicídio doloso,standard_vde_indicator,COMPARABLE
Homicídio doloso,2020,RN,FULL_12_MONTHS,12,12,1222,vítimas,total_vitima,Homicídio doloso,standard_vde_indicator,COMPARABLE
Homicídio doloso,2020,RO,FULL_12_MONTHS,12,12,375,vítimas,total_vitima,Homicídio doloso,standard_vde_indicator,COMPARABLE
Homicídio doloso,2020,RR,FULL_12_MONTHS,12,12,167,vítimas,total_vitima,Homicídio doloso,standard_vde_indicator,COMPARABLE
Homicídio doloso,2020,RS,FULL_12_MONTHS,12,12,1833,vítimas,total_vitima,Homicídio doloso,standard_vde_indicator,COMPARABLE
Homicídio doloso,2020,SC,FULL_12_MONTHS,12,12,626,vítimas,total_vitima,Homicídio doloso,standard_vde_indicator,COMPARABLE
Homicídio doloso,2020,SE,FULL_12_MONTHS,12,12,747,vítimas,total_vitima,Homicídio doloso,standard_vde_indicator,COMPARABLE
Homicídio doloso,2020,SP,FULL_12_MONTHS,12,12,2858,vítimas,total_vitima,Homicídio doloso,standard_vde_indicator,COMPARABLE
Homicídio doloso,2020,TO,FULL_12_MONTHS,12,12,415,vítimas,total_vitima,Homicídio doloso,standard_vde_indicator,COMPARABLE
Homicídio doloso,2021,AC,FULL_12_MONTHS,12,12,163,vítimas,total_vitima,Homicídio doloso,standard_vde_indicator,COMPARABLE
Homicídio doloso,2021,AL,FULL_12_MONTHS,12,12,1020,vítimas,total_vitima,Homicídio doloso,standard_vde_indicator,COMPARABLE
Homicídio doloso,2021,AM,FULL_12_MONTHS,12,12,1464,vítimas,total_vitima,Homicídio doloso,standard_vde_indicator,COMPARABLE
Homicídio doloso,2021,AP,FULL_12_MONTHS,12,12,271,vítimas,total_vitima,Homicídio doloso,standard_vde_indicator,COMPARABLE
Homicídio doloso,2021,BA,FULL_12_MONTHS,12,12,5447,vítimas,total_vitima,Homicídio doloso,standard_vde_indicator,COMPARABLE
Homicídio doloso,2021,CE,FULL_12_MONTHS,12,12,3202,vítimas,total_vitima,Homicídio doloso,standard_vde_indicator,COMPARABLE
Homicídio doloso,2021,DF,FULL_12_MONTHS,12,12,287,vítimas,total_vitima,Homicídio doloso,standard_vde_indicator,COMPARABLE
Homicídio doloso,2021,ES,FULL_12_MONTHS,12,12,1023,vítimas,total_vitima,Homicídio doloso,standard_vde_indicator,COMPARABLE
Homicídio doloso,2021,GO,FULL_12_MONTHS,12,12,1191,vítimas,total_vitima,Homicídio doloso,standard_vde_indicator,COMPARABLE
Homicídio doloso,2021,MA,FULL_12_MONTHS,12,12,1774,vítimas,total_vitima,Homicídio doloso,standard_vde_indicator,COMPARABLE
Homicídio doloso,2021,MG,FULL_12_MONTHS,12,12,2399,vítimas,total_vitima,Homicídio doloso,standard_vde_indicator,COMPARABLE
Homicídio doloso,2021,MS,FULL_12_MONTHS,12,12,489,vítimas,total_vitima,Homicídio doloso,standard_vde_indicator,COMPARABLE
Homicídio doloso,2021,MT,FULL_12_MONTHS,12,12,711,vítimas,total_vitima,Homicídio doloso,standard_vde_indicator,COMPARABLE
Homicídio doloso,2021,PA,FULL_12_MONTHS,12,12,2257,vítimas,total_vitima,Homicídio doloso,standard_vde_indicator,COMPARABLE
Homicídio doloso,2021,PB,FULL_12_MONTHS,12,12,1042,vítimas,total_vitima,Homicídio doloso,standard_vde_indicator,COMPARABLE
Homicídio doloso,2021,PE,FULL_12_MONTHS,12,12,3042,vítimas,total_vitima,Homicídio doloso,standard_vde_indicator,COMPARABLE
Homicídio doloso,2021,PI,FULL_12_MONTHS,12,12,665,vítimas,total_vitima,Homicídio doloso,standard_vde_indicator,COMPARABLE
Homicídio doloso,2021,PR,FULL_12_MONTHS,12,12,1839,vítimas,total_vitima,Homicídio doloso,standard_vde_indicator,COMPARABLE
Homicídio doloso,2021,RJ,FULL_12_MONTHS,12,12,3506,vítimas,total_vitima,Homicídio doloso,standard_vde_indicator,COMPARABLE
Homicídio doloso,2021,RN,FULL_12_MONTHS,12,12,1063,vítimas,total_vitima,Homicídio doloso,standard_vde_indicator,COMPARABLE
Homicídio doloso,2021,RO,FULL_12_MONTHS,12,12,421,vítimas,total_vitima,Homicídio doloso,standard_vde_indicator,COMPARABLE
Homicídio doloso,2021,RR,FULL_12_MONTHS,12,12,199,vítimas,total_vitima,Homicídio doloso,standard_vde_indicator,COMPARABLE
Homicídio doloso,2021,RS,FULL_12_MONTHS,12,12,1639,vítimas,total_vitima,Homicídio doloso,standard_vde_indicator,COMPARABLE
Homicídio doloso,2021,SC,FULL_12_MONTHS,12,12,581,vítimas,total_vitima,Homicídio doloso,standard_vde_indicator,COMPARABLE
Homicídio doloso,2021,SE,FULL_12_MONTHS,12,12,542,vítimas,total_vitima,Homicídio doloso,standard_vde_indicator,COMPARABLE
Homicídio doloso,2021,SP,FULL_12_MONTHS,12,12,2701,vítimas,total_vitima,Homicídio doloso,standard_vde_indicator,COMPARABLE
Homicídio doloso,2021,TO,FULL_12_MONTHS,12,12,348,vítimas,total_vitima,Homicídio doloso,standard_vde_indicator,COMPARABLE
Homicídio doloso,2022,AC,FULL_12_MONTHS,12,12,197,vítimas,total_vitima,Homicídio doloso,standard_vde_indicator,COMPARABLE
Homicídio doloso,2022,AL,FULL_12_MONTHS,12,12,1076,vítimas,total_vitima,Homicídio doloso,standard_vde_indicator,COMPARABLE
Homicídio doloso,2022,AM,FULL_12_MONTHS,12,12,1321,vítimas,total_vitima,Homicídio doloso,standard_vde_indicator,COMPARABLE
Homicídio doloso,2022,AP,FULL_12_MONTHS,12,12,190,vítimas,total_vitima,Homicídio doloso,standard_vde_indicator,COMPARABLE
Homicídio doloso,2022,BA,FULL_12_MONTHS,12,12,4937,vítimas,total_vitima,Homicídio doloso,standard_vde_indicator,COMPARABLE
Homicídio doloso,2022,CE,FULL_12_MONTHS,12,12,2881,vítimas,total_vitima,Homicídio doloso,standard_vde_indicator,COMPARABLE
Homicídio doloso,2022,DF,FULL_12_MONTHS,12,12,259,vítimas,total_vitima,Homicídio doloso,standard_vde_indicator,COMPARABLE
Homicídio doloso,2022,ES,FULL_12_MONTHS,12,12,968,vítimas,total_vitima,Homicídio doloso,standard_vde_indicator,COMPARABLE
Homicídio doloso,2022,GO,FULL_12_MONTHS,12,12,1133,vítimas,total_vitima,Homicídio doloso,standard_vde_indicator,COMPARABLE
Homicídio doloso,2022,MA,FULL_12_MONTHS,12,12,1632,vítimas,total_vitima,Homicídio doloso,standard_vde_indicator,COMPARABLE
Homicídio doloso,2022,MG,FULL_12_MONTHS,12,12,2495,vítimas,total_vitima,Homicídio doloso,standard_vde_indicator,COMPARABLE
Homicídio doloso,2022,MS,FULL_12_MONTHS,12,12,448,vítimas,total_vitima,Homicídio doloso,standard_vde_indicator,COMPARABLE
Homicídio doloso,2022,MT,FULL_12_MONTHS,12,12,876,vítimas,total_vitima,Homicídio doloso,standard_vde_indicator,COMPARABLE
Homicídio doloso,2022,PA,FULL_12_MONTHS,12,12,2286,vítimas,total_vitima,Homicídio doloso,standard_vde_indicator,COMPARABLE
Homicídio doloso,2022,PB,FULL_12_MONTHS,12,12,973,vítimas,total_vitima,Homicídio doloso,standard_vde_indicator,COMPARABLE
Homicídio doloso,2022,PE,FULL_12_MONTHS,12,12,3145,vítimas,total_vitima,Homicídio doloso,standard_vde_indicator,COMPARABLE
Homicídio doloso,2022,PI,FULL_12_MONTHS,12,12,732,vítimas,total_vitima,Homicídio doloso,standard_vde_indicator,COMPARABLE
Homicídio doloso,2022,PR,FULL_12_MONTHS,12,12,1948,vítimas,total_vitima,Homicídio doloso,standard_vde_indicator,COMPARABLE
Homicídio doloso,2022,RJ,FULL_12_MONTHS,12,12,3344,vítimas,total_vitima,Homicídio doloso,standard_vde_indicator,COMPARABLE
Homicídio doloso,2022,RN,FULL_12_MONTHS,12,12,985,vítimas,total_vitima,Homicídio doloso,standard_vde_indicator,COMPARABLE
Homicídio doloso,2022,RO,FULL_12_MONTHS,12,12,472,vítimas,total_vitima,Homicídio doloso,standard_vde_indicator,COMPARABLE
Homicídio doloso,2022,RR,FULL_12_MONTHS,12,12,175,vítimas,total_vitima,Homicídio doloso,standard_vde_indicator,COMPARABLE
Homicídio doloso,2022,RS,FULL_12_MONTHS,12,12,1761,vítimas,total_vitima,Homicídio doloso,standard_vde_indicator,COMPARABLE
Homicídio doloso,2022,SC,FULL_12_MONTHS,12,12,535,vítimas,total_vitima,Homicídio doloso,standard_vde_indicator,COMPARABLE
Homicídio doloso,2022,SE,FULL_12_MONTHS,12,12,560,vítimas,total_vitima,Homicídio doloso,standard_vde_indicator,COMPARABLE
Homicídio doloso,2022,SP,FULL_12_MONTHS,12,12,2849,vítimas,total_vitima,Homicídio doloso,standard_vde_indicator,COMPARABLE
Homicídio doloso,2022,TO,FULL_12_MONTHS,12,12,400,vítimas,total_vitima,Homicídio doloso,standard_vde_indicator,COMPARABLE
Homicídio doloso,2023,AC,FULL_12_MONTHS,12,12,180,vítimas,total_vitima,Homicídio doloso,standard_vde_indicator,COMPARABLE
Homicídio doloso,2023,AL,FULL_12_MONTHS,12,12,1096,vítimas,total_vitima,Homicídio doloso,standard_vde_indicator,COMPARABLE
Homicídio doloso,2023,AM,FULL_12_MONTHS,12,12,1254,vítimas,total_vitima,Homicídio doloso,standard_vde_indicator,COMPARABLE
Homicídio doloso,2023,AP,FULL_12_MONTHS,12,12,302,vítimas,total_vitima,Homicídio doloso,standard_vde_indicator,COMPARABLE
Homicídio doloso,2023,BA,FULL_12_MONTHS,12,12,4614,vítimas,total_vitima,Homicídio doloso,standard_vde_indicator,COMPARABLE
Homicídio doloso,2023,CE,FULL_12_MONTHS,12,12,2893,vítimas,total_vitima,Homicídio doloso,standard_vde_indicator,COMPARABLE
Homicídio doloso,2023,DF,FULL_12_MONTHS,12,12,234,vítimas,total_vitima,Homicídio doloso,standard_vde_indicator,COMPARABLE
Homicídio doloso,2023,ES,FULL_12_MONTHS,12,12,942,vítimas,total_vitima,Homicídio doloso,standard_vde_indicator,COMPARABLE
Homicídio doloso,2023,GO,FULL_12_MONTHS,12,12,1020,vítimas,total_vitima,Homicídio doloso,standard_vde_indicator,COMPARABLE
Homicídio doloso,2023,MA,FULL_12_MONTHS,12,12,1717,vítimas,total_vitima,Homicídio doloso,standard_vde_indicator,COMPARABLE
Homicídio doloso,2023,MG,FULL_12_MONTHS,12,12,2625,vítimas,total_vitima,Homicídio doloso,standard_vde_indicator,COMPARABLE
Homicídio doloso,2023,MS,FULL_12_MONTHS,12,12,453,vítimas,total_vitima,Homicídio doloso,standard_vde_indicator,COMPARABLE
Homicídio doloso,2023,MT,FULL_12_MONTHS,12,12,874,vítimas,total_vitima,Homicídio doloso,standard_vde_indicator,COMPARABLE
Homicídio doloso,2023,PA,FULL_12_MONTHS,12,12,2038,vítimas,total_vitima,Homicídio doloso,standard_vde_indicator,COMPARABLE
Homicídio doloso,2023,PB,FULL_12_MONTHS,12,12,933,vítimas,total_vitima,Homicídio doloso,standard_vde_indicator,COMPARABLE
Homicídio doloso,2023,PE,FULL_12_MONTHS,12,12,3335,vítimas,total_vitima,Homicídio doloso,standard_vde_indicator,COMPARABLE
Homicídio doloso,2023,PI,FULL_12_MONTHS,12,12,649,vítimas,total_vitima,Homicídio doloso,standard_vde_indicator,COMPARABLE
Homicídio doloso,2023,PR,FULL_12_MONTHS,12,12,1756,vítimas,total_vitima,Homicídio doloso,standard_vde_indicator,COMPARABLE
Homicídio doloso,2023,RJ,FULL_12_MONTHS,12,12,3579,vítimas,total_vitima,Homicídio doloso,standard_vde_indicator,COMPARABLE
Homicídio doloso,2023,RN,FULL_12_MONTHS,12,12,814,vítimas,total_vitima,Homicídio doloso,standard_vde_indicator,COMPARABLE
Homicídio doloso,2023,RO,FULL_12_MONTHS,12,12,418,vítimas,total_vitima,Homicídio doloso,standard_vde_indicator,COMPARABLE
Homicídio doloso,2023,RR,FULL_12_MONTHS,12,12,142,vítimas,total_vitima,Homicídio doloso,standard_vde_indicator,COMPARABLE
Homicídio doloso,2023,RS,FULL_12_MONTHS,12,12,1672,vítimas,total_vitima,Homicídio doloso,standard_vde_indicator,COMPARABLE
Homicídio doloso,2023,SC,FULL_12_MONTHS,12,12,513,vítimas,total_vitima,Homicídio doloso,standard_vde_indicator,COMPARABLE
Homicídio doloso,2023,SE,FULL_12_MONTHS,12,12,435,vítimas,total_vitima,Homicídio doloso,standard_vde_indicator,COMPARABLE
Homicídio doloso,2023,SP,FULL_12_MONTHS,12,12,2507,vítimas,total_vitima,Homicídio doloso,standard_vde_indicator,COMPARABLE
Homicídio doloso,2023,TO,FULL_12_MONTHS,12,12,344,vítimas,total_vitima,Homicídio doloso,standard_vde_indicator,COMPARABLE
Homicídio doloso,2024,AC,FULL_12_MONTHS,12,12,157,vítimas,total_vitima,Homicídio doloso,standard_vde_indicator,COMPARABLE
Homicídio doloso,2024,AL,FULL_12_MONTHS,12,12,1029,vítimas,total_vitima,Homicídio doloso,standard_vde_indicator,COMPARABLE
Homicídio doloso,2024,AM,FULL_12_MONTHS,12,12,1055,vítimas,total_vitima,Homicídio doloso,standard_vde_indicator,COMPARABLE
Homicídio doloso,2024,AP,FULL_12_MONTHS,12,12,217,vítimas,total_vitima,Homicídio doloso,standard_vde_indicator,COMPARABLE
Homicídio doloso,2024,BA,FULL_12_MONTHS,12,12,4207,vítimas,total_vitima,Homicídio doloso,standard_vde_indicator,COMPARABLE
Homicídio doloso,2024,CE,FULL_12_MONTHS,12,12,3178,vítimas,total_vitima,Homicídio doloso,standard_vde_indicator,COMPARABLE
Homicídio doloso,2024,DF,FULL_12_MONTHS,12,12,211,vítimas,total_vitima,Homicídio doloso,standard_vde_indicator,COMPARABLE
Homicídio doloso,2024,ES,FULL_12_MONTHS,12,12,815,vítimas,total_vitima,Homicídio doloso,standard_vde_indicator,COMPARABLE
Homicídio doloso,2024,GO,FULL_12_MONTHS,12,12,903,vítimas,total_vitima,Homicídio doloso,standard_vde_indicator,COMPARABLE
Homicídio doloso,2024,MA,FULL_12_MONTHS,12,12,1912,vítimas,total_vitima,Homicídio doloso,standard_vde_indicator,COMPARABLE
Homicídio doloso,2024,MG,FULL_12_MONTHS,12,12,2766,vítimas,total_vitima,Homicídio doloso,standard_vde_indicator,COMPARABLE
Homicídio doloso,2024,MS,FULL_12_MONTHS,12,12,421,vítimas,total_vitima,Homicídio doloso,standard_vde_indicator,COMPARABLE
Homicídio doloso,2024,MT,FULL_12_MONTHS,12,12,855,vítimas,total_vitima,Homicídio doloso,standard_vde_indicator,COMPARABLE
Homicídio doloso,2024,PA,FULL_12_MONTHS,12,12,1804,vítimas,total_vitima,Homicídio doloso,standard_vde_indicator,COMPARABLE
Homicídio doloso,2024,PB,FULL_12_MONTHS,12,12,955,vítimas,total_vitima,Homicídio doloso,standard_vde_indicator,COMPARABLE
Homicídio doloso,2024,PE,FULL_12_MONTHS,12,12,3209,vítimas,total_vitima,Homicídio doloso,standard_vde_indicator,COMPARABLE
Homicídio doloso,2024,PI,FULL_12_MONTHS,12,12,584,vítimas,total_vitima,Homicídio doloso,standard_vde_indicator,COMPARABLE
Homicídio doloso,2024,PR,FULL_12_MONTHS,12,12,1554,vítimas,total_vitima,Homicídio doloso,standard_vde_indicator,COMPARABLE
Homicídio doloso,2024,RJ,FULL_12_MONTHS,12,12,3238,vítimas,total_vitima,Homicídio doloso,standard_vde_indicator,COMPARABLE
Homicídio doloso,2024,RN,FULL_12_MONTHS,12,12,636,vítimas,total_vitima,Homicídio doloso,standard_vde_indicator,COMPARABLE
Homicídio doloso,2024,RO,FULL_12_MONTHS,12,12,418,vítimas,total_vitima,Homicídio doloso,standard_vde_indicator,COMPARABLE
Homicídio doloso,2024,RR,FULL_12_MONTHS,12,12,111,vítimas,total_vitima,Homicídio doloso,standard_vde_indicator,COMPARABLE
Homicídio doloso,2024,RS,FULL_12_MONTHS,12,12,1418,vítimas,total_vitima,Homicídio doloso,standard_vde_indicator,COMPARABLE
Homicídio doloso,2024,SC,FULL_12_MONTHS,12,12,512,vítimas,total_vitima,Homicídio doloso,standard_vde_indicator,COMPARABLE
Homicídio doloso,2024,SE,FULL_12_MONTHS,12,12,355,vítimas,total_vitima,Homicídio doloso,standard_vde_indicator,COMPARABLE
Homicídio doloso,2024,SP,FULL_12_MONTHS,12,12,2377,vítimas,total_vitima,Homicídio doloso,standard_vde_indicator,COMPARABLE
Homicídio doloso,2024,TO,FULL_12_MONTHS,12,12,239,vítimas,total_vitima,Homicídio doloso,standard_vde_indicator,COMPARABLE
Homicídio doloso,2025,AC,FULL_12_MONTHS,12,12,164,vítimas,total_vitima,Homicídio doloso,standard_vde_indicator,COMPARABLE
Homicídio doloso,2025,AL,FULL_12_MONTHS,12,12,903,vítimas,total_vitima,Homicídio doloso,standard_vde_indicator,COMPARABLE
Homicídio doloso,2025,AM,FULL_12_MONTHS,12,12,708,vítimas,total_vitima,Homicídio doloso,standard_vde_indicator,COMPARABLE
Homicídio doloso,2025,AP,FULL_12_MONTHS,12,12,185,vítimas,total_vitima,Homicídio doloso,standard_vde_indicator,COMPARABLE
Homicídio doloso,2025,BA,FULL_12_MONTHS,12,12,3663,vítimas,total_vitima,Homicídio doloso,standard_vde_indicator,COMPARABLE
Homicídio doloso,2025,CE,FULL_12_MONTHS,12,12,2927,vítimas,total_vitima,Homicídio doloso,standard_vde_indicator,COMPARABLE
Homicídio doloso,2025,DF,FULL_12_MONTHS,12,12,221,vítimas,total_vitima,Homicídio doloso,standard_vde_indicator,COMPARABLE
Homicídio doloso,2025,ES,FULL_12_MONTHS,12,12,762,vítimas,total_vitima,Homicídio doloso,standard_vde_indicator,COMPARABLE
Homicídio doloso,2025,GO,FULL_12_MONTHS,12,12,757,vítimas,total_vitima,Homicídio doloso,standard_vde_indicator,COMPARABLE
Homicídio doloso,2025,MA,FULL_12_MONTHS,12,12,1815,vítimas,total_vitima,Homicídio doloso,standard_vde_indicator,COMPARABLE
Homicídio doloso,2025,MG,FULL_12_MONTHS,12,12,2317,vítimas,total_vitima,Homicídio doloso,standard_vde_indicator,COMPARABLE
Homicídio doloso,2025,MS,FULL_12_MONTHS,12,12,309,vítimas,total_vitima,Homicídio doloso,standard_vde_indicator,COMPARABLE
Homicídio doloso,2025,MT,FULL_12_MONTHS,12,12,675,vítimas,total_vitima,Homicídio doloso,standard_vde_indicator,COMPARABLE
Homicídio doloso,2025,PA,FULL_12_MONTHS,12,12,1656,vítimas,total_vitima,Homicídio doloso,standard_vde_indicator,COMPARABLE
Homicídio doloso,2025,PB,FULL_12_MONTHS,12,12,899,vítimas,total_vitima,Homicídio doloso,standard_vde_indicator,COMPARABLE
Homicídio doloso,2025,PE,FULL_12_MONTHS,12,12,2883,vítimas,total_vitima,Homicídio doloso,standard_vde_indicator,COMPARABLE
Homicídio doloso,2025,PI,FULL_12_MONTHS,12,12,489,vítimas,total_vitima,Homicídio doloso,standard_vde_indicator,COMPARABLE
Homicídio doloso,2025,PR,FULL_12_MONTHS,12,12,1183,vítimas,total_vitima,Homicídio doloso,standard_vde_indicator,COMPARABLE
Homicídio doloso,2025,RJ,FULL_12_MONTHS,12,12,3342,vítimas,total_vitima,Homicídio doloso,standard_vde_indicator,COMPARABLE
Homicídio doloso,2025,RN,FULL_12_MONTHS,12,12,824,vítimas,total_vitima,Homicídio doloso,standard_vde_indicator,COMPARABLE
Homicídio doloso,2025,RO,FULL_12_MONTHS,12,12,414,vítimas,total_vitima,Homicídio doloso,standard_vde_indicator,COMPARABLE
Homicídio doloso,2025,RR,FULL_12_MONTHS,12,12,127,vítimas,total_vitima,Homicídio doloso,standard_vde_indicator,COMPARABLE
Homicídio doloso,2025,RS,FULL_12_MONTHS,12,12,1052,vítimas,total_vitima,Homicídio doloso,standard_vde_indicator,COMPARABLE
Homicídio doloso,2025,SC,FULL_12_MONTHS,12,12,429,vítimas,total_vitima,Homicídio doloso,standard_vde_indicator,COMPARABLE
Homicídio doloso,2025,SE,FULL_12_MONTHS,12,12,284,vítimas,total_vitima,Homicídio doloso,standard_vde_indicator,COMPARABLE
Homicídio doloso,2025,SP,FULL_12_MONTHS,12,12,2257,vítimas,total_vitima,Homicídio doloso,standard_vde_indicator,COMPARABLE
Homicídio doloso,2025,TO,FULL_12_MONTHS,12,12,247,vítimas,total_vitima,Homicídio doloso,standard_vde_indicator,COMPARABLE
Latrocínio,2015,AC,FULL_12_MONTHS,12,12,12,vítimas,total_vitima,Roubo seguido de morte (latrocínio),standard_vde_indicator,COMPARABLE
Latrocínio,2015,AL,FULL_12_MONTHS,12,12,55,vítimas,total_vitima,Roubo seguido de morte (latrocínio),standard_vde_indicator,COMPARABLE
Latrocínio,2015,AM,FULL_12_MONTHS,12,12,74,vítimas,total_vitima,Roubo seguido de morte (latrocínio),standard_vde_indicator,COMPARABLE
Latrocínio,2015,AP,FULL_12_MONTHS,12,12,21,vítimas,total_vitima,Roubo seguido de morte (latrocínio),standard_vde_indicator,COMPARABLE
Latrocínio,2015,BA,FULL_12_MONTHS,12,12,207,vítimas,total_vitima,Roubo seguido de morte (latrocínio),standard_vde_indicator,COMPARABLE
Latrocínio,2015,CE,FULL_12_MONTHS,12,12,65,vítimas,total_vitima,Roubo seguido de morte (latrocínio),standard_vde_indicator,COMPARABLE
Latrocínio,2015,DF,FULL_12_MONTHS,12,12,50,vítimas,total_vitima,Roubo seguido de morte (latrocínio),standard_vde_indicator,COMPARABLE
Latrocínio,2015,ES,NOT_REPORTED,0,0,,vítimas,total_vitima,,standard_vde_indicator,COMPARABLE
Latrocínio,2015,GO,FULL_12_MONTHS,12,12,0,vítimas,total_vitima,Roubo seguido de morte (latrocínio),standard_vde_indicator,COMPARABLE
Latrocínio,2015,MA,FULL_12_MONTHS,12,12,116,vítimas,total_vitima,Roubo seguido de morte (latrocínio),standard_vde_indicator,COMPARABLE
Latrocínio,2015,MG,FULL_12_MONTHS,12,12,91,vítimas,total_vitima,Roubo seguido de morte (latrocínio),standard_vde_indicator,COMPARABLE
Latrocínio,2015,MS,FULL_12_MONTHS,12,12,46,vítimas,total_vitima,Roubo seguido de morte (latrocínio),standard_vde_indicator,COMPARABLE
Latrocínio,2015,MT,FULL_12_MONTHS,12,12,52,vítimas,total_vitima,Roubo seguido de morte (latrocínio),standard_vde_indicator,COMPARABLE
Latrocínio,2015,PA,FULL_12_MONTHS,12,12,191,vítimas,total_vitima,Roubo seguido de morte (latrocínio),standard_vde_indicator,COMPARABLE
Latrocínio,2015,PB,FULL_12_MONTHS,12,12,48,vítimas,total_vitima,Roubo seguido de morte (latrocínio),standard_vde_indicator,COMPARABLE
Latrocínio,2015,PE,FULL_12_MONTHS,12,12,116,vítimas,total_vitima,Roubo seguido de morte (latrocínio),standard_vde_indicator,COMPARABLE
Latrocínio,2015,PI,FULL_12_MONTHS,12,12,47,vítimas,total_vitima,Roubo seguido de morte (latrocínio),standard_vde_indicator,COMPARABLE
Latrocínio,2015,PR,FULL_12_MONTHS,12,12,0,vítimas,total_vitima,Roubo seguido de morte (latrocínio),standard_vde_indicator,COMPARABLE
Latrocínio,2015,RJ,FULL_12_MONTHS,12,12,133,vítimas,total_vitima,Roubo seguido de morte (latrocínio),standard_vde_indicator,COMPARABLE
Latrocínio,2015,RN,FULL_12_MONTHS,12,12,58,vítimas,total_vitima,Roubo seguido de morte (latrocínio),standard_vde_indicator,COMPARABLE
Latrocínio,2015,RO,FULL_12_MONTHS,12,12,16,vítimas,total_vitima,Roubo seguido de morte (latrocínio),standard_vde_indicator,COMPARABLE
Latrocínio,2015,RR,FULL_12_MONTHS,12,12,9,vítimas,total_vitima,Roubo seguido de morte (latrocínio),standard_vde_indicator,COMPARABLE
Latrocínio,2015,RS,FULL_12_MONTHS,12,12,112,vítimas,total_vitima,Roubo seguido de morte (latrocínio),standard_vde_indicator,COMPARABLE
Latrocínio,2015,SC,FULL_12_MONTHS,12,12,71,vítimas,total_vitima,Roubo seguido de morte (latrocínio),standard_vde_indicator,COMPARABLE
Latrocínio,2015,SE,FULL_12_MONTHS,12,12,47,vítimas,total_vitima,Roubo seguido de morte (latrocínio),standard_vde_indicator,COMPARABLE
Latrocínio,2015,SP,FULL_12_MONTHS,12,12,356,vítimas,total_vitima,Roubo seguido de morte (latrocínio),standard_vde_indicator,COMPARABLE
Latrocínio,2015,TO,FULL_12_MONTHS,12,12,8,vítimas,total_vitima,Roubo seguido de morte (latrocínio),standard_vde_indicator,COMPARABLE
Latrocínio,2016,AC,FULL_12_MONTHS,12,12,13,vítimas,total_vitima,Roubo seguido de morte (latrocínio),standard_vde_indicator,COMPARABLE
Latrocínio,2016,AL,FULL_12_MONTHS,12,12,60,vítimas,total_vitima,Roubo seguido de morte (latrocínio),standard_vde_indicator,COMPARABLE
Latrocínio,2016,AM,FULL_12_MONTHS,12,12,92,vítimas,total_vitima,Roubo seguido de morte (latrocínio),standard_vde_indicator,COMPARABLE
Latrocínio,2016,AP,FULL_12_MONTHS,12,12,26,vítimas,total_vitima,Roubo seguido de morte (latrocínio),standard_vde_indicator,COMPARABLE
Latrocínio,2016,BA,FULL_12_MONTHS,12,12,212,vítimas,total_vitima,Roubo seguido de morte (latrocínio),standard_vde_indicator,COMPARABLE
Latrocínio,2016,CE,FULL_12_MONTHS,12,12,88,vítimas,total_vitima,Roubo seguido de morte (latrocínio),standard_vde_indicator,COMPARABLE
Latrocínio,2016,DF,FULL_12_MONTHS,12,12,47,vítimas,total_vitima,Roubo seguido de morte (latrocínio),standard_vde_indicator,COMPARABLE
Latrocínio,2016,ES,FULL_12_MONTHS,12,12,56,vítimas,total_vitima,Roubo seguido de morte (latrocínio),standard_vde_indicator,COMPARABLE
Latrocínio,2016,GO,FULL_12_MONTHS,12,12,93,vítimas,total_vitima,Roubo seguido de morte (latrocínio),standard_vde_indicator,COMPARABLE
Latrocínio,2016,MA,FULL_12_MONTHS,12,12,113,vítimas,total_vitima,Roubo seguido de morte (latrocínio),standard_vde_indicator,COMPARABLE
Latrocínio,2016,MG,FULL_12_MONTHS,12,12,117,vítimas,total_vitima,Roubo seguido de morte (latrocínio),standard_vde_indicator,COMPARABLE
Latrocínio,2016,MS,FULL_12_MONTHS,12,12,46,vítimas,total_vitima,Roubo seguido de morte (latrocínio),standard_vde_indicator,COMPARABLE
Latrocínio,2016,MT,FULL_12_MONTHS,12,12,63,vítimas,total_vitima,Roubo seguido de morte (latrocínio),standard_vde_indicator,COMPARABLE
Latrocínio,2016,PA,FULL_12_MONTHS,12,12,199,vítimas,total_vitima,Roubo seguido de morte (latrocínio),standard_vde_indicator,COMPARABLE
Latrocínio,2016,PB,FULL_12_MONTHS,12,12,33,vítimas,total_vitima,Roubo seguido de morte (latrocínio),standard_vde_indicator,COMPARABLE
Latrocínio,2016,PE,FULL_12_MONTHS,12,12,169,vítimas,total_vitima,Roubo seguido de morte (latrocínio),standard_vde_indicator,COMPARABLE
Latrocínio,2016,PI,FULL_12_MONTHS,12,12,49,vítimas,total_vitima,Roubo seguido de morte (latrocínio),standard_vde_indicator,COMPARABLE
Latrocínio,2016,PR,FULL_12_MONTHS,12,12,0,vítimas,total_vitima,Roubo seguido de morte (latrocínio),standard_vde_indicator,COMPARABLE
Latrocínio,2016,RJ,FULL_12_MONTHS,12,12,239,vítimas,total_vitima,Roubo seguido de morte (latrocínio),standard_vde_indicator,COMPARABLE
Latrocínio,2016,RN,FULL_12_MONTHS,12,12,57,vítimas,total_vitima,Roubo seguido de morte (latrocínio),standard_vde_indicator,COMPARABLE
Latrocínio,2016,RO,FULL_12_MONTHS,12,12,32,vítimas,total_vitima,Roubo seguido de morte (latrocínio),standard_vde_indicator,COMPARABLE
Latrocínio,2016,RR,FULL_12_MONTHS,12,12,5,vítimas,total_vitima,Roubo seguido de morte (latrocínio),standard_vde_indicator,COMPARABLE
Latrocínio,2016,RS,FULL_12_MONTHS,12,12,126,vítimas,total_vitima,Roubo seguido de morte (latrocínio),standard_vde_indicator,COMPARABLE
Latrocínio,2016,SC,FULL_12_MONTHS,12,12,60,vítimas,total_vitima,Roubo seguido de morte (latrocínio),standard_vde_indicator,COMPARABLE
Latrocínio,2016,SE,FULL_12_MONTHS,12,12,49,vítimas,total_vitima,Roubo seguido de morte (latrocínio),standard_vde_indicator,COMPARABLE
Latrocínio,2016,SP,FULL_12_MONTHS,12,12,361,vítimas,total_vitima,Roubo seguido de morte (latrocínio),standard_vde_indicator,COMPARABLE
Latrocínio,2016,TO,FULL_12_MONTHS,12,12,16,vítimas,total_vitima,Roubo seguido de morte (latrocínio),standard_vde_indicator,COMPARABLE
Latrocínio,2017,AC,FULL_12_MONTHS,12,12,25,vítimas,total_vitima,Roubo seguido de morte (latrocínio),standard_vde_indicator,COMPARABLE
Latrocínio,2017,AL,FULL_12_MONTHS,12,12,59,vítimas,total_vitima,Roubo seguido de morte (latrocínio),standard_vde_indicator,COMPARABLE
Latrocínio,2017,AM,FULL_12_MONTHS,12,12,77,vítimas,total_vitima,Roubo seguido de morte (latrocínio),standard_vde_indicator,COMPARABLE
Latrocínio,2017,AP,FULL_12_MONTHS,12,12,22,vítimas,total_vitima,Roubo seguido de morte (latrocínio),standard_vde_indicator,COMPARABLE
Latrocínio,2017,BA,FULL_12_MONTHS,12,12,176,vítimas,total_vitima,Roubo seguido de morte (latrocínio),standard_vde_indicator,COMPARABLE
Latrocínio,2017,CE,FULL_12_MONTHS,12,12,88,vítimas,total_vitima,Roubo seguido de morte (latrocínio),standard_vde_indicator,COMPARABLE
Latrocínio,2017,DF,FULL_12_MONTHS,12,12,36,vítimas,total_vitima,Roubo seguido de morte (latrocínio),standard_vde_indicator,COMPARABLE
Latrocínio,2017,ES,FULL_12_MONTHS,12,12,45,vítimas,total_vitima,Roubo seguido de morte (latrocínio),standard_vde_indicator,COMPARABLE
Latrocínio,2017,GO,FULL_12_MONTHS,12,12,23,vítimas,total_vitima,Roubo seguido de morte (latrocínio),standard_vde_indicator,COMPARABLE
Latrocínio,2017,MA,FULL_12_MONTHS,12,12,96,vítimas,total_vitima,Roubo seguido de morte (latrocínio),standard_vde_indicator,COMPARABLE
Latrocínio,2017,MG,FULL_12_MONTHS,12,12,81,vítimas,total_vitima,Roubo seguido de morte (latrocínio),standard_vde_indicator,COMPARABLE
Latrocínio,2017,MS,FULL_12_MONTHS,12,12,26,vítimas,total_vitima,Roubo seguido de morte (latrocínio),standard_vde_indicator,COMPARABLE
Latrocínio,2017,MT,FULL_12_MONTHS,12,12,45,vítimas,total_vitima,Roubo seguido de morte (latrocínio),standard_vde_indicator,COMPARABLE
Latrocínio,2017,PA,FULL_12_MONTHS,12,12,231,vítimas,total_vitima,Roubo seguido de morte (latrocínio),standard_vde_indicator,COMPARABLE
Latrocínio,2017,PB,FULL_12_MONTHS,12,12,37,vítimas,total_vitima,Roubo seguido de morte (latrocínio),standard_vde_indicator,COMPARABLE
Latrocínio,2017,PE,FULL_12_MONTHS,12,12,250,vítimas,total_vitima,Roubo seguido de morte (latrocínio),standard_vde_indicator,COMPARABLE
Latrocínio,2017,PI,FULL_12_MONTHS,12,12,45,vítimas,total_vitima,Roubo seguido de morte (latrocínio),standard_vde_indicator,COMPARABLE
Latrocínio,2017,PR,FULL_12_MONTHS,12,12,73,vítimas,total_vitima,Roubo seguido de morte (latrocínio),standard_vde_indicator,COMPARABLE
Latrocínio,2017,RJ,FULL_12_MONTHS,12,12,237,vítimas,total_vitima,Roubo seguido de morte (latrocínio),standard_vde_indicator,COMPARABLE
Latrocínio,2017,RN,FULL_12_MONTHS,12,12,75,vítimas,total_vitima,Roubo seguido de morte (latrocínio),standard_vde_indicator,COMPARABLE
Latrocínio,2017,RO,FULL_12_MONTHS,12,12,22,vítimas,total_vitima,Roubo seguido de morte (latrocínio),standard_vde_indicator,COMPARABLE
Latrocínio,2017,RR,FULL_12_MONTHS,12,12,7,vítimas,total_vitima,Roubo seguido de morte (latrocínio),standard_vde_indicator,COMPARABLE
Latrocínio,2017,RS,FULL_12_MONTHS,12,12,96,vítimas,total_vitima,Roubo seguido de morte (latrocínio),standard_vde_indicator,COMPARABLE
Latrocínio,2017,SC,FULL_12_MONTHS,12,12,65,vítimas,total_vitima,Roubo seguido de morte (latrocínio),standard_vde_indicator,COMPARABLE
Latrocínio,2017,SE,FULL_12_MONTHS,12,12,58,vítimas,total_vitima,Roubo seguido de morte (latrocínio),standard_vde_indicator,COMPARABLE
Latrocínio,2017,SP,FULL_12_MONTHS,12,12,338,vítimas,total_vitima,Roubo seguido de morte (latrocínio),standard_vde_indicator,COMPARABLE
Latrocínio,2017,TO,FULL_12_MONTHS,12,12,16,vítimas,total_vitima,Roubo seguido de morte (latrocínio),standard_vde_indicator,COMPARABLE
Latrocínio,2018,AC,FULL_12_MONTHS,12,12,20,vítimas,total_vitima,Roubo seguido de morte (latrocínio),standard_vde_indicator,COMPARABLE
Latrocínio,2018,AL,FULL_12_MONTHS,12,12,46,vítimas,total_vitima,Roubo seguido de morte (latrocínio),standard_vde_indicator,COMPARABLE
Latrocínio,2018,AM,FULL_12_MONTHS,12,12,56,vítimas,total_vitima,Roubo seguido de morte (latrocínio),standard_vde_indicator,COMPARABLE
Latrocínio,2018,AP,FULL_12_MONTHS,12,12,19,vítimas,total_vitima,Roubo seguido de morte (latrocínio),standard_vde_indicator,COMPARABLE
Latrocínio,2018,BA,FULL_12_MONTHS,12,12,137,vítimas,total_vitima,Roubo seguido de morte (latrocínio),standard_vde_indicator,COMPARABLE
Latrocínio,2018,CE,FULL_12_MONTHS,12,12,53,vítimas,total_vitima,Roubo seguido de morte (latrocínio),standard_vde_indicator,COMPARABLE
Latrocínio,2018,DF,FULL_12_MONTHS,12,12,32,vítimas,total_vitima,Roubo seguido de morte (latrocínio),standard_vde_indicator,COMPARABLE
Latrocínio,2018,ES,FULL_12_MONTHS,12,12,34,vítimas,total_vitima,Roubo seguido de morte (latrocínio),standard_vde_indicator,COMPARABLE
Latrocínio,2018,GO,FULL_12_MONTHS,12,12,104,vítimas,total_vitima,Roubo seguido de morte (latrocínio),standard_vde_indicator,COMPARABLE
Latrocínio,2018,MA,FULL_12_MONTHS,12,12,71,vítimas,total_vitima,Roubo seguido de morte (latrocínio),standard_vde_indicator,COMPARABLE
Latrocínio,2018,MG,FULL_12_MONTHS,12,12,82,vítimas,total_vitima,Roubo seguido de morte (latrocínio),standard_vde_indicator,COMPARABLE
Latrocínio,2018,MS,FULL_12_MONTHS,12,12,30,vítimas,total_vitima,Roubo seguido de morte (latrocínio),standard_vde_indicator,COMPARABLE
Latrocínio,2018,MT,FULL_12_MONTHS,12,12,37,vítimas,total_vitima,Roubo seguido de morte (latrocínio),standard_vde_indicator,COMPARABLE
Latrocínio,2018,PA,FULL_12_MONTHS,12,12,203,vítimas,total_vitima,Roubo seguido de morte (latrocínio),standard_vde_indicator,COMPARABLE
Latrocínio,2018,PB,FULL_12_MONTHS,12,12,34,vítimas,total_vitima,Roubo seguido de morte (latrocínio),standard_vde_indicator,COMPARABLE
Latrocínio,2018,PE,FULL_12_MONTHS,12,12,129,vítimas,total_vitima,Roubo seguido de morte (latrocínio),standard_vde_indicator,COMPARABLE
Latrocínio,2018,PI,FULL_12_MONTHS,12,12,46,vítimas,total_vitima,Roubo seguido de morte (latrocínio),standard_vde_indicator,COMPARABLE
Latrocínio,2018,PR,FULL_12_MONTHS,12,12,80,vítimas,total_vitima,Roubo seguido de morte (latrocínio),standard_vde_indicator,COMPARABLE
Latrocínio,2018,RJ,FULL_12_MONTHS,12,12,174,vítimas,total_vitima,Roubo seguido de morte (latrocínio),standard_vde_indicator,COMPARABLE
Latrocínio,2018,RN,FULL_12_MONTHS,12,12,94,vítimas,total_vitima,Roubo seguido de morte (latrocínio),standard_vde_indicator,COMPARABLE
Latrocínio,2018,RO,FULL_12_MONTHS,12,12,17,vítimas,total_vitima,Roubo seguido de morte (latrocínio),standard_vde_indicator,COMPARABLE
Latrocínio,2018,RR,FULL_12_MONTHS,12,12,14,vítimas,total_vitima,Roubo seguido de morte (latrocínio),standard_vde_indicator,COMPARABLE
Latrocínio,2018,RS,FULL_12_MONTHS,12,12,95,vítimas,total_vitima,Roubo seguido de morte (latrocínio),standard_vde_indicator,COMPARABLE
Latrocínio,2018,SC,FULL_12_MONTHS,12,12,44,vítimas,total_vitima,Roubo seguido de morte (latrocínio),standard_vde_indicator,COMPARABLE
Latrocínio,2018,SE,FULL_12_MONTHS,12,12,32,vítimas,total_vitima,Roubo seguido de morte (latrocínio),standard_vde_indicator,COMPARABLE
Latrocínio,2018,SP,FULL_12_MONTHS,12,12,278,vítimas,total_vitima,Roubo seguido de morte (latrocínio),standard_vde_indicator,COMPARABLE
Latrocínio,2018,TO,FULL_12_MONTHS,12,12,27,vítimas,total_vitima,Roubo seguido de morte (latrocínio),standard_vde_indicator,COMPARABLE
Latrocínio,2019,AC,FULL_12_MONTHS,12,12,13,vítimas,total_vitima,Roubo seguido de morte (latrocínio),standard_vde_indicator,COMPARABLE
Latrocínio,2019,AL,FULL_12_MONTHS,12,12,20,vítimas,total_vitima,Roubo seguido de morte (latrocínio),standard_vde_indicator,COMPARABLE
Latrocínio,2019,AM,FULL_12_MONTHS,12,12,47,vítimas,total_vitima,Roubo seguido de morte (latrocínio),standard_vde_indicator,COMPARABLE
Latrocínio,2019,AP,FULL_12_MONTHS,12,12,16,vítimas,total_vitima,Roubo seguido de morte (latrocínio),standard_vde_indicator,COMPARABLE
Latrocínio,2019,BA,FULL_12_MONTHS,12,12,142,vítimas,total_vitima,Roubo seguido de morte (latrocínio),standard_vde_indicator,COMPARABLE
Latrocínio,2019,CE,FULL_12_MONTHS,12,12,37,vítimas,total_vitima,Roubo seguido de morte (latrocínio),standard_vde_indicator,COMPARABLE
Latrocínio,2019,DF,FULL_12_MONTHS,12,12,25,vítimas,total_vitima,Roubo seguido de morte (latrocínio),standard_vde_indicator,COMPARABLE
Latrocínio,2019,ES,FULL_12_MONTHS,12,12,26,vítimas,total_vitima,Roubo seguido de morte (latrocínio),standard_vde_indicator,COMPARABLE
Latrocínio,2019,GO,FULL_12_MONTHS,12,12,59,vítimas,total_vitima,Roubo seguido de morte (latrocínio),standard_vde_indicator,COMPARABLE
Latrocínio,2019,MA,FULL_12_MONTHS,12,12,76,vítimas,total_vitima,Roubo seguido de morte (latrocínio),standard_vde_indicator,COMPARABLE
Latrocínio,2019,MG,FULL_12_MONTHS,12,12,79,vítimas,total_vitima,Roubo seguido de morte (latrocínio),standard_vde_indicator,COMPARABLE
Latrocínio,2019,MS,FULL_12_MONTHS,12,12,20,vítimas,total_vitima,Roubo seguido de morte (latrocínio),standard_vde_indicator,COMPARABLE
Latrocínio,2019,MT,FULL_12_MONTHS,12,12,41,vítimas,total_vitima,Roubo seguido de morte (latrocínio),standard_vde_indicator,COMPARABLE
Latrocínio,2019,PA,FULL_12_MONTHS,12,12,138,vítimas,total_vitima,Roubo seguido de morte (latrocínio),standard_vde_indicator,COMPARABLE
Latrocínio,2019,PB,FULL_12_MONTHS,12,12,26,vítimas,total_vitima,Roubo seguido de morte (latrocínio),standard_vde_indicator,COMPARABLE
Latrocínio,2019,PE,FULL_12_MONTHS,12,12,136,vítimas,total_vitima,Roubo seguido de morte (latrocínio),standard_vde_indicator,COMPARABLE
Latrocínio,2019,PI,FULL_12_MONTHS,12,12,37,vítimas,total_vitima,Roubo seguido de morte (latrocínio),standard_vde_indicator,COMPARABLE
Latrocínio,2019,PR,FULL_12_MONTHS,12,12,99,vítimas,total_vitima,Roubo seguido de morte (latrocínio),standard_vde_indicator,COMPARABLE
Latrocínio,2019,RJ,FULL_12_MONTHS,12,12,117,vítimas,total_vitima,Roubo seguido de morte (latrocínio),standard_vde_indicator,COMPARABLE
Latrocínio,2019,RN,FULL_12_MONTHS,12,12,62,vítimas,total_vitima,Roubo seguido de morte (latrocínio),standard_vde_indicator,COMPARABLE
Latrocínio,2019,RO,FULL_12_MONTHS,12,12,14,vítimas,total_vitima,Roubo seguido de morte (latrocínio),standard_vde_indicator,COMPARABLE
Latrocínio,2019,RR,FULL_12_MONTHS,12,12,17,vítimas,total_vitima,Roubo seguido de morte (latrocínio),standard_vde_indicator,COMPARABLE
Latrocínio,2019,RS,FULL_12_MONTHS,12,12,73,vítimas,total_vitima,Roubo seguido de morte (latrocínio),standard_vde_indicator,COMPARABLE
Latrocínio,2019,SC,FULL_12_MONTHS,12,12,28,vítimas,total_vitima,Roubo seguido de morte (latrocínio),standard_vde_indicator,COMPARABLE
Latrocínio,2019,SE,FULL_12_MONTHS,12,12,25,vítimas,total_vitima,Roubo seguido de morte (latrocínio),standard_vde_indicator,COMPARABLE
Latrocínio,2019,SP,FULL_12_MONTHS,12,12,199,vítimas,total_vitima,Roubo seguido de morte (latrocínio),standard_vde_indicator,COMPARABLE
Latrocínio,2019,TO,FULL_12_MONTHS,12,12,31,vítimas,total_vitima,Roubo seguido de morte (latrocínio),standard_vde_indicator,COMPARABLE
Latrocínio,2020,AC,FULL_12_MONTHS,12,12,12,vítimas,total_vitima,Roubo seguido de morte (latrocínio),standard_vde_indicator,COMPARABLE
Latrocínio,2020,AL,FULL_12_MONTHS,12,12,23,vítimas,total_vitima,Roubo seguido de morte (latrocínio),standard_vde_indicator,COMPARABLE
Latrocínio,2020,AM,FULL_12_MONTHS,12,12,46,vítimas,total_vitima,Roubo seguido de morte (latrocínio),standard_vde_indicator,COMPARABLE
Latrocínio,2020,AP,FULL_12_MONTHS,12,12,13,vítimas,total_vitima,Roubo seguido de morte (latrocínio),standard_vde_indicator,COMPARABLE
Latrocínio,2020,BA,FULL_12_MONTHS,12,12,108,vítimas,total_vitima,Roubo seguido de morte (latrocínio),standard_vde_indicator,COMPARABLE
Latrocínio,2020,CE,FULL_12_MONTHS,12,12,48,vítimas,total_vitima,Roubo seguido de morte (latrocínio),standard_vde_indicator,COMPARABLE
Latrocínio,2020,DF,FULL_12_MONTHS,12,12,32,vítimas,total_vitima,Roubo seguido de morte (latrocínio),standard_vde_indicator,COMPARABLE
Latrocínio,2020,ES,FULL_12_MONTHS,12,12,39,vítimas,total_vitima,Roubo seguido de morte (latrocínio),standard_vde_indicator,COMPARABLE
Latrocínio,2020,GO,FULL_12_MONTHS,12,12,46,vítimas,total_vitima,Roubo seguido de morte (latrocínio),standard_vde_indicator,COMPARABLE
Latrocínio,2020,MA,FULL_12_MONTHS,12,12,75,vítimas,total_vitima,Roubo seguido de morte (latrocínio),standard_vde_indicator,COMPARABLE
Latrocínio,2020,MG,FULL_12_MONTHS,12,12,106,vítimas,total_vitima,Roubo seguido de morte (latrocínio),standard_vde_indicator,COMPARABLE
Latrocínio,2020,MS,FULL_12_MONTHS,12,12,18,vítimas,total_vitima,Roubo seguido de morte (latrocínio),standard_vde_indicator,COMPARABLE
Latrocínio,2020,MT,FULL_12_MONTHS,12,12,27,vítimas,total_vitima,Roubo seguido de morte (latrocínio),standard_vde_indicator,COMPARABLE
Latrocínio,2020,PA,FULL_12_MONTHS,12,12,111,vítimas,total_vitima,Roubo seguido de morte (latrocínio),standard_vde_indicator,COMPARABLE
Latrocínio,2020,PB,FULL_12_MONTHS,12,12,26,vítimas,total_vitima,Roubo seguido de morte (latrocínio),standard_vde_indicator,COMPARABLE
Latrocínio,2020,PE,FULL_12_MONTHS,12,12,124,vítimas,total_vitima,Roubo seguido de morte (latrocínio),standard_vde_indicator,COMPARABLE
Latrocínio,2020,PI,FULL_12_MONTHS,12,12,42,vítimas,total_vitima,Roubo seguido de morte (latrocínio),standard_vde_indicator,COMPARABLE
Latrocínio,2020,PR,FULL_12_MONTHS,12,12,59,vítimas,total_vitima,Roubo seguido de morte (latrocínio),standard_vde_indicator,COMPARABLE
Latrocínio,2020,RJ,FULL_12_MONTHS,12,12,87,vítimas,total_vitima,Roubo seguido de morte (latrocínio),standard_vde_indicator,COMPARABLE
Latrocínio,2020,RN,FULL_12_MONTHS,12,12,64,vítimas,total_vitima,Roubo seguido de morte (latrocínio),standard_vde_indicator,COMPARABLE
Latrocínio,2020,RO,FULL_12_MONTHS,12,12,14,vítimas,total_vitima,Roubo seguido de morte (latrocínio),standard_vde_indicator,COMPARABLE
Latrocínio,2020,RR,FULL_12_MONTHS,12,12,16,vítimas,total_vitima,Roubo seguido de morte (latrocínio),standard_vde_indicator,COMPARABLE
Latrocínio,2020,RS,FULL_12_MONTHS,12,12,75,vítimas,total_vitima,Roubo seguido de morte (latrocínio),standard_vde_indicator,COMPARABLE
Latrocínio,2020,SC,FULL_12_MONTHS,12,12,20,vítimas,total_vitima,Roubo seguido de morte (latrocínio),standard_vde_indicator,COMPARABLE
Latrocínio,2020,SE,FULL_12_MONTHS,12,12,29,vítimas,total_vitima,Roubo seguido de morte (latrocínio),standard_vde_indicator,COMPARABLE
Latrocínio,2020,SP,FULL_12_MONTHS,12,12,183,vítimas,total_vitima,Roubo seguido de morte (latrocínio),standard_vde_indicator,COMPARABLE
Latrocínio,2020,TO,FULL_12_MONTHS,12,12,18,vítimas,total_vitima,Roubo seguido de morte (latrocínio),standard_vde_indicator,COMPARABLE
Latrocínio,2021,AC,FULL_12_MONTHS,12,12,8,vítimas,total_vitima,Roubo seguido de morte (latrocínio),standard_vde_indicator,COMPARABLE
Latrocínio,2021,AL,FULL_12_MONTHS,12,12,24,vítimas,total_vitima,Roubo seguido de morte (latrocínio),standard_vde_indicator,COMPARABLE
Latrocínio,2021,AM,FULL_12_MONTHS,12,12,69,vítimas,total_vitima,Roubo seguido de morte (latrocínio),standard_vde_indicator,COMPARABLE
Latrocínio,2021,AP,FULL_12_MONTHS,12,12,20,vítimas,total_vitima,Roubo seguido de morte (latrocínio),standard_vde_indicator,COMPARABLE
Latrocínio,2021,BA,FULL_12_MONTHS,12,12,137,vítimas,total_vitima,Roubo seguido de morte (latrocínio),standard_vde_indicator,COMPARABLE
Latrocínio,2021,CE,FULL_12_MONTHS,12,12,43,vítimas,total_vitima,Roubo seguido de morte (latrocínio),standard_vde_indicator,COMPARABLE
Latrocínio,2021,DF,FULL_12_MONTHS,12,12,23,vítimas,total_vitima,Roubo seguido de morte (latrocínio),standard_vde_indicator,COMPARABLE
Latrocínio,2021,ES,FULL_12_MONTHS,12,12,43,vítimas,total_vitima,Roubo seguido de morte (latrocínio),standard_vde_indicator,COMPARABLE
Latrocínio,2021,GO,FULL_12_MONTHS,12,12,34,vítimas,total_vitima,Roubo seguido de morte (latrocínio),standard_vde_indicator,COMPARABLE
Latrocínio,2021,MA,FULL_12_MONTHS,12,12,97,vítimas,total_vitima,Roubo seguido de morte (latrocínio),standard_vde_indicator,COMPARABLE
Latrocínio,2021,MG,FULL_12_MONTHS,12,12,93,vítimas,total_vitima,Roubo seguido de morte (latrocínio),standard_vde_indicator,COMPARABLE
Latrocínio,2021,MS,FULL_12_MONTHS,12,12,14,vítimas,total_vitima,Roubo seguido de morte (latrocínio),standard_vde_indicator,COMPARABLE
Latrocínio,2021,MT,FULL_12_MONTHS,12,12,30,vítimas,total_vitima,Roubo seguido de morte (latrocínio),standard_vde_indicator,COMPARABLE
Latrocínio,2021,PA,FULL_12_MONTHS,12,12,110,vítimas,total_vitima,Roubo seguido de morte (latrocínio),standard_vde_indicator,COMPARABLE
Latrocínio,2021,PB,FULL_12_MONTHS,12,12,22,vítimas,total_vitima,Roubo seguido de morte (latrocínio),standard_vde_indicator,COMPARABLE
Latrocínio,2021,PE,FULL_12_MONTHS,12,12,124,vítimas,total_vitima,Roubo seguido de morte (latrocínio),standard_vde_indicator,COMPARABLE
Latrocínio,2021,PI,FULL_12_MONTHS,12,12,41,vítimas,total_vitima,Roubo seguido de morte (latrocínio),standard_vde_indicator,COMPARABLE
Latrocínio,2021,PR,FULL_12_MONTHS,12,12,41,vítimas,total_vitima,Roubo seguido de morte (latrocínio),standard_vde_indicator,COMPARABLE
Latrocínio,2021,RJ,FULL_12_MONTHS,12,12,110,vítimas,total_vitima,Roubo seguido de morte (latrocínio),standard_vde_indicator,COMPARABLE
Latrocínio,2021,RN,FULL_12_MONTHS,12,12,54,vítimas,total_vitima,Roubo seguido de morte (latrocínio),standard_vde_indicator,COMPARABLE
Latrocínio,2021,RO,FULL_12_MONTHS,12,12,18,vítimas,total_vitima,Roubo seguido de morte (latrocínio),standard_vde_indicator,COMPARABLE
Latrocínio,2021,RR,FULL_12_MONTHS,12,12,13,vítimas,total_vitima,Roubo seguido de morte (latrocínio),standard_vde_indicator,COMPARABLE
Latrocínio,2021,RS,FULL_12_MONTHS,12,12,67,vítimas,total_vitima,Roubo seguido de morte (latrocínio),standard_vde_indicator,COMPARABLE
Latrocínio,2021,SC,FULL_12_MONTHS,12,12,23,vítimas,total_vitima,Roubo seguido de morte (latrocínio),standard_vde_indicator,COMPARABLE
Latrocínio,2021,SE,FULL_12_MONTHS,12,12,17,vítimas,total_vitima,Roubo seguido de morte (latrocínio),standard_vde_indicator,COMPARABLE
Latrocínio,2021,SP,FULL_12_MONTHS,12,12,173,vítimas,total_vitima,Roubo seguido de morte (latrocínio),standard_vde_indicator,COMPARABLE
Latrocínio,2021,TO,FULL_12_MONTHS,12,12,10,vítimas,total_vitima,Roubo seguido de morte (latrocínio),standard_vde_indicator,COMPARABLE
Latrocínio,2022,AC,FULL_12_MONTHS,12,12,6,vítimas,total_vitima,Roubo seguido de morte (latrocínio),standard_vde_indicator,COMPARABLE
Latrocínio,2022,AL,FULL_12_MONTHS,12,12,25,vítimas,total_vitima,Roubo seguido de morte (latrocínio),standard_vde_indicator,COMPARABLE
Latrocínio,2022,AM,FULL_12_MONTHS,12,12,56,vítimas,total_vitima,Roubo seguido de morte (latrocínio),standard_vde_indicator,COMPARABLE
Latrocínio,2022,AP,FULL_12_MONTHS,12,12,22,vítimas,total_vitima,Roubo seguido de morte (latrocínio),standard_vde_indicator,COMPARABLE
Latrocínio,2022,BA,FULL_12_MONTHS,12,12,87,vítimas,total_vitima,Roubo seguido de morte (latrocínio),standard_vde_indicator,COMPARABLE
Latrocínio,2022,CE,FULL_12_MONTHS,12,12,44,vítimas,total_vitima,Roubo seguido de morte (latrocínio),standard_vde_indicator,COMPARABLE
Latrocínio,2022,DF,FULL_12_MONTHS,12,12,20,vítimas,total_vitima,Roubo seguido de morte (latrocínio),standard_vde_indicator,COMPARABLE
Latrocínio,2022,ES,FULL_12_MONTHS,12,12,28,vítimas,total_vitima,Roubo seguido de morte (latrocínio),standard_vde_indicator,COMPARABLE
Latrocínio,2022,GO,FULL_12_MONTHS,12,12,33,vítimas,total_vitima,Roubo seguido de morte (latrocínio),standard_vde_indicator,COMPARABLE
Latrocínio,2022,MA,FULL_12_MONTHS,12,12,95,vítimas,total_vitima,Roubo seguido de morte (latrocínio),standard_vde_indicator,COMPARABLE
Latrocínio,2022,MG,FULL_12_MONTHS,12,12,77,vítimas,total_vitima,Roubo seguido de morte (latrocínio),standard_vde_indicator,COMPARABLE
Latrocínio,2022,MS,FULL_12_MONTHS,12,12,12,vítimas,total_vitima,Roubo seguido de morte (latrocínio),standard_vde_indicator,COMPARABLE
Latrocínio,2022,MT,FULL_12_MONTHS,12,12,29,vítimas,total_vitima,Roubo seguido de morte (latrocínio),standard_vde_indicator,COMPARABLE
Latrocínio,2022,PA,FULL_12_MONTHS,12,12,87,vítimas,total_vitima,Roubo seguido de morte (latrocínio),standard_vde_indicator,COMPARABLE
Latrocínio,2022,PB,FULL_12_MONTHS,12,12,34,vítimas,total_vitima,Roubo seguido de morte (latrocínio),standard_vde_indicator,COMPARABLE
Latrocínio,2022,PE,FULL_12_MONTHS,12,12,104,vítimas,total_vitima,Roubo seguido de morte (latrocínio),standard_vde_indicator,COMPARABLE
Latrocínio,2022,PI,FULL_12_MONTHS,12,12,25,vítimas,total_vitima,Roubo seguido de morte (latrocínio),standard_vde_indicator,COMPARABLE
Latrocínio,2022,PR,FULL_12_MONTHS,12,12,54,vítimas,total_vitima,Roubo seguido de morte (latrocínio),standard_vde_indicator,COMPARABLE
Latrocínio,2022,RJ,FULL_12_MONTHS,12,12,64,vítimas,total_vitima,Roubo seguido de morte (latrocínio),standard_vde_indicator,COMPARABLE
Latrocínio,2022,RN,FULL_12_MONTHS,12,12,33,vítimas,total_vitima,Roubo seguido de morte (latrocínio),standard_vde_indicator,COMPARABLE
Latrocínio,2022,RO,FULL_12_MONTHS,12,12,13,vítimas,total_vitima,Roubo seguido de morte (latrocínio),standard_vde_indicator,COMPARABLE
Latrocínio,2022,RR,FULL_12_MONTHS,12,12,7,vítimas,total_vitima,Roubo seguido de morte (latrocínio),standard_vde_indicator,COMPARABLE
Latrocínio,2022,RS,FULL_12_MONTHS,12,12,53,vítimas,total_vitima,Roubo seguido de morte (latrocínio),standard_vde_indicator,COMPARABLE
Latrocínio,2022,SC,FULL_12_MONTHS,12,12,25,vítimas,total_vitima,Roubo seguido de morte (latrocínio),standard_vde_indicator,COMPARABLE
Latrocínio,2022,SE,FULL_12_MONTHS,12,12,11,vítimas,total_vitima,Roubo seguido de morte (latrocínio),standard_vde_indicator,COMPARABLE
Latrocínio,2022,SP,FULL_12_MONTHS,12,12,178,vítimas,total_vitima,Roubo seguido de morte (latrocínio),standard_vde_indicator,COMPARABLE
Latrocínio,2022,TO,FULL_12_MONTHS,12,12,19,vítimas,total_vitima,Roubo seguido de morte (latrocínio),standard_vde_indicator,COMPARABLE
Latrocínio,2023,AC,FULL_12_MONTHS,12,12,4,vítimas,total_vitima,Roubo seguido de morte (latrocínio),standard_vde_indicator,COMPARABLE
Latrocínio,2023,AL,FULL_12_MONTHS,12,12,17,vítimas,total_vitima,Roubo seguido de morte (latrocínio),standard_vde_indicator,COMPARABLE
Latrocínio,2023,AM,FULL_12_MONTHS,12,12,36,vítimas,total_vitima,Roubo seguido de morte (latrocínio),standard_vde_indicator,COMPARABLE
Latrocínio,2023,AP,FULL_12_MONTHS,12,12,13,vítimas,total_vitima,Roubo seguido de morte (latrocínio),standard_vde_indicator,COMPARABLE
Latrocínio,2023,BA,FULL_12_MONTHS,12,12,69,vítimas,total_vitima,Roubo seguido de morte (latrocínio),standard_vde_indicator,COMPARABLE
Latrocínio,2023,CE,FULL_12_MONTHS,12,12,24,vítimas,total_vitima,Roubo seguido de morte (latrocínio),standard_vde_indicator,COMPARABLE
Latrocínio,2023,DF,FULL_12_MONTHS,12,12,18,vítimas,total_vitima,Roubo seguido de morte (latrocínio),standard_vde_indicator,COMPARABLE
Latrocínio,2023,ES,FULL_12_MONTHS,12,12,32,vítimas,total_vitima,Roubo seguido de morte (latrocínio),standard_vde_indicator,COMPARABLE
Latrocínio,2023,GO,FULL_12_MONTHS,12,12,16,vítimas,total_vitima,Roubo seguido de morte (latrocínio),standard_vde_indicator,COMPARABLE
Latrocínio,2023,MA,FULL_12_MONTHS,12,12,57,vítimas,total_vitima,Roubo seguido de morte (latrocínio),standard_vde_indicator,COMPARABLE
Latrocínio,2023,MG,FULL_12_MONTHS,12,12,75,vítimas,total_vitima,Roubo seguido de morte (latrocínio),standard_vde_indicator,COMPARABLE
Latrocínio,2023,MS,FULL_12_MONTHS,12,12,6,vítimas,total_vitima,Roubo seguido de morte (latrocínio),standard_vde_indicator,COMPARABLE
Latrocínio,2023,MT,FULL_12_MONTHS,12,12,15,vítimas,total_vitima,Roubo seguido de morte (latrocínio),standard_vde_indicator,COMPARABLE
Latrocínio,2023,PA,FULL_12_MONTHS,12,12,79,vítimas,total_vitima,Roubo seguido de morte (latrocínio),standard_vde_indicator,COMPARABLE
Latrocínio,2023,PB,FULL_12_MONTHS,12,12,25,vítimas,total_vitima,Roubo seguido de morte (latrocínio),standard_vde_indicator,COMPARABLE
Latrocínio,2023,PE,FULL_12_MONTHS,12,12,87,vítimas,total_vitima,Roubo seguido de morte (latrocínio),standard_vde_indicator,COMPARABLE
Latrocínio,2023,PI,FULL_12_MONTHS,12,12,21,vítimas,total_vitima,Roubo seguido de morte (latrocínio),standard_vde_indicator,COMPARABLE
Latrocínio,2023,PR,FULL_12_MONTHS,12,12,51,vítimas,total_vitima,Roubo seguido de morte (latrocínio),standard_vde_indicator,COMPARABLE
Latrocínio,2023,RJ,FULL_12_MONTHS,12,12,65,vítimas,total_vitima,Roubo seguido de morte (latrocínio),standard_vde_indicator,COMPARABLE
Latrocínio,2023,RN,FULL_12_MONTHS,12,12,32,vítimas,total_vitima,Roubo seguido de morte (latrocínio),standard_vde_indicator,COMPARABLE
Latrocínio,2023,RO,FULL_12_MONTHS,12,12,7,vítimas,total_vitima,Roubo seguido de morte (latrocínio),standard_vde_indicator,COMPARABLE
Latrocínio,2023,RR,FULL_12_MONTHS,12,12,9,vítimas,total_vitima,Roubo seguido de morte (latrocínio),standard_vde_indicator,COMPARABLE
Latrocínio,2023,RS,FULL_12_MONTHS,12,12,42,vítimas,total_vitima,Roubo seguido de morte (latrocínio),standard_vde_indicator,COMPARABLE
Latrocínio,2023,SC,FULL_12_MONTHS,12,12,11,vítimas,total_vitima,Roubo seguido de morte (latrocínio),standard_vde_indicator,COMPARABLE
Latrocínio,2023,SE,FULL_12_MONTHS,12,12,6,vítimas,total_vitima,Roubo seguido de morte (latrocínio),standard_vde_indicator,COMPARABLE
Latrocínio,2023,SP,FULL_12_MONTHS,12,12,166,vítimas,total_vitima,Roubo seguido de morte (latrocínio),standard_vde_indicator,COMPARABLE
Latrocínio,2023,TO,FULL_12_MONTHS,12,12,21,vítimas,total_vitima,Roubo seguido de morte (latrocínio),standard_vde_indicator,COMPARABLE
Latrocínio,2024,AC,FULL_12_MONTHS,12,12,1,vítimas,total_vitima,Roubo seguido de morte (latrocínio),standard_vde_indicator,COMPARABLE
Latrocínio,2024,AL,FULL_12_MONTHS,12,12,4,vítimas,total_vitima,Roubo seguido de morte (latrocínio),standard_vde_indicator,COMPARABLE
Latrocínio,2024,AM,FULL_12_MONTHS,12,12,22,vítimas,total_vitima,Roubo seguido de morte (latrocínio),standard_vde_indicator,COMPARABLE
Latrocínio,2024,AP,FULL_12_MONTHS,12,12,4,vítimas,total_vitima,Roubo seguido de morte (latrocínio),standard_vde_indicator,COMPARABLE
Latrocínio,2024,BA,FULL_12_MONTHS,12,12,75,vítimas,total_vitima,Roubo seguido de morte (latrocínio),standard_vde_indicator,COMPARABLE
Latrocínio,2024,CE,FULL_12_MONTHS,12,12,41,vítimas,total_vitima,Roubo seguido de morte (latrocínio),standard_vde_indicator,COMPARABLE
Latrocínio,2024,DF,FULL_12_MONTHS,12,12,8,vítimas,total_vitima,Roubo seguido de morte (latrocínio),standard_vde_indicator,COMPARABLE
Latrocínio,2024,ES,FULL_12_MONTHS,12,12,39,vítimas,total_vitima,Roubo seguido de morte (latrocínio),standard_vde_indicator,COMPARABLE
Latrocínio,2024,GO,FULL_12_MONTHS,12,12,19,vítimas,total_vitima,Roubo seguido de morte (latrocínio),standard_vde_indicator,COMPARABLE
Latrocínio,2024,MA,FULL_12_MONTHS,12,12,62,vítimas,total_vitima,Roubo seguido de morte (latrocínio),standard_vde_indicator,COMPARABLE
Latrocínio,2024,MG,FULL_12_MONTHS,12,12,56,vítimas,total_vitima,Roubo seguido de morte (latrocínio),standard_vde_indicator,COMPARABLE
Latrocínio,2024,MS,FULL_12_MONTHS,12,12,22,vítimas,total_vitima,Roubo seguido de morte (latrocínio),standard_vde_indicator,COMPARABLE
Latrocínio,2024,MT,FULL_12_MONTHS,12,12,20,vítimas,total_vitima,Roubo seguido de morte (latrocínio),standard_vde_indicator,COMPARABLE
Latrocínio,2024,PA,FULL_12_MONTHS,12,12,67,vítimas,total_vitima,Roubo seguido de morte (latrocínio),standard_vde_indicator,COMPARABLE
Latrocínio,2024,PB,FULL_12_MONTHS,12,12,16,vítimas,total_vitima,Roubo seguido de morte (latrocínio),standard_vde_indicator,COMPARABLE
Latrocínio,2024,PE,FULL_12_MONTHS,12,12,77,vítimas,total_vitima,Roubo seguido de morte (latrocínio),standard_vde_indicator,COMPARABLE
Latrocínio,2024,PI,FULL_12_MONTHS,12,12,19,vítimas,total_vitima,Roubo seguido de morte (latrocínio),standard_vde_indicator,COMPARABLE
Latrocínio,2024,PR,FULL_12_MONTHS,12,12,46,vítimas,total_vitima,Roubo seguido de morte (latrocínio),standard_vde_indicator,COMPARABLE
Latrocínio,2024,RJ,FULL_12_MONTHS,12,12,99,vítimas,total_vitima,Roubo seguido de morte (latrocínio),standard_vde_indicator,COMPARABLE
Latrocínio,2024,RN,FULL_12_MONTHS,12,12,23,vítimas,total_vitima,Roubo seguido de morte (latrocínio),standard_vde_indicator,COMPARABLE
Latrocínio,2024,RO,FULL_12_MONTHS,12,12,10,vítimas,total_vitima,Roubo seguido de morte (latrocínio),standard_vde_indicator,COMPARABLE
Latrocínio,2024,RR,FULL_12_MONTHS,12,12,6,vítimas,total_vitima,Roubo seguido de morte (latrocínio),standard_vde_indicator,COMPARABLE
Latrocínio,2024,RS,FULL_12_MONTHS,12,12,31,vítimas,total_vitima,Roubo seguido de morte (latrocínio),standard_vde_indicator,COMPARABLE
Latrocínio,2024,SC,FULL_12_MONTHS,12,12,17,vítimas,total_vitima,Roubo seguido de morte (latrocínio),standard_vde_indicator,COMPARABLE
Latrocínio,2024,SE,FULL_12_MONTHS,12,12,7,vítimas,total_vitima,Roubo seguido de morte (latrocínio),standard_vde_indicator,COMPARABLE
Latrocínio,2024,SP,FULL_12_MONTHS,12,12,170,vítimas,total_vitima,Roubo seguido de morte (latrocínio),standard_vde_indicator,COMPARABLE
Latrocínio,2024,TO,FULL_12_MONTHS,12,12,6,vítimas,total_vitima,Roubo seguido de morte (latrocínio),standard_vde_indicator,COMPARABLE
Latrocínio,2025,AC,FULL_12_MONTHS,12,12,6,vítimas,total_vitima,Roubo seguido de morte (latrocínio),standard_vde_indicator,COMPARABLE
Latrocínio,2025,AL,FULL_12_MONTHS,12,12,6,vítimas,total_vitima,Roubo seguido de morte (latrocínio),standard_vde_indicator,COMPARABLE
Latrocínio,2025,AM,FULL_12_MONTHS,12,12,17,vítimas,total_vitima,Roubo seguido de morte (latrocínio),standard_vde_indicator,COMPARABLE
Latrocínio,2025,AP,FULL_12_MONTHS,12,12,4,vítimas,total_vitima,Roubo seguido de morte (latrocínio),standard_vde_indicator,COMPARABLE
Latrocínio,2025,BA,FULL_12_MONTHS,12,12,60,vítimas,total_vitima,Roubo seguido de morte (latrocínio),standard_vde_indicator,COMPARABLE
Latrocínio,2025,CE,FULL_12_MONTHS,12,12,25,vítimas,total_vitima,Roubo seguido de morte (latrocínio),standard_vde_indicator,COMPARABLE
Latrocínio,2025,DF,FULL_12_MONTHS,12,12,12,vítimas,total_vitima,Roubo seguido de morte (latrocínio),standard_vde_indicator,COMPARABLE
Latrocínio,2025,ES,FULL_12_MONTHS,12,12,25,vítimas,total_vitima,Roubo seguido de morte (latrocínio),standard_vde_indicator,COMPARABLE
Latrocínio,2025,GO,FULL_12_MONTHS,12,12,19,vítimas,total_vitima,Roubo seguido de morte (latrocínio),standard_vde_indicator,COMPARABLE
Latrocínio,2025,MA,FULL_12_MONTHS,12,12,59,vítimas,total_vitima,Roubo seguido de morte (latrocínio),standard_vde_indicator,COMPARABLE
Latrocínio,2025,MG,FULL_12_MONTHS,12,12,44,vítimas,total_vitima,Roubo seguido de morte (latrocínio),standard_vde_indicator,COMPARABLE
Latrocínio,2025,MS,FULL_12_MONTHS,12,12,5,vítimas,total_vitima,Roubo seguido de morte (latrocínio),standard_vde_indicator,COMPARABLE
Latrocínio,2025,MT,FULL_12_MONTHS,12,12,15,vítimas,total_vitima,Roubo seguido de morte (latrocínio),standard_vde_indicator,COMPARABLE
Latrocínio,2025,PA,FULL_12_MONTHS,12,12,69,vítimas,total_vitima,Roubo seguido de morte (latrocínio),standard_vde_indicator,COMPARABLE
Latrocínio,2025,PB,FULL_12_MONTHS,12,12,20,vítimas,total_vitima,Roubo seguido de morte (latrocínio),standard_vde_indicator,COMPARABLE
Latrocínio,2025,PE,FULL_12_MONTHS,12,12,58,vítimas,total_vitima,Roubo seguido de morte (latrocínio),standard_vde_indicator,COMPARABLE
Latrocínio,2025,PI,FULL_12_MONTHS,12,12,15,vítimas,total_vitima,Roubo seguido de morte (latrocínio),standard_vde_indicator,COMPARABLE
Latrocínio,2025,PR,FULL_12_MONTHS,12,12,44,vítimas,total_vitima,Roubo seguido de morte (latrocínio),standard_vde_indicator,COMPARABLE
Latrocínio,2025,RJ,FULL_12_MONTHS,12,12,77,vítimas,total_vitima,Roubo seguido de morte (latrocínio),standard_vde_indicator,COMPARABLE
Latrocínio,2025,RN,FULL_12_MONTHS,12,12,15,vítimas,total_vitima,Roubo seguido de morte (latrocínio),standard_vde_indicator,COMPARABLE
Latrocínio,2025,RO,FULL_12_MONTHS,12,12,4,vítimas,total_vitima,Roubo seguido de morte (latrocínio),standard_vde_indicator,COMPARABLE
Latrocínio,2025,RR,FULL_12_MONTHS,12,12,4,vítimas,total_vitima,Roubo seguido de morte (latrocínio),standard_vde_indicator,COMPARABLE
Latrocínio,2025,RS,FULL_12_MONTHS,12,12,31,vítimas,total_vitima,Roubo seguido de morte (latrocínio),standard_vde_indicator,COMPARABLE
Latrocínio,2025,SC,FULL_12_MONTHS,12,12,18,vítimas,total_vitima,Roubo seguido de morte (latrocínio),standard_vde_indicator,COMPARABLE
Latrocínio,2025,SE,FULL_12_MONTHS,12,12,8,vítimas,total_vitima,Roubo seguido de morte (latrocínio),standard_vde_indicator,COMPARABLE
Latrocínio,2025,SP,FULL_12_MONTHS,12,12,131,vítimas,total_vitima,Roubo seguido de morte (latrocínio),standard_vde_indicator,COMPARABLE
Latrocínio,2025,TO,FULL_12_MONTHS,12,12,8,vítimas,total_vitima,Roubo seguido de morte (latrocínio),standard_vde_indicator,COMPARABLE
Tentativa de homicídio,2015,AC,FULL_12_MONTHS,12,12,0,vítimas,total_vitima,Tentativa de homicídio,standard_vde_indicator,COMPARABLE
Tentativa de homicídio,2015,AL,FULL_12_MONTHS,12,12,810,vítimas,total_vitima,Tentativa de homicídio,standard_vde_indicator,COMPARABLE
Tentativa de homicídio,2015,AM,FULL_12_MONTHS,12,12,396,vítimas,total_vitima,Tentativa de homicídio,standard_vde_indicator,COMPARABLE
Tentativa de homicídio,2015,AP,FULL_12_MONTHS,12,12,333,vítimas,total_vitima,Tentativa de homicídio,standard_vde_indicator,COMPARABLE
Tentativa de homicídio,2015,BA,FULL_12_MONTHS,12,12,3184,vítimas,total_vitima,Tentativa de homicídio,standard_vde_indicator,COMPARABLE
Tentativa de homicídio,2015,CE,FULL_12_MONTHS,12,12,1848,vítimas,total_vitima,Tentativa de homicídio,standard_vde_indicator,COMPARABLE
Tentativa de homicídio,2015,DF,FULL_12_MONTHS,12,12,937,vítimas,total_vitima,Tentativa de homicídio,standard_vde_indicator,COMPARABLE
Tentativa de homicídio,2015,ES,NOT_REPORTED,0,0,,vítimas,total_vitima,,standard_vde_indicator,COMPARABLE
Tentativa de homicídio,2015,GO,FULL_12_MONTHS,12,12,0,vítimas,total_vitima,Tentativa de homicídio,standard_vde_indicator,COMPARABLE
Tentativa de homicídio,2015,MA,FULL_12_MONTHS,12,12,1249,vítimas,total_vitima,Tentativa de homicídio,standard_vde_indicator,COMPARABLE
Tentativa de homicídio,2015,MG,FULL_12_MONTHS,12,12,6416,vítimas,total_vitima,Tentativa de homicídio,standard_vde_indicator,COMPARABLE
Tentativa de homicídio,2015,MS,FULL_12_MONTHS,12,12,1140,vítimas,total_vitima,Tentativa de homicídio,standard_vde_indicator,COMPARABLE
Tentativa de homicídio,2015,MT,FULL_12_MONTHS,12,12,1567,vítimas,total_vitima,Tentativa de homicídio,standard_vde_indicator,COMPARABLE
Tentativa de homicídio,2015,PA,FULL_12_MONTHS,12,12,1516,vítimas,total_vitima,Tentativa de homicídio,standard_vde_indicator,COMPARABLE
Tentativa de homicídio,2015,PB,FULL_12_MONTHS,12,12,1487,vítimas,total_vitima,Tentativa de homicídio,standard_vde_indicator,COMPARABLE
Tentativa de homicídio,2015,PE,FULL_12_MONTHS,12,12,586,vítimas,total_vitima,Tentativa de homicídio,standard_vde_indicator,COMPARABLE
Tentativa de homicídio,2015,PI,FULL_12_MONTHS,12,12,525,vítimas,total_vitima,Tentativa de homicídio,standard_vde_indicator,COMPARABLE
Tentativa de homicídio,2015,PR,FULL_12_MONTHS,12,12,0,vítimas,total_vitima,Tentativa de homicídio,standard_vde_indicator,COMPARABLE
Tentativa de homicídio,2015,RJ,FULL_12_MONTHS,12,12,6009,vítimas,total_vitima,Tentativa de homicídio,standard_vde_indicator,COMPARABLE
Tentativa de homicídio,2015,RN,FULL_12_MONTHS,12,12,378,vítimas,total_vitima,Tentativa de homicídio,standard_vde_indicator,COMPARABLE
Tentativa de homicídio,2015,RO,FULL_12_MONTHS,12,12,1160,vítimas,total_vitima,Tentativa de homicídio,standard_vde_indicator,COMPARABLE
Tentativa de homicídio,2015,RR,FULL_12_MONTHS,12,12,125,vítimas,total_vitima,Tentativa de homicídio,standard_vde_indicator,COMPARABLE
Tentativa de homicídio,2015,RS,FULL_12_MONTHS,12,12,4823,vítimas,total_vitima,Tentativa de homicídio,standard_vde_indicator,COMPARABLE
Tentativa de homicídio,2015,SC,FULL_12_MONTHS,12,12,1460,vítimas,total_vitima,Tentativa de homicídio,standard_vde_indicator,COMPARABLE
Tentativa de homicídio,2015,SE,FULL_12_MONTHS,12,12,476,vítimas,total_vitima,Tentativa de homicídio,standard_vde_indicator,COMPARABLE
Tentativa de homicídio,2015,SP,FULL_12_MONTHS,12,12,7641,vítimas,total_vitima,Tentativa de homicídio,standard_vde_indicator,COMPARABLE
Tentativa de homicídio,2015,TO,FULL_12_MONTHS,12,12,230,vítimas,total_vitima,Tentativa de homicídio,standard_vde_indicator,COMPARABLE
Tentativa de homicídio,2016,AC,FULL_12_MONTHS,12,12,0,vítimas,total_vitima,Tentativa de homicídio,standard_vde_indicator,COMPARABLE
Tentativa de homicídio,2016,AL,FULL_12_MONTHS,12,12,773,vítimas,total_vitima,Tentativa de homicídio,standard_vde_indicator,COMPARABLE
Tentativa de homicídio,2016,AM,FULL_12_MONTHS,12,12,392,vítimas,total_vitima,Tentativa de homicídio,standard_vde_indicator,COMPARABLE
Tentativa de homicídio,2016,AP,FULL_12_MONTHS,12,12,314,vítimas,total_vitima,Tentativa de homicídio,standard_vde_indicator,COMPARABLE
Tentativa de homicídio,2016,BA,FULL_12_MONTHS,12,12,3080,vítimas,total_vitima,Tentativa de homicídio,standard_vde_indicator,COMPARABLE
Tentativa de homicídio,2016,CE,FULL_12_MONTHS,12,12,1595,vítimas,total_vitima,Tentativa de homicídio,standard_vde_indicator,COMPARABLE
Tentativa de homicídio,2016,DF,FULL_12_MONTHS,12,12,927,vítimas,total_vitima,Tentativa de homicídio,standard_vde_indicator,COMPARABLE
Tentativa de homicídio,2016,ES,FULL_12_MONTHS,12,12,0,vítimas,total_vitima,Tentativa de homicídio,standard_vde_indicator,COMPARABLE
Tentativa de homicídio,2016,GO,FULL_12_MONTHS,12,12,2210,vítimas,total_vitima,Tentativa de homicídio,standard_vde_indicator,COMPARABLE
Tentativa de homicídio,2016,MA,FULL_12_MONTHS,12,12,1336,vítimas,total_vitima,Tentativa de homicídio,standard_vde_indicator,COMPARABLE
Tentativa de homicídio,2016,MG,FULL_12_MONTHS,12,12,6638,vítimas,total_vitima,Tentativa de homicídio,standard_vde_indicator,COMPARABLE
Tentativa de homicídio,2016,MS,FULL_12_MONTHS,12,12,948,vítimas,total_vitima,Tentativa de homicídio,standard_vde_indicator,COMPARABLE
Tentativa de homicídio,2016,MT,FULL_12_MONTHS,12,12,1465,vítimas,total_vitima,Tentativa de homicídio,standard_vde_indicator,COMPARABLE
Tentativa de homicídio,2016,PA,FULL_12_MONTHS,12,12,1436,vítimas,total_vitima,Tentativa de homicídio,standard_vde_indicator,COMPARABLE
Tentativa de homicídio,2016,PB,FULL_12_MONTHS,12,12,1450,vítimas,total_vitima,Tentativa de homicídio,standard_vde_indicator,COMPARABLE
Tentativa de homicídio,2016,PE,FULL_12_MONTHS,12,12,0,vítimas,total_vitima,Tentativa de homicídio,standard_vde_indicator,COMPARABLE
Tentativa de homicídio,2016,PI,FULL_12_MONTHS,12,12,704,vítimas,total_vitima,Tentativa de homicídio,standard_vde_indicator,COMPARABLE
Tentativa de homicídio,2016,PR,FULL_12_MONTHS,12,12,0,vítimas,total_vitima,Tentativa de homicídio,standard_vde_indicator,COMPARABLE
Tentativa de homicídio,2016,RJ,FULL_12_MONTHS,12,12,6055,vítimas,total_vitima,Tentativa de homicídio,standard_vde_indicator,COMPARABLE
Tentativa de homicídio,2016,RN,FULL_12_MONTHS,12,12,401,vítimas,total_vitima,Tentativa de homicídio,standard_vde_indicator,COMPARABLE
Tentativa de homicídio,2016,RO,FULL_12_MONTHS,12,12,1136,vítimas,total_vitima,Tentativa de homicídio,standard_vde_indicator,COMPARABLE
Tentativa de homicídio,2016,RR,FULL_12_MONTHS,12,12,111,vítimas,total_vitima,Tentativa de homicídio,standard_vde_indicator,COMPARABLE
Tentativa de homicídio,2016,RS,FULL_12_MONTHS,12,12,4783,vítimas,total_vitima,Tentativa de homicídio,standard_vde_indicator,COMPARABLE
Tentativa de homicídio,2016,SC,FULL_12_MONTHS,12,12,1497,vítimas,total_vitima,Tentativa de homicídio,standard_vde_indicator,COMPARABLE
Tentativa de homicídio,2016,SE,FULL_12_MONTHS,12,12,559,vítimas,total_vitima,Tentativa de homicídio,standard_vde_indicator,COMPARABLE
Tentativa de homicídio,2016,SP,FULL_12_MONTHS,12,12,6870,vítimas,total_vitima,Tentativa de homicídio,standard_vde_indicator,COMPARABLE
Tentativa de homicídio,2016,TO,FULL_12_MONTHS,12,12,322,vítimas,total_vitima,Tentativa de homicídio,standard_vde_indicator,COMPARABLE
Tentativa de homicídio,2017,AC,FULL_12_MONTHS,12,12,0,vítimas,total_vitima,Tentativa de homicídio,standard_vde_indicator,COMPARABLE
Tentativa de homicídio,2017,AL,FULL_12_MONTHS,12,12,688,vítimas,total_vitima,Tentativa de homicídio,standard_vde_indicator,COMPARABLE
Tentativa de homicídio,2017,AM,FULL_12_MONTHS,12,12,326,vítimas,total_vitima,Tentativa de homicídio,standard_vde_indicator,COMPARABLE
Tentativa de homicídio,2017,AP,FULL_12_MONTHS,12,12,293,vítimas,total_vitima,Tentativa de homicídio,standard_vde_indicator,COMPARABLE
Tentativa de homicídio,2017,BA,FULL_12_MONTHS,12,12,3234,vítimas,total_vitima,Tentativa de homicídio,standard_vde_indicator,COMPARABLE
Tentativa de homicídio,2017,CE,FULL_12_MONTHS,12,12,1534,vítimas,total_vitima,Tentativa de homicídio,standard_vde_indicator,COMPARABLE
Tentativa de homicídio,2017,DF,FULL_12_MONTHS,12,12,966,vítimas,total_vitima,Tentativa de homicídio,standard_vde_indicator,COMPARABLE
Tentativa de homicídio,2017,ES,FULL_12_MONTHS,12,12,0,vítimas,total_vitima,Tentativa de homicídio,standard_vde_indicator,COMPARABLE
Tentativa de homicídio,2017,GO,FULL_12_MONTHS,12,12,2403,vítimas,total_vitima,Tentativa de homicídio,standard_vde_indicator,COMPARABLE
Tentativa de homicídio,2017,MA,FULL_12_MONTHS,12,12,1167,vítimas,total_vitima,Tentativa de homicídio,standard_vde_indicator,COMPARABLE
Tentativa de homicídio,2017,MG,FULL_12_MONTHS,12,12,5778,vítimas,total_vitima,Tentativa de homicídio,standard_vde_indicator,COMPARABLE
Tentativa de homicídio,2017,MS,FULL_12_MONTHS,12,12,993,vítimas,total_vitima,Tentativa de homicídio,standard_vde_indicator,COMPARABLE
Tentativa de homicídio,2017,MT,FULL_12_MONTHS,12,12,1333,vítimas,total_vitima,Tentativa de homicídio,standard_vde_indicator,COMPARABLE
Tentativa de homicídio,2017,PA,FULL_12_MONTHS,12,12,1339,vítimas,total_vitima,Tentativa de homicídio,standard_vde_indicator,COMPARABLE
Tentativa de homicídio,2017,PB,FULL_12_MONTHS,12,12,1296,vítimas,total_vitima,Tentativa de homicídio,standard_vde_indicator,COMPARABLE
Tentativa de homicídio,2017,PE,FULL_12_MONTHS,12,12,0,vítimas,total_vitima,Tentativa de homicídio,standard_vde_indicator,COMPARABLE
Tentativa de homicídio,2017,PI,FULL_12_MONTHS,12,12,663,vítimas,total_vitima,Tentativa de homicídio,standard_vde_indicator,COMPARABLE
Tentativa de homicídio,2017,PR,FULL_12_MONTHS,12,12,940,vítimas,total_vitima,Tentativa de homicídio,standard_vde_indicator,COMPARABLE
Tentativa de homicídio,2017,RJ,FULL_12_MONTHS,12,12,6001,vítimas,total_vitima,Tentativa de homicídio,standard_vde_indicator,COMPARABLE
Tentativa de homicídio,2017,RN,FULL_12_MONTHS,12,12,315,vítimas,total_vitima,Tentativa de homicídio,standard_vde_indicator,COMPARABLE
Tentativa de homicídio,2017,RO,FULL_12_MONTHS,12,12,625,vítimas,total_vitima,Tentativa de homicídio,standard_vde_indicator,COMPARABLE
Tentativa de homicídio,2017,RR,FULL_12_MONTHS,12,12,146,vítimas,total_vitima,Tentativa de homicídio,standard_vde_indicator,COMPARABLE
Tentativa de homicídio,2017,RS,FULL_12_MONTHS,12,12,4458,vítimas,total_vitima,Tentativa de homicídio,standard_vde_indicator,COMPARABLE
Tentativa de homicídio,2017,SC,FULL_12_MONTHS,12,12,1435,vítimas,total_vitima,Tentativa de homicídio,standard_vde_indicator,COMPARABLE
Tentativa de homicídio,2017,SE,FULL_12_MONTHS,12,12,548,vítimas,total_vitima,Tentativa de homicídio,standard_vde_indicator,COMPARABLE
Tentativa de homicídio,2017,SP,FULL_12_MONTHS,12,12,6476,vítimas,total_vitima,Tentativa de homicídio,standard_vde_indicator,COMPARABLE
Tentativa de homicídio,2017,TO,FULL_12_MONTHS,12,12,359,vítimas,total_vitima,Tentativa de homicídio,standard_vde_indicator,COMPARABLE
Tentativa de homicídio,2018,AC,FULL_12_MONTHS,12,12,120,vítimas,total_vitima,Tentativa de homicídio,standard_vde_indicator,COMPARABLE
Tentativa de homicídio,2018,AL,FULL_12_MONTHS,12,12,588,vítimas,total_vitima,Tentativa de homicídio,standard_vde_indicator,COMPARABLE
Tentativa de homicídio,2018,AM,FULL_12_MONTHS,12,12,335,vítimas,total_vitima,Tentativa de homicídio,standard_vde_indicator,COMPARABLE
Tentativa de homicídio,2018,AP,FULL_12_MONTHS,12,12,110,vítimas,total_vitima,Tentativa de homicídio,standard_vde_indicator,COMPARABLE
Tentativa de homicídio,2018,BA,FULL_12_MONTHS,12,12,3017,vítimas,total_vitima,Tentativa de homicídio,standard_vde_indicator,COMPARABLE
Tentativa de homicídio,2018,CE,FULL_12_MONTHS,12,12,1526,vítimas,total_vitima,Tentativa de homicídio,standard_vde_indicator,COMPARABLE
Tentativa de homicídio,2018,DF,FULL_12_MONTHS,12,12,830,vítimas,total_vitima,Tentativa de homicídio,standard_vde_indicator,COMPARABLE
Tentativa de homicídio,2018,ES,FULL_12_MONTHS,12,12,2239,vítimas,total_vitima,Tentativa de homicídio,standard_vde_indicator,COMPARABLE
Tentativa de homicídio,2018,GO,FULL_12_MONTHS,12,12,2076,vítimas,total_vitima,Tentativa de homicídio,standard_vde_indicator,COMPARABLE
Tentativa de homicídio,2018,MA,FULL_12_MONTHS,12,12,1104,vítimas,total_vitima,Tentativa de homicídio,standard_vde_indicator,COMPARABLE
Tentativa de homicídio,2018,MG,FULL_12_MONTHS,12,12,4560,vítimas,total_vitima,Tentativa de homicídio,standard_vde_indicator,COMPARABLE
Tentativa de homicídio,2018,MS,FULL_12_MONTHS,12,12,720,vítimas,total_vitima,Tentativa de homicídio,standard_vde_indicator,COMPARABLE
Tentativa de homicídio,2018,MT,FULL_12_MONTHS,12,12,1290,vítimas,total_vitima,Tentativa de homicídio,standard_vde_indicator,COMPARABLE
Tentativa de homicídio,2018,PA,FULL_12_MONTHS,12,12,1632,vítimas,total_vitima,Tentativa de homicídio,standard_vde_indicator,COMPARABLE
Tentativa de homicídio,2018,PB,FULL_12_MONTHS,12,12,1140,vítimas,total_vitima,Tentativa de homicídio,standard_vde_indicator,COMPARABLE
Tentativa de homicídio,2018,PE,FULL_12_MONTHS,12,12,0,vítimas,total_vitima,Tentativa de homicídio,standard_vde_indicator,COMPARABLE
Tentativa de homicídio,2018,PI,FULL_12_MONTHS,12,12,625,vítimas,total_vitima,Tentativa de homicídio,standard_vde_indicator,COMPARABLE
Tentativa de homicídio,2018,PR,FULL_12_MONTHS,12,12,766,vítimas,total_vitima,Tentativa de homicídio,standard_vde_indicator,COMPARABLE
Tentativa de homicídio,2018,RJ,FULL_12_MONTHS,12,12,5954,vítimas,total_vitima,Tentativa de homicídio,standard_vde_indicator,COMPARABLE
Tentativa de homicídio,2018,RN,FULL_12_MONTHS,12,12,260,vítimas,total_vitima,Tentativa de homicídio,standard_vde_indicator,COMPARABLE
Tentativa de homicídio,2018,RO,FULL_12_MONTHS,12,12,740,vítimas,total_vitima,Tentativa de homicídio,standard_vde_indicator,COMPARABLE
Tentativa de homicídio,2018,RR,FULL_12_MONTHS,12,12,193,vítimas,total_vitima,Tentativa de homicídio,standard_vde_indicator,COMPARABLE
Tentativa de homicídio,2018,RS,FULL_12_MONTHS,12,12,3631,vítimas,total_vitima,Tentativa de homicídio,standard_vde_indicator,COMPARABLE
Tentativa de homicídio,2018,SC,FULL_12_MONTHS,12,12,1260,vítimas,total_vitima,Tentativa de homicídio,standard_vde_indicator,COMPARABLE
Tentativa de homicídio,2018,SE,FULL_12_MONTHS,12,12,468,vítimas,total_vitima,Tentativa de homicídio,standard_vde_indicator,COMPARABLE
Tentativa de homicídio,2018,SP,FULL_12_MONTHS,12,12,5829,vítimas,total_vitima,Tentativa de homicídio,standard_vde_indicator,COMPARABLE
Tentativa de homicídio,2018,TO,FULL_12_MONTHS,12,12,386,vítimas,total_vitima,Tentativa de homicídio,standard_vde_indicator,COMPARABLE
Tentativa de homicídio,2019,AC,FULL_12_MONTHS,12,12,195,vítimas,total_vitima,Tentativa de homicídio,standard_vde_indicator,COMPARABLE
Tentativa de homicídio,2019,AL,FULL_12_MONTHS,12,12,518,vítimas,total_vitima,Tentativa de homicídio,standard_vde_indicator,COMPARABLE
Tentativa de homicídio,2019,AM,FULL_12_MONTHS,12,12,302,vítimas,total_vitima,Tentativa de homicídio,standard_vde_indicator,COMPARABLE
Tentativa de homicídio,2019,AP,FULL_12_MONTHS,12,12,241,vítimas,total_vitima,Tentativa de homicídio,standard_vde_indicator,COMPARABLE
Tentativa de homicídio,2019,BA,FULL_12_MONTHS,12,12,3065,vítimas,total_vitima,Tentativa de homicídio,standard_vde_indicator,COMPARABLE
Tentativa de homicídio,2019,CE,FULL_12_MONTHS,12,12,1281,vítimas,total_vitima,Tentativa de homicídio,standard_vde_indicator,COMPARABLE
Tentativa de homicídio,2019,DF,FULL_12_MONTHS,12,12,844,vítimas,total_vitima,Tentativa de homicídio,standard_vde_indicator,COMPARABLE
Tentativa de homicídio,2019,ES,FULL_12_MONTHS,12,12,2318,vítimas,total_vitima,Tentativa de homicídio,standard_vde_indicator,COMPARABLE
Tentativa de homicídio,2019,GO,FULL_12_MONTHS,12,12,1934,vítimas,total_vitima,Tentativa de homicídio,standard_vde_indicator,COMPARABLE
Tentativa de homicídio,2019,MA,FULL_12_MONTHS,12,12,968,vítimas,total_vitima,Tentativa de homicídio,standard_vde_indicator,COMPARABLE
Tentativa de homicídio,2019,MG,FULL_12_MONTHS,12,12,3423,vítimas,total_vitima,Tentativa de homicídio,standard_vde_indicator,COMPARABLE
Tentativa de homicídio,2019,MS,FULL_12_MONTHS,12,12,706,vítimas,total_vitima,Tentativa de homicídio,standard_vde_indicator,COMPARABLE
Tentativa de homicídio,2019,MT,FULL_12_MONTHS,12,12,1254,vítimas,total_vitima,Tentativa de homicídio,standard_vde_indicator,COMPARABLE
Tentativa de homicídio,2019,PA,FULL_12_MONTHS,12,12,1578,vítimas,total_vitima,Tentativa de homicídio,standard_vde_indicator,COMPARABLE
Tentativa de homicídio,2019,PB,FULL_12_MONTHS,12,12,803,vítimas,total_vitima,Tentativa de homicídio,standard_vde_indicator,COMPARABLE
Tentativa de homicídio,2019,PE,FULL_12_MONTHS,12,12,3766,vítimas,total_vitima,Tentativa de homicídio,standard_vde_indicator,COMPARABLE
Tentativa de homicídio,2019,PI,FULL_12_MONTHS,12,12,637,vítimas,total_vitima,Tentativa de homicídio,standard_vde_indicator,COMPARABLE
Tentativa de homicídio,2019,PR,FULL_12_MONTHS,12,12,724,vítimas,total_vitima,Tentativa de homicídio,standard_vde_indicator,COMPARABLE
Tentativa de homicídio,2019,RJ,FULL_12_MONTHS,12,12,5075,vítimas,total_vitima,Tentativa de homicídio,standard_vde_indicator,COMPARABLE
Tentativa de homicídio,2019,RN,FULL_12_MONTHS,12,12,206,vítimas,total_vitima,Tentativa de homicídio,standard_vde_indicator,COMPARABLE
Tentativa de homicídio,2019,RO,FULL_12_MONTHS,12,12,737,vítimas,total_vitima,Tentativa de homicídio,standard_vde_indicator,COMPARABLE
Tentativa de homicídio,2019,RR,FULL_12_MONTHS,12,12,118,vítimas,total_vitima,Tentativa de homicídio,standard_vde_indicator,COMPARABLE
Tentativa de homicídio,2019,RS,FULL_12_MONTHS,12,12,3276,vítimas,total_vitima,Tentativa de homicídio,standard_vde_indicator,COMPARABLE
Tentativa de homicídio,2019,SC,FULL_12_MONTHS,12,12,1393,vítimas,total_vitima,Tentativa de homicídio,standard_vde_indicator,COMPARABLE
Tentativa de homicídio,2019,SE,FULL_12_MONTHS,12,12,723,vítimas,total_vitima,Tentativa de homicídio,standard_vde_indicator,COMPARABLE
Tentativa de homicídio,2019,SP,FULL_12_MONTHS,12,12,5667,vítimas,total_vitima,Tentativa de homicídio,standard_vde_indicator,COMPARABLE
Tentativa de homicídio,2019,TO,FULL_12_MONTHS,12,12,602,vítimas,total_vitima,Tentativa de homicídio,standard_vde_indicator,COMPARABLE
Tentativa de homicídio,2020,AC,FULL_12_MONTHS,12,12,187,vítimas,total_vitima,Tentativa de homicídio,standard_vde_indicator,COMPARABLE
Tentativa de homicídio,2020,AL,FULL_12_MONTHS,12,12,487,vítimas,total_vitima,Tentativa de homicídio,standard_vde_indicator,COMPARABLE
Tentativa de homicídio,2020,AM,FULL_12_MONTHS,12,12,351,vítimas,total_vitima,Tentativa de homicídio,standard_vde_indicator,COMPARABLE
Tentativa de homicídio,2020,AP,FULL_12_MONTHS,12,12,257,vítimas,total_vitima,Tentativa de homicídio,standard_vde_indicator,COMPARABLE
Tentativa de homicídio,2020,BA,FULL_12_MONTHS,12,12,2575,vítimas,total_vitima,Tentativa de homicídio,standard_vde_indicator,COMPARABLE
Tentativa de homicídio,2020,CE,FULL_12_MONTHS,12,12,1230,vítimas,total_vitima,Tentativa de homicídio,standard_vde_indicator,COMPARABLE
Tentativa de homicídio,2020,DF,FULL_12_MONTHS,12,12,759,vítimas,total_vitima,Tentativa de homicídio,standard_vde_indicator,COMPARABLE
Tentativa de homicídio,2020,ES,FULL_12_MONTHS,12,12,2467,vítimas,total_vitima,Tentativa de homicídio,standard_vde_indicator,COMPARABLE
Tentativa de homicídio,2020,GO,FULL_12_MONTHS,12,12,1753,vítimas,total_vitima,Tentativa de homicídio,standard_vde_indicator,COMPARABLE
Tentativa de homicídio,2020,MA,FULL_12_MONTHS,12,12,965,vítimas,total_vitima,Tentativa de homicídio,standard_vde_indicator,COMPARABLE
Tentativa de homicídio,2020,MG,FULL_12_MONTHS,12,12,2915,vítimas,total_vitima,Tentativa de homicídio,standard_vde_indicator,COMPARABLE
Tentativa de homicídio,2020,MS,FULL_12_MONTHS,12,12,590,vítimas,total_vitima,Tentativa de homicídio,standard_vde_indicator,COMPARABLE
Tentativa de homicídio,2020,MT,FULL_12_MONTHS,12,12,1085,vítimas,total_vitima,Tentativa de homicídio,standard_vde_indicator,COMPARABLE
Tentativa de homicídio,2020,PA,FULL_12_MONTHS,12,12,1270,vítimas,total_vitima,Tentativa de homicídio,standard_vde_indicator,COMPARABLE
Tentativa de homicídio,2020,PB,FULL_12_MONTHS,12,12,931,vítimas,total_vitima,Tentativa de homicídio,standard_vde_indicator,COMPARABLE
Tentativa de homicídio,2020,PE,FULL_12_MONTHS,12,12,2895,vítimas,total_vitima,Tentativa de homicídio,standard_vde_indicator,COMPARABLE
Tentativa de homicídio,2020,PI,FULL_12_MONTHS,12,12,541,vítimas,total_vitima,Tentativa de homicídio,standard_vde_indicator,COMPARABLE
Tentativa de homicídio,2020,PR,FULL_12_MONTHS,12,12,1003,vítimas,total_vitima,Tentativa de homicídio,standard_vde_indicator,COMPARABLE
Tentativa de homicídio,2020,RJ,FULL_12_MONTHS,12,12,4082,vítimas,total_vitima,Tentativa de homicídio,standard_vde_indicator,COMPARABLE
Tentativa de homicídio,2020,RN,FULL_12_MONTHS,12,12,252,vítimas,total_vitima,Tentativa de homicídio,standard_vde_indicator,COMPARABLE
Tentativa de homicídio,2020,RO,FULL_12_MONTHS,12,12,783,vítimas,total_vitima,Tentativa de homicídio,standard_vde_indicator,COMPARABLE
Tentativa de homicídio,2020,RR,FULL_12_MONTHS,12,12,133,vítimas,total_vitima,Tentativa de homicídio,standard_vde_indicator,COMPARABLE
Tentativa de homicídio,2020,RS,FULL_12_MONTHS,12,12,2711,vítimas,total_vitima,Tentativa de homicídio,standard_vde_indicator,COMPARABLE
Tentativa de homicídio,2020,SC,FULL_12_MONTHS,12,12,1618,vítimas,total_vitima,Tentativa de homicídio,standard_vde_indicator,COMPARABLE
Tentativa de homicídio,2020,SE,FULL_12_MONTHS,12,12,738,vítimas,total_vitima,Tentativa de homicídio,standard_vde_indicator,COMPARABLE
Tentativa de homicídio,2020,SP,FULL_12_MONTHS,12,12,5177,vítimas,total_vitima,Tentativa de homicídio,standard_vde_indicator,COMPARABLE
Tentativa de homicídio,2020,TO,FULL_12_MONTHS,12,12,541,vítimas,total_vitima,Tentativa de homicídio,standard_vde_indicator,COMPARABLE
Tentativa de homicídio,2021,AC,FULL_12_MONTHS,12,12,269,vítimas,total_vitima,Tentativa de homicídio,standard_vde_indicator,COMPARABLE
Tentativa de homicídio,2021,AL,FULL_12_MONTHS,12,12,443,vítimas,total_vitima,Tentativa de homicídio,standard_vde_indicator,COMPARABLE
Tentativa de homicídio,2021,AM,FULL_12_MONTHS,12,12,280,vítimas,total_vitima,Tentativa de homicídio,standard_vde_indicator,COMPARABLE
Tentativa de homicídio,2021,AP,FULL_12_MONTHS,12,12,370,vítimas,total_vitima,Tentativa de homicídio,standard_vde_indicator,COMPARABLE
Tentativa de homicídio,2021,BA,FULL_12_MONTHS,12,12,2259,vítimas,total_vitima,Tentativa de homicídio,standard_vde_indicator,COMPARABLE
Tentativa de homicídio,2021,CE,FULL_12_MONTHS,12,12,1173,vítimas,total_vitima,Tentativa de homicídio,standard_vde_indicator,COMPARABLE
Tentativa de homicídio,2021,DF,FULL_12_MONTHS,12,12,604,vítimas,total_vitima,Tentativa de homicídio,standard_vde_indicator,COMPARABLE
Tentativa de homicídio,2021,ES,FULL_12_MONTHS,12,12,2552,vítimas,total_vitima,Tentativa de homicídio,standard_vde_indicator,COMPARABLE
Tentativa de homicídio,2021,GO,FULL_12_MONTHS,12,12,1611,vítimas,total_vitima,Tentativa de homicídio,standard_vde_indicator,COMPARABLE
Tentativa de homicídio,2021,MA,FULL_12_MONTHS,12,12,1092,vítimas,total_vitima,Tentativa de homicídio,standard_vde_indicator,COMPARABLE
Tentativa de homicídio,2021,MG,FULL_12_MONTHS,12,12,2614,vítimas,total_vitima,Tentativa de homicídio,standard_vde_indicator,COMPARABLE
Tentativa de homicídio,2021,MS,FULL_12_MONTHS,12,12,604,vítimas,total_vitima,Tentativa de homicídio,standard_vde_indicator,COMPARABLE
Tentativa de homicídio,2021,MT,FULL_12_MONTHS,12,12,990,vítimas,total_vitima,Tentativa de homicídio,standard_vde_indicator,COMPARABLE
Tentativa de homicídio,2021,PA,FULL_12_MONTHS,12,12,1095,vítimas,total_vitima,Tentativa de homicídio,standard_vde_indicator,COMPARABLE
Tentativa de homicídio,2021,PB,FULL_12_MONTHS,12,12,842,vítimas,total_vitima,Tentativa de homicídio,standard_vde_indicator,COMPARABLE
Tentativa de homicídio,2021,PE,FULL_12_MONTHS,12,12,2595,vítimas,total_vitima,Tentativa de homicídio,standard_vde_indicator,COMPARABLE
Tentativa de homicídio,2021,PI,FULL_12_MONTHS,12,12,572,vítimas,total_vitima,Tentativa de homicídio,standard_vde_indicator,COMPARABLE
Tentativa de homicídio,2021,PR,FULL_12_MONTHS,12,12,1054,vítimas,total_vitima,Tentativa de homicídio,standard_vde_indicator,COMPARABLE
Tentativa de homicídio,2021,RJ,FULL_12_MONTHS,12,12,3715,vítimas,total_vitima,Tentativa de homicídio,standard_vde_indicator,COMPARABLE
Tentativa de homicídio,2021,RN,FULL_12_MONTHS,12,12,378,vítimas,total_vitima,Tentativa de homicídio,standard_vde_indicator,COMPARABLE
Tentativa de homicídio,2021,RO,FULL_12_MONTHS,12,12,712,vítimas,total_vitima,Tentativa de homicídio,standard_vde_indicator,COMPARABLE
Tentativa de homicídio,2021,RR,FULL_12_MONTHS,12,12,205,vítimas,total_vitima,Tentativa de homicídio,standard_vde_indicator,COMPARABLE
Tentativa de homicídio,2021,RS,FULL_12_MONTHS,12,12,2472,vítimas,total_vitima,Tentativa de homicídio,standard_vde_indicator,COMPARABLE
Tentativa de homicídio,2021,SC,FULL_12_MONTHS,12,12,1552,vítimas,total_vitima,Tentativa de homicídio,standard_vde_indicator,COMPARABLE
Tentativa de homicídio,2021,SE,FULL_12_MONTHS,12,12,633,vítimas,total_vitima,Tentativa de homicídio,standard_vde_indicator,COMPARABLE
Tentativa de homicídio,2021,SP,FULL_12_MONTHS,12,12,4870,vítimas,total_vitima,Tentativa de homicídio,standard_vde_indicator,COMPARABLE
Tentativa de homicídio,2021,TO,FULL_12_MONTHS,12,12,448,vítimas,total_vitima,Tentativa de homicídio,standard_vde_indicator,COMPARABLE
Tentativa de homicídio,2022,AC,FULL_12_MONTHS,12,12,428,vítimas,total_vitima,Tentativa de homicídio,standard_vde_indicator,COMPARABLE
Tentativa de homicídio,2022,AL,FULL_12_MONTHS,12,12,622,vítimas,total_vitima,Tentativa de homicídio,standard_vde_indicator,COMPARABLE
Tentativa de homicídio,2022,AM,FULL_12_MONTHS,12,12,330,vítimas,total_vitima,Tentativa de homicídio,standard_vde_indicator,COMPARABLE
Tentativa de homicídio,2022,AP,FULL_12_MONTHS,12,12,255,vítimas,total_vitima,Tentativa de homicídio,standard_vde_indicator,COMPARABLE
Tentativa de homicídio,2022,BA,FULL_12_MONTHS,12,12,2585,vítimas,total_vitima,Tentativa de homicídio,standard_vde_indicator,COMPARABLE
Tentativa de homicídio,2022,CE,FULL_12_MONTHS,12,12,1184,vítimas,total_vitima,Tentativa de homicídio,standard_vde_indicator,COMPARABLE
Tentativa de homicídio,2022,DF,FULL_12_MONTHS,12,12,545,vítimas,total_vitima,Tentativa de homicídio,standard_vde_indicator,COMPARABLE
Tentativa de homicídio,2022,ES,FULL_12_MONTHS,12,12,2553,vítimas,total_vitima,Tentativa de homicídio,standard_vde_indicator,COMPARABLE
Tentativa de homicídio,2022,GO,FULL_12_MONTHS,12,12,1672,vítimas,total_vitima,Tentativa de homicídio,standard_vde_indicator,COMPARABLE
Tentativa de homicídio,2022,MA,FULL_12_MONTHS,12,12,1266,vítimas,total_vitima,Tentativa de homicídio,standard_vde_indicator,COMPARABLE
Tentativa de homicídio,2022,MG,FULL_12_MONTHS,12,12,2835,vítimas,total_vitima,Tentativa de homicídio,standard_vde_indicator,COMPARABLE
Tentativa de homicídio,2022,MS,FULL_12_MONTHS,12,12,826,vítimas,total_vitima,Tentativa de homicídio,standard_vde_indicator,COMPARABLE
Tentativa de homicídio,2022,MT,FULL_12_MONTHS,12,12,1055,vítimas,total_vitima,Tentativa de homicídio,standard_vde_indicator,COMPARABLE
Tentativa de homicídio,2022,PA,FULL_12_MONTHS,12,12,1373,vítimas,total_vitima,Tentativa de homicídio,standard_vde_indicator,COMPARABLE
Tentativa de homicídio,2022,PB,FULL_12_MONTHS,12,12,718,vítimas,total_vitima,Tentativa de homicídio,standard_vde_indicator,COMPARABLE
Tentativa de homicídio,2022,PE,FULL_12_MONTHS,12,12,2332,vítimas,total_vitima,Tentativa de homicídio,standard_vde_indicator,COMPARABLE
Tentativa de homicídio,2022,PI,FULL_12_MONTHS,12,12,601,vítimas,total_vitima,Tentativa de homicídio,standard_vde_indicator,COMPARABLE
Tentativa de homicídio,2022,PR,FULL_12_MONTHS,12,12,973,vítimas,total_vitima,Tentativa de homicídio,standard_vde_indicator,COMPARABLE
Tentativa de homicídio,2022,RJ,FULL_12_MONTHS,12,12,3278,vítimas,total_vitima,Tentativa de homicídio,standard_vde_indicator,COMPARABLE
Tentativa de homicídio,2022,RN,FULL_12_MONTHS,12,12,443,vítimas,total_vitima,Tentativa de homicídio,standard_vde_indicator,COMPARABLE
Tentativa de homicídio,2022,RO,FULL_12_MONTHS,12,12,707,vítimas,total_vitima,Tentativa de homicídio,standard_vde_indicator,COMPARABLE
Tentativa de homicídio,2022,RR,FULL_12_MONTHS,12,12,202,vítimas,total_vitima,Tentativa de homicídio,standard_vde_indicator,COMPARABLE
Tentativa de homicídio,2022,RS,FULL_12_MONTHS,12,12,2545,vítimas,total_vitima,Tentativa de homicídio,standard_vde_indicator,COMPARABLE
Tentativa de homicídio,2022,SC,FULL_12_MONTHS,12,12,1629,vítimas,total_vitima,Tentativa de homicídio,standard_vde_indicator,COMPARABLE
Tentativa de homicídio,2022,SE,FULL_12_MONTHS,12,12,625,vítimas,total_vitima,Tentativa de homicídio,standard_vde_indicator,COMPARABLE
Tentativa de homicídio,2022,SP,FULL_12_MONTHS,12,12,4830,vítimas,total_vitima,Tentativa de homicídio,standard_vde_indicator,COMPARABLE
Tentativa de homicídio,2022,TO,FULL_12_MONTHS,12,12,450,vítimas,total_vitima,Tentativa de homicídio,standard_vde_indicator,COMPARABLE
Tentativa de homicídio,2023,AC,FULL_12_MONTHS,12,12,347,vítimas,total_vitima,Tentativa de homicídio,standard_vde_indicator,COMPARABLE
Tentativa de homicídio,2023,AL,FULL_12_MONTHS,12,12,707,vítimas,total_vitima,Tentativa de homicídio,standard_vde_indicator,COMPARABLE
Tentativa de homicídio,2023,AM,FULL_12_MONTHS,12,12,248,vítimas,total_vitima,Tentativa de homicídio,standard_vde_indicator,COMPARABLE
Tentativa de homicídio,2023,AP,FULL_12_MONTHS,12,12,197,vítimas,total_vitima,Tentativa de homicídio,standard_vde_indicator,COMPARABLE
Tentativa de homicídio,2023,BA,FULL_12_MONTHS,12,12,2703,vítimas,total_vitima,Tentativa de homicídio,standard_vde_indicator,COMPARABLE
Tentativa de homicídio,2023,CE,FULL_12_MONTHS,12,12,1230,vítimas,total_vitima,Tentativa de homicídio,standard_vde_indicator,COMPARABLE
Tentativa de homicídio,2023,DF,FULL_12_MONTHS,12,12,605,vítimas,total_vitima,Tentativa de homicídio,standard_vde_indicator,COMPARABLE
Tentativa de homicídio,2023,ES,FULL_12_MONTHS,12,12,1194,vítimas,total_vitima,Tentativa de homicídio,standard_vde_indicator,COMPARABLE
Tentativa de homicídio,2023,GO,FULL_12_MONTHS,12,12,1566,vítimas,total_vitima,Tentativa de homicídio,standard_vde_indicator,COMPARABLE
Tentativa de homicídio,2023,MA,FULL_12_MONTHS,12,12,1244,vítimas,total_vitima,Tentativa de homicídio,standard_vde_indicator,COMPARABLE
Tentativa de homicídio,2023,MG,FULL_12_MONTHS,12,12,2686,vítimas,total_vitima,Tentativa de homicídio,standard_vde_indicator,COMPARABLE
Tentativa de homicídio,2023,MS,FULL_12_MONTHS,12,12,739,vítimas,total_vitima,Tentativa de homicídio,standard_vde_indicator,COMPARABLE
Tentativa de homicídio,2023,MT,FULL_12_MONTHS,12,12,1429,vítimas,total_vitima,Tentativa de homicídio,standard_vde_indicator,COMPARABLE
Tentativa de homicídio,2023,PA,FULL_12_MONTHS,12,12,1693,vítimas,total_vitima,Tentativa de homicídio,standard_vde_indicator,COMPARABLE
Tentativa de homicídio,2023,PB,FULL_12_MONTHS,12,12,703,vítimas,total_vitima,Tentativa de homicídio,standard_vde_indicator,COMPARABLE
Tentativa de homicídio,2023,PE,FULL_12_MONTHS,12,12,2289,vítimas,total_vitima,Tentativa de homicídio,standard_vde_indicator,COMPARABLE
Tentativa de homicídio,2023,PI,FULL_12_MONTHS,12,12,587,vítimas,total_vitima,Tentativa de homicídio,standard_vde_indicator,COMPARABLE
Tentativa de homicídio,2023,PR,FULL_12_MONTHS,12,12,1100,vítimas,total_vitima,Tentativa de homicídio,standard_vde_indicator,COMPARABLE
Tentativa de homicídio,2023,RJ,FULL_12_MONTHS,12,12,2948,vítimas,total_vitima,Tentativa de homicídio,standard_vde_indicator,COMPARABLE
Tentativa de homicídio,2023,RN,FULL_12_MONTHS,12,12,586,vítimas,total_vitima,Tentativa de homicídio,standard_vde_indicator,COMPARABLE
Tentativa de homicídio,2023,RO,FULL_12_MONTHS,12,12,628,vítimas,total_vitima,Tentativa de homicídio,standard_vde_indicator,COMPARABLE
Tentativa de homicídio,2023,RR,FULL_12_MONTHS,12,12,211,vítimas,total_vitima,Tentativa de homicídio,standard_vde_indicator,COMPARABLE
Tentativa de homicídio,2023,RS,FULL_12_MONTHS,12,12,2503,vítimas,total_vitima,Tentativa de homicídio,standard_vde_indicator,COMPARABLE
Tentativa de homicídio,2023,SC,FULL_12_MONTHS,12,12,1678,vítimas,total_vitima,Tentativa de homicídio,standard_vde_indicator,COMPARABLE
Tentativa de homicídio,2023,SE,FULL_12_MONTHS,12,12,738,vítimas,total_vitima,Tentativa de homicídio,standard_vde_indicator,COMPARABLE
Tentativa de homicídio,2023,SP,FULL_12_MONTHS,12,12,4230,vítimas,total_vitima,Tentativa de homicídio,standard_vde_indicator,COMPARABLE
Tentativa de homicídio,2023,TO,FULL_12_MONTHS,12,12,418,vítimas,total_vitima,Tentativa de homicídio,standard_vde_indicator,COMPARABLE
Tentativa de homicídio,2024,AC,FULL_12_MONTHS,12,12,263,vítimas,total_vitima,Tentativa de homicídio,standard_vde_indicator,COMPARABLE
Tentativa de homicídio,2024,AL,FULL_12_MONTHS,12,12,759,vítimas,total_vitima,Tentativa de homicídio,standard_vde_indicator,COMPARABLE
Tentativa de homicídio,2024,AM,FULL_12_MONTHS,12,12,480,vítimas,total_vitima,Tentativa de homicídio,standard_vde_indicator,COMPARABLE
Tentativa de homicídio,2024,AP,FULL_12_MONTHS,12,12,338,vítimas,total_vitima,Tentativa de homicídio,standard_vde_indicator,COMPARABLE
Tentativa de homicídio,2024,BA,FULL_12_MONTHS,12,12,3146,vítimas,total_vitima,Tentativa de homicídio,standard_vde_indicator,COMPARABLE
Tentativa de homicídio,2024,CE,FULL_12_MONTHS,12,12,1274,vítimas,total_vitima,Tentativa de homicídio,standard_vde_indicator,COMPARABLE
Tentativa de homicídio,2024,DF,FULL_12_MONTHS,12,12,592,vítimas,total_vitima,Tentativa de homicídio,standard_vde_indicator,COMPARABLE
Tentativa de homicídio,2024,ES,FULL_12_MONTHS,12,12,1323,vítimas,total_vitima,Tentativa de homicídio,standard_vde_indicator,COMPARABLE
Tentativa de homicídio,2024,GO,FULL_12_MONTHS,12,12,1526,vítimas,total_vitima,Tentativa de homicídio,standard_vde_indicator,COMPARABLE
Tentativa de homicídio,2024,MA,FULL_12_MONTHS,12,12,1432,vítimas,total_vitima,Tentativa de homicídio,standard_vde_indicator,COMPARABLE
Tentativa de homicídio,2024,MG,FULL_12_MONTHS,12,12,3584,vítimas,total_vitima,Tentativa de homicídio,standard_vde_indicator,COMPARABLE
Tentativa de homicídio,2024,MS,FULL_12_MONTHS,12,12,696,vítimas,total_vitima,Tentativa de homicídio,standard_vde_indicator,COMPARABLE
Tentativa de homicídio,2024,MT,FULL_12_MONTHS,12,12,1525,vítimas,total_vitima,Tentativa de homicídio,standard_vde_indicator,COMPARABLE
Tentativa de homicídio,2024,PA,FULL_12_MONTHS,12,12,1542,vítimas,total_vitima,Tentativa de homicídio,standard_vde_indicator,COMPARABLE
Tentativa de homicídio,2024,PB,FULL_12_MONTHS,12,12,757,vítimas,total_vitima,Tentativa de homicídio,standard_vde_indicator,COMPARABLE
Tentativa de homicídio,2024,PE,FULL_12_MONTHS,12,12,2067,vítimas,total_vitima,Tentativa de homicídio,standard_vde_indicator,COMPARABLE
Tentativa de homicídio,2024,PI,FULL_12_MONTHS,12,12,663,vítimas,total_vitima,Tentativa de homicídio,standard_vde_indicator,COMPARABLE
Tentativa de homicídio,2024,PR,FULL_12_MONTHS,12,12,985,vítimas,total_vitima,Tentativa de homicídio,standard_vde_indicator,COMPARABLE
Tentativa de homicídio,2024,RJ,FULL_12_MONTHS,12,12,3673,vítimas,total_vitima,Tentativa de homicídio,standard_vde_indicator,COMPARABLE
Tentativa de homicídio,2024,RN,FULL_12_MONTHS,12,12,555,vítimas,total_vitima,Tentativa de homicídio,standard_vde_indicator,COMPARABLE
Tentativa de homicídio,2024,RO,FULL_12_MONTHS,12,12,832,vítimas,total_vitima,Tentativa de homicídio,standard_vde_indicator,COMPARABLE
Tentativa de homicídio,2024,RR,FULL_12_MONTHS,12,12,267,vítimas,total_vitima,Tentativa de homicídio,standard_vde_indicator,COMPARABLE
Tentativa de homicídio,2024,RS,FULL_12_MONTHS,12,12,2130,vítimas,total_vitima,Tentativa de homicídio,standard_vde_indicator,COMPARABLE
Tentativa de homicídio,2024,SC,FULL_12_MONTHS,12,12,1661,vítimas,total_vitima,Tentativa de homicídio,standard_vde_indicator,COMPARABLE
Tentativa de homicídio,2024,SE,FULL_12_MONTHS,12,12,699,vítimas,total_vitima,Tentativa de homicídio,standard_vde_indicator,COMPARABLE
Tentativa de homicídio,2024,SP,FULL_12_MONTHS,12,12,3784,vítimas,total_vitima,Tentativa de homicídio,standard_vde_indicator,COMPARABLE
Tentativa de homicídio,2024,TO,FULL_12_MONTHS,12,12,420,vítimas,total_vitima,Tentativa de homicídio,standard_vde_indicator,COMPARABLE
Tentativa de homicídio,2025,AC,FULL_12_MONTHS,12,12,284,vítimas,total_vitima,Tentativa de homicídio,standard_vde_indicator,COMPARABLE
Tentativa de homicídio,2025,AL,FULL_12_MONTHS,12,12,769,vítimas,total_vitima,Tentativa de homicídio,standard_vde_indicator,COMPARABLE
Tentativa de homicídio,2025,AM,FULL_12_MONTHS,12,12,642,vítimas,total_vitima,Tentativa de homicídio,standard_vde_indicator,COMPARABLE
Tentativa de homicídio,2025,AP,FULL_12_MONTHS,12,12,248,vítimas,total_vitima,Tentativa de homicídio,standard_vde_indicator,COMPARABLE
Tentativa de homicídio,2025,BA,FULL_12_MONTHS,12,12,3275,vítimas,total_vitima,Tentativa de homicídio,standard_vde_indicator,COMPARABLE
Tentativa de homicídio,2025,CE,FULL_12_MONTHS,12,12,1273,vítimas,total_vitima,Tentativa de homicídio,standard_vde_indicator,COMPARABLE
Tentativa de homicídio,2025,DF,FULL_12_MONTHS,12,12,583,vítimas,total_vitima,Tentativa de homicídio,standard_vde_indicator,COMPARABLE
Tentativa de homicídio,2025,ES,FULL_12_MONTHS,12,12,1274,vítimas,total_vitima,Tentativa de homicídio,standard_vde_indicator,COMPARABLE
Tentativa de homicídio,2025,GO,FULL_12_MONTHS,12,12,1370,vítimas,total_vitima,Tentativa de homicídio,standard_vde_indicator,COMPARABLE
Tentativa de homicídio,2025,MA,FULL_12_MONTHS,12,12,1625,vítimas,total_vitima,Tentativa de homicídio,standard_vde_indicator,COMPARABLE
Tentativa de homicídio,2025,MG,FULL_12_MONTHS,12,12,2451,vítimas,total_vitima,Tentativa de homicídio,standard_vde_indicator,COMPARABLE
Tentativa de homicídio,2025,MS,FULL_12_MONTHS,12,12,475,vítimas,total_vitima,Tentativa de homicídio,standard_vde_indicator,COMPARABLE
Tentativa de homicídio,2025,MT,FULL_12_MONTHS,12,12,1242,vítimas,total_vitima,Tentativa de homicídio,standard_vde_indicator,COMPARABLE
Tentativa de homicídio,2025,PA,FULL_12_MONTHS,12,12,1242,vítimas,total_vitima,Tentativa de homicídio,standard_vde_indicator,COMPARABLE
Tentativa de homicídio,2025,PB,FULL_12_MONTHS,12,12,736,vítimas,total_vitima,Tentativa de homicídio,standard_vde_indicator,COMPARABLE
Tentativa de homicídio,2025,PE,FULL_12_MONTHS,12,12,1764,vítimas,total_vitima,Tentativa de homicídio,standard_vde_indicator,COMPARABLE
Tentativa de homicídio,2025,PI,FULL_12_MONTHS,12,12,620,vítimas,total_vitima,Tentativa de homicídio,standard_vde_indicator,COMPARABLE
Tentativa de homicídio,2025,PR,FULL_12_MONTHS,12,12,613,vítimas,total_vitima,Tentativa de homicídio,standard_vde_indicator,COMPARABLE
Tentativa de homicídio,2025,RJ,FULL_12_MONTHS,12,12,3448,vítimas,total_vitima,Tentativa de homicídio,standard_vde_indicator,COMPARABLE
Tentativa de homicídio,2025,RN,FULL_12_MONTHS,12,12,630,vítimas,total_vitima,Tentativa de homicídio,standard_vde_indicator,COMPARABLE
Tentativa de homicídio,2025,RO,FULL_12_MONTHS,12,12,673,vítimas,total_vitima,Tentativa de homicídio,standard_vde_indicator,COMPARABLE
Tentativa de homicídio,2025,RR,FULL_12_MONTHS,12,12,252,vítimas,total_vitima,Tentativa de homicídio,standard_vde_indicator,COMPARABLE
Tentativa de homicídio,2025,RS,FULL_12_MONTHS,12,12,1906,vítimas,total_vitima,Tentativa de homicídio,standard_vde_indicator,COMPARABLE
Tentativa de homicídio,2025,SC,FULL_12_MONTHS,12,12,1560,vítimas,total_vitima,Tentativa de homicídio,standard_vde_indicator,COMPARABLE
Tentativa de homicídio,2025,SE,FULL_12_MONTHS,12,12,680,vítimas,total_vitima,Tentativa de homicídio,standard_vde_indicator,COMPARABLE
Tentativa de homicídio,2025,SP,FULL_12_MONTHS,12,12,3843,vítimas,total_vitima,Tentativa de homicídio,standard_vde_indicator,COMPARABLE
Tentativa de homicídio,2025,TO,FULL_12_MONTHS,12,12,439,vítimas,total_vitima,Tentativa de homicídio,standard_vde_indicator,COMPARABLE
Furto de veículo,2015,AC,PARTIAL_MONTHS,12,0,0,ocorrências,total,Furto de veículo,standard_vde_indicator,LIMITED_COVERAGE
Furto de veículo,2015,AL,FULL_12_MONTHS,12,12,702,ocorrências,total,Furto de veículo,standard_vde_indicator,LIMITED_COVERAGE
Furto de veículo,2015,AM,FULL_12_MONTHS,12,12,1760,ocorrências,total,Furto de veículo,standard_vde_indicator,LIMITED_COVERAGE
Furto de veículo,2015,AP,FULL_12_MONTHS,12,12,877,ocorrências,total,Furto de veículo,standard_vde_indicator,LIMITED_COVERAGE
Furto de veículo,2015,BA,FULL_12_MONTHS,12,12,5540,ocorrências,total,Furto de veículo,standard_vde_indicator,LIMITED_COVERAGE
Furto de veículo,2015,CE,FULL_12_MONTHS,12,12,4839,ocorrências,total,Furto de veículo,standard_vde_indicator,LIMITED_COVERAGE
Furto de veículo,2015,DF,FULL_12_MONTHS,12,12,6490,ocorrências,total,Furto de veículo,standard_vde_indicator,LIMITED_COVERAGE
Furto de veículo,2015,ES,NOT_REPORTED,0,0,,ocorrências,total,,standard_vde_indicator,LIMITED_COVERAGE
Furto de veículo,2015,GO,PARTIAL_MONTHS,12,0,0,ocorrências,total,Furto de veículo,standard_vde_indicator,LIMITED_COVERAGE
Furto de veículo,2015,MA,FULL_12_MONTHS,12,12,2240,ocorrências,total,Furto de veículo,standard_vde_indicator,LIMITED_COVERAGE
Furto de veículo,2015,MG,FULL_12_MONTHS,12,12,31280,ocorrências,total,Furto de veículo,standard_vde_indicator,LIMITED_COVERAGE
Furto de veículo,2015,MS,FULL_12_MONTHS,12,12,3713,ocorrências,total,Furto de veículo,standard_vde_indicator,LIMITED_COVERAGE
Furto de veículo,2015,MT,FULL_12_MONTHS,12,12,3614,ocorrências,total,Furto de veículo,standard_vde_indicator,LIMITED_COVERAGE
Furto de veículo,2015,PA,FULL_12_MONTHS,12,12,2895,ocorrências,total,Furto de veículo,standard_vde_indicator,LIMITED_COVERAGE
Furto de veículo,2015,PB,FULL_12_MONTHS,12,12,1096,ocorrências,total,Furto de veículo,standard_vde_indicator,LIMITED_COVERAGE
Furto de veículo,2015,PE,FULL_12_MONTHS,12,12,4421,ocorrências,total,Furto de veículo,standard_vde_indicator,LIMITED_COVERAGE
Furto de veículo,2015,PI,FULL_12_MONTHS,12,12,1585,ocorrências,total,Furto de veículo,standard_vde_indicator,LIMITED_COVERAGE
Furto de veículo,2015,PR,PARTIAL_MONTHS,12,0,0,ocorrências,total,Furto de veículo,standard_vde_indicator,LIMITED_COVERAGE
Furto de veículo,2015,RJ,FULL_12_MONTHS,12,12,16944,ocorrências,total,Furto de veículo,standard_vde_indicator,LIMITED_COVERAGE
Furto de veículo,2015,RN,FULL_12_MONTHS,12,12,963,ocorrências,total,Furto de veículo,standard_vde_indicator,LIMITED_COVERAGE
Furto de veículo,2015,RO,FULL_12_MONTHS,12,12,3304,ocorrências,total,Furto de veículo,standard_vde_indicator,LIMITED_COVERAGE
Furto de veículo,2015,RR,PARTIAL_MONTHS,12,1,604,ocorrências,total,Furto de veículo,standard_vde_indicator,LIMITED_COVERAGE
Furto de veículo,2015,RS,FULL_12_MONTHS,12,12,20420,ocorrências,total,Furto de veículo,standard_vde_indicator,LIMITED_COVERAGE
Furto de veículo,2015,SC,FULL_12_MONTHS,12,12,14069,ocorrências,total,Furto de veículo,standard_vde_indicator,LIMITED_COVERAGE
Furto de veículo,2015,SE,FULL_12_MONTHS,12,12,804,ocorrências,total,Furto de veículo,standard_vde_indicator,LIMITED_COVERAGE
Furto de veículo,2015,SP,FULL_12_MONTHS,12,12,110690,ocorrências,total,Furto de veículo,standard_vde_indicator,LIMITED_COVERAGE
Furto de veículo,2015,TO,FULL_12_MONTHS,12,12,1518,ocorrências,total,Furto de veículo,standard_vde_indicator,LIMITED_COVERAGE
Furto de veículo,2016,AC,PARTIAL_MONTHS,12,0,0,ocorrências,total,Furto de veículo,standard_vde_indicator,LIMITED_COVERAGE
Furto de veículo,2016,AL,FULL_12_MONTHS,12,12,824,ocorrências,total,Furto de veículo,standard_vde_indicator,LIMITED_COVERAGE
Furto de veículo,2016,AM,FULL_12_MONTHS,12,12,2724,ocorrências,total,Furto de veículo,standard_vde_indicator,LIMITED_COVERAGE
Furto de veículo,2016,AP,FULL_12_MONTHS,12,12,805,ocorrências,total,Furto de veículo,standard_vde_indicator,LIMITED_COVERAGE
Furto de veículo,2016,BA,FULL_12_MONTHS,12,12,6011,ocorrências,total,Furto de veículo,standard_vde_indicator,LIMITED_COVERAGE
Furto de veículo,2016,CE,FULL_12_MONTHS,12,12,4927,ocorrências,total,Furto de veículo,standard_vde_indicator,LIMITED_COVERAGE
Furto de veículo,2016,DF,FULL_12_MONTHS,12,12,7038,ocorrências,total,Furto de veículo,standard_vde_indicator,LIMITED_COVERAGE
Furto de veículo,2016,ES,PARTIAL_MONTHS,12,0,0,ocorrências,total,Furto de veículo,standard_vde_indicator,LIMITED_COVERAGE
Furto de veículo,2016,GO,PARTIAL_MONTHS,12,8,7869,ocorrências,total,Furto de veículo,standard_vde_indicator,LIMITED_COVERAGE
Furto de veículo,2016,MA,FULL_12_MONTHS,12,12,3249,ocorrências,total,Furto de veículo,standard_vde_indicator,LIMITED_COVERAGE
Furto de veículo,2016,MG,FULL_12_MONTHS,12,12,33928,ocorrências,total,Furto de veículo,standard_vde_indicator,LIMITED_COVERAGE
Furto de veículo,2016,MS,FULL_12_MONTHS,12,12,3918,ocorrências,total,Furto de veículo,standard_vde_indicator,LIMITED_COVERAGE
Furto de veículo,2016,MT,FULL_12_MONTHS,12,12,3403,ocorrências,total,Furto de veículo,standard_vde_indicator,LIMITED_COVERAGE
Furto de veículo,2016,PA,FULL_12_MONTHS,12,12,3952,ocorrências,total,Furto de veículo,standard_vde_indicator,LIMITED_COVERAGE
Furto de veículo,2016,PB,FULL_12_MONTHS,12,12,1263,ocorrências,total,Furto de veículo,standard_vde_indicator,LIMITED_COVERAGE
Furto de veículo,2016,PE,FULL_12_MONTHS,12,12,6288,ocorrências,total,Furto de veículo,standard_vde_indicator,LIMITED_COVERAGE
Furto de veículo,2016,PI,FULL_12_MONTHS,12,12,2323,ocorrências,total,Furto de veículo,standard_vde_indicator,LIMITED_COVERAGE
Furto de veículo,2016,PR,PARTIAL_MONTHS,12,0,0,ocorrências,total,Furto de veículo,standard_vde_indicator,LIMITED_COVERAGE
Furto de veículo,2016,RJ,FULL_12_MONTHS,12,12,16759,ocorrências,total,Furto de veículo,standard_vde_indicator,LIMITED_COVERAGE
Furto de veículo,2016,RN,FULL_12_MONTHS,12,12,1336,ocorrências,total,Furto de veículo,standard_vde_indicator,LIMITED_COVERAGE
Furto de veículo,2016,RO,FULL_12_MONTHS,12,12,3557,ocorrências,total,Furto de veículo,standard_vde_indicator,LIMITED_COVERAGE
Furto de veículo,2016,RR,FULL_12_MONTHS,12,12,615,ocorrências,total,Furto de veículo,standard_vde_indicator,LIMITED_COVERAGE
Furto de veículo,2016,RS,FULL_12_MONTHS,12,12,19541,ocorrências,total,Furto de veículo,standard_vde_indicator,LIMITED_COVERAGE
Furto de veículo,2016,SC,FULL_12_MONTHS,12,12,14364,ocorrências,total,Furto de veículo,standard_vde_indicator,LIMITED_COVERAGE
Furto de veículo,2016,SE,FULL_12_MONTHS,12,12,1121,ocorrências,total,Furto de veículo,standard_vde_indicator,LIMITED_COVERAGE
Furto de veículo,2016,SP,FULL_12_MONTHS,12,12,110932,ocorrências,total,Furto de veículo,standard_vde_indicator,LIMITED_COVERAGE
Furto de veículo,2016,TO,FULL_12_MONTHS,12,12,1489,ocorrências,total,Furto de veículo,standard_vde_indicator,LIMITED_COVERAGE
Furto de veículo,2017,AC,PARTIAL_MONTHS,12,0,0,ocorrências,total,Furto de veículo,standard_vde_indicator,LIMITED_COVERAGE
Furto de veículo,2017,AL,FULL_12_MONTHS,12,12,1201,ocorrências,total,Furto de veículo,standard_vde_indicator,LIMITED_COVERAGE
Furto de veículo,2017,AM,FULL_12_MONTHS,12,12,3466,ocorrências,total,Furto de veículo,standard_vde_indicator,LIMITED_COVERAGE
Furto de veículo,2017,AP,FULL_12_MONTHS,12,12,721,ocorrências,total,Furto de veículo,standard_vde_indicator,LIMITED_COVERAGE
Furto de veículo,2017,BA,FULL_12_MONTHS,12,12,5520,ocorrências,total,Furto de veículo,standard_vde_indicator,LIMITED_COVERAGE
Furto de veículo,2017,CE,FULL_12_MONTHS,12,12,4997,ocorrências,total,Furto de veículo,standard_vde_indicator,LIMITED_COVERAGE
Furto de veículo,2017,DF,FULL_12_MONTHS,12,12,5798,ocorrências,total,Furto de veículo,standard_vde_indicator,LIMITED_COVERAGE
Furto de veículo,2017,ES,PARTIAL_MONTHS,12,0,0,ocorrências,total,Furto de veículo,standard_vde_indicator,LIMITED_COVERAGE
Furto de veículo,2017,GO,FULL_12_MONTHS,12,12,11594,ocorrências,total,Furto de veículo,standard_vde_indicator,LIMITED_COVERAGE
Furto de veículo,2017,MA,FULL_12_MONTHS,12,12,3130,ocorrências,total,Furto de veículo,standard_vde_indicator,LIMITED_COVERAGE
Furto de veículo,2017,MG,FULL_12_MONTHS,12,12,31221,ocorrências,total,Furto de veículo,standard_vde_indicator,LIMITED_COVERAGE
Furto de veículo,2017,MS,FULL_12_MONTHS,12,12,3647,ocorrências,total,Furto de veículo,standard_vde_indicator,LIMITED_COVERAGE
Furto de veículo,2017,MT,FULL_12_MONTHS,12,12,2817,ocorrências,total,Furto de veículo,standard_vde_indicator,LIMITED_COVERAGE
Furto de veículo,2017,PA,FULL_12_MONTHS,12,12,5165,ocorrências,total,Furto de veículo,standard_vde_indicator,LIMITED_COVERAGE
Furto de veículo,2017,PB,FULL_12_MONTHS,12,12,1170,ocorrências,total,Furto de veículo,standard_vde_indicator,LIMITED_COVERAGE
Furto de veículo,2017,PE,FULL_12_MONTHS,12,12,6895,ocorrências,total,Furto de veículo,standard_vde_indicator,LIMITED_COVERAGE
Furto de veículo,2017,PI,FULL_12_MONTHS,12,12,2596,ocorrências,total,Furto de veículo,standard_vde_indicator,LIMITED_COVERAGE
Furto de veículo,2017,PR,FULL_12_MONTHS,12,12,19404,ocorrências,total,Furto de veículo,standard_vde_indicator,LIMITED_COVERAGE
Furto de veículo,2017,RJ,FULL_12_MONTHS,12,12,15708,ocorrências,total,Furto de veículo,standard_vde_indicator,LIMITED_COVERAGE
Furto de veículo,2017,RN,FULL_12_MONTHS,12,12,1329,ocorrências,total,Furto de veículo,standard_vde_indicator,LIMITED_COVERAGE
Furto de veículo,2017,RO,FULL_12_MONTHS,12,12,2559,ocorrências,total,Furto de veículo,standard_vde_indicator,LIMITED_COVERAGE
Furto de veículo,2017,RR,FULL_12_MONTHS,12,12,588,ocorrências,total,Furto de veículo,standard_vde_indicator,LIMITED_COVERAGE
Furto de veículo,2017,RS,FULL_12_MONTHS,12,12,16893,ocorrências,total,Furto de veículo,standard_vde_indicator,LIMITED_COVERAGE
Furto de veículo,2017,SC,FULL_12_MONTHS,12,12,11988,ocorrências,total,Furto de veículo,standard_vde_indicator,LIMITED_COVERAGE
Furto de veículo,2017,SE,FULL_12_MONTHS,12,12,858,ocorrências,total,Furto de veículo,standard_vde_indicator,LIMITED_COVERAGE
Furto de veículo,2017,SP,FULL_12_MONTHS,12,12,104829,ocorrências,total,Furto de veículo,standard_vde_indicator,LIMITED_COVERAGE
Furto de veículo,2017,TO,FULL_12_MONTHS,12,12,1537,ocorrências,total,Furto de veículo,standard_vde_indicator,LIMITED_COVERAGE
Furto de veículo,2018,AC,PARTIAL_MONTHS,12,0,0,ocorrências,total,Furto de veículo,standard_vde_indicator,LIMITED_COVERAGE
Furto de veículo,2018,AL,FULL_12_MONTHS,12,12,1464,ocorrências,total,Furto de veículo,standard_vde_indicator,LIMITED_COVERAGE
Furto de veículo,2018,AM,FULL_12_MONTHS,12,12,2534,ocorrências,total,Furto de veículo,standard_vde_indicator,LIMITED_COVERAGE
Furto de veículo,2018,AP,FULL_12_MONTHS,12,12,632,ocorrências,total,Furto de veículo,standard_vde_indicator,LIMITED_COVERAGE
Furto de veículo,2018,BA,FULL_12_MONTHS,12,12,5333,ocorrências,total,Furto de veículo,standard_vde_indicator,LIMITED_COVERAGE
Furto de veículo,2018,CE,FULL_12_MONTHS,12,12,4184,ocorrências,total,Furto de veículo,standard_vde_indicator,LIMITED_COVERAGE
Furto de veículo,2018,DF,FULL_12_MONTHS,12,12,5300,ocorrências,total,Furto de veículo,standard_vde_indicator,LIMITED_COVERAGE
Furto de veículo,2018,ES,FULL_12_MONTHS,12,12,5814,ocorrências,total,Furto de veículo,standard_vde_indicator,LIMITED_COVERAGE
Furto de veículo,2018,GO,FULL_12_MONTHS,12,12,10550,ocorrências,total,Furto de veículo,standard_vde_indicator,LIMITED_COVERAGE
Furto de veículo,2018,MA,FULL_12_MONTHS,12,12,2980,ocorrências,total,Furto de veículo,standard_vde_indicator,LIMITED_COVERAGE
Furto de veículo,2018,MG,FULL_12_MONTHS,12,12,25811,ocorrências,total,Furto de veículo,standard_vde_indicator,LIMITED_COVERAGE
Furto de veículo,2018,MS,FULL_12_MONTHS,12,12,3727,ocorrências,total,Furto de veículo,standard_vde_indicator,LIMITED_COVERAGE
Furto de veículo,2018,MT,FULL_12_MONTHS,12,12,2438,ocorrências,total,Furto de veículo,standard_vde_indicator,LIMITED_COVERAGE
Furto de veículo,2018,PA,FULL_12_MONTHS,12,12,4468,ocorrências,total,Furto de veículo,standard_vde_indicator,LIMITED_COVERAGE
Furto de veículo,2018,PB,FULL_12_MONTHS,12,12,1059,ocorrências,total,Furto de veículo,standard_vde_indicator,LIMITED_COVERAGE
Furto de veículo,2018,PE,FULL_12_MONTHS,12,12,5578,ocorrências,total,Furto de veículo,standard_vde_indicator,LIMITED_COVERAGE
Furto de veículo,2018,PI,FULL_12_MONTHS,12,12,3219,ocorrências,total,Furto de veículo,standard_vde_indicator,LIMITED_COVERAGE
Furto de veículo,2018,PR,FULL_12_MONTHS,12,12,17696,ocorrências,total,Furto de veículo,standard_vde_indicator,LIMITED_COVERAGE
Furto de veículo,2018,RJ,FULL_12_MONTHS,12,12,15794,ocorrências,total,Furto de veículo,standard_vde_indicator,LIMITED_COVERAGE
Furto de veículo,2018,RN,FULL_12_MONTHS,12,12,1043,ocorrências,total,Furto de veículo,standard_vde_indicator,LIMITED_COVERAGE
Furto de veículo,2018,RO,FULL_12_MONTHS,12,12,2513,ocorrências,total,Furto de veículo,standard_vde_indicator,LIMITED_COVERAGE
Furto de veículo,2018,RR,FULL_12_MONTHS,12,12,680,ocorrências,total,Furto de veículo,standard_vde_indicator,LIMITED_COVERAGE
Furto de veículo,2018,RS,FULL_12_MONTHS,12,12,14405,ocorrências,total,Furto de veículo,standard_vde_indicator,LIMITED_COVERAGE
Furto de veículo,2018,SC,FULL_12_MONTHS,12,12,9133,ocorrências,total,Furto de veículo,standard_vde_indicator,LIMITED_COVERAGE
Furto de veículo,2018,SE,FULL_12_MONTHS,12,12,662,ocorrências,total,Furto de veículo,standard_vde_indicator,LIMITED_COVERAGE
Furto de veículo,2018,SP,FULL_12_MONTHS,12,12,99346,ocorrências,total,Furto de veículo,standard_vde_indicator,LIMITED_COVERAGE
Furto de veículo,2018,TO,FULL_12_MONTHS,12,12,1696,ocorrências,total,Furto de veículo,standard_vde_indicator,LIMITED_COVERAGE
Furto de veículo,2019,AC,FULL_12_MONTHS,12,12,1938,ocorrências,total,Furto de veículo,standard_vde_indicator,LIMITED_COVERAGE
Furto de veículo,2019,AL,FULL_12_MONTHS,12,12,1462,ocorrências,total,Furto de veículo,standard_vde_indicator,LIMITED_COVERAGE
Furto de veículo,2019,AM,FULL_12_MONTHS,12,12,2073,ocorrências,total,Furto de veículo,standard_vde_indicator,LIMITED_COVERAGE
Furto de veículo,2019,AP,FULL_12_MONTHS,12,12,768,ocorrências,total,Furto de veículo,standard_vde_indicator,LIMITED_COVERAGE
Furto de veículo,2019,BA,FULL_12_MONTHS,12,12,5289,ocorrências,total,Furto de veículo,standard_vde_indicator,LIMITED_COVERAGE
Furto de veículo,2019,CE,FULL_12_MONTHS,12,12,4602,ocorrências,total,Furto de veículo,standard_vde_indicator,LIMITED_COVERAGE
Furto de veículo,2019,DF,FULL_12_MONTHS,12,12,5143,ocorrências,total,Furto de veículo,standard_vde_indicator,LIMITED_COVERAGE
Furto de veículo,2019,ES,FULL_12_MONTHS,12,12,5609,ocorrências,total,Furto de veículo,standard_vde_indicator,LIMITED_COVERAGE
Furto de veículo,2019,GO,FULL_12_MONTHS,12,12,8126,ocorrências,total,Furto de veículo,standard_vde_indicator,LIMITED_COVERAGE
Furto de veículo,2019,MA,FULL_12_MONTHS,12,12,2537,ocorrências,total,Furto de veículo,standard_vde_indicator,LIMITED_COVERAGE
Furto de veículo,2019,MG,FULL_12_MONTHS,12,12,24149,ocorrências,total,Furto de veículo,standard_vde_indicator,LIMITED_COVERAGE
Furto de veículo,2019,MS,FULL_12_MONTHS,12,12,3523,ocorrências,total,Furto de veículo,standard_vde_indicator,LIMITED_COVERAGE
Furto de veículo,2019,MT,FULL_12_MONTHS,12,12,2363,ocorrências,total,Furto de veículo,standard_vde_indicator,LIMITED_COVERAGE
Furto de veículo,2019,PA,FULL_12_MONTHS,12,12,3810,ocorrências,total,Furto de veículo,standard_vde_indicator,LIMITED_COVERAGE
Furto de veículo,2019,PB,FULL_12_MONTHS,12,12,1052,ocorrências,total,Furto de veículo,standard_vde_indicator,LIMITED_COVERAGE
Furto de veículo,2019,PE,FULL_12_MONTHS,12,12,6263,ocorrências,total,Furto de veículo,standard_vde_indicator,LIMITED_COVERAGE
Furto de veículo,2019,PI,FULL_12_MONTHS,12,12,2877,ocorrências,total,Furto de veículo,standard_vde_indicator,LIMITED_COVERAGE
Furto de veículo,2019,PR,FULL_12_MONTHS,12,12,16047,ocorrências,total,Furto de veículo,standard_vde_indicator,LIMITED_COVERAGE
Furto de veículo,2019,RJ,FULL_12_MONTHS,12,12,15595,ocorrências,total,Furto de veículo,standard_vde_indicator,LIMITED_COVERAGE
Furto de veículo,2019,RN,FULL_12_MONTHS,12,12,859,ocorrências,total,Furto de veículo,standard_vde_indicator,LIMITED_COVERAGE
Furto de veículo,2019,RO,PARTIAL_MONTHS,12,0,0,ocorrências,total,Furto de veículo,standard_vde_indicator,LIMITED_COVERAGE
Furto de veículo,2019,RR,FULL_12_MONTHS,12,12,591,ocorrências,total,Furto de veículo,standard_vde_indicator,LIMITED_COVERAGE
Furto de veículo,2019,RS,FULL_12_MONTHS,12,12,13093,ocorrências,total,Furto de veículo,standard_vde_indicator,LIMITED_COVERAGE
Furto de veículo,2019,SC,FULL_12_MONTHS,12,12,8899,ocorrências,total,Furto de veículo,standard_vde_indicator,LIMITED_COVERAGE
Furto de veículo,2019,SE,FULL_12_MONTHS,12,12,861,ocorrências,total,Furto de veículo,standard_vde_indicator,LIMITED_COVERAGE
Furto de veículo,2019,SP,FULL_12_MONTHS,12,12,90652,ocorrências,total,Furto de veículo,standard_vde_indicator,LIMITED_COVERAGE
Furto de veículo,2019,TO,FULL_12_MONTHS,12,12,1775,ocorrências,total,Furto de veículo,standard_vde_indicator,LIMITED_COVERAGE
Furto de veículo,2020,AC,FULL_12_MONTHS,12,12,752,ocorrências,total,Furto de veículo,standard_vde_indicator,LIMITED_COVERAGE
Furto de veículo,2020,AL,FULL_12_MONTHS,12,12,1640,ocorrências,total,Furto de veículo,standard_vde_indicator,LIMITED_COVERAGE
Furto de veículo,2020,AM,FULL_12_MONTHS,12,12,1998,ocorrências,total,Furto de veículo,standard_vde_indicator,LIMITED_COVERAGE
Furto de veículo,2020,AP,FULL_12_MONTHS,12,12,341,ocorrências,total,Furto de veículo,standard_vde_indicator,LIMITED_COVERAGE
Furto de veículo,2020,BA,FULL_12_MONTHS,12,12,4255,ocorrências,total,Furto de veículo,standard_vde_indicator,LIMITED_COVERAGE
Furto de veículo,2020,CE,FULL_12_MONTHS,12,12,4200,ocorrências,total,Furto de veículo,standard_vde_indicator,LIMITED_COVERAGE
Furto de veículo,2020,DF,FULL_12_MONTHS,12,12,4288,ocorrências,total,Furto de veículo,standard_vde_indicator,LIMITED_COVERAGE
Furto de veículo,2020,ES,FULL_12_MONTHS,12,12,5390,ocorrências,total,Furto de veículo,standard_vde_indicator,LIMITED_COVERAGE
Furto de veículo,2020,GO,FULL_12_MONTHS,12,12,5635,ocorrências,total,Furto de veículo,standard_vde_indicator,LIMITED_COVERAGE
Furto de veículo,2020,MA,FULL_12_MONTHS,12,12,1836,ocorrências,total,Furto de veículo,standard_vde_indicator,LIMITED_COVERAGE
Furto de veículo,2020,MG,FULL_12_MONTHS,12,12,19790,ocorrências,total,Furto de veículo,standard_vde_indicator,LIMITED_COVERAGE
Furto de veículo,2020,MS,FULL_12_MONTHS,12,12,2929,ocorrências,total,Furto de veículo,standard_vde_indicator,LIMITED_COVERAGE
Furto de veículo,2020,MT,FULL_12_MONTHS,12,12,1860,ocorrências,total,Furto de veículo,standard_vde_indicator,LIMITED_COVERAGE
Furto de veículo,2020,PA,FULL_12_MONTHS,12,12,3097,ocorrências,total,Furto de veículo,standard_vde_indicator,LIMITED_COVERAGE
Furto de veículo,2020,PB,FULL_12_MONTHS,12,12,1073,ocorrências,total,Furto de veículo,standard_vde_indicator,LIMITED_COVERAGE
Furto de veículo,2020,PE,FULL_12_MONTHS,12,12,4864,ocorrências,total,Furto de veículo,standard_vde_indicator,LIMITED_COVERAGE
Furto de veículo,2020,PI,FULL_12_MONTHS,12,12,2150,ocorrências,total,Furto de veículo,standard_vde_indicator,LIMITED_COVERAGE
Furto de veículo,2020,PR,FULL_12_MONTHS,12,12,12092,ocorrências,total,Furto de veículo,standard_vde_indicator,LIMITED_COVERAGE
Furto de veículo,2020,RJ,FULL_12_MONTHS,12,12,12895,ocorrências,total,Furto de veículo,standard_vde_indicator,LIMITED_COVERAGE
Furto de veículo,2020,RN,FULL_12_MONTHS,12,12,1053,ocorrências,total,Furto de veículo,standard_vde_indicator,LIMITED_COVERAGE
Furto de veículo,2020,RO,PARTIAL_MONTHS,12,0,0,ocorrências,total,Furto de veículo,standard_vde_indicator,LIMITED_COVERAGE
Furto de veículo,2020,RR,FULL_12_MONTHS,12,12,732,ocorrências,total,Furto de veículo,standard_vde_indicator,LIMITED_COVERAGE
Furto de veículo,2020,RS,FULL_12_MONTHS,12,12,9411,ocorrências,total,Furto de veículo,standard_vde_indicator,LIMITED_COVERAGE
Furto de veículo,2020,SC,FULL_12_MONTHS,12,12,7640,ocorrências,total,Furto de veículo,standard_vde_indicator,LIMITED_COVERAGE
Furto de veículo,2020,SE,FULL_12_MONTHS,12,12,841,ocorrências,total,Furto de veículo,standard_vde_indicator,LIMITED_COVERAGE
Furto de veículo,2020,SP,FULL_12_MONTHS,12,12,65724,ocorrências,total,Furto de veículo,standard_vde_indicator,LIMITED_COVERAGE
Furto de veículo,2020,TO,FULL_12_MONTHS,12,12,1496,ocorrências,total,Furto de veículo,standard_vde_indicator,LIMITED_COVERAGE
Furto de veículo,2021,AC,FULL_12_MONTHS,12,12,599,ocorrências,total,Furto de veículo,standard_vde_indicator,LIMITED_COVERAGE
Furto de veículo,2021,AL,FULL_12_MONTHS,12,12,1562,ocorrências,total,Furto de veículo,standard_vde_indicator,LIMITED_COVERAGE
Furto de veículo,2021,AM,FULL_12_MONTHS,12,12,1905,ocorrências,total,Furto de veículo,standard_vde_indicator,LIMITED_COVERAGE
Furto de veículo,2021,AP,FULL_12_MONTHS,12,12,392,ocorrências,total,Furto de veículo,standard_vde_indicator,LIMITED_COVERAGE
Furto de veículo,2021,BA,FULL_12_MONTHS,12,12,4663,ocorrências,total,Furto de veículo,standard_vde_indicator,LIMITED_COVERAGE
Furto de veículo,2021,CE,FULL_12_MONTHS,12,12,4052,ocorrências,total,Furto de veículo,standard_vde_indicator,LIMITED_COVERAGE
Furto de veículo,2021,DF,FULL_12_MONTHS,12,12,3742,ocorrências,total,Furto de veículo,standard_vde_indicator,LIMITED_COVERAGE
Furto de veículo,2021,ES,FULL_12_MONTHS,12,12,4683,ocorrências,total,Furto de veículo,standard_vde_indicator,LIMITED_COVERAGE
Furto de veículo,2021,GO,FULL_12_MONTHS,12,12,5215,ocorrências,total,Furto de veículo,standard_vde_indicator,LIMITED_COVERAGE
Furto de veículo,2021,MA,FULL_12_MONTHS,12,12,2978,ocorrências,total,Furto de veículo,standard_vde_indicator,LIMITED_COVERAGE
Furto de veículo,2021,MG,FULL_12_MONTHS,12,12,18363,ocorrências,total,Furto de veículo,standard_vde_indicator,LIMITED_COVERAGE
Furto de veículo,2021,MS,FULL_12_MONTHS,12,12,2895,ocorrências,total,Furto de veículo,standard_vde_indicator,LIMITED_COVERAGE
Furto de veículo,2021,MT,FULL_12_MONTHS,12,12,2494,ocorrências,total,Furto de veículo,standard_vde_indicator,LIMITED_COVERAGE
Furto de veículo,2021,PA,FULL_12_MONTHS,12,12,3198,ocorrências,total,Furto de veículo,standard_vde_indicator,LIMITED_COVERAGE
Furto de veículo,2021,PB,FULL_12_MONTHS,12,12,1142,ocorrências,total,Furto de veículo,standard_vde_indicator,LIMITED_COVERAGE
Furto de veículo,2021,PE,FULL_12_MONTHS,12,12,4850,ocorrências,total,Furto de veículo,standard_vde_indicator,LIMITED_COVERAGE
Furto de veículo,2021,PI,FULL_12_MONTHS,12,12,1918,ocorrências,total,Furto de veículo,standard_vde_indicator,LIMITED_COVERAGE
Furto de veículo,2021,PR,FULL_12_MONTHS,12,12,11675,ocorrências,total,Furto de veículo,standard_vde_indicator,LIMITED_COVERAGE
Furto de veículo,2021,RJ,FULL_12_MONTHS,12,12,14428,ocorrências,total,Furto de veículo,standard_vde_indicator,LIMITED_COVERAGE
Furto de veículo,2021,RN,FULL_12_MONTHS,12,12,1138,ocorrências,total,Furto de veículo,standard_vde_indicator,LIMITED_COVERAGE
Furto de veículo,2021,RO,FULL_12_MONTHS,12,12,2258,ocorrências,total,Furto de veículo,standard_vde_indicator,LIMITED_COVERAGE
Furto de veículo,2021,RR,FULL_12_MONTHS,12,12,619,ocorrências,total,Furto de veículo,standard_vde_indicator,LIMITED_COVERAGE
Furto de veículo,2021,RS,FULL_12_MONTHS,12,12,8916,ocorrências,total,Furto de veículo,standard_vde_indicator,LIMITED_COVERAGE
Furto de veículo,2021,SC,FULL_12_MONTHS,12,12,7561,ocorrências,total,Furto de veículo,standard_vde_indicator,LIMITED_COVERAGE
Furto de veículo,2021,SE,FULL_12_MONTHS,12,12,666,ocorrências,total,Furto de veículo,standard_vde_indicator,LIMITED_COVERAGE
Furto de veículo,2021,SP,FULL_12_MONTHS,12,12,79670,ocorrências,total,Furto de veículo,standard_vde_indicator,LIMITED_COVERAGE
Furto de veículo,2021,TO,FULL_12_MONTHS,12,12,1276,ocorrências,total,Furto de veículo,standard_vde_indicator,LIMITED_COVERAGE
Furto de veículo,2022,AC,FULL_12_MONTHS,12,12,522,ocorrências,total,Furto de veículo,standard_vde_indicator,LIMITED_COVERAGE
Furto de veículo,2022,AL,FULL_12_MONTHS,12,12,2059,ocorrências,total,Furto de veículo,standard_vde_indicator,LIMITED_COVERAGE
Furto de veículo,2022,AM,FULL_12_MONTHS,12,12,2016,ocorrências,total,Furto de veículo,standard_vde_indicator,LIMITED_COVERAGE
Furto de veículo,2022,AP,FULL_12_MONTHS,12,12,329,ocorrências,total,Furto de veículo,standard_vde_indicator,LIMITED_COVERAGE
Furto de veículo,2022,BA,FULL_12_MONTHS,12,12,6789,ocorrências,total,Furto de veículo,standard_vde_indicator,LIMITED_COVERAGE
Furto de veículo,2022,CE,FULL_12_MONTHS,12,12,5904,ocorrências,total,Furto de veículo,standard_vde_indicator,LIMITED_COVERAGE
Furto de veículo,2022,DF,FULL_12_MONTHS,12,12,3713,ocorrências,total,Furto de veículo,standard_vde_indicator,LIMITED_COVERAGE
Furto de veículo,2022,ES,FULL_12_MONTHS,12,12,4658,ocorrências,total,Furto de veículo,standard_vde_indicator,LIMITED_COVERAGE
Furto de veículo,2022,GO,FULL_12_MONTHS,12,12,5421,ocorrências,total,Furto de veículo,standard_vde_indicator,LIMITED_COVERAGE
Furto de veículo,2022,MA,FULL_12_MONTHS,12,12,3374,ocorrências,total,Furto de veículo,standard_vde_indicator,LIMITED_COVERAGE
Furto de veículo,2022,MG,FULL_12_MONTHS,12,12,22774,ocorrências,total,Furto de veículo,standard_vde_indicator,LIMITED_COVERAGE
Furto de veículo,2022,MS,FULL_12_MONTHS,12,12,3577,ocorrências,total,Furto de veículo,standard_vde_indicator,LIMITED_COVERAGE
Furto de veículo,2022,MT,FULL_12_MONTHS,12,12,2301,ocorrências,total,Furto de veículo,standard_vde_indicator,LIMITED_COVERAGE
Furto de veículo,2022,PA,FULL_12_MONTHS,12,12,3440,ocorrências,total,Furto de veículo,standard_vde_indicator,LIMITED_COVERAGE
Furto de veículo,2022,PB,FULL_12_MONTHS,12,12,1528,ocorrências,total,Furto de veículo,standard_vde_indicator,LIMITED_COVERAGE
Furto de veículo,2022,PE,FULL_12_MONTHS,12,12,7005,ocorrências,total,Furto de veículo,standard_vde_indicator,LIMITED_COVERAGE
Furto de veículo,2022,PI,FULL_12_MONTHS,12,12,2357,ocorrências,total,Furto de veículo,standard_vde_indicator,LIMITED_COVERAGE
Furto de veículo,2022,PR,FULL_12_MONTHS,12,12,13784,ocorrências,total,Furto de veículo,standard_vde_indicator,LIMITED_COVERAGE
Furto de veículo,2022,RJ,FULL_12_MONTHS,12,12,16864,ocorrências,total,Furto de veículo,standard_vde_indicator,LIMITED_COVERAGE
Furto de veículo,2022,RN,FULL_12_MONTHS,12,12,1716,ocorrências,total,Furto de veículo,standard_vde_indicator,LIMITED_COVERAGE
Furto de veículo,2022,RO,FULL_12_MONTHS,12,12,2688,ocorrências,total,Furto de veículo,standard_vde_indicator,LIMITED_COVERAGE
Furto de veículo,2022,RR,FULL_12_MONTHS,12,12,671,ocorrências,total,Furto de veículo,standard_vde_indicator,LIMITED_COVERAGE
Furto de veículo,2022,RS,FULL_12_MONTHS,12,12,8953,ocorrências,total,Furto de veículo,standard_vde_indicator,LIMITED_COVERAGE
Furto de veículo,2022,SC,FULL_12_MONTHS,12,12,8106,ocorrências,total,Furto de veículo,standard_vde_indicator,LIMITED_COVERAGE
Furto de veículo,2022,SE,FULL_12_MONTHS,12,12,908,ocorrências,total,Furto de veículo,standard_vde_indicator,LIMITED_COVERAGE
Furto de veículo,2022,SP,FULL_12_MONTHS,12,12,96662,ocorrências,total,Furto de veículo,standard_vde_indicator,LIMITED_COVERAGE
Furto de veículo,2022,TO,FULL_12_MONTHS,12,12,1368,ocorrências,total,Furto de veículo,standard_vde_indicator,LIMITED_COVERAGE
Furto de veículo,2023,AC,FULL_12_MONTHS,12,12,672,ocorrências,total,Furto de veículo,standard_vde_indicator,LIMITED_COVERAGE
Furto de veículo,2023,AL,FULL_12_MONTHS,12,12,1785,ocorrências,total,Furto de veículo,standard_vde_indicator,LIMITED_COVERAGE
Furto de veículo,2023,AM,FULL_12_MONTHS,12,12,1608,ocorrências,total,Furto de veículo,standard_vde_indicator,LIMITED_COVERAGE
Furto de veículo,2023,AP,FULL_12_MONTHS,12,12,343,ocorrências,total,Furto de veículo,standard_vde_indicator,LIMITED_COVERAGE
Furto de veículo,2023,BA,FULL_12_MONTHS,12,12,6792,ocorrências,total,Furto de veículo,standard_vde_indicator,LIMITED_COVERAGE
Furto de veículo,2023,CE,FULL_12_MONTHS,12,12,6081,ocorrências,total,Furto de veículo,standard_vde_indicator,LIMITED_COVERAGE
Furto de veículo,2023,DF,FULL_12_MONTHS,12,12,3236,ocorrências,total,Furto de veículo,standard_vde_indicator,LIMITED_COVERAGE
Furto de veículo,2023,ES,FULL_12_MONTHS,12,12,4166,ocorrências,total,Furto de veículo,standard_vde_indicator,LIMITED_COVERAGE
Furto de veículo,2023,GO,FULL_12_MONTHS,12,12,4512,ocorrências,total,Furto de veículo,standard_vde_indicator,LIMITED_COVERAGE
Furto de veículo,2023,MA,FULL_12_MONTHS,12,12,3191,ocorrências,total,Furto de veículo,standard_vde_indicator,LIMITED_COVERAGE
Furto de veículo,2023,MG,FULL_12_MONTHS,12,12,23201,ocorrências,total,Furto de veículo,standard_vde_indicator,LIMITED_COVERAGE
Furto de veículo,2023,MS,FULL_12_MONTHS,12,12,2859,ocorrências,total,Furto de veículo,standard_vde_indicator,LIMITED_COVERAGE
Furto de veículo,2023,MT,FULL_12_MONTHS,12,12,2239,ocorrências,total,Furto de veículo,standard_vde_indicator,LIMITED_COVERAGE
Furto de veículo,2023,PA,FULL_12_MONTHS,12,12,2619,ocorrências,total,Furto de veículo,standard_vde_indicator,LIMITED_COVERAGE
Furto de veículo,2023,PB,FULL_12_MONTHS,12,12,1812,ocorrências,total,Furto de veículo,standard_vde_indicator,LIMITED_COVERAGE
Furto de veículo,2023,PE,FULL_12_MONTHS,12,12,7930,ocorrências,total,Furto de veículo,standard_vde_indicator,LIMITED_COVERAGE
Furto de veículo,2023,PI,FULL_12_MONTHS,12,12,2052,ocorrências,total,Furto de veículo,standard_vde_indicator,LIMITED_COVERAGE
Furto de veículo,2023,PR,FULL_12_MONTHS,12,12,12531,ocorrências,total,Furto de veículo,standard_vde_indicator,LIMITED_COVERAGE
Furto de veículo,2023,RJ,FULL_12_MONTHS,12,12,16577,ocorrências,total,Furto de veículo,standard_vde_indicator,LIMITED_COVERAGE
Furto de veículo,2023,RN,FULL_12_MONTHS,12,12,2383,ocorrências,total,Furto de veículo,standard_vde_indicator,LIMITED_COVERAGE
Furto de veículo,2023,RO,FULL_12_MONTHS,12,12,2320,ocorrências,total,Furto de veículo,standard_vde_indicator,LIMITED_COVERAGE
Furto de veículo,2023,RR,FULL_12_MONTHS,12,12,698,ocorrências,total,Furto de veículo,standard_vde_indicator,LIMITED_COVERAGE
Furto de veículo,2023,RS,FULL_12_MONTHS,12,12,8556,ocorrências,total,Furto de veículo,standard_vde_indicator,LIMITED_COVERAGE
Furto de veículo,2023,SC,FULL_12_MONTHS,12,12,7112,ocorrências,total,Furto de veículo,standard_vde_indicator,LIMITED_COVERAGE
Furto de veículo,2023,SE,FULL_12_MONTHS,12,12,857,ocorrências,total,Furto de veículo,standard_vde_indicator,LIMITED_COVERAGE
Furto de veículo,2023,SP,FULL_12_MONTHS,12,12,94258,ocorrências,total,Furto de veículo,standard_vde_indicator,LIMITED_COVERAGE
Furto de veículo,2023,TO,FULL_12_MONTHS,12,12,860,ocorrências,total,Furto de veículo,standard_vde_indicator,LIMITED_COVERAGE
Furto de veículo,2024,AC,FULL_12_MONTHS,12,12,578,ocorrências,total,Furto de veículo,standard_vde_indicator,LIMITED_COVERAGE
Furto de veículo,2024,AL,FULL_12_MONTHS,12,12,1583,ocorrências,total,Furto de veículo,standard_vde_indicator,LIMITED_COVERAGE
Furto de veículo,2024,AM,FULL_12_MONTHS,12,12,1912,ocorrências,total,Furto de veículo,standard_vde_indicator,LIMITED_COVERAGE
Furto de veículo,2024,AP,FULL_12_MONTHS,12,12,381,ocorrências,total,Furto de veículo,standard_vde_indicator,LIMITED_COVERAGE
Furto de veículo,2024,BA,FULL_12_MONTHS,12,12,6864,ocorrências,total,Furto de veículo,standard_vde_indicator,LIMITED_COVERAGE
Furto de veículo,2024,CE,FULL_12_MONTHS,12,12,5636,ocorrências,total,Furto de veículo,standard_vde_indicator,LIMITED_COVERAGE
Furto de veículo,2024,DF,FULL_12_MONTHS,12,12,3315,ocorrências,total,Furto de veículo,standard_vde_indicator,LIMITED_COVERAGE
Furto de veículo,2024,ES,FULL_12_MONTHS,12,12,3942,ocorrências,total,Furto de veículo,standard_vde_indicator,LIMITED_COVERAGE
Furto de veículo,2024,GO,FULL_12_MONTHS,12,12,3583,ocorrências,total,Furto de veículo,standard_vde_indicator,LIMITED_COVERAGE
Furto de veículo,2024,MA,FULL_12_MONTHS,12,12,3024,ocorrências,total,Furto de veículo,standard_vde_indicator,LIMITED_COVERAGE
Furto de veículo,2024,MG,FULL_12_MONTHS,12,12,24379,ocorrências,total,Furto de veículo,standard_vde_indicator,LIMITED_COVERAGE
Furto de veículo,2024,MS,FULL_12_MONTHS,12,12,2728,ocorrências,total,Furto de veículo,standard_vde_indicator,LIMITED_COVERAGE
Furto de veículo,2024,MT,FULL_12_MONTHS,12,12,2043,ocorrências,total,Furto de veículo,standard_vde_indicator,LIMITED_COVERAGE
Furto de veículo,2024,PA,FULL_12_MONTHS,12,12,2877,ocorrências,total,Furto de veículo,standard_vde_indicator,LIMITED_COVERAGE
Furto de veículo,2024,PB,FULL_12_MONTHS,12,12,1766,ocorrências,total,Furto de veículo,standard_vde_indicator,LIMITED_COVERAGE
Furto de veículo,2024,PE,FULL_12_MONTHS,12,12,7347,ocorrências,total,Furto de veículo,standard_vde_indicator,LIMITED_COVERAGE
Furto de veículo,2024,PI,FULL_12_MONTHS,12,12,1826,ocorrências,total,Furto de veículo,standard_vde_indicator,LIMITED_COVERAGE
Furto de veículo,2024,PR,FULL_12_MONTHS,12,12,11022,ocorrências,total,Furto de veículo,standard_vde_indicator,LIMITED_COVERAGE
Furto de veículo,2024,RJ,FULL_12_MONTHS,12,12,17337,ocorrências,total,Furto de veículo,standard_vde_indicator,LIMITED_COVERAGE
Furto de veículo,2024,RN,FULL_12_MONTHS,12,12,1990,ocorrências,total,Furto de veículo,standard_vde_indicator,LIMITED_COVERAGE
Furto de veículo,2024,RO,FULL_12_MONTHS,12,12,1875,ocorrências,total,Furto de veículo,standard_vde_indicator,LIMITED_COVERAGE
Furto de veículo,2024,RR,FULL_12_MONTHS,12,12,643,ocorrências,total,Furto de veículo,standard_vde_indicator,LIMITED_COVERAGE
Furto de veículo,2024,RS,FULL_12_MONTHS,12,12,6639,ocorrências,total,Furto de veículo,standard_vde_indicator,LIMITED_COVERAGE
Furto de veículo,2024,SC,FULL_12_MONTHS,12,12,6467,ocorrências,total,Furto de veículo,standard_vde_indicator,LIMITED_COVERAGE
Furto de veículo,2024,SE,FULL_12_MONTHS,12,12,785,ocorrências,total,Furto de veículo,standard_vde_indicator,LIMITED_COVERAGE
Furto de veículo,2024,SP,FULL_12_MONTHS,12,12,93996,ocorrências,total,Furto de veículo,standard_vde_indicator,LIMITED_COVERAGE
Furto de veículo,2024,TO,FULL_12_MONTHS,12,12,1270,ocorrências,total,Furto de veículo,standard_vde_indicator,LIMITED_COVERAGE
Furto de veículo,2025,AC,FULL_12_MONTHS,12,12,731,ocorrências,total,Furto de veículo,standard_vde_indicator,LIMITED_COVERAGE
Furto de veículo,2025,AL,FULL_12_MONTHS,12,12,1487,ocorrências,total,Furto de veículo,standard_vde_indicator,LIMITED_COVERAGE
Furto de veículo,2025,AM,FULL_12_MONTHS,12,12,1732,ocorrências,total,Furto de veículo,standard_vde_indicator,LIMITED_COVERAGE
Furto de veículo,2025,AP,FULL_12_MONTHS,12,12,297,ocorrências,total,Furto de veículo,standard_vde_indicator,LIMITED_COVERAGE
Furto de veículo,2025,BA,FULL_12_MONTHS,12,12,7282,ocorrências,total,Furto de veículo,standard_vde_indicator,LIMITED_COVERAGE
Furto de veículo,2025,CE,FULL_12_MONTHS,12,12,5075,ocorrências,total,Furto de veículo,standard_vde_indicator,LIMITED_COVERAGE
Furto de veículo,2025,DF,FULL_12_MONTHS,12,12,2940,ocorrências,total,Furto de veículo,standard_vde_indicator,LIMITED_COVERAGE
Furto de veículo,2025,ES,FULL_12_MONTHS,12,12,3618,ocorrências,total,Furto de veículo,standard_vde_indicator,LIMITED_COVERAGE
Furto de veículo,2025,GO,FULL_12_MONTHS,12,12,3115,ocorrências,total,Furto de veículo,standard_vde_indicator,LIMITED_COVERAGE
Furto de veículo,2025,MA,FULL_12_MONTHS,12,12,3359,ocorrências,total,Furto de veículo,standard_vde_indicator,LIMITED_COVERAGE
Furto de veículo,2025,MG,FULL_12_MONTHS,12,12,22777,ocorrências,total,Furto de veículo,standard_vde_indicator,LIMITED_COVERAGE
Furto de veículo,2025,MS,FULL_12_MONTHS,12,12,1652,ocorrências,total,Furto de veículo,standard_vde_indicator,LIMITED_COVERAGE
Furto de veículo,2025,MT,FULL_12_MONTHS,12,12,1831,ocorrências,total,Furto de veículo,standard_vde_indicator,LIMITED_COVERAGE
Furto de veículo,2025,PA,FULL_12_MONTHS,12,12,2847,ocorrências,total,Furto de veículo,standard_vde_indicator,LIMITED_COVERAGE
Furto de veículo,2025,PB,FULL_12_MONTHS,12,12,1867,ocorrências,total,Furto de veículo,standard_vde_indicator,LIMITED_COVERAGE
Furto de veículo,2025,PE,FULL_12_MONTHS,12,12,6952,ocorrências,total,Furto de veículo,standard_vde_indicator,LIMITED_COVERAGE
Furto de veículo,2025,PI,FULL_12_MONTHS,12,12,2071,ocorrências,total,Furto de veículo,standard_vde_indicator,LIMITED_COVERAGE
Furto de veículo,2025,PR,FULL_12_MONTHS,12,12,8982,ocorrências,total,Furto de veículo,standard_vde_indicator,LIMITED_COVERAGE
Furto de veículo,2025,RJ,FULL_12_MONTHS,12,12,17490,ocorrências,total,Furto de veículo,standard_vde_indicator,LIMITED_COVERAGE
Furto de veículo,2025,RN,FULL_12_MONTHS,12,12,1603,ocorrências,total,Furto de veículo,standard_vde_indicator,LIMITED_COVERAGE
Furto de veículo,2025,RO,FULL_12_MONTHS,12,12,1544,ocorrências,total,Furto de veículo,standard_vde_indicator,LIMITED_COVERAGE
Furto de veículo,2025,RR,FULL_12_MONTHS,12,12,658,ocorrências,total,Furto de veículo,standard_vde_indicator,LIMITED_COVERAGE
Furto de veículo,2025,RS,FULL_12_MONTHS,12,12,6295,ocorrências,total,Furto de veículo,standard_vde_indicator,LIMITED_COVERAGE
Furto de veículo,2025,SC,FULL_12_MONTHS,12,12,5996,ocorrências,total,Furto de veículo,standard_vde_indicator,LIMITED_COVERAGE
Furto de veículo,2025,SE,FULL_12_MONTHS,12,12,823,ocorrências,total,Furto de veículo,standard_vde_indicator,LIMITED_COVERAGE
Furto de veículo,2025,SP,FULL_12_MONTHS,12,12,87334,ocorrências,total,Furto de veículo,standard_vde_indicator,LIMITED_COVERAGE
Furto de veículo,2025,TO,FULL_12_MONTHS,12,12,1473,ocorrências,total,Furto de veículo,standard_vde_indicator,LIMITED_COVERAGE
Roubo de veículo,2015,AC,PARTIAL_MONTHS,12,0,0,ocorrências,total,Roubo de veículo,standard_vde_indicator,LIMITED_COVERAGE
Roubo de veículo,2015,AL,FULL_12_MONTHS,12,12,3160,ocorrências,total,Roubo de veículo,standard_vde_indicator,LIMITED_COVERAGE
Roubo de veículo,2015,AM,FULL_12_MONTHS,12,12,2540,ocorrências,total,Roubo de veículo,standard_vde_indicator,LIMITED_COVERAGE
Roubo de veículo,2015,AP,FULL_12_MONTHS,12,12,310,ocorrências,total,Roubo de veículo,standard_vde_indicator,LIMITED_COVERAGE
Roubo de veículo,2015,BA,FULL_12_MONTHS,12,12,14451,ocorrências,total,Roubo de veículo,standard_vde_indicator,LIMITED_COVERAGE
Roubo de veículo,2015,CE,FULL_12_MONTHS,12,12,9411,ocorrências,total,Roubo de veículo,standard_vde_indicator,LIMITED_COVERAGE
Roubo de veículo,2015,DF,FULL_12_MONTHS,12,12,4808,ocorrências,total,Roubo de veículo,standard_vde_indicator,LIMITED_COVERAGE
Roubo de veículo,2015,ES,NOT_REPORTED,0,0,,ocorrências,total,,standard_vde_indicator,LIMITED_COVERAGE
Roubo de veículo,2015,GO,PARTIAL_MONTHS,12,0,0,ocorrências,total,Roubo de veículo,standard_vde_indicator,LIMITED_COVERAGE
Roubo de veículo,2015,MA,FULL_12_MONTHS,12,12,4065,ocorrências,total,Roubo de veículo,standard_vde_indicator,LIMITED_COVERAGE
Roubo de veículo,2015,MG,FULL_12_MONTHS,12,12,19017,ocorrências,total,Roubo de veículo,standard_vde_indicator,LIMITED_COVERAGE
Roubo de veículo,2015,MS,FULL_12_MONTHS,12,12,989,ocorrências,total,Roubo de veículo,standard_vde_indicator,LIMITED_COVERAGE
Roubo de veículo,2015,MT,FULL_12_MONTHS,12,12,3541,ocorrências,total,Roubo de veículo,standard_vde_indicator,LIMITED_COVERAGE
Roubo de veículo,2015,PA,FULL_12_MONTHS,12,12,5795,ocorrências,total,Roubo de veículo,standard_vde_indicator,LIMITED_COVERAGE
Roubo de veículo,2015,PB,FULL_12_MONTHS,12,12,3020,ocorrências,total,Roubo de veículo,standard_vde_indicator,LIMITED_COVERAGE
Roubo de veículo,2015,PE,FULL_12_MONTHS,12,12,10474,ocorrências,total,Roubo de veículo,standard_vde_indicator,LIMITED_COVERAGE
Roubo de veículo,2015,PI,FULL_12_MONTHS,12,12,2700,ocorrências,total,Roubo de veículo,standard_vde_indicator,LIMITED_COVERAGE
Roubo de veículo,2015,PR,PARTIAL_MONTHS,12,0,0,ocorrências,total,Roubo de veículo,standard_vde_indicator,LIMITED_COVERAGE
Roubo de veículo,2015,RJ,FULL_12_MONTHS,12,12,31035,ocorrências,total,Roubo de veículo,standard_vde_indicator,LIMITED_COVERAGE
Roubo de veículo,2015,RN,FULL_12_MONTHS,12,12,4308,ocorrências,total,Roubo de veículo,standard_vde_indicator,LIMITED_COVERAGE
Roubo de veículo,2015,RO,FULL_12_MONTHS,12,12,1795,ocorrências,total,Roubo de veículo,standard_vde_indicator,LIMITED_COVERAGE
Roubo de veículo,2015,RR,PARTIAL_MONTHS,12,1,308,ocorrências,total,Roubo de veículo,standard_vde_indicator,LIMITED_COVERAGE
Roubo de veículo,2015,RS,FULL_12_MONTHS,12,12,18138,ocorrências,total,Roubo de veículo,standard_vde_indicator,LIMITED_COVERAGE
Roubo de veículo,2015,SC,FULL_12_MONTHS,12,12,3462,ocorrências,total,Roubo de veículo,standard_vde_indicator,LIMITED_COVERAGE
Roubo de veículo,2015,SE,FULL_12_MONTHS,12,12,1964,ocorrências,total,Roubo de veículo,standard_vde_indicator,LIMITED_COVERAGE
Roubo de veículo,2015,SP,FULL_12_MONTHS,12,12,78659,ocorrências,total,Roubo de veículo,standard_vde_indicator,LIMITED_COVERAGE
Roubo de veículo,2015,TO,FULL_12_MONTHS,12,12,564,ocorrências,total,Roubo de veículo,standard_vde_indicator,LIMITED_COVERAGE
Roubo de veículo,2016,AC,PARTIAL_MONTHS,12,0,0,ocorrências,total,Roubo de veículo,standard_vde_indicator,LIMITED_COVERAGE
Roubo de veículo,2016,AL,FULL_12_MONTHS,12,12,3897,ocorrências,total,Roubo de veículo,standard_vde_indicator,LIMITED_COVERAGE
Roubo de veículo,2016,AM,FULL_12_MONTHS,12,12,3534,ocorrências,total,Roubo de veículo,standard_vde_indicator,LIMITED_COVERAGE
Roubo de veículo,2016,AP,FULL_12_MONTHS,12,12,207,ocorrências,total,Roubo de veículo,standard_vde_indicator,LIMITED_COVERAGE
Roubo de veículo,2016,BA,FULL_12_MONTHS,12,12,14902,ocorrências,total,Roubo de veículo,standard_vde_indicator,LIMITED_COVERAGE
Roubo de veículo,2016,CE,FULL_12_MONTHS,12,12,10084,ocorrências,total,Roubo de veículo,standard_vde_indicator,LIMITED_COVERAGE
Roubo de veículo,2016,DF,FULL_12_MONTHS,12,12,5663,ocorrências,total,Roubo de veículo,standard_vde_indicator,LIMITED_COVERAGE
Roubo de veículo,2016,ES,PARTIAL_MONTHS,12,0,0,ocorrências,total,Roubo de veículo,standard_vde_indicator,LIMITED_COVERAGE
Roubo de veículo,2016,GO,PARTIAL_MONTHS,12,9,13662,ocorrências,total,Roubo de veículo,standard_vde_indicator,LIMITED_COVERAGE
Roubo de veículo,2016,MA,FULL_12_MONTHS,12,12,4811,ocorrências,total,Roubo de veículo,standard_vde_indicator,LIMITED_COVERAGE
Roubo de veículo,2016,MG,FULL_12_MONTHS,12,12,23118,ocorrências,total,Roubo de veículo,standard_vde_indicator,LIMITED_COVERAGE
Roubo de veículo,2016,MS,FULL_12_MONTHS,12,12,885,ocorrências,total,Roubo de veículo,standard_vde_indicator,LIMITED_COVERAGE
Roubo de veículo,2016,MT,FULL_12_MONTHS,12,12,3169,ocorrências,total,Roubo de veículo,standard_vde_indicator,LIMITED_COVERAGE
Roubo de veículo,2016,PA,FULL_12_MONTHS,12,12,6995,ocorrências,total,Roubo de veículo,standard_vde_indicator,LIMITED_COVERAGE
Roubo de veículo,2016,PB,FULL_12_MONTHS,12,12,3141,ocorrências,total,Roubo de veículo,standard_vde_indicator,LIMITED_COVERAGE
Roubo de veículo,2016,PE,FULL_12_MONTHS,12,12,15931,ocorrências,total,Roubo de veículo,standard_vde_indicator,LIMITED_COVERAGE
Roubo de veículo,2016,PI,FULL_12_MONTHS,12,12,3209,ocorrências,total,Roubo de veículo,standard_vde_indicator,LIMITED_COVERAGE
Roubo de veículo,2016,PR,PARTIAL_MONTHS,12,0,0,ocorrências,total,Roubo de veículo,standard_vde_indicator,LIMITED_COVERAGE
Roubo de veículo,2016,RJ,FULL_12_MONTHS,12,12,41696,ocorrências,total,Roubo de veículo,standard_vde_indicator,LIMITED_COVERAGE
Roubo de veículo,2016,RN,FULL_12_MONTHS,12,12,6010,ocorrências,total,Roubo de veículo,standard_vde_indicator,LIMITED_COVERAGE
Roubo de veículo,2016,RO,FULL_12_MONTHS,12,12,1905,ocorrências,total,Roubo de veículo,standard_vde_indicator,LIMITED_COVERAGE
Roubo de veículo,2016,RR,FULL_12_MONTHS,12,12,395,ocorrências,total,Roubo de veículo,standard_vde_indicator,LIMITED_COVERAGE
Roubo de veículo,2016,RS,FULL_12_MONTHS,12,12,17614,ocorrências,total,Roubo de veículo,standard_vde_indicator,LIMITED_COVERAGE
Roubo de veículo,2016,SC,FULL_12_MONTHS,12,12,3571,ocorrências,total,Roubo de veículo,standard_vde_indicator,LIMITED_COVERAGE
Roubo de veículo,2016,SE,FULL_12_MONTHS,12,12,2829,ocorrências,total,Roubo de veículo,standard_vde_indicator,LIMITED_COVERAGE
Roubo de veículo,2016,SP,FULL_12_MONTHS,12,12,77949,ocorrências,total,Roubo de veículo,standard_vde_indicator,LIMITED_COVERAGE
Roubo de veículo,2016,TO,FULL_12_MONTHS,12,12,930,ocorrências,total,Roubo de veículo,standard_vde_indicator,LIMITED_COVERAGE
Roubo de veículo,2017,AC,PARTIAL_MONTHS,12,0,0,ocorrências,total,Roubo de veículo,standard_vde_indicator,LIMITED_COVERAGE
Roubo de veículo,2017,AL,FULL_12_MONTHS,12,12,3134,ocorrências,total,Roubo de veículo,standard_vde_indicator,LIMITED_COVERAGE
Roubo de veículo,2017,AM,FULL_12_MONTHS,12,12,4465,ocorrências,total,Roubo de veículo,standard_vde_indicator,LIMITED_COVERAGE
Roubo de veículo,2017,AP,FULL_12_MONTHS,12,12,267,ocorrências,total,Roubo de veículo,standard_vde_indicator,LIMITED_COVERAGE
Roubo de veículo,2017,BA,FULL_12_MONTHS,12,12,13526,ocorrências,total,Roubo de veículo,standard_vde_indicator,LIMITED_COVERAGE
Roubo de veículo,2017,CE,FULL_12_MONTHS,12,12,11133,ocorrências,total,Roubo de veículo,standard_vde_indicator,LIMITED_COVERAGE
Roubo de veículo,2017,DF,FULL_12_MONTHS,12,12,4855,ocorrências,total,Roubo de veículo,standard_vde_indicator,LIMITED_COVERAGE
Roubo de veículo,2017,ES,PARTIAL_MONTHS,12,0,0,ocorrências,total,Roubo de veículo,standard_vde_indicator,LIMITED_COVERAGE
Roubo de veículo,2017,GO,FULL_12_MONTHS,12,12,14687,ocorrências,total,Roubo de veículo,standard_vde_indicator,LIMITED_COVERAGE
Roubo de veículo,2017,MA,FULL_12_MONTHS,12,12,4479,ocorrências,total,Roubo de veículo,standard_vde_indicator,LIMITED_COVERAGE
Roubo de veículo,2017,MG,FULL_12_MONTHS,12,12,21536,ocorrências,total,Roubo de veículo,standard_vde_indicator,LIMITED_COVERAGE
Roubo de veículo,2017,MS,FULL_12_MONTHS,12,12,895,ocorrências,total,Roubo de veículo,standard_vde_indicator,LIMITED_COVERAGE
Roubo de veículo,2017,MT,FULL_12_MONTHS,12,12,2585,ocorrências,total,Roubo de veículo,standard_vde_indicator,LIMITED_COVERAGE
Roubo de veículo,2017,PA,FULL_12_MONTHS,12,12,8618,ocorrências,total,Roubo de veículo,standard_vde_indicator,LIMITED_COVERAGE
Roubo de veículo,2017,PB,FULL_12_MONTHS,12,12,3261,ocorrências,total,Roubo de veículo,standard_vde_indicator,LIMITED_COVERAGE
Roubo de veículo,2017,PE,FULL_12_MONTHS,12,12,19718,ocorrências,total,Roubo de veículo,standard_vde_indicator,LIMITED_COVERAGE
Roubo de veículo,2017,PI,FULL_12_MONTHS,12,12,3125,ocorrências,total,Roubo de veículo,standard_vde_indicator,LIMITED_COVERAGE
Roubo de veículo,2017,PR,FULL_12_MONTHS,12,12,11372,ocorrências,total,Roubo de veículo,standard_vde_indicator,LIMITED_COVERAGE
Roubo de veículo,2017,RJ,FULL_12_MONTHS,12,12,54366,ocorrências,total,Roubo de veículo,standard_vde_indicator,LIMITED_COVERAGE
Roubo de veículo,2017,RN,FULL_12_MONTHS,12,12,6992,ocorrências,total,Roubo de veículo,standard_vde_indicator,LIMITED_COVERAGE
Roubo de veículo,2017,RO,FULL_12_MONTHS,12,12,1671,ocorrências,total,Roubo de veículo,standard_vde_indicator,LIMITED_COVERAGE
Roubo de veículo,2017,RR,FULL_12_MONTHS,12,12,287,ocorrências,total,Roubo de veículo,standard_vde_indicator,LIMITED_COVERAGE
Roubo de veículo,2017,RS,FULL_12_MONTHS,12,12,17859,ocorrências,total,Roubo de veículo,standard_vde_indicator,LIMITED_COVERAGE
Roubo de veículo,2017,SC,FULL_12_MONTHS,12,12,3001,ocorrências,total,Roubo de veículo,standard_vde_indicator,LIMITED_COVERAGE
Roubo de veículo,2017,SE,FULL_12_MONTHS,12,12,2985,ocorrências,total,Roubo de veículo,standard_vde_indicator,LIMITED_COVERAGE
Roubo de veículo,2017,SP,FULL_12_MONTHS,12,12,67964,ocorrências,total,Roubo de veículo,standard_vde_indicator,LIMITED_COVERAGE
Roubo de veículo,2017,TO,FULL_12_MONTHS,12,12,1006,ocorrências,total,Roubo de veículo,standard_vde_indicator,LIMITED_COVERAGE
Roubo de veículo,2018,AC,PARTIAL_MONTHS,12,0,0,ocorrências,total,Roubo de veículo,standard_vde_indicator,LIMITED_COVERAGE
Roubo de veículo,2018,AL,FULL_12_MONTHS,12,12,3480,ocorrências,total,Roubo de veículo,standard_vde_indicator,LIMITED_COVERAGE
Roubo de veículo,2018,AM,FULL_12_MONTHS,12,12,3124,ocorrências,total,Roubo de veículo,standard_vde_indicator,LIMITED_COVERAGE
Roubo de veículo,2018,AP,FULL_12_MONTHS,12,12,357,ocorrências,total,Roubo de veículo,standard_vde_indicator,LIMITED_COVERAGE
Roubo de veículo,2018,BA,FULL_12_MONTHS,12,12,13348,ocorrências,total,Roubo de veículo,standard_vde_indicator,LIMITED_COVERAGE
Roubo de veículo,2018,CE,FULL_12_MONTHS,12,12,9319,ocorrências,total,Roubo de veículo,standard_vde_indicator,LIMITED_COVERAGE
Roubo de veículo,2018,DF,FULL_12_MONTHS,12,12,3993,ocorrências,total,Roubo de veículo,standard_vde_indicator,LIMITED_COVERAGE
Roubo de veículo,2018,ES,FULL_12_MONTHS,12,12,5403,ocorrências,total,Roubo de veículo,standard_vde_indicator,LIMITED_COVERAGE
Roubo de veículo,2018,GO,FULL_12_MONTHS,12,12,9429,ocorrências,total,Roubo de veículo,standard_vde_indicator,LIMITED_COVERAGE
Roubo de veículo,2018,MA,FULL_12_MONTHS,12,12,4093,ocorrências,total,Roubo de veículo,standard_vde_indicator,LIMITED_COVERAGE
Roubo de veículo,2018,MG,FULL_12_MONTHS,12,12,15324,ocorrências,total,Roubo de veículo,standard_vde_indicator,LIMITED_COVERAGE
Roubo de veículo,2018,MS,FULL_12_MONTHS,12,12,783,ocorrências,total,Roubo de veículo,standard_vde_indicator,LIMITED_COVERAGE
Roubo de veículo,2018,MT,FULL_12_MONTHS,12,12,2288,ocorrências,total,Roubo de veículo,standard_vde_indicator,LIMITED_COVERAGE
Roubo de veículo,2018,PA,FULL_12_MONTHS,12,12,6787,ocorrências,total,Roubo de veículo,standard_vde_indicator,LIMITED_COVERAGE
Roubo de veículo,2018,PB,FULL_12_MONTHS,12,12,3776,ocorrências,total,Roubo de veículo,standard_vde_indicator,LIMITED_COVERAGE
Roubo de veículo,2018,PE,FULL_12_MONTHS,12,12,15539,ocorrências,total,Roubo de veículo,standard_vde_indicator,LIMITED_COVERAGE
Roubo de veículo,2018,PI,FULL_12_MONTHS,12,12,3902,ocorrências,total,Roubo de veículo,standard_vde_indicator,LIMITED_COVERAGE
Roubo de veículo,2018,PR,FULL_12_MONTHS,12,12,7890,ocorrências,total,Roubo de veículo,standard_vde_indicator,LIMITED_COVERAGE
Roubo de veículo,2018,RJ,FULL_12_MONTHS,12,12,52097,ocorrências,total,Roubo de veículo,standard_vde_indicator,LIMITED_COVERAGE
Roubo de veículo,2018,RN,FULL_12_MONTHS,12,12,6956,ocorrências,total,Roubo de veículo,standard_vde_indicator,LIMITED_COVERAGE
Roubo de veículo,2018,RO,FULL_12_MONTHS,12,12,1724,ocorrências,total,Roubo de veículo,standard_vde_indicator,LIMITED_COVERAGE
Roubo de veículo,2018,RR,FULL_12_MONTHS,12,12,650,ocorrências,total,Roubo de veículo,standard_vde_indicator,LIMITED_COVERAGE
Roubo de veículo,2018,RS,FULL_12_MONTHS,12,12,16121,ocorrências,total,Roubo de veículo,standard_vde_indicator,LIMITED_COVERAGE
Roubo de veículo,2018,SC,FULL_12_MONTHS,12,12,2218,ocorrências,total,Roubo de veículo,standard_vde_indicator,LIMITED_COVERAGE
Roubo de veículo,2018,SE,FULL_12_MONTHS,12,12,2260,ocorrências,total,Roubo de veículo,standard_vde_indicator,LIMITED_COVERAGE
Roubo de veículo,2018,SP,FULL_12_MONTHS,12,12,58970,ocorrências,total,Roubo de veículo,standard_vde_indicator,LIMITED_COVERAGE
Roubo de veículo,2018,TO,FULL_12_MONTHS,12,12,852,ocorrências,total,Roubo de veículo,standard_vde_indicator,LIMITED_COVERAGE
Roubo de veículo,2019,AC,FULL_12_MONTHS,12,12,1947,ocorrências,total,Roubo de veículo,standard_vde_indicator,LIMITED_COVERAGE
Roubo de veículo,2019,AL,FULL_12_MONTHS,12,12,2435,ocorrências,total,Roubo de veículo,standard_vde_indicator,LIMITED_COVERAGE
Roubo de veículo,2019,AM,FULL_12_MONTHS,12,12,2505,ocorrências,total,Roubo de veículo,standard_vde_indicator,LIMITED_COVERAGE
Roubo de veículo,2019,AP,FULL_12_MONTHS,12,12,701,ocorrências,total,Roubo de veículo,standard_vde_indicator,LIMITED_COVERAGE
Roubo de veículo,2019,BA,FULL_12_MONTHS,12,12,11523,ocorrências,total,Roubo de veículo,standard_vde_indicator,LIMITED_COVERAGE
Roubo de veículo,2019,CE,FULL_12_MONTHS,12,12,5128,ocorrências,total,Roubo de veículo,standard_vde_indicator,LIMITED_COVERAGE
Roubo de veículo,2019,DF,FULL_12_MONTHS,12,12,3424,ocorrências,total,Roubo de veículo,standard_vde_indicator,LIMITED_COVERAGE
Roubo de veículo,2019,ES,FULL_12_MONTHS,12,12,3956,ocorrências,total,Roubo de veículo,standard_vde_indicator,LIMITED_COVERAGE
Roubo de veículo,2019,GO,FULL_12_MONTHS,12,12,4050,ocorrências,total,Roubo de veículo,standard_vde_indicator,LIMITED_COVERAGE
Roubo de veículo,2019,MA,FULL_12_MONTHS,12,12,3401,ocorrências,total,Roubo de veículo,standard_vde_indicator,LIMITED_COVERAGE
Roubo de veículo,2019,MG,FULL_12_MONTHS,12,12,9869,ocorrências,total,Roubo de veículo,standard_vde_indicator,LIMITED_COVERAGE
Roubo de veículo,2019,MS,FULL_12_MONTHS,12,12,532,ocorrências,total,Roubo de veículo,standard_vde_indicator,LIMITED_COVERAGE
Roubo de veículo,2019,MT,FULL_12_MONTHS,12,12,1837,ocorrências,total,Roubo de veículo,standard_vde_indicator,LIMITED_COVERAGE
Roubo de veículo,2019,PA,FULL_12_MONTHS,12,12,4024,ocorrências,total,Roubo de veículo,standard_vde_indicator,LIMITED_COVERAGE
Roubo de veículo,2019,PB,FULL_12_MONTHS,12,12,3219,ocorrências,total,Roubo de veículo,standard_vde_indicator,LIMITED_COVERAGE
Roubo de veículo,2019,PE,FULL_12_MONTHS,12,12,13237,ocorrências,total,Roubo de veículo,standard_vde_indicator,LIMITED_COVERAGE
Roubo de veículo,2019,PI,FULL_12_MONTHS,12,12,4043,ocorrências,total,Roubo de veículo,standard_vde_indicator,LIMITED_COVERAGE
Roubo de veículo,2019,PR,FULL_12_MONTHS,12,12,5792,ocorrências,total,Roubo de veículo,standard_vde_indicator,LIMITED_COVERAGE
Roubo de veículo,2019,RJ,FULL_12_MONTHS,12,12,39749,ocorrências,total,Roubo de veículo,standard_vde_indicator,LIMITED_COVERAGE
Roubo de veículo,2019,RN,FULL_12_MONTHS,12,12,5234,ocorrências,total,Roubo de veículo,standard_vde_indicator,LIMITED_COVERAGE
Roubo de veículo,2019,RO,PARTIAL_MONTHS,12,0,0,ocorrências,total,Roubo de veículo,standard_vde_indicator,LIMITED_COVERAGE
Roubo de veículo,2019,RR,FULL_12_MONTHS,12,12,476,ocorrências,total,Roubo de veículo,standard_vde_indicator,LIMITED_COVERAGE
Roubo de veículo,2019,RS,FULL_12_MONTHS,12,12,11127,ocorrências,total,Roubo de veículo,standard_vde_indicator,LIMITED_COVERAGE
Roubo de veículo,2019,SC,FULL_12_MONTHS,12,12,1704,ocorrências,total,Roubo de veículo,standard_vde_indicator,LIMITED_COVERAGE
Roubo de veículo,2019,SE,FULL_12_MONTHS,12,12,1897,ocorrências,total,Roubo de veículo,standard_vde_indicator,LIMITED_COVERAGE
Roubo de veículo,2019,SP,FULL_12_MONTHS,12,12,46517,ocorrências,total,Roubo de veículo,standard_vde_indicator,LIMITED_COVERAGE
Roubo de veículo,2019,TO,FULL_12_MONTHS,12,12,705,ocorrências,total,Roubo de veículo,standard_vde_indicator,LIMITED_COVERAGE
Roubo de veículo,2020,AC,FULL_12_MONTHS,12,12,1061,ocorrências,total,Roubo de veículo,standard_vde_indicator,LIMITED_COVERAGE
Roubo de veículo,2020,AL,FULL_12_MONTHS,12,12,1526,ocorrências,total,Roubo de veículo,standard_vde_indicator,LIMITED_COVERAGE
Roubo de veículo,2020,AM,FULL_12_MONTHS,12,12,1928,ocorrências,total,Roubo de veículo,standard_vde_indicator,LIMITED_COVERAGE
Roubo de veículo,2020,AP,FULL_12_MONTHS,12,12,394,ocorrências,total,Roubo de veículo,standard_vde_indicator,LIMITED_COVERAGE
Roubo de veículo,2020,BA,FULL_12_MONTHS,12,12,10494,ocorrências,total,Roubo de veículo,standard_vde_indicator,LIMITED_COVERAGE
Roubo de veículo,2020,CE,FULL_12_MONTHS,12,12,8609,ocorrências,total,Roubo de veículo,standard_vde_indicator,LIMITED_COVERAGE
Roubo de veículo,2020,DF,FULL_12_MONTHS,12,12,2218,ocorrências,total,Roubo de veículo,standard_vde_indicator,LIMITED_COVERAGE
Roubo de veículo,2020,ES,FULL_12_MONTHS,12,12,3715,ocorrências,total,Roubo de veículo,standard_vde_indicator,LIMITED_COVERAGE
Roubo de veículo,2020,GO,FULL_12_MONTHS,12,12,2382,ocorrências,total,Roubo de veículo,standard_vde_indicator,LIMITED_COVERAGE
Roubo de veículo,2020,MA,FULL_12_MONTHS,12,12,2268,ocorrências,total,Roubo de veículo,standard_vde_indicator,LIMITED_COVERAGE
Roubo de veículo,2020,MG,FULL_12_MONTHS,12,12,7342,ocorrências,total,Roubo de veículo,standard_vde_indicator,LIMITED_COVERAGE
Roubo de veículo,2020,MS,FULL_12_MONTHS,12,12,408,ocorrências,total,Roubo de veículo,standard_vde_indicator,LIMITED_COVERAGE
Roubo de veículo,2020,MT,FULL_12_MONTHS,12,12,1322,ocorrências,total,Roubo de veículo,standard_vde_indicator,LIMITED_COVERAGE
Roubo de veículo,2020,PA,FULL_12_MONTHS,12,12,2574,ocorrências,total,Roubo de veículo,standard_vde_indicator,LIMITED_COVERAGE
Roubo de veículo,2020,PB,FULL_12_MONTHS,12,12,3510,ocorrências,total,Roubo de veículo,standard_vde_indicator,LIMITED_COVERAGE
Roubo de veículo,2020,PE,FULL_12_MONTHS,12,12,9555,ocorrências,total,Roubo de veículo,standard_vde_indicator,LIMITED_COVERAGE
Roubo de veículo,2020,PI,FULL_12_MONTHS,12,12,4026,ocorrências,total,Roubo de veículo,standard_vde_indicator,LIMITED_COVERAGE
Roubo de veículo,2020,PR,FULL_12_MONTHS,12,12,4460,ocorrências,total,Roubo de veículo,standard_vde_indicator,LIMITED_COVERAGE
Roubo de veículo,2020,RJ,FULL_12_MONTHS,12,12,25425,ocorrências,total,Roubo de veículo,standard_vde_indicator,LIMITED_COVERAGE
Roubo de veículo,2020,RN,FULL_12_MONTHS,12,12,7476,ocorrências,total,Roubo de veículo,standard_vde_indicator,LIMITED_COVERAGE
Roubo de veículo,2020,RO,PARTIAL_MONTHS,12,0,0,ocorrências,total,Roubo de veículo,standard_vde_indicator,LIMITED_COVERAGE
Roubo de veículo,2020,RR,FULL_12_MONTHS,12,12,593,ocorrências,total,Roubo de veículo,standard_vde_indicator,LIMITED_COVERAGE
Roubo de veículo,2020,RS,FULL_12_MONTHS,12,12,7887,ocorrências,total,Roubo de veículo,standard_vde_indicator,LIMITED_COVERAGE
Roubo de veículo,2020,SC,FULL_12_MONTHS,12,12,1348,ocorrências,total,Roubo de veículo,standard_vde_indicator,LIMITED_COVERAGE
Roubo de veículo,2020,SE,FULL_12_MONTHS,12,12,2005,ocorrências,total,Roubo de veículo,standard_vde_indicator,LIMITED_COVERAGE
Roubo de veículo,2020,SP,FULL_12_MONTHS,12,12,31891,ocorrências,total,Roubo de veículo,standard_vde_indicator,LIMITED_COVERAGE
Roubo de veículo,2020,TO,FULL_12_MONTHS,12,12,576,ocorrências,total,Roubo de veículo,standard_vde_indicator,LIMITED_COVERAGE
Roubo de veículo,2021,AC,FULL_12_MONTHS,12,12,1001,ocorrências,total,Roubo de veículo,standard_vde_indicator,LIMITED_COVERAGE
Roubo de veículo,2021,AL,FULL_12_MONTHS,12,12,1599,ocorrências,total,Roubo de veículo,standard_vde_indicator,LIMITED_COVERAGE
Roubo de veículo,2021,AM,FULL_12_MONTHS,12,12,2341,ocorrências,total,Roubo de veículo,standard_vde_indicator,LIMITED_COVERAGE
Roubo de veículo,2021,AP,FULL_12_MONTHS,12,12,457,ocorrências,total,Roubo de veículo,standard_vde_indicator,LIMITED_COVERAGE
Roubo de veículo,2021,BA,FULL_12_MONTHS,12,12,11455,ocorrências,total,Roubo de veículo,standard_vde_indicator,LIMITED_COVERAGE
Roubo de veículo,2021,CE,FULL_12_MONTHS,12,12,7805,ocorrências,total,Roubo de veículo,standard_vde_indicator,LIMITED_COVERAGE
Roubo de veículo,2021,DF,FULL_12_MONTHS,12,12,2033,ocorrências,total,Roubo de veículo,standard_vde_indicator,LIMITED_COVERAGE
Roubo de veículo,2021,ES,FULL_12_MONTHS,12,12,3810,ocorrências,total,Roubo de veículo,standard_vde_indicator,LIMITED_COVERAGE
Roubo de veículo,2021,GO,FULL_12_MONTHS,12,12,1706,ocorrências,total,Roubo de veículo,standard_vde_indicator,LIMITED_COVERAGE
Roubo de veículo,2021,MA,FULL_12_MONTHS,12,12,5371,ocorrências,total,Roubo de veículo,standard_vde_indicator,LIMITED_COVERAGE
Roubo de veículo,2021,MG,FULL_12_MONTHS,12,12,5320,ocorrências,total,Roubo de veículo,standard_vde_indicator,LIMITED_COVERAGE
Roubo de veículo,2021,MS,FULL_12_MONTHS,12,12,510,ocorrências,total,Roubo de veículo,standard_vde_indicator,LIMITED_COVERAGE
Roubo de veículo,2021,MT,FULL_12_MONTHS,12,12,1443,ocorrências,total,Roubo de veículo,standard_vde_indicator,LIMITED_COVERAGE
Roubo de veículo,2021,PA,FULL_12_MONTHS,12,12,2600,ocorrências,total,Roubo de veículo,standard_vde_indicator,LIMITED_COVERAGE
Roubo de veículo,2021,PB,FULL_12_MONTHS,12,12,3888,ocorrências,total,Roubo de veículo,standard_vde_indicator,LIMITED_COVERAGE
Roubo de veículo,2021,PE,FULL_12_MONTHS,12,12,9288,ocorrências,total,Roubo de veículo,standard_vde_indicator,LIMITED_COVERAGE
Roubo de veículo,2021,PI,FULL_12_MONTHS,12,12,4511,ocorrências,total,Roubo de veículo,standard_vde_indicator,LIMITED_COVERAGE
Roubo de veículo,2021,PR,FULL_12_MONTHS,12,12,4039,ocorrências,total,Roubo de veículo,standard_vde_indicator,LIMITED_COVERAGE
Roubo de veículo,2021,RJ,FULL_12_MONTHS,12,12,24332,ocorrências,total,Roubo de veículo,standard_vde_indicator,LIMITED_COVERAGE
Roubo de veículo,2021,RN,FULL_12_MONTHS,12,12,4204,ocorrências,total,Roubo de veículo,standard_vde_indicator,LIMITED_COVERAGE
Roubo de veículo,2021,RO,FULL_12_MONTHS,12,12,1838,ocorrências,total,Roubo de veículo,standard_vde_indicator,LIMITED_COVERAGE
Roubo de veículo,2021,RR,FULL_12_MONTHS,12,12,682,ocorrências,total,Roubo de veículo,standard_vde_indicator,LIMITED_COVERAGE
Roubo de veículo,2021,RS,FULL_12_MONTHS,12,12,4942,ocorrências,total,Roubo de veículo,standard_vde_indicator,LIMITED_COVERAGE
Roubo de veículo,2021,SC,FULL_12_MONTHS,12,12,1408,ocorrências,total,Roubo de veículo,standard_vde_indicator,LIMITED_COVERAGE
Roubo de veículo,2021,SE,FULL_12_MONTHS,12,12,1851,ocorrências,total,Roubo de veículo,standard_vde_indicator,LIMITED_COVERAGE
Roubo de veículo,2021,SP,FULL_12_MONTHS,12,12,33041,ocorrências,total,Roubo de veículo,standard_vde_indicator,LIMITED_COVERAGE
Roubo de veículo,2021,TO,FULL_12_MONTHS,12,12,429,ocorrências,total,Roubo de veículo,standard_vde_indicator,LIMITED_COVERAGE
Roubo de veículo,2022,AC,FULL_12_MONTHS,12,12,665,ocorrências,total,Roubo de veículo,standard_vde_indicator,LIMITED_COVERAGE
Roubo de veículo,2022,AL,FULL_12_MONTHS,12,12,1714,ocorrências,total,Roubo de veículo,standard_vde_indicator,LIMITED_COVERAGE
Roubo de veículo,2022,AM,FULL_12_MONTHS,12,12,1419,ocorrências,total,Roubo de veículo,standard_vde_indicator,LIMITED_COVERAGE
Roubo de veículo,2022,AP,FULL_12_MONTHS,12,12,421,ocorrências,total,Roubo de veículo,standard_vde_indicator,LIMITED_COVERAGE
Roubo de veículo,2022,BA,FULL_12_MONTHS,12,12,12914,ocorrências,total,Roubo de veículo,standard_vde_indicator,LIMITED_COVERAGE
Roubo de veículo,2022,CE,FULL_12_MONTHS,12,12,7697,ocorrências,total,Roubo de veículo,standard_vde_indicator,LIMITED_COVERAGE
Roubo de veículo,2022,DF,FULL_12_MONTHS,12,12,1554,ocorrências,total,Roubo de veículo,standard_vde_indicator,LIMITED_COVERAGE
Roubo de veículo,2022,ES,FULL_12_MONTHS,12,12,3254,ocorrências,total,Roubo de veículo,standard_vde_indicator,LIMITED_COVERAGE
Roubo de veículo,2022,GO,FULL_12_MONTHS,12,12,1363,ocorrências,total,Roubo de veículo,standard_vde_indicator,LIMITED_COVERAGE
Roubo de veículo,2022,MA,FULL_12_MONTHS,12,12,5036,ocorrências,total,Roubo de veículo,standard_vde_indicator,LIMITED_COVERAGE
Roubo de veículo,2022,MG,FULL_12_MONTHS,12,12,5476,ocorrências,total,Roubo de veículo,standard_vde_indicator,LIMITED_COVERAGE
Roubo de veículo,2022,MS,FULL_12_MONTHS,12,12,467,ocorrências,total,Roubo de veículo,standard_vde_indicator,LIMITED_COVERAGE
Roubo de veículo,2022,MT,FULL_12_MONTHS,12,12,949,ocorrências,total,Roubo de veículo,standard_vde_indicator,LIMITED_COVERAGE
Roubo de veículo,2022,PA,FULL_12_MONTHS,12,12,2037,ocorrências,total,Roubo de veículo,standard_vde_indicator,LIMITED_COVERAGE
Roubo de veículo,2022,PB,FULL_12_MONTHS,12,12,4237,ocorrências,total,Roubo de veículo,standard_vde_indicator,LIMITED_COVERAGE
Roubo de veículo,2022,PE,FULL_12_MONTHS,12,12,10925,ocorrências,total,Roubo de veículo,standard_vde_indicator,LIMITED_COVERAGE
Roubo de veículo,2022,PI,FULL_12_MONTHS,12,12,4672,ocorrências,total,Roubo de veículo,standard_vde_indicator,LIMITED_COVERAGE
Roubo de veículo,2022,PR,FULL_12_MONTHS,12,12,3506,ocorrências,total,Roubo de veículo,standard_vde_indicator,LIMITED_COVERAGE
Roubo de veículo,2022,RJ,FULL_12_MONTHS,12,12,25198,ocorrências,total,Roubo de veículo,standard_vde_indicator,LIMITED_COVERAGE
Roubo de veículo,2022,RN,FULL_12_MONTHS,12,12,3290,ocorrências,total,Roubo de veículo,standard_vde_indicator,LIMITED_COVERAGE
Roubo de veículo,2022,RO,FULL_12_MONTHS,12,12,1551,ocorrências,total,Roubo de veículo,standard_vde_indicator,LIMITED_COVERAGE
Roubo de veículo,2022,RR,FULL_12_MONTHS,12,12,327,ocorrências,total,Roubo de veículo,standard_vde_indicator,LIMITED_COVERAGE
Roubo de veículo,2022,RS,FULL_12_MONTHS,12,12,4406,ocorrências,total,Roubo de veículo,standard_vde_indicator,LIMITED_COVERAGE
Roubo de veículo,2022,SC,FULL_12_MONTHS,12,12,1279,ocorrências,total,Roubo de veículo,standard_vde_indicator,LIMITED_COVERAGE
Roubo de veículo,2022,SE,FULL_12_MONTHS,12,12,1606,ocorrências,total,Roubo de veículo,standard_vde_indicator,LIMITED_COVERAGE
Roubo de veículo,2022,SP,FULL_12_MONTHS,12,12,41721,ocorrências,total,Roubo de veículo,standard_vde_indicator,LIMITED_COVERAGE
Roubo de veículo,2022,TO,FULL_12_MONTHS,12,12,418,ocorrências,total,Roubo de veículo,standard_vde_indicator,LIMITED_COVERAGE
Roubo de veículo,2023,AC,FULL_12_MONTHS,12,12,638,ocorrências,total,Roubo de veículo,standard_vde_indicator,LIMITED_COVERAGE
Roubo de veículo,2023,AL,FULL_12_MONTHS,12,12,1683,ocorrências,total,Roubo de veículo,standard_vde_indicator,LIMITED_COVERAGE
Roubo de veículo,2023,AM,FULL_12_MONTHS,12,12,1205,ocorrências,total,Roubo de veículo,standard_vde_indicator,LIMITED_COVERAGE
Roubo de veículo,2023,AP,FULL_12_MONTHS,12,12,276,ocorrências,total,Roubo de veículo,standard_vde_indicator,LIMITED_COVERAGE
Roubo de veículo,2023,BA,FULL_12_MONTHS,12,12,12636,ocorrências,total,Roubo de veículo,standard_vde_indicator,LIMITED_COVERAGE
Roubo de veículo,2023,CE,FULL_12_MONTHS,12,12,7794,ocorrências,total,Roubo de veículo,standard_vde_indicator,LIMITED_COVERAGE
Roubo de veículo,2023,DF,FULL_12_MONTHS,12,12,1283,ocorrências,total,Roubo de veículo,standard_vde_indicator,LIMITED_COVERAGE
Roubo de veículo,2023,ES,FULL_12_MONTHS,12,12,2587,ocorrências,total,Roubo de veículo,standard_vde_indicator,LIMITED_COVERAGE
Roubo de veículo,2023,GO,FULL_12_MONTHS,12,12,950,ocorrências,total,Roubo de veículo,standard_vde_indicator,LIMITED_COVERAGE
Roubo de veículo,2023,MA,FULL_12_MONTHS,12,12,4996,ocorrências,total,Roubo de veículo,standard_vde_indicator,LIMITED_COVERAGE
Roubo de veículo,2023,MG,FULL_12_MONTHS,12,12,4368,ocorrências,total,Roubo de veículo,standard_vde_indicator,LIMITED_COVERAGE
Roubo de veículo,2023,MS,FULL_12_MONTHS,12,12,374,ocorrências,total,Roubo de veículo,standard_vde_indicator,LIMITED_COVERAGE
Roubo de veículo,2023,MT,FULL_12_MONTHS,12,12,1077,ocorrências,total,Roubo de veículo,standard_vde_indicator,LIMITED_COVERAGE
Roubo de veículo,2023,PA,FULL_12_MONTHS,12,12,1530,ocorrências,total,Roubo de veículo,standard_vde_indicator,LIMITED_COVERAGE
Roubo de veículo,2023,PB,FULL_12_MONTHS,12,12,3628,ocorrências,total,Roubo de veículo,standard_vde_indicator,LIMITED_COVERAGE
Roubo de veículo,2023,PE,FULL_12_MONTHS,12,12,12516,ocorrências,total,Roubo de veículo,standard_vde_indicator,LIMITED_COVERAGE
Roubo de veículo,2023,PI,FULL_12_MONTHS,12,12,4544,ocorrências,total,Roubo de veículo,standard_vde_indicator,LIMITED_COVERAGE
Roubo de veículo,2023,PR,FULL_12_MONTHS,12,12,3021,ocorrências,total,Roubo de veículo,standard_vde_indicator,LIMITED_COVERAGE
Roubo de veículo,2023,RJ,FULL_12_MONTHS,12,12,22248,ocorrências,total,Roubo de veículo,standard_vde_indicator,LIMITED_COVERAGE
Roubo de veículo,2023,RN,FULL_12_MONTHS,12,12,3313,ocorrências,total,Roubo de veículo,standard_vde_indicator,LIMITED_COVERAGE
Roubo de veículo,2023,RO,FULL_12_MONTHS,12,12,969,ocorrências,total,Roubo de veículo,standard_vde_indicator,LIMITED_COVERAGE
Roubo de veículo,2023,RR,FULL_12_MONTHS,12,12,285,ocorrências,total,Roubo de veículo,standard_vde_indicator,LIMITED_COVERAGE
Roubo de veículo,2023,RS,FULL_12_MONTHS,12,12,3595,ocorrências,total,Roubo de veículo,standard_vde_indicator,LIMITED_COVERAGE
Roubo de veículo,2023,SC,FULL_12_MONTHS,12,12,1071,ocorrências,total,Roubo de veículo,standard_vde_indicator,LIMITED_COVERAGE
Roubo de veículo,2023,SE,FULL_12_MONTHS,12,12,774,ocorrências,total,Roubo de veículo,standard_vde_indicator,LIMITED_COVERAGE
Roubo de veículo,2023,SP,FULL_12_MONTHS,12,12,37471,ocorrências,total,Roubo de veículo,standard_vde_indicator,LIMITED_COVERAGE
Roubo de veículo,2023,TO,FULL_12_MONTHS,12,12,209,ocorrências,total,Roubo de veículo,standard_vde_indicator,LIMITED_COVERAGE
Roubo de veículo,2024,AC,FULL_12_MONTHS,12,12,371,ocorrências,total,Roubo de veículo,standard_vde_indicator,LIMITED_COVERAGE
Roubo de veículo,2024,AL,FULL_12_MONTHS,12,12,1578,ocorrências,total,Roubo de veículo,standard_vde_indicator,LIMITED_COVERAGE
Roubo de veículo,2024,AM,FULL_12_MONTHS,12,12,846,ocorrências,total,Roubo de veículo,standard_vde_indicator,LIMITED_COVERAGE
Roubo de veículo,2024,AP,FULL_12_MONTHS,12,12,166,ocorrências,total,Roubo de veículo,standard_vde_indicator,LIMITED_COVERAGE
Roubo de veículo,2024,BA,FULL_12_MONTHS,12,12,11234,ocorrências,total,Roubo de veículo,standard_vde_indicator,LIMITED_COVERAGE
Roubo de veículo,2024,CE,FULL_12_MONTHS,12,12,6588,ocorrências,total,Roubo de veículo,standard_vde_indicator,LIMITED_COVERAGE
Roubo de veículo,2024,DF,FULL_12_MONTHS,12,12,1024,ocorrências,total,Roubo de veículo,standard_vde_indicator,LIMITED_COVERAGE
Roubo de veículo,2024,ES,FULL_12_MONTHS,12,12,1928,ocorrências,total,Roubo de veículo,standard_vde_indicator,LIMITED_COVERAGE
Roubo de veículo,2024,GO,FULL_12_MONTHS,12,12,725,ocorrências,total,Roubo de veículo,standard_vde_indicator,LIMITED_COVERAGE
Roubo de veículo,2024,MA,FULL_12_MONTHS,12,12,4269,ocorrências,total,Roubo de veículo,standard_vde_indicator,LIMITED_COVERAGE
Roubo de veículo,2024,MG,FULL_12_MONTHS,12,12,4732,ocorrências,total,Roubo de veículo,standard_vde_indicator,LIMITED_COVERAGE
Roubo de veículo,2024,MS,FULL_12_MONTHS,12,12,315,ocorrências,total,Roubo de veículo,standard_vde_indicator,LIMITED_COVERAGE
Roubo de veículo,2024,MT,FULL_12_MONTHS,12,12,774,ocorrências,total,Roubo de veículo,standard_vde_indicator,LIMITED_COVERAGE
Roubo de veículo,2024,PA,FULL_12_MONTHS,12,12,1287,ocorrências,total,Roubo de veículo,standard_vde_indicator,LIMITED_COVERAGE
Roubo de veículo,2024,PB,FULL_12_MONTHS,12,12,3317,ocorrências,total,Roubo de veículo,standard_vde_indicator,LIMITED_COVERAGE
Roubo de veículo,2024,PE,FULL_12_MONTHS,12,12,11676,ocorrências,total,Roubo de veículo,standard_vde_indicator,LIMITED_COVERAGE
Roubo de veículo,2024,PI,FULL_12_MONTHS,12,12,3555,ocorrências,total,Roubo de veículo,standard_vde_indicator,LIMITED_COVERAGE
Roubo de veículo,2024,PR,FULL_12_MONTHS,12,12,2182,ocorrências,total,Roubo de veículo,standard_vde_indicator,LIMITED_COVERAGE
Roubo de veículo,2024,RJ,FULL_12_MONTHS,12,12,30930,ocorrências,total,Roubo de veículo,standard_vde_indicator,LIMITED_COVERAGE
Roubo de veículo,2024,RN,FULL_12_MONTHS,12,12,2164,ocorrências,total,Roubo de veículo,standard_vde_indicator,LIMITED_COVERAGE
Roubo de veículo,2024,RO,FULL_12_MONTHS,12,12,779,ocorrências,total,Roubo de veículo,standard_vde_indicator,LIMITED_COVERAGE
Roubo de veículo,2024,RR,FULL_12_MONTHS,12,12,243,ocorrências,total,Roubo de veículo,standard_vde_indicator,LIMITED_COVERAGE
Roubo de veículo,2024,RS,FULL_12_MONTHS,12,12,2299,ocorrências,total,Roubo de veículo,standard_vde_indicator,LIMITED_COVERAGE
Roubo de veículo,2024,SC,FULL_12_MONTHS,12,12,779,ocorrências,total,Roubo de veículo,standard_vde_indicator,LIMITED_COVERAGE
Roubo de veículo,2024,SE,FULL_12_MONTHS,12,12,516,ocorrências,total,Roubo de veículo,standard_vde_indicator,LIMITED_COVERAGE
Roubo de veículo,2024,SP,FULL_12_MONTHS,12,12,31696,ocorrências,total,Roubo de veículo,standard_vde_indicator,LIMITED_COVERAGE
Roubo de veículo,2024,TO,FULL_12_MONTHS,12,12,301,ocorrências,total,Roubo de veículo,standard_vde_indicator,LIMITED_COVERAGE
Roubo de veículo,2025,AC,FULL_12_MONTHS,12,12,460,ocorrências,total,Roubo de veículo,standard_vde_indicator,LIMITED_COVERAGE
Roubo de veículo,2025,AL,FULL_12_MONTHS,12,12,1237,ocorrências,total,Roubo de veículo,standard_vde_indicator,LIMITED_COVERAGE
Roubo de veículo,2025,AM,FULL_12_MONTHS,12,12,587,ocorrências,total,Roubo de veículo,standard_vde_indicator,LIMITED_COVERAGE
Roubo de veículo,2025,AP,FULL_12_MONTHS,12,12,87,ocorrências,total,Roubo de veículo,standard_vde_indicator,LIMITED_COVERAGE
Roubo de veículo,2025,BA,FULL_12_MONTHS,12,12,9497,ocorrências,total,Roubo de veículo,standard_vde_indicator,LIMITED_COVERAGE
Roubo de veículo,2025,CE,FULL_12_MONTHS,12,12,5141,ocorrências,total,Roubo de veículo,standard_vde_indicator,LIMITED_COVERAGE
Roubo de veículo,2025,DF,FULL_12_MONTHS,12,12,861,ocorrências,total,Roubo de veículo,standard_vde_indicator,LIMITED_COVERAGE
Roubo de veículo,2025,ES,FULL_12_MONTHS,12,12,1399,ocorrências,total,Roubo de veículo,standard_vde_indicator,LIMITED_COVERAGE
Roubo de veículo,2025,GO,FULL_12_MONTHS,12,12,483,ocorrências,total,Roubo de veículo,standard_vde_indicator,LIMITED_COVERAGE
Roubo de veículo,2025,MA,FULL_12_MONTHS,12,12,3254,ocorrências,total,Roubo de veículo,standard_vde_indicator,LIMITED_COVERAGE
Roubo de veículo,2025,MG,FULL_12_MONTHS,12,12,3355,ocorrências,total,Roubo de veículo,standard_vde_indicator,LIMITED_COVERAGE
Roubo de veículo,2025,MS,FULL_12_MONTHS,12,12,212,ocorrências,total,Roubo de veículo,standard_vde_indicator,LIMITED_COVERAGE
Roubo de veículo,2025,MT,FULL_12_MONTHS,12,12,524,ocorrências,total,Roubo de veículo,standard_vde_indicator,LIMITED_COVERAGE
Roubo de veículo,2025,PA,FULL_12_MONTHS,12,12,1176,ocorrências,total,Roubo de veículo,standard_vde_indicator,LIMITED_COVERAGE
Roubo de veículo,2025,PB,FULL_12_MONTHS,12,12,4392,ocorrências,total,Roubo de veículo,standard_vde_indicator,LIMITED_COVERAGE
Roubo de veículo,2025,PE,FULL_12_MONTHS,12,12,11955,ocorrências,total,Roubo de veículo,standard_vde_indicator,LIMITED_COVERAGE
Roubo de veículo,2025,PI,FULL_12_MONTHS,12,12,2909,ocorrências,total,Roubo de veículo,standard_vde_indicator,LIMITED_COVERAGE
Roubo de veículo,2025,PR,FULL_12_MONTHS,12,12,1600,ocorrências,total,Roubo de veículo,standard_vde_indicator,LIMITED_COVERAGE
Roubo de veículo,2025,RJ,FULL_12_MONTHS,12,12,25235,ocorrências,total,Roubo de veículo,standard_vde_indicator,LIMITED_COVERAGE
Roubo de veículo,2025,RN,FULL_12_MONTHS,12,12,1391,ocorrências,total,Roubo de veículo,standard_vde_indicator,LIMITED_COVERAGE
Roubo de veículo,2025,RO,FULL_12_MONTHS,12,12,412,ocorrências,total,Roubo de veículo,standard_vde_indicator,LIMITED_COVERAGE
Roubo de veículo,2025,RR,FULL_12_MONTHS,12,12,139,ocorrências,total,Roubo de veículo,standard_vde_indicator,LIMITED_COVERAGE
Roubo de veículo,2025,RS,FULL_12_MONTHS,12,12,1852,ocorrências,total,Roubo de veículo,standard_vde_indicator,LIMITED_COVERAGE
Roubo de veículo,2025,SC,FULL_12_MONTHS,12,12,656,ocorrências,total,Roubo de veículo,standard_vde_indicator,LIMITED_COVERAGE
Roubo de veículo,2025,SE,FULL_12_MONTHS,12,12,355,ocorrências,total,Roubo de veículo,standard_vde_indicator,LIMITED_COVERAGE
Roubo de veículo,2025,SP,FULL_12_MONTHS,12,12,25024,ocorrências,total,Roubo de veículo,standard_vde_indicator,LIMITED_COVERAGE
Roubo de veículo,2025,TO,FULL_12_MONTHS,12,12,296,ocorrências,total,Roubo de veículo,standard_vde_indicator,LIMITED_COVERAGE
Roubo de carga,2015,AC,PARTIAL_MONTHS,12,0,0,ocorrências,total,Roubo de carga,standard_vde_indicator,LIMITED_COVERAGE
Roubo de carga,2015,AL,FULL_12_MONTHS,12,12,95,ocorrências,total,Roubo de carga,standard_vde_indicator,LIMITED_COVERAGE
Roubo de carga,2015,AM,FULL_12_MONTHS,12,12,1,ocorrências,total,Roubo de carga,standard_vde_indicator,LIMITED_COVERAGE
Roubo de carga,2015,AP,FULL_12_MONTHS,12,12,0,ocorrências,total,Roubo de carga,standard_vde_indicator,LIMITED_COVERAGE
Roubo de carga,2015,BA,FULL_12_MONTHS,12,12,436,ocorrências,total,Roubo de carga,standard_vde_indicator,LIMITED_COVERAGE
Roubo de carga,2015,CE,FULL_12_MONTHS,12,12,212,ocorrências,total,Roubo de carga,standard_vde_indicator,LIMITED_COVERAGE
Roubo de carga,2015,DF,FULL_12_MONTHS,12,12,31,ocorrências,total,Roubo de carga,standard_vde_indicator,LIMITED_COVERAGE
Roubo de carga,2015,ES,NOT_REPORTED,0,0,,ocorrências,total,,standard_vde_indicator,LIMITED_COVERAGE
Roubo de carga,2015,GO,PARTIAL_MONTHS,12,0,0,ocorrências,total,Roubo de carga,standard_vde_indicator,LIMITED_COVERAGE
Roubo de carga,2015,MA,FULL_12_MONTHS,12,12,48,ocorrências,total,Roubo de carga,standard_vde_indicator,LIMITED_COVERAGE
Roubo de carga,2015,MG,FULL_12_MONTHS,12,12,662,ocorrências,total,Roubo de carga,standard_vde_indicator,LIMITED_COVERAGE
Roubo de carga,2015,MS,PARTIAL_MONTHS,12,0,0,ocorrências,total,Roubo de carga,standard_vde_indicator,LIMITED_COVERAGE
Roubo de carga,2015,MT,FULL_12_MONTHS,12,12,17,ocorrências,total,Roubo de carga,standard_vde_indicator,LIMITED_COVERAGE
Roubo de carga,2015,PA,FULL_12_MONTHS,12,12,112,ocorrências,total,Roubo de carga,standard_vde_indicator,LIMITED_COVERAGE
Roubo de carga,2015,PB,FULL_12_MONTHS,12,12,3,ocorrências,total,Roubo de carga,standard_vde_indicator,LIMITED_COVERAGE
Roubo de carga,2015,PE,FULL_12_MONTHS,12,12,298,ocorrências,total,Roubo de carga,standard_vde_indicator,LIMITED_COVERAGE
Roubo de carga,2015,PI,FULL_12_MONTHS,12,12,10,ocorrências,total,Roubo de carga,standard_vde_indicator,LIMITED_COVERAGE
Roubo de carga,2015,PR,PARTIAL_MONTHS,12,0,0,ocorrências,total,Roubo de carga,standard_vde_indicator,LIMITED_COVERAGE
Roubo de carga,2015,RJ,FULL_12_MONTHS,12,12,7225,ocorrências,total,Roubo de carga,standard_vde_indicator,LIMITED_COVERAGE
Roubo de carga,2015,RN,FULL_12_MONTHS,12,12,65,ocorrências,total,Roubo de carga,standard_vde_indicator,LIMITED_COVERAGE
Roubo de carga,2015,RO,PARTIAL_MONTHS,12,1,1,ocorrências,total,Roubo de carga,standard_vde_indicator,LIMITED_COVERAGE
Roubo de carga,2015,RR,FULL_12_MONTHS,12,12,0,ocorrências,total,Roubo de carga,standard_vde_indicator,LIMITED_COVERAGE
Roubo de carga,2015,RS,FULL_12_MONTHS,12,12,261,ocorrências,total,Roubo de carga,standard_vde_indicator,LIMITED_COVERAGE
Roubo de carga,2015,SC,FULL_12_MONTHS,12,12,161,ocorrências,total,Roubo de carga,standard_vde_indicator,LIMITED_COVERAGE
Roubo de carga,2015,SE,PARTIAL_MONTHS,12,0,0,ocorrências,total,Roubo de carga,standard_vde_indicator,LIMITED_COVERAGE
Roubo de carga,2015,SP,FULL_12_MONTHS,12,12,8490,ocorrências,total,Roubo de carga,standard_vde_indicator,LIMITED_COVERAGE
Roubo de carga,2015,TO,FULL_12_MONTHS,12,12,10,ocorrências,total,Roubo de carga,standard_vde_indicator,LIMITED_COVERAGE
Roubo de carga,2016,AC,PARTIAL_MONTHS,12,0,0,ocorrências,total,Roubo de carga,standard_vde_indicator,LIMITED_COVERAGE
Roubo de carga,2016,AL,FULL_12_MONTHS,12,12,106,ocorrências,total,Roubo de carga,standard_vde_indicator,LIMITED_COVERAGE
Roubo de carga,2016,AM,FULL_12_MONTHS,12,12,0,ocorrências,total,Roubo de carga,standard_vde_indicator,LIMITED_COVERAGE
Roubo de carga,2016,AP,FULL_12_MONTHS,12,12,0,ocorrências,total,Roubo de carga,standard_vde_indicator,LIMITED_COVERAGE
Roubo de carga,2016,BA,FULL_12_MONTHS,12,12,397,ocorrências,total,Roubo de carga,standard_vde_indicator,LIMITED_COVERAGE
Roubo de carga,2016,CE,FULL_12_MONTHS,12,12,276,ocorrências,total,Roubo de carga,standard_vde_indicator,LIMITED_COVERAGE
Roubo de carga,2016,DF,FULL_12_MONTHS,12,12,68,ocorrências,total,Roubo de carga,standard_vde_indicator,LIMITED_COVERAGE
Roubo de carga,2016,ES,PARTIAL_MONTHS,12,0,0,ocorrências,total,Roubo de carga,standard_vde_indicator,LIMITED_COVERAGE
Roubo de carga,2016,GO,PARTIAL_MONTHS,12,9,537,ocorrências,total,Roubo de carga,standard_vde_indicator,LIMITED_COVERAGE
Roubo de carga,2016,MA,FULL_12_MONTHS,12,12,67,ocorrências,total,Roubo de carga,standard_vde_indicator,LIMITED_COVERAGE
Roubo de carga,2016,MG,FULL_12_MONTHS,12,12,588,ocorrências,total,Roubo de carga,standard_vde_indicator,LIMITED_COVERAGE
Roubo de carga,2016,MS,FULL_12_MONTHS,12,12,0,ocorrências,total,Roubo de carga,standard_vde_indicator,LIMITED_COVERAGE
Roubo de carga,2016,MT,FULL_12_MONTHS,12,12,13,ocorrências,total,Roubo de carga,standard_vde_indicator,LIMITED_COVERAGE
Roubo de carga,2016,PA,FULL_12_MONTHS,12,12,137,ocorrências,total,Roubo de carga,standard_vde_indicator,LIMITED_COVERAGE
Roubo de carga,2016,PB,FULL_12_MONTHS,12,12,0,ocorrências,total,Roubo de carga,standard_vde_indicator,LIMITED_COVERAGE
Roubo de carga,2016,PE,FULL_12_MONTHS,12,12,488,ocorrências,total,Roubo de carga,standard_vde_indicator,LIMITED_COVERAGE
Roubo de carga,2016,PI,FULL_12_MONTHS,12,12,15,ocorrências,total,Roubo de carga,standard_vde_indicator,LIMITED_COVERAGE
Roubo de carga,2016,PR,PARTIAL_MONTHS,12,0,0,ocorrências,total,Roubo de carga,standard_vde_indicator,LIMITED_COVERAGE
Roubo de carga,2016,RJ,FULL_12_MONTHS,12,12,9874,ocorrências,total,Roubo de carga,standard_vde_indicator,LIMITED_COVERAGE
Roubo de carga,2016,RN,FULL_12_MONTHS,12,12,39,ocorrências,total,Roubo de carga,standard_vde_indicator,LIMITED_COVERAGE
Roubo de carga,2016,RO,PARTIAL_MONTHS,12,4,4,ocorrências,total,Roubo de carga,standard_vde_indicator,LIMITED_COVERAGE
Roubo de carga,2016,RR,FULL_12_MONTHS,12,12,0,ocorrências,total,Roubo de carga,standard_vde_indicator,LIMITED_COVERAGE
Roubo de carga,2016,RS,FULL_12_MONTHS,12,12,330,ocorrências,total,Roubo de carga,standard_vde_indicator,LIMITED_COVERAGE
Roubo de carga,2016,SC,FULL_12_MONTHS,12,12,258,ocorrências,total,Roubo de carga,standard_vde_indicator,LIMITED_COVERAGE
Roubo de carga,2016,SE,PARTIAL_MONTHS,12,0,0,ocorrências,total,Roubo de carga,standard_vde_indicator,LIMITED_COVERAGE
Roubo de carga,2016,SP,FULL_12_MONTHS,12,12,9943,ocorrências,total,Roubo de carga,standard_vde_indicator,LIMITED_COVERAGE
Roubo de carga,2016,TO,FULL_12_MONTHS,12,12,23,ocorrências,total,Roubo de carga,standard_vde_indicator,LIMITED_COVERAGE
Roubo de carga,2017,AC,PARTIAL_MONTHS,12,0,0,ocorrências,total,Roubo de carga,standard_vde_indicator,LIMITED_COVERAGE
Roubo de carga,2017,AL,FULL_12_MONTHS,12,12,77,ocorrências,total,Roubo de carga,standard_vde_indicator,LIMITED_COVERAGE
Roubo de carga,2017,AM,FULL_12_MONTHS,12,12,0,ocorrências,total,Roubo de carga,standard_vde_indicator,LIMITED_COVERAGE
Roubo de carga,2017,AP,FULL_12_MONTHS,12,12,1,ocorrências,total,Roubo de carga,standard_vde_indicator,LIMITED_COVERAGE
Roubo de carga,2017,BA,FULL_12_MONTHS,12,12,417,ocorrências,total,Roubo de carga,standard_vde_indicator,LIMITED_COVERAGE
Roubo de carga,2017,CE,FULL_12_MONTHS,12,12,310,ocorrências,total,Roubo de carga,standard_vde_indicator,LIMITED_COVERAGE
Roubo de carga,2017,DF,FULL_12_MONTHS,12,12,82,ocorrências,total,Roubo de carga,standard_vde_indicator,LIMITED_COVERAGE
Roubo de carga,2017,ES,PARTIAL_MONTHS,12,0,0,ocorrências,total,Roubo de carga,standard_vde_indicator,LIMITED_COVERAGE
Roubo de carga,2017,GO,FULL_12_MONTHS,12,12,544,ocorrências,total,Roubo de carga,standard_vde_indicator,LIMITED_COVERAGE
Roubo de carga,2017,MA,FULL_12_MONTHS,12,12,57,ocorrências,total,Roubo de carga,standard_vde_indicator,LIMITED_COVERAGE
Roubo de carga,2017,MG,FULL_12_MONTHS,12,12,657,ocorrências,total,Roubo de carga,standard_vde_indicator,LIMITED_COVERAGE
Roubo de carga,2017,MS,PARTIAL_MONTHS,12,0,0,ocorrências,total,Roubo de carga,standard_vde_indicator,LIMITED_COVERAGE
Roubo de carga,2017,MT,FULL_12_MONTHS,12,12,20,ocorrências,total,Roubo de carga,standard_vde_indicator,LIMITED_COVERAGE
Roubo de carga,2017,PA,FULL_12_MONTHS,12,12,129,ocorrências,total,Roubo de carga,standard_vde_indicator,LIMITED_COVERAGE
Roubo de carga,2017,PB,FULL_12_MONTHS,12,12,2,ocorrências,total,Roubo de carga,standard_vde_indicator,LIMITED_COVERAGE
Roubo de carga,2017,PE,FULL_12_MONTHS,12,12,668,ocorrências,total,Roubo de carga,standard_vde_indicator,LIMITED_COVERAGE
Roubo de carga,2017,PI,FULL_12_MONTHS,12,12,29,ocorrências,total,Roubo de carga,standard_vde_indicator,LIMITED_COVERAGE
Roubo de carga,2017,PR,FULL_12_MONTHS,12,12,849,ocorrências,total,Roubo de carga,standard_vde_indicator,LIMITED_COVERAGE
Roubo de carga,2017,RJ,FULL_12_MONTHS,12,12,10599,ocorrências,total,Roubo de carga,standard_vde_indicator,LIMITED_COVERAGE
Roubo de carga,2017,RN,FULL_12_MONTHS,12,12,17,ocorrências,total,Roubo de carga,standard_vde_indicator,LIMITED_COVERAGE
Roubo de carga,2017,RO,FULL_12_MONTHS,12,12,0,ocorrências,total,Roubo de carga,standard_vde_indicator,LIMITED_COVERAGE
Roubo de carga,2017,RR,FULL_12_MONTHS,12,12,1,ocorrências,total,Roubo de carga,standard_vde_indicator,LIMITED_COVERAGE
Roubo de carga,2017,RS,FULL_12_MONTHS,12,12,414,ocorrências,total,Roubo de carga,standard_vde_indicator,LIMITED_COVERAGE
Roubo de carga,2017,SC,FULL_12_MONTHS,12,12,209,ocorrências,total,Roubo de carga,standard_vde_indicator,LIMITED_COVERAGE
Roubo de carga,2017,SE,PARTIAL_MONTHS,12,0,0,ocorrências,total,Roubo de carga,standard_vde_indicator,LIMITED_COVERAGE
Roubo de carga,2017,SP,FULL_12_MONTHS,12,12,10584,ocorrências,total,Roubo de carga,standard_vde_indicator,LIMITED_COVERAGE
Roubo de carga,2017,TO,FULL_12_MONTHS,12,12,6,ocorrências,total,Roubo de carga,standard_vde_indicator,LIMITED_COVERAGE
Roubo de carga,2018,AC,FULL_12_MONTHS,12,12,0,ocorrências,total,Roubo de carga,standard_vde_indicator,LIMITED_COVERAGE
Roubo de carga,2018,AL,FULL_12_MONTHS,12,12,84,ocorrências,total,Roubo de carga,standard_vde_indicator,LIMITED_COVERAGE
Roubo de carga,2018,AM,FULL_12_MONTHS,12,12,2,ocorrências,total,Roubo de carga,standard_vde_indicator,LIMITED_COVERAGE
Roubo de carga,2018,AP,FULL_12_MONTHS,12,12,3,ocorrências,total,Roubo de carga,standard_vde_indicator,LIMITED_COVERAGE
Roubo de carga,2018,BA,FULL_12_MONTHS,12,12,304,ocorrências,total,Roubo de carga,standard_vde_indicator,LIMITED_COVERAGE
Roubo de carga,2018,CE,FULL_12_MONTHS,12,12,244,ocorrências,total,Roubo de carga,standard_vde_indicator,LIMITED_COVERAGE
Roubo de carga,2018,DF,FULL_12_MONTHS,12,12,63,ocorrências,total,Roubo de carga,standard_vde_indicator,LIMITED_COVERAGE
Roubo de carga,2018,ES,FULL_12_MONTHS,12,12,36,ocorrências,total,Roubo de carga,standard_vde_indicator,LIMITED_COVERAGE
Roubo de carga,2018,GO,FULL_12_MONTHS,12,12,435,ocorrências,total,Roubo de carga,standard_vde_indicator,LIMITED_COVERAGE
Roubo de carga,2018,MA,FULL_12_MONTHS,12,12,37,ocorrências,total,Roubo de carga,standard_vde_indicator,LIMITED_COVERAGE
Roubo de carga,2018,MG,FULL_12_MONTHS,12,12,531,ocorrências,total,Roubo de carga,standard_vde_indicator,LIMITED_COVERAGE
Roubo de carga,2018,MS,PARTIAL_MONTHS,12,0,0,ocorrências,total,Roubo de carga,standard_vde_indicator,LIMITED_COVERAGE
Roubo de carga,2018,MT,FULL_12_MONTHS,12,12,17,ocorrências,total,Roubo de carga,standard_vde_indicator,LIMITED_COVERAGE
Roubo de carga,2018,PA,FULL_12_MONTHS,12,12,115,ocorrências,total,Roubo de carga,standard_vde_indicator,LIMITED_COVERAGE
Roubo de carga,2018,PB,FULL_12_MONTHS,12,12,6,ocorrências,total,Roubo de carga,standard_vde_indicator,LIMITED_COVERAGE
Roubo de carga,2018,PE,FULL_12_MONTHS,12,12,582,ocorrências,total,Roubo de carga,standard_vde_indicator,LIMITED_COVERAGE
Roubo de carga,2018,PI,FULL_12_MONTHS,12,12,25,ocorrências,total,Roubo de carga,standard_vde_indicator,LIMITED_COVERAGE
Roubo de carga,2018,PR,FULL_12_MONTHS,12,12,695,ocorrências,total,Roubo de carga,standard_vde_indicator,LIMITED_COVERAGE
Roubo de carga,2018,RJ,FULL_12_MONTHS,12,12,9182,ocorrências,total,Roubo de carga,standard_vde_indicator,LIMITED_COVERAGE
Roubo de carga,2018,RN,FULL_12_MONTHS,12,12,36,ocorrências,total,Roubo de carga,standard_vde_indicator,LIMITED_COVERAGE
Roubo de carga,2018,RO,FULL_12_MONTHS,12,12,0,ocorrências,total,Roubo de carga,standard_vde_indicator,LIMITED_COVERAGE
Roubo de carga,2018,RR,FULL_12_MONTHS,12,12,1,ocorrências,total,Roubo de carga,standard_vde_indicator,LIMITED_COVERAGE
Roubo de carga,2018,RS,FULL_12_MONTHS,12,12,396,ocorrências,total,Roubo de carga,standard_vde_indicator,LIMITED_COVERAGE
Roubo de carga,2018,SC,FULL_12_MONTHS,12,12,151,ocorrências,total,Roubo de carga,standard_vde_indicator,LIMITED_COVERAGE
Roubo de carga,2018,SE,PARTIAL_MONTHS,12,0,0,ocorrências,total,Roubo de carga,standard_vde_indicator,LIMITED_COVERAGE
Roubo de carga,2018,SP,FULL_12_MONTHS,12,12,8738,ocorrências,total,Roubo de carga,standard_vde_indicator,LIMITED_COVERAGE
Roubo de carga,2018,TO,FULL_12_MONTHS,12,12,0,ocorrências,total,Roubo de carga,standard_vde_indicator,LIMITED_COVERAGE
Roubo de carga,2019,AC,FULL_12_MONTHS,12,12,0,ocorrências,total,Roubo de carga,standard_vde_indicator,LIMITED_COVERAGE
Roubo de carga,2019,AL,FULL_12_MONTHS,12,12,39,ocorrências,total,Roubo de carga,standard_vde_indicator,LIMITED_COVERAGE
Roubo de carga,2019,AM,FULL_12_MONTHS,12,12,8,ocorrências,total,Roubo de carga,standard_vde_indicator,LIMITED_COVERAGE
Roubo de carga,2019,AP,FULL_12_MONTHS,12,12,10,ocorrências,total,Roubo de carga,standard_vde_indicator,LIMITED_COVERAGE
Roubo de carga,2019,BA,FULL_12_MONTHS,12,12,274,ocorrências,total,Roubo de carga,standard_vde_indicator,LIMITED_COVERAGE
Roubo de carga,2019,CE,FULL_12_MONTHS,12,12,90,ocorrências,total,Roubo de carga,standard_vde_indicator,LIMITED_COVERAGE
Roubo de carga,2019,DF,FULL_12_MONTHS,12,12,35,ocorrências,total,Roubo de carga,standard_vde_indicator,LIMITED_COVERAGE
Roubo de carga,2019,ES,FULL_12_MONTHS,12,12,20,ocorrências,total,Roubo de carga,standard_vde_indicator,LIMITED_COVERAGE
Roubo de carga,2019,GO,FULL_12_MONTHS,12,12,177,ocorrências,total,Roubo de carga,standard_vde_indicator,LIMITED_COVERAGE
Roubo de carga,2019,MA,FULL_12_MONTHS,12,12,42,ocorrências,total,Roubo de carga,standard_vde_indicator,LIMITED_COVERAGE
Roubo de carga,2019,MG,FULL_12_MONTHS,12,12,368,ocorrências,total,Roubo de carga,standard_vde_indicator,LIMITED_COVERAGE
Roubo de carga,2019,MS,PARTIAL_MONTHS,12,0,0,ocorrências,total,Roubo de carga,standard_vde_indicator,LIMITED_COVERAGE
Roubo de carga,2019,MT,FULL_12_MONTHS,12,12,82,ocorrências,total,Roubo de carga,standard_vde_indicator,LIMITED_COVERAGE
Roubo de carga,2019,PA,FULL_12_MONTHS,12,12,162,ocorrências,total,Roubo de carga,standard_vde_indicator,LIMITED_COVERAGE
Roubo de carga,2019,PB,FULL_12_MONTHS,12,12,17,ocorrências,total,Roubo de carga,standard_vde_indicator,LIMITED_COVERAGE
Roubo de carga,2019,PE,FULL_12_MONTHS,12,12,573,ocorrências,total,Roubo de carga,standard_vde_indicator,LIMITED_COVERAGE
Roubo de carga,2019,PI,FULL_12_MONTHS,12,12,14,ocorrências,total,Roubo de carga,standard_vde_indicator,LIMITED_COVERAGE
Roubo de carga,2019,PR,FULL_12_MONTHS,12,12,625,ocorrências,total,Roubo de carga,standard_vde_indicator,LIMITED_COVERAGE
Roubo de carga,2019,RJ,FULL_12_MONTHS,12,12,7456,ocorrências,total,Roubo de carga,standard_vde_indicator,LIMITED_COVERAGE
Roubo de carga,2019,RN,FULL_12_MONTHS,12,12,19,ocorrências,total,Roubo de carga,standard_vde_indicator,LIMITED_COVERAGE
Roubo de carga,2019,RO,FULL_12_MONTHS,12,12,0,ocorrências,total,Roubo de carga,standard_vde_indicator,LIMITED_COVERAGE
Roubo de carga,2019,RR,FULL_12_MONTHS,12,12,1,ocorrências,total,Roubo de carga,standard_vde_indicator,LIMITED_COVERAGE
Roubo de carga,2019,RS,FULL_12_MONTHS,12,12,307,ocorrências,total,Roubo de carga,standard_vde_indicator,LIMITED_COVERAGE
Roubo de carga,2019,SC,FULL_12_MONTHS,12,12,38,ocorrências,total,Roubo de carga,standard_vde_indicator,LIMITED_COVERAGE
Roubo de carga,2019,SE,PARTIAL_MONTHS,12,0,0,ocorrências,total,Roubo de carga,standard_vde_indicator,LIMITED_COVERAGE
Roubo de carga,2019,SP,FULL_12_MONTHS,12,12,7325,ocorrências,total,Roubo de carga,standard_vde_indicator,LIMITED_COVERAGE
Roubo de carga,2019,TO,FULL_12_MONTHS,12,12,1,ocorrências,total,Roubo de carga,standard_vde_indicator,LIMITED_COVERAGE
Roubo de carga,2020,AC,FULL_12_MONTHS,12,12,0,ocorrências,total,Roubo de carga,standard_vde_indicator,LIMITED_COVERAGE
Roubo de carga,2020,AL,FULL_12_MONTHS,12,12,19,ocorrências,total,Roubo de carga,standard_vde_indicator,LIMITED_COVERAGE
Roubo de carga,2020,AM,FULL_12_MONTHS,12,12,15,ocorrências,total,Roubo de carga,standard_vde_indicator,LIMITED_COVERAGE
Roubo de carga,2020,AP,FULL_12_MONTHS,12,12,0,ocorrências,total,Roubo de carga,standard_vde_indicator,LIMITED_COVERAGE
Roubo de carga,2020,BA,FULL_12_MONTHS,12,12,220,ocorrências,total,Roubo de carga,standard_vde_indicator,LIMITED_COVERAGE
Roubo de carga,2020,CE,FULL_12_MONTHS,12,12,63,ocorrências,total,Roubo de carga,standard_vde_indicator,LIMITED_COVERAGE
Roubo de carga,2020,DF,FULL_12_MONTHS,12,12,30,ocorrências,total,Roubo de carga,standard_vde_indicator,LIMITED_COVERAGE
Roubo de carga,2020,ES,FULL_12_MONTHS,12,12,25,ocorrências,total,Roubo de carga,standard_vde_indicator,LIMITED_COVERAGE
Roubo de carga,2020,GO,FULL_12_MONTHS,12,12,160,ocorrências,total,Roubo de carga,standard_vde_indicator,LIMITED_COVERAGE
Roubo de carga,2020,MA,FULL_12_MONTHS,12,12,28,ocorrências,total,Roubo de carga,standard_vde_indicator,LIMITED_COVERAGE
Roubo de carga,2020,MG,FULL_12_MONTHS,12,12,332,ocorrências,total,Roubo de carga,standard_vde_indicator,LIMITED_COVERAGE
Roubo de carga,2020,MS,FULL_12_MONTHS,12,12,0,ocorrências,total,Roubo de carga,standard_vde_indicator,LIMITED_COVERAGE
Roubo de carga,2020,MT,FULL_12_MONTHS,12,12,89,ocorrências,total,Roubo de carga,standard_vde_indicator,LIMITED_COVERAGE
Roubo de carga,2020,PA,FULL_12_MONTHS,12,12,143,ocorrências,total,Roubo de carga,standard_vde_indicator,LIMITED_COVERAGE
Roubo de carga,2020,PB,FULL_12_MONTHS,12,12,12,ocorrências,total,Roubo de carga,standard_vde_indicator,LIMITED_COVERAGE
Roubo de carga,2020,PE,FULL_12_MONTHS,12,12,530,ocorrências,total,Roubo de carga,standard_vde_indicator,LIMITED_COVERAGE
Roubo de carga,2020,PI,FULL_12_MONTHS,12,12,12,ocorrências,total,Roubo de carga,standard_vde_indicator,LIMITED_COVERAGE
Roubo de carga,2020,PR,FULL_12_MONTHS,12,12,472,ocorrências,total,Roubo de carga,standard_vde_indicator,LIMITED_COVERAGE
Roubo de carga,2020,RJ,FULL_12_MONTHS,12,12,4985,ocorrências,total,Roubo de carga,standard_vde_indicator,LIMITED_COVERAGE
Roubo de carga,2020,RN,FULL_12_MONTHS,12,12,9,ocorrências,total,Roubo de carga,standard_vde_indicator,LIMITED_COVERAGE
Roubo de carga,2020,RO,PARTIAL_MONTHS,12,0,0,ocorrências,total,Roubo de carga,standard_vde_indicator,LIMITED_COVERAGE
Roubo de carga,2020,RR,FULL_12_MONTHS,12,12,0,ocorrências,total,Roubo de carga,standard_vde_indicator,LIMITED_COVERAGE
Roubo de carga,2020,RS,FULL_12_MONTHS,12,12,204,ocorrências,total,Roubo de carga,standard_vde_indicator,LIMITED_COVERAGE
Roubo de carga,2020,SC,FULL_12_MONTHS,12,12,15,ocorrências,total,Roubo de carga,standard_vde_indicator,LIMITED_COVERAGE
Roubo de carga,2020,SE,PARTIAL_MONTHS,12,0,0,ocorrências,total,Roubo de carga,standard_vde_indicator,LIMITED_COVERAGE
Roubo de carga,2020,SP,FULL_12_MONTHS,12,12,5918,ocorrências,total,Roubo de carga,standard_vde_indicator,LIMITED_COVERAGE
Roubo de carga,2020,TO,FULL_12_MONTHS,12,12,2,ocorrências,total,Roubo de carga,standard_vde_indicator,LIMITED_COVERAGE
Roubo de carga,2021,AC,FULL_12_MONTHS,12,12,0,ocorrências,total,Roubo de carga,standard_vde_indicator,LIMITED_COVERAGE
Roubo de carga,2021,AL,FULL_12_MONTHS,12,12,15,ocorrências,total,Roubo de carga,standard_vde_indicator,LIMITED_COVERAGE
Roubo de carga,2021,AM,FULL_12_MONTHS,12,12,19,ocorrências,total,Roubo de carga,standard_vde_indicator,LIMITED_COVERAGE
Roubo de carga,2021,AP,FULL_12_MONTHS,12,12,0,ocorrências,total,Roubo de carga,standard_vde_indicator,LIMITED_COVERAGE
Roubo de carga,2021,BA,FULL_12_MONTHS,12,12,223,ocorrências,total,Roubo de carga,standard_vde_indicator,LIMITED_COVERAGE
Roubo de carga,2021,CE,FULL_12_MONTHS,12,12,45,ocorrências,total,Roubo de carga,standard_vde_indicator,LIMITED_COVERAGE
Roubo de carga,2021,DF,FULL_12_MONTHS,12,12,22,ocorrências,total,Roubo de carga,standard_vde_indicator,LIMITED_COVERAGE
Roubo de carga,2021,ES,FULL_12_MONTHS,12,12,27,ocorrências,total,Roubo de carga,standard_vde_indicator,LIMITED_COVERAGE
Roubo de carga,2021,GO,FULL_12_MONTHS,12,12,284,ocorrências,total,Roubo de carga,standard_vde_indicator,LIMITED_COVERAGE
Roubo de carga,2021,MA,FULL_12_MONTHS,12,12,92,ocorrências,total,Roubo de carga,standard_vde_indicator,LIMITED_COVERAGE
Roubo de carga,2021,MG,FULL_12_MONTHS,12,12,304,ocorrências,total,Roubo de carga,standard_vde_indicator,LIMITED_COVERAGE
Roubo de carga,2021,MS,FULL_12_MONTHS,12,12,0,ocorrências,total,Roubo de carga,standard_vde_indicator,LIMITED_COVERAGE
Roubo de carga,2021,MT,FULL_12_MONTHS,12,12,229,ocorrências,total,Roubo de carga,standard_vde_indicator,LIMITED_COVERAGE
Roubo de carga,2021,PA,FULL_12_MONTHS,12,12,86,ocorrências,total,Roubo de carga,standard_vde_indicator,LIMITED_COVERAGE
Roubo de carga,2021,PB,FULL_12_MONTHS,12,12,19,ocorrências,total,Roubo de carga,standard_vde_indicator,LIMITED_COVERAGE
Roubo de carga,2021,PE,FULL_12_MONTHS,12,12,367,ocorrências,total,Roubo de carga,standard_vde_indicator,LIMITED_COVERAGE
Roubo de carga,2021,PI,FULL_12_MONTHS,12,12,17,ocorrências,total,Roubo de carga,standard_vde_indicator,LIMITED_COVERAGE
Roubo de carga,2021,PR,FULL_12_MONTHS,12,12,550,ocorrências,total,Roubo de carga,standard_vde_indicator,LIMITED_COVERAGE
Roubo de carga,2021,RJ,FULL_12_MONTHS,12,12,4523,ocorrências,total,Roubo de carga,standard_vde_indicator,LIMITED_COVERAGE
Roubo de carga,2021,RN,FULL_12_MONTHS,12,12,12,ocorrências,total,Roubo de carga,standard_vde_indicator,LIMITED_COVERAGE
Roubo de carga,2021,RO,FULL_12_MONTHS,12,12,0,ocorrências,total,Roubo de carga,standard_vde_indicator,LIMITED_COVERAGE
Roubo de carga,2021,RR,FULL_12_MONTHS,12,12,7,ocorrências,total,Roubo de carga,standard_vde_indicator,LIMITED_COVERAGE
Roubo de carga,2021,RS,FULL_12_MONTHS,12,12,172,ocorrências,total,Roubo de carga,standard_vde_indicator,LIMITED_COVERAGE
Roubo de carga,2021,SC,FULL_12_MONTHS,12,12,17,ocorrências,total,Roubo de carga,standard_vde_indicator,LIMITED_COVERAGE
Roubo de carga,2021,SE,FULL_12_MONTHS,12,12,4,ocorrências,total,Roubo de carga,standard_vde_indicator,LIMITED_COVERAGE
Roubo de carga,2021,SP,FULL_12_MONTHS,12,12,6529,ocorrências,total,Roubo de carga,standard_vde_indicator,LIMITED_COVERAGE
Roubo de carga,2021,TO,FULL_12_MONTHS,12,12,0,ocorrências,total,Roubo de carga,standard_vde_indicator,LIMITED_COVERAGE
Roubo de carga,2022,AC,FULL_12_MONTHS,12,12,0,ocorrências,total,Roubo de carga,standard_vde_indicator,LIMITED_COVERAGE
Roubo de carga,2022,AL,FULL_12_MONTHS,12,12,26,ocorrências,total,Roubo de carga,standard_vde_indicator,LIMITED_COVERAGE
Roubo de carga,2022,AM,FULL_12_MONTHS,12,12,22,ocorrências,total,Roubo de carga,standard_vde_indicator,LIMITED_COVERAGE
Roubo de carga,2022,AP,FULL_12_MONTHS,12,12,0,ocorrências,total,Roubo de carga,standard_vde_indicator,LIMITED_COVERAGE
Roubo de carga,2022,BA,FULL_12_MONTHS,12,12,325,ocorrências,total,Roubo de carga,standard_vde_indicator,LIMITED_COVERAGE
Roubo de carga,2022,CE,FULL_12_MONTHS,12,12,70,ocorrências,total,Roubo de carga,standard_vde_indicator,LIMITED_COVERAGE
Roubo de carga,2022,DF,FULL_12_MONTHS,12,12,22,ocorrências,total,Roubo de carga,standard_vde_indicator,LIMITED_COVERAGE
Roubo de carga,2022,ES,FULL_12_MONTHS,12,12,35,ocorrências,total,Roubo de carga,standard_vde_indicator,LIMITED_COVERAGE
Roubo de carga,2022,GO,FULL_12_MONTHS,12,12,87,ocorrências,total,Roubo de carga,standard_vde_indicator,LIMITED_COVERAGE
Roubo de carga,2022,MA,FULL_12_MONTHS,12,12,145,ocorrências,total,Roubo de carga,standard_vde_indicator,LIMITED_COVERAGE
Roubo de carga,2022,MG,FULL_12_MONTHS,12,12,344,ocorrências,total,Roubo de carga,standard_vde_indicator,LIMITED_COVERAGE
Roubo de carga,2022,MS,FULL_12_MONTHS,12,12,0,ocorrências,total,Roubo de carga,standard_vde_indicator,LIMITED_COVERAGE
Roubo de carga,2022,MT,FULL_12_MONTHS,12,12,283,ocorrências,total,Roubo de carga,standard_vde_indicator,LIMITED_COVERAGE
Roubo de carga,2022,PA,FULL_12_MONTHS,12,12,162,ocorrências,total,Roubo de carga,standard_vde_indicator,LIMITED_COVERAGE
Roubo de carga,2022,PB,FULL_12_MONTHS,12,12,21,ocorrências,total,Roubo de carga,standard_vde_indicator,LIMITED_COVERAGE
Roubo de carga,2022,PE,FULL_12_MONTHS,12,12,350,ocorrências,total,Roubo de carga,standard_vde_indicator,LIMITED_COVERAGE
Roubo de carga,2022,PI,FULL_12_MONTHS,12,12,19,ocorrências,total,Roubo de carga,standard_vde_indicator,LIMITED_COVERAGE
Roubo de carga,2022,PR,FULL_12_MONTHS,12,12,474,ocorrências,total,Roubo de carga,standard_vde_indicator,LIMITED_COVERAGE
Roubo de carga,2022,RJ,FULL_12_MONTHS,12,12,4229,ocorrências,total,Roubo de carga,standard_vde_indicator,LIMITED_COVERAGE
Roubo de carga,2022,RN,FULL_12_MONTHS,12,12,30,ocorrências,total,Roubo de carga,standard_vde_indicator,LIMITED_COVERAGE
Roubo de carga,2022,RO,FULL_12_MONTHS,12,12,0,ocorrências,total,Roubo de carga,standard_vde_indicator,LIMITED_COVERAGE
Roubo de carga,2022,RR,FULL_12_MONTHS,12,12,6,ocorrências,total,Roubo de carga,standard_vde_indicator,LIMITED_COVERAGE
Roubo de carga,2022,RS,FULL_12_MONTHS,12,12,122,ocorrências,total,Roubo de carga,standard_vde_indicator,LIMITED_COVERAGE
Roubo de carga,2022,SC,FULL_12_MONTHS,12,12,23,ocorrências,total,Roubo de carga,standard_vde_indicator,LIMITED_COVERAGE
Roubo de carga,2022,SE,FULL_12_MONTHS,12,12,0,ocorrências,total,Roubo de carga,standard_vde_indicator,LIMITED_COVERAGE
Roubo de carga,2022,SP,FULL_12_MONTHS,12,12,6331,ocorrências,total,Roubo de carga,standard_vde_indicator,LIMITED_COVERAGE
Roubo de carga,2022,TO,FULL_12_MONTHS,12,12,0,ocorrências,total,Roubo de carga,standard_vde_indicator,LIMITED_COVERAGE
Roubo de carga,2023,AC,FULL_12_MONTHS,12,12,1,ocorrências,total,Roubo de carga,standard_vde_indicator,LIMITED_COVERAGE
Roubo de carga,2023,AL,FULL_12_MONTHS,12,12,17,ocorrências,total,Roubo de carga,standard_vde_indicator,LIMITED_COVERAGE
Roubo de carga,2023,AM,FULL_12_MONTHS,12,12,22,ocorrências,total,Roubo de carga,standard_vde_indicator,LIMITED_COVERAGE
Roubo de carga,2023,AP,FULL_12_MONTHS,12,12,1,ocorrências,total,Roubo de carga,standard_vde_indicator,LIMITED_COVERAGE
Roubo de carga,2023,BA,FULL_12_MONTHS,12,12,304,ocorrências,total,Roubo de carga,standard_vde_indicator,LIMITED_COVERAGE
Roubo de carga,2023,CE,FULL_12_MONTHS,12,12,107,ocorrências,total,Roubo de carga,standard_vde_indicator,LIMITED_COVERAGE
Roubo de carga,2023,DF,FULL_12_MONTHS,12,12,17,ocorrências,total,Roubo de carga,standard_vde_indicator,LIMITED_COVERAGE
Roubo de carga,2023,ES,FULL_12_MONTHS,12,12,23,ocorrências,total,Roubo de carga,standard_vde_indicator,LIMITED_COVERAGE
Roubo de carga,2023,GO,FULL_12_MONTHS,12,12,41,ocorrências,total,Roubo de carga,standard_vde_indicator,LIMITED_COVERAGE
Roubo de carga,2023,MA,FULL_12_MONTHS,12,12,97,ocorrências,total,Roubo de carga,standard_vde_indicator,LIMITED_COVERAGE
Roubo de carga,2023,MG,FULL_12_MONTHS,12,12,248,ocorrências,total,Roubo de carga,standard_vde_indicator,LIMITED_COVERAGE
Roubo de carga,2023,MS,PARTIAL_MONTHS,12,0,0,ocorrências,total,Roubo de carga,standard_vde_indicator,LIMITED_COVERAGE
Roubo de carga,2023,MT,FULL_12_MONTHS,12,12,143,ocorrências,total,Roubo de carga,standard_vde_indicator,LIMITED_COVERAGE
Roubo de carga,2023,PA,FULL_12_MONTHS,12,12,156,ocorrências,total,Roubo de carga,standard_vde_indicator,LIMITED_COVERAGE
Roubo de carga,2023,PB,FULL_12_MONTHS,12,12,29,ocorrências,total,Roubo de carga,standard_vde_indicator,LIMITED_COVERAGE
Roubo de carga,2023,PE,FULL_12_MONTHS,12,12,393,ocorrências,total,Roubo de carga,standard_vde_indicator,LIMITED_COVERAGE
Roubo de carga,2023,PI,FULL_12_MONTHS,12,12,9,ocorrências,total,Roubo de carga,standard_vde_indicator,LIMITED_COVERAGE
Roubo de carga,2023,PR,FULL_12_MONTHS,12,12,364,ocorrências,total,Roubo de carga,standard_vde_indicator,LIMITED_COVERAGE
Roubo de carga,2023,RJ,FULL_12_MONTHS,12,12,3645,ocorrências,total,Roubo de carga,standard_vde_indicator,LIMITED_COVERAGE
Roubo de carga,2023,RN,FULL_12_MONTHS,12,12,27,ocorrências,total,Roubo de carga,standard_vde_indicator,LIMITED_COVERAGE
Roubo de carga,2023,RO,PARTIAL_MONTHS,12,11,0,ocorrências,total,Roubo de carga,standard_vde_indicator,LIMITED_COVERAGE
Roubo de carga,2023,RR,FULL_12_MONTHS,12,12,0,ocorrências,total,Roubo de carga,standard_vde_indicator,LIMITED_COVERAGE
Roubo de carga,2023,RS,FULL_12_MONTHS,12,12,86,ocorrências,total,Roubo de carga,standard_vde_indicator,LIMITED_COVERAGE
Roubo de carga,2023,SC,FULL_12_MONTHS,12,12,7,ocorrências,total,Roubo de carga,standard_vde_indicator,LIMITED_COVERAGE
Roubo de carga,2023,SE,FULL_12_MONTHS,12,12,7,ocorrências,total,Roubo de carga,standard_vde_indicator,LIMITED_COVERAGE
Roubo de carga,2023,SP,FULL_12_MONTHS,12,12,6063,ocorrências,total,Roubo de carga,standard_vde_indicator,LIMITED_COVERAGE
Roubo de carga,2023,TO,FULL_12_MONTHS,12,12,0,ocorrências,total,Roubo de carga,standard_vde_indicator,LIMITED_COVERAGE
Roubo de carga,2024,AC,FULL_12_MONTHS,12,12,0,ocorrências,total,Roubo de carga,standard_vde_indicator,LIMITED_COVERAGE
Roubo de carga,2024,AL,FULL_12_MONTHS,12,12,22,ocorrências,total,Roubo de carga,standard_vde_indicator,LIMITED_COVERAGE
Roubo de carga,2024,AM,FULL_12_MONTHS,12,12,16,ocorrências,total,Roubo de carga,standard_vde_indicator,LIMITED_COVERAGE
Roubo de carga,2024,AP,FULL_12_MONTHS,12,12,1,ocorrências,total,Roubo de carga,standard_vde_indicator,LIMITED_COVERAGE
Roubo de carga,2024,BA,FULL_12_MONTHS,12,12,183,ocorrências,total,Roubo de carga,standard_vde_indicator,LIMITED_COVERAGE
Roubo de carga,2024,CE,FULL_12_MONTHS,12,12,62,ocorrências,total,Roubo de carga,standard_vde_indicator,LIMITED_COVERAGE
Roubo de carga,2024,DF,FULL_12_MONTHS,12,12,18,ocorrências,total,Roubo de carga,standard_vde_indicator,LIMITED_COVERAGE
Roubo de carga,2024,ES,FULL_12_MONTHS,12,12,12,ocorrências,total,Roubo de carga,standard_vde_indicator,LIMITED_COVERAGE
Roubo de carga,2024,GO,FULL_12_MONTHS,12,12,23,ocorrências,total,Roubo de carga,standard_vde_indicator,LIMITED_COVERAGE
Roubo de carga,2024,MA,FULL_12_MONTHS,12,12,201,ocorrências,total,Roubo de carga,standard_vde_indicator,LIMITED_COVERAGE
Roubo de carga,2024,MG,FULL_12_MONTHS,12,12,214,ocorrências,total,Roubo de carga,standard_vde_indicator,LIMITED_COVERAGE
Roubo de carga,2024,MS,PARTIAL_MONTHS,12,0,0,ocorrências,total,Roubo de carga,standard_vde_indicator,LIMITED_COVERAGE
Roubo de carga,2024,MT,FULL_12_MONTHS,12,12,85,ocorrências,total,Roubo de carga,standard_vde_indicator,LIMITED_COVERAGE
Roubo de carga,2024,PA,FULL_12_MONTHS,12,12,117,ocorrências,total,Roubo de carga,standard_vde_indicator,LIMITED_COVERAGE
Roubo de carga,2024,PB,FULL_12_MONTHS,12,12,13,ocorrências,total,Roubo de carga,standard_vde_indicator,LIMITED_COVERAGE
Roubo de carga,2024,PE,FULL_12_MONTHS,12,12,331,ocorrências,total,Roubo de carga,standard_vde_indicator,LIMITED_COVERAGE
Roubo de carga,2024,PI,FULL_12_MONTHS,12,12,25,ocorrências,total,Roubo de carga,standard_vde_indicator,LIMITED_COVERAGE
Roubo de carga,2024,PR,FULL_12_MONTHS,12,12,239,ocorrências,total,Roubo de carga,standard_vde_indicator,LIMITED_COVERAGE
Roubo de carga,2024,RJ,FULL_12_MONTHS,12,12,3973,ocorrências,total,Roubo de carga,standard_vde_indicator,LIMITED_COVERAGE
Roubo de carga,2024,RN,FULL_12_MONTHS,12,12,35,ocorrências,total,Roubo de carga,standard_vde_indicator,LIMITED_COVERAGE
Roubo de carga,2024,RO,FULL_12_MONTHS,12,12,0,ocorrências,total,Roubo de carga,standard_vde_indicator,LIMITED_COVERAGE
Roubo de carga,2024,RR,FULL_12_MONTHS,12,12,2,ocorrências,total,Roubo de carga,standard_vde_indicator,LIMITED_COVERAGE
Roubo de carga,2024,RS,FULL_12_MONTHS,12,12,38,ocorrências,total,Roubo de carga,standard_vde_indicator,LIMITED_COVERAGE
Roubo de carga,2024,SC,FULL_12_MONTHS,12,12,23,ocorrências,total,Roubo de carga,standard_vde_indicator,LIMITED_COVERAGE
Roubo de carga,2024,SE,FULL_12_MONTHS,12,12,0,ocorrências,total,Roubo de carga,standard_vde_indicator,LIMITED_COVERAGE
Roubo de carga,2024,SP,FULL_12_MONTHS,12,12,4711,ocorrências,total,Roubo de carga,standard_vde_indicator,LIMITED_COVERAGE
Roubo de carga,2024,TO,FULL_12_MONTHS,12,12,0,ocorrências,total,Roubo de carga,standard_vde_indicator,LIMITED_COVERAGE
Roubo de carga,2025,AC,FULL_12_MONTHS,12,12,1,ocorrências,total,Roubo de carga,standard_vde_indicator,LIMITED_COVERAGE
Roubo de carga,2025,AL,FULL_12_MONTHS,12,12,9,ocorrências,total,Roubo de carga,standard_vde_indicator,LIMITED_COVERAGE
Roubo de carga,2025,AM,FULL_12_MONTHS,12,12,21,ocorrências,total,Roubo de carga,standard_vde_indicator,LIMITED_COVERAGE
Roubo de carga,2025,AP,FULL_12_MONTHS,12,12,0,ocorrências,total,Roubo de carga,standard_vde_indicator,LIMITED_COVERAGE
Roubo de carga,2025,BA,FULL_12_MONTHS,12,12,209,ocorrências,total,Roubo de carga,standard_vde_indicator,LIMITED_COVERAGE
Roubo de carga,2025,CE,FULL_12_MONTHS,12,12,70,ocorrências,total,Roubo de carga,standard_vde_indicator,LIMITED_COVERAGE
Roubo de carga,2025,DF,FULL_12_MONTHS,12,12,5,ocorrências,total,Roubo de carga,standard_vde_indicator,LIMITED_COVERAGE
Roubo de carga,2025,ES,FULL_12_MONTHS,12,12,7,ocorrências,total,Roubo de carga,standard_vde_indicator,LIMITED_COVERAGE
Roubo de carga,2025,GO,FULL_12_MONTHS,12,12,10,ocorrências,total,Roubo de carga,standard_vde_indicator,LIMITED_COVERAGE
Roubo de carga,2025,MA,FULL_12_MONTHS,12,12,139,ocorrências,total,Roubo de carga,standard_vde_indicator,LIMITED_COVERAGE
Roubo de carga,2025,MG,FULL_12_MONTHS,12,12,132,ocorrências,total,Roubo de carga,standard_vde_indicator,LIMITED_COVERAGE
Roubo de carga,2025,MS,PARTIAL_MONTHS,12,10,0,ocorrências,total,Roubo de carga,standard_vde_indicator,LIMITED_COVERAGE
Roubo de carga,2025,MT,FULL_12_MONTHS,12,12,50,ocorrências,total,Roubo de carga,standard_vde_indicator,LIMITED_COVERAGE
Roubo de carga,2025,PA,FULL_12_MONTHS,12,12,128,ocorrências,total,Roubo de carga,standard_vde_indicator,LIMITED_COVERAGE
Roubo de carga,2025,PB,FULL_12_MONTHS,12,12,8,ocorrências,total,Roubo de carga,standard_vde_indicator,LIMITED_COVERAGE
Roubo de carga,2025,PE,FULL_12_MONTHS,12,12,296,ocorrências,total,Roubo de carga,standard_vde_indicator,LIMITED_COVERAGE
Roubo de carga,2025,PI,FULL_12_MONTHS,12,12,20,ocorrências,total,Roubo de carga,standard_vde_indicator,LIMITED_COVERAGE
Roubo de carga,2025,PR,FULL_12_MONTHS,12,12,141,ocorrências,total,Roubo de carga,standard_vde_indicator,LIMITED_COVERAGE
Roubo de carga,2025,RJ,FULL_12_MONTHS,12,12,3777,ocorrências,total,Roubo de carga,standard_vde_indicator,LIMITED_COVERAGE
Roubo de carga,2025,RN,FULL_12_MONTHS,12,12,13,ocorrências,total,Roubo de carga,standard_vde_indicator,LIMITED_COVERAGE
Roubo de carga,2025,RO,FULL_12_MONTHS,12,12,0,ocorrências,total,Roubo de carga,standard_vde_indicator,LIMITED_COVERAGE
Roubo de carga,2025,RR,FULL_12_MONTHS,12,12,3,ocorrências,total,Roubo de carga,standard_vde_indicator,LIMITED_COVERAGE
Roubo de carga,2025,RS,FULL_12_MONTHS,12,12,42,ocorrências,total,Roubo de carga,standard_vde_indicator,LIMITED_COVERAGE
Roubo de carga,2025,SC,FULL_12_MONTHS,12,12,13,ocorrências,total,Roubo de carga,standard_vde_indicator,LIMITED_COVERAGE
Roubo de carga,2025,SE,FULL_12_MONTHS,12,12,0,ocorrências,total,Roubo de carga,standard_vde_indicator,LIMITED_COVERAGE
Roubo de carga,2025,SP,FULL_12_MONTHS,12,12,3470,ocorrências,total,Roubo de carga,standard_vde_indicator,LIMITED_COVERAGE
Roubo de carga,2025,TO,FULL_12_MONTHS,12,12,1,ocorrências,total,Roubo de carga,standard_vde_indicator,LIMITED_COVERAGE
Roubo a instituição financeira,2015,AC,PARTIAL_MONTHS,12,0,0,ocorrências,total,Roubo a instituição financeira,standard_vde_indicator,LIMITED_COVERAGE
Roubo a instituição financeira,2015,AL,FULL_12_MONTHS,12,12,21,ocorrências,total,Roubo a instituição financeira,standard_vde_indicator,LIMITED_COVERAGE
Roubo a instituição financeira,2015,AM,FULL_12_MONTHS,12,12,4,ocorrências,total,Roubo a instituição financeira,standard_vde_indicator,LIMITED_COVERAGE
Roubo a instituição financeira,2015,AP,FULL_12_MONTHS,12,12,1,ocorrências,total,Roubo a instituição financeira,standard_vde_indicator,LIMITED_COVERAGE
Roubo a instituição financeira,2015,BA,FULL_12_MONTHS,12,12,70,ocorrências,total,Roubo a instituição financeira,standard_vde_indicator,LIMITED_COVERAGE
Roubo a instituição financeira,2015,CE,FULL_12_MONTHS,12,12,20,ocorrências,total,Roubo a instituição financeira,standard_vde_indicator,LIMITED_COVERAGE
Roubo a instituição financeira,2015,DF,FULL_12_MONTHS,12,12,8,ocorrências,total,Roubo a instituição financeira,standard_vde_indicator,LIMITED_COVERAGE
Roubo a instituição financeira,2015,ES,NOT_REPORTED,0,0,,ocorrências,total,,standard_vde_indicator,LIMITED_COVERAGE
Roubo a instituição financeira,2015,GO,PARTIAL_MONTHS,12,0,0,ocorrências,total,Roubo a instituição financeira,standard_vde_indicator,LIMITED_COVERAGE
Roubo a instituição financeira,2015,MA,FULL_12_MONTHS,12,12,152,ocorrências,total,Roubo a instituição financeira,standard_vde_indicator,LIMITED_COVERAGE
Roubo a instituição financeira,2015,MG,FULL_12_MONTHS,12,12,112,ocorrências,total,Roubo a instituição financeira,standard_vde_indicator,LIMITED_COVERAGE
Roubo a instituição financeira,2015,MS,PARTIAL_MONTHS,12,0,0,ocorrências,total,Roubo a instituição financeira,standard_vde_indicator,LIMITED_COVERAGE
Roubo a instituição financeira,2015,MT,FULL_12_MONTHS,12,12,33,ocorrências,total,Roubo a instituição financeira,standard_vde_indicator,LIMITED_COVERAGE
Roubo a instituição financeira,2015,PA,FULL_12_MONTHS,12,12,33,ocorrências,total,Roubo a instituição financeira,standard_vde_indicator,LIMITED_COVERAGE
Roubo a instituição financeira,2015,PB,FULL_12_MONTHS,12,12,101,ocorrências,total,Roubo a instituição financeira,standard_vde_indicator,LIMITED_COVERAGE
Roubo a instituição financeira,2015,PE,FULL_12_MONTHS,12,12,58,ocorrências,total,Roubo a instituição financeira,standard_vde_indicator,LIMITED_COVERAGE
Roubo a instituição financeira,2015,PI,FULL_12_MONTHS,12,12,19,ocorrências,total,Roubo a instituição financeira,standard_vde_indicator,LIMITED_COVERAGE
Roubo a instituição financeira,2015,PR,PARTIAL_MONTHS,12,0,0,ocorrências,total,Roubo a instituição financeira,standard_vde_indicator,LIMITED_COVERAGE
Roubo a instituição financeira,2015,RJ,FULL_12_MONTHS,12,12,60,ocorrências,total,Roubo a instituição financeira,standard_vde_indicator,LIMITED_COVERAGE
Roubo a instituição financeira,2015,RN,FULL_12_MONTHS,12,12,60,ocorrências,total,Roubo a instituição financeira,standard_vde_indicator,LIMITED_COVERAGE
Roubo a instituição financeira,2015,RO,PARTIAL_MONTHS,12,3,5,ocorrências,total,Roubo a instituição financeira,standard_vde_indicator,LIMITED_COVERAGE
Roubo a instituição financeira,2015,RR,FULL_12_MONTHS,12,12,0,ocorrências,total,Roubo a instituição financeira,standard_vde_indicator,LIMITED_COVERAGE
Roubo a instituição financeira,2015,RS,FULL_12_MONTHS,12,12,77,ocorrências,total,Roubo a instituição financeira,standard_vde_indicator,LIMITED_COVERAGE
Roubo a instituição financeira,2015,SC,FULL_12_MONTHS,12,12,49,ocorrências,total,Roubo a instituição financeira,standard_vde_indicator,LIMITED_COVERAGE
Roubo a instituição financeira,2015,SE,PARTIAL_MONTHS,12,0,0,ocorrências,total,Roubo a instituição financeira,standard_vde_indicator,LIMITED_COVERAGE
Roubo a instituição financeira,2015,SP,FULL_12_MONTHS,12,12,159,ocorrências,total,Roubo a instituição financeira,standard_vde_indicator,LIMITED_COVERAGE
Roubo a instituição financeira,2015,TO,FULL_12_MONTHS,12,12,23,ocorrências,total,Roubo a instituição financeira,standard_vde_indicator,LIMITED_COVERAGE
Roubo a instituição financeira,2016,AC,PARTIAL_MONTHS,12,0,0,ocorrências,total,Roubo a instituição financeira,standard_vde_indicator,LIMITED_COVERAGE
Roubo a instituição financeira,2016,AL,FULL_12_MONTHS,12,12,30,ocorrências,total,Roubo a instituição financeira,standard_vde_indicator,LIMITED_COVERAGE
Roubo a instituição financeira,2016,AM,FULL_12_MONTHS,12,12,5,ocorrências,total,Roubo a instituição financeira,standard_vde_indicator,LIMITED_COVERAGE
Roubo a instituição financeira,2016,AP,FULL_12_MONTHS,12,12,12,ocorrências,total,Roubo a instituição financeira,standard_vde_indicator,LIMITED_COVERAGE
Roubo a instituição financeira,2016,BA,FULL_12_MONTHS,12,12,26,ocorrências,total,Roubo a instituição financeira,standard_vde_indicator,LIMITED_COVERAGE
Roubo a instituição financeira,2016,CE,FULL_12_MONTHS,12,12,8,ocorrências,total,Roubo a instituição financeira,standard_vde_indicator,LIMITED_COVERAGE
Roubo a instituição financeira,2016,DF,FULL_12_MONTHS,12,12,5,ocorrências,total,Roubo a instituição financeira,standard_vde_indicator,LIMITED_COVERAGE
Roubo a instituição financeira,2016,ES,PARTIAL_MONTHS,12,0,0,ocorrências,total,Roubo a instituição financeira,standard_vde_indicator,LIMITED_COVERAGE
Roubo a instituição financeira,2016,GO,PARTIAL_MONTHS,12,9,25,ocorrências,total,Roubo a instituição financeira,standard_vde_indicator,LIMITED_COVERAGE
Roubo a instituição financeira,2016,MA,FULL_12_MONTHS,12,12,79,ocorrências,total,Roubo a instituição financeira,standard_vde_indicator,LIMITED_COVERAGE
Roubo a instituição financeira,2016,MG,FULL_12_MONTHS,12,12,82,ocorrências,total,Roubo a instituição financeira,standard_vde_indicator,LIMITED_COVERAGE
Roubo a instituição financeira,2016,MS,FULL_12_MONTHS,12,12,4,ocorrências,total,Roubo a instituição financeira,standard_vde_indicator,LIMITED_COVERAGE
Roubo a instituição financeira,2016,MT,FULL_12_MONTHS,12,12,25,ocorrências,total,Roubo a instituição financeira,standard_vde_indicator,LIMITED_COVERAGE
Roubo a instituição financeira,2016,PA,FULL_12_MONTHS,12,12,31,ocorrências,total,Roubo a instituição financeira,standard_vde_indicator,LIMITED_COVERAGE
Roubo a instituição financeira,2016,PB,FULL_12_MONTHS,12,12,97,ocorrências,total,Roubo a instituição financeira,standard_vde_indicator,LIMITED_COVERAGE
Roubo a instituição financeira,2016,PE,FULL_12_MONTHS,12,12,65,ocorrências,total,Roubo a instituição financeira,standard_vde_indicator,LIMITED_COVERAGE
Roubo a instituição financeira,2016,PI,FULL_12_MONTHS,12,12,26,ocorrências,total,Roubo a instituição financeira,standard_vde_indicator,LIMITED_COVERAGE
Roubo a instituição financeira,2016,PR,PARTIAL_MONTHS,12,0,0,ocorrências,total,Roubo a instituição financeira,standard_vde_indicator,LIMITED_COVERAGE
Roubo a instituição financeira,2016,RJ,FULL_12_MONTHS,12,12,75,ocorrências,total,Roubo a instituição financeira,standard_vde_indicator,LIMITED_COVERAGE
Roubo a instituição financeira,2016,RN,FULL_12_MONTHS,12,12,39,ocorrências,total,Roubo a instituição financeira,standard_vde_indicator,LIMITED_COVERAGE
Roubo a instituição financeira,2016,RO,PARTIAL_MONTHS,12,5,5,ocorrências,total,Roubo a instituição financeira,standard_vde_indicator,LIMITED_COVERAGE
Roubo a instituição financeira,2016,RR,FULL_12_MONTHS,12,12,2,ocorrências,total,Roubo a instituição financeira,standard_vde_indicator,LIMITED_COVERAGE
Roubo a instituição financeira,2016,RS,FULL_12_MONTHS,12,12,75,ocorrências,total,Roubo a instituição financeira,standard_vde_indicator,LIMITED_COVERAGE
Roubo a instituição financeira,2016,SC,FULL_12_MONTHS,12,12,41,ocorrências,total,Roubo a instituição financeira,standard_vde_indicator,LIMITED_COVERAGE
Roubo a instituição financeira,2016,SE,FULL_12_MONTHS,12,12,4,ocorrências,total,Roubo a instituição financeira,standard_vde_indicator,LIMITED_COVERAGE
Roubo a instituição financeira,2016,SP,FULL_12_MONTHS,12,12,137,ocorrências,total,Roubo a instituição financeira,standard_vde_indicator,LIMITED_COVERAGE
Roubo a instituição financeira,2016,TO,FULL_12_MONTHS,12,12,32,ocorrências,total,Roubo a instituição financeira,standard_vde_indicator,LIMITED_COVERAGE
Roubo a instituição financeira,2017,AC,PARTIAL_MONTHS,12,0,0,ocorrências,total,Roubo a instituição financeira,standard_vde_indicator,LIMITED_COVERAGE
Roubo a instituição financeira,2017,AL,FULL_12_MONTHS,12,12,21,ocorrências,total,Roubo a instituição financeira,standard_vde_indicator,LIMITED_COVERAGE
Roubo a instituição financeira,2017,AM,FULL_12_MONTHS,12,12,4,ocorrências,total,Roubo a instituição financeira,standard_vde_indicator,LIMITED_COVERAGE
Roubo a instituição financeira,2017,AP,FULL_12_MONTHS,12,12,8,ocorrências,total,Roubo a instituição financeira,standard_vde_indicator,LIMITED_COVERAGE
Roubo a instituição financeira,2017,BA,FULL_12_MONTHS,12,12,28,ocorrências,total,Roubo a instituição financeira,standard_vde_indicator,LIMITED_COVERAGE
Roubo a instituição financeira,2017,CE,FULL_12_MONTHS,12,12,33,ocorrências,total,Roubo a instituição financeira,standard_vde_indicator,LIMITED_COVERAGE
Roubo a instituição financeira,2017,DF,FULL_12_MONTHS,12,12,2,ocorrências,total,Roubo a instituição financeira,standard_vde_indicator,LIMITED_COVERAGE
Roubo a instituição financeira,2017,ES,PARTIAL_MONTHS,12,0,0,ocorrências,total,Roubo a instituição financeira,standard_vde_indicator,LIMITED_COVERAGE
Roubo a instituição financeira,2017,GO,FULL_12_MONTHS,12,12,40,ocorrências,total,Roubo a instituição financeira,standard_vde_indicator,LIMITED_COVERAGE
Roubo a instituição financeira,2017,MA,FULL_12_MONTHS,12,12,74,ocorrências,total,Roubo a instituição financeira,standard_vde_indicator,LIMITED_COVERAGE
Roubo a instituição financeira,2017,MG,FULL_12_MONTHS,12,12,83,ocorrências,total,Roubo a instituição financeira,standard_vde_indicator,LIMITED_COVERAGE
Roubo a instituição financeira,2017,MS,PARTIAL_MONTHS,12,0,0,ocorrências,total,Roubo a instituição financeira,standard_vde_indicator,LIMITED_COVERAGE
Roubo a instituição financeira,2017,MT,FULL_12_MONTHS,12,12,7,ocorrências,total,Roubo a instituição financeira,standard_vde_indicator,LIMITED_COVERAGE
Roubo a instituição financeira,2017,PA,FULL_12_MONTHS,12,12,32,ocorrências,total,Roubo a instituição financeira,standard_vde_indicator,LIMITED_COVERAGE
Roubo a instituição financeira,2017,PB,FULL_12_MONTHS,12,12,76,ocorrências,total,Roubo a instituição financeira,standard_vde_indicator,LIMITED_COVERAGE
Roubo a instituição financeira,2017,PE,FULL_12_MONTHS,12,12,66,ocorrências,total,Roubo a instituição financeira,standard_vde_indicator,LIMITED_COVERAGE
Roubo a instituição financeira,2017,PI,FULL_12_MONTHS,12,12,14,ocorrências,total,Roubo a instituição financeira,standard_vde_indicator,LIMITED_COVERAGE
Roubo a instituição financeira,2017,PR,PARTIAL_MONTHS,12,0,0,ocorrências,total,Roubo a instituição financeira,standard_vde_indicator,LIMITED_COVERAGE
Roubo a instituição financeira,2017,RJ,FULL_12_MONTHS,12,12,82,ocorrências,total,Roubo a instituição financeira,standard_vde_indicator,LIMITED_COVERAGE
Roubo a instituição financeira,2017,RN,FULL_12_MONTHS,12,12,62,ocorrências,total,Roubo a instituição financeira,standard_vde_indicator,LIMITED_COVERAGE
Roubo a instituição financeira,2017,RO,PARTIAL_MONTHS,12,4,5,ocorrências,total,Roubo a instituição financeira,standard_vde_indicator,LIMITED_COVERAGE
Roubo a instituição financeira,2017,RR,FULL_12_MONTHS,12,12,1,ocorrências,total,Roubo a instituição financeira,standard_vde_indicator,LIMITED_COVERAGE
Roubo a instituição financeira,2017,RS,FULL_12_MONTHS,12,12,215,ocorrências,total,Roubo a instituição financeira,standard_vde_indicator,LIMITED_COVERAGE
Roubo a instituição financeira,2017,SC,FULL_12_MONTHS,12,12,35,ocorrências,total,Roubo a instituição financeira,standard_vde_indicator,LIMITED_COVERAGE
Roubo a instituição financeira,2017,SE,FULL_12_MONTHS,12,12,6,ocorrências,total,Roubo a instituição financeira,standard_vde_indicator,LIMITED_COVERAGE
Roubo a instituição financeira,2017,SP,FULL_12_MONTHS,12,12,97,ocorrências,total,Roubo a instituição financeira,standard_vde_indicator,LIMITED_COVERAGE
Roubo a instituição financeira,2017,TO,FULL_12_MONTHS,12,12,14,ocorrências,total,Roubo a instituição financeira,standard_vde_indicator,LIMITED_COVERAGE
Roubo a instituição financeira,2018,AC,FULL_12_MONTHS,12,12,0,ocorrências,total,Roubo a instituição financeira,standard_vde_indicator,LIMITED_COVERAGE
Roubo a instituição financeira,2018,AL,FULL_12_MONTHS,12,12,22,ocorrências,total,Roubo a instituição financeira,standard_vde_indicator,LIMITED_COVERAGE
Roubo a instituição financeira,2018,AM,FULL_12_MONTHS,12,12,7,ocorrências,total,Roubo a instituição financeira,standard_vde_indicator,LIMITED_COVERAGE
Roubo a instituição financeira,2018,AP,FULL_12_MONTHS,12,12,18,ocorrências,total,Roubo a instituição financeira,standard_vde_indicator,LIMITED_COVERAGE
Roubo a instituição financeira,2018,BA,FULL_12_MONTHS,12,12,11,ocorrências,total,Roubo a instituição financeira,standard_vde_indicator,LIMITED_COVERAGE
Roubo a instituição financeira,2018,CE,FULL_12_MONTHS,12,12,32,ocorrências,total,Roubo a instituição financeira,standard_vde_indicator,LIMITED_COVERAGE
Roubo a instituição financeira,2018,DF,FULL_12_MONTHS,12,12,3,ocorrências,total,Roubo a instituição financeira,standard_vde_indicator,LIMITED_COVERAGE
Roubo a instituição financeira,2018,ES,FULL_12_MONTHS,12,12,49,ocorrências,total,Roubo a instituição financeira,standard_vde_indicator,LIMITED_COVERAGE
Roubo a instituição financeira,2018,GO,FULL_12_MONTHS,12,12,30,ocorrências,total,Roubo a instituição financeira,standard_vde_indicator,LIMITED_COVERAGE
Roubo a instituição financeira,2018,MA,FULL_12_MONTHS,12,12,38,ocorrências,total,Roubo a instituição financeira,standard_vde_indicator,LIMITED_COVERAGE
Roubo a instituição financeira,2018,MG,FULL_12_MONTHS,12,12,91,ocorrências,total,Roubo a instituição financeira,standard_vde_indicator,LIMITED_COVERAGE
Roubo a instituição financeira,2018,MS,PARTIAL_MONTHS,12,0,0,ocorrências,total,Roubo a instituição financeira,standard_vde_indicator,LIMITED_COVERAGE
Roubo a instituição financeira,2018,MT,FULL_12_MONTHS,12,12,9,ocorrências,total,Roubo a instituição financeira,standard_vde_indicator,LIMITED_COVERAGE
Roubo a instituição financeira,2018,PA,FULL_12_MONTHS,12,12,29,ocorrências,total,Roubo a instituição financeira,standard_vde_indicator,LIMITED_COVERAGE
Roubo a instituição financeira,2018,PB,FULL_12_MONTHS,12,12,76,ocorrências,total,Roubo a instituição financeira,standard_vde_indicator,LIMITED_COVERAGE
Roubo a instituição financeira,2018,PE,FULL_12_MONTHS,12,12,59,ocorrências,total,Roubo a instituição financeira,standard_vde_indicator,LIMITED_COVERAGE
Roubo a instituição financeira,2018,PI,FULL_12_MONTHS,12,12,19,ocorrências,total,Roubo a instituição financeira,standard_vde_indicator,LIMITED_COVERAGE
Roubo a instituição financeira,2018,PR,PARTIAL_MONTHS,12,0,0,ocorrências,total,Roubo a instituição financeira,standard_vde_indicator,LIMITED_COVERAGE
Roubo a instituição financeira,2018,RJ,FULL_12_MONTHS,12,12,79,ocorrências,total,Roubo a instituição financeira,standard_vde_indicator,LIMITED_COVERAGE
Roubo a instituição financeira,2018,RN,FULL_12_MONTHS,12,12,58,ocorrências,total,Roubo a instituição financeira,standard_vde_indicator,LIMITED_COVERAGE
Roubo a instituição financeira,2018,RO,PARTIAL_MONTHS,12,2,3,ocorrências,total,Roubo a instituição financeira,standard_vde_indicator,LIMITED_COVERAGE
Roubo a instituição financeira,2018,RR,FULL_12_MONTHS,12,12,5,ocorrências,total,Roubo a instituição financeira,standard_vde_indicator,LIMITED_COVERAGE
Roubo a instituição financeira,2018,RS,FULL_12_MONTHS,12,12,81,ocorrências,total,Roubo a instituição financeira,standard_vde_indicator,LIMITED_COVERAGE
Roubo a instituição financeira,2018,SC,FULL_12_MONTHS,12,12,12,ocorrências,total,Roubo a instituição financeira,standard_vde_indicator,LIMITED_COVERAGE
Roubo a instituição financeira,2018,SE,FULL_12_MONTHS,12,12,3,ocorrências,total,Roubo a instituição financeira,standard_vde_indicator,LIMITED_COVERAGE
Roubo a instituição financeira,2018,SP,FULL_12_MONTHS,12,12,54,ocorrências,total,Roubo a instituição financeira,standard_vde_indicator,LIMITED_COVERAGE
Roubo a instituição financeira,2018,TO,FULL_12_MONTHS,12,12,4,ocorrências,total,Roubo a instituição financeira,standard_vde_indicator,LIMITED_COVERAGE
Roubo a instituição financeira,2019,AC,FULL_12_MONTHS,12,12,0,ocorrências,total,Roubo a instituição financeira,standard_vde_indicator,LIMITED_COVERAGE
Roubo a instituição financeira,2019,AL,FULL_12_MONTHS,12,12,4,ocorrências,total,Roubo a instituição financeira,standard_vde_indicator,LIMITED_COVERAGE
Roubo a instituição financeira,2019,AM,FULL_12_MONTHS,12,12,2,ocorrências,total,Roubo a instituição financeira,standard_vde_indicator,LIMITED_COVERAGE
Roubo a instituição financeira,2019,AP,FULL_12_MONTHS,12,12,6,ocorrências,total,Roubo a instituição financeira,standard_vde_indicator,LIMITED_COVERAGE
Roubo a instituição financeira,2019,BA,FULL_12_MONTHS,12,12,4,ocorrências,total,Roubo a instituição financeira,standard_vde_indicator,LIMITED_COVERAGE
Roubo a instituição financeira,2019,CE,FULL_12_MONTHS,12,12,11,ocorrências,total,Roubo a instituição financeira,standard_vde_indicator,LIMITED_COVERAGE
Roubo a instituição financeira,2019,DF,FULL_12_MONTHS,12,12,0,ocorrências,total,Roubo a instituição financeira,standard_vde_indicator,LIMITED_COVERAGE
Roubo a instituição financeira,2019,ES,FULL_12_MONTHS,12,12,40,ocorrências,total,Roubo a instituição financeira,standard_vde_indicator,LIMITED_COVERAGE
Roubo a instituição financeira,2019,GO,FULL_12_MONTHS,12,12,5,ocorrências,total,Roubo a instituição financeira,standard_vde_indicator,LIMITED_COVERAGE
Roubo a instituição financeira,2019,MA,FULL_12_MONTHS,12,12,39,ocorrências,total,Roubo a instituição financeira,standard_vde_indicator,LIMITED_COVERAGE
Roubo a instituição financeira,2019,MG,FULL_12_MONTHS,12,12,30,ocorrências,total,Roubo a instituição financeira,standard_vde_indicator,LIMITED_COVERAGE
Roubo a instituição financeira,2019,MS,PARTIAL_MONTHS,12,0,0,ocorrências,total,Roubo a instituição financeira,standard_vde_indicator,LIMITED_COVERAGE
Roubo a instituição financeira,2019,MT,FULL_12_MONTHS,12,12,3,ocorrências,total,Roubo a instituição financeira,standard_vde_indicator,LIMITED_COVERAGE
Roubo a instituição financeira,2019,PA,FULL_12_MONTHS,12,12,25,ocorrências,total,Roubo a instituição financeira,standard_vde_indicator,LIMITED_COVERAGE
Roubo a instituição financeira,2019,PB,FULL_12_MONTHS,12,12,30,ocorrências,total,Roubo a instituição financeira,standard_vde_indicator,LIMITED_COVERAGE
Roubo a instituição financeira,2019,PE,FULL_12_MONTHS,12,12,13,ocorrências,total,Roubo a instituição financeira,standard_vde_indicator,LIMITED_COVERAGE
Roubo a instituição financeira,2019,PI,FULL_12_MONTHS,12,12,7,ocorrências,total,Roubo a instituição financeira,standard_vde_indicator,LIMITED_COVERAGE
Roubo a instituição financeira,2019,PR,FULL_12_MONTHS,12,12,17,ocorrências,total,Roubo a instituição financeira,standard_vde_indicator,LIMITED_COVERAGE
Roubo a instituição financeira,2019,RJ,FULL_12_MONTHS,12,12,57,ocorrências,total,Roubo a instituição financeira,standard_vde_indicator,LIMITED_COVERAGE
Roubo a instituição financeira,2019,RN,FULL_12_MONTHS,12,12,11,ocorrências,total,Roubo a instituição financeira,standard_vde_indicator,LIMITED_COVERAGE
Roubo a instituição financeira,2019,RO,PARTIAL_MONTHS,12,1,1,ocorrências,total,Roubo a instituição financeira,standard_vde_indicator,LIMITED_COVERAGE
Roubo a instituição financeira,2019,RR,FULL_12_MONTHS,12,12,1,ocorrências,total,Roubo a instituição financeira,standard_vde_indicator,LIMITED_COVERAGE
Roubo a instituição financeira,2019,RS,FULL_12_MONTHS,12,12,52,ocorrências,total,Roubo a instituição financeira,standard_vde_indicator,LIMITED_COVERAGE
Roubo a instituição financeira,2019,SC,FULL_12_MONTHS,12,12,16,ocorrências,total,Roubo a instituição financeira,standard_vde_indicator,LIMITED_COVERAGE
Roubo a instituição financeira,2019,SE,FULL_12_MONTHS,12,12,1,ocorrências,total,Roubo a instituição financeira,standard_vde_indicator,LIMITED_COVERAGE
Roubo a instituição financeira,2019,SP,FULL_12_MONTHS,12,12,21,ocorrências,total,Roubo a instituição financeira,standard_vde_indicator,LIMITED_COVERAGE
Roubo a instituição financeira,2019,TO,FULL_12_MONTHS,12,12,2,ocorrências,total,Roubo a instituição financeira,standard_vde_indicator,LIMITED_COVERAGE
Roubo a instituição financeira,2020,AC,FULL_12_MONTHS,12,12,0,ocorrências,total,Roubo a instituição financeira,standard_vde_indicator,LIMITED_COVERAGE
Roubo a instituição financeira,2020,AL,FULL_12_MONTHS,12,12,0,ocorrências,total,Roubo a instituição financeira,standard_vde_indicator,LIMITED_COVERAGE
Roubo a instituição financeira,2020,AM,FULL_12_MONTHS,12,12,0,ocorrências,total,Roubo a instituição financeira,standard_vde_indicator,LIMITED_COVERAGE
Roubo a instituição financeira,2020,AP,FULL_12_MONTHS,12,12,0,ocorrências,total,Roubo a instituição financeira,standard_vde_indicator,LIMITED_COVERAGE
Roubo a instituição financeira,2020,BA,FULL_12_MONTHS,12,12,4,ocorrências,total,Roubo a instituição financeira,standard_vde_indicator,LIMITED_COVERAGE
Roubo a instituição financeira,2020,CE,FULL_12_MONTHS,12,12,3,ocorrências,total,Roubo a instituição financeira,standard_vde_indicator,LIMITED_COVERAGE
Roubo a instituição financeira,2020,DF,FULL_12_MONTHS,12,12,0,ocorrências,total,Roubo a instituição financeira,standard_vde_indicator,LIMITED_COVERAGE
Roubo a instituição financeira,2020,ES,FULL_12_MONTHS,12,12,31,ocorrências,total,Roubo a instituição financeira,standard_vde_indicator,LIMITED_COVERAGE
Roubo a instituição financeira,2020,GO,FULL_12_MONTHS,12,12,4,ocorrências,total,Roubo a instituição financeira,standard_vde_indicator,LIMITED_COVERAGE
Roubo a instituição financeira,2020,MA,FULL_12_MONTHS,12,12,30,ocorrências,total,Roubo a instituição financeira,standard_vde_indicator,LIMITED_COVERAGE
Roubo a instituição financeira,2020,MG,FULL_12_MONTHS,12,12,24,ocorrências,total,Roubo a instituição financeira,standard_vde_indicator,LIMITED_COVERAGE
Roubo a instituição financeira,2020,MS,FULL_12_MONTHS,12,12,0,ocorrências,total,Roubo a instituição financeira,standard_vde_indicator,LIMITED_COVERAGE
Roubo a instituição financeira,2020,MT,FULL_12_MONTHS,12,12,0,ocorrências,total,Roubo a instituição financeira,standard_vde_indicator,LIMITED_COVERAGE
Roubo a instituição financeira,2020,PA,FULL_12_MONTHS,12,12,6,ocorrências,total,Roubo a instituição financeira,standard_vde_indicator,LIMITED_COVERAGE
Roubo a instituição financeira,2020,PB,FULL_12_MONTHS,12,12,16,ocorrências,total,Roubo a instituição financeira,standard_vde_indicator,LIMITED_COVERAGE
Roubo a instituição financeira,2020,PE,FULL_12_MONTHS,12,12,9,ocorrências,total,Roubo a instituição financeira,standard_vde_indicator,LIMITED_COVERAGE
Roubo a instituição financeira,2020,PI,FULL_12_MONTHS,12,12,3,ocorrências,total,Roubo a instituição financeira,standard_vde_indicator,LIMITED_COVERAGE
Roubo a instituição financeira,2020,PR,FULL_12_MONTHS,12,12,9,ocorrências,total,Roubo a instituição financeira,standard_vde_indicator,LIMITED_COVERAGE
Roubo a instituição financeira,2020,RJ,FULL_12_MONTHS,12,12,67,ocorrências,total,Roubo a instituição financeira,standard_vde_indicator,LIMITED_COVERAGE
Roubo a instituição financeira,2020,RN,FULL_12_MONTHS,12,12,4,ocorrências,total,Roubo a instituição financeira,standard_vde_indicator,LIMITED_COVERAGE
Roubo a instituição financeira,2020,RO,FULL_12_MONTHS,12,12,1,ocorrências,total,Roubo a instituição financeira,standard_vde_indicator,LIMITED_COVERAGE
Roubo a instituição financeira,2020,RR,FULL_12_MONTHS,12,12,4,ocorrências,total,Roubo a instituição financeira,standard_vde_indicator,LIMITED_COVERAGE
Roubo a instituição financeira,2020,RS,FULL_12_MONTHS,12,12,13,ocorrências,total,Roubo a instituição financeira,standard_vde_indicator,LIMITED_COVERAGE
Roubo a instituição financeira,2020,SC,FULL_12_MONTHS,12,12,8,ocorrências,total,Roubo a instituição financeira,standard_vde_indicator,LIMITED_COVERAGE
Roubo a instituição financeira,2020,SE,FULL_12_MONTHS,12,12,2,ocorrências,total,Roubo a instituição financeira,standard_vde_indicator,LIMITED_COVERAGE
Roubo a instituição financeira,2020,SP,FULL_12_MONTHS,12,12,29,ocorrências,total,Roubo a instituição financeira,standard_vde_indicator,LIMITED_COVERAGE
Roubo a instituição financeira,2020,TO,FULL_12_MONTHS,12,12,4,ocorrências,total,Roubo a instituição financeira,standard_vde_indicator,LIMITED_COVERAGE
Roubo a instituição financeira,2021,AC,FULL_12_MONTHS,12,12,0,ocorrências,total,Roubo a instituição financeira,standard_vde_indicator,LIMITED_COVERAGE
Roubo a instituição financeira,2021,AL,FULL_12_MONTHS,12,12,1,ocorrências,total,Roubo a instituição financeira,standard_vde_indicator,LIMITED_COVERAGE
Roubo a instituição financeira,2021,AM,FULL_12_MONTHS,12,12,1,ocorrências,total,Roubo a instituição financeira,standard_vde_indicator,LIMITED_COVERAGE
Roubo a instituição financeira,2021,AP,FULL_12_MONTHS,12,12,0,ocorrências,total,Roubo a instituição financeira,standard_vde_indicator,LIMITED_COVERAGE
Roubo a instituição financeira,2021,BA,FULL_12_MONTHS,12,12,14,ocorrências,total,Roubo a instituição financeira,standard_vde_indicator,LIMITED_COVERAGE
Roubo a instituição financeira,2021,CE,FULL_12_MONTHS,12,12,2,ocorrências,total,Roubo a instituição financeira,standard_vde_indicator,LIMITED_COVERAGE
Roubo a instituição financeira,2021,DF,FULL_12_MONTHS,12,12,0,ocorrências,total,Roubo a instituição financeira,standard_vde_indicator,LIMITED_COVERAGE
Roubo a instituição financeira,2021,ES,FULL_12_MONTHS,12,12,35,ocorrências,total,Roubo a instituição financeira,standard_vde_indicator,LIMITED_COVERAGE
Roubo a instituição financeira,2021,GO,FULL_12_MONTHS,12,12,5,ocorrências,total,Roubo a instituição financeira,standard_vde_indicator,LIMITED_COVERAGE
Roubo a instituição financeira,2021,MA,FULL_12_MONTHS,12,12,13,ocorrências,total,Roubo a instituição financeira,standard_vde_indicator,LIMITED_COVERAGE
Roubo a instituição financeira,2021,MG,FULL_12_MONTHS,12,12,11,ocorrências,total,Roubo a instituição financeira,standard_vde_indicator,LIMITED_COVERAGE
Roubo a instituição financeira,2021,MS,FULL_12_MONTHS,12,12,1,ocorrências,total,Roubo a instituição financeira,standard_vde_indicator,LIMITED_COVERAGE
Roubo a instituição financeira,2021,MT,FULL_12_MONTHS,12,12,6,ocorrências,total,Roubo a instituição financeira,standard_vde_indicator,LIMITED_COVERAGE
Roubo a instituição financeira,2021,PA,FULL_12_MONTHS,12,12,2,ocorrências,total,Roubo a instituição financeira,standard_vde_indicator,LIMITED_COVERAGE
Roubo a instituição financeira,2021,PB,FULL_12_MONTHS,12,12,11,ocorrências,total,Roubo a instituição financeira,standard_vde_indicator,LIMITED_COVERAGE
Roubo a instituição financeira,2021,PE,FULL_12_MONTHS,12,12,7,ocorrências,total,Roubo a instituição financeira,standard_vde_indicator,LIMITED_COVERAGE
Roubo a instituição financeira,2021,PI,FULL_12_MONTHS,12,12,3,ocorrências,total,Roubo a instituição financeira,standard_vde_indicator,LIMITED_COVERAGE
Roubo a instituição financeira,2021,PR,FULL_12_MONTHS,12,12,12,ocorrências,total,Roubo a instituição financeira,standard_vde_indicator,LIMITED_COVERAGE
Roubo a instituição financeira,2021,RJ,FULL_12_MONTHS,12,12,111,ocorrências,total,Roubo a instituição financeira,standard_vde_indicator,LIMITED_COVERAGE
Roubo a instituição financeira,2021,RN,FULL_12_MONTHS,12,12,7,ocorrências,total,Roubo a instituição financeira,standard_vde_indicator,LIMITED_COVERAGE
Roubo a instituição financeira,2021,RO,FULL_12_MONTHS,12,12,2,ocorrências,total,Roubo a instituição financeira,standard_vde_indicator,LIMITED_COVERAGE
Roubo a instituição financeira,2021,RR,FULL_12_MONTHS,12,12,4,ocorrências,total,Roubo a instituição financeira,standard_vde_indicator,LIMITED_COVERAGE
Roubo a instituição financeira,2021,RS,FULL_12_MONTHS,12,12,13,ocorrências,total,Roubo a instituição financeira,standard_vde_indicator,LIMITED_COVERAGE
Roubo a instituição financeira,2021,SC,FULL_12_MONTHS,12,12,15,ocorrências,total,Roubo a instituição financeira,standard_vde_indicator,LIMITED_COVERAGE
Roubo a instituição financeira,2021,SE,FULL_12_MONTHS,12,12,1,ocorrências,total,Roubo a instituição financeira,standard_vde_indicator,LIMITED_COVERAGE
Roubo a instituição financeira,2021,SP,FULL_12_MONTHS,12,12,18,ocorrências,total,Roubo a instituição financeira,standard_vde_indicator,LIMITED_COVERAGE
Roubo a instituição financeira,2021,TO,FULL_12_MONTHS,12,12,1,ocorrências,total,Roubo a instituição financeira,standard_vde_indicator,LIMITED_COVERAGE
Roubo a instituição financeira,2022,AC,FULL_12_MONTHS,12,12,0,ocorrências,total,Roubo a instituição financeira,standard_vde_indicator,LIMITED_COVERAGE
Roubo a instituição financeira,2022,AL,FULL_12_MONTHS,12,12,0,ocorrências,total,Roubo a instituição financeira,standard_vde_indicator,LIMITED_COVERAGE
Roubo a instituição financeira,2022,AM,FULL_12_MONTHS,12,12,0,ocorrências,total,Roubo a instituição financeira,standard_vde_indicator,LIMITED_COVERAGE
Roubo a instituição financeira,2022,AP,PARTIAL_MONTHS,12,11,0,ocorrências,total,Roubo a instituição financeira,standard_vde_indicator,LIMITED_COVERAGE
Roubo a instituição financeira,2022,BA,FULL_12_MONTHS,12,12,4,ocorrências,total,Roubo a instituição financeira,standard_vde_indicator,LIMITED_COVERAGE
Roubo a instituição financeira,2022,CE,FULL_12_MONTHS,12,12,1,ocorrências,total,Roubo a instituição financeira,standard_vde_indicator,LIMITED_COVERAGE
Roubo a instituição financeira,2022,DF,FULL_12_MONTHS,12,12,1,ocorrências,total,Roubo a instituição financeira,standard_vde_indicator,LIMITED_COVERAGE
Roubo a instituição financeira,2022,ES,FULL_12_MONTHS,12,12,26,ocorrências,total,Roubo a instituição financeira,standard_vde_indicator,LIMITED_COVERAGE
Roubo a instituição financeira,2022,GO,FULL_12_MONTHS,12,12,0,ocorrências,total,Roubo a instituição financeira,standard_vde_indicator,LIMITED_COVERAGE
Roubo a instituição financeira,2022,MA,FULL_12_MONTHS,12,12,18,ocorrências,total,Roubo a instituição financeira,standard_vde_indicator,LIMITED_COVERAGE
Roubo a instituição financeira,2022,MG,FULL_12_MONTHS,12,12,20,ocorrências,total,Roubo a instituição financeira,standard_vde_indicator,LIMITED_COVERAGE
Roubo a instituição financeira,2022,MS,FULL_12_MONTHS,12,12,0,ocorrências,total,Roubo a instituição financeira,standard_vde_indicator,LIMITED_COVERAGE
Roubo a instituição financeira,2022,MT,FULL_12_MONTHS,12,12,1,ocorrências,total,Roubo a instituição financeira,standard_vde_indicator,LIMITED_COVERAGE
Roubo a instituição financeira,2022,PA,FULL_12_MONTHS,12,12,4,ocorrências,total,Roubo a instituição financeira,standard_vde_indicator,LIMITED_COVERAGE
Roubo a instituição financeira,2022,PB,FULL_12_MONTHS,12,12,11,ocorrências,total,Roubo a instituição financeira,standard_vde_indicator,LIMITED_COVERAGE
Roubo a instituição financeira,2022,PE,FULL_12_MONTHS,12,12,3,ocorrências,total,Roubo a instituição financeira,standard_vde_indicator,LIMITED_COVERAGE
Roubo a instituição financeira,2022,PI,FULL_12_MONTHS,12,12,0,ocorrências,total,Roubo a instituição financeira,standard_vde_indicator,LIMITED_COVERAGE
Roubo a instituição financeira,2022,PR,FULL_12_MONTHS,12,12,11,ocorrências,total,Roubo a instituição financeira,standard_vde_indicator,LIMITED_COVERAGE
Roubo a instituição financeira,2022,RJ,FULL_12_MONTHS,12,12,73,ocorrências,total,Roubo a instituição financeira,standard_vde_indicator,LIMITED_COVERAGE
Roubo a instituição financeira,2022,RN,FULL_12_MONTHS,12,12,10,ocorrências,total,Roubo a instituição financeira,standard_vde_indicator,LIMITED_COVERAGE
Roubo a instituição financeira,2022,RO,FULL_12_MONTHS,12,12,7,ocorrências,total,Roubo a instituição financeira,standard_vde_indicator,LIMITED_COVERAGE
Roubo a instituição financeira,2022,RR,FULL_12_MONTHS,12,12,0,ocorrências,total,Roubo a instituição financeira,standard_vde_indicator,LIMITED_COVERAGE
Roubo a instituição financeira,2022,RS,FULL_12_MONTHS,12,12,3,ocorrências,total,Roubo a instituição financeira,standard_vde_indicator,LIMITED_COVERAGE
Roubo a instituição financeira,2022,SC,FULL_12_MONTHS,12,12,8,ocorrências,total,Roubo a instituição financeira,standard_vde_indicator,LIMITED_COVERAGE
Roubo a instituição financeira,2022,SE,FULL_12_MONTHS,12,12,0,ocorrências,total,Roubo a instituição financeira,standard_vde_indicator,LIMITED_COVERAGE
Roubo a instituição financeira,2022,SP,FULL_12_MONTHS,12,12,16,ocorrências,total,Roubo a instituição financeira,standard_vde_indicator,LIMITED_COVERAGE
Roubo a instituição financeira,2022,TO,FULL_12_MONTHS,12,12,3,ocorrências,total,Roubo a instituição financeira,standard_vde_indicator,LIMITED_COVERAGE
Roubo a instituição financeira,2023,AC,FULL_12_MONTHS,12,12,0,ocorrências,total,Roubo a instituição financeira,standard_vde_indicator,LIMITED_COVERAGE
Roubo a instituição financeira,2023,AL,FULL_12_MONTHS,12,12,0,ocorrências,total,Roubo a instituição financeira,standard_vde_indicator,LIMITED_COVERAGE
Roubo a instituição financeira,2023,AM,FULL_12_MONTHS,12,12,0,ocorrências,total,Roubo a instituição financeira,standard_vde_indicator,LIMITED_COVERAGE
Roubo a instituição financeira,2023,AP,FULL_12_MONTHS,12,12,1,ocorrências,total,Roubo a instituição financeira,standard_vde_indicator,LIMITED_COVERAGE
Roubo a instituição financeira,2023,BA,FULL_12_MONTHS,12,12,3,ocorrências,total,Roubo a instituição financeira,standard_vde_indicator,LIMITED_COVERAGE
Roubo a instituição financeira,2023,CE,FULL_12_MONTHS,12,12,1,ocorrências,total,Roubo a instituição financeira,standard_vde_indicator,LIMITED_COVERAGE
Roubo a instituição financeira,2023,DF,FULL_12_MONTHS,12,12,0,ocorrências,total,Roubo a instituição financeira,standard_vde_indicator,LIMITED_COVERAGE
Roubo a instituição financeira,2023,ES,FULL_12_MONTHS,12,12,0,ocorrências,total,Roubo a instituição financeira,standard_vde_indicator,LIMITED_COVERAGE
Roubo a instituição financeira,2023,GO,FULL_12_MONTHS,12,12,0,ocorrências,total,Roubo a instituição financeira,standard_vde_indicator,LIMITED_COVERAGE
Roubo a instituição financeira,2023,MA,FULL_12_MONTHS,12,12,7,ocorrências,total,Roubo a instituição financeira,standard_vde_indicator,LIMITED_COVERAGE
Roubo a instituição financeira,2023,MG,FULL_12_MONTHS,12,12,8,ocorrências,total,Roubo a instituição financeira,standard_vde_indicator,LIMITED_COVERAGE
Roubo a instituição financeira,2023,MS,PARTIAL_MONTHS,12,0,0,ocorrências,total,Roubo a instituição financeira,standard_vde_indicator,LIMITED_COVERAGE
Roubo a instituição financeira,2023,MT,FULL_12_MONTHS,12,12,0,ocorrências,total,Roubo a instituição financeira,standard_vde_indicator,LIMITED_COVERAGE
Roubo a instituição financeira,2023,PA,FULL_12_MONTHS,12,12,2,ocorrências,total,Roubo a instituição financeira,standard_vde_indicator,LIMITED_COVERAGE
Roubo a instituição financeira,2023,PB,FULL_12_MONTHS,12,12,4,ocorrências,total,Roubo a instituição financeira,standard_vde_indicator,LIMITED_COVERAGE
Roubo a instituição financeira,2023,PE,FULL_12_MONTHS,12,12,0,ocorrências,total,Roubo a instituição financeira,standard_vde_indicator,LIMITED_COVERAGE
Roubo a instituição financeira,2023,PI,FULL_12_MONTHS,12,12,0,ocorrências,total,Roubo a instituição financeira,standard_vde_indicator,LIMITED_COVERAGE
Roubo a instituição financeira,2023,PR,FULL_12_MONTHS,12,12,10,ocorrências,total,Roubo a instituição financeira,standard_vde_indicator,LIMITED_COVERAGE
Roubo a instituição financeira,2023,RJ,FULL_12_MONTHS,12,12,50,ocorrências,total,Roubo a instituição financeira,standard_vde_indicator,LIMITED_COVERAGE
Roubo a instituição financeira,2023,RN,FULL_12_MONTHS,12,12,2,ocorrências,total,Roubo a instituição financeira,standard_vde_indicator,LIMITED_COVERAGE
Roubo a instituição financeira,2023,RO,PARTIAL_MONTHS,12,11,0,ocorrências,total,Roubo a instituição financeira,standard_vde_indicator,LIMITED_COVERAGE
Roubo a instituição financeira,2023,RR,FULL_12_MONTHS,12,12,0,ocorrências,total,Roubo a instituição financeira,standard_vde_indicator,LIMITED_COVERAGE
Roubo a instituição financeira,2023,RS,FULL_12_MONTHS,12,12,3,ocorrências,total,Roubo a instituição financeira,standard_vde_indicator,LIMITED_COVERAGE
Roubo a instituição financeira,2023,SC,FULL_12_MONTHS,12,12,5,ocorrências,total,Roubo a instituição financeira,standard_vde_indicator,LIMITED_COVERAGE
Roubo a instituição financeira,2023,SE,FULL_12_MONTHS,12,12,0,ocorrências,total,Roubo a instituição financeira,standard_vde_indicator,LIMITED_COVERAGE
Roubo a instituição financeira,2023,SP,FULL_12_MONTHS,12,12,10,ocorrências,total,Roubo a instituição financeira,standard_vde_indicator,LIMITED_COVERAGE
Roubo a instituição financeira,2023,TO,FULL_12_MONTHS,12,12,1,ocorrências,total,Roubo a instituição financeira,standard_vde_indicator,LIMITED_COVERAGE
Roubo a instituição financeira,2024,AC,FULL_12_MONTHS,12,12,1,ocorrências,total,Roubo a instituição financeira,standard_vde_indicator,LIMITED_COVERAGE
Roubo a instituição financeira,2024,AL,FULL_12_MONTHS,12,12,0,ocorrências,total,Roubo a instituição financeira,standard_vde_indicator,LIMITED_COVERAGE
Roubo a instituição financeira,2024,AM,FULL_12_MONTHS,12,12,0,ocorrências,total,Roubo a instituição financeira,standard_vde_indicator,LIMITED_COVERAGE
Roubo a instituição financeira,2024,AP,FULL_12_MONTHS,12,12,0,ocorrências,total,Roubo a instituição financeira,standard_vde_indicator,LIMITED_COVERAGE
Roubo a instituição financeira,2024,BA,FULL_12_MONTHS,12,12,2,ocorrências,total,Roubo a instituição financeira,standard_vde_indicator,LIMITED_COVERAGE
Roubo a instituição financeira,2024,CE,FULL_12_MONTHS,12,12,0,ocorrências,total,Roubo a instituição financeira,standard_vde_indicator,LIMITED_COVERAGE
Roubo a instituição financeira,2024,DF,FULL_12_MONTHS,12,12,0,ocorrências,total,Roubo a instituição financeira,standard_vde_indicator,LIMITED_COVERAGE
Roubo a instituição financeira,2024,ES,FULL_12_MONTHS,12,12,19,ocorrências,total,Roubo a instituição financeira,standard_vde_indicator,LIMITED_COVERAGE
Roubo a instituição financeira,2024,GO,FULL_12_MONTHS,12,12,0,ocorrências,total,Roubo a instituição financeira,standard_vde_indicator,LIMITED_COVERAGE
Roubo a instituição financeira,2024,MA,FULL_12_MONTHS,12,12,15,ocorrências,total,Roubo a instituição financeira,standard_vde_indicator,LIMITED_COVERAGE
Roubo a instituição financeira,2024,MG,FULL_12_MONTHS,12,12,4,ocorrências,total,Roubo a instituição financeira,standard_vde_indicator,LIMITED_COVERAGE
Roubo a instituição financeira,2024,MS,PARTIAL_MONTHS,12,0,0,ocorrências,total,Roubo a instituição financeira,standard_vde_indicator,LIMITED_COVERAGE
Roubo a instituição financeira,2024,MT,FULL_12_MONTHS,12,12,0,ocorrências,total,Roubo a instituição financeira,standard_vde_indicator,LIMITED_COVERAGE
Roubo a instituição financeira,2024,PA,FULL_12_MONTHS,12,12,0,ocorrências,total,Roubo a instituição financeira,standard_vde_indicator,LIMITED_COVERAGE
Roubo a instituição financeira,2024,PB,FULL_12_MONTHS,12,12,0,ocorrências,total,Roubo a instituição financeira,standard_vde_indicator,LIMITED_COVERAGE
Roubo a instituição financeira,2024,PE,FULL_12_MONTHS,12,12,0,ocorrências,total,Roubo a instituição financeira,standard_vde_indicator,LIMITED_COVERAGE
Roubo a instituição financeira,2024,PI,FULL_12_MONTHS,12,12,3,ocorrências,total,Roubo a instituição financeira,standard_vde_indicator,LIMITED_COVERAGE
Roubo a instituição financeira,2024,PR,FULL_12_MONTHS,12,12,6,ocorrências,total,Roubo a instituição financeira,standard_vde_indicator,LIMITED_COVERAGE
Roubo a instituição financeira,2024,RJ,FULL_12_MONTHS,12,12,40,ocorrências,total,Roubo a instituição financeira,standard_vde_indicator,LIMITED_COVERAGE
Roubo a instituição financeira,2024,RN,FULL_12_MONTHS,12,12,3,ocorrências,total,Roubo a instituição financeira,standard_vde_indicator,LIMITED_COVERAGE
Roubo a instituição financeira,2024,RO,FULL_12_MONTHS,12,12,0,ocorrências,total,Roubo a instituição financeira,standard_vde_indicator,LIMITED_COVERAGE
Roubo a instituição financeira,2024,RR,FULL_12_MONTHS,12,12,0,ocorrências,total,Roubo a instituição financeira,standard_vde_indicator,LIMITED_COVERAGE
Roubo a instituição financeira,2024,RS,FULL_12_MONTHS,12,12,3,ocorrências,total,Roubo a instituição financeira,standard_vde_indicator,LIMITED_COVERAGE
Roubo a instituição financeira,2024,SC,FULL_12_MONTHS,12,12,4,ocorrências,total,Roubo a instituição financeira,standard_vde_indicator,LIMITED_COVERAGE
Roubo a instituição financeira,2024,SE,FULL_12_MONTHS,12,12,0,ocorrências,total,Roubo a instituição financeira,standard_vde_indicator,LIMITED_COVERAGE
Roubo a instituição financeira,2024,SP,FULL_12_MONTHS,12,12,2,ocorrências,total,Roubo a instituição financeira,standard_vde_indicator,LIMITED_COVERAGE
Roubo a instituição financeira,2024,TO,FULL_12_MONTHS,12,12,2,ocorrências,total,Roubo a instituição financeira,standard_vde_indicator,LIMITED_COVERAGE
Roubo a instituição financeira,2025,AC,FULL_12_MONTHS,12,12,2,ocorrências,total,Roubo a instituição financeira,standard_vde_indicator,LIMITED_COVERAGE
Roubo a instituição financeira,2025,AL,FULL_12_MONTHS,12,12,0,ocorrências,total,Roubo a instituição financeira,standard_vde_indicator,LIMITED_COVERAGE
Roubo a instituição financeira,2025,AM,FULL_12_MONTHS,12,12,2,ocorrências,total,Roubo a instituição financeira,standard_vde_indicator,LIMITED_COVERAGE
Roubo a instituição financeira,2025,AP,FULL_12_MONTHS,12,12,0,ocorrências,total,Roubo a instituição financeira,standard_vde_indicator,LIMITED_COVERAGE
Roubo a instituição financeira,2025,BA,FULL_12_MONTHS,12,12,0,ocorrências,total,Roubo a instituição financeira,standard_vde_indicator,LIMITED_COVERAGE
Roubo a instituição financeira,2025,CE,FULL_12_MONTHS,12,12,0,ocorrências,total,Roubo a instituição financeira,standard_vde_indicator,LIMITED_COVERAGE
Roubo a instituição financeira,2025,DF,FULL_12_MONTHS,12,12,0,ocorrências,total,Roubo a instituição financeira,standard_vde_indicator,LIMITED_COVERAGE
Roubo a instituição financeira,2025,ES,FULL_12_MONTHS,12,12,3,ocorrências,total,Roubo a instituição financeira,standard_vde_indicator,LIMITED_COVERAGE
Roubo a instituição financeira,2025,GO,FULL_12_MONTHS,12,12,0,ocorrências,total,Roubo a instituição financeira,standard_vde_indicator,LIMITED_COVERAGE
Roubo a instituição financeira,2025,MA,FULL_12_MONTHS,12,12,9,ocorrências,total,Roubo a instituição financeira,standard_vde_indicator,LIMITED_COVERAGE
Roubo a instituição financeira,2025,MG,FULL_12_MONTHS,12,12,7,ocorrências,total,Roubo a instituição financeira,standard_vde_indicator,LIMITED_COVERAGE
Roubo a instituição financeira,2025,MS,PARTIAL_MONTHS,12,10,0,ocorrências,total,Roubo a instituição financeira,standard_vde_indicator,LIMITED_COVERAGE
Roubo a instituição financeira,2025,MT,FULL_12_MONTHS,12,12,2,ocorrências,total,Roubo a instituição financeira,standard_vde_indicator,LIMITED_COVERAGE
Roubo a instituição financeira,2025,PA,FULL_12_MONTHS,12,12,1,ocorrências,total,Roubo a instituição financeira,standard_vde_indicator,LIMITED_COVERAGE
Roubo a instituição financeira,2025,PB,FULL_12_MONTHS,12,12,0,ocorrências,total,Roubo a instituição financeira,standard_vde_indicator,LIMITED_COVERAGE
Roubo a instituição financeira,2025,PE,FULL_12_MONTHS,12,12,1,ocorrências,total,Roubo a instituição financeira,standard_vde_indicator,LIMITED_COVERAGE
Roubo a instituição financeira,2025,PI,FULL_12_MONTHS,12,12,1,ocorrências,total,Roubo a instituição financeira,standard_vde_indicator,LIMITED_COVERAGE
Roubo a instituição financeira,2025,PR,PARTIAL_MONTHS,12,11,0,ocorrências,total,Roubo a instituição financeira,standard_vde_indicator,LIMITED_COVERAGE
Roubo a instituição financeira,2025,RJ,FULL_12_MONTHS,12,12,25,ocorrências,total,Roubo a instituição financeira,standard_vde_indicator,LIMITED_COVERAGE
Roubo a instituição financeira,2025,RN,FULL_12_MONTHS,12,12,2,ocorrências,total,Roubo a instituição financeira,standard_vde_indicator,LIMITED_COVERAGE
Roubo a instituição financeira,2025,RO,FULL_12_MONTHS,12,12,0,ocorrências,total,Roubo a instituição financeira,standard_vde_indicator,LIMITED_COVERAGE
Roubo a instituição financeira,2025,RR,FULL_12_MONTHS,12,12,0,ocorrências,total,Roubo a instituição financeira,standard_vde_indicator,LIMITED_COVERAGE
Roubo a instituição financeira,2025,RS,FULL_12_MONTHS,12,12,0,ocorrências,total,Roubo a instituição financeira,standard_vde_indicator,LIMITED_COVERAGE
Roubo a instituição financeira,2025,SC,FULL_12_MONTHS,12,12,1,ocorrências,total,Roubo a instituição financeira,standard_vde_indicator,LIMITED_COVERAGE
Roubo a instituição financeira,2025,SE,FULL_12_MONTHS,12,12,0,ocorrências,total,Roubo a instituição financeira,standard_vde_indicator,LIMITED_COVERAGE
Roubo a instituição financeira,2025,SP,FULL_12_MONTHS,12,12,2,ocorrências,total,Roubo a instituição financeira,standard_vde_indicator,LIMITED_COVERAGE
Roubo a instituição financeira,2025,TO,FULL_12_MONTHS,12,12,2,ocorrências,total,Roubo a instituição financeira,standard_vde_indicator,LIMITED_COVERAGE
Estupro,2015,AC,FULL_12_MONTHS,12,12,0,vítimas,total_vitima,Estupro,separate_victim_indicator,COMPARABLE
Estupro,2015,AL,FULL_12_MONTHS,12,12,177,vítimas,total_vitima,Estupro,separate_victim_indicator,COMPARABLE
Estupro,2015,AM,FULL_12_MONTHS,12,12,265,vítimas,total_vitima,Estupro,separate_victim_indicator,COMPARABLE
Estupro,2015,AP,FULL_12_MONTHS,12,12,373,vítimas,total_vitima,Estupro,separate_victim_indicator,COMPARABLE
Estupro,2015,BA,FULL_12_MONTHS,12,12,867,vítimas,total_vitima,Estupro,separate_victim_indicator,COMPARABLE
Estupro,2015,CE,FULL_12_MONTHS,12,12,519,vítimas,total_vitima,Estupro,separate_victim_indicator,COMPARABLE
Estupro,2015,DF,FULL_12_MONTHS,12,12,743,vítimas,total_vitima,Estupro,separate_victim_indicator,COMPARABLE
Estupro,2015,ES,FULL_12_MONTHS,12,12,0,vítimas,total_vitima,Estupro,separate_victim_indicator,COMPARABLE
Estupro,2015,GO,FULL_12_MONTHS,12,12,0,vítimas,total_vitima,Estupro,separate_victim_indicator,COMPARABLE
Estupro,2015,MA,FULL_12_MONTHS,12,12,1021,vítimas,total_vitima,Estupro,separate_victim_indicator,COMPARABLE
Estupro,2015,MG,FULL_12_MONTHS,12,12,1833,vítimas,total_vitima,Estupro,separate_victim_indicator,COMPARABLE
Estupro,2015,MS,FULL_12_MONTHS,12,12,1885,vítimas,total_vitima,Estupro,separate_victim_indicator,COMPARABLE
Estupro,2015,MT,FULL_12_MONTHS,12,12,536,vítimas,total_vitima,Estupro,separate_victim_indicator,COMPARABLE
Estupro,2015,PA,FULL_12_MONTHS,12,12,585,vítimas,total_vitima,Estupro,separate_victim_indicator,COMPARABLE
Estupro,2015,PB,FULL_12_MONTHS,12,12,289,vítimas,total_vitima,Estupro,separate_victim_indicator,COMPARABLE
Estupro,2015,PE,FULL_12_MONTHS,12,12,844,vítimas,total_vitima,Estupro,separate_victim_indicator,COMPARABLE
Estupro,2015,PI,FULL_12_MONTHS,12,12,141,vítimas,total_vitima,Estupro,separate_victim_indicator,COMPARABLE
Estupro,2015,PR,FULL_12_MONTHS,12,12,1078,vítimas,total_vitima,Estupro,separate_victim_indicator,COMPARABLE
Estupro,2015,RJ,FULL_12_MONTHS,12,12,4887,vítimas,total_vitima,Estupro,separate_victim_indicator,COMPARABLE
Estupro,2015,RN,FULL_12_MONTHS,12,12,111,vítimas,total_vitima,Estupro,separate_victim_indicator,COMPARABLE
Estupro,2015,RO,FULL_12_MONTHS,12,12,531,vítimas,total_vitima,Estupro,separate_victim_indicator,COMPARABLE
Estupro,2015,RR,FULL_12_MONTHS,12,12,83,vítimas,total_vitima,Estupro,separate_victim_indicator,COMPARABLE
Estupro,2015,RS,FULL_12_MONTHS,12,12,1797,vítimas,total_vitima,Estupro,separate_victim_indicator,COMPARABLE
Estupro,2015,SC,FULL_12_MONTHS,12,12,2249,vítimas,total_vitima,Estupro,separate_victim_indicator,COMPARABLE
Estupro,2015,SE,FULL_12_MONTHS,12,12,121,vítimas,total_vitima,Estupro,separate_victim_indicator,COMPARABLE
Estupro,2015,SP,FULL_12_MONTHS,12,12,11931,vítimas,total_vitima,Estupro,separate_victim_indicator,COMPARABLE
Estupro,2015,TO,FULL_12_MONTHS,12,12,219,vítimas,total_vitima,Estupro,separate_victim_indicator,COMPARABLE
Estupro,2016,AC,FULL_12_MONTHS,12,12,0,vítimas,total_vitima,Estupro,separate_victim_indicator,COMPARABLE
Estupro,2016,AL,FULL_12_MONTHS,12,12,160,vítimas,total_vitima,Estupro,separate_victim_indicator,COMPARABLE
Estupro,2016,AM,FULL_12_MONTHS,12,12,393,vítimas,total_vitima,Estupro,separate_victim_indicator,COMPARABLE
Estupro,2016,AP,FULL_12_MONTHS,12,12,454,vítimas,total_vitima,Estupro,separate_victim_indicator,COMPARABLE
Estupro,2016,BA,FULL_12_MONTHS,12,12,893,vítimas,total_vitima,Estupro,separate_victim_indicator,COMPARABLE
Estupro,2016,CE,FULL_12_MONTHS,12,12,527,vítimas,total_vitima,Estupro,separate_victim_indicator,COMPARABLE
Estupro,2016,DF,FULL_12_MONTHS,12,12,632,vítimas,total_vitima,Estupro,separate_victim_indicator,COMPARABLE
Estupro,2016,ES,FULL_12_MONTHS,12,12,0,vítimas,total_vitima,Estupro,separate_victim_indicator,COMPARABLE
Estupro,2016,GO,FULL_12_MONTHS,12,12,560,vítimas,total_vitima,Estupro,separate_victim_indicator,COMPARABLE
Estupro,2016,MA,FULL_12_MONTHS,12,12,1090,vítimas,total_vitima,Estupro,separate_victim_indicator,COMPARABLE
Estupro,2016,MG,FULL_12_MONTHS,12,12,1789,vítimas,total_vitima,Estupro,separate_victim_indicator,COMPARABLE
Estupro,2016,MS,FULL_12_MONTHS,12,12,2100,vítimas,total_vitima,Estupro,separate_victim_indicator,COMPARABLE
Estupro,2016,MT,FULL_12_MONTHS,12,12,700,vítimas,total_vitima,Estupro,separate_victim_indicator,COMPARABLE
Estupro,2016,PA,FULL_12_MONTHS,12,12,1048,vítimas,total_vitima,Estupro,separate_victim_indicator,COMPARABLE
Estupro,2016,PB,FULL_12_MONTHS,12,12,464,vítimas,total_vitima,Estupro,separate_victim_indicator,COMPARABLE
Estupro,2016,PE,FULL_12_MONTHS,12,12,924,vítimas,total_vitima,Estupro,separate_victim_indicator,COMPARABLE
Estupro,2016,PI,FULL_12_MONTHS,12,12,189,vítimas,total_vitima,Estupro,separate_victim_indicator,COMPARABLE
Estupro,2016,PR,FULL_12_MONTHS,12,12,1217,vítimas,total_vitima,Estupro,separate_victim_indicator,COMPARABLE
Estupro,2016,RJ,FULL_12_MONTHS,12,12,4705,vítimas,total_vitima,Estupro,separate_victim_indicator,COMPARABLE
Estupro,2016,RN,FULL_12_MONTHS,12,12,165,vítimas,total_vitima,Estupro,separate_victim_indicator,COMPARABLE
Estupro,2016,RO,FULL_12_MONTHS,12,12,643,vítimas,total_vitima,Estupro,separate_victim_indicator,COMPARABLE
Estupro,2016,RR,FULL_12_MONTHS,12,12,153,vítimas,total_vitima,Estupro,separate_victim_indicator,COMPARABLE
Estupro,2016,RS,FULL_12_MONTHS,12,12,1721,vítimas,total_vitima,Estupro,separate_victim_indicator,COMPARABLE
Estupro,2016,SC,FULL_12_MONTHS,12,12,2639,vítimas,total_vitima,Estupro,separate_victim_indicator,COMPARABLE
Estupro,2016,SE,FULL_12_MONTHS,12,12,163,vítimas,total_vitima,Estupro,separate_victim_indicator,COMPARABLE
Estupro,2016,SP,FULL_12_MONTHS,12,12,9901,vítimas,total_vitima,Estupro,separate_victim_indicator,COMPARABLE
Estupro,2016,TO,FULL_12_MONTHS,12,12,365,vítimas,total_vitima,Estupro,separate_victim_indicator,COMPARABLE
Estupro,2017,AC,FULL_12_MONTHS,12,12,0,vítimas,total_vitima,Estupro,separate_victim_indicator,COMPARABLE
Estupro,2017,AL,FULL_12_MONTHS,12,12,247,vítimas,total_vitima,Estupro,separate_victim_indicator,COMPARABLE
Estupro,2017,AM,FULL_12_MONTHS,12,12,364,vítimas,total_vitima,Estupro,separate_victim_indicator,COMPARABLE
Estupro,2017,AP,FULL_12_MONTHS,12,12,399,vítimas,total_vitima,Estupro,separate_victim_indicator,COMPARABLE
Estupro,2017,BA,FULL_12_MONTHS,12,12,957,vítimas,total_vitima,Estupro,separate_victim_indicator,COMPARABLE
Estupro,2017,CE,FULL_12_MONTHS,12,12,531,vítimas,total_vitima,Estupro,separate_victim_indicator,COMPARABLE
Estupro,2017,DF,FULL_12_MONTHS,12,12,805,vítimas,total_vitima,Estupro,separate_victim_indicator,COMPARABLE
Estupro,2017,ES,FULL_12_MONTHS,12,12,0,vítimas,total_vitima,Estupro,separate_victim_indicator,COMPARABLE
Estupro,2017,GO,FULL_12_MONTHS,12,12,702,vítimas,total_vitima,Estupro,separate_victim_indicator,COMPARABLE
Estupro,2017,MA,FULL_12_MONTHS,12,12,1312,vítimas,total_vitima,Estupro,separate_victim_indicator,COMPARABLE
Estupro,2017,MG,FULL_12_MONTHS,12,12,1803,vítimas,total_vitima,Estupro,separate_victim_indicator,COMPARABLE
Estupro,2017,MS,FULL_12_MONTHS,12,12,2324,vítimas,total_vitima,Estupro,separate_victim_indicator,COMPARABLE
Estupro,2017,MT,FULL_12_MONTHS,12,12,753,vítimas,total_vitima,Estupro,separate_victim_indicator,COMPARABLE
Estupro,2017,PA,FULL_12_MONTHS,12,12,935,vítimas,total_vitima,Estupro,separate_victim_indicator,COMPARABLE
Estupro,2017,PB,FULL_12_MONTHS,12,12,365,vítimas,total_vitima,Estupro,separate_victim_indicator,COMPARABLE
Estupro,2017,PE,FULL_12_MONTHS,12,12,976,vítimas,total_vitima,Estupro,separate_victim_indicator,COMPARABLE
Estupro,2017,PI,FULL_12_MONTHS,12,12,220,vítimas,total_vitima,Estupro,separate_victim_indicator,COMPARABLE
Estupro,2017,PR,FULL_12_MONTHS,12,12,1448,vítimas,total_vitima,Estupro,separate_victim_indicator,COMPARABLE
Estupro,2017,RJ,FULL_12_MONTHS,12,12,4952,vítimas,total_vitima,Estupro,separate_victim_indicator,COMPARABLE
Estupro,2017,RN,FULL_12_MONTHS,12,12,127,vítimas,total_vitima,Estupro,separate_victim_indicator,COMPARABLE
Estupro,2017,RO,FULL_12_MONTHS,12,12,958,vítimas,total_vitima,Estupro,separate_victim_indicator,COMPARABLE
Estupro,2017,RR,FULL_12_MONTHS,12,12,184,vítimas,total_vitima,Estupro,separate_victim_indicator,COMPARABLE
Estupro,2017,RS,FULL_12_MONTHS,12,12,1800,vítimas,total_vitima,Estupro,separate_victim_indicator,COMPARABLE
Estupro,2017,SC,FULL_12_MONTHS,12,12,2855,vítimas,total_vitima,Estupro,separate_victim_indicator,COMPARABLE
Estupro,2017,SE,FULL_12_MONTHS,12,12,173,vítimas,total_vitima,Estupro,separate_victim_indicator,COMPARABLE
Estupro,2017,SP,FULL_12_MONTHS,12,12,3825,vítimas,total_vitima,Estupro,separate_victim_indicator,COMPARABLE
Estupro,2017,TO,FULL_12_MONTHS,12,12,408,vítimas,total_vitima,Estupro,separate_victim_indicator,COMPARABLE
Estupro,2018,AC,FULL_12_MONTHS,12,12,83,vítimas,total_vitima,Estupro,separate_victim_indicator,COMPARABLE
Estupro,2018,AL,FULL_12_MONTHS,12,12,186,vítimas,total_vitima,Estupro,separate_victim_indicator,COMPARABLE
Estupro,2018,AM,FULL_12_MONTHS,12,12,300,vítimas,total_vitima,Estupro,separate_victim_indicator,COMPARABLE
Estupro,2018,AP,FULL_12_MONTHS,12,12,453,vítimas,total_vitima,Estupro,separate_victim_indicator,COMPARABLE
Estupro,2018,BA,FULL_12_MONTHS,12,12,979,vítimas,total_vitima,Estupro,separate_victim_indicator,COMPARABLE
Estupro,2018,CE,FULL_12_MONTHS,12,12,468,vítimas,total_vitima,Estupro,separate_victim_indicator,COMPARABLE
Estupro,2018,DF,FULL_12_MONTHS,12,12,322,vítimas,total_vitima,Estupro,separate_victim_indicator,COMPARABLE
Estupro,2018,ES,FULL_12_MONTHS,12,12,1602,vítimas,total_vitima,Estupro,separate_victim_indicator,COMPARABLE
Estupro,2018,GO,FULL_12_MONTHS,12,12,808,vítimas,total_vitima,Estupro,separate_victim_indicator,COMPARABLE
Estupro,2018,MA,FULL_12_MONTHS,12,12,1286,vítimas,total_vitima,Estupro,separate_victim_indicator,COMPARABLE
Estupro,2018,MG,FULL_12_MONTHS,12,12,1777,vítimas,total_vitima,Estupro,separate_victim_indicator,COMPARABLE
Estupro,2018,MS,FULL_12_MONTHS,12,12,2523,vítimas,total_vitima,Estupro,separate_victim_indicator,COMPARABLE
Estupro,2018,MT,FULL_12_MONTHS,12,12,702,vítimas,total_vitima,Estupro,separate_victim_indicator,COMPARABLE
Estupro,2018,PA,FULL_12_MONTHS,12,12,906,vítimas,total_vitima,Estupro,separate_victim_indicator,COMPARABLE
Estupro,2018,PB,FULL_12_MONTHS,12,12,258,vítimas,total_vitima,Estupro,separate_victim_indicator,COMPARABLE
Estupro,2018,PE,FULL_12_MONTHS,12,12,958,vítimas,total_vitima,Estupro,separate_victim_indicator,COMPARABLE
Estupro,2018,PI,FULL_12_MONTHS,12,12,230,vítimas,total_vitima,Estupro,separate_victim_indicator,COMPARABLE
Estupro,2018,PR,FULL_12_MONTHS,12,12,1467,vítimas,total_vitima,Estupro,separate_victim_indicator,COMPARABLE
Estupro,2018,RJ,FULL_12_MONTHS,12,12,1703,vítimas,total_vitima,Estupro,separate_victim_indicator,COMPARABLE
Estupro,2018,RN,FULL_12_MONTHS,12,12,200,vítimas,total_vitima,Estupro,separate_victim_indicator,COMPARABLE
Estupro,2018,RO,FULL_12_MONTHS,12,12,1203,vítimas,total_vitima,Estupro,separate_victim_indicator,COMPARABLE
Estupro,2018,RR,FULL_12_MONTHS,12,12,98,vítimas,total_vitima,Estupro,separate_victim_indicator,COMPARABLE
Estupro,2018,RS,FULL_12_MONTHS,12,12,2114,vítimas,total_vitima,Estupro,separate_victim_indicator,COMPARABLE
Estupro,2018,SC,FULL_12_MONTHS,12,12,3259,vítimas,total_vitima,Estupro,separate_victim_indicator,COMPARABLE
Estupro,2018,SE,FULL_12_MONTHS,12,12,119,vítimas,total_vitima,Estupro,separate_victim_indicator,COMPARABLE
Estupro,2018,SP,FULL_12_MONTHS,12,12,3596,vítimas,total_vitima,Estupro,separate_victim_indicator,COMPARABLE
Estupro,2018,TO,FULL_12_MONTHS,12,12,761,vítimas,total_vitima,Estupro,separate_victim_indicator,COMPARABLE
Estupro,2019,AC,FULL_12_MONTHS,12,12,139,vítimas,total_vitima,Estupro,separate_victim_indicator,COMPARABLE
Estupro,2019,AL,FULL_12_MONTHS,12,12,207,vítimas,total_vitima,Estupro,separate_victim_indicator,COMPARABLE
Estupro,2019,AM,FULL_12_MONTHS,12,12,292,vítimas,total_vitima,Estupro,separate_victim_indicator,COMPARABLE
Estupro,2019,AP,FULL_12_MONTHS,12,12,196,vítimas,total_vitima,Estupro,separate_victim_indicator,COMPARABLE
Estupro,2019,BA,FULL_12_MONTHS,12,12,1016,vítimas,total_vitima,Estupro,separate_victim_indicator,COMPARABLE
Estupro,2019,CE,FULL_12_MONTHS,12,12,493,vítimas,total_vitima,Estupro,separate_victim_indicator,COMPARABLE
Estupro,2019,DF,FULL_12_MONTHS,12,12,293,vítimas,total_vitima,Estupro,separate_victim_indicator,COMPARABLE
Estupro,2019,ES,FULL_12_MONTHS,12,12,1797,vítimas,total_vitima,Estupro,separate_victim_indicator,COMPARABLE
Estupro,2019,GO,FULL_12_MONTHS,12,12,916,vítimas,total_vitima,Estupro,separate_victim_indicator,COMPARABLE
Estupro,2019,MA,FULL_12_MONTHS,12,12,1477,vítimas,total_vitima,Estupro,separate_victim_indicator,COMPARABLE
Estupro,2019,MG,FULL_12_MONTHS,12,12,1536,vítimas,total_vitima,Estupro,separate_victim_indicator,COMPARABLE
Estupro,2019,MS,FULL_12_MONTHS,12,12,2544,vítimas,total_vitima,Estupro,separate_victim_indicator,COMPARABLE
Estupro,2019,MT,FULL_12_MONTHS,12,12,712,vítimas,total_vitima,Estupro,separate_victim_indicator,COMPARABLE
Estupro,2019,PA,FULL_12_MONTHS,12,12,852,vítimas,total_vitima,Estupro,separate_victim_indicator,COMPARABLE
Estupro,2019,PB,FULL_12_MONTHS,12,12,298,vítimas,total_vitima,Estupro,separate_victim_indicator,COMPARABLE
Estupro,2019,PE,FULL_12_MONTHS,12,12,895,vítimas,total_vitima,Estupro,separate_victim_indicator,COMPARABLE
Estupro,2019,PI,FULL_12_MONTHS,12,12,264,vítimas,total_vitima,Estupro,separate_victim_indicator,COMPARABLE
Estupro,2019,PR,FULL_12_MONTHS,12,12,1516,vítimas,total_vitima,Estupro,separate_victim_indicator,COMPARABLE
Estupro,2019,RJ,FULL_12_MONTHS,12,12,1628,vítimas,total_vitima,Estupro,separate_victim_indicator,COMPARABLE
Estupro,2019,RN,FULL_12_MONTHS,12,12,215,vítimas,total_vitima,Estupro,separate_victim_indicator,COMPARABLE
Estupro,2019,RO,FULL_12_MONTHS,12,12,1239,vítimas,total_vitima,Estupro,separate_victim_indicator,COMPARABLE
Estupro,2019,RR,FULL_12_MONTHS,12,12,116,vítimas,total_vitima,Estupro,separate_victim_indicator,COMPARABLE
Estupro,2019,RS,FULL_12_MONTHS,12,12,1502,vítimas,total_vitima,Estupro,separate_victim_indicator,COMPARABLE
Estupro,2019,SC,FULL_12_MONTHS,12,12,4381,vítimas,total_vitima,Estupro,separate_victim_indicator,COMPARABLE
Estupro,2019,SE,FULL_12_MONTHS,12,12,176,vítimas,total_vitima,Estupro,separate_victim_indicator,COMPARABLE
Estupro,2019,SP,FULL_12_MONTHS,12,12,3447,vítimas,total_vitima,Estupro,separate_victim_indicator,COMPARABLE
Estupro,2019,TO,FULL_12_MONTHS,12,12,879,vítimas,total_vitima,Estupro,separate_victim_indicator,COMPARABLE
Estupro,2020,AC,FULL_12_MONTHS,12,12,102,vítimas,total_vitima,Estupro,separate_victim_indicator,COMPARABLE
Estupro,2020,AL,FULL_12_MONTHS,12,12,165,vítimas,total_vitima,Estupro,separate_victim_indicator,COMPARABLE
Estupro,2020,AM,FULL_12_MONTHS,12,12,233,vítimas,total_vitima,Estupro,separate_victim_indicator,COMPARABLE
Estupro,2020,AP,FULL_12_MONTHS,12,12,144,vítimas,total_vitima,Estupro,separate_victim_indicator,COMPARABLE
Estupro,2020,BA,FULL_12_MONTHS,12,12,859,vítimas,total_vitima,Estupro,separate_victim_indicator,COMPARABLE
Estupro,2020,CE,FULL_12_MONTHS,12,12,357,vítimas,total_vitima,Estupro,separate_victim_indicator,COMPARABLE
Estupro,2020,DF,FULL_12_MONTHS,12,12,271,vítimas,total_vitima,Estupro,separate_victim_indicator,COMPARABLE
Estupro,2020,ES,FULL_12_MONTHS,12,12,1543,vítimas,total_vitima,Estupro,separate_victim_indicator,COMPARABLE
Estupro,2020,GO,FULL_12_MONTHS,12,12,708,vítimas,total_vitima,Estupro,separate_victim_indicator,COMPARABLE
Estupro,2020,MA,FULL_12_MONTHS,12,12,1418,vítimas,total_vitima,Estupro,separate_victim_indicator,COMPARABLE
Estupro,2020,MG,FULL_12_MONTHS,12,12,1301,vítimas,total_vitima,Estupro,separate_victim_indicator,COMPARABLE
Estupro,2020,MS,FULL_12_MONTHS,12,12,2369,vítimas,total_vitima,Estupro,separate_victim_indicator,COMPARABLE
Estupro,2020,MT,FULL_12_MONTHS,12,12,666,vítimas,total_vitima,Estupro,separate_victim_indicator,COMPARABLE
Estupro,2020,PA,FULL_12_MONTHS,12,12,750,vítimas,total_vitima,Estupro,separate_victim_indicator,COMPARABLE
Estupro,2020,PB,FULL_12_MONTHS,12,12,312,vítimas,total_vitima,Estupro,separate_victim_indicator,COMPARABLE
Estupro,2020,PE,FULL_12_MONTHS,12,12,791,vítimas,total_vitima,Estupro,separate_victim_indicator,COMPARABLE
Estupro,2020,PI,FULL_12_MONTHS,12,12,198,vítimas,total_vitima,Estupro,separate_victim_indicator,COMPARABLE
Estupro,2020,PR,FULL_12_MONTHS,12,12,1338,vítimas,total_vitima,Estupro,separate_victim_indicator,COMPARABLE
Estupro,2020,RJ,FULL_12_MONTHS,12,12,1353,vítimas,total_vitima,Estupro,separate_victim_indicator,COMPARABLE
Estupro,2020,RN,FULL_12_MONTHS,12,12,201,vítimas,total_vitima,Estupro,separate_victim_indicator,COMPARABLE
Estupro,2020,RO,FULL_12_MONTHS,12,12,1047,vítimas,total_vitima,Estupro,separate_victim_indicator,COMPARABLE
Estupro,2020,RR,FULL_12_MONTHS,12,12,131,vítimas,total_vitima,Estupro,separate_victim_indicator,COMPARABLE
Estupro,2020,RS,FULL_12_MONTHS,12,12,1150,vítimas,total_vitima,Estupro,separate_victim_indicator,COMPARABLE
Estupro,2020,SC,FULL_12_MONTHS,12,12,1158,vítimas,total_vitima,Estupro,separate_victim_indicator,COMPARABLE
Estupro,2020,SE,FULL_12_MONTHS,12,12,157,vítimas,total_vitima,Estupro,separate_victim_indicator,COMPARABLE
Estupro,2020,SP,FULL_12_MONTHS,12,12,2932,vítimas,total_vitima,Estupro,separate_victim_indicator,COMPARABLE
Estupro,2020,TO,FULL_12_MONTHS,12,12,166,vítimas,total_vitima,Estupro,separate_victim_indicator,COMPARABLE
Estupro,2021,AC,FULL_12_MONTHS,12,12,145,vítimas,total_vitima,Estupro,separate_victim_indicator,COMPARABLE
Estupro,2021,AL,FULL_12_MONTHS,12,12,248,vítimas,total_vitima,Estupro,separate_victim_indicator,COMPARABLE
Estupro,2021,AM,FULL_12_MONTHS,12,12,218,vítimas,total_vitima,Estupro,separate_victim_indicator,COMPARABLE
Estupro,2021,AP,FULL_12_MONTHS,12,12,185,vítimas,total_vitima,Estupro,separate_victim_indicator,COMPARABLE
Estupro,2021,BA,FULL_12_MONTHS,12,12,2978,vítimas,total_vitima,Estupro,separate_victim_indicator,COMPARABLE
Estupro,2021,CE,FULL_12_MONTHS,12,12,363,vítimas,total_vitima,Estupro,separate_victim_indicator,COMPARABLE
Estupro,2021,DF,FULL_12_MONTHS,12,12,263,vítimas,total_vitima,Estupro,separate_victim_indicator,COMPARABLE
Estupro,2021,ES,FULL_12_MONTHS,12,12,1510,vítimas,total_vitima,Estupro,separate_victim_indicator,COMPARABLE
Estupro,2021,GO,FULL_12_MONTHS,12,12,870,vítimas,total_vitima,Estupro,separate_victim_indicator,COMPARABLE
Estupro,2021,MA,FULL_12_MONTHS,12,12,524,vítimas,total_vitima,Estupro,separate_victim_indicator,COMPARABLE
Estupro,2021,MG,FULL_12_MONTHS,12,12,1270,vítimas,total_vitima,Estupro,separate_victim_indicator,COMPARABLE
Estupro,2021,MS,FULL_12_MONTHS,12,12,2398,vítimas,total_vitima,Estupro,separate_victim_indicator,COMPARABLE
Estupro,2021,MT,FULL_12_MONTHS,12,12,624,vítimas,total_vitima,Estupro,separate_victim_indicator,COMPARABLE
Estupro,2021,PA,FULL_12_MONTHS,12,12,693,vítimas,total_vitima,Estupro,separate_victim_indicator,COMPARABLE
Estupro,2021,PB,FULL_12_MONTHS,12,12,511,vítimas,total_vitima,Estupro,separate_victim_indicator,COMPARABLE
Estupro,2021,PE,FULL_12_MONTHS,12,12,769,vítimas,total_vitima,Estupro,separate_victim_indicator,COMPARABLE
Estupro,2021,PI,FULL_12_MONTHS,12,12,209,vítimas,total_vitima,Estupro,separate_victim_indicator,COMPARABLE
Estupro,2021,PR,FULL_12_MONTHS,12,12,1450,vítimas,total_vitima,Estupro,separate_victim_indicator,COMPARABLE
Estupro,2021,RJ,FULL_12_MONTHS,12,12,1357,vítimas,total_vitima,Estupro,separate_victim_indicator,COMPARABLE
Estupro,2021,RN,FULL_12_MONTHS,12,12,161,vítimas,total_vitima,Estupro,separate_victim_indicator,COMPARABLE
Estupro,2021,RO,FULL_12_MONTHS,12,12,1061,vítimas,total_vitima,Estupro,separate_victim_indicator,COMPARABLE
Estupro,2021,RR,FULL_12_MONTHS,12,12,151,vítimas,total_vitima,Estupro,separate_victim_indicator,COMPARABLE
Estupro,2021,RS,FULL_12_MONTHS,12,12,1167,vítimas,total_vitima,Estupro,separate_victim_indicator,COMPARABLE
Estupro,2021,SC,FULL_12_MONTHS,12,12,1535,vítimas,total_vitima,Estupro,separate_victim_indicator,COMPARABLE
Estupro,2021,SE,FULL_12_MONTHS,12,12,175,vítimas,total_vitima,Estupro,separate_victim_indicator,COMPARABLE
Estupro,2021,SP,FULL_12_MONTHS,12,12,2706,vítimas,total_vitima,Estupro,separate_victim_indicator,COMPARABLE
Estupro,2021,TO,FULL_12_MONTHS,12,12,188,vítimas,total_vitima,Estupro,separate_victim_indicator,COMPARABLE
Estupro,2022,AC,FULL_12_MONTHS,12,12,297,vítimas,total_vitima,Estupro,separate_victim_indicator,COMPARABLE
Estupro,2022,AL,FULL_12_MONTHS,12,12,247,vítimas,total_vitima,Estupro,separate_victim_indicator,COMPARABLE
Estupro,2022,AM,FULL_12_MONTHS,12,12,278,vítimas,total_vitima,Estupro,separate_victim_indicator,COMPARABLE
Estupro,2022,AP,FULL_12_MONTHS,12,12,162,vítimas,total_vitima,Estupro,separate_victim_indicator,COMPARABLE
Estupro,2022,BA,FULL_12_MONTHS,12,12,1180,vítimas,total_vitima,Estupro,separate_victim_indicator,COMPARABLE
Estupro,2022,CE,FULL_12_MONTHS,12,12,397,vítimas,total_vitima,Estupro,separate_victim_indicator,COMPARABLE
Estupro,2022,DF,FULL_12_MONTHS,12,12,252,vítimas,total_vitima,Estupro,separate_victim_indicator,COMPARABLE
Estupro,2022,ES,FULL_12_MONTHS,12,12,1773,vítimas,total_vitima,Estupro,separate_victim_indicator,COMPARABLE
Estupro,2022,GO,FULL_12_MONTHS,12,12,828,vítimas,total_vitima,Estupro,separate_victim_indicator,COMPARABLE
Estupro,2022,MA,FULL_12_MONTHS,12,12,455,vítimas,total_vitima,Estupro,separate_victim_indicator,COMPARABLE
Estupro,2022,MG,FULL_12_MONTHS,12,12,1173,vítimas,total_vitima,Estupro,separate_victim_indicator,COMPARABLE
Estupro,2022,MS,FULL_12_MONTHS,12,12,2204,vítimas,total_vitima,Estupro,separate_victim_indicator,COMPARABLE
Estupro,2022,MT,FULL_12_MONTHS,12,12,650,vítimas,total_vitima,Estupro,separate_victim_indicator,COMPARABLE
Estupro,2022,PA,FULL_12_MONTHS,12,12,820,vítimas,total_vitima,Estupro,separate_victim_indicator,COMPARABLE
Estupro,2022,PB,FULL_12_MONTHS,12,12,509,vítimas,total_vitima,Estupro,separate_victim_indicator,COMPARABLE
Estupro,2022,PE,FULL_12_MONTHS,12,12,815,vítimas,total_vitima,Estupro,separate_victim_indicator,COMPARABLE
Estupro,2022,PI,FULL_12_MONTHS,12,12,281,vítimas,total_vitima,Estupro,separate_victim_indicator,COMPARABLE
Estupro,2022,PR,FULL_12_MONTHS,12,12,1619,vítimas,total_vitima,Estupro,separate_victim_indicator,COMPARABLE
Estupro,2022,RJ,FULL_12_MONTHS,12,12,1498,vítimas,total_vitima,Estupro,separate_victim_indicator,COMPARABLE
Estupro,2022,RN,FULL_12_MONTHS,12,12,219,vítimas,total_vitima,Estupro,separate_victim_indicator,COMPARABLE
Estupro,2022,RO,FULL_12_MONTHS,12,12,1082,vítimas,total_vitima,Estupro,separate_victim_indicator,COMPARABLE
Estupro,2022,RR,FULL_12_MONTHS,12,12,174,vítimas,total_vitima,Estupro,separate_victim_indicator,COMPARABLE
Estupro,2022,RS,FULL_12_MONTHS,12,12,1179,vítimas,total_vitima,Estupro,separate_victim_indicator,COMPARABLE
Estupro,2022,SC,FULL_12_MONTHS,12,12,1574,vítimas,total_vitima,Estupro,separate_victim_indicator,COMPARABLE
Estupro,2022,SE,FULL_12_MONTHS,12,12,195,vítimas,total_vitima,Estupro,separate_victim_indicator,COMPARABLE
Estupro,2022,SP,FULL_12_MONTHS,12,12,3176,vítimas,total_vitima,Estupro,separate_victim_indicator,COMPARABLE
Estupro,2022,TO,FULL_12_MONTHS,12,12,190,vítimas,total_vitima,Estupro,separate_victim_indicator,COMPARABLE
Estupro,2023,AC,FULL_12_MONTHS,12,12,282,vítimas,total_vitima,Estupro,separate_victim_indicator,COMPARABLE
Estupro,2023,AL,FULL_12_MONTHS,12,12,245,vítimas,total_vitima,Estupro,separate_victim_indicator,COMPARABLE
Estupro,2023,AM,FULL_12_MONTHS,12,12,295,vítimas,total_vitima,Estupro,separate_victim_indicator,COMPARABLE
Estupro,2023,AP,FULL_12_MONTHS,12,12,170,vítimas,total_vitima,Estupro,separate_victim_indicator,COMPARABLE
Estupro,2023,BA,FULL_12_MONTHS,12,12,1264,vítimas,total_vitima,Estupro,separate_victim_indicator,COMPARABLE
Estupro,2023,CE,FULL_12_MONTHS,12,12,363,vítimas,total_vitima,Estupro,separate_victim_indicator,COMPARABLE
Estupro,2023,DF,FULL_12_MONTHS,12,12,327,vítimas,total_vitima,Estupro,separate_victim_indicator,COMPARABLE
Estupro,2023,ES,FULL_12_MONTHS,12,12,457,vítimas,total_vitima,Estupro,separate_victim_indicator,COMPARABLE
Estupro,2023,GO,FULL_12_MONTHS,12,12,795,vítimas,total_vitima,Estupro,separate_victim_indicator,COMPARABLE
Estupro,2023,MA,FULL_12_MONTHS,12,12,397,vítimas,total_vitima,Estupro,separate_victim_indicator,COMPARABLE
Estupro,2023,MG,FULL_12_MONTHS,12,12,1284,vítimas,total_vitima,Estupro,separate_victim_indicator,COMPARABLE
Estupro,2023,MS,FULL_12_MONTHS,12,12,2723,vítimas,total_vitima,Estupro,separate_victim_indicator,COMPARABLE
Estupro,2023,MT,FULL_12_MONTHS,12,12,660,vítimas,total_vitima,Estupro,separate_victim_indicator,COMPARABLE
Estupro,2023,PA,FULL_12_MONTHS,12,12,948,vítimas,total_vitima,Estupro,separate_victim_indicator,COMPARABLE
Estupro,2023,PB,FULL_12_MONTHS,12,12,575,vítimas,total_vitima,Estupro,separate_victim_indicator,COMPARABLE
Estupro,2023,PE,FULL_12_MONTHS,12,12,856,vítimas,total_vitima,Estupro,separate_victim_indicator,COMPARABLE
Estupro,2023,PI,FULL_12_MONTHS,12,12,306,vítimas,total_vitima,Estupro,separate_victim_indicator,COMPARABLE
Estupro,2023,PR,FULL_12_MONTHS,12,12,1751,vítimas,total_vitima,Estupro,separate_victim_indicator,COMPARABLE
Estupro,2023,RJ,FULL_12_MONTHS,12,12,1598,vítimas,total_vitima,Estupro,separate_victim_indicator,COMPARABLE
Estupro,2023,RN,FULL_12_MONTHS,12,12,249,vítimas,total_vitima,Estupro,separate_victim_indicator,COMPARABLE
Estupro,2023,RO,FULL_12_MONTHS,12,12,1745,vítimas,total_vitima,Estupro,separate_victim_indicator,COMPARABLE
Estupro,2023,RR,FULL_12_MONTHS,12,12,142,vítimas,total_vitima,Estupro,separate_victim_indicator,COMPARABLE
Estupro,2023,RS,FULL_12_MONTHS,12,12,1231,vítimas,total_vitima,Estupro,separate_victim_indicator,COMPARABLE
Estupro,2023,SC,FULL_12_MONTHS,12,12,1544,vítimas,total_vitima,Estupro,separate_victim_indicator,COMPARABLE
Estupro,2023,SE,FULL_12_MONTHS,12,12,236,vítimas,total_vitima,Estupro,separate_victim_indicator,COMPARABLE
Estupro,2023,SP,FULL_12_MONTHS,12,12,3430,vítimas,total_vitima,Estupro,separate_victim_indicator,COMPARABLE
Estupro,2023,TO,FULL_12_MONTHS,12,12,838,vítimas,total_vitima,Estupro,separate_victim_indicator,COMPARABLE
Estupro,2024,AC,FULL_12_MONTHS,12,12,210,vítimas,total_vitima,Estupro,separate_victim_indicator,COMPARABLE
Estupro,2024,AL,FULL_12_MONTHS,12,12,303,vítimas,total_vitima,Estupro,separate_victim_indicator,COMPARABLE
Estupro,2024,AM,FULL_12_MONTHS,12,12,390,vítimas,total_vitima,Estupro,separate_victim_indicator,COMPARABLE
Estupro,2024,AP,FULL_12_MONTHS,12,12,174,vítimas,total_vitima,Estupro,separate_victim_indicator,COMPARABLE
Estupro,2024,BA,FULL_12_MONTHS,12,12,1294,vítimas,total_vitima,Estupro,separate_victim_indicator,COMPARABLE
Estupro,2024,CE,FULL_12_MONTHS,12,12,349,vítimas,total_vitima,Estupro,separate_victim_indicator,COMPARABLE
Estupro,2024,DF,FULL_12_MONTHS,12,12,333,vítimas,total_vitima,Estupro,separate_victim_indicator,COMPARABLE
Estupro,2024,ES,FULL_12_MONTHS,12,12,1869,vítimas,total_vitima,Estupro,separate_victim_indicator,COMPARABLE
Estupro,2024,GO,FULL_12_MONTHS,12,12,793,vítimas,total_vitima,Estupro,separate_victim_indicator,COMPARABLE
Estupro,2024,MA,FULL_12_MONTHS,12,12,379,vítimas,total_vitima,Estupro,separate_victim_indicator,COMPARABLE
Estupro,2024,MG,FULL_12_MONTHS,12,12,1477,vítimas,total_vitima,Estupro,separate_victim_indicator,COMPARABLE
Estupro,2024,MS,FULL_12_MONTHS,12,12,2315,vítimas,total_vitima,Estupro,separate_victim_indicator,COMPARABLE
Estupro,2024,MT,FULL_12_MONTHS,12,12,675,vítimas,total_vitima,Estupro,separate_victim_indicator,COMPARABLE
Estupro,2024,PA,FULL_12_MONTHS,12,12,893,vítimas,total_vitima,Estupro,separate_victim_indicator,COMPARABLE
Estupro,2024,PB,FULL_12_MONTHS,12,12,256,vítimas,total_vitima,Estupro,separate_victim_indicator,COMPARABLE
Estupro,2024,PE,FULL_12_MONTHS,12,12,786,vítimas,total_vitima,Estupro,separate_victim_indicator,COMPARABLE
Estupro,2024,PI,FULL_12_MONTHS,12,12,252,vítimas,total_vitima,Estupro,separate_victim_indicator,COMPARABLE
Estupro,2024,PR,FULL_12_MONTHS,12,12,1925,vítimas,total_vitima,Estupro,separate_victim_indicator,COMPARABLE
Estupro,2024,RJ,FULL_12_MONTHS,12,12,1634,vítimas,total_vitima,Estupro,separate_victim_indicator,COMPARABLE
Estupro,2024,RN,FULL_12_MONTHS,12,12,261,vítimas,total_vitima,Estupro,separate_victim_indicator,COMPARABLE
Estupro,2024,RO,FULL_12_MONTHS,12,12,1693,vítimas,total_vitima,Estupro,separate_victim_indicator,COMPARABLE
Estupro,2024,RR,FULL_12_MONTHS,12,12,182,vítimas,total_vitima,Estupro,separate_victim_indicator,COMPARABLE
Estupro,2024,RS,FULL_12_MONTHS,12,12,1166,vítimas,total_vitima,Estupro,separate_victim_indicator,COMPARABLE
Estupro,2024,SC,FULL_12_MONTHS,12,12,1587,vítimas,total_vitima,Estupro,separate_victim_indicator,COMPARABLE
Estupro,2024,SE,FULL_12_MONTHS,12,12,248,vítimas,total_vitima,Estupro,separate_victim_indicator,COMPARABLE
Estupro,2024,SP,FULL_12_MONTHS,12,12,3537,vítimas,total_vitima,Estupro,separate_victim_indicator,COMPARABLE
Estupro,2024,TO,FULL_12_MONTHS,12,12,241,vítimas,total_vitima,Estupro,separate_victim_indicator,COMPARABLE
Estupro,2025,AC,FULL_12_MONTHS,12,12,123,vítimas,total_vitima,Estupro,separate_victim_indicator,COMPARABLE
Estupro,2025,AL,FULL_12_MONTHS,12,12,206,vítimas,total_vitima,Estupro,separate_victim_indicator,COMPARABLE
Estupro,2025,AM,FULL_12_MONTHS,12,12,416,vítimas,total_vitima,Estupro,separate_victim_indicator,COMPARABLE
Estupro,2025,AP,FULL_12_MONTHS,12,12,172,vítimas,total_vitima,Estupro,separate_victim_indicator,COMPARABLE
Estupro,2025,BA,FULL_12_MONTHS,12,12,1139,vítimas,total_vitima,Estupro,separate_victim_indicator,COMPARABLE
Estupro,2025,CE,FULL_12_MONTHS,12,12,340,vítimas,total_vitima,Estupro,separate_victim_indicator,COMPARABLE
Estupro,2025,DF,FULL_12_MONTHS,12,12,285,vítimas,total_vitima,Estupro,separate_victim_indicator,COMPARABLE
Estupro,2025,ES,FULL_12_MONTHS,12,12,398,vítimas,total_vitima,Estupro,separate_victim_indicator,COMPARABLE
Estupro,2025,GO,FULL_12_MONTHS,12,12,749,vítimas,total_vitima,Estupro,separate_victim_indicator,COMPARABLE
Estupro,2025,MA,FULL_12_MONTHS,12,12,432,vítimas,total_vitima,Estupro,separate_victim_indicator,COMPARABLE
Estupro,2025,MG,FULL_12_MONTHS,12,12,1369,vítimas,total_vitima,Estupro,separate_victim_indicator,COMPARABLE
Estupro,2025,MS,FULL_12_MONTHS,12,12,1489,vítimas,total_vitima,Estupro,separate_victim_indicator,COMPARABLE
Estupro,2025,MT,FULL_12_MONTHS,12,12,670,vítimas,total_vitima,Estupro,separate_victim_indicator,COMPARABLE
Estupro,2025,PA,FULL_12_MONTHS,12,12,782,vítimas,total_vitima,Estupro,separate_victim_indicator,COMPARABLE
Estupro,2025,PB,FULL_12_MONTHS,12,12,270,vítimas,total_vitima,Estupro,separate_victim_indicator,COMPARABLE
Estupro,2025,PE,FULL_12_MONTHS,12,12,698,vítimas,total_vitima,Estupro,separate_victim_indicator,COMPARABLE
Estupro,2025,PI,FULL_12_MONTHS,12,12,283,vítimas,total_vitima,Estupro,separate_victim_indicator,COMPARABLE
Estupro,2025,PR,FULL_12_MONTHS,12,12,1512,vítimas,total_vitima,Estupro,separate_victim_indicator,COMPARABLE
Estupro,2025,RJ,FULL_12_MONTHS,12,12,1663,vítimas,total_vitima,Estupro,separate_victim_indicator,COMPARABLE
Estupro,2025,RN,FULL_12_MONTHS,12,12,311,vítimas,total_vitima,Estupro,separate_victim_indicator,COMPARABLE
Estupro,2025,RO,FULL_12_MONTHS,12,12,287,vítimas,total_vitima,Estupro,separate_victim_indicator,COMPARABLE
Estupro,2025,RR,FULL_12_MONTHS,12,12,141,vítimas,total_vitima,Estupro,separate_victim_indicator,COMPARABLE
Estupro,2025,RS,FULL_12_MONTHS,12,12,1035,vítimas,total_vitima,Estupro,separate_victim_indicator,COMPARABLE
Estupro,2025,SC,FULL_12_MONTHS,12,12,1180,vítimas,total_vitima,Estupro,separate_victim_indicator,COMPARABLE
Estupro,2025,SE,FULL_12_MONTHS,12,12,263,vítimas,total_vitima,Estupro,separate_victim_indicator,COMPARABLE
Estupro,2025,SP,FULL_12_MONTHS,12,12,3491,vítimas,total_vitima,Estupro,separate_victim_indicator,COMPARABLE
Estupro,2025,TO,FULL_12_MONTHS,12,12,173,vítimas,total_vitima,Estupro,separate_victim_indicator,COMPARABLE
Estupro de vulnerável,2015,AC,FULL_12_MONTHS,12,12,0,vítimas,total_vitima,Estupro de vulnerável,separate_victim_indicator,COMPARABLE
Estupro de vulnerável,2015,AL,FULL_12_MONTHS,12,12,472,vítimas,total_vitima,Estupro de vulnerável,separate_victim_indicator,COMPARABLE
Estupro de vulnerável,2015,AM,FULL_12_MONTHS,12,12,598,vítimas,total_vitima,Estupro de vulnerável,separate_victim_indicator,COMPARABLE
Estupro de vulnerável,2015,AP,FULL_12_MONTHS,12,12,0,vítimas,total_vitima,Estupro de vulnerável,separate_victim_indicator,COMPARABLE
Estupro de vulnerável,2015,BA,FULL_12_MONTHS,12,12,1745,vítimas,total_vitima,Estupro de vulnerável,separate_victim_indicator,COMPARABLE
Estupro de vulnerável,2015,CE,FULL_12_MONTHS,12,12,1061,vítimas,total_vitima,Estupro de vulnerável,separate_victim_indicator,COMPARABLE
Estupro de vulnerável,2015,DF,FULL_12_MONTHS,12,12,0,vítimas,total_vitima,Estupro de vulnerável,separate_victim_indicator,COMPARABLE
Estupro de vulnerável,2015,ES,FULL_12_MONTHS,12,12,0,vítimas,total_vitima,Estupro de vulnerável,separate_victim_indicator,COMPARABLE
Estupro de vulnerável,2015,GO,FULL_12_MONTHS,12,12,0,vítimas,total_vitima,Estupro de vulnerável,separate_victim_indicator,COMPARABLE
Estupro de vulnerável,2015,MA,FULL_12_MONTHS,12,12,0,vítimas,total_vitima,Estupro de vulnerável,separate_victim_indicator,COMPARABLE
Estupro de vulnerável,2015,MG,FULL_12_MONTHS,12,12,2949,vítimas,total_vitima,Estupro de vulnerável,separate_victim_indicator,COMPARABLE
Estupro de vulnerável,2015,MS,FULL_12_MONTHS,12,12,0,vítimas,total_vitima,Estupro de vulnerável,separate_victim_indicator,COMPARABLE
Estupro de vulnerável,2015,MT,FULL_12_MONTHS,12,12,1003,vítimas,total_vitima,Estupro de vulnerável,separate_victim_indicator,COMPARABLE
Estupro de vulnerável,2015,PA,FULL_12_MONTHS,12,12,2166,vítimas,total_vitima,Estupro de vulnerável,separate_victim_indicator,COMPARABLE
Estupro de vulnerável,2015,PB,FULL_12_MONTHS,12,12,0,vítimas,total_vitima,Estupro de vulnerável,separate_victim_indicator,COMPARABLE
Estupro de vulnerável,2015,PE,FULL_12_MONTHS,12,12,1524,vítimas,total_vitima,Estupro de vulnerável,separate_victim_indicator,COMPARABLE
Estupro de vulnerável,2015,PI,FULL_12_MONTHS,12,12,410,vítimas,total_vitima,Estupro de vulnerável,separate_victim_indicator,COMPARABLE
Estupro de vulnerável,2015,PR,FULL_12_MONTHS,12,12,3378,vítimas,total_vitima,Estupro de vulnerável,separate_victim_indicator,COMPARABLE
Estupro de vulnerável,2015,RJ,FULL_12_MONTHS,12,12,0,vítimas,total_vitima,Estupro de vulnerável,separate_victim_indicator,COMPARABLE
Estupro de vulnerável,2015,RN,FULL_12_MONTHS,12,12,116,vítimas,total_vitima,Estupro de vulnerável,separate_victim_indicator,COMPARABLE
Estupro de vulnerável,2015,RO,FULL_12_MONTHS,12,12,0,vítimas,total_vitima,Estupro de vulnerável,separate_victim_indicator,COMPARABLE
Estupro de vulnerável,2015,RR,FULL_12_MONTHS,12,12,106,vítimas,total_vitima,Estupro de vulnerável,separate_victim_indicator,COMPARABLE
Estupro de vulnerável,2015,RS,FULL_12_MONTHS,12,12,2569,vítimas,total_vitima,Estupro de vulnerável,separate_victim_indicator,COMPARABLE
Estupro de vulnerável,2015,SC,FULL_12_MONTHS,12,12,1077,vítimas,total_vitima,Estupro de vulnerável,separate_victim_indicator,COMPARABLE
Estupro de vulnerável,2015,SE,FULL_12_MONTHS,12,12,322,vítimas,total_vitima,Estupro de vulnerável,separate_victim_indicator,COMPARABLE
Estupro de vulnerável,2015,SP,FULL_12_MONTHS,12,12,0,vítimas,total_vitima,Estupro de vulnerável,separate_victim_indicator,COMPARABLE
Estupro de vulnerável,2015,TO,FULL_12_MONTHS,12,12,0,vítimas,total_vitima,Estupro de vulnerável,separate_victim_indicator,COMPARABLE
Estupro de vulnerável,2016,AC,FULL_12_MONTHS,12,12,0,vítimas,total_vitima,Estupro de vulnerável,separate_victim_indicator,COMPARABLE
Estupro de vulnerável,2016,AL,FULL_12_MONTHS,12,12,500,vítimas,total_vitima,Estupro de vulnerável,separate_victim_indicator,COMPARABLE
Estupro de vulnerável,2016,AM,FULL_12_MONTHS,12,12,673,vítimas,total_vitima,Estupro de vulnerável,separate_victim_indicator,COMPARABLE
Estupro de vulnerável,2016,AP,FULL_12_MONTHS,12,12,0,vítimas,total_vitima,Estupro de vulnerável,separate_victim_indicator,COMPARABLE
Estupro de vulnerável,2016,BA,FULL_12_MONTHS,12,12,1987,vítimas,total_vitima,Estupro de vulnerável,separate_victim_indicator,COMPARABLE
Estupro de vulnerável,2016,CE,FULL_12_MONTHS,12,12,1143,vítimas,total_vitima,Estupro de vulnerável,separate_victim_indicator,COMPARABLE
Estupro de vulnerável,2016,DF,FULL_12_MONTHS,12,12,0,vítimas,total_vitima,Estupro de vulnerável,separate_victim_indicator,COMPARABLE
Estupro de vulnerável,2016,ES,FULL_12_MONTHS,12,12,0,vítimas,total_vitima,Estupro de vulnerável,separate_victim_indicator,COMPARABLE
Estupro de vulnerável,2016,GO,FULL_12_MONTHS,12,12,1559,vítimas,total_vitima,Estupro de vulnerável,separate_victim_indicator,COMPARABLE
Estupro de vulnerável,2016,MA,FULL_12_MONTHS,12,12,0,vítimas,total_vitima,Estupro de vulnerável,separate_victim_indicator,COMPARABLE
Estupro de vulnerável,2016,MG,FULL_12_MONTHS,12,12,3224,vítimas,total_vitima,Estupro de vulnerável,separate_victim_indicator,COMPARABLE
Estupro de vulnerável,2016,MS,FULL_12_MONTHS,12,12,0,vítimas,total_vitima,Estupro de vulnerável,separate_victim_indicator,COMPARABLE
Estupro de vulnerável,2016,MT,FULL_12_MONTHS,12,12,1298,vítimas,total_vitima,Estupro de vulnerável,separate_victim_indicator,COMPARABLE
Estupro de vulnerável,2016,PA,FULL_12_MONTHS,12,12,1954,vítimas,total_vitima,Estupro de vulnerável,separate_victim_indicator,COMPARABLE
Estupro de vulnerável,2016,PB,FULL_12_MONTHS,12,12,0,vítimas,total_vitima,Estupro de vulnerável,separate_victim_indicator,COMPARABLE
Estupro de vulnerável,2016,PE,FULL_12_MONTHS,12,12,1560,vítimas,total_vitima,Estupro de vulnerável,separate_victim_indicator,COMPARABLE
Estupro de vulnerável,2016,PI,FULL_12_MONTHS,12,12,572,vítimas,total_vitima,Estupro de vulnerável,separate_victim_indicator,COMPARABLE
Estupro de vulnerável,2016,PR,FULL_12_MONTHS,12,12,3724,vítimas,total_vitima,Estupro de vulnerável,separate_victim_indicator,COMPARABLE
Estupro de vulnerável,2016,RJ,FULL_12_MONTHS,12,12,0,vítimas,total_vitima,Estupro de vulnerável,separate_victim_indicator,COMPARABLE
Estupro de vulnerável,2016,RN,FULL_12_MONTHS,12,12,163,vítimas,total_vitima,Estupro de vulnerável,separate_victim_indicator,COMPARABLE
Estupro de vulnerável,2016,RO,FULL_12_MONTHS,12,12,0,vítimas,total_vitima,Estupro de vulnerável,separate_victim_indicator,COMPARABLE
Estupro de vulnerável,2016,RR,FULL_12_MONTHS,12,12,118,vítimas,total_vitima,Estupro de vulnerável,separate_victim_indicator,COMPARABLE
Estupro de vulnerável,2016,RS,FULL_12_MONTHS,12,12,2945,vítimas,total_vitima,Estupro de vulnerável,separate_victim_indicator,COMPARABLE
Estupro de vulnerável,2016,SC,FULL_12_MONTHS,12,12,1248,vítimas,total_vitima,Estupro de vulnerável,separate_victim_indicator,COMPARABLE
Estupro de vulnerável,2016,SE,FULL_12_MONTHS,12,12,378,vítimas,total_vitima,Estupro de vulnerável,separate_victim_indicator,COMPARABLE
Estupro de vulnerável,2016,SP,FULL_12_MONTHS,12,12,2957,vítimas,total_vitima,Estupro de vulnerável,separate_victim_indicator,COMPARABLE
Estupro de vulnerável,2016,TO,FULL_12_MONTHS,12,12,0,vítimas,total_vitima,Estupro de vulnerável,separate_victim_indicator,COMPARABLE
Estupro de vulnerável,2017,AC,FULL_12_MONTHS,12,12,0,vítimas,total_vitima,Estupro de vulnerável,separate_victim_indicator,COMPARABLE
Estupro de vulnerável,2017,AL,FULL_12_MONTHS,12,12,573,vítimas,total_vitima,Estupro de vulnerável,separate_victim_indicator,COMPARABLE
Estupro de vulnerável,2017,AM,FULL_12_MONTHS,12,12,666,vítimas,total_vitima,Estupro de vulnerável,separate_victim_indicator,COMPARABLE
Estupro de vulnerável,2017,AP,FULL_12_MONTHS,12,12,0,vítimas,total_vitima,Estupro de vulnerável,separate_victim_indicator,COMPARABLE
Estupro de vulnerável,2017,BA,FULL_12_MONTHS,12,12,2460,vítimas,total_vitima,Estupro de vulnerável,separate_victim_indicator,COMPARABLE
Estupro de vulnerável,2017,CE,FULL_12_MONTHS,12,12,1224,vítimas,total_vitima,Estupro de vulnerável,separate_victim_indicator,COMPARABLE
Estupro de vulnerável,2017,DF,FULL_12_MONTHS,12,12,0,vítimas,total_vitima,Estupro de vulnerável,separate_victim_indicator,COMPARABLE
Estupro de vulnerável,2017,ES,FULL_12_MONTHS,12,12,0,vítimas,total_vitima,Estupro de vulnerável,separate_victim_indicator,COMPARABLE
Estupro de vulnerável,2017,GO,FULL_12_MONTHS,12,12,2356,vítimas,total_vitima,Estupro de vulnerável,separate_victim_indicator,COMPARABLE
Estupro de vulnerável,2017,MA,FULL_12_MONTHS,12,12,0,vítimas,total_vitima,Estupro de vulnerável,separate_victim_indicator,COMPARABLE
Estupro de vulnerável,2017,MG,FULL_12_MONTHS,12,12,3766,vítimas,total_vitima,Estupro de vulnerável,separate_victim_indicator,COMPARABLE
Estupro de vulnerável,2017,MS,FULL_12_MONTHS,12,12,0,vítimas,total_vitima,Estupro de vulnerável,separate_victim_indicator,COMPARABLE
Estupro de vulnerável,2017,MT,FULL_12_MONTHS,12,12,1374,vítimas,total_vitima,Estupro de vulnerável,separate_victim_indicator,COMPARABLE
Estupro de vulnerável,2017,PA,FULL_12_MONTHS,12,12,2398,vítimas,total_vitima,Estupro de vulnerável,separate_victim_indicator,COMPARABLE
Estupro de vulnerável,2017,PB,FULL_12_MONTHS,12,12,0,vítimas,total_vitima,Estupro de vulnerável,separate_victim_indicator,COMPARABLE
Estupro de vulnerável,2017,PE,FULL_12_MONTHS,12,12,1577,vítimas,total_vitima,Estupro de vulnerável,separate_victim_indicator,COMPARABLE
Estupro de vulnerável,2017,PI,FULL_12_MONTHS,12,12,717,vítimas,total_vitima,Estupro de vulnerável,separate_victim_indicator,COMPARABLE
Estupro de vulnerável,2017,PR,FULL_12_MONTHS,12,12,4129,vítimas,total_vitima,Estupro de vulnerável,separate_victim_indicator,COMPARABLE
Estupro de vulnerável,2017,RJ,FULL_12_MONTHS,12,12,0,vítimas,total_vitima,Estupro de vulnerável,separate_victim_indicator,COMPARABLE
Estupro de vulnerável,2017,RN,FULL_12_MONTHS,12,12,133,vítimas,total_vitima,Estupro de vulnerável,separate_victim_indicator,COMPARABLE
Estupro de vulnerável,2017,RO,FULL_12_MONTHS,12,12,0,vítimas,total_vitima,Estupro de vulnerável,separate_victim_indicator,COMPARABLE
Estupro de vulnerável,2017,RR,FULL_12_MONTHS,12,12,204,vítimas,total_vitima,Estupro de vulnerável,separate_victim_indicator,COMPARABLE
Estupro de vulnerável,2017,RS,FULL_12_MONTHS,12,12,3360,vítimas,total_vitima,Estupro de vulnerável,separate_victim_indicator,COMPARABLE
Estupro de vulnerável,2017,SC,FULL_12_MONTHS,12,12,1242,vítimas,total_vitima,Estupro de vulnerável,separate_victim_indicator,COMPARABLE
Estupro de vulnerável,2017,SE,FULL_12_MONTHS,12,12,395,vítimas,total_vitima,Estupro de vulnerável,separate_victim_indicator,COMPARABLE
Estupro de vulnerável,2017,SP,FULL_12_MONTHS,12,12,9428,vítimas,total_vitima,Estupro de vulnerável,separate_victim_indicator,COMPARABLE
Estupro de vulnerável,2017,TO,FULL_12_MONTHS,12,12,0,vítimas,total_vitima,Estupro de vulnerável,separate_victim_indicator,COMPARABLE
Estupro de vulnerável,2018,AC,FULL_12_MONTHS,12,12,213,vítimas,total_vitima,Estupro de vulnerável,separate_victim_indicator,COMPARABLE
Estupro de vulnerável,2018,AL,FULL_12_MONTHS,12,12,591,vítimas,total_vitima,Estupro de vulnerável,separate_victim_indicator,COMPARABLE
Estupro de vulnerável,2018,AM,FULL_12_MONTHS,12,12,701,vítimas,total_vitima,Estupro de vulnerável,separate_victim_indicator,COMPARABLE
Estupro de vulnerável,2018,AP,FULL_12_MONTHS,12,12,0,vítimas,total_vitima,Estupro de vulnerável,separate_victim_indicator,COMPARABLE
Estupro de vulnerável,2018,BA,FULL_12_MONTHS,12,12,2420,vítimas,total_vitima,Estupro de vulnerável,separate_victim_indicator,COMPARABLE
Estupro de vulnerável,2018,CE,FULL_12_MONTHS,12,12,1322,vítimas,total_vitima,Estupro de vulnerável,separate_victim_indicator,COMPARABLE
Estupro de vulnerável,2018,DF,FULL_12_MONTHS,12,12,538,vítimas,total_vitima,Estupro de vulnerável,separate_victim_indicator,COMPARABLE
Estupro de vulnerável,2018,ES,FULL_12_MONTHS,12,12,0,vítimas,total_vitima,Estupro de vulnerável,separate_victim_indicator,COMPARABLE
Estupro de vulnerável,2018,GO,FULL_12_MONTHS,12,12,2786,vítimas,total_vitima,Estupro de vulnerável,separate_victim_indicator,COMPARABLE
Estupro de vulnerável,2018,MA,FULL_12_MONTHS,12,12,0,vítimas,total_vitima,Estupro de vulnerável,separate_victim_indicator,COMPARABLE
Estupro de vulnerável,2018,MG,FULL_12_MONTHS,12,12,4126,vítimas,total_vitima,Estupro de vulnerável,separate_victim_indicator,COMPARABLE
Estupro de vulnerável,2018,MS,FULL_12_MONTHS,12,12,0,vítimas,total_vitima,Estupro de vulnerável,separate_victim_indicator,COMPARABLE
Estupro de vulnerável,2018,MT,FULL_12_MONTHS,12,12,1553,vítimas,total_vitima,Estupro de vulnerável,separate_victim_indicator,COMPARABLE
Estupro de vulnerável,2018,PA,FULL_12_MONTHS,12,12,2753,vítimas,total_vitima,Estupro de vulnerável,separate_victim_indicator,COMPARABLE
Estupro de vulnerável,2018,PB,FULL_12_MONTHS,12,12,0,vítimas,total_vitima,Estupro de vulnerável,separate_victim_indicator,COMPARABLE
Estupro de vulnerável,2018,PE,FULL_12_MONTHS,12,12,1996,vítimas,total_vitima,Estupro de vulnerável,separate_victim_indicator,COMPARABLE
Estupro de vulnerável,2018,PI,FULL_12_MONTHS,12,12,706,vítimas,total_vitima,Estupro de vulnerável,separate_victim_indicator,COMPARABLE
Estupro de vulnerável,2018,PR,FULL_12_MONTHS,12,12,5452,vítimas,total_vitima,Estupro de vulnerável,separate_victim_indicator,COMPARABLE
Estupro de vulnerável,2018,RJ,FULL_12_MONTHS,12,12,3607,vítimas,total_vitima,Estupro de vulnerável,separate_victim_indicator,COMPARABLE
Estupro de vulnerável,2018,RN,FULL_12_MONTHS,12,12,234,vítimas,total_vitima,Estupro de vulnerável,separate_victim_indicator,COMPARABLE
Estupro de vulnerável,2018,RO,FULL_12_MONTHS,12,12,0,vítimas,total_vitima,Estupro de vulnerável,separate_victim_indicator,COMPARABLE
Estupro de vulnerável,2018,RR,FULL_12_MONTHS,12,12,228,vítimas,total_vitima,Estupro de vulnerável,separate_victim_indicator,COMPARABLE
Estupro de vulnerável,2018,RS,FULL_12_MONTHS,12,12,3216,vítimas,total_vitima,Estupro de vulnerável,separate_victim_indicator,COMPARABLE
Estupro de vulnerável,2018,SC,FULL_12_MONTHS,12,12,1759,vítimas,total_vitima,Estupro de vulnerável,separate_victim_indicator,COMPARABLE
Estupro de vulnerável,2018,SE,FULL_12_MONTHS,12,12,331,vítimas,total_vitima,Estupro de vulnerável,separate_victim_indicator,COMPARABLE
Estupro de vulnerável,2018,SP,FULL_12_MONTHS,12,12,9923,vítimas,total_vitima,Estupro de vulnerável,separate_victim_indicator,COMPARABLE
Estupro de vulnerável,2018,TO,FULL_12_MONTHS,12,12,0,vítimas,total_vitima,Estupro de vulnerável,separate_victim_indicator,COMPARABLE
Estupro de vulnerável,2019,AC,FULL_12_MONTHS,12,12,238,vítimas,total_vitima,Estupro de vulnerável,separate_victim_indicator,COMPARABLE
Estupro de vulnerável,2019,AL,FULL_12_MONTHS,12,12,598,vítimas,total_vitima,Estupro de vulnerável,separate_victim_indicator,COMPARABLE
Estupro de vulnerável,2019,AM,FULL_12_MONTHS,12,12,709,vítimas,total_vitima,Estupro de vulnerável,separate_victim_indicator,COMPARABLE
Estupro de vulnerável,2019,AP,FULL_12_MONTHS,12,12,435,vítimas,total_vitima,Estupro de vulnerável,separate_victim_indicator,COMPARABLE
Estupro de vulnerável,2019,BA,FULL_12_MONTHS,12,12,2469,vítimas,total_vitima,Estupro de vulnerável,separate_victim_indicator,COMPARABLE
Estupro de vulnerável,2019,CE,FULL_12_MONTHS,12,12,1479,vítimas,total_vitima,Estupro de vulnerável,separate_victim_indicator,COMPARABLE
Estupro de vulnerável,2019,DF,FULL_12_MONTHS,12,12,462,vítimas,total_vitima,Estupro de vulnerável,separate_victim_indicator,COMPARABLE
Estupro de vulnerável,2019,ES,FULL_12_MONTHS,12,12,0,vítimas,total_vitima,Estupro de vulnerável,separate_victim_indicator,COMPARABLE
Estupro de vulnerável,2019,GO,FULL_12_MONTHS,12,12,2824,vítimas,total_vitima,Estupro de vulnerável,separate_victim_indicator,COMPARABLE
Estupro de vulnerável,2019,MA,FULL_12_MONTHS,12,12,0,vítimas,total_vitima,Estupro de vulnerável,separate_victim_indicator,COMPARABLE
Estupro de vulnerável,2019,MG,FULL_12_MONTHS,12,12,4055,vítimas,total_vitima,Estupro de vulnerável,separate_victim_indicator,COMPARABLE
Estupro de vulnerável,2019,MS,FULL_12_MONTHS,12,12,0,vítimas,total_vitima,Estupro de vulnerável,separate_victim_indicator,COMPARABLE
Estupro de vulnerável,2019,MT,FULL_12_MONTHS,12,12,1554,vítimas,total_vitima,Estupro de vulnerável,separate_victim_indicator,COMPARABLE
Estupro de vulnerável,2019,PA,FULL_12_MONTHS,12,12,2742,vítimas,total_vitima,Estupro de vulnerável,separate_victim_indicator,COMPARABLE
Estupro de vulnerável,2019,PB,FULL_12_MONTHS,12,12,0,vítimas,total_vitima,Estupro de vulnerável,separate_victim_indicator,COMPARABLE
Estupro de vulnerável,2019,PE,FULL_12_MONTHS,12,12,1945,vítimas,total_vitima,Estupro de vulnerável,separate_victim_indicator,COMPARABLE
Estupro de vulnerável,2019,PI,FULL_12_MONTHS,12,12,767,vítimas,total_vitima,Estupro de vulnerável,separate_victim_indicator,COMPARABLE
Estupro de vulnerável,2019,PR,FULL_12_MONTHS,12,12,5685,vítimas,total_vitima,Estupro de vulnerável,separate_victim_indicator,COMPARABLE
Estupro de vulnerável,2019,RJ,FULL_12_MONTHS,12,12,3822,vítimas,total_vitima,Estupro de vulnerável,separate_victim_indicator,COMPARABLE
Estupro de vulnerável,2019,RN,FULL_12_MONTHS,12,12,344,vítimas,total_vitima,Estupro de vulnerável,separate_victim_indicator,COMPARABLE
Estupro de vulnerável,2019,RO,FULL_12_MONTHS,12,12,0,vítimas,total_vitima,Estupro de vulnerável,separate_victim_indicator,COMPARABLE
Estupro de vulnerável,2019,RR,FULL_12_MONTHS,12,12,229,vítimas,total_vitima,Estupro de vulnerável,separate_victim_indicator,COMPARABLE
Estupro de vulnerável,2019,RS,FULL_12_MONTHS,12,12,3794,vítimas,total_vitima,Estupro de vulnerável,separate_victim_indicator,COMPARABLE
Estupro de vulnerável,2019,SC,FULL_12_MONTHS,12,12,3078,vítimas,total_vitima,Estupro de vulnerável,separate_victim_indicator,COMPARABLE
Estupro de vulnerável,2019,SE,FULL_12_MONTHS,12,12,619,vítimas,total_vitima,Estupro de vulnerável,separate_victim_indicator,COMPARABLE
Estupro de vulnerável,2019,SP,FULL_12_MONTHS,12,12,10676,vítimas,total_vitima,Estupro de vulnerável,separate_victim_indicator,COMPARABLE
Estupro de vulnerável,2019,TO,FULL_12_MONTHS,12,12,0,vítimas,total_vitima,Estupro de vulnerável,separate_victim_indicator,COMPARABLE
Estupro de vulnerável,2020,AC,FULL_12_MONTHS,12,12,300,vítimas,total_vitima,Estupro de vulnerável,separate_victim_indicator,COMPARABLE
Estupro de vulnerável,2020,AL,FULL_12_MONTHS,12,12,690,vítimas,total_vitima,Estupro de vulnerável,separate_victim_indicator,COMPARABLE
Estupro de vulnerável,2020,AM,FULL_12_MONTHS,12,12,665,vítimas,total_vitima,Estupro de vulnerável,separate_victim_indicator,COMPARABLE
Estupro de vulnerável,2020,AP,FULL_12_MONTHS,12,12,400,vítimas,total_vitima,Estupro de vulnerável,separate_victim_indicator,COMPARABLE
Estupro de vulnerável,2020,BA,FULL_12_MONTHS,12,12,2273,vítimas,total_vitima,Estupro de vulnerável,separate_victim_indicator,COMPARABLE
Estupro de vulnerável,2020,CE,FULL_12_MONTHS,12,12,1455,vítimas,total_vitima,Estupro de vulnerável,separate_victim_indicator,COMPARABLE
Estupro de vulnerável,2020,DF,FULL_12_MONTHS,12,12,478,vítimas,total_vitima,Estupro de vulnerável,separate_victim_indicator,COMPARABLE
Estupro de vulnerável,2020,ES,FULL_12_MONTHS,12,12,0,vítimas,total_vitima,Estupro de vulnerável,separate_victim_indicator,COMPARABLE
Estupro de vulnerável,2020,GO,FULL_12_MONTHS,12,12,2594,vítimas,total_vitima,Estupro de vulnerável,separate_victim_indicator,COMPARABLE
Estupro de vulnerável,2020,MA,FULL_12_MONTHS,12,12,0,vítimas,total_vitima,Estupro de vulnerável,separate_victim_indicator,COMPARABLE
Estupro de vulnerável,2020,MG,FULL_12_MONTHS,12,12,3598,vítimas,total_vitima,Estupro de vulnerável,separate_victim_indicator,COMPARABLE
Estupro de vulnerável,2020,MS,FULL_12_MONTHS,12,12,0,vítimas,total_vitima,Estupro de vulnerável,separate_victim_indicator,COMPARABLE
Estupro de vulnerável,2020,MT,FULL_12_MONTHS,12,12,1291,vítimas,total_vitima,Estupro de vulnerável,separate_victim_indicator,COMPARABLE
Estupro de vulnerável,2020,PA,FULL_12_MONTHS,12,12,2550,vítimas,total_vitima,Estupro de vulnerável,separate_victim_indicator,COMPARABLE
Estupro de vulnerável,2020,PB,FULL_12_MONTHS,12,12,0,vítimas,total_vitima,Estupro de vulnerável,separate_victim_indicator,COMPARABLE
Estupro de vulnerável,2020,PE,FULL_12_MONTHS,12,12,1893,vítimas,total_vitima,Estupro de vulnerável,separate_victim_indicator,COMPARABLE
Estupro de vulnerável,2020,PI,FULL_12_MONTHS,12,12,709,vítimas,total_vitima,Estupro de vulnerável,separate_victim_indicator,COMPARABLE
Estupro de vulnerável,2020,PR,FULL_12_MONTHS,12,12,4953,vítimas,total_vitima,Estupro de vulnerável,separate_victim_indicator,COMPARABLE
Estupro de vulnerável,2020,RJ,FULL_12_MONTHS,12,12,3393,vítimas,total_vitima,Estupro de vulnerável,separate_victim_indicator,COMPARABLE
Estupro de vulnerável,2020,RN,FULL_12_MONTHS,12,12,506,vítimas,total_vitima,Estupro de vulnerável,separate_victim_indicator,COMPARABLE
Estupro de vulnerável,2020,RO,FULL_12_MONTHS,12,12,0,vítimas,total_vitima,Estupro de vulnerável,separate_victim_indicator,COMPARABLE
Estupro de vulnerável,2020,RR,FULL_12_MONTHS,12,12,303,vítimas,total_vitima,Estupro de vulnerável,separate_victim_indicator,COMPARABLE
Estupro de vulnerável,2020,RS,FULL_12_MONTHS,12,12,3552,vítimas,total_vitima,Estupro de vulnerável,separate_victim_indicator,COMPARABLE
Estupro de vulnerável,2020,SC,FULL_12_MONTHS,12,12,2712,vítimas,total_vitima,Estupro de vulnerável,separate_victim_indicator,COMPARABLE
Estupro de vulnerável,2020,SE,FULL_12_MONTHS,12,12,514,vítimas,total_vitima,Estupro de vulnerável,separate_victim_indicator,COMPARABLE
Estupro de vulnerável,2020,SP,FULL_12_MONTHS,12,12,9697,vítimas,total_vitima,Estupro de vulnerável,separate_victim_indicator,COMPARABLE
Estupro de vulnerável,2020,TO,FULL_12_MONTHS,12,12,780,vítimas,total_vitima,Estupro de vulnerável,separate_victim_indicator,COMPARABLE
Estupro de vulnerável,2021,AC,FULL_12_MONTHS,12,12,489,vítimas,total_vitima,Estupro de vulnerável,separate_victim_indicator,COMPARABLE
Estupro de vulnerável,2021,AL,FULL_12_MONTHS,12,12,686,vítimas,total_vitima,Estupro de vulnerável,separate_victim_indicator,COMPARABLE
Estupro de vulnerável,2021,AM,FULL_12_MONTHS,12,12,549,vítimas,total_vitima,Estupro de vulnerável,separate_victim_indicator,COMPARABLE
Estupro de vulnerável,2021,AP,FULL_12_MONTHS,12,12,478,vítimas,total_vitima,Estupro de vulnerável,separate_victim_indicator,COMPARABLE
Estupro de vulnerável,2021,BA,FULL_12_MONTHS,12,12,1123,vítimas,total_vitima,Estupro de vulnerável,separate_victim_indicator,COMPARABLE
Estupro de vulnerável,2021,CE,FULL_12_MONTHS,12,12,1566,vítimas,total_vitima,Estupro de vulnerável,separate_victim_indicator,COMPARABLE
Estupro de vulnerável,2021,DF,FULL_12_MONTHS,12,12,469,vítimas,total_vitima,Estupro de vulnerável,separate_victim_indicator,COMPARABLE
Estupro de vulnerável,2021,ES,FULL_12_MONTHS,12,12,0,vítimas,total_vitima,Estupro de vulnerável,separate_victim_indicator,COMPARABLE
Estupro de vulnerável,2021,GO,FULL_12_MONTHS,12,12,2690,vítimas,total_vitima,Estupro de vulnerável,separate_victim_indicator,COMPARABLE
Estupro de vulnerável,2021,MA,FULL_12_MONTHS,12,12,1492,vítimas,total_vitima,Estupro de vulnerável,separate_victim_indicator,COMPARABLE
Estupro de vulnerável,2021,MG,FULL_12_MONTHS,12,12,3808,vítimas,total_vitima,Estupro de vulnerável,separate_victim_indicator,COMPARABLE
Estupro de vulnerável,2021,MS,FULL_12_MONTHS,12,12,147,vítimas,total_vitima,Estupro de vulnerável,separate_victim_indicator,COMPARABLE
Estupro de vulnerável,2021,MT,FULL_12_MONTHS,12,12,1372,vítimas,total_vitima,Estupro de vulnerável,separate_victim_indicator,COMPARABLE
Estupro de vulnerável,2021,PA,FULL_12_MONTHS,12,12,2985,vítimas,total_vitima,Estupro de vulnerável,separate_victim_indicator,COMPARABLE
Estupro de vulnerável,2021,PB,FULL_12_MONTHS,12,12,0,vítimas,total_vitima,Estupro de vulnerável,separate_victim_indicator,COMPARABLE
Estupro de vulnerável,2021,PE,FULL_12_MONTHS,12,12,1988,vítimas,total_vitima,Estupro de vulnerável,separate_victim_indicator,COMPARABLE
Estupro de vulnerável,2021,PI,FULL_12_MONTHS,12,12,942,vítimas,total_vitima,Estupro de vulnerável,separate_victim_indicator,COMPARABLE
Estupro de vulnerável,2021,PR,FULL_12_MONTHS,12,12,5111,vítimas,total_vitima,Estupro de vulnerável,separate_victim_indicator,COMPARABLE
Estupro de vulnerável,2021,RJ,FULL_12_MONTHS,12,12,3753,vítimas,total_vitima,Estupro de vulnerável,separate_victim_indicator,COMPARABLE
Estupro de vulnerável,2021,RN,FULL_12_MONTHS,12,12,600,vítimas,total_vitima,Estupro de vulnerável,separate_victim_indicator,COMPARABLE
Estupro de vulnerável,2021,RO,FULL_12_MONTHS,12,12,0,vítimas,total_vitima,Estupro de vulnerável,separate_victim_indicator,COMPARABLE
Estupro de vulnerável,2021,RR,FULL_12_MONTHS,12,12,473,vítimas,total_vitima,Estupro de vulnerável,separate_victim_indicator,COMPARABLE
Estupro de vulnerável,2021,RS,FULL_12_MONTHS,12,12,3898,vítimas,total_vitima,Estupro de vulnerável,separate_victim_indicator,COMPARABLE
Estupro de vulnerável,2021,SC,FULL_12_MONTHS,12,12,2858,vítimas,total_vitima,Estupro de vulnerável,separate_victim_indicator,COMPARABLE
Estupro de vulnerável,2021,SE,FULL_12_MONTHS,12,12,719,vítimas,total_vitima,Estupro de vulnerável,separate_victim_indicator,COMPARABLE
Estupro de vulnerável,2021,SP,FULL_12_MONTHS,12,12,9802,vítimas,total_vitima,Estupro de vulnerável,separate_victim_indicator,COMPARABLE
Estupro de vulnerável,2021,TO,FULL_12_MONTHS,12,12,855,vítimas,total_vitima,Estupro de vulnerável,separate_victim_indicator,COMPARABLE
Estupro de vulnerável,2022,AC,FULL_12_MONTHS,12,12,443,vítimas,total_vitima,Estupro de vulnerável,separate_victim_indicator,COMPARABLE
Estupro de vulnerável,2022,AL,FULL_12_MONTHS,12,12,857,vítimas,total_vitima,Estupro de vulnerável,separate_victim_indicator,COMPARABLE
Estupro de vulnerável,2022,AM,FULL_12_MONTHS,12,12,686,vítimas,total_vitima,Estupro de vulnerável,separate_victim_indicator,COMPARABLE
Estupro de vulnerável,2022,AP,FULL_12_MONTHS,12,12,551,vítimas,total_vitima,Estupro de vulnerável,separate_victim_indicator,COMPARABLE
Estupro de vulnerável,2022,BA,FULL_12_MONTHS,12,12,3709,vítimas,total_vitima,Estupro de vulnerável,separate_victim_indicator,COMPARABLE
Estupro de vulnerável,2022,CE,FULL_12_MONTHS,12,12,1500,vítimas,total_vitima,Estupro de vulnerável,separate_victim_indicator,COMPARABLE
Estupro de vulnerável,2022,DF,FULL_12_MONTHS,12,12,623,vítimas,total_vitima,Estupro de vulnerável,separate_victim_indicator,COMPARABLE
Estupro de vulnerável,2022,ES,FULL_12_MONTHS,12,12,0,vítimas,total_vitima,Estupro de vulnerável,separate_victim_indicator,COMPARABLE
Estupro de vulnerável,2022,GO,FULL_12_MONTHS,12,12,3290,vítimas,total_vitima,Estupro de vulnerável,separate_victim_indicator,COMPARABLE
Estupro de vulnerável,2022,MA,FULL_12_MONTHS,12,12,1646,vítimas,total_vitima,Estupro de vulnerável,separate_victim_indicator,COMPARABLE
Estupro de vulnerável,2022,MG,FULL_12_MONTHS,12,12,3643,vítimas,total_vitima,Estupro de vulnerável,separate_victim_indicator,COMPARABLE
Estupro de vulnerável,2022,MS,FULL_12_MONTHS,12,12,0,vítimas,total_vitima,Estupro de vulnerável,separate_victim_indicator,COMPARABLE
Estupro de vulnerável,2022,MT,FULL_12_MONTHS,12,12,1552,vítimas,total_vitima,Estupro de vulnerável,separate_victim_indicator,COMPARABLE
Estupro de vulnerável,2022,PA,FULL_12_MONTHS,12,12,3735,vítimas,total_vitima,Estupro de vulnerável,separate_victim_indicator,COMPARABLE
Estupro de vulnerável,2022,PB,FULL_12_MONTHS,12,12,0,vítimas,total_vitima,Estupro de vulnerável,separate_victim_indicator,COMPARABLE
Estupro de vulnerável,2022,PE,FULL_12_MONTHS,12,12,2083,vítimas,total_vitima,Estupro de vulnerável,separate_victim_indicator,COMPARABLE
Estupro de vulnerável,2022,PI,FULL_12_MONTHS,12,12,1056,vítimas,total_vitima,Estupro de vulnerável,separate_victim_indicator,COMPARABLE
Estupro de vulnerável,2022,PR,FULL_12_MONTHS,12,12,5566,vítimas,total_vitima,Estupro de vulnerável,separate_victim_indicator,COMPARABLE
Estupro de vulnerável,2022,RJ,FULL_12_MONTHS,12,12,4129,vítimas,total_vitima,Estupro de vulnerável,separate_victim_indicator,COMPARABLE
Estupro de vulnerável,2022,RN,FULL_12_MONTHS,12,12,763,vítimas,total_vitima,Estupro de vulnerável,separate_victim_indicator,COMPARABLE
Estupro de vulnerável,2022,RO,FULL_12_MONTHS,12,12,0,vítimas,total_vitima,Estupro de vulnerável,separate_victim_indicator,COMPARABLE
Estupro de vulnerável,2022,RR,FULL_12_MONTHS,12,12,603,vítimas,total_vitima,Estupro de vulnerável,separate_victim_indicator,COMPARABLE
Estupro de vulnerável,2022,RS,FULL_12_MONTHS,12,12,4576,vítimas,total_vitima,Estupro de vulnerável,separate_victim_indicator,COMPARABLE
Estupro de vulnerável,2022,SC,FULL_12_MONTHS,12,12,3303,vítimas,total_vitima,Estupro de vulnerável,separate_victim_indicator,COMPARABLE
Estupro de vulnerável,2022,SE,FULL_12_MONTHS,12,12,789,vítimas,total_vitima,Estupro de vulnerável,separate_victim_indicator,COMPARABLE
Estupro de vulnerável,2022,SP,FULL_12_MONTHS,12,12,11274,vítimas,total_vitima,Estupro de vulnerável,separate_victim_indicator,COMPARABLE
Estupro de vulnerável,2022,TO,FULL_12_MONTHS,12,12,911,vítimas,total_vitima,Estupro de vulnerável,separate_victim_indicator,COMPARABLE
Estupro de vulnerável,2023,AC,FULL_12_MONTHS,12,12,459,vítimas,total_vitima,Estupro de vulnerável,separate_victim_indicator,COMPARABLE
Estupro de vulnerável,2023,AL,FULL_12_MONTHS,12,12,928,vítimas,total_vitima,Estupro de vulnerável,separate_victim_indicator,COMPARABLE
Estupro de vulnerável,2023,AM,FULL_12_MONTHS,12,12,791,vítimas,total_vitima,Estupro de vulnerável,separate_victim_indicator,COMPARABLE
Estupro de vulnerável,2023,AP,FULL_12_MONTHS,12,12,538,vítimas,total_vitima,Estupro de vulnerável,separate_victim_indicator,COMPARABLE
Estupro de vulnerável,2023,BA,FULL_12_MONTHS,12,12,4013,vítimas,total_vitima,Estupro de vulnerável,separate_victim_indicator,COMPARABLE
Estupro de vulnerável,2023,CE,FULL_12_MONTHS,12,12,1768,vítimas,total_vitima,Estupro de vulnerável,separate_victim_indicator,COMPARABLE
Estupro de vulnerável,2023,DF,FULL_12_MONTHS,12,12,718,vítimas,total_vitima,Estupro de vulnerável,separate_victim_indicator,COMPARABLE
Estupro de vulnerável,2023,ES,FULL_12_MONTHS,12,12,1558,vítimas,total_vitima,Estupro de vulnerável,separate_victim_indicator,COMPARABLE
Estupro de vulnerável,2023,GO,FULL_12_MONTHS,12,12,3643,vítimas,total_vitima,Estupro de vulnerável,separate_victim_indicator,COMPARABLE
Estupro de vulnerável,2023,MA,FULL_12_MONTHS,12,12,1457,vítimas,total_vitima,Estupro de vulnerável,separate_victim_indicator,COMPARABLE
Estupro de vulnerável,2023,MG,FULL_12_MONTHS,12,12,4187,vítimas,total_vitima,Estupro de vulnerável,separate_victim_indicator,COMPARABLE
Estupro de vulnerável,2023,MS,FULL_12_MONTHS,12,12,0,vítimas,total_vitima,Estupro de vulnerável,separate_victim_indicator,COMPARABLE
Estupro de vulnerável,2023,MT,FULL_12_MONTHS,12,12,1839,vítimas,total_vitima,Estupro de vulnerável,separate_victim_indicator,COMPARABLE
Estupro de vulnerável,2023,PA,FULL_12_MONTHS,12,12,4600,vítimas,total_vitima,Estupro de vulnerável,separate_victim_indicator,COMPARABLE
Estupro de vulnerável,2023,PB,FULL_12_MONTHS,12,12,0,vítimas,total_vitima,Estupro de vulnerável,separate_victim_indicator,COMPARABLE
Estupro de vulnerável,2023,PE,FULL_12_MONTHS,12,12,2252,vítimas,total_vitima,Estupro de vulnerável,separate_victim_indicator,COMPARABLE
Estupro de vulnerável,2023,PI,FULL_12_MONTHS,12,12,1157,vítimas,total_vitima,Estupro de vulnerável,separate_victim_indicator,COMPARABLE
Estupro de vulnerável,2023,PR,FULL_12_MONTHS,12,12,6220,vítimas,total_vitima,Estupro de vulnerável,separate_victim_indicator,COMPARABLE
Estupro de vulnerável,2023,RJ,FULL_12_MONTHS,12,12,3930,vítimas,total_vitima,Estupro de vulnerável,separate_victim_indicator,COMPARABLE
Estupro de vulnerável,2023,RN,FULL_12_MONTHS,12,12,1070,vítimas,total_vitima,Estupro de vulnerável,separate_victim_indicator,COMPARABLE
Estupro de vulnerável,2023,RO,FULL_12_MONTHS,12,12,0,vítimas,total_vitima,Estupro de vulnerável,separate_victim_indicator,COMPARABLE
Estupro de vulnerável,2023,RR,FULL_12_MONTHS,12,12,584,vítimas,total_vitima,Estupro de vulnerável,separate_victim_indicator,COMPARABLE
Estupro de vulnerável,2023,RS,FULL_12_MONTHS,12,12,4549,vítimas,total_vitima,Estupro de vulnerável,separate_victim_indicator,COMPARABLE
Estupro de vulnerável,2023,SC,FULL_12_MONTHS,12,12,3588,vítimas,total_vitima,Estupro de vulnerável,separate_victim_indicator,COMPARABLE
Estupro de vulnerável,2023,SE,FULL_12_MONTHS,12,12,899,vítimas,total_vitima,Estupro de vulnerável,separate_victim_indicator,COMPARABLE
Estupro de vulnerável,2023,SP,FULL_12_MONTHS,12,12,12123,vítimas,total_vitima,Estupro de vulnerável,separate_victim_indicator,COMPARABLE
Estupro de vulnerável,2023,TO,FULL_12_MONTHS,12,12,838,vítimas,total_vitima,Estupro de vulnerável,separate_victim_indicator,COMPARABLE
Estupro de vulnerável,2024,AC,FULL_12_MONTHS,12,12,560,vítimas,total_vitima,Estupro de vulnerável,separate_victim_indicator,COMPARABLE
Estupro de vulnerável,2024,AL,FULL_12_MONTHS,12,12,1019,vítimas,total_vitima,Estupro de vulnerável,separate_victim_indicator,COMPARABLE
Estupro de vulnerável,2024,AM,FULL_12_MONTHS,12,12,1161,vítimas,total_vitima,Estupro de vulnerável,separate_victim_indicator,COMPARABLE
Estupro de vulnerável,2024,AP,FULL_12_MONTHS,12,12,685,vítimas,total_vitima,Estupro de vulnerável,separate_victim_indicator,COMPARABLE
Estupro de vulnerável,2024,BA,FULL_12_MONTHS,12,12,4227,vítimas,total_vitima,Estupro de vulnerável,separate_victim_indicator,COMPARABLE
Estupro de vulnerável,2024,CE,FULL_12_MONTHS,12,12,1679,vítimas,total_vitima,Estupro de vulnerável,separate_victim_indicator,COMPARABLE
Estupro de vulnerável,2024,DF,FULL_12_MONTHS,12,12,741,vítimas,total_vitima,Estupro de vulnerável,separate_victim_indicator,COMPARABLE
Estupro de vulnerável,2024,ES,FULL_12_MONTHS,12,12,0,vítimas,total_vitima,Estupro de vulnerável,separate_victim_indicator,COMPARABLE
Estupro de vulnerável,2024,GO,FULL_12_MONTHS,12,12,3599,vítimas,total_vitima,Estupro de vulnerável,separate_victim_indicator,COMPARABLE
Estupro de vulnerável,2024,MA,FULL_12_MONTHS,12,12,1392,vítimas,total_vitima,Estupro de vulnerável,separate_victim_indicator,COMPARABLE
Estupro de vulnerável,2024,MG,FULL_12_MONTHS,12,12,4196,vítimas,total_vitima,Estupro de vulnerável,separate_victim_indicator,COMPARABLE
Estupro de vulnerável,2024,MS,FULL_12_MONTHS,12,12,0,vítimas,total_vitima,Estupro de vulnerável,separate_victim_indicator,COMPARABLE
Estupro de vulnerável,2024,MT,FULL_12_MONTHS,12,12,2040,vítimas,total_vitima,Estupro de vulnerável,separate_victim_indicator,COMPARABLE
Estupro de vulnerável,2024,PA,FULL_12_MONTHS,12,12,4364,vítimas,total_vitima,Estupro de vulnerável,separate_victim_indicator,COMPARABLE
Estupro de vulnerável,2024,PB,FULL_12_MONTHS,12,12,898,vítimas,total_vitima,Estupro de vulnerável,separate_victim_indicator,COMPARABLE
Estupro de vulnerável,2024,PE,FULL_12_MONTHS,12,12,2006,vítimas,total_vitima,Estupro de vulnerável,separate_victim_indicator,COMPARABLE
Estupro de vulnerável,2024,PI,FULL_12_MONTHS,12,12,1146,vítimas,total_vitima,Estupro de vulnerável,separate_victim_indicator,COMPARABLE
Estupro de vulnerável,2024,PR,FULL_12_MONTHS,12,12,6249,vítimas,total_vitima,Estupro de vulnerável,separate_victim_indicator,COMPARABLE
Estupro de vulnerável,2024,RJ,FULL_12_MONTHS,12,12,4185,vítimas,total_vitima,Estupro de vulnerável,separate_victim_indicator,COMPARABLE
Estupro de vulnerável,2024,RN,FULL_12_MONTHS,12,12,1050,vítimas,total_vitima,Estupro de vulnerável,separate_victim_indicator,COMPARABLE
Estupro de vulnerável,2024,RO,FULL_12_MONTHS,12,12,0,vítimas,total_vitima,Estupro de vulnerável,separate_victim_indicator,COMPARABLE
Estupro de vulnerável,2024,RR,FULL_12_MONTHS,12,12,674,vítimas,total_vitima,Estupro de vulnerável,separate_victim_indicator,COMPARABLE
Estupro de vulnerável,2024,RS,FULL_12_MONTHS,12,12,4415,vítimas,total_vitima,Estupro de vulnerável,separate_victim_indicator,COMPARABLE
Estupro de vulnerável,2024,SC,FULL_12_MONTHS,12,12,3366,vítimas,total_vitima,Estupro de vulnerável,separate_victim_indicator,COMPARABLE
Estupro de vulnerável,2024,SE,FULL_12_MONTHS,12,12,926,vítimas,total_vitima,Estupro de vulnerável,separate_victim_indicator,COMPARABLE
Estupro de vulnerável,2024,SP,FULL_12_MONTHS,12,12,12452,vítimas,total_vitima,Estupro de vulnerável,separate_victim_indicator,COMPARABLE
Estupro de vulnerável,2024,TO,FULL_12_MONTHS,12,12,889,vítimas,total_vitima,Estupro de vulnerável,separate_victim_indicator,COMPARABLE
Estupro de vulnerável,2025,AC,FULL_12_MONTHS,12,12,482,vítimas,total_vitima,Estupro de vulnerável,separate_victim_indicator,COMPARABLE
Estupro de vulnerável,2025,AL,FULL_12_MONTHS,12,12,643,vítimas,total_vitima,Estupro de vulnerável,separate_victim_indicator,COMPARABLE
Estupro de vulnerável,2025,AM,FULL_12_MONTHS,12,12,1353,vítimas,total_vitima,Estupro de vulnerável,separate_victim_indicator,COMPARABLE
Estupro de vulnerável,2025,AP,FULL_12_MONTHS,12,12,551,vítimas,total_vitima,Estupro de vulnerável,separate_victim_indicator,COMPARABLE
Estupro de vulnerável,2025,BA,FULL_12_MONTHS,12,12,3999,vítimas,total_vitima,Estupro de vulnerável,separate_victim_indicator,COMPARABLE
Estupro de vulnerável,2025,CE,FULL_12_MONTHS,12,12,1569,vítimas,total_vitima,Estupro de vulnerável,separate_victim_indicator,COMPARABLE
Estupro de vulnerável,2025,DF,FULL_12_MONTHS,12,12,614,vítimas,total_vitima,Estupro de vulnerável,separate_victim_indicator,COMPARABLE
Estupro de vulnerável,2025,ES,FULL_12_MONTHS,12,12,1103,vítimas,total_vitima,Estupro de vulnerável,separate_victim_indicator,COMPARABLE
Estupro de vulnerável,2025,GO,FULL_12_MONTHS,12,12,3164,vítimas,total_vitima,Estupro de vulnerável,separate_victim_indicator,COMPARABLE
Estupro de vulnerável,2025,MA,FULL_12_MONTHS,12,12,1687,vítimas,total_vitima,Estupro de vulnerável,separate_victim_indicator,COMPARABLE
Estupro de vulnerável,2025,MG,FULL_12_MONTHS,12,12,4151,vítimas,total_vitima,Estupro de vulnerável,separate_victim_indicator,COMPARABLE
Estupro de vulnerável,2025,MS,FULL_12_MONTHS,12,12,1198,vítimas,total_vitima,Estupro de vulnerável,separate_victim_indicator,COMPARABLE
Estupro de vulnerável,2025,MT,FULL_12_MONTHS,12,12,1667,vítimas,total_vitima,Estupro de vulnerável,separate_victim_indicator,COMPARABLE
Estupro de vulnerável,2025,PA,FULL_12_MONTHS,12,12,4722,vítimas,total_vitima,Estupro de vulnerável,separate_victim_indicator,COMPARABLE
Estupro de vulnerável,2025,PB,FULL_12_MONTHS,12,12,1081,vítimas,total_vitima,Estupro de vulnerável,separate_victim_indicator,COMPARABLE
Estupro de vulnerável,2025,PE,FULL_12_MONTHS,12,12,1733,vítimas,total_vitima,Estupro de vulnerável,separate_victim_indicator,COMPARABLE
Estupro de vulnerável,2025,PI,FULL_12_MONTHS,12,12,1223,vítimas,total_vitima,Estupro de vulnerável,separate_victim_indicator,COMPARABLE
Estupro de vulnerável,2025,PR,FULL_12_MONTHS,12,12,5342,vítimas,total_vitima,Estupro de vulnerável,separate_victim_indicator,COMPARABLE
Estupro de vulnerável,2025,RJ,FULL_12_MONTHS,12,12,4204,vítimas,total_vitima,Estupro de vulnerável,separate_victim_indicator,COMPARABLE
Estupro de vulnerável,2025,RN,FULL_12_MONTHS,12,12,1033,vítimas,total_vitima,Estupro de vulnerável,separate_victim_indicator,COMPARABLE
Estupro de vulnerável,2025,RO,FULL_12_MONTHS,12,12,1123,vítimas,total_vitima,Estupro de vulnerável,separate_victim_indicator,COMPARABLE
Estupro de vulnerável,2025,RR,FULL_12_MONTHS,12,12,540,vítimas,total_vitima,Estupro de vulnerável,separate_victim_indicator,COMPARABLE
Estupro de vulnerável,2025,RS,FULL_12_MONTHS,12,12,4047,vítimas,total_vitima,Estupro de vulnerável,separate_victim_indicator,COMPARABLE
Estupro de vulnerável,2025,SC,FULL_12_MONTHS,12,12,2605,vítimas,total_vitima,Estupro de vulnerável,separate_victim_indicator,COMPARABLE
Estupro de vulnerável,2025,SE,FULL_12_MONTHS,12,12,849,vítimas,total_vitima,Estupro de vulnerável,separate_victim_indicator,COMPARABLE
Estupro de vulnerável,2025,SP,FULL_12_MONTHS,12,12,12239,vítimas,total_vitima,Estupro de vulnerável,separate_victim_indicator,COMPARABLE
Estupro de vulnerável,2025,TO,FULL_12_MONTHS,12,12,690,vítimas,total_vitima,Estupro de vulnerável,separate_victim_indicator,COMPARABLE
Feminicídio,2015,AC,FULL_12_MONTHS,12,12,4,vítimas,total_vitima,Feminicídio,legal_category_adoption,COMPARABLE_WITH_BREAK
Feminicídio,2015,AL,FULL_12_MONTHS,12,12,11,vítimas,total_vitima,Feminicídio,legal_category_adoption,COMPARABLE_WITH_BREAK
Feminicídio,2015,AM,FULL_12_MONTHS,12,12,0,vítimas,total_vitima,Feminicídio,legal_category_adoption,COMPARABLE_WITH_BREAK
Feminicídio,2015,AP,FULL_12_MONTHS,12,12,7,vítimas,total_vitima,Feminicídio,legal_category_adoption,COMPARABLE_WITH_BREAK
Feminicídio,2015,BA,FULL_12_MONTHS,12,12,0,vítimas,total_vitima,Feminicídio,legal_category_adoption,COMPARABLE_WITH_BREAK
Feminicídio,2015,CE,FULL_12_MONTHS,12,12,0,vítimas,total_vitima,Feminicídio,legal_category_adoption,COMPARABLE_WITH_BREAK
Feminicídio,2015,DF,FULL_12_MONTHS,12,12,9,vítimas,total_vitima,Feminicídio,legal_category_adoption,COMPARABLE_WITH_BREAK
Feminicídio,2015,ES,NOT_REPORTED,0,0,,vítimas,total_vitima,,legal_category_adoption,COMPARABLE_WITH_BREAK
Feminicídio,2015,GO,FULL_12_MONTHS,12,12,0,vítimas,total_vitima,Feminicídio,legal_category_adoption,COMPARABLE_WITH_BREAK
Feminicídio,2015,MA,FULL_12_MONTHS,12,12,26,vítimas,total_vitima,Feminicídio,legal_category_adoption,COMPARABLE_WITH_BREAK
Feminicídio,2015,MG,FULL_12_MONTHS,12,12,157,vítimas,total_vitima,Feminicídio,legal_category_adoption,COMPARABLE_WITH_BREAK
Feminicídio,2015,MS,FULL_12_MONTHS,12,12,18,vítimas,total_vitima,Feminicídio,legal_category_adoption,COMPARABLE_WITH_BREAK
Feminicídio,2015,MT,FULL_12_MONTHS,12,12,0,vítimas,total_vitima,Feminicídio,legal_category_adoption,COMPARABLE_WITH_BREAK
Feminicídio,2015,PA,FULL_12_MONTHS,12,12,37,vítimas,total_vitima,Feminicídio,legal_category_adoption,COMPARABLE_WITH_BREAK
Feminicídio,2015,PB,FULL_12_MONTHS,12,12,18,vítimas,total_vitima,Feminicídio,legal_category_adoption,COMPARABLE_WITH_BREAK
Feminicídio,2015,PE,FULL_12_MONTHS,12,12,0,vítimas,total_vitima,Feminicídio,legal_category_adoption,COMPARABLE_WITH_BREAK
Feminicídio,2015,PI,FULL_12_MONTHS,12,12,26,vítimas,total_vitima,Feminicídio,legal_category_adoption,COMPARABLE_WITH_BREAK
Feminicídio,2015,PR,FULL_12_MONTHS,12,12,0,vítimas,total_vitima,Feminicídio,legal_category_adoption,COMPARABLE_WITH_BREAK
Feminicídio,2015,RJ,FULL_12_MONTHS,12,12,0,vítimas,total_vitima,Feminicídio,legal_category_adoption,COMPARABLE_WITH_BREAK
Feminicídio,2015,RN,FULL_12_MONTHS,12,12,37,vítimas,total_vitima,Feminicídio,legal_category_adoption,COMPARABLE_WITH_BREAK
Feminicídio,2015,RO,FULL_12_MONTHS,12,12,0,vítimas,total_vitima,Feminicídio,legal_category_adoption,COMPARABLE_WITH_BREAK
Feminicídio,2015,RR,FULL_12_MONTHS,12,12,6,vítimas,total_vitima,Feminicídio,legal_category_adoption,COMPARABLE_WITH_BREAK
Feminicídio,2015,RS,FULL_12_MONTHS,12,12,99,vítimas,total_vitima,Feminicídio,legal_category_adoption,COMPARABLE_WITH_BREAK
Feminicídio,2015,SC,FULL_12_MONTHS,12,12,46,vítimas,total_vitima,Feminicídio,legal_category_adoption,COMPARABLE_WITH_BREAK
Feminicídio,2015,SE,FULL_12_MONTHS,12,12,0,vítimas,total_vitima,Feminicídio,legal_category_adoption,COMPARABLE_WITH_BREAK
Feminicídio,2015,SP,FULL_12_MONTHS,12,12,41,vítimas,total_vitima,Feminicídio,legal_category_adoption,COMPARABLE_WITH_BREAK
Feminicídio,2015,TO,FULL_12_MONTHS,12,12,0,vítimas,total_vitima,Feminicídio,legal_category_adoption,COMPARABLE_WITH_BREAK
Feminicídio,2016,AC,FULL_12_MONTHS,12,12,14,vítimas,total_vitima,Feminicídio,legal_category_adoption,COMPARABLE_WITH_BREAK
Feminicídio,2016,AL,FULL_12_MONTHS,12,12,37,vítimas,total_vitima,Feminicídio,legal_category_adoption,COMPARABLE_WITH_BREAK
Feminicídio,2016,AM,FULL_12_MONTHS,12,12,11,vítimas,total_vitima,Feminicídio,legal_category_adoption,COMPARABLE_WITH_BREAK
Feminicídio,2016,AP,FULL_12_MONTHS,12,12,6,vítimas,total_vitima,Feminicídio,legal_category_adoption,COMPARABLE_WITH_BREAK
Feminicídio,2016,BA,FULL_12_MONTHS,12,12,0,vítimas,total_vitima,Feminicídio,legal_category_adoption,COMPARABLE_WITH_BREAK
Feminicídio,2016,CE,FULL_12_MONTHS,12,12,0,vítimas,total_vitima,Feminicídio,legal_category_adoption,COMPARABLE_WITH_BREAK
Feminicídio,2016,DF,FULL_12_MONTHS,12,12,21,vítimas,total_vitima,Feminicídio,legal_category_adoption,COMPARABLE_WITH_BREAK
Feminicídio,2016,ES,FULL_12_MONTHS,12,12,35,vítimas,total_vitima,Feminicídio,legal_category_adoption,COMPARABLE_WITH_BREAK
Feminicídio,2016,GO,FULL_12_MONTHS,12,12,10,vítimas,total_vitima,Feminicídio,legal_category_adoption,COMPARABLE_WITH_BREAK
Feminicídio,2016,MA,FULL_12_MONTHS,12,12,34,vítimas,total_vitima,Feminicídio,legal_category_adoption,COMPARABLE_WITH_BREAK
Feminicídio,2016,MG,FULL_12_MONTHS,12,12,116,vítimas,total_vitima,Feminicídio,legal_category_adoption,COMPARABLE_WITH_BREAK
Feminicídio,2016,MS,FULL_12_MONTHS,12,12,36,vítimas,total_vitima,Feminicídio,legal_category_adoption,COMPARABLE_WITH_BREAK
Feminicídio,2016,MT,FULL_12_MONTHS,12,12,0,vítimas,total_vitima,Feminicídio,legal_category_adoption,COMPARABLE_WITH_BREAK
Feminicídio,2016,PA,FULL_12_MONTHS,12,12,51,vítimas,total_vitima,Feminicídio,legal_category_adoption,COMPARABLE_WITH_BREAK
Feminicídio,2016,PB,FULL_12_MONTHS,12,12,24,vítimas,total_vitima,Feminicídio,legal_category_adoption,COMPARABLE_WITH_BREAK
Feminicídio,2016,PE,FULL_12_MONTHS,12,12,112,vítimas,total_vitima,Feminicídio,legal_category_adoption,COMPARABLE_WITH_BREAK
Feminicídio,2016,PI,FULL_12_MONTHS,12,12,30,vítimas,total_vitima,Feminicídio,legal_category_adoption,COMPARABLE_WITH_BREAK
Feminicídio,2016,PR,FULL_12_MONTHS,12,12,0,vítimas,total_vitima,Feminicídio,legal_category_adoption,COMPARABLE_WITH_BREAK
Feminicídio,2016,RJ,FULL_12_MONTHS,12,12,16,vítimas,total_vitima,Feminicídio,legal_category_adoption,COMPARABLE_WITH_BREAK
Feminicídio,2016,RN,FULL_12_MONTHS,12,12,37,vítimas,total_vitima,Feminicídio,legal_category_adoption,COMPARABLE_WITH_BREAK
Feminicídio,2016,RO,FULL_12_MONTHS,12,12,0,vítimas,total_vitima,Feminicídio,legal_category_adoption,COMPARABLE_WITH_BREAK
Feminicídio,2016,RR,FULL_12_MONTHS,12,12,3,vítimas,total_vitima,Feminicídio,legal_category_adoption,COMPARABLE_WITH_BREAK
Feminicídio,2016,RS,FULL_12_MONTHS,12,12,99,vítimas,total_vitima,Feminicídio,legal_category_adoption,COMPARABLE_WITH_BREAK
Feminicídio,2016,SC,FULL_12_MONTHS,12,12,54,vítimas,total_vitima,Feminicídio,legal_category_adoption,COMPARABLE_WITH_BREAK
Feminicídio,2016,SE,FULL_12_MONTHS,12,12,0,vítimas,total_vitima,Feminicídio,legal_category_adoption,COMPARABLE_WITH_BREAK
Feminicídio,2016,SP,FULL_12_MONTHS,12,12,63,vítimas,total_vitima,Feminicídio,legal_category_adoption,COMPARABLE_WITH_BREAK
Feminicídio,2016,TO,FULL_12_MONTHS,12,12,0,vítimas,total_vitima,Feminicídio,legal_category_adoption,COMPARABLE_WITH_BREAK
Feminicídio,2017,AC,FULL_12_MONTHS,12,12,13,vítimas,total_vitima,Feminicídio,legal_category_adoption,COMPARABLE_WITH_BREAK
Feminicídio,2017,AL,FULL_12_MONTHS,12,12,34,vítimas,total_vitima,Feminicídio,legal_category_adoption,COMPARABLE_WITH_BREAK
Feminicídio,2017,AM,FULL_12_MONTHS,12,12,17,vítimas,total_vitima,Feminicídio,legal_category_adoption,COMPARABLE_WITH_BREAK
Feminicídio,2017,AP,FULL_12_MONTHS,12,12,7,vítimas,total_vitima,Feminicídio,legal_category_adoption,COMPARABLE_WITH_BREAK
Feminicídio,2017,BA,FULL_12_MONTHS,12,12,74,vítimas,total_vitima,Feminicídio,legal_category_adoption,COMPARABLE_WITH_BREAK
Feminicídio,2017,CE,FULL_12_MONTHS,12,12,0,vítimas,total_vitima,Feminicídio,legal_category_adoption,COMPARABLE_WITH_BREAK
Feminicídio,2017,DF,FULL_12_MONTHS,12,12,16,vítimas,total_vitima,Feminicídio,legal_category_adoption,COMPARABLE_WITH_BREAK
Feminicídio,2017,ES,FULL_12_MONTHS,12,12,42,vítimas,total_vitima,Feminicídio,legal_category_adoption,COMPARABLE_WITH_BREAK
Feminicídio,2017,GO,FULL_12_MONTHS,12,12,23,vítimas,total_vitima,Feminicídio,legal_category_adoption,COMPARABLE_WITH_BREAK
Feminicídio,2017,MA,FULL_12_MONTHS,12,12,52,vítimas,total_vitima,Feminicídio,legal_category_adoption,COMPARABLE_WITH_BREAK
Feminicídio,2017,MG,FULL_12_MONTHS,12,12,144,vítimas,total_vitima,Feminicídio,legal_category_adoption,COMPARABLE_WITH_BREAK
Feminicídio,2017,MS,FULL_12_MONTHS,12,12,33,vítimas,total_vitima,Feminicídio,legal_category_adoption,COMPARABLE_WITH_BREAK
Feminicídio,2017,MT,FULL_12_MONTHS,12,12,0,vítimas,total_vitima,Feminicídio,legal_category_adoption,COMPARABLE_WITH_BREAK
Feminicídio,2017,PA,FULL_12_MONTHS,12,12,49,vítimas,total_vitima,Feminicídio,legal_category_adoption,COMPARABLE_WITH_BREAK
Feminicídio,2017,PB,FULL_12_MONTHS,12,12,25,vítimas,total_vitima,Feminicídio,legal_category_adoption,COMPARABLE_WITH_BREAK
Feminicídio,2017,PE,FULL_12_MONTHS,12,12,76,vítimas,total_vitima,Feminicídio,legal_category_adoption,COMPARABLE_WITH_BREAK
Feminicídio,2017,PI,FULL_12_MONTHS,12,12,27,vítimas,total_vitima,Feminicídio,legal_category_adoption,COMPARABLE_WITH_BREAK
Feminicídio,2017,PR,FULL_12_MONTHS,12,12,34,vítimas,total_vitima,Feminicídio,legal_category_adoption,COMPARABLE_WITH_BREAK
Feminicídio,2017,RJ,FULL_12_MONTHS,12,12,68,vítimas,total_vitima,Feminicídio,legal_category_adoption,COMPARABLE_WITH_BREAK
Feminicídio,2017,RN,FULL_12_MONTHS,12,12,34,vítimas,total_vitima,Feminicídio,legal_category_adoption,COMPARABLE_WITH_BREAK
Feminicídio,2017,RO,FULL_12_MONTHS,12,12,0,vítimas,total_vitima,Feminicídio,legal_category_adoption,COMPARABLE_WITH_BREAK
Feminicídio,2017,RR,FULL_12_MONTHS,12,12,3,vítimas,total_vitima,Feminicídio,legal_category_adoption,COMPARABLE_WITH_BREAK
Feminicídio,2017,RS,FULL_12_MONTHS,12,12,83,vítimas,total_vitima,Feminicídio,legal_category_adoption,COMPARABLE_WITH_BREAK
Feminicídio,2017,SC,FULL_12_MONTHS,12,12,53,vítimas,total_vitima,Feminicídio,legal_category_adoption,COMPARABLE_WITH_BREAK
Feminicídio,2017,SE,FULL_12_MONTHS,12,12,20,vítimas,total_vitima,Feminicídio,legal_category_adoption,COMPARABLE_WITH_BREAK
Feminicídio,2017,SP,FULL_12_MONTHS,12,12,121,vítimas,total_vitima,Feminicídio,legal_category_adoption,COMPARABLE_WITH_BREAK
Feminicídio,2017,TO,FULL_12_MONTHS,12,12,0,vítimas,total_vitima,Feminicídio,legal_category_adoption,COMPARABLE_WITH_BREAK
Feminicídio,2018,AC,FULL_12_MONTHS,12,12,14,vítimas,total_vitima,Feminicídio,legal_category_adoption,COMPARABLE_WITH_BREAK
Feminicídio,2018,AL,FULL_12_MONTHS,12,12,22,vítimas,total_vitima,Feminicídio,legal_category_adoption,COMPARABLE_WITH_BREAK
Feminicídio,2018,AM,FULL_12_MONTHS,12,12,4,vítimas,total_vitima,Feminicídio,legal_category_adoption,COMPARABLE_WITH_BREAK
Feminicídio,2018,AP,FULL_12_MONTHS,12,12,4,vítimas,total_vitima,Feminicídio,legal_category_adoption,COMPARABLE_WITH_BREAK
Feminicídio,2018,BA,FULL_12_MONTHS,12,12,76,vítimas,total_vitima,Feminicídio,legal_category_adoption,COMPARABLE_WITH_BREAK
Feminicídio,2018,CE,FULL_12_MONTHS,12,12,30,vítimas,total_vitima,Feminicídio,legal_category_adoption,COMPARABLE_WITH_BREAK
Feminicídio,2018,DF,FULL_12_MONTHS,12,12,27,vítimas,total_vitima,Feminicídio,legal_category_adoption,COMPARABLE_WITH_BREAK
Feminicídio,2018,ES,FULL_12_MONTHS,12,12,34,vítimas,total_vitima,Feminicídio,legal_category_adoption,COMPARABLE_WITH_BREAK
Feminicídio,2018,GO,FULL_12_MONTHS,12,12,36,vítimas,total_vitima,Feminicídio,legal_category_adoption,COMPARABLE_WITH_BREAK
Feminicídio,2018,MA,FULL_12_MONTHS,12,12,46,vítimas,total_vitima,Feminicídio,legal_category_adoption,COMPARABLE_WITH_BREAK
Feminicídio,2018,MG,FULL_12_MONTHS,12,12,158,vítimas,total_vitima,Feminicídio,legal_category_adoption,COMPARABLE_WITH_BREAK
Feminicídio,2018,MS,FULL_12_MONTHS,12,12,36,vítimas,total_vitima,Feminicídio,legal_category_adoption,COMPARABLE_WITH_BREAK
Feminicídio,2018,MT,FULL_12_MONTHS,12,12,0,vítimas,total_vitima,Feminicídio,legal_category_adoption,COMPARABLE_WITH_BREAK
Feminicídio,2018,PA,FULL_12_MONTHS,12,12,69,vítimas,total_vitima,Feminicídio,legal_category_adoption,COMPARABLE_WITH_BREAK
Feminicídio,2018,PB,FULL_12_MONTHS,12,12,34,vítimas,total_vitima,Feminicídio,legal_category_adoption,COMPARABLE_WITH_BREAK
Feminicídio,2018,PE,FULL_12_MONTHS,12,12,74,vítimas,total_vitima,Feminicídio,legal_category_adoption,COMPARABLE_WITH_BREAK
Feminicídio,2018,PI,FULL_12_MONTHS,12,12,26,vítimas,total_vitima,Feminicídio,legal_category_adoption,COMPARABLE_WITH_BREAK
Feminicídio,2018,PR,FULL_12_MONTHS,12,12,71,vítimas,total_vitima,Feminicídio,legal_category_adoption,COMPARABLE_WITH_BREAK
Feminicídio,2018,RJ,FULL_12_MONTHS,12,12,71,vítimas,total_vitima,Feminicídio,legal_category_adoption,COMPARABLE_WITH_BREAK
Feminicídio,2018,RN,FULL_12_MONTHS,12,12,30,vítimas,total_vitima,Feminicídio,legal_category_adoption,COMPARABLE_WITH_BREAK
Feminicídio,2018,RO,FULL_12_MONTHS,12,12,0,vítimas,total_vitima,Feminicídio,legal_category_adoption,COMPARABLE_WITH_BREAK
Feminicídio,2018,RR,FULL_12_MONTHS,12,12,4,vítimas,total_vitima,Feminicídio,legal_category_adoption,COMPARABLE_WITH_BREAK
Feminicídio,2018,RS,FULL_12_MONTHS,12,12,116,vítimas,total_vitima,Feminicídio,legal_category_adoption,COMPARABLE_WITH_BREAK
Feminicídio,2018,SC,FULL_12_MONTHS,12,12,41,vítimas,total_vitima,Feminicídio,legal_category_adoption,COMPARABLE_WITH_BREAK
Feminicídio,2018,SE,FULL_12_MONTHS,12,12,16,vítimas,total_vitima,Feminicídio,legal_category_adoption,COMPARABLE_WITH_BREAK
Feminicídio,2018,SP,FULL_12_MONTHS,12,12,136,vítimas,total_vitima,Feminicídio,legal_category_adoption,COMPARABLE_WITH_BREAK
Feminicídio,2018,TO,FULL_12_MONTHS,12,12,1,vítimas,total_vitima,Feminicídio,legal_category_adoption,COMPARABLE_WITH_BREAK
Feminicídio,2019,AC,FULL_12_MONTHS,12,12,11,vítimas,total_vitima,Feminicídio,legal_category_adoption,COMPARABLE_WITH_BREAK
Feminicídio,2019,AL,FULL_12_MONTHS,12,12,43,vítimas,total_vitima,Feminicídio,legal_category_adoption,COMPARABLE_WITH_BREAK
Feminicídio,2019,AM,FULL_12_MONTHS,12,12,12,vítimas,total_vitima,Feminicídio,legal_category_adoption,COMPARABLE_WITH_BREAK
Feminicídio,2019,AP,FULL_12_MONTHS,12,12,7,vítimas,total_vitima,Feminicídio,legal_category_adoption,COMPARABLE_WITH_BREAK
Feminicídio,2019,BA,FULL_12_MONTHS,12,12,101,vítimas,total_vitima,Feminicídio,legal_category_adoption,COMPARABLE_WITH_BREAK
Feminicídio,2019,CE,FULL_12_MONTHS,12,12,34,vítimas,total_vitima,Feminicídio,legal_category_adoption,COMPARABLE_WITH_BREAK
Feminicídio,2019,DF,FULL_12_MONTHS,12,12,32,vítimas,total_vitima,Feminicídio,legal_category_adoption,COMPARABLE_WITH_BREAK
Feminicídio,2019,ES,FULL_12_MONTHS,12,12,34,vítimas,total_vitima,Feminicídio,legal_category_adoption,COMPARABLE_WITH_BREAK
Feminicídio,2019,GO,FULL_12_MONTHS,12,12,41,vítimas,total_vitima,Feminicídio,legal_category_adoption,COMPARABLE_WITH_BREAK
Feminicídio,2019,MA,FULL_12_MONTHS,12,12,51,vítimas,total_vitima,Feminicídio,legal_category_adoption,COMPARABLE_WITH_BREAK
Feminicídio,2019,MG,FULL_12_MONTHS,12,12,149,vítimas,total_vitima,Feminicídio,legal_category_adoption,COMPARABLE_WITH_BREAK
Feminicídio,2019,MS,FULL_12_MONTHS,12,12,30,vítimas,total_vitima,Feminicídio,legal_category_adoption,COMPARABLE_WITH_BREAK
Feminicídio,2019,MT,FULL_12_MONTHS,12,12,39,vítimas,total_vitima,Feminicídio,legal_category_adoption,COMPARABLE_WITH_BREAK
Feminicídio,2019,PA,FULL_12_MONTHS,12,12,48,vítimas,total_vitima,Feminicídio,legal_category_adoption,COMPARABLE_WITH_BREAK
Feminicídio,2019,PB,FULL_12_MONTHS,12,12,36,vítimas,total_vitima,Feminicídio,legal_category_adoption,COMPARABLE_WITH_BREAK
Feminicídio,2019,PE,FULL_12_MONTHS,12,12,57,vítimas,total_vitima,Feminicídio,legal_category_adoption,COMPARABLE_WITH_BREAK
Feminicídio,2019,PI,FULL_12_MONTHS,12,12,29,vítimas,total_vitima,Feminicídio,legal_category_adoption,COMPARABLE_WITH_BREAK
Feminicídio,2019,PR,FULL_12_MONTHS,12,12,89,vítimas,total_vitima,Feminicídio,legal_category_adoption,COMPARABLE_WITH_BREAK
Feminicídio,2019,RJ,FULL_12_MONTHS,12,12,85,vítimas,total_vitima,Feminicídio,legal_category_adoption,COMPARABLE_WITH_BREAK
Feminicídio,2019,RN,FULL_12_MONTHS,12,12,21,vítimas,total_vitima,Feminicídio,legal_category_adoption,COMPARABLE_WITH_BREAK
Feminicídio,2019,RO,FULL_12_MONTHS,12,12,7,vítimas,total_vitima,Feminicídio,legal_category_adoption,COMPARABLE_WITH_BREAK
Feminicídio,2019,RR,FULL_12_MONTHS,12,12,6,vítimas,total_vitima,Feminicídio,legal_category_adoption,COMPARABLE_WITH_BREAK
Feminicídio,2019,RS,FULL_12_MONTHS,12,12,97,vítimas,total_vitima,Feminicídio,legal_category_adoption,COMPARABLE_WITH_BREAK
Feminicídio,2019,SC,FULL_12_MONTHS,12,12,58,vítimas,total_vitima,Feminicídio,legal_category_adoption,COMPARABLE_WITH_BREAK
Feminicídio,2019,SE,FULL_12_MONTHS,12,12,21,vítimas,total_vitima,Feminicídio,legal_category_adoption,COMPARABLE_WITH_BREAK
Feminicídio,2019,SP,FULL_12_MONTHS,12,12,184,vítimas,total_vitima,Feminicídio,legal_category_adoption,COMPARABLE_WITH_BREAK
Feminicídio,2019,TO,FULL_12_MONTHS,12,12,9,vítimas,total_vitima,Feminicídio,legal_category_adoption,COMPARABLE_WITH_BREAK
Feminicídio,2020,AC,FULL_12_MONTHS,12,12,12,vítimas,total_vitima,Feminicídio,legal_category_adoption,COMPARABLE_WITH_BREAK
Feminicídio,2020,AL,FULL_12_MONTHS,12,12,36,vítimas,total_vitima,Feminicídio,legal_category_adoption,COMPARABLE_WITH_BREAK
Feminicídio,2020,AM,FULL_12_MONTHS,12,12,10,vítimas,total_vitima,Feminicídio,legal_category_adoption,COMPARABLE_WITH_BREAK
Feminicídio,2020,AP,FULL_12_MONTHS,12,12,5,vítimas,total_vitima,Feminicídio,legal_category_adoption,COMPARABLE_WITH_BREAK
Feminicídio,2020,BA,FULL_12_MONTHS,12,12,113,vítimas,total_vitima,Feminicídio,legal_category_adoption,COMPARABLE_WITH_BREAK
Feminicídio,2020,CE,FULL_12_MONTHS,12,12,27,vítimas,total_vitima,Feminicídio,legal_category_adoption,COMPARABLE_WITH_BREAK
Feminicídio,2020,DF,FULL_12_MONTHS,12,12,17,vítimas,total_vitima,Feminicídio,legal_category_adoption,COMPARABLE_WITH_BREAK
Feminicídio,2020,ES,FULL_12_MONTHS,12,12,26,vítimas,total_vitima,Feminicídio,legal_category_adoption,COMPARABLE_WITH_BREAK
Feminicídio,2020,GO,FULL_12_MONTHS,12,12,44,vítimas,total_vitima,Feminicídio,legal_category_adoption,COMPARABLE_WITH_BREAK
Feminicídio,2020,MA,FULL_12_MONTHS,12,12,65,vítimas,total_vitima,Feminicídio,legal_category_adoption,COMPARABLE_WITH_BREAK
Feminicídio,2020,MG,FULL_12_MONTHS,12,12,151,vítimas,total_vitima,Feminicídio,legal_category_adoption,COMPARABLE_WITH_BREAK
Feminicídio,2020,MS,FULL_12_MONTHS,12,12,41,vítimas,total_vitima,Feminicídio,legal_category_adoption,COMPARABLE_WITH_BREAK
Feminicídio,2020,MT,FULL_12_MONTHS,12,12,62,vítimas,total_vitima,Feminicídio,legal_category_adoption,COMPARABLE_WITH_BREAK
Feminicídio,2020,PA,FULL_12_MONTHS,12,12,68,vítimas,total_vitima,Feminicídio,legal_category_adoption,COMPARABLE_WITH_BREAK
Feminicídio,2020,PB,FULL_12_MONTHS,12,12,35,vítimas,total_vitima,Feminicídio,legal_category_adoption,COMPARABLE_WITH_BREAK
Feminicídio,2020,PE,FULL_12_MONTHS,12,12,75,vítimas,total_vitima,Feminicídio,legal_category_adoption,COMPARABLE_WITH_BREAK
Feminicídio,2020,PI,FULL_12_MONTHS,12,12,31,vítimas,total_vitima,Feminicídio,legal_category_adoption,COMPARABLE_WITH_BREAK
Feminicídio,2020,PR,FULL_12_MONTHS,12,12,73,vítimas,total_vitima,Feminicídio,legal_category_adoption,COMPARABLE_WITH_BREAK
Feminicídio,2020,RJ,FULL_12_MONTHS,12,12,78,vítimas,total_vitima,Feminicídio,legal_category_adoption,COMPARABLE_WITH_BREAK
Feminicídio,2020,RN,FULL_12_MONTHS,12,12,13,vítimas,total_vitima,Feminicídio,legal_category_adoption,COMPARABLE_WITH_BREAK
Feminicídio,2020,RO,FULL_12_MONTHS,12,12,14,vítimas,total_vitima,Feminicídio,legal_category_adoption,COMPARABLE_WITH_BREAK
Feminicídio,2020,RR,FULL_12_MONTHS,12,12,9,vítimas,total_vitima,Feminicídio,legal_category_adoption,COMPARABLE_WITH_BREAK
Feminicídio,2020,RS,FULL_12_MONTHS,12,12,80,vítimas,total_vitima,Feminicídio,legal_category_adoption,COMPARABLE_WITH_BREAK
Feminicídio,2020,SC,FULL_12_MONTHS,12,12,57,vítimas,total_vitima,Feminicídio,legal_category_adoption,COMPARABLE_WITH_BREAK
Feminicídio,2020,SE,FULL_12_MONTHS,12,12,14,vítimas,total_vitima,Feminicídio,legal_category_adoption,COMPARABLE_WITH_BREAK
Feminicídio,2020,SP,FULL_12_MONTHS,12,12,180,vítimas,total_vitima,Feminicídio,legal_category_adoption,COMPARABLE_WITH_BREAK
Feminicídio,2020,TO,FULL_12_MONTHS,12,12,10,vítimas,total_vitima,Feminicídio,legal_category_adoption,COMPARABLE_WITH_BREAK
Feminicídio,2021,AC,FULL_12_MONTHS,12,12,13,vítimas,total_vitima,Feminicídio,legal_category_adoption,COMPARABLE_WITH_BREAK
Feminicídio,2021,AL,FULL_12_MONTHS,12,12,26,vítimas,total_vitima,Feminicídio,legal_category_adoption,COMPARABLE_WITH_BREAK
Feminicídio,2021,AM,FULL_12_MONTHS,12,12,23,vítimas,total_vitima,Feminicídio,legal_category_adoption,COMPARABLE_WITH_BREAK
Feminicídio,2021,AP,FULL_12_MONTHS,12,12,3,vítimas,total_vitima,Feminicídio,legal_category_adoption,COMPARABLE_WITH_BREAK
Feminicídio,2021,BA,FULL_12_MONTHS,12,12,93,vítimas,total_vitima,Feminicídio,legal_category_adoption,COMPARABLE_WITH_BREAK
Feminicídio,2021,CE,FULL_12_MONTHS,12,12,31,vítimas,total_vitima,Feminicídio,legal_category_adoption,COMPARABLE_WITH_BREAK
Feminicídio,2021,DF,FULL_12_MONTHS,12,12,26,vítimas,total_vitima,Feminicídio,legal_category_adoption,COMPARABLE_WITH_BREAK
Feminicídio,2021,ES,FULL_12_MONTHS,12,12,39,vítimas,total_vitima,Feminicídio,legal_category_adoption,COMPARABLE_WITH_BREAK
Feminicídio,2021,GO,FULL_12_MONTHS,12,12,54,vítimas,total_vitima,Feminicídio,legal_category_adoption,COMPARABLE_WITH_BREAK
Feminicídio,2021,MA,FULL_12_MONTHS,12,12,59,vítimas,total_vitima,Feminicídio,legal_category_adoption,COMPARABLE_WITH_BREAK
Feminicídio,2021,MG,FULL_12_MONTHS,12,12,154,vítimas,total_vitima,Feminicídio,legal_category_adoption,COMPARABLE_WITH_BREAK
Feminicídio,2021,MS,FULL_12_MONTHS,12,12,37,vítimas,total_vitima,Feminicídio,legal_category_adoption,COMPARABLE_WITH_BREAK
Feminicídio,2021,MT,FULL_12_MONTHS,12,12,43,vítimas,total_vitima,Feminicídio,legal_category_adoption,COMPARABLE_WITH_BREAK
Feminicídio,2021,PA,FULL_12_MONTHS,12,12,68,vítimas,total_vitima,Feminicídio,legal_category_adoption,COMPARABLE_WITH_BREAK
Feminicídio,2021,PB,FULL_12_MONTHS,12,12,32,vítimas,total_vitima,Feminicídio,legal_category_adoption,COMPARABLE_WITH_BREAK
Feminicídio,2021,PE,FULL_12_MONTHS,12,12,87,vítimas,total_vitima,Feminicídio,legal_category_adoption,COMPARABLE_WITH_BREAK
Feminicídio,2021,PI,FULL_12_MONTHS,12,12,37,vítimas,total_vitima,Feminicídio,legal_category_adoption,COMPARABLE_WITH_BREAK
Feminicídio,2021,PR,FULL_12_MONTHS,12,12,75,vítimas,total_vitima,Feminicídio,legal_category_adoption,COMPARABLE_WITH_BREAK
Feminicídio,2021,RJ,FULL_12_MONTHS,12,12,85,vítimas,total_vitima,Feminicídio,legal_category_adoption,COMPARABLE_WITH_BREAK
Feminicídio,2021,RN,FULL_12_MONTHS,12,12,20,vítimas,total_vitima,Feminicídio,legal_category_adoption,COMPARABLE_WITH_BREAK
Feminicídio,2021,RO,FULL_12_MONTHS,12,12,17,vítimas,total_vitima,Feminicídio,legal_category_adoption,COMPARABLE_WITH_BREAK
Feminicídio,2021,RR,FULL_12_MONTHS,12,12,5,vítimas,total_vitima,Feminicídio,legal_category_adoption,COMPARABLE_WITH_BREAK
Feminicídio,2021,RS,FULL_12_MONTHS,12,12,96,vítimas,total_vitima,Feminicídio,legal_category_adoption,COMPARABLE_WITH_BREAK
Feminicídio,2021,SC,FULL_12_MONTHS,12,12,55,vítimas,total_vitima,Feminicídio,legal_category_adoption,COMPARABLE_WITH_BREAK
Feminicídio,2021,SE,FULL_12_MONTHS,12,12,20,vítimas,total_vitima,Feminicídio,legal_category_adoption,COMPARABLE_WITH_BREAK
Feminicídio,2021,SP,FULL_12_MONTHS,12,12,147,vítimas,total_vitima,Feminicídio,legal_category_adoption,COMPARABLE_WITH_BREAK
Feminicídio,2021,TO,FULL_12_MONTHS,12,12,21,vítimas,total_vitima,Feminicídio,legal_category_adoption,COMPARABLE_WITH_BREAK
Feminicídio,2022,AC,FULL_12_MONTHS,12,12,9,vítimas,total_vitima,Feminicídio,legal_category_adoption,COMPARABLE_WITH_BREAK
Feminicídio,2022,AL,FULL_12_MONTHS,12,12,31,vítimas,total_vitima,Feminicídio,legal_category_adoption,COMPARABLE_WITH_BREAK
Feminicídio,2022,AM,FULL_12_MONTHS,12,12,21,vítimas,total_vitima,Feminicídio,legal_category_adoption,COMPARABLE_WITH_BREAK
Feminicídio,2022,AP,FULL_12_MONTHS,12,12,9,vítimas,total_vitima,Feminicídio,legal_category_adoption,COMPARABLE_WITH_BREAK
Feminicídio,2022,BA,FULL_12_MONTHS,12,12,107,vítimas,total_vitima,Feminicídio,legal_category_adoption,COMPARABLE_WITH_BREAK
Feminicídio,2022,CE,FULL_12_MONTHS,12,12,29,vítimas,total_vitima,Feminicídio,legal_category_adoption,COMPARABLE_WITH_BREAK
Feminicídio,2022,DF,FULL_12_MONTHS,12,12,20,vítimas,total_vitima,Feminicídio,legal_category_adoption,COMPARABLE_WITH_BREAK
Feminicídio,2022,ES,FULL_12_MONTHS,12,12,35,vítimas,total_vitima,Feminicídio,legal_category_adoption,COMPARABLE_WITH_BREAK
Feminicídio,2022,GO,FULL_12_MONTHS,12,12,56,vítimas,total_vitima,Feminicídio,legal_category_adoption,COMPARABLE_WITH_BREAK
Feminicídio,2022,MA,FULL_12_MONTHS,12,12,69,vítimas,total_vitima,Feminicídio,legal_category_adoption,COMPARABLE_WITH_BREAK
Feminicídio,2022,MG,FULL_12_MONTHS,12,12,176,vítimas,total_vitima,Feminicídio,legal_category_adoption,COMPARABLE_WITH_BREAK
Feminicídio,2022,MS,FULL_12_MONTHS,12,12,43,vítimas,total_vitima,Feminicídio,legal_category_adoption,COMPARABLE_WITH_BREAK
Feminicídio,2022,MT,FULL_12_MONTHS,12,12,47,vítimas,total_vitima,Feminicídio,legal_category_adoption,COMPARABLE_WITH_BREAK
Feminicídio,2022,PA,FULL_12_MONTHS,12,12,54,vítimas,total_vitima,Feminicídio,legal_category_adoption,COMPARABLE_WITH_BREAK
Feminicídio,2022,PB,FULL_12_MONTHS,12,12,26,vítimas,total_vitima,Feminicídio,legal_category_adoption,COMPARABLE_WITH_BREAK
Feminicídio,2022,PE,FULL_12_MONTHS,12,12,72,vítimas,total_vitima,Feminicídio,legal_category_adoption,COMPARABLE_WITH_BREAK
Feminicídio,2022,PI,FULL_12_MONTHS,12,12,24,vítimas,total_vitima,Feminicídio,legal_category_adoption,COMPARABLE_WITH_BREAK
Feminicídio,2022,PR,FULL_12_MONTHS,12,12,77,vítimas,total_vitima,Feminicídio,legal_category_adoption,COMPARABLE_WITH_BREAK
Feminicídio,2022,RJ,FULL_12_MONTHS,12,12,111,vítimas,total_vitima,Feminicídio,legal_category_adoption,COMPARABLE_WITH_BREAK
Feminicídio,2022,RN,FULL_12_MONTHS,12,12,18,vítimas,total_vitima,Feminicídio,legal_category_adoption,COMPARABLE_WITH_BREAK
Feminicídio,2022,RO,FULL_12_MONTHS,12,12,23,vítimas,total_vitima,Feminicídio,legal_category_adoption,COMPARABLE_WITH_BREAK
Feminicídio,2022,RR,FULL_12_MONTHS,12,12,3,vítimas,total_vitima,Feminicídio,legal_category_adoption,COMPARABLE_WITH_BREAK
Feminicídio,2022,RS,FULL_12_MONTHS,12,12,111,vítimas,total_vitima,Feminicídio,legal_category_adoption,COMPARABLE_WITH_BREAK
Feminicídio,2022,SC,FULL_12_MONTHS,12,12,57,vítimas,total_vitima,Feminicídio,legal_category_adoption,COMPARABLE_WITH_BREAK
Feminicídio,2022,SE,FULL_12_MONTHS,12,12,19,vítimas,total_vitima,Feminicídio,legal_category_adoption,COMPARABLE_WITH_BREAK
Feminicídio,2022,SP,FULL_12_MONTHS,12,12,195,vítimas,total_vitima,Feminicídio,legal_category_adoption,COMPARABLE_WITH_BREAK
Feminicídio,2022,TO,FULL_12_MONTHS,12,12,14,vítimas,total_vitima,Feminicídio,legal_category_adoption,COMPARABLE_WITH_BREAK
Feminicídio,2023,AC,FULL_12_MONTHS,12,12,10,vítimas,total_vitima,Feminicídio,legal_category_adoption,COMPARABLE_WITH_BREAK
Feminicídio,2023,AL,FULL_12_MONTHS,12,12,18,vítimas,total_vitima,Feminicídio,legal_category_adoption,COMPARABLE_WITH_BREAK
Feminicídio,2023,AM,FULL_12_MONTHS,12,12,23,vítimas,total_vitima,Feminicídio,legal_category_adoption,COMPARABLE_WITH_BREAK
Feminicídio,2023,AP,FULL_12_MONTHS,12,12,5,vítimas,total_vitima,Feminicídio,legal_category_adoption,COMPARABLE_WITH_BREAK
Feminicídio,2023,BA,FULL_12_MONTHS,12,12,115,vítimas,total_vitima,Feminicídio,legal_category_adoption,COMPARABLE_WITH_BREAK
Feminicídio,2023,CE,FULL_12_MONTHS,12,12,42,vítimas,total_vitima,Feminicídio,legal_category_adoption,COMPARABLE_WITH_BREAK
Feminicídio,2023,DF,FULL_12_MONTHS,12,12,31,vítimas,total_vitima,Feminicídio,legal_category_adoption,COMPARABLE_WITH_BREAK
Feminicídio,2023,ES,FULL_12_MONTHS,12,12,35,vítimas,total_vitima,Feminicídio,legal_category_adoption,COMPARABLE_WITH_BREAK
Feminicídio,2023,GO,FULL_12_MONTHS,12,12,56,vítimas,total_vitima,Feminicídio,legal_category_adoption,COMPARABLE_WITH_BREAK
Feminicídio,2023,MA,FULL_12_MONTHS,12,12,50,vítimas,total_vitima,Feminicídio,legal_category_adoption,COMPARABLE_WITH_BREAK
Feminicídio,2023,MG,FULL_12_MONTHS,12,12,186,vítimas,total_vitima,Feminicídio,legal_category_adoption,COMPARABLE_WITH_BREAK
Feminicídio,2023,MS,FULL_12_MONTHS,12,12,30,vítimas,total_vitima,Feminicídio,legal_category_adoption,COMPARABLE_WITH_BREAK
Feminicídio,2023,MT,FULL_12_MONTHS,12,12,46,vítimas,total_vitima,Feminicídio,legal_category_adoption,COMPARABLE_WITH_BREAK
Feminicídio,2023,PA,FULL_12_MONTHS,12,12,58,vítimas,total_vitima,Feminicídio,legal_category_adoption,COMPARABLE_WITH_BREAK
Feminicídio,2023,PB,FULL_12_MONTHS,12,12,34,vítimas,total_vitima,Feminicídio,legal_category_adoption,COMPARABLE_WITH_BREAK
Feminicídio,2023,PE,FULL_12_MONTHS,12,12,83,vítimas,total_vitima,Feminicídio,legal_category_adoption,COMPARABLE_WITH_BREAK
Feminicídio,2023,PI,FULL_12_MONTHS,12,12,28,vítimas,total_vitima,Feminicídio,legal_category_adoption,COMPARABLE_WITH_BREAK
Feminicídio,2023,PR,FULL_12_MONTHS,12,12,81,vítimas,total_vitima,Feminicídio,legal_category_adoption,COMPARABLE_WITH_BREAK
Feminicídio,2023,RJ,FULL_12_MONTHS,12,12,99,vítimas,total_vitima,Feminicídio,legal_category_adoption,COMPARABLE_WITH_BREAK
Feminicídio,2023,RN,FULL_12_MONTHS,12,12,24,vítimas,total_vitima,Feminicídio,legal_category_adoption,COMPARABLE_WITH_BREAK
Feminicídio,2023,RO,FULL_12_MONTHS,12,12,21,vítimas,total_vitima,Feminicídio,legal_category_adoption,COMPARABLE_WITH_BREAK
Feminicídio,2023,RR,FULL_12_MONTHS,12,12,6,vítimas,total_vitima,Feminicídio,legal_category_adoption,COMPARABLE_WITH_BREAK
Feminicídio,2023,RS,FULL_12_MONTHS,12,12,85,vítimas,total_vitima,Feminicídio,legal_category_adoption,COMPARABLE_WITH_BREAK
Feminicídio,2023,SC,FULL_12_MONTHS,12,12,57,vítimas,total_vitima,Feminicídio,legal_category_adoption,COMPARABLE_WITH_BREAK
Feminicídio,2023,SE,FULL_12_MONTHS,12,12,16,vítimas,total_vitima,Feminicídio,legal_category_adoption,COMPARABLE_WITH_BREAK
Feminicídio,2023,SP,FULL_12_MONTHS,12,12,221,vítimas,total_vitima,Feminicídio,legal_category_adoption,COMPARABLE_WITH_BREAK
Feminicídio,2023,TO,FULL_12_MONTHS,12,12,18,vítimas,total_vitima,Feminicídio,legal_category_adoption,COMPARABLE_WITH_BREAK
Feminicídio,2024,AC,FULL_12_MONTHS,12,12,8,vítimas,total_vitima,Feminicídio,legal_category_adoption,COMPARABLE_WITH_BREAK
Feminicídio,2024,AL,FULL_12_MONTHS,12,12,21,vítimas,total_vitima,Feminicídio,legal_category_adoption,COMPARABLE_WITH_BREAK
Feminicídio,2024,AM,FULL_12_MONTHS,12,12,29,vítimas,total_vitima,Feminicídio,legal_category_adoption,COMPARABLE_WITH_BREAK
Feminicídio,2024,AP,FULL_12_MONTHS,12,12,2,vítimas,total_vitima,Feminicídio,legal_category_adoption,COMPARABLE_WITH_BREAK
Feminicídio,2024,BA,FULL_12_MONTHS,12,12,110,vítimas,total_vitima,Feminicídio,legal_category_adoption,COMPARABLE_WITH_BREAK
Feminicídio,2024,CE,FULL_12_MONTHS,12,12,41,vítimas,total_vitima,Feminicídio,legal_category_adoption,COMPARABLE_WITH_BREAK
Feminicídio,2024,DF,FULL_12_MONTHS,12,12,22,vítimas,total_vitima,Feminicídio,legal_category_adoption,COMPARABLE_WITH_BREAK
Feminicídio,2024,ES,FULL_12_MONTHS,12,12,41,vítimas,total_vitima,Feminicídio,legal_category_adoption,COMPARABLE_WITH_BREAK
Feminicídio,2024,GO,FULL_12_MONTHS,12,12,56,vítimas,total_vitima,Feminicídio,legal_category_adoption,COMPARABLE_WITH_BREAK
Feminicídio,2024,MA,FULL_12_MONTHS,12,12,69,vítimas,total_vitima,Feminicídio,legal_category_adoption,COMPARABLE_WITH_BREAK
Feminicídio,2024,MG,FULL_12_MONTHS,12,12,169,vítimas,total_vitima,Feminicídio,legal_category_adoption,COMPARABLE_WITH_BREAK
Feminicídio,2024,MS,FULL_12_MONTHS,12,12,35,vítimas,total_vitima,Feminicídio,legal_category_adoption,COMPARABLE_WITH_BREAK
Feminicídio,2024,MT,FULL_12_MONTHS,12,12,47,vítimas,total_vitima,Feminicídio,legal_category_adoption,COMPARABLE_WITH_BREAK
Feminicídio,2024,PA,FULL_12_MONTHS,12,12,52,vítimas,total_vitima,Feminicídio,legal_category_adoption,COMPARABLE_WITH_BREAK
Feminicídio,2024,PB,FULL_12_MONTHS,12,12,26,vítimas,total_vitima,Feminicídio,legal_category_adoption,COMPARABLE_WITH_BREAK
Feminicídio,2024,PE,FULL_12_MONTHS,12,12,76,vítimas,total_vitima,Feminicídio,legal_category_adoption,COMPARABLE_WITH_BREAK
Feminicídio,2024,PI,FULL_12_MONTHS,12,12,40,vítimas,total_vitima,Feminicídio,legal_category_adoption,COMPARABLE_WITH_BREAK
Feminicídio,2024,PR,FULL_12_MONTHS,12,12,109,vítimas,total_vitima,Feminicídio,legal_category_adoption,COMPARABLE_WITH_BREAK
Feminicídio,2024,RJ,FULL_12_MONTHS,12,12,107,vítimas,total_vitima,Feminicídio,legal_category_adoption,COMPARABLE_WITH_BREAK
Feminicídio,2024,RN,FULL_12_MONTHS,12,12,19,vítimas,total_vitima,Feminicídio,legal_category_adoption,COMPARABLE_WITH_BREAK
Feminicídio,2024,RO,FULL_12_MONTHS,12,12,15,vítimas,total_vitima,Feminicídio,legal_category_adoption,COMPARABLE_WITH_BREAK
Feminicídio,2024,RR,FULL_12_MONTHS,12,12,7,vítimas,total_vitima,Feminicídio,legal_category_adoption,COMPARABLE_WITH_BREAK
Feminicídio,2024,RS,FULL_12_MONTHS,12,12,73,vítimas,total_vitima,Feminicídio,legal_category_adoption,COMPARABLE_WITH_BREAK
Feminicídio,2024,SC,FULL_12_MONTHS,12,12,51,vítimas,total_vitima,Feminicídio,legal_category_adoption,COMPARABLE_WITH_BREAK
Feminicídio,2024,SE,FULL_12_MONTHS,12,12,10,vítimas,total_vitima,Feminicídio,legal_category_adoption,COMPARABLE_WITH_BREAK
Feminicídio,2024,SP,FULL_12_MONTHS,12,12,253,vítimas,total_vitima,Feminicídio,legal_category_adoption,COMPARABLE_WITH_BREAK
Feminicídio,2024,TO,FULL_12_MONTHS,12,12,13,vítimas,total_vitima,Feminicídio,legal_category_adoption,COMPARABLE_WITH_BREAK
Feminicídio,2025,AC,FULL_12_MONTHS,12,12,14,vítimas,total_vitima,Feminicídio,legal_category_adoption,COMPARABLE_WITH_BREAK
Feminicídio,2025,AL,FULL_12_MONTHS,12,12,29,vítimas,total_vitima,Feminicídio,legal_category_adoption,COMPARABLE_WITH_BREAK
Feminicídio,2025,AM,FULL_12_MONTHS,12,12,20,vítimas,total_vitima,Feminicídio,legal_category_adoption,COMPARABLE_WITH_BREAK
Feminicídio,2025,AP,FULL_12_MONTHS,12,12,9,vítimas,total_vitima,Feminicídio,legal_category_adoption,COMPARABLE_WITH_BREAK
Feminicídio,2025,BA,FULL_12_MONTHS,12,12,102,vítimas,total_vitima,Feminicídio,legal_category_adoption,COMPARABLE_WITH_BREAK
Feminicídio,2025,CE,FULL_12_MONTHS,12,12,47,vítimas,total_vitima,Feminicídio,legal_category_adoption,COMPARABLE_WITH_BREAK
Feminicídio,2025,DF,FULL_12_MONTHS,12,12,28,vítimas,total_vitima,Feminicídio,legal_category_adoption,COMPARABLE_WITH_BREAK
Feminicídio,2025,ES,FULL_12_MONTHS,12,12,34,vítimas,total_vitima,Feminicídio,legal_category_adoption,COMPARABLE_WITH_BREAK
Feminicídio,2025,GO,FULL_12_MONTHS,12,12,60,vítimas,total_vitima,Feminicídio,legal_category_adoption,COMPARABLE_WITH_BREAK
Feminicídio,2025,MA,FULL_12_MONTHS,12,12,51,vítimas,total_vitima,Feminicídio,legal_category_adoption,COMPARABLE_WITH_BREAK
Feminicídio,2025,MG,FULL_12_MONTHS,12,12,177,vítimas,total_vitima,Feminicídio,legal_category_adoption,COMPARABLE_WITH_BREAK
Feminicídio,2025,MS,FULL_12_MONTHS,12,12,32,vítimas,total_vitima,Feminicídio,legal_category_adoption,COMPARABLE_WITH_BREAK
Feminicídio,2025,MT,FULL_12_MONTHS,12,12,53,vítimas,total_vitima,Feminicídio,legal_category_adoption,COMPARABLE_WITH_BREAK
Feminicídio,2025,PA,FULL_12_MONTHS,12,12,63,vítimas,total_vitima,Feminicídio,legal_category_adoption,COMPARABLE_WITH_BREAK
Feminicídio,2025,PB,FULL_12_MONTHS,12,12,37,vítimas,total_vitima,Feminicídio,legal_category_adoption,COMPARABLE_WITH_BREAK
Feminicídio,2025,PE,FULL_12_MONTHS,12,12,88,vítimas,total_vitima,Feminicídio,legal_category_adoption,COMPARABLE_WITH_BREAK
Feminicídio,2025,PI,FULL_12_MONTHS,12,12,37,vítimas,total_vitima,Feminicídio,legal_category_adoption,COMPARABLE_WITH_BREAK
Feminicídio,2025,PR,FULL_12_MONTHS,12,12,87,vítimas,total_vitima,Feminicídio,legal_category_adoption,COMPARABLE_WITH_BREAK
Feminicídio,2025,RJ,FULL_12_MONTHS,12,12,105,vítimas,total_vitima,Feminicídio,legal_category_adoption,COMPARABLE_WITH_BREAK
Feminicídio,2025,RN,FULL_12_MONTHS,12,12,19,vítimas,total_vitima,Feminicídio,legal_category_adoption,COMPARABLE_WITH_BREAK
Feminicídio,2025,RO,FULL_12_MONTHS,12,12,25,vítimas,total_vitima,Feminicídio,legal_category_adoption,COMPARABLE_WITH_BREAK
Feminicídio,2025,RR,FULL_12_MONTHS,12,12,6,vítimas,total_vitima,Feminicídio,legal_category_adoption,COMPARABLE_WITH_BREAK
Feminicídio,2025,RS,FULL_12_MONTHS,12,12,80,vítimas,total_vitima,Feminicídio,legal_category_adoption,COMPARABLE_WITH_BREAK
Feminicídio,2025,SC,FULL_12_MONTHS,12,12,52,vítimas,total_vitima,Feminicídio,legal_category_adoption,COMPARABLE_WITH_BREAK
Feminicídio,2025,SE,FULL_12_MONTHS,12,12,17,vítimas,total_vitima,Feminicídio,legal_category_adoption,COMPARABLE_WITH_BREAK
Feminicídio,2025,SP,FULL_12_MONTHS,12,12,270,vítimas,total_vitima,Feminicídio,legal_category_adoption,COMPARABLE_WITH_BREAK
Feminicídio,2025,TO,FULL_12_MONTHS,12,12,20,vítimas,total_vitima,Feminicídio,legal_category_adoption,COMPARABLE_WITH_BREAK
Tráfico de drogas,2015,AC,PARTIAL_MONTHS,12,0,0,ocorrências de fiscalização,total,Tráfico de drogas,standard_vde_indicator,NOT_COMPARABLE
Tráfico de drogas,2015,AL,FULL_12_MONTHS,12,12,1284,ocorrências de fiscalização,total,Tráfico de drogas,standard_vde_indicator,NOT_COMPARABLE
Tráfico de drogas,2015,AM,FULL_12_MONTHS,12,12,1924,ocorrências de fiscalização,total,Tráfico de drogas,standard_vde_indicator,NOT_COMPARABLE
Tráfico de drogas,2015,AP,FULL_12_MONTHS,12,12,293,ocorrências de fiscalização,total,Tráfico de drogas,standard_vde_indicator,NOT_COMPARABLE
Tráfico de drogas,2015,BA,FULL_12_MONTHS,12,12,5551,ocorrências de fiscalização,total,Tráfico de drogas,standard_vde_indicator,NOT_COMPARABLE
Tráfico de drogas,2015,CE,FULL_12_MONTHS,12,12,4643,ocorrências de fiscalização,total,Tráfico de drogas,standard_vde_indicator,NOT_COMPARABLE
Tráfico de drogas,2015,DF,FULL_12_MONTHS,12,12,2911,ocorrências de fiscalização,total,Tráfico de drogas,standard_vde_indicator,NOT_COMPARABLE
Tráfico de drogas,2015,ES,NOT_REPORTED,0,0,,ocorrências de fiscalização,total,,standard_vde_indicator,NOT_COMPARABLE
Tráfico de drogas,2015,GO,PARTIAL_MONTHS,12,0,0,ocorrências de fiscalização,total,Tráfico de drogas,standard_vde_indicator,NOT_COMPARABLE
Tráfico de drogas,2015,MA,FULL_12_MONTHS,12,12,1893,ocorrências de fiscalização,total,Tráfico de drogas,standard_vde_indicator,NOT_COMPARABLE
Tráfico de drogas,2015,MG,FULL_12_MONTHS,12,12,26741,ocorrências de fiscalização,total,Tráfico de drogas,standard_vde_indicator,NOT_COMPARABLE
Tráfico de drogas,2015,MS,FULL_12_MONTHS,12,12,3710,ocorrências de fiscalização,total,Tráfico de drogas,standard_vde_indicator,NOT_COMPARABLE
Tráfico de drogas,2015,MT,FULL_12_MONTHS,12,12,3462,ocorrências de fiscalização,total,Tráfico de drogas,standard_vde_indicator,NOT_COMPARABLE
Tráfico de drogas,2015,PA,FULL_12_MONTHS,12,12,4895,ocorrências de fiscalização,total,Tráfico de drogas,standard_vde_indicator,NOT_COMPARABLE
Tráfico de drogas,2015,PB,FULL_12_MONTHS,12,12,413,ocorrências de fiscalização,total,Tráfico de drogas,standard_vde_indicator,NOT_COMPARABLE
Tráfico de drogas,2015,PE,FULL_12_MONTHS,12,12,4969,ocorrências de fiscalização,total,Tráfico de drogas,standard_vde_indicator,NOT_COMPARABLE
Tráfico de drogas,2015,PI,FULL_12_MONTHS,12,12,268,ocorrências de fiscalização,total,Tráfico de drogas,standard_vde_indicator,NOT_COMPARABLE
Tráfico de drogas,2015,PR,PARTIAL_MONTHS,12,0,0,ocorrências de fiscalização,total,Tráfico de drogas,standard_vde_indicator,NOT_COMPARABLE
Tráfico de drogas,2015,RJ,FULL_12_MONTHS,12,12,25581,ocorrências de fiscalização,total,Tráfico de drogas,standard_vde_indicator,NOT_COMPARABLE
Tráfico de drogas,2015,RN,FULL_12_MONTHS,12,12,280,ocorrências de fiscalização,total,Tráfico de drogas,standard_vde_indicator,NOT_COMPARABLE
Tráfico de drogas,2015,RO,FULL_12_MONTHS,12,12,1000,ocorrências de fiscalização,total,Tráfico de drogas,standard_vde_indicator,NOT_COMPARABLE
Tráfico de drogas,2015,RR,PARTIAL_MONTHS,12,1,137,ocorrências de fiscalização,total,Tráfico de drogas,standard_vde_indicator,NOT_COMPARABLE
Tráfico de drogas,2015,RS,FULL_12_MONTHS,12,12,9176,ocorrências de fiscalização,total,Tráfico de drogas,standard_vde_indicator,NOT_COMPARABLE
Tráfico de drogas,2015,SC,FULL_12_MONTHS,12,12,6765,ocorrências de fiscalização,total,Tráfico de drogas,standard_vde_indicator,NOT_COMPARABLE
Tráfico de drogas,2015,SE,FULL_12_MONTHS,12,12,457,ocorrências de fiscalização,total,Tráfico de drogas,standard_vde_indicator,NOT_COMPARABLE
Tráfico de drogas,2015,SP,FULL_12_MONTHS,12,12,44364,ocorrências de fiscalização,total,Tráfico de drogas,standard_vde_indicator,NOT_COMPARABLE
Tráfico de drogas,2015,TO,PARTIAL_MONTHS,12,0,0,ocorrências de fiscalização,total,Tráfico de drogas,standard_vde_indicator,NOT_COMPARABLE
Tráfico de drogas,2016,AC,PARTIAL_MONTHS,12,0,0,ocorrências de fiscalização,total,Tráfico de drogas,standard_vde_indicator,NOT_COMPARABLE
Tráfico de drogas,2016,AL,FULL_12_MONTHS,12,12,1197,ocorrências de fiscalização,total,Tráfico de drogas,standard_vde_indicator,NOT_COMPARABLE
Tráfico de drogas,2016,AM,FULL_12_MONTHS,12,12,2032,ocorrências de fiscalização,total,Tráfico de drogas,standard_vde_indicator,NOT_COMPARABLE
Tráfico de drogas,2016,AP,FULL_12_MONTHS,12,12,428,ocorrências de fiscalização,total,Tráfico de drogas,standard_vde_indicator,NOT_COMPARABLE
Tráfico de drogas,2016,BA,FULL_12_MONTHS,12,12,5856,ocorrências de fiscalização,total,Tráfico de drogas,standard_vde_indicator,NOT_COMPARABLE
Tráfico de drogas,2016,CE,FULL_12_MONTHS,12,12,4010,ocorrências de fiscalização,total,Tráfico de drogas,standard_vde_indicator,NOT_COMPARABLE
Tráfico de drogas,2016,DF,FULL_12_MONTHS,12,12,2300,ocorrências de fiscalização,total,Tráfico de drogas,standard_vde_indicator,NOT_COMPARABLE
Tráfico de drogas,2016,ES,PARTIAL_MONTHS,12,0,0,ocorrências de fiscalização,total,Tráfico de drogas,standard_vde_indicator,NOT_COMPARABLE
Tráfico de drogas,2016,GO,PARTIAL_MONTHS,12,9,714,ocorrências de fiscalização,total,Tráfico de drogas,standard_vde_indicator,NOT_COMPARABLE
Tráfico de drogas,2016,MA,FULL_12_MONTHS,12,12,1852,ocorrências de fiscalização,total,Tráfico de drogas,standard_vde_indicator,NOT_COMPARABLE
Tráfico de drogas,2016,MG,FULL_12_MONTHS,12,12,25681,ocorrências de fiscalização,total,Tráfico de drogas,standard_vde_indicator,NOT_COMPARABLE
Tráfico de drogas,2016,MS,FULL_12_MONTHS,12,12,3489,ocorrências de fiscalização,total,Tráfico de drogas,standard_vde_indicator,NOT_COMPARABLE
Tráfico de drogas,2016,MT,FULL_12_MONTHS,12,12,4410,ocorrências de fiscalização,total,Tráfico de drogas,standard_vde_indicator,NOT_COMPARABLE
Tráfico de drogas,2016,PA,FULL_12_MONTHS,12,12,4088,ocorrências de fiscalização,total,Tráfico de drogas,standard_vde_indicator,NOT_COMPARABLE
Tráfico de drogas,2016,PB,FULL_12_MONTHS,12,12,354,ocorrências de fiscalização,total,Tráfico de drogas,standard_vde_indicator,NOT_COMPARABLE
Tráfico de drogas,2016,PE,FULL_12_MONTHS,12,12,4050,ocorrências de fiscalização,total,Tráfico de drogas,standard_vde_indicator,NOT_COMPARABLE
Tráfico de drogas,2016,PI,FULL_12_MONTHS,12,12,879,ocorrências de fiscalização,total,Tráfico de drogas,standard_vde_indicator,NOT_COMPARABLE
Tráfico de drogas,2016,PR,PARTIAL_MONTHS,12,0,0,ocorrências de fiscalização,total,Tráfico de drogas,standard_vde_indicator,NOT_COMPARABLE
Tráfico de drogas,2016,RJ,FULL_12_MONTHS,12,12,22834,ocorrências de fiscalização,total,Tráfico de drogas,standard_vde_indicator,NOT_COMPARABLE
Tráfico de drogas,2016,RN,FULL_12_MONTHS,12,12,147,ocorrências de fiscalização,total,Tráfico de drogas,standard_vde_indicator,NOT_COMPARABLE
Tráfico de drogas,2016,RO,FULL_12_MONTHS,12,12,1006,ocorrências de fiscalização,total,Tráfico de drogas,standard_vde_indicator,NOT_COMPARABLE
Tráfico de drogas,2016,RR,FULL_12_MONTHS,12,12,224,ocorrências de fiscalização,total,Tráfico de drogas,standard_vde_indicator,NOT_COMPARABLE
Tráfico de drogas,2016,RS,FULL_12_MONTHS,12,12,8914,ocorrências de fiscalização,total,Tráfico de drogas,standard_vde_indicator,NOT_COMPARABLE
Tráfico de drogas,2016,SC,FULL_12_MONTHS,12,12,7084,ocorrências de fiscalização,total,Tráfico de drogas,standard_vde_indicator,NOT_COMPARABLE
Tráfico de drogas,2016,SE,FULL_12_MONTHS,12,12,727,ocorrências de fiscalização,total,Tráfico de drogas,standard_vde_indicator,NOT_COMPARABLE
Tráfico de drogas,2016,SP,FULL_12_MONTHS,12,12,45549,ocorrências de fiscalização,total,Tráfico de drogas,standard_vde_indicator,NOT_COMPARABLE
Tráfico de drogas,2016,TO,PARTIAL_MONTHS,12,0,0,ocorrências de fiscalização,total,Tráfico de drogas,standard_vde_indicator,NOT_COMPARABLE
Tráfico de drogas,2017,AC,PARTIAL_MONTHS,12,0,0,ocorrências de fiscalização,total,Tráfico de drogas,standard_vde_indicator,NOT_COMPARABLE
Tráfico de drogas,2017,AL,FULL_12_MONTHS,12,12,1328,ocorrências de fiscalização,total,Tráfico de drogas,standard_vde_indicator,NOT_COMPARABLE
Tráfico de drogas,2017,AM,FULL_12_MONTHS,12,12,2979,ocorrências de fiscalização,total,Tráfico de drogas,standard_vde_indicator,NOT_COMPARABLE
Tráfico de drogas,2017,AP,FULL_12_MONTHS,12,12,275,ocorrências de fiscalização,total,Tráfico de drogas,standard_vde_indicator,NOT_COMPARABLE
Tráfico de drogas,2017,BA,FULL_12_MONTHS,12,12,7235,ocorrências de fiscalização,total,Tráfico de drogas,standard_vde_indicator,NOT_COMPARABLE
Tráfico de drogas,2017,CE,FULL_12_MONTHS,12,12,5884,ocorrências de fiscalização,total,Tráfico de drogas,standard_vde_indicator,NOT_COMPARABLE
Tráfico de drogas,2017,DF,FULL_12_MONTHS,12,12,2577,ocorrências de fiscalização,total,Tráfico de drogas,standard_vde_indicator,NOT_COMPARABLE
Tráfico de drogas,2017,ES,PARTIAL_MONTHS,12,0,0,ocorrências de fiscalização,total,Tráfico de drogas,standard_vde_indicator,NOT_COMPARABLE
Tráfico de drogas,2017,GO,FULL_12_MONTHS,12,12,1036,ocorrências de fiscalização,total,Tráfico de drogas,standard_vde_indicator,NOT_COMPARABLE
Tráfico de drogas,2017,MA,FULL_12_MONTHS,12,12,2213,ocorrências de fiscalização,total,Tráfico de drogas,standard_vde_indicator,NOT_COMPARABLE
Tráfico de drogas,2017,MG,FULL_12_MONTHS,12,12,31818,ocorrências de fiscalização,total,Tráfico de drogas,standard_vde_indicator,NOT_COMPARABLE
Tráfico de drogas,2017,MS,FULL_12_MONTHS,12,12,3673,ocorrências de fiscalização,total,Tráfico de drogas,standard_vde_indicator,NOT_COMPARABLE
Tráfico de drogas,2017,MT,FULL_12_MONTHS,12,12,3902,ocorrências de fiscalização,total,Tráfico de drogas,standard_vde_indicator,NOT_COMPARABLE
Tráfico de drogas,2017,PA,FULL_12_MONTHS,12,12,4098,ocorrências de fiscalização,total,Tráfico de drogas,standard_vde_indicator,NOT_COMPARABLE
Tráfico de drogas,2017,PB,FULL_12_MONTHS,12,12,325,ocorrências de fiscalização,total,Tráfico de drogas,standard_vde_indicator,NOT_COMPARABLE
Tráfico de drogas,2017,PE,FULL_12_MONTHS,12,12,4245,ocorrências de fiscalização,total,Tráfico de drogas,standard_vde_indicator,NOT_COMPARABLE
Tráfico de drogas,2017,PI,FULL_12_MONTHS,12,12,1044,ocorrências de fiscalização,total,Tráfico de drogas,standard_vde_indicator,NOT_COMPARABLE
Tráfico de drogas,2017,PR,FULL_12_MONTHS,12,12,10639,ocorrências de fiscalização,total,Tráfico de drogas,standard_vde_indicator,NOT_COMPARABLE
Tráfico de drogas,2017,RJ,FULL_12_MONTHS,12,12,19438,ocorrências de fiscalização,total,Tráfico de drogas,standard_vde_indicator,NOT_COMPARABLE
Tráfico de drogas,2017,RN,FULL_12_MONTHS,12,12,114,ocorrências de fiscalização,total,Tráfico de drogas,standard_vde_indicator,NOT_COMPARABLE
Tráfico de drogas,2017,RO,FULL_12_MONTHS,12,12,1090,ocorrências de fiscalização,total,Tráfico de drogas,standard_vde_indicator,NOT_COMPARABLE
Tráfico de drogas,2017,RR,FULL_12_MONTHS,12,12,330,ocorrências de fiscalização,total,Tráfico de drogas,standard_vde_indicator,NOT_COMPARABLE
Tráfico de drogas,2017,RS,FULL_12_MONTHS,12,12,9458,ocorrências de fiscalização,total,Tráfico de drogas,standard_vde_indicator,NOT_COMPARABLE
Tráfico de drogas,2017,SC,FULL_12_MONTHS,12,12,8590,ocorrências de fiscalização,total,Tráfico de drogas,standard_vde_indicator,NOT_COMPARABLE
Tráfico de drogas,2017,SE,FULL_12_MONTHS,12,12,791,ocorrências de fiscalização,total,Tráfico de drogas,standard_vde_indicator,NOT_COMPARABLE
Tráfico de drogas,2017,SP,FULL_12_MONTHS,12,12,49346,ocorrências de fiscalização,total,Tráfico de drogas,standard_vde_indicator,NOT_COMPARABLE
Tráfico de drogas,2017,TO,PARTIAL_MONTHS,12,0,0,ocorrências de fiscalização,total,Tráfico de drogas,standard_vde_indicator,NOT_COMPARABLE
Tráfico de drogas,2018,AC,FULL_12_MONTHS,12,12,171,ocorrências de fiscalização,total,Tráfico de drogas,standard_vde_indicator,NOT_COMPARABLE
Tráfico de drogas,2018,AL,FULL_12_MONTHS,12,12,1213,ocorrências de fiscalização,total,Tráfico de drogas,standard_vde_indicator,NOT_COMPARABLE
Tráfico de drogas,2018,AM,FULL_12_MONTHS,12,12,1697,ocorrências de fiscalização,total,Tráfico de drogas,standard_vde_indicator,NOT_COMPARABLE
Tráfico de drogas,2018,AP,FULL_12_MONTHS,12,12,345,ocorrências de fiscalização,total,Tráfico de drogas,standard_vde_indicator,NOT_COMPARABLE
Tráfico de drogas,2018,BA,FULL_12_MONTHS,12,12,7226,ocorrências de fiscalização,total,Tráfico de drogas,standard_vde_indicator,NOT_COMPARABLE
Tráfico de drogas,2018,CE,FULL_12_MONTHS,12,12,7947,ocorrências de fiscalização,total,Tráfico de drogas,standard_vde_indicator,NOT_COMPARABLE
Tráfico de drogas,2018,DF,FULL_12_MONTHS,12,12,2814,ocorrências de fiscalização,total,Tráfico de drogas,standard_vde_indicator,NOT_COMPARABLE
Tráfico de drogas,2018,ES,FULL_12_MONTHS,12,12,4347,ocorrências de fiscalização,total,Tráfico de drogas,standard_vde_indicator,NOT_COMPARABLE
Tráfico de drogas,2018,GO,FULL_12_MONTHS,12,12,1210,ocorrências de fiscalização,total,Tráfico de drogas,standard_vde_indicator,NOT_COMPARABLE
Tráfico de drogas,2018,MA,FULL_12_MONTHS,12,12,1931,ocorrências de fiscalização,total,Tráfico de drogas,standard_vde_indicator,NOT_COMPARABLE
Tráfico de drogas,2018,MG,FULL_12_MONTHS,12,12,35075,ocorrências de fiscalização,total,Tráfico de drogas,standard_vde_indicator,NOT_COMPARABLE
Tráfico de drogas,2018,MS,FULL_12_MONTHS,12,12,3827,ocorrências de fiscalização,total,Tráfico de drogas,standard_vde_indicator,NOT_COMPARABLE
Tráfico de drogas,2018,MT,FULL_12_MONTHS,12,12,4505,ocorrências de fiscalização,total,Tráfico de drogas,standard_vde_indicator,NOT_COMPARABLE
Tráfico de drogas,2018,PA,FULL_12_MONTHS,12,12,5408,ocorrências de fiscalização,total,Tráfico de drogas,standard_vde_indicator,NOT_COMPARABLE
Tráfico de drogas,2018,PB,FULL_12_MONTHS,12,12,201,ocorrências de fiscalização,total,Tráfico de drogas,standard_vde_indicator,NOT_COMPARABLE
Tráfico de drogas,2018,PE,FULL_12_MONTHS,12,12,5878,ocorrências de fiscalização,total,Tráfico de drogas,standard_vde_indicator,NOT_COMPARABLE
Tráfico de drogas,2018,PI,FULL_12_MONTHS,12,12,892,ocorrências de fiscalização,total,Tráfico de drogas,standard_vde_indicator,NOT_COMPARABLE
Tráfico de drogas,2018,PR,FULL_12_MONTHS,12,12,11949,ocorrências de fiscalização,total,Tráfico de drogas,standard_vde_indicator,NOT_COMPARABLE
Tráfico de drogas,2018,RJ,FULL_12_MONTHS,12,12,19671,ocorrências de fiscalização,total,Tráfico de drogas,standard_vde_indicator,NOT_COMPARABLE
Tráfico de drogas,2018,RN,FULL_12_MONTHS,12,12,241,ocorrências de fiscalização,total,Tráfico de drogas,standard_vde_indicator,NOT_COMPARABLE
Tráfico de drogas,2018,RO,FULL_12_MONTHS,12,12,1245,ocorrências de fiscalização,total,Tráfico de drogas,standard_vde_indicator,NOT_COMPARABLE
Tráfico de drogas,2018,RR,FULL_12_MONTHS,12,12,366,ocorrências de fiscalização,total,Tráfico de drogas,standard_vde_indicator,NOT_COMPARABLE
Tráfico de drogas,2018,RS,FULL_12_MONTHS,12,12,11782,ocorrências de fiscalização,total,Tráfico de drogas,standard_vde_indicator,NOT_COMPARABLE
Tráfico de drogas,2018,SC,FULL_12_MONTHS,12,12,10571,ocorrências de fiscalização,total,Tráfico de drogas,standard_vde_indicator,NOT_COMPARABLE
Tráfico de drogas,2018,SE,FULL_12_MONTHS,12,12,711,ocorrências de fiscalização,total,Tráfico de drogas,standard_vde_indicator,NOT_COMPARABLE
Tráfico de drogas,2018,SP,FULL_12_MONTHS,12,12,48322,ocorrências de fiscalização,total,Tráfico de drogas,standard_vde_indicator,NOT_COMPARABLE
Tráfico de drogas,2018,TO,FULL_12_MONTHS,12,12,381,ocorrências de fiscalização,total,Tráfico de drogas,standard_vde_indicator,NOT_COMPARABLE
Tráfico de drogas,2019,AC,FULL_12_MONTHS,12,12,166,ocorrências de fiscalização,total,Tráfico de drogas,standard_vde_indicator,NOT_COMPARABLE
Tráfico de drogas,2019,AL,FULL_12_MONTHS,12,12,1142,ocorrências de fiscalização,total,Tráfico de drogas,standard_vde_indicator,NOT_COMPARABLE
Tráfico de drogas,2019,AM,FULL_12_MONTHS,12,12,3730,ocorrências de fiscalização,total,Tráfico de drogas,standard_vde_indicator,NOT_COMPARABLE
Tráfico de drogas,2019,AP,FULL_12_MONTHS,12,12,637,ocorrências de fiscalização,total,Tráfico de drogas,standard_vde_indicator,NOT_COMPARABLE
Tráfico de drogas,2019,BA,FULL_12_MONTHS,12,12,7018,ocorrências de fiscalização,total,Tráfico de drogas,standard_vde_indicator,NOT_COMPARABLE
Tráfico de drogas,2019,CE,FULL_12_MONTHS,12,12,7007,ocorrências de fiscalização,total,Tráfico de drogas,standard_vde_indicator,NOT_COMPARABLE
Tráfico de drogas,2019,DF,FULL_12_MONTHS,12,12,2727,ocorrências de fiscalização,total,Tráfico de drogas,standard_vde_indicator,NOT_COMPARABLE
Tráfico de drogas,2019,ES,FULL_12_MONTHS,12,12,5166,ocorrências de fiscalização,total,Tráfico de drogas,standard_vde_indicator,NOT_COMPARABLE
Tráfico de drogas,2019,GO,FULL_12_MONTHS,12,12,1387,ocorrências de fiscalização,total,Tráfico de drogas,standard_vde_indicator,NOT_COMPARABLE
Tráfico de drogas,2019,MA,FULL_12_MONTHS,12,12,1948,ocorrências de fiscalização,total,Tráfico de drogas,standard_vde_indicator,NOT_COMPARABLE
Tráfico de drogas,2019,MG,FULL_12_MONTHS,12,12,34651,ocorrências de fiscalização,total,Tráfico de drogas,standard_vde_indicator,NOT_COMPARABLE
Tráfico de drogas,2019,MS,FULL_12_MONTHS,12,12,4269,ocorrências de fiscalização,total,Tráfico de drogas,standard_vde_indicator,NOT_COMPARABLE
Tráfico de drogas,2019,MT,FULL_12_MONTHS,12,12,4410,ocorrências de fiscalização,total,Tráfico de drogas,standard_vde_indicator,NOT_COMPARABLE
Tráfico de drogas,2019,PA,FULL_12_MONTHS,12,12,6057,ocorrências de fiscalização,total,Tráfico de drogas,standard_vde_indicator,NOT_COMPARABLE
Tráfico de drogas,2019,PB,FULL_12_MONTHS,12,12,806,ocorrências de fiscalização,total,Tráfico de drogas,standard_vde_indicator,NOT_COMPARABLE
Tráfico de drogas,2019,PE,FULL_12_MONTHS,12,12,7201,ocorrências de fiscalização,total,Tráfico de drogas,standard_vde_indicator,NOT_COMPARABLE
Tráfico de drogas,2019,PI,FULL_12_MONTHS,12,12,1031,ocorrências de fiscalização,total,Tráfico de drogas,standard_vde_indicator,NOT_COMPARABLE
Tráfico de drogas,2019,PR,FULL_12_MONTHS,12,12,12516,ocorrências de fiscalização,total,Tráfico de drogas,standard_vde_indicator,NOT_COMPARABLE
Tráfico de drogas,2019,RJ,FULL_12_MONTHS,12,12,20730,ocorrências de fiscalização,total,Tráfico de drogas,standard_vde_indicator,NOT_COMPARABLE
Tráfico de drogas,2019,RN,FULL_12_MONTHS,12,12,543,ocorrências de fiscalização,total,Tráfico de drogas,standard_vde_indicator,NOT_COMPARABLE
Tráfico de drogas,2019,RO,FULL_12_MONTHS,12,12,1352,ocorrências de fiscalização,total,Tráfico de drogas,standard_vde_indicator,NOT_COMPARABLE
Tráfico de drogas,2019,RR,FULL_12_MONTHS,12,12,361,ocorrências de fiscalização,total,Tráfico de drogas,standard_vde_indicator,NOT_COMPARABLE
Tráfico de drogas,2019,RS,FULL_12_MONTHS,12,12,12722,ocorrências de fiscalização,total,Tráfico de drogas,standard_vde_indicator,NOT_COMPARABLE
Tráfico de drogas,2019,SC,FULL_12_MONTHS,12,12,7856,ocorrências de fiscalização,total,Tráfico de drogas,standard_vde_indicator,NOT_COMPARABLE
Tráfico de drogas,2019,SE,FULL_12_MONTHS,12,12,1216,ocorrências de fiscalização,total,Tráfico de drogas,standard_vde_indicator,NOT_COMPARABLE
Tráfico de drogas,2019,SP,FULL_12_MONTHS,12,12,47483,ocorrências de fiscalização,total,Tráfico de drogas,standard_vde_indicator,NOT_COMPARABLE
Tráfico de drogas,2019,TO,FULL_12_MONTHS,12,12,891,ocorrências de fiscalização,total,Tráfico de drogas,standard_vde_indicator,NOT_COMPARABLE
Tráfico de drogas,2020,AC,FULL_12_MONTHS,12,12,256,ocorrências de fiscalização,total,Tráfico de drogas,standard_vde_indicator,NOT_COMPARABLE
Tráfico de drogas,2020,AL,FULL_12_MONTHS,12,12,1319,ocorrências de fiscalização,total,Tráfico de drogas,standard_vde_indicator,NOT_COMPARABLE
Tráfico de drogas,2020,AM,FULL_12_MONTHS,12,12,3745,ocorrências de fiscalização,total,Tráfico de drogas,standard_vde_indicator,NOT_COMPARABLE
Tráfico de drogas,2020,AP,FULL_12_MONTHS,12,12,771,ocorrências de fiscalização,total,Tráfico de drogas,standard_vde_indicator,NOT_COMPARABLE
Tráfico de drogas,2020,BA,FULL_12_MONTHS,12,12,6675,ocorrências de fiscalização,total,Tráfico de drogas,standard_vde_indicator,NOT_COMPARABLE
Tráfico de drogas,2020,CE,FULL_12_MONTHS,12,12,5493,ocorrências de fiscalização,total,Tráfico de drogas,standard_vde_indicator,NOT_COMPARABLE
Tráfico de drogas,2020,DF,FULL_12_MONTHS,12,12,3178,ocorrências de fiscalização,total,Tráfico de drogas,standard_vde_indicator,NOT_COMPARABLE
Tráfico de drogas,2020,ES,FULL_12_MONTHS,12,12,5355,ocorrências de fiscalização,total,Tráfico de drogas,standard_vde_indicator,NOT_COMPARABLE
Tráfico de drogas,2020,GO,FULL_12_MONTHS,12,12,1501,ocorrências de fiscalização,total,Tráfico de drogas,standard_vde_indicator,NOT_COMPARABLE
Tráfico de drogas,2020,MA,FULL_12_MONTHS,12,12,1632,ocorrências de fiscalização,total,Tráfico de drogas,standard_vde_indicator,NOT_COMPARABLE
Tráfico de drogas,2020,MG,FULL_12_MONTHS,12,12,38532,ocorrências de fiscalização,total,Tráfico de drogas,standard_vde_indicator,NOT_COMPARABLE
Tráfico de drogas,2020,MS,FULL_12_MONTHS,12,12,4611,ocorrências de fiscalização,total,Tráfico de drogas,standard_vde_indicator,NOT_COMPARABLE
Tráfico de drogas,2020,MT,FULL_12_MONTHS,12,12,4651,ocorrências de fiscalização,total,Tráfico de drogas,standard_vde_indicator,NOT_COMPARABLE
Tráfico de drogas,2020,PA,FULL_12_MONTHS,12,12,5286,ocorrências de fiscalização,total,Tráfico de drogas,standard_vde_indicator,NOT_COMPARABLE
Tráfico de drogas,2020,PB,FULL_12_MONTHS,12,12,863,ocorrências de fiscalização,total,Tráfico de drogas,standard_vde_indicator,NOT_COMPARABLE
Tráfico de drogas,2020,PE,FULL_12_MONTHS,12,12,8997,ocorrências de fiscalização,total,Tráfico de drogas,standard_vde_indicator,NOT_COMPARABLE
Tráfico de drogas,2020,PI,FULL_12_MONTHS,12,12,902,ocorrências de fiscalização,total,Tráfico de drogas,standard_vde_indicator,NOT_COMPARABLE
Tráfico de drogas,2020,PR,FULL_12_MONTHS,12,12,13881,ocorrências de fiscalização,total,Tráfico de drogas,standard_vde_indicator,NOT_COMPARABLE
Tráfico de drogas,2020,RJ,FULL_12_MONTHS,12,12,19140,ocorrências de fiscalização,total,Tráfico de drogas,standard_vde_indicator,NOT_COMPARABLE
Tráfico de drogas,2020,RN,FULL_12_MONTHS,12,12,950,ocorrências de fiscalização,total,Tráfico de drogas,standard_vde_indicator,NOT_COMPARABLE
Tráfico de drogas,2020,RO,FULL_12_MONTHS,12,12,1536,ocorrências de fiscalização,total,Tráfico de drogas,standard_vde_indicator,NOT_COMPARABLE
Tráfico de drogas,2020,RR,PARTIAL_MONTHS,12,11,389,ocorrências de fiscalização,total,Tráfico de drogas,standard_vde_indicator,NOT_COMPARABLE
Tráfico de drogas,2020,RS,FULL_12_MONTHS,12,12,15739,ocorrências de fiscalização,total,Tráfico de drogas,standard_vde_indicator,NOT_COMPARABLE
Tráfico de drogas,2020,SC,FULL_12_MONTHS,12,12,6824,ocorrências de fiscalização,total,Tráfico de drogas,standard_vde_indicator,NOT_COMPARABLE
Tráfico de drogas,2020,SE,FULL_12_MONTHS,12,12,1216,ocorrências de fiscalização,total,Tráfico de drogas,standard_vde_indicator,NOT_COMPARABLE
Tráfico de drogas,2020,SP,FULL_12_MONTHS,12,12,41560,ocorrências de fiscalização,total,Tráfico de drogas,standard_vde_indicator,NOT_COMPARABLE
Tráfico de drogas,2020,TO,FULL_12_MONTHS,12,12,975,ocorrências de fiscalização,total,Tráfico de drogas,standard_vde_indicator,NOT_COMPARABLE
Tráfico de drogas,2021,AC,FULL_12_MONTHS,12,12,667,ocorrências de fiscalização,total,Tráfico de drogas,standard_vde_indicator,NOT_COMPARABLE
Tráfico de drogas,2021,AL,FULL_12_MONTHS,12,12,1578,ocorrências de fiscalização,total,Tráfico de drogas,standard_vde_indicator,NOT_COMPARABLE
Tráfico de drogas,2021,AM,FULL_12_MONTHS,12,12,3664,ocorrências de fiscalização,total,Tráfico de drogas,standard_vde_indicator,NOT_COMPARABLE
Tráfico de drogas,2021,AP,FULL_12_MONTHS,12,12,906,ocorrências de fiscalização,total,Tráfico de drogas,standard_vde_indicator,NOT_COMPARABLE
Tráfico de drogas,2021,BA,FULL_12_MONTHS,12,12,7426,ocorrências de fiscalização,total,Tráfico de drogas,standard_vde_indicator,NOT_COMPARABLE
Tráfico de drogas,2021,CE,FULL_12_MONTHS,12,12,5198,ocorrências de fiscalização,total,Tráfico de drogas,standard_vde_indicator,NOT_COMPARABLE
Tráfico de drogas,2021,DF,FULL_12_MONTHS,12,12,2844,ocorrências de fiscalização,total,Tráfico de drogas,standard_vde_indicator,NOT_COMPARABLE
Tráfico de drogas,2021,ES,FULL_12_MONTHS,12,12,4958,ocorrências de fiscalização,total,Tráfico de drogas,standard_vde_indicator,NOT_COMPARABLE
Tráfico de drogas,2021,GO,FULL_12_MONTHS,12,12,1397,ocorrências de fiscalização,total,Tráfico de drogas,standard_vde_indicator,NOT_COMPARABLE
Tráfico de drogas,2021,MA,FULL_12_MONTHS,12,12,1877,ocorrências de fiscalização,total,Tráfico de drogas,standard_vde_indicator,NOT_COMPARABLE
Tráfico de drogas,2021,MG,FULL_12_MONTHS,12,12,37521,ocorrências de fiscalização,total,Tráfico de drogas,standard_vde_indicator,NOT_COMPARABLE
Tráfico de drogas,2021,MS,FULL_12_MONTHS,12,12,4453,ocorrências de fiscalização,total,Tráfico de drogas,standard_vde_indicator,NOT_COMPARABLE
Tráfico de drogas,2021,MT,FULL_12_MONTHS,12,12,4742,ocorrências de fiscalização,total,Tráfico de drogas,standard_vde_indicator,NOT_COMPARABLE
Tráfico de drogas,2021,PA,FULL_12_MONTHS,12,12,5102,ocorrências de fiscalização,total,Tráfico de drogas,standard_vde_indicator,NOT_COMPARABLE
Tráfico de drogas,2021,PB,FULL_12_MONTHS,12,12,852,ocorrências de fiscalização,total,Tráfico de drogas,standard_vde_indicator,NOT_COMPARABLE
Tráfico de drogas,2021,PE,FULL_12_MONTHS,12,12,9463,ocorrências de fiscalização,total,Tráfico de drogas,standard_vde_indicator,NOT_COMPARABLE
Tráfico de drogas,2021,PI,FULL_12_MONTHS,12,12,1129,ocorrências de fiscalização,total,Tráfico de drogas,standard_vde_indicator,NOT_COMPARABLE
Tráfico de drogas,2021,PR,FULL_12_MONTHS,12,12,12463,ocorrências de fiscalização,total,Tráfico de drogas,standard_vde_indicator,NOT_COMPARABLE
Tráfico de drogas,2021,RJ,FULL_12_MONTHS,12,12,19717,ocorrências de fiscalização,total,Tráfico de drogas,standard_vde_indicator,NOT_COMPARABLE
Tráfico de drogas,2021,RN,FULL_12_MONTHS,12,12,1219,ocorrências de fiscalização,total,Tráfico de drogas,standard_vde_indicator,NOT_COMPARABLE
Tráfico de drogas,2021,RO,FULL_12_MONTHS,12,12,1250,ocorrências de fiscalização,total,Tráfico de drogas,standard_vde_indicator,NOT_COMPARABLE
Tráfico de drogas,2021,RR,FULL_12_MONTHS,12,12,398,ocorrências de fiscalização,total,Tráfico de drogas,standard_vde_indicator,NOT_COMPARABLE
Tráfico de drogas,2021,RS,FULL_12_MONTHS,12,12,16892,ocorrências de fiscalização,total,Tráfico de drogas,standard_vde_indicator,NOT_COMPARABLE
Tráfico de drogas,2021,SC,FULL_12_MONTHS,12,12,6033,ocorrências de fiscalização,total,Tráfico de drogas,standard_vde_indicator,NOT_COMPARABLE
Tráfico de drogas,2021,SE,FULL_12_MONTHS,12,12,1229,ocorrências de fiscalização,total,Tráfico de drogas,standard_vde_indicator,NOT_COMPARABLE
Tráfico de drogas,2021,SP,FULL_12_MONTHS,12,12,38619,ocorrências de fiscalização,total,Tráfico de drogas,standard_vde_indicator,NOT_COMPARABLE
Tráfico de drogas,2021,TO,FULL_12_MONTHS,12,12,828,ocorrências de fiscalização,total,Tráfico de drogas,standard_vde_indicator,NOT_COMPARABLE
Tráfico de drogas,2022,AC,FULL_12_MONTHS,12,12,886,ocorrências de fiscalização,total,Tráfico de drogas,standard_vde_indicator,NOT_COMPARABLE
Tráfico de drogas,2022,AL,FULL_12_MONTHS,12,12,1306,ocorrências de fiscalização,total,Tráfico de drogas,standard_vde_indicator,NOT_COMPARABLE
Tráfico de drogas,2022,AM,FULL_12_MONTHS,12,12,1817,ocorrências de fiscalização,total,Tráfico de drogas,standard_vde_indicator,NOT_COMPARABLE
Tráfico de drogas,2022,AP,FULL_12_MONTHS,12,12,731,ocorrências de fiscalização,total,Tráfico de drogas,standard_vde_indicator,NOT_COMPARABLE
Tráfico de drogas,2022,BA,FULL_12_MONTHS,12,12,6420,ocorrências de fiscalização,total,Tráfico de drogas,standard_vde_indicator,NOT_COMPARABLE
Tráfico de drogas,2022,CE,FULL_12_MONTHS,12,12,4764,ocorrências de fiscalização,total,Tráfico de drogas,standard_vde_indicator,NOT_COMPARABLE
Tráfico de drogas,2022,DF,FULL_12_MONTHS,12,12,2258,ocorrências de fiscalização,total,Tráfico de drogas,standard_vde_indicator,NOT_COMPARABLE
Tráfico de drogas,2022,ES,FULL_12_MONTHS,12,12,4644,ocorrências de fiscalização,total,Tráfico de drogas,standard_vde_indicator,NOT_COMPARABLE
Tráfico de drogas,2022,GO,FULL_12_MONTHS,12,12,1227,ocorrências de fiscalização,total,Tráfico de drogas,standard_vde_indicator,NOT_COMPARABLE
Tráfico de drogas,2022,MA,FULL_12_MONTHS,12,12,1627,ocorrências de fiscalização,total,Tráfico de drogas,standard_vde_indicator,NOT_COMPARABLE
Tráfico de drogas,2022,MG,FULL_12_MONTHS,12,12,27077,ocorrências de fiscalização,total,Tráfico de drogas,standard_vde_indicator,NOT_COMPARABLE
Tráfico de drogas,2022,MS,FULL_12_MONTHS,12,12,4025,ocorrências de fiscalização,total,Tráfico de drogas,standard_vde_indicator,NOT_COMPARABLE
Tráfico de drogas,2022,MT,FULL_12_MONTHS,12,12,4289,ocorrências de fiscalização,total,Tráfico de drogas,standard_vde_indicator,NOT_COMPARABLE
Tráfico de drogas,2022,PA,FULL_12_MONTHS,12,12,4894,ocorrências de fiscalização,total,Tráfico de drogas,standard_vde_indicator,NOT_COMPARABLE
Tráfico de drogas,2022,PB,FULL_12_MONTHS,12,12,1055,ocorrências de fiscalização,total,Tráfico de drogas,standard_vde_indicator,NOT_COMPARABLE
Tráfico de drogas,2022,PE,FULL_12_MONTHS,12,12,10192,ocorrências de fiscalização,total,Tráfico de drogas,standard_vde_indicator,NOT_COMPARABLE
Tráfico de drogas,2022,PI,FULL_12_MONTHS,12,12,1210,ocorrências de fiscalização,total,Tráfico de drogas,standard_vde_indicator,NOT_COMPARABLE
Tráfico de drogas,2022,PR,FULL_12_MONTHS,12,12,10118,ocorrências de fiscalização,total,Tráfico de drogas,standard_vde_indicator,NOT_COMPARABLE
Tráfico de drogas,2022,RJ,FULL_12_MONTHS,12,12,18779,ocorrências de fiscalização,total,Tráfico de drogas,standard_vde_indicator,NOT_COMPARABLE
Tráfico de drogas,2022,RN,FULL_12_MONTHS,12,12,1358,ocorrências de fiscalização,total,Tráfico de drogas,standard_vde_indicator,NOT_COMPARABLE
Tráfico de drogas,2022,RO,FULL_12_MONTHS,12,12,1343,ocorrências de fiscalização,total,Tráfico de drogas,standard_vde_indicator,NOT_COMPARABLE
Tráfico de drogas,2022,RR,FULL_12_MONTHS,12,12,470,ocorrências de fiscalização,total,Tráfico de drogas,standard_vde_indicator,NOT_COMPARABLE
Tráfico de drogas,2022,RS,FULL_12_MONTHS,12,12,16290,ocorrências de fiscalização,total,Tráfico de drogas,standard_vde_indicator,NOT_COMPARABLE
Tráfico de drogas,2022,SC,FULL_12_MONTHS,12,12,5838,ocorrências de fiscalização,total,Tráfico de drogas,standard_vde_indicator,NOT_COMPARABLE
Tráfico de drogas,2022,SE,FULL_12_MONTHS,12,12,1017,ocorrências de fiscalização,total,Tráfico de drogas,standard_vde_indicator,NOT_COMPARABLE
Tráfico de drogas,2022,SP,FULL_12_MONTHS,12,12,32392,ocorrências de fiscalização,total,Tráfico de drogas,standard_vde_indicator,NOT_COMPARABLE
Tráfico de drogas,2022,TO,FULL_12_MONTHS,12,12,681,ocorrências de fiscalização,total,Tráfico de drogas,standard_vde_indicator,NOT_COMPARABLE
Tráfico de drogas,2023,AC,FULL_12_MONTHS,12,12,703,ocorrências de fiscalização,total,Tráfico de drogas,standard_vde_indicator,NOT_COMPARABLE
Tráfico de drogas,2023,AL,FULL_12_MONTHS,12,12,1191,ocorrências de fiscalização,total,Tráfico de drogas,standard_vde_indicator,NOT_COMPARABLE
Tráfico de drogas,2023,AM,FULL_12_MONTHS,12,12,2299,ocorrências de fiscalização,total,Tráfico de drogas,standard_vde_indicator,NOT_COMPARABLE
Tráfico de drogas,2023,AP,FULL_12_MONTHS,12,12,786,ocorrências de fiscalização,total,Tráfico de drogas,standard_vde_indicator,NOT_COMPARABLE
Tráfico de drogas,2023,BA,FULL_12_MONTHS,12,12,6702,ocorrências de fiscalização,total,Tráfico de drogas,standard_vde_indicator,NOT_COMPARABLE
Tráfico de drogas,2023,CE,FULL_12_MONTHS,12,12,5492,ocorrências de fiscalização,total,Tráfico de drogas,standard_vde_indicator,NOT_COMPARABLE
Tráfico de drogas,2023,DF,FULL_12_MONTHS,12,12,2442,ocorrências de fiscalização,total,Tráfico de drogas,standard_vde_indicator,NOT_COMPARABLE
Tráfico de drogas,2023,ES,FULL_12_MONTHS,12,12,4484,ocorrências de fiscalização,total,Tráfico de drogas,standard_vde_indicator,NOT_COMPARABLE
Tráfico de drogas,2023,GO,FULL_12_MONTHS,12,12,1249,ocorrências de fiscalização,total,Tráfico de drogas,standard_vde_indicator,NOT_COMPARABLE
Tráfico de drogas,2023,MA,FULL_12_MONTHS,12,12,1601,ocorrências de fiscalização,total,Tráfico de drogas,standard_vde_indicator,NOT_COMPARABLE
Tráfico de drogas,2023,MG,FULL_12_MONTHS,12,12,29468,ocorrências de fiscalização,total,Tráfico de drogas,standard_vde_indicator,NOT_COMPARABLE
Tráfico de drogas,2023,MS,FULL_12_MONTHS,12,12,3908,ocorrências de fiscalização,total,Tráfico de drogas,standard_vde_indicator,NOT_COMPARABLE
Tráfico de drogas,2023,MT,FULL_12_MONTHS,12,12,4087,ocorrências de fiscalização,total,Tráfico de drogas,standard_vde_indicator,NOT_COMPARABLE
Tráfico de drogas,2023,PA,FULL_12_MONTHS,12,12,5917,ocorrências de fiscalização,total,Tráfico de drogas,standard_vde_indicator,NOT_COMPARABLE
Tráfico de drogas,2023,PB,FULL_12_MONTHS,12,12,1551,ocorrências de fiscalização,total,Tráfico de drogas,standard_vde_indicator,NOT_COMPARABLE
Tráfico de drogas,2023,PE,FULL_12_MONTHS,12,12,10021,ocorrências de fiscalização,total,Tráfico de drogas,standard_vde_indicator,NOT_COMPARABLE
Tráfico de drogas,2023,PI,FULL_12_MONTHS,12,12,1686,ocorrências de fiscalização,total,Tráfico de drogas,standard_vde_indicator,NOT_COMPARABLE
Tráfico de drogas,2023,PR,FULL_12_MONTHS,12,12,12262,ocorrências de fiscalização,total,Tráfico de drogas,standard_vde_indicator,NOT_COMPARABLE
Tráfico de drogas,2023,RJ,FULL_12_MONTHS,12,12,20442,ocorrências de fiscalização,total,Tráfico de drogas,standard_vde_indicator,NOT_COMPARABLE
Tráfico de drogas,2023,RN,FULL_12_MONTHS,12,12,1682,ocorrências de fiscalização,total,Tráfico de drogas,standard_vde_indicator,NOT_COMPARABLE
Tráfico de drogas,2023,RO,FULL_12_MONTHS,12,12,1554,ocorrências de fiscalização,total,Tráfico de drogas,standard_vde_indicator,NOT_COMPARABLE
Tráfico de drogas,2023,RR,FULL_12_MONTHS,12,12,519,ocorrências de fiscalização,total,Tráfico de drogas,standard_vde_indicator,NOT_COMPARABLE
Tráfico de drogas,2023,RS,FULL_12_MONTHS,12,12,16090,ocorrências de fiscalização,total,Tráfico de drogas,standard_vde_indicator,NOT_COMPARABLE
Tráfico de drogas,2023,SC,FULL_12_MONTHS,12,12,5682,ocorrências de fiscalização,total,Tráfico de drogas,standard_vde_indicator,NOT_COMPARABLE
Tráfico de drogas,2023,SE,FULL_12_MONTHS,12,12,1400,ocorrências de fiscalização,total,Tráfico de drogas,standard_vde_indicator,NOT_COMPARABLE
Tráfico de drogas,2023,SP,FULL_12_MONTHS,12,12,35784,ocorrências de fiscalização,total,Tráfico de drogas,standard_vde_indicator,NOT_COMPARABLE
Tráfico de drogas,2023,TO,FULL_12_MONTHS,12,12,879,ocorrências de fiscalização,total,Tráfico de drogas,standard_vde_indicator,NOT_COMPARABLE
Tráfico de drogas,2024,AC,FULL_12_MONTHS,12,12,830,ocorrências de fiscalização,total,Tráfico de drogas,standard_vde_indicator,NOT_COMPARABLE
Tráfico de drogas,2024,AL,FULL_12_MONTHS,12,12,1177,ocorrências de fiscalização,total,Tráfico de drogas,standard_vde_indicator,NOT_COMPARABLE
Tráfico de drogas,2024,AM,FULL_12_MONTHS,12,12,2252,ocorrências de fiscalização,total,Tráfico de drogas,standard_vde_indicator,NOT_COMPARABLE
Tráfico de drogas,2024,AP,FULL_12_MONTHS,12,12,1015,ocorrências de fiscalização,total,Tráfico de drogas,standard_vde_indicator,NOT_COMPARABLE
Tráfico de drogas,2024,BA,FULL_12_MONTHS,12,12,6772,ocorrências de fiscalização,total,Tráfico de drogas,standard_vde_indicator,NOT_COMPARABLE
Tráfico de drogas,2024,CE,FULL_12_MONTHS,12,12,5606,ocorrências de fiscalização,total,Tráfico de drogas,standard_vde_indicator,NOT_COMPARABLE
Tráfico de drogas,2024,DF,FULL_12_MONTHS,12,12,2588,ocorrências de fiscalização,total,Tráfico de drogas,standard_vde_indicator,NOT_COMPARABLE
Tráfico de drogas,2024,ES,FULL_12_MONTHS,12,12,4739,ocorrências de fiscalização,total,Tráfico de drogas,standard_vde_indicator,NOT_COMPARABLE
Tráfico de drogas,2024,GO,FULL_12_MONTHS,12,12,5682,ocorrências de fiscalização,total,Tráfico de drogas,standard_vde_indicator,NOT_COMPARABLE
Tráfico de drogas,2024,MA,FULL_12_MONTHS,12,12,1632,ocorrências de fiscalização,total,Tráfico de drogas,standard_vde_indicator,NOT_COMPARABLE
Tráfico de drogas,2024,MG,FULL_12_MONTHS,12,12,23813,ocorrências de fiscalização,total,Tráfico de drogas,standard_vde_indicator,NOT_COMPARABLE
Tráfico de drogas,2024,MS,FULL_12_MONTHS,12,12,4058,ocorrências de fiscalização,total,Tráfico de drogas,standard_vde_indicator,NOT_COMPARABLE
Tráfico de drogas,2024,MT,FULL_12_MONTHS,12,12,4553,ocorrências de fiscalização,total,Tráfico de drogas,standard_vde_indicator,NOT_COMPARABLE
Tráfico de drogas,2024,PA,FULL_12_MONTHS,12,12,5350,ocorrências de fiscalização,total,Tráfico de drogas,standard_vde_indicator,NOT_COMPARABLE
Tráfico de drogas,2024,PB,FULL_12_MONTHS,12,12,2349,ocorrências de fiscalização,total,Tráfico de drogas,standard_vde_indicator,NOT_COMPARABLE
Tráfico de drogas,2024,PE,FULL_12_MONTHS,12,12,9137,ocorrências de fiscalização,total,Tráfico de drogas,standard_vde_indicator,NOT_COMPARABLE
Tráfico de drogas,2024,PI,FULL_12_MONTHS,12,12,1858,ocorrências de fiscalização,total,Tráfico de drogas,standard_vde_indicator,NOT_COMPARABLE
Tráfico de drogas,2024,PR,FULL_12_MONTHS,12,12,13343,ocorrências de fiscalização,total,Tráfico de drogas,standard_vde_indicator,NOT_COMPARABLE
Tráfico de drogas,2024,RJ,FULL_12_MONTHS,12,12,21017,ocorrências de fiscalização,total,Tráfico de drogas,standard_vde_indicator,NOT_COMPARABLE
Tráfico de drogas,2024,RN,FULL_12_MONTHS,12,12,2209,ocorrências de fiscalização,total,Tráfico de drogas,standard_vde_indicator,NOT_COMPARABLE
Tráfico de drogas,2024,RO,FULL_12_MONTHS,12,12,1313,ocorrências de fiscalização,total,Tráfico de drogas,standard_vde_indicator,NOT_COMPARABLE
Tráfico de drogas,2024,RR,FULL_12_MONTHS,12,12,419,ocorrências de fiscalização,total,Tráfico de drogas,standard_vde_indicator,NOT_COMPARABLE
Tráfico de drogas,2024,RS,FULL_12_MONTHS,12,12,16736,ocorrências de fiscalização,total,Tráfico de drogas,standard_vde_indicator,NOT_COMPARABLE
Tráfico de drogas,2024,SC,FULL_12_MONTHS,12,12,5804,ocorrências de fiscalização,total,Tráfico de drogas,standard_vde_indicator,NOT_COMPARABLE
Tráfico de drogas,2024,SE,FULL_12_MONTHS,12,12,1387,ocorrências de fiscalização,total,Tráfico de drogas,standard_vde_indicator,NOT_COMPARABLE
Tráfico de drogas,2024,SP,FULL_12_MONTHS,12,12,37753,ocorrências de fiscalização,total,Tráfico de drogas,standard_vde_indicator,NOT_COMPARABLE
Tráfico de drogas,2024,TO,FULL_12_MONTHS,12,12,933,ocorrências de fiscalização,total,Tráfico de drogas,standard_vde_indicator,NOT_COMPARABLE
Tráfico de drogas,2025,AC,FULL_12_MONTHS,12,12,868,ocorrências de fiscalização,total,Tráfico de drogas,standard_vde_indicator,NOT_COMPARABLE
Tráfico de drogas,2025,AL,FULL_12_MONTHS,12,12,1322,ocorrências de fiscalização,total,Tráfico de drogas,standard_vde_indicator,NOT_COMPARABLE
Tráfico de drogas,2025,AM,FULL_12_MONTHS,12,12,3134,ocorrências de fiscalização,total,Tráfico de drogas,standard_vde_indicator,NOT_COMPARABLE
Tráfico de drogas,2025,AP,FULL_12_MONTHS,12,12,1115,ocorrências de fiscalização,total,Tráfico de drogas,standard_vde_indicator,NOT_COMPARABLE
Tráfico de drogas,2025,BA,FULL_12_MONTHS,12,12,8475,ocorrências de fiscalização,total,Tráfico de drogas,standard_vde_indicator,NOT_COMPARABLE
Tráfico de drogas,2025,CE,FULL_12_MONTHS,12,12,7477,ocorrências de fiscalização,total,Tráfico de drogas,standard_vde_indicator,NOT_COMPARABLE
Tráfico de drogas,2025,DF,FULL_12_MONTHS,12,12,3089,ocorrências de fiscalização,total,Tráfico de drogas,standard_vde_indicator,NOT_COMPARABLE
Tráfico de drogas,2025,ES,FULL_12_MONTHS,12,12,5549,ocorrências de fiscalização,total,Tráfico de drogas,standard_vde_indicator,NOT_COMPARABLE
Tráfico de drogas,2025,GO,FULL_12_MONTHS,12,12,6218,ocorrências de fiscalização,total,Tráfico de drogas,standard_vde_indicator,NOT_COMPARABLE
Tráfico de drogas,2025,MA,FULL_12_MONTHS,12,12,2749,ocorrências de fiscalização,total,Tráfico de drogas,standard_vde_indicator,NOT_COMPARABLE
Tráfico de drogas,2025,MG,FULL_12_MONTHS,12,12,33853,ocorrências de fiscalização,total,Tráfico de drogas,standard_vde_indicator,NOT_COMPARABLE
Tráfico de drogas,2025,MS,FULL_12_MONTHS,12,12,3341,ocorrências de fiscalização,total,Tráfico de drogas,standard_vde_indicator,NOT_COMPARABLE
Tráfico de drogas,2025,MT,FULL_12_MONTHS,12,12,5010,ocorrências de fiscalização,total,Tráfico de drogas,standard_vde_indicator,NOT_COMPARABLE
Tráfico de drogas,2025,PA,FULL_12_MONTHS,12,12,5238,ocorrências de fiscalização,total,Tráfico de drogas,standard_vde_indicator,NOT_COMPARABLE
Tráfico de drogas,2025,PB,FULL_12_MONTHS,12,12,2763,ocorrências de fiscalização,total,Tráfico de drogas,standard_vde_indicator,NOT_COMPARABLE
Tráfico de drogas,2025,PE,FULL_12_MONTHS,12,12,9800,ocorrências de fiscalização,total,Tráfico de drogas,standard_vde_indicator,NOT_COMPARABLE
Tráfico de drogas,2025,PI,FULL_12_MONTHS,12,12,2487,ocorrências de fiscalização,total,Tráfico de drogas,standard_vde_indicator,NOT_COMPARABLE
Tráfico de drogas,2025,PR,FULL_12_MONTHS,12,12,13983,ocorrências de fiscalização,total,Tráfico de drogas,standard_vde_indicator,NOT_COMPARABLE
Tráfico de drogas,2025,RJ,FULL_12_MONTHS,12,12,21065,ocorrências de fiscalização,total,Tráfico de drogas,standard_vde_indicator,NOT_COMPARABLE
Tráfico de drogas,2025,RN,FULL_12_MONTHS,12,12,2732,ocorrências de fiscalização,total,Tráfico de drogas,standard_vde_indicator,NOT_COMPARABLE
Tráfico de drogas,2025,RO,FULL_12_MONTHS,12,12,1750,ocorrências de fiscalização,total,Tráfico de drogas,standard_vde_indicator,NOT_COMPARABLE
Tráfico de drogas,2025,RR,FULL_12_MONTHS,12,12,470,ocorrências de fiscalização,total,Tráfico de drogas,standard_vde_indicator,NOT_COMPARABLE
Tráfico de drogas,2025,RS,FULL_12_MONTHS,12,12,18179,ocorrências de fiscalização,total,Tráfico de drogas,standard_vde_indicator,NOT_COMPARABLE
Tráfico de drogas,2025,SC,FULL_12_MONTHS,12,12,7258,ocorrências de fiscalização,total,Tráfico de drogas,standard_vde_indicator,NOT_COMPARABLE
Tráfico de drogas,2025,SE,FULL_12_MONTHS,12,12,1440,ocorrências de fiscalização,total,Tráfico de drogas,standard_vde_indicator,NOT_COMPARABLE
Tráfico de drogas,2025,SP,FULL_12_MONTHS,12,12,45507,ocorrências de fiscalização,total,Tráfico de drogas,standard_vde_indicator,NOT_COMPARABLE
Tráfico de drogas,2025,TO,FULL_12_MONTHS,12,12,1045,ocorrências de fiscalização,total,Tráfico de drogas,standard_vde_indicator,NOT_COMPARABLE
Armas de fogo apreendidas,2015,AC,PARTIAL_MONTHS,12,0,0,objetos apreendidos,total,Arma de Fogo Apreendida,standard_vde_indicator,NOT_COMPARABLE
Armas de fogo apreendidas,2015,AL,FULL_12_MONTHS,12,12,1987,objetos apreendidos,total,Arma de Fogo Apreendida,standard_vde_indicator,NOT_COMPARABLE
Armas de fogo apreendidas,2015,AM,FULL_12_MONTHS,12,12,505,objetos apreendidos,total,Arma de Fogo Apreendida,standard_vde_indicator,NOT_COMPARABLE
Armas de fogo apreendidas,2015,AP,FULL_12_MONTHS,12,12,416,objetos apreendidos,total,Arma de Fogo Apreendida,standard_vde_indicator,NOT_COMPARABLE
Armas de fogo apreendidas,2015,BA,FULL_12_MONTHS,12,12,5564,objetos apreendidos,total,Arma de Fogo Apreendida,standard_vde_indicator,NOT_COMPARABLE
Armas de fogo apreendidas,2015,CE,FULL_12_MONTHS,12,12,6288,objetos apreendidos,total,Arma de Fogo Apreendida,standard_vde_indicator,NOT_COMPARABLE
Armas de fogo apreendidas,2015,DF,FULL_12_MONTHS,12,12,2392,objetos apreendidos,total,Arma de Fogo Apreendida,standard_vde_indicator,NOT_COMPARABLE
Armas de fogo apreendidas,2015,ES,NOT_REPORTED,0,0,,objetos apreendidos,total,,standard_vde_indicator,NOT_COMPARABLE
Armas de fogo apreendidas,2015,GO,PARTIAL_MONTHS,12,0,0,objetos apreendidos,total,Arma de Fogo Apreendida,standard_vde_indicator,NOT_COMPARABLE
Armas de fogo apreendidas,2015,MA,FULL_12_MONTHS,12,12,2252,objetos apreendidos,total,Arma de Fogo Apreendida,standard_vde_indicator,NOT_COMPARABLE
Armas de fogo apreendidas,2015,MG,FULL_12_MONTHS,12,12,22684,objetos apreendidos,total,Arma de Fogo Apreendida,standard_vde_indicator,NOT_COMPARABLE
Armas de fogo apreendidas,2015,MS,FULL_12_MONTHS,12,12,2125,objetos apreendidos,total,Arma de Fogo Apreendida,standard_vde_indicator,NOT_COMPARABLE
Armas de fogo apreendidas,2015,MT,FULL_12_MONTHS,12,12,2248,objetos apreendidos,total,Arma de Fogo Apreendida,standard_vde_indicator,NOT_COMPARABLE
Armas de fogo apreendidas,2015,PA,FULL_12_MONTHS,12,12,1618,objetos apreendidos,total,Arma de Fogo Apreendida,standard_vde_indicator,NOT_COMPARABLE
Armas de fogo apreendidas,2015,PB,FULL_12_MONTHS,12,12,3847,objetos apreendidos,total,Arma de Fogo Apreendida,standard_vde_indicator,NOT_COMPARABLE
Armas de fogo apreendidas,2015,PE,FULL_12_MONTHS,12,12,2611,objetos apreendidos,total,Arma de Fogo Apreendida,standard_vde_indicator,NOT_COMPARABLE
Armas de fogo apreendidas,2015,PI,FULL_12_MONTHS,12,12,116,objetos apreendidos,total,Arma de Fogo Apreendida,standard_vde_indicator,NOT_COMPARABLE
Armas de fogo apreendidas,2015,PR,PARTIAL_MONTHS,12,0,0,objetos apreendidos,total,Arma de Fogo Apreendida,standard_vde_indicator,NOT_COMPARABLE
Armas de fogo apreendidas,2015,RJ,FULL_12_MONTHS,12,12,8956,objetos apreendidos,total,Arma de Fogo Apreendida,standard_vde_indicator,NOT_COMPARABLE
Armas de fogo apreendidas,2015,RN,FULL_12_MONTHS,12,12,621,objetos apreendidos,total,Arma de Fogo Apreendida,standard_vde_indicator,NOT_COMPARABLE
Armas de fogo apreendidas,2015,RO,PARTIAL_MONTHS,12,0,0,objetos apreendidos,total,Arma de Fogo Apreendida,standard_vde_indicator,NOT_COMPARABLE
Armas de fogo apreendidas,2015,RR,PARTIAL_MONTHS,12,1,304,objetos apreendidos,total,Arma de Fogo Apreendida,standard_vde_indicator,NOT_COMPARABLE
Armas de fogo apreendidas,2015,RS,FULL_12_MONTHS,12,12,13853,objetos apreendidos,total,Arma de Fogo Apreendida,standard_vde_indicator,NOT_COMPARABLE
Armas de fogo apreendidas,2015,SC,FULL_12_MONTHS,12,12,3938,objetos apreendidos,total,Arma de Fogo Apreendida,standard_vde_indicator,NOT_COMPARABLE
Armas de fogo apreendidas,2015,SE,FULL_12_MONTHS,12,12,1150,objetos apreendidos,total,Arma de Fogo Apreendida,standard_vde_indicator,NOT_COMPARABLE
Armas de fogo apreendidas,2015,SP,FULL_12_MONTHS,12,12,17250,objetos apreendidos,total,Arma de Fogo Apreendida,standard_vde_indicator,NOT_COMPARABLE
Armas de fogo apreendidas,2015,TO,PARTIAL_MONTHS,12,0,0,objetos apreendidos,total,Arma de Fogo Apreendida,standard_vde_indicator,NOT_COMPARABLE
Armas de fogo apreendidas,2016,AC,PARTIAL_MONTHS,12,0,0,objetos apreendidos,total,Arma de Fogo Apreendida,standard_vde_indicator,NOT_COMPARABLE
Armas de fogo apreendidas,2016,AL,FULL_12_MONTHS,12,12,1911,objetos apreendidos,total,Arma de Fogo Apreendida,standard_vde_indicator,NOT_COMPARABLE
Armas de fogo apreendidas,2016,AM,FULL_12_MONTHS,12,12,640,objetos apreendidos,total,Arma de Fogo Apreendida,standard_vde_indicator,NOT_COMPARABLE
Armas de fogo apreendidas,2016,AP,FULL_12_MONTHS,12,12,491,objetos apreendidos,total,Arma de Fogo Apreendida,standard_vde_indicator,NOT_COMPARABLE
Armas de fogo apreendidas,2016,BA,FULL_12_MONTHS,12,12,6062,objetos apreendidos,total,Arma de Fogo Apreendida,standard_vde_indicator,NOT_COMPARABLE
Armas de fogo apreendidas,2016,CE,FULL_12_MONTHS,12,12,5497,objetos apreendidos,total,Arma de Fogo Apreendida,standard_vde_indicator,NOT_COMPARABLE
Armas de fogo apreendidas,2016,DF,FULL_12_MONTHS,12,12,2328,objetos apreendidos,total,Arma de Fogo Apreendida,standard_vde_indicator,NOT_COMPARABLE
Armas de fogo apreendidas,2016,ES,PARTIAL_MONTHS,12,0,0,objetos apreendidos,total,Arma de Fogo Apreendida,standard_vde_indicator,NOT_COMPARABLE
Armas de fogo apreendidas,2016,GO,PARTIAL_MONTHS,12,9,2738,objetos apreendidos,total,Arma de Fogo Apreendida,standard_vde_indicator,NOT_COMPARABLE
Armas de fogo apreendidas,2016,MA,FULL_12_MONTHS,12,12,2629,objetos apreendidos,total,Arma de Fogo Apreendida,standard_vde_indicator,NOT_COMPARABLE
Armas de fogo apreendidas,2016,MG,FULL_12_MONTHS,12,12,23009,objetos apreendidos,total,Arma de Fogo Apreendida,standard_vde_indicator,NOT_COMPARABLE
Armas de fogo apreendidas,2016,MS,FULL_12_MONTHS,12,12,1929,objetos apreendidos,total,Arma de Fogo Apreendida,standard_vde_indicator,NOT_COMPARABLE
Armas de fogo apreendidas,2016,MT,FULL_12_MONTHS,12,12,2825,objetos apreendidos,total,Arma de Fogo Apreendida,standard_vde_indicator,NOT_COMPARABLE
Armas de fogo apreendidas,2016,PA,FULL_12_MONTHS,12,12,3286,objetos apreendidos,total,Arma de Fogo Apreendida,standard_vde_indicator,NOT_COMPARABLE
Armas de fogo apreendidas,2016,PB,FULL_12_MONTHS,12,12,3437,objetos apreendidos,total,Arma de Fogo Apreendida,standard_vde_indicator,NOT_COMPARABLE
Armas de fogo apreendidas,2016,PE,FULL_12_MONTHS,12,12,2062,objetos apreendidos,total,Arma de Fogo Apreendida,standard_vde_indicator,NOT_COMPARABLE
Armas de fogo apreendidas,2016,PI,FULL_12_MONTHS,12,12,221,objetos apreendidos,total,Arma de Fogo Apreendida,standard_vde_indicator,NOT_COMPARABLE
Armas de fogo apreendidas,2016,PR,PARTIAL_MONTHS,12,0,0,objetos apreendidos,total,Arma de Fogo Apreendida,standard_vde_indicator,NOT_COMPARABLE
Armas de fogo apreendidas,2016,RJ,FULL_12_MONTHS,12,12,9010,objetos apreendidos,total,Arma de Fogo Apreendida,standard_vde_indicator,NOT_COMPARABLE
Armas de fogo apreendidas,2016,RN,FULL_12_MONTHS,12,12,690,objetos apreendidos,total,Arma de Fogo Apreendida,standard_vde_indicator,NOT_COMPARABLE
Armas de fogo apreendidas,2016,RO,PARTIAL_MONTHS,12,0,0,objetos apreendidos,total,Arma de Fogo Apreendida,standard_vde_indicator,NOT_COMPARABLE
Armas de fogo apreendidas,2016,RR,PARTIAL_MONTHS,12,1,412,objetos apreendidos,total,Arma de Fogo Apreendida,standard_vde_indicator,NOT_COMPARABLE
Armas de fogo apreendidas,2016,RS,FULL_12_MONTHS,12,12,13390,objetos apreendidos,total,Arma de Fogo Apreendida,standard_vde_indicator,NOT_COMPARABLE
Armas de fogo apreendidas,2016,SC,FULL_12_MONTHS,12,12,3937,objetos apreendidos,total,Arma de Fogo Apreendida,standard_vde_indicator,NOT_COMPARABLE
Armas de fogo apreendidas,2016,SE,FULL_12_MONTHS,12,12,1220,objetos apreendidos,total,Arma de Fogo Apreendida,standard_vde_indicator,NOT_COMPARABLE
Armas de fogo apreendidas,2016,SP,FULL_12_MONTHS,12,12,16398,objetos apreendidos,total,Arma de Fogo Apreendida,standard_vde_indicator,NOT_COMPARABLE
Armas de fogo apreendidas,2016,TO,PARTIAL_MONTHS,12,0,0,objetos apreendidos,total,Arma de Fogo Apreendida,standard_vde_indicator,NOT_COMPARABLE
Armas de fogo apreendidas,2017,AC,PARTIAL_MONTHS,12,0,0,objetos apreendidos,total,Arma de Fogo Apreendida,standard_vde_indicator,NOT_COMPARABLE
Armas de fogo apreendidas,2017,AL,FULL_12_MONTHS,12,12,1935,objetos apreendidos,total,Arma de Fogo Apreendida,standard_vde_indicator,NOT_COMPARABLE
Armas de fogo apreendidas,2017,AM,FULL_12_MONTHS,12,12,571,objetos apreendidos,total,Arma de Fogo Apreendida,standard_vde_indicator,NOT_COMPARABLE
Armas de fogo apreendidas,2017,AP,FULL_12_MONTHS,12,12,389,objetos apreendidos,total,Arma de Fogo Apreendida,standard_vde_indicator,NOT_COMPARABLE
Armas de fogo apreendidas,2017,BA,FULL_12_MONTHS,12,12,6389,objetos apreendidos,total,Arma de Fogo Apreendida,standard_vde_indicator,NOT_COMPARABLE
Armas de fogo apreendidas,2017,CE,FULL_12_MONTHS,12,12,6969,objetos apreendidos,total,Arma de Fogo Apreendida,standard_vde_indicator,NOT_COMPARABLE
Armas de fogo apreendidas,2017,DF,FULL_12_MONTHS,12,12,2288,objetos apreendidos,total,Arma de Fogo Apreendida,standard_vde_indicator,NOT_COMPARABLE
Armas de fogo apreendidas,2017,ES,PARTIAL_MONTHS,12,0,0,objetos apreendidos,total,Arma de Fogo Apreendida,standard_vde_indicator,NOT_COMPARABLE
Armas de fogo apreendidas,2017,GO,FULL_12_MONTHS,12,12,6388,objetos apreendidos,total,Arma de Fogo Apreendida,standard_vde_indicator,NOT_COMPARABLE
Armas de fogo apreendidas,2017,MA,FULL_12_MONTHS,12,12,2793,objetos apreendidos,total,Arma de Fogo Apreendida,standard_vde_indicator,NOT_COMPARABLE
Armas de fogo apreendidas,2017,MG,FULL_12_MONTHS,12,12,23553,objetos apreendidos,total,Arma de Fogo Apreendida,standard_vde_indicator,NOT_COMPARABLE
Armas de fogo apreendidas,2017,MS,FULL_12_MONTHS,12,12,1897,objetos apreendidos,total,Arma de Fogo Apreendida,standard_vde_indicator,NOT_COMPARABLE
Armas de fogo apreendidas,2017,MT,FULL_12_MONTHS,12,12,2682,objetos apreendidos,total,Arma de Fogo Apreendida,standard_vde_indicator,NOT_COMPARABLE
Armas de fogo apreendidas,2017,PA,FULL_12_MONTHS,12,12,2059,objetos apreendidos,total,Arma de Fogo Apreendida,standard_vde_indicator,NOT_COMPARABLE
Armas de fogo apreendidas,2017,PB,FULL_12_MONTHS,12,12,3462,objetos apreendidos,total,Arma de Fogo Apreendida,standard_vde_indicator,NOT_COMPARABLE
Armas de fogo apreendidas,2017,PE,FULL_12_MONTHS,12,12,1945,objetos apreendidos,total,Arma de Fogo Apreendida,standard_vde_indicator,NOT_COMPARABLE
Armas de fogo apreendidas,2017,PI,FULL_12_MONTHS,12,12,275,objetos apreendidos,total,Arma de Fogo Apreendida,standard_vde_indicator,NOT_COMPARABLE
Armas de fogo apreendidas,2017,PR,FULL_12_MONTHS,12,12,6979,objetos apreendidos,total,Arma de Fogo Apreendida,standard_vde_indicator,NOT_COMPARABLE
Armas de fogo apreendidas,2017,RJ,FULL_12_MONTHS,12,12,8706,objetos apreendidos,total,Arma de Fogo Apreendida,standard_vde_indicator,NOT_COMPARABLE
Armas de fogo apreendidas,2017,RN,FULL_12_MONTHS,12,12,662,objetos apreendidos,total,Arma de Fogo Apreendida,standard_vde_indicator,NOT_COMPARABLE
Armas de fogo apreendidas,2017,RO,PARTIAL_MONTHS,12,0,0,objetos apreendidos,total,Arma de Fogo Apreendida,standard_vde_indicator,NOT_COMPARABLE
Armas de fogo apreendidas,2017,RR,PARTIAL_MONTHS,12,1,404,objetos apreendidos,total,Arma de Fogo Apreendida,standard_vde_indicator,NOT_COMPARABLE
Armas de fogo apreendidas,2017,RS,FULL_12_MONTHS,12,12,9564,objetos apreendidos,total,Arma de Fogo Apreendida,standard_vde_indicator,NOT_COMPARABLE
Armas de fogo apreendidas,2017,SC,FULL_12_MONTHS,12,12,3587,objetos apreendidos,total,Arma de Fogo Apreendida,standard_vde_indicator,NOT_COMPARABLE
Armas de fogo apreendidas,2017,SE,FULL_12_MONTHS,12,12,1202,objetos apreendidos,total,Arma de Fogo Apreendida,standard_vde_indicator,NOT_COMPARABLE
Armas de fogo apreendidas,2017,SP,FULL_12_MONTHS,12,12,15187,objetos apreendidos,total,Arma de Fogo Apreendida,standard_vde_indicator,NOT_COMPARABLE
Armas de fogo apreendidas,2017,TO,PARTIAL_MONTHS,12,0,0,objetos apreendidos,total,Arma de Fogo Apreendida,standard_vde_indicator,NOT_COMPARABLE
Armas de fogo apreendidas,2018,AC,PARTIAL_MONTHS,12,0,0,objetos apreendidos,total,Arma de Fogo Apreendida,standard_vde_indicator,NOT_COMPARABLE
Armas de fogo apreendidas,2018,AL,FULL_12_MONTHS,12,12,1586,objetos apreendidos,total,Arma de Fogo Apreendida,standard_vde_indicator,NOT_COMPARABLE
Armas de fogo apreendidas,2018,AM,FULL_12_MONTHS,12,12,321,objetos apreendidos,total,Arma de Fogo Apreendida,standard_vde_indicator,NOT_COMPARABLE
Armas de fogo apreendidas,2018,AP,FULL_12_MONTHS,12,12,335,objetos apreendidos,total,Arma de Fogo Apreendida,standard_vde_indicator,NOT_COMPARABLE
Armas de fogo apreendidas,2018,BA,FULL_12_MONTHS,12,12,5347,objetos apreendidos,total,Arma de Fogo Apreendida,standard_vde_indicator,NOT_COMPARABLE
Armas de fogo apreendidas,2018,CE,FULL_12_MONTHS,12,12,7171,objetos apreendidos,total,Arma de Fogo Apreendida,standard_vde_indicator,NOT_COMPARABLE
Armas de fogo apreendidas,2018,DF,FULL_12_MONTHS,12,12,1931,objetos apreendidos,total,Arma de Fogo Apreendida,standard_vde_indicator,NOT_COMPARABLE
Armas de fogo apreendidas,2018,ES,FULL_12_MONTHS,12,12,3433,objetos apreendidos,total,Arma de Fogo Apreendida,standard_vde_indicator,NOT_COMPARABLE
Armas de fogo apreendidas,2018,GO,FULL_12_MONTHS,12,12,6128,objetos apreendidos,total,Arma de Fogo Apreendida,standard_vde_indicator,NOT_COMPARABLE
Armas de fogo apreendidas,2018,MA,FULL_12_MONTHS,12,12,2378,objetos apreendidos,total,Arma de Fogo Apreendida,standard_vde_indicator,NOT_COMPARABLE
Armas de fogo apreendidas,2018,MG,FULL_12_MONTHS,12,12,23268,objetos apreendidos,total,Arma de Fogo Apreendida,standard_vde_indicator,NOT_COMPARABLE
Armas de fogo apreendidas,2018,MS,FULL_12_MONTHS,12,12,1815,objetos apreendidos,total,Arma de Fogo Apreendida,standard_vde_indicator,NOT_COMPARABLE
Armas de fogo apreendidas,2018,MT,FULL_12_MONTHS,12,12,2339,objetos apreendidos,total,Arma de Fogo Apreendida,standard_vde_indicator,NOT_COMPARABLE
Armas de fogo apreendidas,2018,PA,FULL_12_MONTHS,12,12,2818,objetos apreendidos,total,Arma de Fogo Apreendida,standard_vde_indicator,NOT_COMPARABLE
Armas de fogo apreendidas,2018,PB,PARTIAL_MONTHS,12,2,518,objetos apreendidos,total,Arma de Fogo Apreendida,standard_vde_indicator,NOT_COMPARABLE
Armas de fogo apreendidas,2018,PE,FULL_12_MONTHS,12,12,4225,objetos apreendidos,total,Arma de Fogo Apreendida,standard_vde_indicator,NOT_COMPARABLE
Armas de fogo apreendidas,2018,PI,FULL_12_MONTHS,12,12,238,objetos apreendidos,total,Arma de Fogo Apreendida,standard_vde_indicator,NOT_COMPARABLE
Armas de fogo apreendidas,2018,PR,FULL_12_MONTHS,12,12,6268,objetos apreendidos,total,Arma de Fogo Apreendida,standard_vde_indicator,NOT_COMPARABLE
Armas de fogo apreendidas,2018,RJ,FULL_12_MONTHS,12,12,8721,objetos apreendidos,total,Arma de Fogo Apreendida,standard_vde_indicator,NOT_COMPARABLE
Armas de fogo apreendidas,2018,RN,FULL_12_MONTHS,12,12,654,objetos apreendidos,total,Arma de Fogo Apreendida,standard_vde_indicator,NOT_COMPARABLE
Armas de fogo apreendidas,2018,RO,PARTIAL_MONTHS,12,0,0,objetos apreendidos,total,Arma de Fogo Apreendida,standard_vde_indicator,NOT_COMPARABLE
Armas de fogo apreendidas,2018,RR,PARTIAL_MONTHS,12,1,625,objetos apreendidos,total,Arma de Fogo Apreendida,standard_vde_indicator,NOT_COMPARABLE
Armas de fogo apreendidas,2018,RS,FULL_12_MONTHS,12,12,10105,objetos apreendidos,total,Arma de Fogo Apreendida,standard_vde_indicator,NOT_COMPARABLE
Armas de fogo apreendidas,2018,SC,FULL_12_MONTHS,12,12,3232,objetos apreendidos,total,Arma de Fogo Apreendida,standard_vde_indicator,NOT_COMPARABLE
Armas de fogo apreendidas,2018,SE,FULL_12_MONTHS,12,12,910,objetos apreendidos,total,Arma de Fogo Apreendida,standard_vde_indicator,NOT_COMPARABLE
Armas de fogo apreendidas,2018,SP,FULL_12_MONTHS,12,12,12884,objetos apreendidos,total,Arma de Fogo Apreendida,standard_vde_indicator,NOT_COMPARABLE
Armas de fogo apreendidas,2018,TO,FULL_12_MONTHS,12,12,518,objetos apreendidos,total,Arma de Fogo Apreendida,standard_vde_indicator,NOT_COMPARABLE
Armas de fogo apreendidas,2019,AC,FULL_12_MONTHS,12,12,126,objetos apreendidos,total,Arma de Fogo Apreendida,standard_vde_indicator,NOT_COMPARABLE
Armas de fogo apreendidas,2019,AL,FULL_12_MONTHS,12,12,1916,objetos apreendidos,total,Arma de Fogo Apreendida,standard_vde_indicator,NOT_COMPARABLE
Armas de fogo apreendidas,2019,AM,FULL_12_MONTHS,12,12,1479,objetos apreendidos,total,Arma de Fogo Apreendida,standard_vde_indicator,NOT_COMPARABLE
Armas de fogo apreendidas,2019,AP,FULL_12_MONTHS,12,12,362,objetos apreendidos,total,Arma de Fogo Apreendida,standard_vde_indicator,NOT_COMPARABLE
Armas de fogo apreendidas,2019,BA,FULL_12_MONTHS,12,12,4467,objetos apreendidos,total,Arma de Fogo Apreendida,standard_vde_indicator,NOT_COMPARABLE
Armas de fogo apreendidas,2019,CE,FULL_12_MONTHS,12,12,5479,objetos apreendidos,total,Arma de Fogo Apreendida,standard_vde_indicator,NOT_COMPARABLE
Armas de fogo apreendidas,2019,DF,FULL_12_MONTHS,12,12,1669,objetos apreendidos,total,Arma de Fogo Apreendida,standard_vde_indicator,NOT_COMPARABLE
Armas de fogo apreendidas,2019,ES,FULL_12_MONTHS,12,12,3891,objetos apreendidos,total,Arma de Fogo Apreendida,standard_vde_indicator,NOT_COMPARABLE
Armas de fogo apreendidas,2019,GO,FULL_12_MONTHS,12,12,5896,objetos apreendidos,total,Arma de Fogo Apreendida,standard_vde_indicator,NOT_COMPARABLE
Armas de fogo apreendidas,2019,MA,FULL_12_MONTHS,12,12,2611,objetos apreendidos,total,Arma de Fogo Apreendida,standard_vde_indicator,NOT_COMPARABLE
Armas de fogo apreendidas,2019,MG,FULL_12_MONTHS,12,12,24280,objetos apreendidos,total,Arma de Fogo Apreendida,standard_vde_indicator,NOT_COMPARABLE
Armas de fogo apreendidas,2019,MS,FULL_12_MONTHS,12,12,1735,objetos apreendidos,total,Arma de Fogo Apreendida,standard_vde_indicator,NOT_COMPARABLE
Armas de fogo apreendidas,2019,MT,FULL_12_MONTHS,12,12,2189,objetos apreendidos,total,Arma de Fogo Apreendida,standard_vde_indicator,NOT_COMPARABLE
Armas de fogo apreendidas,2019,PA,FULL_12_MONTHS,12,12,3477,objetos apreendidos,total,Arma de Fogo Apreendida,standard_vde_indicator,NOT_COMPARABLE
Armas de fogo apreendidas,2019,PB,FULL_12_MONTHS,12,12,3693,objetos apreendidos,total,Arma de Fogo Apreendida,standard_vde_indicator,NOT_COMPARABLE
Armas de fogo apreendidas,2019,PE,FULL_12_MONTHS,12,12,5533,objetos apreendidos,total,Arma de Fogo Apreendida,standard_vde_indicator,NOT_COMPARABLE
Armas de fogo apreendidas,2019,PI,FULL_12_MONTHS,12,12,274,objetos apreendidos,total,Arma de Fogo Apreendida,standard_vde_indicator,NOT_COMPARABLE
Armas de fogo apreendidas,2019,PR,FULL_12_MONTHS,12,12,6156,objetos apreendidos,total,Arma de Fogo Apreendida,standard_vde_indicator,NOT_COMPARABLE
Armas de fogo apreendidas,2019,RJ,FULL_12_MONTHS,12,12,8423,objetos apreendidos,total,Arma de Fogo Apreendida,standard_vde_indicator,NOT_COMPARABLE
Armas de fogo apreendidas,2019,RN,FULL_12_MONTHS,12,12,508,objetos apreendidos,total,Arma de Fogo Apreendida,standard_vde_indicator,NOT_COMPARABLE
Armas de fogo apreendidas,2019,RO,PARTIAL_MONTHS,12,0,0,objetos apreendidos,total,Arma de Fogo Apreendida,standard_vde_indicator,NOT_COMPARABLE
Armas de fogo apreendidas,2019,RR,FULL_12_MONTHS,12,12,124,objetos apreendidos,total,Arma de Fogo Apreendida,standard_vde_indicator,NOT_COMPARABLE
Armas de fogo apreendidas,2019,RS,FULL_12_MONTHS,12,12,9476,objetos apreendidos,total,Arma de Fogo Apreendida,standard_vde_indicator,NOT_COMPARABLE
Armas de fogo apreendidas,2019,SC,FULL_12_MONTHS,12,12,2852,objetos apreendidos,total,Arma de Fogo Apreendida,standard_vde_indicator,NOT_COMPARABLE
Armas de fogo apreendidas,2019,SE,FULL_12_MONTHS,12,12,962,objetos apreendidos,total,Arma de Fogo Apreendida,standard_vde_indicator,NOT_COMPARABLE
Armas de fogo apreendidas,2019,SP,FULL_12_MONTHS,12,12,12525,objetos apreendidos,total,Arma de Fogo Apreendida,standard_vde_indicator,NOT_COMPARABLE
Armas de fogo apreendidas,2019,TO,FULL_12_MONTHS,12,12,472,objetos apreendidos,total,Arma de Fogo Apreendida,standard_vde_indicator,NOT_COMPARABLE
Armas de fogo apreendidas,2020,AC,FULL_12_MONTHS,12,12,166,objetos apreendidos,total,Arma de Fogo Apreendida,standard_vde_indicator,NOT_COMPARABLE
Armas de fogo apreendidas,2020,AL,FULL_12_MONTHS,12,12,1834,objetos apreendidos,total,Arma de Fogo Apreendida,standard_vde_indicator,NOT_COMPARABLE
Armas de fogo apreendidas,2020,AM,FULL_12_MONTHS,12,12,1411,objetos apreendidos,total,Arma de Fogo Apreendida,standard_vde_indicator,NOT_COMPARABLE
Armas de fogo apreendidas,2020,AP,FULL_12_MONTHS,12,12,306,objetos apreendidos,total,Arma de Fogo Apreendida,standard_vde_indicator,NOT_COMPARABLE
Armas de fogo apreendidas,2020,BA,FULL_12_MONTHS,12,12,4009,objetos apreendidos,total,Arma de Fogo Apreendida,standard_vde_indicator,NOT_COMPARABLE
Armas de fogo apreendidas,2020,CE,FULL_12_MONTHS,12,12,6117,objetos apreendidos,total,Arma de Fogo Apreendida,standard_vde_indicator,NOT_COMPARABLE
Armas de fogo apreendidas,2020,DF,FULL_12_MONTHS,12,12,1864,objetos apreendidos,total,Arma de Fogo Apreendida,standard_vde_indicator,NOT_COMPARABLE
Armas de fogo apreendidas,2020,ES,FULL_12_MONTHS,12,12,4147,objetos apreendidos,total,Arma de Fogo Apreendida,standard_vde_indicator,NOT_COMPARABLE
Armas de fogo apreendidas,2020,GO,FULL_12_MONTHS,12,12,5990,objetos apreendidos,total,Arma de Fogo Apreendida,standard_vde_indicator,NOT_COMPARABLE
Armas de fogo apreendidas,2020,MA,FULL_12_MONTHS,12,12,2015,objetos apreendidos,total,Arma de Fogo Apreendida,standard_vde_indicator,NOT_COMPARABLE
Armas de fogo apreendidas,2020,MG,FULL_12_MONTHS,12,12,27001,objetos apreendidos,total,Arma de Fogo Apreendida,standard_vde_indicator,NOT_COMPARABLE
Armas de fogo apreendidas,2020,MS,FULL_12_MONTHS,12,12,1421,objetos apreendidos,total,Arma de Fogo Apreendida,standard_vde_indicator,NOT_COMPARABLE
Armas de fogo apreendidas,2020,MT,FULL_12_MONTHS,12,12,2217,objetos apreendidos,total,Arma de Fogo Apreendida,standard_vde_indicator,NOT_COMPARABLE
Armas de fogo apreendidas,2020,PA,FULL_12_MONTHS,12,12,2766,objetos apreendidos,total,Arma de Fogo Apreendida,standard_vde_indicator,NOT_COMPARABLE
Armas de fogo apreendidas,2020,PB,FULL_12_MONTHS,12,12,3502,objetos apreendidos,total,Arma de Fogo Apreendida,standard_vde_indicator,NOT_COMPARABLE
Armas de fogo apreendidas,2020,PE,FULL_12_MONTHS,12,12,6251,objetos apreendidos,total,Arma de Fogo Apreendida,standard_vde_indicator,NOT_COMPARABLE
Armas de fogo apreendidas,2020,PI,FULL_12_MONTHS,12,12,789,objetos apreendidos,total,Arma de Fogo Apreendida,standard_vde_indicator,NOT_COMPARABLE
Armas de fogo apreendidas,2020,PR,FULL_12_MONTHS,12,12,7130,objetos apreendidos,total,Arma de Fogo Apreendida,standard_vde_indicator,NOT_COMPARABLE
Armas de fogo apreendidas,2020,RJ,FULL_12_MONTHS,12,12,6440,objetos apreendidos,total,Arma de Fogo Apreendida,standard_vde_indicator,NOT_COMPARABLE
Armas de fogo apreendidas,2020,RN,FULL_12_MONTHS,12,12,982,objetos apreendidos,total,Arma de Fogo Apreendida,standard_vde_indicator,NOT_COMPARABLE
Armas de fogo apreendidas,2020,RO,PARTIAL_MONTHS,12,0,0,objetos apreendidos,total,Arma de Fogo Apreendida,standard_vde_indicator,NOT_COMPARABLE
Armas de fogo apreendidas,2020,RR,FULL_12_MONTHS,12,12,207,objetos apreendidos,total,Arma de Fogo Apreendida,standard_vde_indicator,NOT_COMPARABLE
Armas de fogo apreendidas,2020,RS,FULL_12_MONTHS,12,12,9471,objetos apreendidos,total,Arma de Fogo Apreendida,standard_vde_indicator,NOT_COMPARABLE
Armas de fogo apreendidas,2020,SC,FULL_12_MONTHS,12,12,2445,objetos apreendidos,total,Arma de Fogo Apreendida,standard_vde_indicator,NOT_COMPARABLE
Armas de fogo apreendidas,2020,SE,FULL_12_MONTHS,12,12,1186,objetos apreendidos,total,Arma de Fogo Apreendida,standard_vde_indicator,NOT_COMPARABLE
Armas de fogo apreendidas,2020,SP,FULL_12_MONTHS,12,12,11026,objetos apreendidos,total,Arma de Fogo Apreendida,standard_vde_indicator,NOT_COMPARABLE
Armas de fogo apreendidas,2020,TO,FULL_12_MONTHS,12,12,341,objetos apreendidos,total,Arma de Fogo Apreendida,standard_vde_indicator,NOT_COMPARABLE
Armas de fogo apreendidas,2021,AC,FULL_12_MONTHS,12,12,667,objetos apreendidos,total,Arma de Fogo Apreendida,standard_vde_indicator,NOT_COMPARABLE
Armas de fogo apreendidas,2021,AL,FULL_12_MONTHS,12,12,1869,objetos apreendidos,total,Arma de Fogo Apreendida,standard_vde_indicator,NOT_COMPARABLE
Armas de fogo apreendidas,2021,AM,FULL_12_MONTHS,12,12,1578,objetos apreendidos,total,Arma de Fogo Apreendida,standard_vde_indicator,NOT_COMPARABLE
Armas de fogo apreendidas,2021,AP,FULL_12_MONTHS,12,12,495,objetos apreendidos,total,Arma de Fogo Apreendida,standard_vde_indicator,NOT_COMPARABLE
Armas de fogo apreendidas,2021,BA,FULL_12_MONTHS,12,12,4335,objetos apreendidos,total,Arma de Fogo Apreendida,standard_vde_indicator,NOT_COMPARABLE
Armas de fogo apreendidas,2021,CE,FULL_12_MONTHS,12,12,6080,objetos apreendidos,total,Arma de Fogo Apreendida,standard_vde_indicator,NOT_COMPARABLE
Armas de fogo apreendidas,2021,DF,FULL_12_MONTHS,12,12,1649,objetos apreendidos,total,Arma de Fogo Apreendida,standard_vde_indicator,NOT_COMPARABLE
Armas de fogo apreendidas,2021,ES,FULL_12_MONTHS,12,12,4311,objetos apreendidos,total,Arma de Fogo Apreendida,standard_vde_indicator,NOT_COMPARABLE
Armas de fogo apreendidas,2021,GO,FULL_12_MONTHS,12,12,5371,objetos apreendidos,total,Arma de Fogo Apreendida,standard_vde_indicator,NOT_COMPARABLE
Armas de fogo apreendidas,2021,MA,FULL_12_MONTHS,12,12,686,objetos apreendidos,total,Arma de Fogo Apreendida,standard_vde_indicator,NOT_COMPARABLE
Armas de fogo apreendidas,2021,MG,FULL_12_MONTHS,12,12,22961,objetos apreendidos,total,Arma de Fogo Apreendida,standard_vde_indicator,NOT_COMPARABLE
Armas de fogo apreendidas,2021,MS,FULL_12_MONTHS,12,12,1467,objetos apreendidos,total,Arma de Fogo Apreendida,standard_vde_indicator,NOT_COMPARABLE
Armas de fogo apreendidas,2021,MT,FULL_12_MONTHS,12,12,2253,objetos apreendidos,total,Arma de Fogo Apreendida,standard_vde_indicator,NOT_COMPARABLE
Armas de fogo apreendidas,2021,PA,FULL_12_MONTHS,12,12,2960,objetos apreendidos,total,Arma de Fogo Apreendida,standard_vde_indicator,NOT_COMPARABLE
Armas de fogo apreendidas,2021,PB,FULL_12_MONTHS,12,12,3552,objetos apreendidos,total,Arma de Fogo Apreendida,standard_vde_indicator,NOT_COMPARABLE
Armas de fogo apreendidas,2021,PE,FULL_12_MONTHS,12,12,6991,objetos apreendidos,total,Arma de Fogo Apreendida,standard_vde_indicator,NOT_COMPARABLE
Armas de fogo apreendidas,2021,PI,FULL_12_MONTHS,12,12,1507,objetos apreendidos,total,Arma de Fogo Apreendida,standard_vde_indicator,NOT_COMPARABLE
Armas de fogo apreendidas,2021,PR,FULL_12_MONTHS,12,12,6215,objetos apreendidos,total,Arma de Fogo Apreendida,standard_vde_indicator,NOT_COMPARABLE
Armas de fogo apreendidas,2021,RJ,FULL_12_MONTHS,12,12,6833,objetos apreendidos,total,Arma de Fogo Apreendida,standard_vde_indicator,NOT_COMPARABLE
Armas de fogo apreendidas,2021,RN,FULL_12_MONTHS,12,12,1418,objetos apreendidos,total,Arma de Fogo Apreendida,standard_vde_indicator,NOT_COMPARABLE
Armas de fogo apreendidas,2021,RO,FULL_12_MONTHS,12,12,1937,objetos apreendidos,total,Arma de Fogo Apreendida,standard_vde_indicator,NOT_COMPARABLE
Armas de fogo apreendidas,2021,RR,FULL_12_MONTHS,12,12,244,objetos apreendidos,total,Arma de Fogo Apreendida,standard_vde_indicator,NOT_COMPARABLE
Armas de fogo apreendidas,2021,RS,FULL_12_MONTHS,12,12,9542,objetos apreendidos,total,Arma de Fogo Apreendida,standard_vde_indicator,NOT_COMPARABLE
Armas de fogo apreendidas,2021,SC,FULL_12_MONTHS,12,12,2498,objetos apreendidos,total,Arma de Fogo Apreendida,standard_vde_indicator,NOT_COMPARABLE
Armas de fogo apreendidas,2021,SE,FULL_12_MONTHS,12,12,1125,objetos apreendidos,total,Arma de Fogo Apreendida,standard_vde_indicator,NOT_COMPARABLE
Armas de fogo apreendidas,2021,SP,FULL_12_MONTHS,12,12,11272,objetos apreendidos,total,Arma de Fogo Apreendida,standard_vde_indicator,NOT_COMPARABLE
Armas de fogo apreendidas,2021,TO,FULL_12_MONTHS,12,12,433,objetos apreendidos,total,Arma de Fogo Apreendida,standard_vde_indicator,NOT_COMPARABLE
Armas de fogo apreendidas,2022,AC,FULL_12_MONTHS,12,12,579,objetos apreendidos,total,Arma de Fogo Apreendida,standard_vde_indicator,NOT_COMPARABLE
Armas de fogo apreendidas,2022,AL,FULL_12_MONTHS,12,12,1526,objetos apreendidos,total,Arma de Fogo Apreendida,standard_vde_indicator,NOT_COMPARABLE
Armas de fogo apreendidas,2022,AM,FULL_12_MONTHS,12,12,1582,objetos apreendidos,total,Arma de Fogo Apreendida,standard_vde_indicator,NOT_COMPARABLE
Armas de fogo apreendidas,2022,AP,FULL_12_MONTHS,12,12,405,objetos apreendidos,total,Arma de Fogo Apreendida,standard_vde_indicator,NOT_COMPARABLE
Armas de fogo apreendidas,2022,BA,FULL_12_MONTHS,12,12,5097,objetos apreendidos,total,Arma de Fogo Apreendida,standard_vde_indicator,NOT_COMPARABLE
Armas de fogo apreendidas,2022,CE,FULL_12_MONTHS,12,12,6279,objetos apreendidos,total,Arma de Fogo Apreendida,standard_vde_indicator,NOT_COMPARABLE
Armas de fogo apreendidas,2022,DF,FULL_12_MONTHS,12,12,2217,objetos apreendidos,total,Arma de Fogo Apreendida,standard_vde_indicator,NOT_COMPARABLE
Armas de fogo apreendidas,2022,ES,FULL_12_MONTHS,12,12,4122,objetos apreendidos,total,Arma de Fogo Apreendida,standard_vde_indicator,NOT_COMPARABLE
Armas de fogo apreendidas,2022,GO,FULL_12_MONTHS,12,12,4950,objetos apreendidos,total,Arma de Fogo Apreendida,standard_vde_indicator,NOT_COMPARABLE
Armas de fogo apreendidas,2022,MA,FULL_12_MONTHS,12,12,2292,objetos apreendidos,total,Arma de Fogo Apreendida,standard_vde_indicator,NOT_COMPARABLE
Armas de fogo apreendidas,2022,MG,FULL_12_MONTHS,12,12,16001,objetos apreendidos,total,Arma de Fogo Apreendida,standard_vde_indicator,NOT_COMPARABLE
Armas de fogo apreendidas,2022,MS,FULL_12_MONTHS,12,12,1401,objetos apreendidos,total,Arma de Fogo Apreendida,standard_vde_indicator,NOT_COMPARABLE
Armas de fogo apreendidas,2022,MT,FULL_12_MONTHS,12,12,2196,objetos apreendidos,total,Arma de Fogo Apreendida,standard_vde_indicator,NOT_COMPARABLE
Armas de fogo apreendidas,2022,PA,FULL_12_MONTHS,12,12,3619,objetos apreendidos,total,Arma de Fogo Apreendida,standard_vde_indicator,NOT_COMPARABLE
Armas de fogo apreendidas,2022,PB,FULL_12_MONTHS,12,12,2785,objetos apreendidos,total,Arma de Fogo Apreendida,standard_vde_indicator,NOT_COMPARABLE
Armas de fogo apreendidas,2022,PE,FULL_12_MONTHS,12,12,6163,objetos apreendidos,total,Arma de Fogo Apreendida,standard_vde_indicator,NOT_COMPARABLE
Armas de fogo apreendidas,2022,PI,FULL_12_MONTHS,12,12,1806,objetos apreendidos,total,Arma de Fogo Apreendida,standard_vde_indicator,NOT_COMPARABLE
Armas de fogo apreendidas,2022,PR,FULL_12_MONTHS,12,12,6214,objetos apreendidos,total,Arma de Fogo Apreendida,standard_vde_indicator,NOT_COMPARABLE
Armas de fogo apreendidas,2022,RJ,FULL_12_MONTHS,12,12,6795,objetos apreendidos,total,Arma de Fogo Apreendida,standard_vde_indicator,NOT_COMPARABLE
Armas de fogo apreendidas,2022,RN,FULL_12_MONTHS,12,12,1485,objetos apreendidos,total,Arma de Fogo Apreendida,standard_vde_indicator,NOT_COMPARABLE
Armas de fogo apreendidas,2022,RO,FULL_12_MONTHS,12,12,1935,objetos apreendidos,total,Arma de Fogo Apreendida,standard_vde_indicator,NOT_COMPARABLE
Armas de fogo apreendidas,2022,RR,FULL_12_MONTHS,12,12,308,objetos apreendidos,total,Arma de Fogo Apreendida,standard_vde_indicator,NOT_COMPARABLE
Armas de fogo apreendidas,2022,RS,FULL_12_MONTHS,12,12,9856,objetos apreendidos,total,Arma de Fogo Apreendida,standard_vde_indicator,NOT_COMPARABLE
Armas de fogo apreendidas,2022,SC,FULL_12_MONTHS,12,12,2248,objetos apreendidos,total,Arma de Fogo Apreendida,standard_vde_indicator,NOT_COMPARABLE
Armas de fogo apreendidas,2022,SE,FULL_12_MONTHS,12,12,840,objetos apreendidos,total,Arma de Fogo Apreendida,standard_vde_indicator,NOT_COMPARABLE
Armas de fogo apreendidas,2022,SP,FULL_12_MONTHS,12,12,10414,objetos apreendidos,total,Arma de Fogo Apreendida,standard_vde_indicator,NOT_COMPARABLE
Armas de fogo apreendidas,2022,TO,FULL_12_MONTHS,12,12,570,objetos apreendidos,total,Arma de Fogo Apreendida,standard_vde_indicator,NOT_COMPARABLE
Armas de fogo apreendidas,2023,AC,FULL_12_MONTHS,12,12,624,objetos apreendidos,total,Arma de Fogo Apreendida,standard_vde_indicator,NOT_COMPARABLE
Armas de fogo apreendidas,2023,AL,FULL_12_MONTHS,12,12,1340,objetos apreendidos,total,Arma de Fogo Apreendida,standard_vde_indicator,NOT_COMPARABLE
Armas de fogo apreendidas,2023,AM,FULL_12_MONTHS,12,12,1433,objetos apreendidos,total,Arma de Fogo Apreendida,standard_vde_indicator,NOT_COMPARABLE
Armas de fogo apreendidas,2023,AP,FULL_12_MONTHS,12,12,539,objetos apreendidos,total,Arma de Fogo Apreendida,standard_vde_indicator,NOT_COMPARABLE
Armas de fogo apreendidas,2023,BA,FULL_12_MONTHS,12,12,5994,objetos apreendidos,total,Arma de Fogo Apreendida,standard_vde_indicator,NOT_COMPARABLE
Armas de fogo apreendidas,2023,CE,FULL_12_MONTHS,12,12,6444,objetos apreendidos,total,Arma de Fogo Apreendida,standard_vde_indicator,NOT_COMPARABLE
Armas de fogo apreendidas,2023,DF,FULL_12_MONTHS,12,12,1848,objetos apreendidos,total,Arma de Fogo Apreendida,standard_vde_indicator,NOT_COMPARABLE
Armas de fogo apreendidas,2023,ES,FULL_12_MONTHS,12,12,4008,objetos apreendidos,total,Arma de Fogo Apreendida,standard_vde_indicator,NOT_COMPARABLE
Armas de fogo apreendidas,2023,GO,FULL_12_MONTHS,12,12,4453,objetos apreendidos,total,Arma de Fogo Apreendida,standard_vde_indicator,NOT_COMPARABLE
Armas de fogo apreendidas,2023,MA,FULL_12_MONTHS,12,12,2351,objetos apreendidos,total,Arma de Fogo Apreendida,standard_vde_indicator,NOT_COMPARABLE
Armas de fogo apreendidas,2023,MG,FULL_12_MONTHS,12,12,15802,objetos apreendidos,total,Arma de Fogo Apreendida,standard_vde_indicator,NOT_COMPARABLE
Armas de fogo apreendidas,2023,MS,FULL_12_MONTHS,12,12,2337,objetos apreendidos,total,Arma de Fogo Apreendida,standard_vde_indicator,NOT_COMPARABLE
Armas de fogo apreendidas,2023,MT,FULL_12_MONTHS,12,12,2072,objetos apreendidos,total,Arma de Fogo Apreendida,standard_vde_indicator,NOT_COMPARABLE
Armas de fogo apreendidas,2023,PA,FULL_12_MONTHS,12,12,3602,objetos apreendidos,total,Arma de Fogo Apreendida,standard_vde_indicator,NOT_COMPARABLE
Armas de fogo apreendidas,2023,PB,FULL_12_MONTHS,12,12,3277,objetos apreendidos,total,Arma de Fogo Apreendida,standard_vde_indicator,NOT_COMPARABLE
Armas de fogo apreendidas,2023,PE,FULL_12_MONTHS,12,12,6057,objetos apreendidos,total,Arma de Fogo Apreendida,standard_vde_indicator,NOT_COMPARABLE
Armas de fogo apreendidas,2023,PI,FULL_12_MONTHS,12,12,1791,objetos apreendidos,total,Arma de Fogo Apreendida,standard_vde_indicator,NOT_COMPARABLE
Armas de fogo apreendidas,2023,PR,FULL_12_MONTHS,12,12,6314,objetos apreendidos,total,Arma de Fogo Apreendida,standard_vde_indicator,NOT_COMPARABLE
Armas de fogo apreendidas,2023,RJ,FULL_12_MONTHS,12,12,6281,objetos apreendidos,total,Arma de Fogo Apreendida,standard_vde_indicator,NOT_COMPARABLE
Armas de fogo apreendidas,2023,RN,FULL_12_MONTHS,12,12,1649,objetos apreendidos,total,Arma de Fogo Apreendida,standard_vde_indicator,NOT_COMPARABLE
Armas de fogo apreendidas,2023,RO,FULL_12_MONTHS,12,12,1647,objetos apreendidos,total,Arma de Fogo Apreendida,standard_vde_indicator,NOT_COMPARABLE
Armas de fogo apreendidas,2023,RR,FULL_12_MONTHS,12,12,381,objetos apreendidos,total,Arma de Fogo Apreendida,standard_vde_indicator,NOT_COMPARABLE
Armas de fogo apreendidas,2023,RS,FULL_12_MONTHS,12,12,9498,objetos apreendidos,total,Arma de Fogo Apreendida,standard_vde_indicator,NOT_COMPARABLE
Armas de fogo apreendidas,2023,SC,FULL_12_MONTHS,12,12,2480,objetos apreendidos,total,Arma de Fogo Apreendida,standard_vde_indicator,NOT_COMPARABLE
Armas de fogo apreendidas,2023,SE,FULL_12_MONTHS,12,12,1045,objetos apreendidos,total,Arma de Fogo Apreendida,standard_vde_indicator,NOT_COMPARABLE
Armas de fogo apreendidas,2023,SP,FULL_12_MONTHS,12,12,11470,objetos apreendidos,total,Arma de Fogo Apreendida,standard_vde_indicator,NOT_COMPARABLE
Armas de fogo apreendidas,2023,TO,FULL_12_MONTHS,12,12,651,objetos apreendidos,total,Arma de Fogo Apreendida,standard_vde_indicator,NOT_COMPARABLE
Armas de fogo apreendidas,2024,AC,FULL_12_MONTHS,12,12,581,objetos apreendidos,total,Arma de Fogo Apreendida,standard_vde_indicator,NOT_COMPARABLE
Armas de fogo apreendidas,2024,AL,FULL_12_MONTHS,12,12,1311,objetos apreendidos,total,Arma de Fogo Apreendida,standard_vde_indicator,NOT_COMPARABLE
Armas de fogo apreendidas,2024,AM,FULL_12_MONTHS,12,12,1593,objetos apreendidos,total,Arma de Fogo Apreendida,standard_vde_indicator,NOT_COMPARABLE
Armas de fogo apreendidas,2024,AP,FULL_12_MONTHS,12,12,490,objetos apreendidos,total,Arma de Fogo Apreendida,standard_vde_indicator,NOT_COMPARABLE
Armas de fogo apreendidas,2024,BA,FULL_12_MONTHS,12,12,6307,objetos apreendidos,total,Arma de Fogo Apreendida,standard_vde_indicator,NOT_COMPARABLE
Armas de fogo apreendidas,2024,CE,FULL_12_MONTHS,12,12,6393,objetos apreendidos,total,Arma de Fogo Apreendida,standard_vde_indicator,NOT_COMPARABLE
Armas de fogo apreendidas,2024,DF,FULL_12_MONTHS,12,12,1729,objetos apreendidos,total,Arma de Fogo Apreendida,standard_vde_indicator,NOT_COMPARABLE
Armas de fogo apreendidas,2024,ES,FULL_12_MONTHS,12,12,4003,objetos apreendidos,total,Arma de Fogo Apreendida,standard_vde_indicator,NOT_COMPARABLE
Armas de fogo apreendidas,2024,GO,FULL_12_MONTHS,12,12,4419,objetos apreendidos,total,Arma de Fogo Apreendida,standard_vde_indicator,NOT_COMPARABLE
Armas de fogo apreendidas,2024,MA,FULL_12_MONTHS,12,12,2163,objetos apreendidos,total,Arma de Fogo Apreendida,standard_vde_indicator,NOT_COMPARABLE
Armas de fogo apreendidas,2024,MG,FULL_12_MONTHS,12,12,12384,objetos apreendidos,total,Arma de Fogo Apreendida,standard_vde_indicator,NOT_COMPARABLE
Armas de fogo apreendidas,2024,MS,FULL_12_MONTHS,12,12,1731,objetos apreendidos,total,Arma de Fogo Apreendida,standard_vde_indicator,NOT_COMPARABLE
Armas de fogo apreendidas,2024,MT,FULL_12_MONTHS,12,12,2305,objetos apreendidos,total,Arma de Fogo Apreendida,standard_vde_indicator,NOT_COMPARABLE
Armas de fogo apreendidas,2024,PA,FULL_12_MONTHS,12,12,2770,objetos apreendidos,total,Arma de Fogo Apreendida,standard_vde_indicator,NOT_COMPARABLE
Armas de fogo apreendidas,2024,PB,FULL_12_MONTHS,12,12,3696,objetos apreendidos,total,Arma de Fogo Apreendida,standard_vde_indicator,NOT_COMPARABLE
Armas de fogo apreendidas,2024,PE,FULL_12_MONTHS,12,12,6009,objetos apreendidos,total,Arma de Fogo Apreendida,standard_vde_indicator,NOT_COMPARABLE
Armas de fogo apreendidas,2024,PI,FULL_12_MONTHS,12,12,1836,objetos apreendidos,total,Arma de Fogo Apreendida,standard_vde_indicator,NOT_COMPARABLE
Armas de fogo apreendidas,2024,PR,FULL_12_MONTHS,12,12,5686,objetos apreendidos,total,Arma de Fogo Apreendida,standard_vde_indicator,NOT_COMPARABLE
Armas de fogo apreendidas,2024,RJ,FULL_12_MONTHS,12,12,6148,objetos apreendidos,total,Arma de Fogo Apreendida,standard_vde_indicator,NOT_COMPARABLE
Armas de fogo apreendidas,2024,RN,FULL_12_MONTHS,12,12,1627,objetos apreendidos,total,Arma de Fogo Apreendida,standard_vde_indicator,NOT_COMPARABLE
Armas de fogo apreendidas,2024,RO,FULL_12_MONTHS,12,12,1855,objetos apreendidos,total,Arma de Fogo Apreendida,standard_vde_indicator,NOT_COMPARABLE
Armas de fogo apreendidas,2024,RR,FULL_12_MONTHS,12,12,335,objetos apreendidos,total,Arma de Fogo Apreendida,standard_vde_indicator,NOT_COMPARABLE
Armas de fogo apreendidas,2024,RS,FULL_12_MONTHS,12,12,9279,objetos apreendidos,total,Arma de Fogo Apreendida,standard_vde_indicator,NOT_COMPARABLE
Armas de fogo apreendidas,2024,SC,FULL_12_MONTHS,12,12,2585,objetos apreendidos,total,Arma de Fogo Apreendida,standard_vde_indicator,NOT_COMPARABLE
Armas de fogo apreendidas,2024,SE,FULL_12_MONTHS,12,12,807,objetos apreendidos,total,Arma de Fogo Apreendida,standard_vde_indicator,NOT_COMPARABLE
Armas de fogo apreendidas,2024,SP,FULL_12_MONTHS,12,12,14220,objetos apreendidos,total,Arma de Fogo Apreendida,standard_vde_indicator,NOT_COMPARABLE
Armas de fogo apreendidas,2024,TO,FULL_12_MONTHS,12,12,890,objetos apreendidos,total,Arma de Fogo Apreendida,standard_vde_indicator,NOT_COMPARABLE
Armas de fogo apreendidas,2025,AC,FULL_12_MONTHS,12,12,514,objetos apreendidos,total,Arma de Fogo Apreendida,standard_vde_indicator,NOT_COMPARABLE
Armas de fogo apreendidas,2025,AL,FULL_12_MONTHS,12,12,1700,objetos apreendidos,total,Arma de Fogo Apreendida,standard_vde_indicator,NOT_COMPARABLE
Armas de fogo apreendidas,2025,AM,FULL_12_MONTHS,12,12,1605,objetos apreendidos,total,Arma de Fogo Apreendida,standard_vde_indicator,NOT_COMPARABLE
Armas de fogo apreendidas,2025,AP,FULL_12_MONTHS,12,12,453,objetos apreendidos,total,Arma de Fogo Apreendida,standard_vde_indicator,NOT_COMPARABLE
Armas de fogo apreendidas,2025,BA,FULL_12_MONTHS,12,12,7633,objetos apreendidos,total,Arma de Fogo Apreendida,standard_vde_indicator,NOT_COMPARABLE
Armas de fogo apreendidas,2025,CE,FULL_12_MONTHS,12,12,7221,objetos apreendidos,total,Arma de Fogo Apreendida,standard_vde_indicator,NOT_COMPARABLE
Armas de fogo apreendidas,2025,DF,FULL_12_MONTHS,12,12,1744,objetos apreendidos,total,Arma de Fogo Apreendida,standard_vde_indicator,NOT_COMPARABLE
Armas de fogo apreendidas,2025,ES,FULL_12_MONTHS,12,12,3734,objetos apreendidos,total,Arma de Fogo Apreendida,standard_vde_indicator,NOT_COMPARABLE
Armas de fogo apreendidas,2025,GO,FULL_12_MONTHS,12,12,3788,objetos apreendidos,total,Arma de Fogo Apreendida,standard_vde_indicator,NOT_COMPARABLE
Armas de fogo apreendidas,2025,MA,FULL_12_MONTHS,12,12,3952,objetos apreendidos,total,Arma de Fogo Apreendida,standard_vde_indicator,NOT_COMPARABLE
Armas de fogo apreendidas,2025,MG,FULL_12_MONTHS,12,12,14403,objetos apreendidos,total,Arma de Fogo Apreendida,standard_vde_indicator,NOT_COMPARABLE
Armas de fogo apreendidas,2025,MS,FULL_12_MONTHS,12,12,1281,objetos apreendidos,total,Arma de Fogo Apreendida,standard_vde_indicator,NOT_COMPARABLE
Armas de fogo apreendidas,2025,MT,FULL_12_MONTHS,12,12,2116,objetos apreendidos,total,Arma de Fogo Apreendida,standard_vde_indicator,NOT_COMPARABLE
Armas de fogo apreendidas,2025,PA,FULL_12_MONTHS,12,12,2313,objetos apreendidos,total,Arma de Fogo Apreendida,standard_vde_indicator,NOT_COMPARABLE
Armas de fogo apreendidas,2025,PB,FULL_12_MONTHS,12,12,3695,objetos apreendidos,total,Arma de Fogo Apreendida,standard_vde_indicator,NOT_COMPARABLE
Armas de fogo apreendidas,2025,PE,FULL_12_MONTHS,12,12,6380,objetos apreendidos,total,Arma de Fogo Apreendida,standard_vde_indicator,NOT_COMPARABLE
Armas de fogo apreendidas,2025,PI,FULL_12_MONTHS,12,12,2051,objetos apreendidos,total,Arma de Fogo Apreendida,standard_vde_indicator,NOT_COMPARABLE
Armas de fogo apreendidas,2025,PR,FULL_12_MONTHS,12,12,5517,objetos apreendidos,total,Arma de Fogo Apreendida,standard_vde_indicator,NOT_COMPARABLE
Armas de fogo apreendidas,2025,RJ,FULL_12_MONTHS,12,12,6120,objetos apreendidos,total,Arma de Fogo Apreendida,standard_vde_indicator,NOT_COMPARABLE
Armas de fogo apreendidas,2025,RN,FULL_12_MONTHS,12,12,2345,objetos apreendidos,total,Arma de Fogo Apreendida,standard_vde_indicator,NOT_COMPARABLE
Armas de fogo apreendidas,2025,RO,FULL_12_MONTHS,12,12,2284,objetos apreendidos,total,Arma de Fogo Apreendida,standard_vde_indicator,NOT_COMPARABLE
Armas de fogo apreendidas,2025,RR,FULL_12_MONTHS,12,12,299,objetos apreendidos,total,Arma de Fogo Apreendida,standard_vde_indicator,NOT_COMPARABLE
Armas de fogo apreendidas,2025,RS,FULL_12_MONTHS,12,12,8866,objetos apreendidos,total,Arma de Fogo Apreendida,standard_vde_indicator,NOT_COMPARABLE
Armas de fogo apreendidas,2025,SC,FULL_12_MONTHS,12,12,2214,objetos apreendidos,total,Arma de Fogo Apreendida,standard_vde_indicator,NOT_COMPARABLE
Armas de fogo apreendidas,2025,SE,FULL_12_MONTHS,12,12,764,objetos apreendidos,total,Arma de Fogo Apreendida,standard_vde_indicator,NOT_COMPARABLE
Armas de fogo apreendidas,2025,SP,FULL_12_MONTHS,12,12,14023,objetos apreendidos,total,Arma de Fogo Apreendida,standard_vde_indicator,NOT_COMPARABLE
Armas de fogo apreendidas,2025,TO,FULL_12_MONTHS,12,12,862,objetos apreendidos,total,Arma de Fogo Apreendida,standard_vde_indicator,NOT_COMPARABLE
