uf,year,crime,count,population,rate_per_100k,measurement_concept,reporting_status,comparability_class,definition_version_flag
AC,2015,Homicídio doloso,173,826677,20.927157765366644,vítimas,FULL_12_MONTHS,COMPARABLE,standard_vde_indicator
AL,2015,Homicídio doloso,1635,3181178,51.3960551720149,vítimas,FULL_12_MONTHS,COMPARABLE,standard_vde_indicator
AM,2015,Homicídio doloso,1201,3859110,31.12116524276323,vítimas,FULL_12_MONTHS,COMPARABLE,standard_vde_indicator
AP,2015,Homicídio doloso,235,747050,31.457064453517166,vítimas,FULL_12_MONTHS,COMPARABLE,standard_vde_indicator
BA,2015,Homicídio doloso,5709,14470447,39.45282409036846,vítimas,FULL_12_MONTHS,COMPARABLE,standard_vde_indicator
CE,2015,Homicídio doloso,3923,8816218,44.49753851368013,vítimas,FULL_12_MONTHS,COMPARABLE,standard_vde_indicator
DF,2015,Homicídio doloso,616,2794821,22.040767548261588,vítimas,FULL_12_MONTHS,COMPARABLE,standard_vde_indicator
GO,2015,Homicídio doloso,0,6630429,0.0,vítimas,FULL_12_MONTHS,COMPARABLE,standard_vde_indicator
MA,2015,Homicídio doloso,1981,6831416,28.99838042361935,vítimas,FULL_12_MONTHS,COMPARABLE,standard_vde_indicator
MG,2015,Homicídio doloso,3963,20470203,19.359847090915512,vítimas,FULL_12_MONTHS,COMPARABLE,standard_vde_indicator
MS,2015,Homicídio doloso,638,2652939,24.04880021741925,vítimas,FULL_12_MONTHS,COMPARABLE,standard_vde_indicator
MT,2015,Homicídio doloso,1120,3327512,33.65878169635452,vítimas,FULL_12_MONTHS,COMPARABLE,standard_vde_indicator
PA,2015,Homicídio doloso,3363,8131409,41.358145925263386,vítimas,FULL_12_MONTHS,COMPARABLE,standard_vde_indicator
PB,2015,Homicídio doloso,1414,3932039,35.960986144847496,vítimas,FULL_12_MONTHS,COMPARABLE,standard_vde_indicator
PE,2015,Homicídio doloso,3713,9213107,40.3012794706498,vítimas,FULL_12_MONTHS,COMPARABLE,standard_vde_indicator
PI,2015,Homicídio doloso,585,3255812,17.9678679235779,vítimas,FULL_12_MONTHS,COMPARABLE,standard_vde_indicator
PR,2015,Homicídio doloso,0,11101864,0.0,vítimas,FULL_12_MONTHS,COMPARABLE,standard_vde_indicator
RJ,2015,Homicídio doloso,4858,16971856,28.623858227408952,vítimas,FULL_12_MONTHS,COMPARABLE,standard_vde_indicator
RN,2015,Homicídio doloso,1364,3322012,41.05945433068875,vítimas,FULL_12_MONTHS,COMPARABLE,standard_vde_indicator
RO,2015,Homicídio doloso,527,1666906,31.615460019941136,vítimas,FULL_12_MONTHS,COMPARABLE,standard_vde_indicator
RR,2015,Homicídio doloso,83,534380,15.532018413862794,vítimas,FULL_12_MONTHS,COMPARABLE,standard_vde_indicator
RS,2015,Homicídio doloso,2704,11070711,24.424808849223865,vítimas,FULL_12_MONTHS,COMPARABLE,standard_vde_indicator
SC,2015,Homicídio doloso,778,6889914,11.291868084275071,vítimas,FULL_12_MONTHS,COMPARABLE,standard_vde_indicator
SE,2015,Homicídio doloso,1196,2182252,54.80576945284046,vítimas,FULL_12_MONTHS,COMPARABLE,standard_vde_indicator
SP,2015,Homicídio doloso,3925,44217931,8.876489494725567,vítimas,FULL_12_MONTHS,COMPARABLE,standard_vde_indicator
TO,2015,Homicídio doloso,254,1471416,17.262283405916477,vítimas,FULL_12_MONTHS,COMPARABLE,standard_vde_indicator
AC,2016,Homicídio doloso,315,836294,37.666179597127325,vítimas,FULL_12_MONTHS,COMPARABLE,standard_vde_indicator
AL,2016,Homicídio doloso,1661,3187906,52.103167408323834,vítimas,FULL_12_MONTHS,COMPARABLE,standard_vde_indicator
AM,2016,Homicídio doloso,1035,3914566,26.4397126016013,vítimas,FULL_12_MONTHS,COMPARABLE,standard_vde_indicator
AP,2016,Homicídio doloso,258,756948,34.084243567589844,vítimas,FULL_12_MONTHS,COMPARABLE,standard_vde_indicator
BA,2016,Homicídio doloso,6460,14527076,44.468687298118354,vítimas,FULL_12_MONTHS,COMPARABLE,standard_vde_indicator
CE,2016,Homicídio doloso,3284,8873158,37.010498404288526,vítimas,FULL_12_MONTHS,COMPARABLE,standard_vde_indicator
DF,2016,Homicídio doloso,582,2823570,20.61220369957182,vítimas,FULL_12_MONTHS,COMPARABLE,standard_vde_indicator
ES,2016,Homicídio doloso,1147,3870870,29.631581530766987,vítimas,FULL_12_MONTHS,COMPARABLE,standard_vde_indicator
GO,2016,Homicídio doloso,2010,6720503,29.908475600710243,vítimas,FULL_12_MONTHS,COMPARABLE,standard_vde_indicator
MA,2016,Homicídio doloso,2036,6863878,29.66253188066571,vítimas,FULL_12_MONTHS,COMPARABLE,standard_vde_indicator
MG,2016,Homicídio doloso,3948,20588168,19.176062678330585,vítimas,FULL_12_MONTHS,COMPARABLE,standard_vde_indicator
MS,2016,Homicídio doloso,650,2684756,24.21076626702762,vítimas,FULL_12_MONTHS,COMPARABLE,standard_vde_indicator
MT,2016,Homicídio doloso,1086,3380091,32.129312494841116,vítimas,FULL_12_MONTHS,COMPARABLE,standard_vde_indicator
PA,2016,Homicídio doloso,3711,8207830,45.21292473162821,vítimas,FULL_12_MONTHS,COMPARABLE,standard_vde_indicator
PB,2016,Homicídio doloso,1232,3957455,31.131118357631358,vítimas,FULL_12_MONTHS,COMPARABLE,standard_vde_indicator
PE,2016,Homicídio doloso,4102,9262684,44.285220137057465,vítimas,FULL_12_MONTHS,COMPARABLE,standard_vde_indicator
PI,2016,Homicídio doloso,587,3271094,17.945066696340735,vítimas,FULL_12_MONTHS,COMPARABLE,standard_vde_indicator
PR,2016,Homicídio doloso,0,11195664,0.0,vítimas,FULL_12_MONTHS,COMPARABLE,standard_vde_indicator
RJ,2016,Homicídio doloso,5644,17043727,33.114822831884126,vítimas,FULL_12_MONTHS,COMPARABLE,standard_vde_indicator
RN,2016,Homicídio doloso,1732,3342283,51.82086615645653,vítimas,FULL_12_MONTHS,COMPARABLE,standard_vde_indicator
RO,2016,Homicídio doloso,545,1680084,32.4388542477638,vítimas,FULL_12_MONTHS,COMPARABLE,standard_vde_indicator
RR,2016,Homicídio doloso,87,548233,15.86916511775103,vítimas,FULL_12_MONTHS,COMPARABLE,standard_vde_indicator
RS,2016,Homicídio doloso,2931,11109776,26.382170081557,vítimas,FULL_12_MONTHS,COMPARABLE,standard_vde_indicator
SC,2016,Homicídio doloso,841,7011473,11.994626521417112,vítimas,FULL_12_MONTHS,COMPARABLE,standard_vde_indicator
SE,2016,Homicídio doloso,1306,2198312,59.409219437459285,vítimas,FULL_12_MONTHS,COMPARABLE,standard_vde_indicator
SP,2016,Homicídio doloso,3611,44530110,8.109119874170533,vítimas,FULL_12_MONTHS,COMPARABLE,standard_vde_indicator
TO,2016,Homicídio doloso,356,1485416,23.966350167225883,vítimas,FULL_12_MONTHS,COMPARABLE,standard_vde_indicator
AC,2017,Homicídio doloso,450,844496,53.286220420226975,vítimas,FULL_12_MONTHS,COMPARABLE,standard_vde_indicator
AL,2017,Homicídio doloso,1672,3193155,52.36200560260933,vítimas,FULL_12_MONTHS,COMPARABLE,standard_vde_indicator
AM,2017,Homicídio doloso,1191,3966332,30.02774351718414,vítimas,FULL_12_MONTHS,COMPARABLE,standard_vde_indicator
AP,2017,Homicídio doloso,265,765558,34.61527408765894,vítimas,FULL_12_MONTHS,COMPARABLE,standard_vde_indicator
BA,2017,Homicídio doloso,6131,14578692,42.0545272511416,vítimas,FULL_12_MONTHS,COMPARABLE,standard_vde_indicator
CE,2017,Homicídio doloso,5004,8924184,56.07235350593399,vítimas,FULL_12_MONTHS,COMPARABLE,standard_vde_indicator
DF,2017,Homicídio doloso,493,2850314,17.296339982191437,vítimas,FULL_12_MONTHS,COMPARABLE,standard_vde_indicator
ES,2017,Homicídio doloso,1365,3904551,34.95920529658852,vítimas,FULL_12_MONTHS,COMPARABLE,standard_vde_indicator
GO,2017,Homicídio doloso,2250,6805532,33.061338922511865,vítimas,FULL_12_MONTHS,COMPARABLE,standard_vde_indicator
MA,2017,Homicídio doloso,1768,6890375,25.65898082470112,vítimas,FULL_12_MONTHS,COMPARABLE,standard_vde_indicator
MG,2017,Homicídio doloso,3749,20695003,18.115484206501442,vítimas,FULL_12_MONTHS,COMPARABLE,standard_vde_indicator
MS,2017,Homicídio doloso,625,2715557,23.015536039199326,vítimas,FULL_12_MONTHS,COMPARABLE,standard_vde_indicator
MT,2017,Homicídio doloso,965,3433278,28.107249107121532,vítimas,FULL_12_MONTHS,COMPARABLE,standard_vde_indicator
PA,2017,Homicídio doloso,3879,8275842,46.87136366305688,vítimas,FULL_12_MONTHS,COMPARABLE,standard_vde_indicator
PB,2017,Homicídio doloso,1185,3981512,29.762562564171603,vítimas,FULL_12_MONTHS,COMPARABLE,standard_vde_indicator
PE,2017,Homicídio doloso,4946,9304183,53.15888563240856,vítimas,FULL_12_MONTHS,COMPARABLE,standard_vde_indicator
PI,2017,Homicídio doloso,546,3285746,16.61723091194511,vítimas,FULL_12_MONTHS,COMPARABLE,standard_vde_indicator
PR,2017,Homicídio doloso,2177,11285193,19.290764455689857,vítimas,FULL_12_MONTHS,COMPARABLE,standard_vde_indicator
RJ,2017,Homicídio doloso,5722,17100398,33.46120949933446,vítimas,FULL_12_MONTHS,COMPARABLE,standard_vde_indicator
RN,2017,Homicídio doloso,1883,3359217,56.05472942057628,vítimas,FULL_12_MONTHS,COMPARABLE,standard_vde_indicator
RO,2017,Homicídio doloso,669,1691568,39.54910473596095,vítimas,FULL_12_MONTHS,COMPARABLE,standard_vde_indicator
RR,2017,Homicídio doloso,212,564013,37.58778609712897,vítimas,FULL_12_MONTHS,COMPARABLE,standard_vde_indicator
RS,2017,Homicídio doloso,3025,11141074,27.15178087857598,vítimas,FULL_12_MONTHS,COMPARABLE,standard_vde_indicator
SC,2017,Homicídio doloso,934,7135459,13.089557378158855,vítimas,FULL_12_MONTHS,COMPARABLE,standard_vde_indicator
SE,2017,Homicídio doloso,1101,2212722,49.75771922546077,vítimas,FULL_12_MONTHS,COMPARABLE,standard_vde_indicator
SP,2017,Homicídio doloso,3383,44809066,7.549811460029093,vítimas,FULL_12_MONTHS,COMPARABLE,standard_vde_indicator
TO,2017,Homicídio doloso,291,1498537,19.418939939420916,vítimas,FULL_12_MONTHS,COMPARABLE,standard_vde_indicator
AC,2018,Homicídio doloso,358,851504,42.04325522839587,vítimas,FULL_12_MONTHS,COMPARABLE,standard_vde_indicator
AL,2018,Homicídio doloso,1333,3200128,41.65458381664733,vítimas,FULL_12_MONTHS,COMPARABLE,standard_vde_indicator
AM,2018,Homicídio doloso,1094,4018483,27.22420376047379,vítimas,FULL_12_MONTHS,COMPARABLE,standard_vde_indicator
AP,2018,Homicídio doloso,298,772784,38.561874987059774,vítimas,FULL_12_MONTHS,COMPARABLE,standard_vde_indicator
BA,2018,Homicídio doloso,5444,14632652,37.20446573867813,vítimas,FULL_12_MONTHS,COMPARABLE,standard_vde_indicator
CE,2018,Homicídio doloso,4402,8976628,49.03845853921985,vítimas,FULL_12_MONTHS,COMPARABLE,standard_vde_indicator
DF,2018,Homicídio doloso,434,2875413,15.093483962129962,vítimas,FULL_12_MONTHS,COMPARABLE,standard_vde_indicator
ES,2018,Homicídio doloso,1075,3937119,27.304229310823473,vítimas,FULL_12_MONTHS,COMPARABLE,standard_vde_indicator
GO,2018,Homicídio doloso,2081,6888446,30.21000672720669,vítimas,FULL_12_MONTHS,COMPARABLE,standard_vde_indicator
MA,2018,Homicídio doloso,1572,6917016,22.72656301503423,vítimas,FULL_12_MONTHS,COMPARABLE,standard_vde_indicator
MG,2018,Homicídio doloso,2893,20801238,13.9078260630449,vítimas,FULL_12_MONTHS,COMPARABLE,standard_vde_indicator
MS,2018,Homicídio doloso,502,2746161,18.28006442448203,vítimas,FULL_12_MONTHS,COMPARABLE,standard_vde_indicator
MT,2018,Homicídio doloso,916,3490648,26.24154598229326,vítimas,FULL_12_MONTHS,COMPARABLE,standard_vde_indicator
PA,2018,Homicídio doloso,3772,8339467,45.230708389397066,vítimas,FULL_12_MONTHS,COMPARABLE,standard_vde_indicator
PB,2018,Homicídio doloso,1099,4008413,27.41733449123132,vítimas,FULL_12_MONTHS,COMPARABLE,standard_vde_indicator
PE,2018,Homicídio doloso,3840,9348293,41.077018018155826,vítimas,FULL_12_MONTHS,COMPARABLE,standard_vde_indicator
PI,2018,Homicídio doloso,512,3302227,15.504688199811824,vítimas,FULL_12_MONTHS,COMPARABLE,standard_vde_indicator
PR,2018,Homicídio doloso,1888,11373980,16.599290661668125,vítimas,FULL_12_MONTHS,COMPARABLE,standard_vde_indicator
RJ,2018,Homicídio doloso,5307,17148943,30.946513729738328,vítimas,FULL_12_MONTHS,COMPARABLE,standard_vde_indicator
RN,2018,Homicídio doloso,1498,3375511,44.37846595670996,vítimas,FULL_12_MONTHS,COMPARABLE,standard_vde_indicator
RO,2018,Homicídio doloso,430,1701892,25.26599807743382,vítimas,FULL_12_MONTHS,COMPARABLE,standard_vde_indicator
RR,2018,Homicídio doloso,336,587497,57.191781404841215,vítimas,FULL_12_MONTHS,COMPARABLE,standard_vde_indicator
RS,2018,Homicídio doloso,2410,11167531,21.580419163376398,vítimas,FULL_12_MONTHS,COMPARABLE,standard_vde_indicator
SC,2018,Homicídio doloso,731,7266127,10.060380172270593,vítimas,FULL_12_MONTHS,COMPARABLE,standard_vde_indicator
SE,2018,Homicídio doloso,932,2227068,41.84874462746535,vítimas,FULL_12_MONTHS,COMPARABLE,standard_vde_indicator
SP,2018,Homicídio doloso,2970,45062167,6.590894752132093,vítimas,FULL_12_MONTHS,COMPARABLE,standard_vde_indicator
TO,2018,Homicídio doloso,390,1511702,25.798735465058588,vítimas,FULL_12_MONTHS,COMPARABLE,standard_vde_indicator
AC,2019,Homicídio doloso,270,857919,31.471502554436956,vítimas,FULL_12_MONTHS,COMPARABLE,standard_vde_indicator
AL,2019,Homicídio doloso,1025,3208704,31.944361337162917,vítimas,FULL_12_MONTHS,COMPARABLE,standard_vde_indicator
AM,2019,Homicídio doloso,1058,4073280,25.974153507738237,vítimas,FULL_12_MONTHS,COMPARABLE,standard_vde_indicator
AP,2019,Homicídio doloso,225,779468,28.865841830581886,vítimas,FULL_12_MONTHS,COMPARABLE,standard_vde_indicator
BA,2019,Homicídio doloso,4905,14693250,33.382675718442144,vítimas,FULL_12_MONTHS,COMPARABLE,standard_vde_indicator
CE,2019,Homicídio doloso,2155,9035631,23.8500222065288,vítimas,FULL_12_MONTHS,COMPARABLE,standard_vde_indicator
DF,2019,Homicídio doloso,386,2899708,13.3116851765764,vítimas,FULL_12_MONTHS,COMPARABLE,standard_vde_indicator
ES,2019,Homicídio doloso,953,3970009,24.004983364017562,vítimas,FULL_12_MONTHS,COMPARABLE,standard_vde_indicator
GO,2019,Homicídio doloso,1627,6974736,23.327047790769427,vítimas,FULL_12_MONTHS,COMPARABLE,standard_vde_indicator
MA,2019,Homicídio doloso,1350,6946725,19.43361799984885,vítimas,FULL_12_MONTHS,COMPARABLE,standard_vde_indicator
MG,2019,Homicídio doloso,2662,20916751,12.726641914893953,vítimas,FULL_12_MONTHS,COMPARABLE,standard_vde_indicator
MS,2019,Homicídio doloso,455,2777028,16.384422483316698,vítimas,FULL_12_MONTHS,COMPARABLE,standard_vde_indicator
MT,2019,Homicídio doloso,804,3551996,22.635160625180884,vítimas,FULL_12_MONTHS,COMPARABLE,standard_vde_indicator
PA,2019,Homicídio doloso,2758,8404430,32.81602678587364,vítimas,FULL_12_MONTHS,COMPARABLE,standard_vde_indicator
PB,2019,Homicídio doloso,845,4037810,20.927185776448123,vítimas,FULL_12_MONTHS,COMPARABLE,standard_vde_indicator
PE,2019,Homicídio doloso,3183,9396505,33.87429687953127,vítimas,FULL_12_MONTHS,COMPARABLE,standard_vde_indicator
PI,2019,Homicídio doloso,472,3320228,14.215891197833402,vítimas,FULL_12_MONTHS,COMPARABLE,standard_vde_indicator
PR,2019,Homicídio doloso,1691,11468227,14.74508657702712,vítimas,FULL_12_MONTHS,COMPARABLE,standard_vde_indicator
RJ,2019,Homicídio doloso,4403,17193919,25.607890789761193,vítimas,FULL_12_MONTHS,COMPARABLE,standard_vde_indicator
RN,2019,Homicídio doloso,1074,3392434,31.658685180021187,vítimas,FULL_12_MONTHS,COMPARABLE,standard_vde_indicator
RO,2019,Homicídio doloso,361,1712560,21.079553417106553,vítimas,FULL_12_MONTHS,COMPARABLE,standard_vde_indicator
RR,2019,Homicídio doloso,174,618125,28.14964610717897,vítimas,FULL_12_MONTHS,COMPARABLE,standard_vde_indicator
RS,2019,Homicídio doloso,1860,11194346,16.615530733104016,vítimas,FULL_12_MONTHS,COMPARABLE,standard_vde_indicator
SC,2019,Homicídio doloso,642,7403723,8.67131306776334,vítimas,FULL_12_MONTHS,COMPARABLE,standard_vde_indicator
SE,2019,Homicídio doloso,751,2241300,33.50733949047428,vítimas,FULL_12_MONTHS,COMPARABLE,standard_vde_indicator
SP,2019,Homicídio doloso,2722,45306139,6.008015823197823,vítimas,FULL_12_MONTHS,COMPARABLE,standard_vde_indicator
TO,2019,Homicídio doloso,417,1525148,27.341608814357688,vítimas,FULL_12_MONTHS,COMPARABLE,standard_vde_indicator
AC,2020,Homicídio doloso,268,863657,31.030837473672996,vítimas,FULL_12_MONTHS,COMPARABLE,standard_vde_indicator
AL,2020,Homicídio doloso,1185,3214823,36.86050522843715,vítimas,FULL_12_MONTHS,COMPARABLE,standard_vde_indicator
AM,2020,Homicídio doloso,944,4121226,22.905805214273617,vítimas,FULL_12_MONTHS,COMPARABLE,standard_vde_indicator
AP,2020,Homicídio doloso,234,785533,29.788691245307326,vítimas,FULL_12_MONTHS,COMPARABLE,standard_vde_indicator
BA,2020,Homicídio doloso,5248,14748551,35.5831566097578,vítimas,FULL_12_MONTHS,COMPARABLE,standard_vde_indicator
CE,2020,Homicídio doloso,3934,9088929,43.28342756335758,vítimas,FULL_12_MONTHS,COMPARABLE,standard_vde_indicator
DF,2020,Homicídio doloso,357,2921417,12.220097302096894,vítimas,FULL_12_MONTHS,COMPARABLE,standard_vde_indicator
ES,2020,Homicídio doloso,1081,4001467,27.015092214930174,vítimas,FULL_12_MONTHS,COMPARABLE,standard_vde_indicator
GO,2020,Homicídio doloso,1470,7060290,20.82067450487161,vítimas,FULL_12_MONTHS,COMPARABLE,standard_vde_indicator
MA,2020,Homicídio doloso,1796,6970988,25.76392327744647,vítimas,FULL_12_MONTHS,COMPARABLE,standard_vde_indicator
MG,2020,Homicídio doloso,2563,21032009,12.186187253913785,vítimas,FULL_12_MONTHS,COMPARABLE,standard_vde_indicator
MS,2020,Homicídio doloso,472,2806866,16.81590784882499,vítimas,FULL_12_MONTHS,COMPARABLE,standard_vde_indicator
MT,2020,Homicídio doloso,751,3611987,20.791879926478142,vítimas,FULL_12_MONTHS,COMPARABLE,standard_vde_indicator
PA,2020,Homicídio doloso,2205,8465192,26.047843923681825,vítimas,FULL_12_MONTHS,COMPARABLE,standard_vde_indicator
PB,2020,Homicídio doloso,1050,4064935,25.830671339148104,vítimas,FULL_12_MONTHS,COMPARABLE,standard_vde_indicator
PE,2020,Homicídio doloso,3432,9438962,36.359930255042876,vítimas,FULL_12_MONTHS,COMPARABLE,standard_vde_indicator
PI,2020,Homicídio doloso,603,3335863,18.07628190965876,vítimas,FULL_12_MONTHS,COMPARABLE,standard_vde_indicator
PR,2020,Homicídio doloso,1929,11560987,16.68542659895734,vítimas,FULL_12_MONTHS,COMPARABLE,standard_vde_indicator
RJ,2020,Homicídio doloso,3830,17222305,22.23860278865111,vítimas,FULL_12_MONTHS,COMPARABLE,standard_vde_indicator
RN,2020,Homicídio doloso,1222,3407618,35.86082712322801,vítimas,FULL_12_MONTHS,COMPARABLE,standard_vde_indicator
RO,2020,Homicídio doloso,375,1722753,21.767484949960906,vítimas,FULL_12_MONTHS,COMPARABLE,standard_vde_indicator
RR,2020,Homicídio doloso,167,640975,26.054058270603377,vítimas,FULL_12_MONTHS,COMPARABLE,standard_vde_indicator
RS,2020,Homicídio doloso,1833,11220286,16.336481975593134,vítimas,FULL_12_MONTHS,COMPARABLE,standard_vde_indicator
SC,2020,Homicídio doloso,626,7541975,8.300213140457242,vítimas,FULL_12_MONTHS,COMPARABLE,standard_vde_indicator
SE,2020,Homicídio doloso,747,2254218,33.137877525598675,vítimas,FULL_12_MONTHS,COMPARABLE,standard_vde_indicator
SP,2020,Homicídio doloso,2858,45523191,6.278118772473573,vítimas,FULL_12_MONTHS,COMPARABLE,standard_vde_indicator
TO,2020,Homicídio doloso,415,1537886,26.98509512408592,vítimas,FULL_12_MONTHS,COMPARABLE,standard_vde_indicator
AC,2021,Homicídio doloso,163,868346,18.7713192667439,vítimas,FULL_12_MONTHS,COMPARABLE,standard_vde_indicator
AL,2021,Homicídio doloso,1020,3217819,31.69848894546275,vítimas,FULL_12_MONTHS,COMPARABLE,standard_vde_indicator
AM,2021,Homicídio doloso,1464,4160013,35.192197716689826,vítimas,FULL_12_MONTHS,COMPARABLE,standard_vde_indicator
AP,2021,Homicídio doloso,271,790871,34.266018099032586,vítimas,FULL_12_MONTHS,COMPARABLE,standard_vde_indicator
BA,2021,Homicídio doloso,5447,14788270,36.833246890948026,vítimas,FULL_12_MONTHS,COMPARABLE,standard_vde_indicator
CE,2021,Homicídio doloso,3202,9129520,35.073037793881824,vítimas,FULL_12_MONTHS,COMPARABLE,standard_vde_indicator
DF,2021,Homicídio doloso,287,2938025,9.768466912296526,vítimas,FULL_12_MONTHS,COMPARABLE,standard_vde_indicator
ES,2021,Homicídio doloso,1023,4027541,25.400113866004094,vítimas,FULL_12_MONTHS,COMPARABLE,standard_vde_indicator
GO,2021,Homicídio doloso,1191,7133954,16.694809077826967,vítimas,FULL_12_MONTHS,COMPARABLE,standard_vde_indicator
MA,2021,Homicídio doloso,1774,6988154,25.38581719864788,vítimas,FULL_12_MONTHS,COMPARABLE,standard_vde_indicator
MG,2021,Homicídio doloso,2399,21117017,11.360506079054632,vítimas,FULL_12_MONTHS,COMPARABLE,standard_vde_indicator
MS,2021,Homicídio doloso,489,2831943,17.267296693471586,vítimas,FULL_12_MONTHS,COMPARABLE,standard_vde_indicator
MT,2021,Homicídio doloso,711,3666669,19.39089675124752,vítimas,FULL_12_MONTHS,COMPARABLE,standard_vde_indicator
PA,2021,Homicídio doloso,2257,8520153,26.490134625516703,vítimas,FULL_12_MONTHS,COMPARABLE,standard_vde_indicator
PB,2021,Homicídio doloso,1042,4087783,25.490589886987642,vítimas,FULL_12_MONTHS,COMPARABLE,standard_vde_indicator
PE,2021,Homicídio doloso,3042,9470176,32.1218950946635,vítimas,FULL_12_MONTHS,COMPARABLE,standard_vde_indicator
PI,2021,Homicídio doloso,665,3347856,19.863458882341416,vítimas,FULL_12_MONTHS,COMPARABLE,standard_vde_indicator
PR,2021,Homicídio doloso,1839,11630298,15.812148579511891,vítimas,FULL_12_MONTHS,COMPARABLE,standard_vde_indicator
RJ,2021,Homicídio doloso,3506,17220455,20.359508503114466,vítimas,FULL_12_MONTHS,COMPARABLE,standard_vde_indicator
RN,2021,Homicídio doloso,1063,3419382,31.087488908814517,vítimas,FULL_12_MONTHS,COMPARABLE,standard_vde_indicator
RO,2021,Homicídio doloso,421,1729622,24.340578461652314,vítimas,FULL_12_MONTHS,COMPARABLE,standard_vde_indicator
RR,2021,Homicídio doloso,199,654972,30.3829782036484,vítimas,FULL_12_MONTHS,COMPARABLE,standard_vde_indicator
RS,2021,Homicídio doloso,1639,11227789,14.597709308573576,vítimas,FULL_12_MONTHS,COMPARABLE,standard_vde_indicator
SC,2021,Homicídio doloso,581,7671648,7.573340174106007,vítimas,FULL_12_MONTHS,COMPARABLE,standard_vde_indicator
SE,2021,Homicídio doloso,542,2264937,23.9300254267558,vítimas,FULL_12_MONTHS,COMPARABLE,standard_vde_indicator
SP,2021,Homicídio doloso,2701,45651915,5.916509745538605,vítimas,FULL_12_MONTHS,COMPARABLE,standard_vde_indicator
TO,2021,Homicídio doloso,348,1548514,22.47315813741432,vítimas,FULL_12_MONTHS,COMPARABLE,standard_vde_indicator
AC,2022,Homicídio doloso,197,872566,22.577088724520554,vítimas,FULL_12_MONTHS,COMPARABLE,standard_vde_indicator
AL,2022,Homicídio doloso,1076,3218381,33.43295899397865,vítimas,FULL_12_MONTHS,COMPARABLE,standard_vde_indicator
AM,2022,Homicídio doloso,1321,4199791,31.453946160654183,vítimas,FULL_12_MONTHS,COMPARABLE,standard_vde_indicator
AP,2022,Homicídio doloso,190,795457,23.88564058145192,vítimas,FULL_12_MONTHS,COMPARABLE,standard_vde_indicator
BA,2022,Homicídio doloso,4937,14811339,33.33257040433684,vítimas,FULL_12_MONTHS,COMPARABLE,standard_vde_indicator
CE,2022,Homicídio doloso,2881,9162955,31.441821988648858,vítimas,FULL_12_MONTHS,COMPARABLE,standard_vde_indicator
DF,2022,Homicídio doloso,259,2952426,8.772446794602134,vítimas,FULL_12_MONTHS,COMPARABLE,standard_vde_indicator
ES,2022,Homicídio doloso,968,4050913,23.895847676807673,vítimas,FULL_12_MONTHS,COMPARABLE,standard_vde_indicator
GO,2022,Homicídio doloso,1133,7201254,15.733370882349101,vítimas,FULL_12_MONTHS,COMPARABLE,standard_vde_indicator
MA,2022,Homicídio doloso,1632,6998087,23.320658917215518,vítimas,FULL_12_MONTHS,COMPARABLE,standard_vde_indicator
MG,2022,Homicídio doloso,2495,21178401,11.780870519922633,vítimas,FULL_12_MONTHS,COMPARABLE,standard_vde_indicator
MS,2022,Homicídio doloso,448,2854377,15.695193732292546,vítimas,FULL_12_MONTHS,COMPARABLE,standard_vde_indicator
MT,2022,Homicídio doloso,876,3720967,23.54226737297052,vítimas,FULL_12_MONTHS,COMPARABLE,standard_vde_indicator
PA,2022,Homicídio doloso,2286,8570045,26.674305677508112,vítimas,FULL_12_MONTHS,COMPARABLE,standard_vde_indicator
PB,2022,Homicídio doloso,973,4106026,23.696878685132535,vítimas,FULL_12_MONTHS,COMPARABLE,standard_vde_indicator
PE,2022,Homicídio doloso,3145,9493026,33.12958375969896,vítimas,FULL_12_MONTHS,COMPARABLE,standard_vde_indicator
PI,2022,Homicídio doloso,732,3357043,21.804903899056402,vítimas,FULL_12_MONTHS,COMPARABLE,standard_vde_indicator
PR,2022,Homicídio doloso,1948,11686692,16.66853203626826,vítimas,FULL_12_MONTHS,COMPARABLE,standard_vde_indicator
RJ,2022,Homicídio doloso,3344,17211760,19.42857674055413,vítimas,FULL_12_MONTHS,COMPARABLE,standard_vde_indicator
RN,2022,Homicídio doloso,985,3427955,28.734332860262167,vítimas,FULL_12_MONTHS,COMPARABLE,standard_vde_indicator
RO,2022,Homicídio doloso,472,1734648,27.21013139265142,vítimas,FULL_12_MONTHS,COMPARABLE,standard_vde_indicator
RR,2022,Homicídio doloso,175,673404,25.987371622384185,vítimas,FULL_12_MONTHS,COMPARABLE,standard_vde_indicator
RS,2022,Homicídio doloso,1761,11220506,15.694479375529054,vítimas,FULL_12_MONTHS,COMPARABLE,standard_vde_indicator
SC,2022,Homicídio doloso,535,7796817,6.86177449079541,vítimas,FULL_12_MONTHS,COMPARABLE,standard_vde_indicator
SE,2022,Homicídio doloso,560,2273589,24.630661038560618,vítimas,FULL_12_MONTHS,COMPARABLE,standard_vde_indicator
SP,2022,Homicídio doloso,2849,45736978,6.22909541596736,vítimas,FULL_12_MONTHS,COMPARABLE,standard_vde_indicator
TO,2022,Homicídio doloso,400,1557580,25.680863904261738,vítimas,FULL_12_MONTHS,COMPARABLE,standard_vde_indicator
AC,2023,Homicídio doloso,180,876582,20.534302552413806,vítimas,FULL_12_MONTHS,COMPARABLE,standard_vde_indicator
AL,2023,Homicídio doloso,1096,3218607,34.05199827130184,vítimas,FULL_12_MONTHS,COMPARABLE,standard_vde_indicator
AM,2023,Homicídio doloso,1254,4240571,29.57148931122719,vítimas,FULL_12_MONTHS,COMPARABLE,standard_vde_indicator
AP,2023,Homicídio doloso,302,799124,37.79138156281128,vítimas,FULL_12_MONTHS,COMPARABLE,standard_vde_indicator
BA,2023,Homicídio doloso,4614,14828806,31.115114730073344,vítimas,FULL_12_MONTHS,COMPARABLE,standard_vde_indicator
CE,2023,Homicídio doloso,2893,9196672,31.457031413102477,vítimas,FULL_12_MONTHS,COMPARABLE,standard_vde_indicator
DF,2023,Homicídio doloso,234,2967543,7.8853111816745365,vítimas,FULL_12_MONTHS,COMPARABLE,standard_vde_indicator
ES,2023,Homicídio doloso,942,4076068,23.110507479266783,vítimas,FULL_12_MONTHS,COMPARABLE,standard_vde_indicator
GO,2023,Homicídio doloso,1020,7274463,14.021653557107927,vítimas,FULL_12_MONTHS,COMPARABLE,standard_vde_indicator
MA,2023,Homicídio doloso,1717,7003234,24.517244461630156,vítimas,FULL_12_MONTHS,COMPARABLE,standard_vde_indicator
MG,2023,Homicídio doloso,2625,21247401,12.354452198647731,vítimas,FULL_12_MONTHS,COMPARABLE,standard_vde_indicator
MS,2023,Homicídio doloso,453,2878009,15.740048067952532,vítimas,FULL_12_MONTHS,COMPARABLE,standard_vde_indicator
MT,2023,Homicídio doloso,874,3778389,23.1315515686712,vítimas,FULL_12_MONTHS,COMPARABLE,standard_vde_indicator
PA,2023,Homicídio doloso,2038,8616120,23.653338161492645,vítimas,FULL_12_MONTHS,COMPARABLE,standard_vde_indicator
PB,2023,Homicídio doloso,933,4124468,22.621099254497793,vítimas,FULL_12_MONTHS,COMPARABLE,standard_vde_indicator
PE,2023,Homicídio doloso,3335,9514483,35.05182572715722,vítimas,FULL_12_MONTHS,COMPARABLE,standard_vde_indicator
PI,2023,Homicídio doloso,649,3365881,19.281727428866322,vítimas,FULL_12_MONTHS,COMPARABLE,standard_vde_indicator
PR,2023,Homicídio doloso,1756,11753862,14.939770434602686,vítimas,FULL_12_MONTHS,COMPARABLE,standard_vde_indicator
RJ,2023,Homicídio doloso,3579,17213813,20.791442314378575,vítimas,FULL_12_MONTHS,COMPARABLE,standard_vde_indicator
RN,2023,Homicídio doloso,814,3436278,23.68842101832273,vítimas,FULL_12_MONTHS,COMPARABLE,standard_vde_indicator
RO,2023,Homicídio doloso,418,1740255,24.019468411238584,vítimas,FULL_12_MONTHS,COMPARABLE,standard_vde_indicator
RR,2023,Homicídio doloso,142,695270,20.423720281329555,vítimas,FULL_12_MONTHS,COMPARABLE,standard_vde_indicator
RS,2023,Homicídio doloso,1672,11222292,14.898917262177815,vítimas,FULL_12_MONTHS,COMPARABLE,standard_vde_indicator
SC,2023,Homicídio doloso,513,7927212,6.471379849561233,vítimas,FULL_12_MONTHS,COMPARABLE,standard_vde_indicator
SE,2023,Homicídio doloso,435,2281994,19.062276237360834,vítimas,FULL_12_MONTHS,COMPARABLE,standard_vde_indicator
SP,2023,Homicídio doloso,2507,45850570,5.467761905686232,vítimas,FULL_12_MONTHS,COMPARABLE,standard_vde_indicator
TO,2023,Homicídio doloso,344,1567191,21.950100530184258,vítimas,FULL_12_MONTHS,COMPARABLE,standard_vde_indicator
AC,2024,Homicídio doloso,157,880631,17.82812551454582,vítimas,FULL_12_MONTHS,COMPARABLE,standard_vde_indicator
AL,2024,Homicídio doloso,1029,3220104,31.95548963635957,vítimas,FULL_12_MONTHS,COMPARABLE,standard_vde_indicator
AM,2024,Homicídio doloso,1055,4281209,24.64257175951933,vítimas,FULL_12_MONTHS,COMPARABLE,standard_vde_indicator
AP,2024,Homicídio doloso,217,802837,27.029147884315247,vítimas,FULL_12_MONTHS,COMPARABLE,standard_vde_indicator
BA,2024,Homicídio doloso,4207,14850513,28.32898769220969,vítimas,FULL_12_MONTHS,COMPARABLE,standard_vde_indicator
CE,2024,Homicídio doloso,3178,9233656,34.41756981200079,vítimas,FULL_12_MONTHS,COMPARABLE,standard_vde_indicator
DF,2024,Homicídio doloso,211,2982818,7.073847616582708,vítimas,FULL_12_MONTHS,COMPARABLE,standard_vde_indicator
ES,2024,Homicídio doloso,815,4102129,19.86773209716223,vítimas,FULL_12_MONTHS,COMPARABLE,standard_vde_indicator
GO,2024,Homicídio doloso,903,7350483,12.28490699182625,vítimas,FULL_12_MONTHS,COMPARABLE,standard_vde_indicator
MA,2024,Homicídio doloso,1912,7010960,27.27158620217488,vítimas,FULL_12_MONTHS,COMPARABLE,standard_vde_indicator
MG,2024,Homicídio doloso,2766,21322691,12.972096251828628,vítimas,FULL_12_MONTHS,COMPARABLE,standard_vde_indicator
MS,2024,Homicídio doloso,421,2901895,14.507761307697212,vítimas,FULL_12_MONTHS,COMPARABLE,standard_vde_indicator
MT,2024,Homicídio doloso,855,3836399,22.286524420426552,vítimas,FULL_12_MONTHS,COMPARABLE,standard_vde_indicator
PA,2024,Homicídio doloso,1804,8664306,20.82105595070165,vítimas,FULL_12_MONTHS,COMPARABLE,standard_vde_indicator
PB,2024,Homicídio doloso,955,4145040,23.03958466022041,vítimas,FULL_12_MONTHS,COMPARABLE,standard_vde_indicator
PE,2024,Homicídio doloso,3209,9539029,33.640740582715495,vítimas,FULL_12_MONTHS,COMPARABLE,standard_vde_indicator
PI,2024,Homicídio doloso,584,3375646,17.300392280470167,vítimas,FULL_12_MONTHS,COMPARABLE,standard_vde_indicator
PR,2024,Homicídio doloso,1554,11824665,13.142021359590315,vítimas,FULL_12_MONTHS,COMPARABLE,standard_vde_indicator
RJ,2024,Homicídio doloso,3238,17219679,18.804067137372304,vítimas,FULL_12_MONTHS,COMPARABLE,standard_vde_indicator
RN,2024,Homicídio doloso,636,3446071,18.455800823604623,vítimas,FULL_12_MONTHS,COMPARABLE,standard_vde_indicator
RO,2024,Homicídio doloso,418,1746227,23.937323154435248,vítimas,FULL_12_MONTHS,COMPARABLE,standard_vde_indicator
RR,2024,Homicídio doloso,111,716793,15.485642298404143,vítimas,FULL_12_MONTHS,COMPARABLE,standard_vde_indicator
RS,2024,Homicídio doloso,1418,11229915,12.626987826711066,vítimas,FULL_12_MONTHS,COMPARABLE,standard_vde_indicator
SC,2024,Homicídio doloso,512,8058441,6.353586258185671,vítimas,FULL_12_MONTHS,COMPARABLE,standard_vde_indicator
SE,2024,Homicídio doloso,355,2291077,15.494896068530215,vítimas,FULL_12_MONTHS,COMPARABLE,standard_vde_indicator
SP,2024,Homicídio doloso,2377,45973194,5.170404301254336,vítimas,FULL_12_MONTHS,COMPARABLE,standard_vde_indicator
TO,2024,Homicídio doloso,239,1577342,15.152072283626506,vítimas,FULL_12_MONTHS,COMPARABLE,standard_vde_indicator
AC,2025,Homicídio doloso,164,884372,18.544232517537868,vítimas,FULL_12_MONTHS,COMPARABLE,standard_vde_indicator
AL,2025,Homicídio doloso,903,3220848,28.036094842103694,vítimas,FULL_12_MONTHS,COMPARABLE,standard_vde_indicator
AM,2025,Homicídio doloso,708,4321616,16.3827605229155,vítimas,FULL_12_MONTHS,COMPARABLE,standard_vde_indicator
AP,2025,Homicídio doloso,185,806517,22.93814017559456,vítimas,FULL_12_MONTHS,COMPARABLE,standard_vde_indicator
BA,2025,Homicídio doloso,3663,14870907,24.631987813520723,vítimas,FULL_12_MONTHS,COMPARABLE,standard_vde_indicator
CE,2025,Homicídio doloso,2927,9268836,31.57893828308107,vítimas,FULL_12_MONTHS,COMPARABLE,standard_vde_indicator
DF,2025,Homicídio doloso,221,2996899,7.37428922362749,vítimas,FULL_12_MONTHS,COMPARABLE,standard_vde_indicator
ES,2025,Homicídio doloso,762,4126854,18.464428351475483,vítimas,FULL_12_MONTHS,COMPARABLE,standard_vde_indicator
GO,2025,Homicídio doloso,757,7423629,10.197169066503728,vítimas,FULL_12_MONTHS,COMPARABLE,standard_vde_indicator
MA,2025,Homicídio doloso,1815,7018211,25.86129143167682,vítimas,FULL_12_MONTHS,COMPARABLE,standard_vde_indicator
MG,2025,Homicídio doloso,2317,21393441,10.83042227755694,vítimas,FULL_12_MONTHS,COMPARABLE,standard_vde_indicator
MS,2025,Homicídio doloso,309,2924631,10.565435434418907,vítimas,FULL_12_MONTHS,COMPARABLE,standard_vde_indicator
MT,2025,Homicídio doloso,675,3893659,17.335878668368238,vítimas,FULL_12_MONTHS,COMPARABLE,standard_vde_indicator
PA,2025,Homicídio doloso,1656,8711196,19.010018830938943,vítimas,FULL_12_MONTHS,COMPARABLE,standard_vde_indicator
PB,2025,Homicídio doloso,899,4164468,21.587391234606677,vítimas,FULL_12_MONTHS,COMPARABLE,standard_vde_indicator
PE,2025,Homicídio doloso,2883,9562007,30.150574037437956,vítimas,FULL_12_MONTHS,COMPARABLE,standard_vde_indicator
PI,2025,Homicídio doloso,489,3384547,14.448019188387693,vítimas,FULL_12_MONTHS,COMPARABLE,standard_vde_indicator
PR,2025,Homicídio doloso,1183,11890584,9.949048759926342,vítimas,FULL_12_MONTHS,COMPARABLE,standard_vde_indicator
RJ,2025,Homicídio doloso,3342,17223547,19.40366871005142,vítimas,FULL_12_MONTHS,COMPARABLE,standard_vde_indicator
RN,2025,Homicídio doloso,824,3455236,23.847864516345627,vítimas,FULL_12_MONTHS,COMPARABLE,standard_vde_indicator
RO,2025,Homicídio doloso,414,1751950,23.630811381603355,vítimas,FULL_12_MONTHS,COMPARABLE,standard_vde_indicator
RR,2025,Homicídio doloso,127,738772,17.190689414325394,vítimas,FULL_12_MONTHS,COMPARABLE,standard_vde_indicator
RS,2025,Homicídio doloso,1052,11233263,9.365043798938919,vítimas,FULL_12_MONTHS,COMPARABLE,standard_vde_indicator
SC,2025,Homicídio doloso,429,8186962,5.24003897904986,vítimas,FULL_12_MONTHS,COMPARABLE,standard_vde_indicator
SE,2025,Homicídio doloso,284,2299425,12.350913815410374,vítimas,FULL_12_MONTHS,COMPARABLE,standard_vde_indicator
SP,2025,Homicídio doloso,2257,46081801,4.897812045149885,vítimas,FULL_12_MONTHS,COMPARABLE,standard_vde_indicator
TO,2025,Homicídio doloso,247,1586859,15.56534008377556,vítimas,FULL_12_MONTHS,COMPARABLE,standard_vde_indicator
AC,2015,Latrocínio,12,826677,1.4515947582913278,vítimas,FULL_12_MONTHS,COMPARABLE,standard_vde_indicator
AL,2015,Latrocínio,55,3181178,1.7289192871319996,vítimas,FULL_12_MONTHS,COMPARABLE,standard_vde_indicator
AM,2015,Latrocínio,74,3859110,1.917540572826377,vítimas,FULL_12_MONTHS,COMPARABLE,standard_vde_indicator
AP,2015,Latrocínio,21,747050,2.8110568235057896,vítimas,FULL_12_MONTHS,COMPARABLE,standard_vde_indicator
BA,2015,Latrocínio,207,14470447,1.4305017668078948,vítimas,FULL_12_MONTHS,COMPARABLE,standard_vde_indicator
CE,2015,Latrocínio,65,8816218,0.7372775945422402,vítimas,FULL_12_MONTHS,COMPARABLE,standard_vde_indicator
DF,2015,Latrocínio,50,2794821,1.7890233399562978,vítimas,FULL_12_MONTHS,COMPARABLE,standard_vde_indicator
GO,2015,Latrocínio,0,6630429,0.0,vítimas,FULL_12_MONTHS,COMPARABLE,standard_vde_indicator
MA,2015,Latrocínio,116,6831416,1.698037420060497,vítimas,FULL_12_MONTHS,COMPARABLE,standard_vde_indicator
MG,2015,Latrocínio,91,20470203,0.44454859582975315,vítimas,FULL_12_MONTHS,COMPARABLE,standard_vde_indicator
MS,2015,Latrocínio,46,2652939,1.7339260344847733,vítimas,FULL_12_MONTHS,COMPARABLE,standard_vde_indicator
MT,2015,Latrocínio,52,3327512,1.5627291501878882,vítimas,FULL_12_MONTHS,COMPARABLE,standard_vde_indicator
PA,2015,Latrocínio,191,8131409,2.3489164055085654,vítimas,FULL_12_MONTHS,COMPARABLE,standard_vde_indicator
PB,2015,Latrocínio,48,3932039,1.2207406894997734,vítimas,FULL_12_MONTHS,COMPARABLE,standard_vde_indicator
PE,2015,Latrocínio,116,9213107,1.2590757927808718,vítimas,FULL_12_MONTHS,COMPARABLE,standard_vde_indicator
PI,2015,Latrocínio,47,3255812,1.4435722947148053,vítimas,FULL_12_MONTHS,COMPARABLE,standard_vde_indicator
PR,2015,Latrocínio,0,11101864,0.0,vítimas,FULL_12_MONTHS,COMPARABLE,standard_vde_indicator
RJ,2015,Latrocínio,133,16971856,0.783650297292176,vítimas,FULL_12_MONTHS,COMPARABLE,standard_vde_indicator
RN,2015,Latrocínio,58,3322012,1.745929876231633,vítimas,FULL_12_MONTHS,COMPARABLE,standard_vde_indicator
RO,2015,Latrocínio,16,1666906,0.9598621637932793,vítimas,FULL_12_MONTHS,COMPARABLE,standard_vde_indicator
RR,2015,Latrocínio,9,534380,1.6841947677682547,vítimas,FULL_12_MONTHS,COMPARABLE,standard_vde_indicator
RS,2015,Latrocínio,112,11070711,1.0116784730447754,vítimas,FULL_12_MONTHS,COMPARABLE,standard_vde_indicator
SC,2015,Latrocínio,71,6889914,1.0304918174595503,vítimas,FULL_12_MONTHS,COMPARABLE,standard_vde_indicator
SE,2015,Latrocínio,47,2182252,2.1537384316751687,vítimas,FULL_12_MONTHS,COMPARABLE,standard_vde_indicator
SP,2015,Latrocínio,356,44217931,0.8051032509865738,vítimas,FULL_12_MONTHS,COMPARABLE,standard_vde_indicator
TO,2015,Latrocínio,8,1471416,0.5436939655406765,vítimas,FULL_12_MONTHS,COMPARABLE,standard_vde_indicator
AC,2016,Latrocínio,13,836294,1.5544772532147786,vítimas,FULL_12_MONTHS,COMPARABLE,standard_vde_indicator
AL,2016,Latrocínio,60,3187906,1.8821132116191632,vítimas,FULL_12_MONTHS,COMPARABLE,standard_vde_indicator
AM,2016,Latrocínio,92,3914566,2.3501966756978936,vítimas,FULL_12_MONTHS,COMPARABLE,standard_vde_indicator
AP,2016,Latrocínio,26,756948,3.4348462509974267,vítimas,FULL_12_MONTHS,COMPARABLE,standard_vde_indicator
BA,2016,Latrocínio,212,14527076,1.4593439175233887,vítimas,FULL_12_MONTHS,COMPARABLE,standard_vde_indicator
CE,2016,Latrocínio,88,8873158,0.9917551338542603,vítimas,FULL_12_MONTHS,COMPARABLE,standard_vde_indicator
DF,2016,Latrocínio,47,2823570,1.6645594052918822,vítimas,FULL_12_MONTHS,COMPARABLE,standard_vde_indicator
ES,2016,Latrocínio,56,3870870,1.4467031959223637,vítimas,FULL_12_MONTHS,COMPARABLE,standard_vde_indicator
GO,2016,Latrocínio,93,6720503,1.3838249904806232,vítimas,FULL_12_MONTHS,COMPARABLE,standard_vde_indicator
MA,2016,Latrocínio,113,6863878,1.646299657423981,vítimas,FULL_12_MONTHS,COMPARABLE,standard_vde_indicator
MG,2016,Latrocínio,117,20588168,0.5682875717742346,vítimas,FULL_12_MONTHS,COMPARABLE,standard_vde_indicator
MS,2016,Latrocínio,46,2684756,1.7133773050511854,vítimas,FULL_12_MONTHS,COMPARABLE,standard_vde_indicator
MT,2016,Latrocínio,63,3380091,1.863855144728352,vítimas,FULL_12_MONTHS,COMPARABLE,standard_vde_indicator
PA,2016,Latrocínio,199,8207830,2.424514152949074,vítimas,FULL_12_MONTHS,COMPARABLE,standard_vde_indicator
PB,2016,Latrocínio,33,3957455,0.8338692417222685,vítimas,FULL_12_MONTHS,COMPARABLE,standard_vde_indicator
PE,2016,Latrocínio,169,9262684,1.8245251592303051,vítimas,FULL_12_MONTHS,COMPARABLE,standard_vde_indicator
PI,2016,Latrocínio,49,3271094,1.4979697923691584,vítimas,FULL_12_MONTHS,COMPARABLE,standard_vde_indicator
PR,2016,Latrocínio,0,11195664,0.0,vítimas,FULL_12_MONTHS,COMPARABLE,standard_vde_indicator
RJ,2016,Latrocínio,239,17043727,1.4022754530156463,vítimas,FULL_12_MONTHS,COMPARABLE,standard_vde_indicator
RN,2016,Latrocínio,57,3342283,1.7054211148487426,vítimas,FULL_12_MONTHS,COMPARABLE,standard_vde_indicator
RO,2016,Latrocínio,32,1680084,1.9046666714283333,vítimas,FULL_12_MONTHS,COMPARABLE,standard_vde_indicator
RR,2016,Latrocínio,5,548233,0.9120209837787948,vítimas,FULL_12_MONTHS,COMPARABLE,standard_vde_indicator
RS,2016,Latrocínio,126,11109776,1.1341362778151423,vítimas,FULL_12_MONTHS,COMPARABLE,standard_vde_indicator
SC,2016,Latrocínio,60,7011473,0.8557402987931352,vítimas,FULL_12_MONTHS,COMPARABLE,standard_vde_indicator
SE,2016,Latrocínio,49,2198312,2.228982965111413,vítimas,FULL_12_MONTHS,COMPARABLE,standard_vde_indicator
SP,2016,Latrocínio,361,44530110,0.8106874202646255,vítimas,FULL_12_MONTHS,COMPARABLE,standard_vde_indicator
TO,2016,Latrocínio,16,1485416,1.0771393333584667,vítimas,FULL_12_MONTHS,COMPARABLE,standard_vde_indicator
AC,2017,Latrocínio,25,844496,2.9603455789014985,vítimas,FULL_12_MONTHS,COMPARABLE,standard_vde_indicator
AL,2017,Latrocínio,59,3193155,1.847702350809779,vítimas,FULL_12_MONTHS,COMPARABLE,standard_vde_indicator
AM,2017,Latrocínio,77,3966332,1.9413402609766404,vítimas,FULL_12_MONTHS,COMPARABLE,standard_vde_indicator
AP,2017,Latrocínio,22,765558,2.873720867654704,vítimas,FULL_12_MONTHS,COMPARABLE,standard_vde_indicator
BA,2017,Latrocínio,176,14578692,1.207241362942574,vítimas,FULL_12_MONTHS,COMPARABLE,standard_vde_indicator
CE,2017,Latrocínio,88,8924184,0.9860845540611892,vítimas,FULL_12_MONTHS,COMPARABLE,standard_vde_indicator
DF,2017,Latrocínio,36,2850314,1.2630187410930866,vítimas,FULL_12_MONTHS,COMPARABLE,standard_vde_indicator
ES,2017,Latrocínio,45,3904551,1.1525012735139073,vítimas,FULL_12_MONTHS,COMPARABLE,standard_vde_indicator
GO,2017,Latrocínio,23,6805532,0.33796035343012126,vítimas,FULL_12_MONTHS,COMPARABLE,standard_vde_indicator
MA,2017,Latrocínio,96,6890375,1.3932478275855813,vítimas,FULL_12_MONTHS,COMPARABLE,standard_vde_indicator
MG,2017,Latrocínio,81,20695003,0.3913988318822665,vítimas,FULL_12_MONTHS,COMPARABLE,standard_vde_indicator
MS,2017,Latrocínio,26,2715557,0.9574462992306919,vítimas,FULL_12_MONTHS,COMPARABLE,standard_vde_indicator
MT,2017,Latrocínio,45,3433278,1.310700735565253,vítimas,FULL_12_MONTHS,COMPARABLE,standard_vde_indicator
PA,2017,Latrocínio,231,8275842,2.7912567687976644,vítimas,FULL_12_MONTHS,COMPARABLE,standard_vde_indicator
PB,2017,Latrocínio,37,3981512,0.9292952024256111,vítimas,FULL_12_MONTHS,COMPARABLE,standard_vde_indicator
PE,2017,Latrocínio,250,9304183,2.6869634872830854,vítimas,FULL_12_MONTHS,COMPARABLE,standard_vde_indicator
PI,2017,Latrocínio,45,3285746,1.3695519982372344,vítimas,FULL_12_MONTHS,COMPARABLE,standard_vde_indicator
PR,2017,Latrocínio,73,11285193,0.6468653216653008,vítimas,FULL_12_MONTHS,COMPARABLE,standard_vde_indicator
RJ,2017,Latrocínio,237,17100398,1.3859326549007807,vítimas,FULL_12_MONTHS,COMPARABLE,standard_vde_indicator
RN,2017,Latrocínio,75,3359217,2.2326631473941694,vítimas,FULL_12_MONTHS,COMPARABLE,standard_vde_indicator
RO,2017,Latrocínio,22,1691568,1.3005684666534245,vítimas,FULL_12_MONTHS,COMPARABLE,standard_vde_indicator
RR,2017,Latrocínio,7,564013,1.2411061447165226,vítimas,FULL_12_MONTHS,COMPARABLE,standard_vde_indicator
RS,2017,Latrocínio,96,11141074,0.8616763518490228,vítimas,FULL_12_MONTHS,COMPARABLE,standard_vde_indicator
SC,2017,Latrocínio,65,7135459,0.9109435006213336,vítimas,FULL_12_MONTHS,COMPARABLE,standard_vde_indicator
SE,2017,Latrocínio,58,2212722,2.621205917417552,vítimas,FULL_12_MONTHS,COMPARABLE,standard_vde_indicator
SP,2017,Latrocínio,338,44809066,0.7543116386313431,vítimas,FULL_12_MONTHS,COMPARABLE,standard_vde_indicator
TO,2017,Latrocínio,16,1498537,1.0677080379063046,vítimas,FULL_12_MONTHS,COMPARABLE,standard_vde_indicator
AC,2018,Latrocínio,20,851504,2.3487852082902725,vítimas,FULL_12_MONTHS,COMPARABLE,standard_vde_indicator
AL,2018,Latrocínio,46,3200128,1.437442502299908,vítimas,FULL_12_MONTHS,COMPARABLE,standard_vde_indicator
AM,2018,Latrocínio,56,4018483,1.393560704375258,vítimas,FULL_12_MONTHS,COMPARABLE,standard_vde_indicator
AP,2018,Latrocínio,19,772784,2.458643036087704,vítimas,FULL_12_MONTHS,COMPARABLE,standard_vde_indicator
BA,2018,Latrocínio,137,14632652,0.9362622715280866,vítimas,FULL_12_MONTHS,COMPARABLE,standard_vde_indicator
CE,2018,Latrocínio,53,8976628,0.5904221496089623,vítimas,FULL_12_MONTHS,COMPARABLE,standard_vde_indicator
DF,2018,Latrocínio,32,2875413,1.112883610110965,vítimas,FULL_12_MONTHS,COMPARABLE,standard_vde_indicator
ES,2018,Latrocínio,34,3937119,0.8635756247144168,vítimas,FULL_12_MONTHS,COMPARABLE,standard_vde_indicator
GO,2018,Latrocínio,104,6888446,1.5097744832433904,vítimas,FULL_12_MONTHS,COMPARABLE,standard_vde_indicator
MA,2018,Latrocínio,71,6917016,1.0264541819767368,vítimas,FULL_12_MONTHS,COMPARABLE,standard_vde_indicator
MG,2018,Latrocínio,82,20801238,0.39420730631513373,vítimas,FULL_12_MONTHS,COMPARABLE,standard_vde_indicator
MS,2018,Latrocínio,30,2746161,1.0924341289531094,vítimas,FULL_12_MONTHS,COMPARABLE,standard_vde_indicator
MT,2018,Latrocínio,37,3490648,1.0599751106384832,vítimas,FULL_12_MONTHS,COMPARABLE,standard_vde_indicator
PA,2018,Latrocínio,203,8339467,2.434208325304243,vítimas,FULL_12_MONTHS,COMPARABLE,standard_vde_indicator
PB,2018,Latrocínio,34,4008413,0.8482159897196222,vítimas,FULL_12_MONTHS,COMPARABLE,standard_vde_indicator
PE,2018,Latrocínio,129,9348293,1.3799310740474224,vítimas,FULL_12_MONTHS,COMPARABLE,standard_vde_indicator
PI,2018,Latrocínio,46,3302227,1.3929993304518435,vítimas,FULL_12_MONTHS,COMPARABLE,standard_vde_indicator
PR,2018,Latrocínio,80,11373980,0.7033597737994968,vítimas,FULL_12_MONTHS,COMPARABLE,standard_vde_indicator
RJ,2018,Latrocínio,174,17148943,1.0146397944176502,vítimas,FULL_12_MONTHS,COMPARABLE,standard_vde_indicator
RN,2018,Latrocínio,94,3375511,2.7847635513556317,vítimas,FULL_12_MONTHS,COMPARABLE,standard_vde_indicator
RO,2018,Latrocínio,17,1701892,0.998888296084593,vítimas,FULL_12_MONTHS,COMPARABLE,standard_vde_indicator
RR,2018,Latrocínio,14,587497,2.382990891868384,vítimas,FULL_12_MONTHS,COMPARABLE,standard_vde_indicator
RS,2018,Latrocínio,95,11167531,0.8506804234525966,vítimas,FULL_12_MONTHS,COMPARABLE,standard_vde_indicator
SC,2018,Latrocínio,44,7266127,0.60554955893284,vítimas,FULL_12_MONTHS,COMPARABLE,standard_vde_indicator
SE,2018,Latrocínio,32,2227068,1.4368667683249905,vítimas,FULL_12_MONTHS,COMPARABLE,standard_vde_indicator
SP,2018,Latrocínio,278,45062167,0.6169255020514215,vítimas,FULL_12_MONTHS,COMPARABLE,standard_vde_indicator
TO,2018,Latrocínio,27,1511702,1.7860663014271332,vítimas,FULL_12_MONTHS,COMPARABLE,standard_vde_indicator
AC,2019,Latrocínio,13,857919,1.5152945674358536,vítimas,FULL_12_MONTHS,COMPARABLE,standard_vde_indicator
AL,2019,Latrocínio,20,3208704,0.6233046114568374,vítimas,FULL_12_MONTHS,COMPARABLE,standard_vde_indicator
AM,2019,Latrocínio,47,4073280,1.153861261685914,vítimas,FULL_12_MONTHS,COMPARABLE,standard_vde_indicator
AP,2019,Latrocínio,16,779468,2.0526820857302672,vítimas,FULL_12_MONTHS,COMPARABLE,standard_vde_indicator
BA,2019,Latrocínio,142,14693250,0.9664301635104555,vítimas,FULL_12_MONTHS,COMPARABLE,standard_vde_indicator
CE,2019,Latrocínio,37,9035631,0.40948994043692133,vítimas,FULL_12_MONTHS,COMPARABLE,standard_vde_indicator
DF,2019,Latrocínio,25,2899708,0.862155775685,vítimas,FULL_12_MONTHS,COMPARABLE,standard_vde_indicator
ES,2019,Latrocínio,26,3970009,0.6549103541075095,vítimas,FULL_12_MONTHS,COMPARABLE,standard_vde_indicator
GO,2019,Latrocínio,59,6974736,0.8459101534452343,vítimas,FULL_12_MONTHS,COMPARABLE,standard_vde_indicator
MA,2019,Latrocínio,76,6946725,1.0940407170285278,vítimas,FULL_12_MONTHS,COMPARABLE,standard_vde_indicator
MG,2019,Latrocínio,79,20916751,0.37768772023915187,vítimas,FULL_12_MONTHS,COMPARABLE,standard_vde_indicator
MS,2019,Latrocínio,20,2777028,0.7201943948710636,vítimas,FULL_12_MONTHS,COMPARABLE,standard_vde_indicator
MT,2019,Latrocínio,41,3551996,1.1542805791447963,vítimas,FULL_12_MONTHS,COMPARABLE,standard_vde_indicator
PA,2019,Latrocínio,138,8404430,1.6419911879806246,vítimas,FULL_12_MONTHS,COMPARABLE,standard_vde_indicator
PB,2019,Latrocínio,26,4037810,0.6439134085060961,vítimas,FULL_12_MONTHS,COMPARABLE,standard_vde_indicator
PE,2019,Latrocínio,136,9396505,1.447346646439288,vítimas,FULL_12_MONTHS,COMPARABLE,standard_vde_indicator
PI,2019,Latrocínio,37,3320228,1.114381301525076,vítimas,FULL_12_MONTHS,COMPARABLE,standard_vde_indicator
PR,2019,Latrocínio,99,11468227,0.8632546251482466,vítimas,FULL_12_MONTHS,COMPARABLE,standard_vde_indicator
RJ,2019,Latrocínio,117,17193919,0.6804731370433931,vítimas,FULL_12_MONTHS,COMPARABLE,standard_vde_indicator
RN,2019,Latrocínio,62,3392434,1.8275963511744076,vítimas,FULL_12_MONTHS,COMPARABLE,standard_vde_indicator
RO,2019,Latrocínio,14,1712560,0.8174896062035782,vítimas,FULL_12_MONTHS,COMPARABLE,standard_vde_indicator
RR,2019,Latrocínio,17,618125,2.750252780586451,vítimas,FULL_12_MONTHS,COMPARABLE,standard_vde_indicator
RS,2019,Latrocínio,73,11194346,0.6521149158691361,vítimas,FULL_12_MONTHS,COMPARABLE,standard_vde_indicator
SC,2019,Latrocínio,28,7403723,0.37818810887441356,vítimas,FULL_12_MONTHS,COMPARABLE,standard_vde_indicator
SE,2019,Latrocínio,25,2241300,1.1154240842368268,vítimas,FULL_12_MONTHS,COMPARABLE,standard_vde_indicator
SP,2019,Latrocínio,199,45306139,0.43923407377530005,vítimas,FULL_12_MONTHS,COMPARABLE,standard_vde_indicator
TO,2019,Latrocínio,31,1525148,2.0325896240889407,vítimas,FULL_12_MONTHS,COMPARABLE,standard_vde_indicator
AC,2020,Latrocínio,12,863657,1.3894404838958059,vítimas,FULL_12_MONTHS,COMPARABLE,standard_vde_indicator
AL,2020,Latrocínio,23,3214823,0.7154359664591177,vítimas,FULL_12_MONTHS,COMPARABLE,standard_vde_indicator
AM,2020,Latrocínio,46,4121226,1.1161727117124856,vítimas,FULL_12_MONTHS,COMPARABLE,standard_vde_indicator
AP,2020,Latrocínio,13,785533,1.6549272914059625,vítimas,FULL_12_MONTHS,COMPARABLE,standard_vde_indicator
BA,2020,Latrocínio,108,14748551,0.7322753265727596,vítimas,FULL_12_MONTHS,COMPARABLE,standard_vde_indicator
CE,2020,Latrocínio,48,9088929,0.5281150287344086,vítimas,FULL_12_MONTHS,COMPARABLE,standard_vde_indicator
DF,2020,Latrocínio,32,2921417,1.0953588618126067,vítimas,FULL_12_MONTHS,COMPARABLE,standard_vde_indicator
ES,2020,Latrocínio,39,4001467,0.9746425498448444,vítimas,FULL_12_MONTHS,COMPARABLE,standard_vde_indicator
GO,2020,Latrocínio,46,7060290,0.6515313110367987,vítimas,FULL_12_MONTHS,COMPARABLE,standard_vde_indicator
MA,2020,Latrocínio,75,6970988,1.0758876647040563,vítimas,FULL_12_MONTHS,COMPARABLE,standard_vde_indicator
MG,2020,Latrocínio,106,21032009,0.5039936983670937,vítimas,FULL_12_MONTHS,COMPARABLE,standard_vde_indicator
MS,2020,Latrocínio,18,2806866,0.6412846213534953,vítimas,FULL_12_MONTHS,COMPARABLE,standard_vde_indicator
MT,2020,Latrocínio,27,3611987,0.7475109960251795,vítimas,FULL_12_MONTHS,COMPARABLE,standard_vde_indicator
PA,2020,Latrocínio,111,8465192,1.3112520070424865,vítimas,FULL_12_MONTHS,COMPARABLE,standard_vde_indicator
PB,2020,Latrocínio,26,4064935,0.6396166236360483,vítimas,FULL_12_MONTHS,COMPARABLE,standard_vde_indicator
PE,2020,Latrocínio,124,9438962,1.3137037737836004,vítimas,FULL_12_MONTHS,COMPARABLE,standard_vde_indicator
PI,2020,Latrocínio,42,3335863,1.2590445111205106,vítimas,FULL_12_MONTHS,COMPARABLE,standard_vde_indicator
PR,2020,Latrocínio,59,11560987,0.5103370499421892,vítimas,FULL_12_MONTHS,COMPARABLE,standard_vde_indicator
RJ,2020,Latrocínio,87,17222305,0.5051588623009522,vítimas,FULL_12_MONTHS,COMPARABLE,standard_vde_indicator
RN,2020,Latrocínio,64,3407618,1.8781447920512218,vítimas,FULL_12_MONTHS,COMPARABLE,standard_vde_indicator
RO,2020,Latrocínio,14,1722753,0.8126527714652071,vítimas,FULL_12_MONTHS,COMPARABLE,standard_vde_indicator
RR,2020,Latrocínio,16,640975,2.496197199578767,vítimas,FULL_12_MONTHS,COMPARABLE,standard_vde_indicator
RS,2020,Latrocínio,75,11220286,0.6684321593941545,vítimas,FULL_12_MONTHS,COMPARABLE,standard_vde_indicator
SC,2020,Latrocínio,20,7541975,0.2651825284491131,vítimas,FULL_12_MONTHS,COMPARABLE,standard_vde_indicator
SE,2020,Latrocínio,29,2254218,1.2864771730152098,vítimas,FULL_12_MONTHS,COMPARABLE,standard_vde_indicator
SP,2020,Latrocínio,183,45523191,0.4019929095040811,vítimas,FULL_12_MONTHS,COMPARABLE,standard_vde_indicator
TO,2020,Latrocínio,18,1537886,1.1704378608037267,vítimas,FULL_12_MONTHS,COMPARABLE,standard_vde_indicator
AC,2021,Latrocínio,8,868346,0.9212917431530749,vítimas,FULL_12_MONTHS,COMPARABLE,standard_vde_indicator
AL,2021,Latrocínio,24,3217819,0.7458467987167706,vítimas,FULL_12_MONTHS,COMPARABLE,standard_vde_indicator
AM,2021,Latrocínio,69,4160013,1.6586486628767747,vítimas,FULL_12_MONTHS,COMPARABLE,standard_vde_indicator
AP,2021,Latrocínio,20,790871,2.5288574242828474,vítimas,FULL_12_MONTHS,COMPARABLE,standard_vde_indicator
BA,2021,Latrocínio,137,14788270,0.9264099181310593,vítimas,FULL_12_MONTHS,COMPARABLE,standard_vde_indicator
CE,2021,Latrocínio,43,9129520,0.4709995706236472,vítimas,FULL_12_MONTHS,COMPARABLE,standard_vde_indicator
DF,2021,Latrocínio,23,2938025,0.7828388117868296,vítimas,FULL_12_MONTHS,COMPARABLE,standard_vde_indicator
ES,2021,Latrocínio,43,4027541,1.0676489699297909,vítimas,FULL_12_MONTHS,COMPARABLE,standard_vde_indicator
GO,2021,Latrocínio,34,7133954,0.47659404588254983,vítimas,FULL_12_MONTHS,COMPARABLE,standard_vde_indicator
MA,2021,Latrocínio,97,6988154,1.3880632853826633,vítimas,FULL_12_MONTHS,COMPARABLE,standard_vde_indicator
MG,2021,Latrocínio,93,21117017,0.44040311185997527,vítimas,FULL_12_MONTHS,COMPARABLE,standard_vde_indicator
MS,2021,Latrocínio,14,2831943,0.4943602325329288,vítimas,FULL_12_MONTHS,COMPARABLE,standard_vde_indicator
MT,2021,Latrocínio,30,3666669,0.8181812975209924,vítimas,FULL_12_MONTHS,COMPARABLE,standard_vde_indicator
PA,2021,Latrocínio,110,8520153,1.291056627738962,vítimas,FULL_12_MONTHS,COMPARABLE,standard_vde_indicator
PB,2021,Latrocínio,22,4087783,0.5381890379210442,vítimas,FULL_12_MONTHS,COMPARABLE,standard_vde_indicator
PE,2021,Latrocínio,124,9470176,1.3093737645424963,vítimas,FULL_12_MONTHS,COMPARABLE,standard_vde_indicator
PI,2021,Latrocínio,41,3347856,1.224664382219546,vítimas,FULL_12_MONTHS,COMPARABLE,standard_vde_indicator
PR,2021,Latrocínio,41,11630298,0.35252751047307646,vítimas,FULL_12_MONTHS,COMPARABLE,standard_vde_indicator
RJ,2021,Latrocínio,110,17220455,0.6387752239995982,vítimas,FULL_12_MONTHS,COMPARABLE,standard_vde_indicator
RN,2021,Latrocínio,54,3419382,1.579232738547492,vítimas,FULL_12_MONTHS,COMPARABLE,standard_vde_indicator
RO,2021,Latrocínio,18,1729622,1.0406898154625692,vítimas,FULL_12_MONTHS,COMPARABLE,standard_vde_indicator
RR,2021,Latrocínio,13,654972,1.9848176715951216,vítimas,FULL_12_MONTHS,COMPARABLE,standard_vde_indicator
RS,2021,Latrocínio,67,11227789,0.5967336935170406,vítimas,FULL_12_MONTHS,COMPARABLE,standard_vde_indicator
SC,2021,Latrocínio,23,7671648,0.2998052048269159,vítimas,FULL_12_MONTHS,COMPARABLE,standard_vde_indicator
SE,2021,Latrocínio,17,2264937,0.750572753237728,vítimas,FULL_12_MONTHS,COMPARABLE,standard_vde_indicator
SP,2021,Latrocínio,173,45651915,0.3789545301659306,vítimas,FULL_12_MONTHS,COMPARABLE,standard_vde_indicator
TO,2021,Latrocínio,10,1548514,0.645780406247538,vítimas,FULL_12_MONTHS,COMPARABLE,standard_vde_indicator
AC,2022,Latrocínio,6,872566,0.687627067751895,vítimas,FULL_12_MONTHS,COMPARABLE,standard_vde_indicator
AL,2022,Latrocínio,25,3218381,0.7767880807151173,vítimas,FULL_12_MONTHS,COMPARABLE,standard_vde_indicator
AM,2022,Latrocínio,56,4199791,1.3333996858415098,vítimas,FULL_12_MONTHS,COMPARABLE,standard_vde_indicator
AP,2022,Latrocínio,22,795457,2.765705751536538,vítimas,FULL_12_MONTHS,COMPARABLE,standard_vde_indicator
BA,2022,Latrocínio,87,14811339,0.5873878114598552,vítimas,FULL_12_MONTHS,COMPARABLE,standard_vde_indicator
CE,2022,Latrocínio,44,9162955,0.4801944350921728,vítimas,FULL_12_MONTHS,COMPARABLE,standard_vde_indicator
DF,2022,Latrocínio,20,2952426,0.6774090188881957,vítimas,FULL_12_MONTHS,COMPARABLE,standard_vde_indicator
ES,2022,Latrocínio,28,4050913,0.6912022055274947,vítimas,FULL_12_MONTHS,COMPARABLE,standard_vde_indicator
GO,2022,Latrocínio,33,7201254,0.4582535208451195,vítimas,FULL_12_MONTHS,COMPARABLE,standard_vde_indicator
MA,2022,Latrocínio,95,6998087,1.3575138462839915,vítimas,FULL_12_MONTHS,COMPARABLE,standard_vde_indicator
MG,2022,Latrocínio,77,21178401,0.36357796794951613,vítimas,FULL_12_MONTHS,COMPARABLE,standard_vde_indicator
MS,2022,Latrocínio,12,2854377,0.42040697497212176,vítimas,FULL_12_MONTHS,COMPARABLE,standard_vde_indicator
MT,2022,Latrocínio,29,3720967,0.779367298876878,vítimas,FULL_12_MONTHS,COMPARABLE,standard_vde_indicator
PA,2022,Latrocínio,87,8570045,1.0151638643671066,vítimas,FULL_12_MONTHS,COMPARABLE,standard_vde_indicator
PB,2022,Latrocínio,34,4106026,0.8280512592954843,vítimas,FULL_12_MONTHS,COMPARABLE,standard_vde_indicator
PE,2022,Latrocínio,104,9493026,1.0955410845814602,vítimas,FULL_12_MONTHS,COMPARABLE,standard_vde_indicator
PI,2022,Latrocínio,25,3357043,0.7447030020169536,vítimas,FULL_12_MONTHS,COMPARABLE,standard_vde_indicator
PR,2022,Latrocínio,54,11686692,0.4620640297528163,vítimas,FULL_12_MONTHS,COMPARABLE,standard_vde_indicator
RJ,2022,Latrocínio,64,17211760,0.37183878929290204,vítimas,FULL_12_MONTHS,COMPARABLE,standard_vde_indicator
RN,2022,Latrocínio,33,3427955,0.9626730805976158,vítimas,FULL_12_MONTHS,COMPARABLE,standard_vde_indicator
RO,2022,Latrocínio,13,1734648,0.7494315849670942,vítimas,FULL_12_MONTHS,COMPARABLE,standard_vde_indicator
RR,2022,Latrocínio,7,673404,1.0394948648953675,vítimas,FULL_12_MONTHS,COMPARABLE,standard_vde_indicator
RS,2022,Latrocínio,53,11220506,0.4723494644537421,vítimas,FULL_12_MONTHS,COMPARABLE,standard_vde_indicator
SC,2022,Latrocínio,25,7796817,0.3206436677941781,vítimas,FULL_12_MONTHS,COMPARABLE,standard_vde_indicator
SE,2022,Latrocínio,11,2273589,0.4838165561145836,vítimas,FULL_12_MONTHS,COMPARABLE,standard_vde_indicator
SP,2022,Latrocínio,178,45736978,0.3891818125806213,vítimas,FULL_12_MONTHS,COMPARABLE,standard_vde_indicator
TO,2022,Latrocínio,19,1557580,1.2198410354524327,vítimas,FULL_12_MONTHS,COMPARABLE,standard_vde_indicator
AC,2023,Latrocínio,4,876582,0.4563178344980846,vítimas,FULL_12_MONTHS,COMPARABLE,standard_vde_indicator
AL,2023,Latrocínio,17,3218607,0.5281788053030395,vítimas,FULL_12_MONTHS,COMPARABLE,standard_vde_indicator
AM,2023,Latrocínio,36,4240571,0.8489422768773356,vítimas,FULL_12_MONTHS,COMPARABLE,standard_vde_indicator
AP,2023,Latrocínio,13,799124,1.626781325551479,vítimas,FULL_12_MONTHS,COMPARABLE,standard_vde_indicator
BA,2023,Latrocínio,69,14828806,0.46531055838211116,vítimas,FULL_12_MONTHS,COMPARABLE,standard_vde_indicator
CE,2023,Latrocínio,24,9196672,0.26096396609556155,vítimas,FULL_12_MONTHS,COMPARABLE,standard_vde_indicator
DF,2023,Latrocínio,18,2967543,0.606562398590349,vítimas,FULL_12_MONTHS,COMPARABLE,standard_vde_indicator
ES,2023,Latrocínio,32,4076068,0.7850703177670245,vítimas,FULL_12_MONTHS,COMPARABLE,standard_vde_indicator
GO,2023,Latrocínio,16,7274463,0.21994750677816355,vítimas,FULL_12_MONTHS,COMPARABLE,standard_vde_indicator
MA,2023,Latrocínio,57,7003234,0.8139096880098537,vítimas,FULL_12_MONTHS,COMPARABLE,standard_vde_indicator
MG,2023,Latrocínio,75,21247401,0.3529843485327923,vítimas,FULL_12_MONTHS,COMPARABLE,standard_vde_indicator
MS,2023,Latrocínio,6,2878009,0.20847745785367594,vítimas,FULL_12_MONTHS,COMPARABLE,standard_vde_indicator
MT,2023,Latrocínio,15,3778389,0.39699459213966587,vítimas,FULL_12_MONTHS,COMPARABLE,standard_vde_indicator
PA,2023,Latrocínio,79,8616120,0.9168860229430417,vítimas,FULL_12_MONTHS,COMPARABLE,standard_vde_indicator
PB,2023,Latrocínio,25,4124468,0.606138779595332,vítimas,FULL_12_MONTHS,COMPARABLE,standard_vde_indicator
PE,2023,Latrocínio,87,9514483,0.9143954537519274,vítimas,FULL_12_MONTHS,COMPARABLE,standard_vde_indicator
PI,2023,Latrocínio,21,3365881,0.6239079753562292,vítimas,FULL_12_MONTHS,COMPARABLE,standard_vde_indicator
PR,2023,Latrocínio,51,11753862,0.43389993859039694,vítimas,FULL_12_MONTHS,COMPARABLE,standard_vde_indicator
RJ,2023,Latrocínio,65,17213813,0.37760373021363713,vítimas,FULL_12_MONTHS,COMPARABLE,standard_vde_indicator
RN,2023,Latrocínio,32,3436278,0.9312401383124416,vítimas,FULL_12_MONTHS,COMPARABLE,standard_vde_indicator
RO,2023,Latrocínio,7,1740255,0.4022399016236126,vítimas,FULL_12_MONTHS,COMPARABLE,standard_vde_indicator
RR,2023,Latrocínio,9,695270,1.29446114459131,vítimas,FULL_12_MONTHS,COMPARABLE,standard_vde_indicator
RS,2023,Latrocínio,42,11222292,0.37425509869106954,vítimas,FULL_12_MONTHS,COMPARABLE,standard_vde_indicator
SC,2023,Latrocínio,11,7927212,0.13876253088727789,vítimas,FULL_12_MONTHS,COMPARABLE,standard_vde_indicator
SE,2023,Latrocínio,6,2281994,0.26292794810152875,vítimas,FULL_12_MONTHS,COMPARABLE,standard_vde_indicator
SP,2023,Latrocínio,166,45850570,0.36204566268205607,vítimas,FULL_12_MONTHS,COMPARABLE,standard_vde_indicator
TO,2023,Latrocínio,21,1567191,1.3399770672496205,vítimas,FULL_12_MONTHS,COMPARABLE,standard_vde_indicator
AC,2024,Latrocínio,1,880631,0.1135549395830944,vítimas,FULL_12_MONTHS,COMPARABLE,standard_vde_indicator
AL,2024,Latrocínio,4,3220104,0.12421959042316645,vítimas,FULL_12_MONTHS,COMPARABLE,standard_vde_indicator
AM,2024,Latrocínio,22,4281209,0.5138735343217301,vítimas,FULL_12_MONTHS,COMPARABLE,standard_vde_indicator
AP,2024,Latrocínio,4,802837,0.49823314072470504,vítimas,FULL_12_MONTHS,COMPARABLE,standard_vde_indicator
BA,2024,Latrocínio,75,14850513,0.5050330584539403,vítimas,FULL_12_MONTHS,COMPARABLE,standard_vde_indicator
CE,2024,Latrocínio,41,9233656,0.44402780437131295,vítimas,FULL_12_MONTHS,COMPARABLE,standard_vde_indicator
DF,2024,Latrocínio,8,2982818,0.26820275323536336,vítimas,FULL_12_MONTHS,COMPARABLE,standard_vde_indicator
ES,2024,Latrocínio,39,4102129,0.9507258304163521,vítimas,FULL_12_MONTHS,COMPARABLE,standard_vde_indicator
GO,2024,Latrocínio,19,7350483,0.2584864151104084,vítimas,FULL_12_MONTHS,COMPARABLE,standard_vde_indicator
MA,2024,Latrocínio,62,7010960,0.8843296781039972,vítimas,FULL_12_MONTHS,COMPARABLE,standard_vde_indicator
MG,2024,Latrocínio,56,21322691,0.2626310159444697,vítimas,FULL_12_MONTHS,COMPARABLE,standard_vde_indicator
MS,2024,Latrocínio,22,2901895,0.7581252939889279,vítimas,FULL_12_MONTHS,COMPARABLE,standard_vde_indicator
MT,2024,Latrocínio,20,3836399,0.5213222086649486,vítimas,FULL_12_MONTHS,COMPARABLE,standard_vde_indicator
PA,2024,Latrocínio,67,8664306,0.7732875547100945,vítimas,FULL_12_MONTHS,COMPARABLE,standard_vde_indicator
PB,2024,Latrocínio,16,4145040,0.386003512631965,vítimas,FULL_12_MONTHS,COMPARABLE,standard_vde_indicator
PE,2024,Latrocínio,77,9539029,0.8072100420283868,vítimas,FULL_12_MONTHS,COMPARABLE,standard_vde_indicator
PI,2024,Latrocínio,19,3375646,0.5628552283029677,vítimas,FULL_12_MONTHS,COMPARABLE,standard_vde_indicator
PR,2024,Latrocínio,46,11824665,0.3890173632825962,vítimas,FULL_12_MONTHS,COMPARABLE,standard_vde_indicator
RJ,2024,Latrocínio,99,17219679,0.5749236092031681,vítimas,FULL_12_MONTHS,COMPARABLE,standard_vde_indicator
RN,2024,Latrocínio,23,3446071,0.6674267593441923,vítimas,FULL_12_MONTHS,COMPARABLE,standard_vde_indicator
RO,2024,Latrocínio,10,1746227,0.5726632333596949,vítimas,FULL_12_MONTHS,COMPARABLE,standard_vde_indicator
RR,2024,Latrocínio,6,716793,0.8370617458596833,vítimas,FULL_12_MONTHS,COMPARABLE,standard_vde_indicator
RS,2024,Latrocínio,31,11229915,0.2760483939548964,vítimas,FULL_12_MONTHS,COMPARABLE,standard_vde_indicator
SC,2024,Latrocínio,17,8058441,0.2109589187288211,vítimas,FULL_12_MONTHS,COMPARABLE,standard_vde_indicator
SE,2024,Latrocínio,7,2291077,0.3055331619146803,vítimas,FULL_12_MONTHS,COMPARABLE,standard_vde_indicator
SP,2024,Latrocínio,170,45973194,0.36978070307666683,vítimas,FULL_12_MONTHS,COMPARABLE,standard_vde_indicator
TO,2024,Latrocínio,6,1577342,0.38038675189020515,vítimas,FULL_12_MONTHS,COMPARABLE,standard_vde_indicator
AC,2025,Latrocínio,6,884372,0.6784475311294342,vítimas,FULL_12_MONTHS,COMPARABLE,standard_vde_indicator
AL,2025,Latrocínio,6,3220848,0.18628634446580528,vítimas,FULL_12_MONTHS,COMPARABLE,standard_vde_indicator
AM,2025,Latrocínio,17,4321616,0.39337136848808407,vítimas,FULL_12_MONTHS,COMPARABLE,standard_vde_indicator
AP,2025,Latrocínio,4,806517,0.495959787580423,vítimas,FULL_12_MONTHS,COMPARABLE,standard_vde_indicator
BA,2025,Latrocínio,60,14870907,0.4034723638578333,vítimas,FULL_12_MONTHS,COMPARABLE,standard_vde_indicator
CE,2025,Latrocínio,25,9268836,0.2697210307745223,vítimas,FULL_12_MONTHS,COMPARABLE,standard_vde_indicator
DF,2025,Latrocínio,12,2996899,0.4004138944956103,vítimas,FULL_12_MONTHS,COMPARABLE,standard_vde_indicator
ES,2025,Latrocínio,25,4126854,0.6057883317413216,vítimas,FULL_12_MONTHS,COMPARABLE,standard_vde_indicator
GO,2025,Latrocínio,19,7423629,0.2559395142187197,vítimas,FULL_12_MONTHS,COMPARABLE,standard_vde_indicator
MA,2025,Latrocínio,59,7018211,0.8406700795972079,vítimas,FULL_12_MONTHS,COMPARABLE,standard_vde_indicator
MG,2025,Latrocínio,44,21393441,0.20567051368688188,vítimas,FULL_12_MONTHS,COMPARABLE,standard_vde_indicator
MS,2025,Latrocínio,5,2924631,0.1709617384210179,vítimas,FULL_12_MONTHS,COMPARABLE,standard_vde_indicator
MT,2025,Latrocínio,15,3893659,0.3852417481859608,vítimas,FULL_12_MONTHS,COMPARABLE,standard_vde_indicator
PA,2025,Latrocínio,69,8711196,0.7920841179557893,vítimas,FULL_12_MONTHS,COMPARABLE,standard_vde_indicator
PB,2025,Latrocínio,20,4164468,0.48025342012473143,vítimas,FULL_12_MONTHS,COMPARABLE,standard_vde_indicator
PE,2025,Latrocínio,58,9562007,0.6065672196224077,vítimas,FULL_12_MONTHS,COMPARABLE,standard_vde_indicator
PI,2025,Latrocínio,15,3384547,0.44319077264992923,vítimas,FULL_12_MONTHS,COMPARABLE,standard_vde_indicator
PR,2025,Latrocínio,44,11890584,0.37004069774873966,vítimas,FULL_12_MONTHS,COMPARABLE,standard_vde_indicator
RJ,2025,Latrocínio,77,17223547,0.4470623850011847,vítimas,FULL_12_MONTHS,COMPARABLE,standard_vde_indicator
RN,2025,Latrocínio,15,3455236,0.43412374726357333,vítimas,FULL_12_MONTHS,COMPARABLE,standard_vde_indicator
RO,2025,Latrocínio,4,1751950,0.22831701817974256,vítimas,FULL_12_MONTHS,COMPARABLE,standard_vde_indicator
RR,2025,Latrocínio,4,738772,0.5414390366716659,vítimas,FULL_12_MONTHS,COMPARABLE,standard_vde_indicator
RS,2025,Latrocínio,31,11233263,0.27596611955048145,vítimas,FULL_12_MONTHS,COMPARABLE,standard_vde_indicator
SC,2025,Latrocínio,18,8186962,0.21986177534474938,vítimas,FULL_12_MONTHS,COMPARABLE,standard_vde_indicator
SE,2025,Latrocínio,8,2299425,0.34791306522282744,vítimas,FULL_12_MONTHS,COMPARABLE,standard_vde_indicator
SP,2025,Latrocínio,131,46081801,0.2842770837016548,vítimas,FULL_12_MONTHS,COMPARABLE,standard_vde_indicator
TO,2025,Latrocínio,8,1586859,0.5041405695149979,vítimas,FULL_12_MONTHS,COMPARABLE,standard_vde_indicator
AC,2015,Tentativa de homicídio,0,826677,0.0,vítimas,FULL_12_MONTHS,COMPARABLE,standard_vde_indicator
AL,2015,Tentativa de homicídio,810,3181178,25.4622658650349,vítimas,FULL_12_MONTHS,COMPARABLE,standard_vde_indicator
AM,2015,Tentativa de homicídio,396,3859110,10.261433335665478,vítimas,FULL_12_MONTHS,COMPARABLE,standard_vde_indicator
AP,2015,Tentativa de homicídio,333,747050,44.575329629877515,vítimas,FULL_12_MONTHS,COMPARABLE,standard_vde_indicator
BA,2015,Tentativa de homicídio,3184,14470447,22.003466789933995,vítimas,FULL_12_MONTHS,COMPARABLE,standard_vde_indicator
CE,2015,Tentativa de homicídio,1848,8816218,20.961369149447076,vítimas,FULL_12_MONTHS,COMPARABLE,standard_vde_indicator
DF,2015,Tentativa de homicídio,937,2794821,33.52629739078102,vítimas,FULL_12_MONTHS,COMPARABLE,standard_vde_indicator
GO,2015,Tentativa de homicídio,0,6630429,0.0,vítimas,FULL_12_MONTHS,COMPARABLE,standard_vde_indicator
MA,2015,Tentativa de homicídio,1249,6831416,18.283178772892764,vítimas,FULL_12_MONTHS,COMPARABLE,standard_vde_indicator
MG,2015,Tentativa de homicídio,6416,20470203,31.343118580699958,vítimas,FULL_12_MONTHS,COMPARABLE,standard_vde_indicator
MS,2015,Tentativa de homicídio,1140,2652939,42.971210419840034,vítimas,FULL_12_MONTHS,COMPARABLE,standard_vde_indicator
MT,2015,Tentativa de homicídio,1567,3327512,47.09224189123886,vítimas,FULL_12_MONTHS,COMPARABLE,standard_vde_indicator
PA,2015,Tentativa de homicídio,1516,8131409,18.643755344245996,vítimas,FULL_12_MONTHS,COMPARABLE,standard_vde_indicator
PB,2015,Tentativa de homicídio,1487,3932039,37.81752927679507,vítimas,FULL_12_MONTHS,COMPARABLE,standard_vde_indicator
PE,2015,Tentativa de homicídio,586,9213107,6.360503573875784,vítimas,FULL_12_MONTHS,COMPARABLE,standard_vde_indicator
PI,2015,Tentativa de homicídio,525,3255812,16.125009675005806,vítimas,FULL_12_MONTHS,COMPARABLE,standard_vde_indicator
PR,2015,Tentativa de homicídio,0,11101864,0.0,vítimas,FULL_12_MONTHS,COMPARABLE,standard_vde_indicator
RJ,2015,Tentativa de homicídio,6009,16971856,35.40567395811041,vítimas,FULL_12_MONTHS,COMPARABLE,standard_vde_indicator
RN,2015,Tentativa de homicídio,378,3322012,11.378646434750989,vítimas,FULL_12_MONTHS,COMPARABLE,standard_vde_indicator
RO,2015,Tentativa de homicídio,1160,1666906,69.59000687501275,vítimas,FULL_12_MONTHS,COMPARABLE,standard_vde_indicator
RR,2015,Tentativa de homicídio,125,534380,23.391593996781317,vítimas,FULL_12_MONTHS,COMPARABLE,standard_vde_indicator
RS,2015,Tentativa de homicídio,4823,11070711,43.56540424549065,vítimas,FULL_12_MONTHS,COMPARABLE,standard_vde_indicator
SC,2015,Tentativa de homicídio,1460,6889914,21.190395119590754,vítimas,FULL_12_MONTHS,COMPARABLE,standard_vde_indicator
SE,2015,Tentativa de homicídio,476,2182252,21.8123296484549,vítimas,FULL_12_MONTHS,COMPARABLE,standard_vde_indicator
SP,2015,Tentativa de homicídio,7641,44217931,17.28032005839441,vítimas,FULL_12_MONTHS,COMPARABLE,standard_vde_indicator
TO,2015,Tentativa de homicídio,230,1471416,15.63120150929445,vítimas,FULL_12_MONTHS,COMPARABLE,standard_vde_indicator
AC,2016,Tentativa de homicídio,0,836294,0.0,vítimas,FULL_12_MONTHS,COMPARABLE,standard_vde_indicator
AL,2016,Tentativa de homicídio,773,3187906,24.247891876360217,vítimas,FULL_12_MONTHS,COMPARABLE,standard_vde_indicator
AM,2016,Tentativa de homicídio,392,3914566,10.013881487756242,vítimas,FULL_12_MONTHS,COMPARABLE,standard_vde_indicator
AP,2016,Tentativa de homicídio,314,756948,41.482373954353534,vítimas,FULL_12_MONTHS,COMPARABLE,standard_vde_indicator
BA,2016,Tentativa de homicídio,3080,14527076,21.20178899043414,vítimas,FULL_12_MONTHS,COMPARABLE,standard_vde_indicator
CE,2016,Tentativa de homicídio,1595,8873158,17.975561801108466,vítimas,FULL_12_MONTHS,COMPARABLE,standard_vde_indicator
DF,2016,Tentativa de homicídio,927,2823570,32.830778057565425,vítimas,FULL_12_MONTHS,COMPARABLE,standard_vde_indicator
ES,2016,Tentativa de homicídio,0,3870870,0.0,vítimas,FULL_12_MONTHS,COMPARABLE,standard_vde_indicator
GO,2016,Tentativa de homicídio,2210,6720503,32.88444332217395,vítimas,FULL_12_MONTHS,COMPARABLE,standard_vde_indicator
MA,2016,Tentativa de homicídio,1336,6863878,19.464215418747244,vítimas,FULL_12_MONTHS,COMPARABLE,standard_vde_indicator
MG,2016,Tentativa de homicídio,6638,20588168,32.241819670404865,vítimas,FULL_12_MONTHS,COMPARABLE,standard_vde_indicator
MS,2016,Tentativa de homicídio,948,2684756,35.31047141714182,vítimas,FULL_12_MONTHS,COMPARABLE,standard_vde_indicator
MT,2016,Tentativa de homicídio,1465,3380091,43.342028365508504,vítimas,FULL_12_MONTHS,COMPARABLE,standard_vde_indicator
PA,2016,Tentativa de homicídio,1436,8207830,17.495489063491814,vítimas,FULL_12_MONTHS,COMPARABLE,standard_vde_indicator
PB,2016,Tentativa de homicídio,1450,3957455,36.63970910597846,vítimas,FULL_12_MONTHS,COMPARABLE,standard_vde_indicator
PE,2016,Tentativa de homicídio,0,9262684,0.0,vítimas,FULL_12_MONTHS,COMPARABLE,standard_vde_indicator
PI,2016,Tentativa de homicídio,704,3271094,21.521851710773216,vítimas,FULL_12_MONTHS,COMPARABLE,standard_vde_indicator
PR,2016,Tentativa de homicídio,0,11195664,0.0,vítimas,FULL_12_MONTHS,COMPARABLE,standard_vde_indicator
RJ,2016,Tentativa de homicídio,6055,17043727,35.52626723016627,vítimas,FULL_12_MONTHS,COMPARABLE,standard_vde_indicator
RN,2016,Tentativa de homicídio,401,3342283,11.997787141304313,vítimas,FULL_12_MONTHS,COMPARABLE,standard_vde_indicator
RO,2016,Tentativa de homicídio,1136,1680084,67.61566683570584,vítimas,FULL_12_MONTHS,COMPARABLE,standard_vde_indicator
RR,2016,Tentativa de homicídio,111,548233,20.246865839889246,vítimas,FULL_12_MONTHS,COMPARABLE,standard_vde_indicator
RS,2016,Tentativa de homicídio,4783,11109776,43.0521731491256,vítimas,FULL_12_MONTHS,COMPARABLE,standard_vde_indicator
SC,2016,Tentativa de homicídio,1497,7011473,21.350720454888723,vítimas,FULL_12_MONTHS,COMPARABLE,standard_vde_indicator
SE,2016,Tentativa de homicídio,559,2198312,25.428601581577137,vítimas,FULL_12_MONTHS,COMPARABLE,standard_vde_indicator
SP,2016,Tentativa de homicídio,6870,44530110,15.42776337179495,vítimas,FULL_12_MONTHS,COMPARABLE,standard_vde_indicator
TO,2016,Tentativa de homicídio,322,1485416,21.67742908383914,vítimas,FULL_12_MONTHS,COMPARABLE,standard_vde_indicator
AC,2017,Tentativa de homicídio,0,844496,0.0,vítimas,FULL_12_MONTHS,COMPARABLE,standard_vde_indicator
AL,2017,Tentativa de homicídio,688,3193155,21.54608842978183,vítimas,FULL_12_MONTHS,COMPARABLE,standard_vde_indicator
AM,2017,Tentativa de homicídio,326,3966332,8.219180845173828,vítimas,FULL_12_MONTHS,COMPARABLE,standard_vde_indicator
AP,2017,Tentativa de homicídio,293,765558,38.27273701012856,vítimas,FULL_12_MONTHS,COMPARABLE,standard_vde_indicator
BA,2017,Tentativa de homicídio,3234,14578692,22.183060044069798,vítimas,FULL_12_MONTHS,COMPARABLE,standard_vde_indicator
CE,2017,Tentativa de homicídio,1534,8924184,17.18924665829391,vítimas,FULL_12_MONTHS,COMPARABLE,standard_vde_indicator
DF,2017,Tentativa de homicídio,966,2850314,33.89100288599782,vítimas,FULL_12_MONTHS,COMPARABLE,standard_vde_indicator
ES,2017,Tentativa de homicídio,0,3904551,0.0,vítimas,FULL_12_MONTHS,COMPARABLE,standard_vde_indicator
GO,2017,Tentativa de homicídio,2403,6805532,35.30950996924267,vítimas,FULL_12_MONTHS,COMPARABLE,standard_vde_indicator
MA,2017,Tentativa de homicídio,1167,6890375,16.936668904087224,vítimas,FULL_12_MONTHS,COMPARABLE,standard_vde_indicator
MG,2017,Tentativa de homicídio,5778,20695003,27.91978334093501,vítimas,FULL_12_MONTHS,COMPARABLE,standard_vde_indicator
MS,2017,Tentativa de homicídio,993,2715557,36.567083659079884,vítimas,FULL_12_MONTHS,COMPARABLE,standard_vde_indicator
MT,2017,Tentativa de homicídio,1333,3433278,38.82586845574404,vítimas,FULL_12_MONTHS,COMPARABLE,standard_vde_indicator
PA,2017,Tentativa de homicídio,1339,8275842,16.179622568918063,vítimas,FULL_12_MONTHS,COMPARABLE,standard_vde_indicator
PB,2017,Tentativa de homicídio,1296,3981512,32.55044817144844,vítimas,FULL_12_MONTHS,COMPARABLE,standard_vde_indicator
PE,2017,Tentativa de homicídio,0,9304183,0.0,vítimas,FULL_12_MONTHS,COMPARABLE,standard_vde_indicator
PI,2017,Tentativa de homicídio,663,3285746,20.17806610736192,vítimas,FULL_12_MONTHS,COMPARABLE,standard_vde_indicator
PR,2017,Tentativa de homicídio,940,11285193,8.32949866253949,vítimas,FULL_12_MONTHS,COMPARABLE,standard_vde_indicator
RJ,2017,Tentativa de homicídio,6001,17100398,35.09275047282525,vítimas,FULL_12_MONTHS,COMPARABLE,standard_vde_indicator
RN,2017,Tentativa de homicídio,315,3359217,9.377185219055512,vítimas,FULL_12_MONTHS,COMPARABLE,standard_vde_indicator
RO,2017,Tentativa de homicídio,625,1691568,36.947967802654105,vítimas,FULL_12_MONTHS,COMPARABLE,standard_vde_indicator
RR,2017,Tentativa de homicídio,146,564013,25.885928161230325,vítimas,FULL_12_MONTHS,COMPARABLE,standard_vde_indicator
RS,2017,Tentativa de homicídio,4458,11141074,40.014095588988994,vítimas,FULL_12_MONTHS,COMPARABLE,standard_vde_indicator
SC,2017,Tentativa de homicídio,1435,7135459,20.11082959064021,vítimas,FULL_12_MONTHS,COMPARABLE,standard_vde_indicator
SE,2017,Tentativa de homicídio,548,2212722,24.765876599048593,vítimas,FULL_12_MONTHS,COMPARABLE,standard_vde_indicator
SP,2017,Tentativa de homicídio,6476,44809066,14.452432460877448,vítimas,FULL_12_MONTHS,COMPARABLE,standard_vde_indicator
TO,2017,Tentativa de homicídio,359,1498537,23.95669910052271,vítimas,FULL_12_MONTHS,COMPARABLE,standard_vde_indicator
AC,2018,Tentativa de homicídio,120,851504,14.092711249741633,vítimas,FULL_12_MONTHS,COMPARABLE,standard_vde_indicator
AL,2018,Tentativa de homicídio,588,3200128,18.374265029398824,vítimas,FULL_12_MONTHS,COMPARABLE,standard_vde_indicator
AM,2018,Tentativa de homicídio,335,4018483,8.33647921367342,vítimas,FULL_12_MONTHS,COMPARABLE,standard_vde_indicator
AP,2018,Tentativa de homicídio,110,772784,14.234249156297231,vítimas,FULL_12_MONTHS,COMPARABLE,standard_vde_indicator
BA,2018,Tentativa de homicídio,3017,14632652,20.61827206715502,vítimas,FULL_12_MONTHS,COMPARABLE,standard_vde_indicator
CE,2018,Tentativa de homicídio,1526,8976628,16.99970189251465,vítimas,FULL_12_MONTHS,COMPARABLE,standard_vde_indicator
DF,2018,Tentativa de homicídio,830,2875413,28.865418637253153,vítimas,FULL_12_MONTHS,COMPARABLE,standard_vde_indicator
ES,2018,Tentativa de homicídio,2239,3937119,56.86899481575233,vítimas,FULL_12_MONTHS,COMPARABLE,standard_vde_indicator
GO,2018,Tentativa de homicídio,2076,6888446,30.137421415512293,vítimas,FULL_12_MONTHS,COMPARABLE,standard_vde_indicator
MA,2018,Tentativa de homicídio,1104,6917016,15.960639674680527,vítimas,FULL_12_MONTHS,COMPARABLE,standard_vde_indicator
MG,2018,Tentativa de homicídio,4560,20801238,21.921772156061095,vítimas,FULL_12_MONTHS,COMPARABLE,standard_vde_indicator
MS,2018,Tentativa de homicídio,720,2746161,26.218419094874626,vítimas,FULL_12_MONTHS,COMPARABLE,standard_vde_indicator
MT,2018,Tentativa de homicídio,1290,3490648,36.9558889925309,vítimas,FULL_12_MONTHS,COMPARABLE,standard_vde_indicator
PA,2018,Tentativa de homicídio,1632,8339467,19.56959599456416,vítimas,FULL_12_MONTHS,COMPARABLE,standard_vde_indicator
PB,2018,Tentativa de homicídio,1140,4008413,28.440183184716744,vítimas,FULL_12_MONTHS,COMPARABLE,standard_vde_indicator
PE,2018,Tentativa de homicídio,0,9348293,0.0,vítimas,FULL_12_MONTHS,COMPARABLE,standard_vde_indicator
PI,2018,Tentativa de homicídio,625,3302227,18.92662133766092,vítimas,FULL_12_MONTHS,COMPARABLE,standard_vde_indicator
PR,2018,Tentativa de homicídio,766,11373980,6.734669834130181,vítimas,FULL_12_MONTHS,COMPARABLE,standard_vde_indicator
RJ,2018,Tentativa de homicídio,5954,17148943,34.71934101127982,vítimas,FULL_12_MONTHS,COMPARABLE,standard_vde_indicator
RN,2018,Tentativa de homicídio,260,3375511,7.702537482473024,vítimas,FULL_12_MONTHS,COMPARABLE,standard_vde_indicator
RO,2018,Tentativa de homicídio,740,1701892,43.48101994721169,vítimas,FULL_12_MONTHS,COMPARABLE,standard_vde_indicator
RR,2018,Tentativa de homicídio,193,587497,32.85123158075701,vítimas,FULL_12_MONTHS,COMPARABLE,standard_vde_indicator
RS,2018,Tentativa de homicídio,3631,11167531,32.51390123743556,vítimas,FULL_12_MONTHS,COMPARABLE,standard_vde_indicator
SC,2018,Tentativa de homicídio,1260,7266127,17.34073736944042,vítimas,FULL_12_MONTHS,COMPARABLE,standard_vde_indicator
SE,2018,Tentativa de homicídio,468,2227068,21.014176486752987,vítimas,FULL_12_MONTHS,COMPARABLE,standard_vde_indicator
SP,2018,Tentativa de homicídio,5829,45062167,12.935463134740058,vítimas,FULL_12_MONTHS,COMPARABLE,standard_vde_indicator
TO,2018,Tentativa de homicídio,386,1511702,25.53413305003235,vítimas,FULL_12_MONTHS,COMPARABLE,standard_vde_indicator
AC,2019,Tentativa de homicídio,195,857919,22.7294185115378,vítimas,FULL_12_MONTHS,COMPARABLE,standard_vde_indicator
AL,2019,Tentativa de homicídio,518,3208704,16.14358943673209,vítimas,FULL_12_MONTHS,COMPARABLE,standard_vde_indicator
AM,2019,Tentativa de homicídio,302,4073280,7.414172362322256,vítimas,FULL_12_MONTHS,COMPARABLE,standard_vde_indicator
AP,2019,Tentativa de homicídio,241,779468,30.91852391631215,vítimas,FULL_12_MONTHS,COMPARABLE,standard_vde_indicator
BA,2019,Tentativa de homicídio,3065,14693250,20.85991867013765,vítimas,FULL_12_MONTHS,COMPARABLE,standard_vde_indicator
CE,2019,Tentativa de homicídio,1281,9035631,14.177205775667465,vítimas,FULL_12_MONTHS,COMPARABLE,standard_vde_indicator
DF,2019,Tentativa de homicídio,844,2899708,29.106378987125602,vítimas,FULL_12_MONTHS,COMPARABLE,standard_vde_indicator
ES,2019,Tentativa de homicídio,2318,3970009,58.38777695466182,vítimas,FULL_12_MONTHS,COMPARABLE,standard_vde_indicator
GO,2019,Tentativa de homicídio,1934,6974736,27.728648080730224,vítimas,FULL_12_MONTHS,COMPARABLE,standard_vde_indicator
MA,2019,Tentativa de homicídio,968,6946725,13.93462386952125,vítimas,FULL_12_MONTHS,COMPARABLE,standard_vde_indicator
MG,2019,Tentativa de homicídio,3423,20916751,16.364874257957176,vítimas,FULL_12_MONTHS,COMPARABLE,standard_vde_indicator
MS,2019,Tentativa de homicídio,706,2777028,25.422862138948545,vítimas,FULL_12_MONTHS,COMPARABLE,standard_vde_indicator
MT,2019,Tentativa de homicídio,1254,3551996,35.304093810916456,vítimas,FULL_12_MONTHS,COMPARABLE,standard_vde_indicator
PA,2019,Tentativa de homicídio,1578,8404430,18.77581227995236,vítimas,FULL_12_MONTHS,COMPARABLE,standard_vde_indicator
PB,2019,Tentativa de homicídio,803,4037810,19.887017962707507,vítimas,FULL_12_MONTHS,COMPARABLE,standard_vde_indicator
PE,2019,Tentativa de homicídio,3766,9396505,40.078731400664395,vítimas,FULL_12_MONTHS,COMPARABLE,standard_vde_indicator
PI,2019,Tentativa de homicídio,637,3320228,19.185429434364146,vítimas,FULL_12_MONTHS,COMPARABLE,standard_vde_indicator
PR,2019,Tentativa de homicídio,724,11468227,6.313094430377076,vítimas,FULL_12_MONTHS,COMPARABLE,standard_vde_indicator
RJ,2019,Tentativa de homicídio,5075,17193919,29.516249320471964,vítimas,FULL_12_MONTHS,COMPARABLE,standard_vde_indicator
RN,2019,Tentativa de homicídio,206,3392434,6.072336263579483,vítimas,FULL_12_MONTHS,COMPARABLE,standard_vde_indicator
RO,2019,Tentativa de homicídio,737,1712560,43.03498855514551,vítimas,FULL_12_MONTHS,COMPARABLE,standard_vde_indicator
RR,2019,Tentativa de homicídio,118,618125,19.089989888776543,vítimas,FULL_12_MONTHS,COMPARABLE,standard_vde_indicator
RS,2019,Tentativa de homicídio,3276,11194346,29.264773484757395,vítimas,FULL_12_MONTHS,COMPARABLE,standard_vde_indicator
SC,2019,Tentativa de homicídio,1393,7403723,18.814858416502076,vítimas,FULL_12_MONTHS,COMPARABLE,standard_vde_indicator
SE,2019,Tentativa de homicídio,723,2241300,32.25806451612903,vítimas,FULL_12_MONTHS,COMPARABLE,standard_vde_indicator
SP,2019,Tentativa de homicídio,5667,45306139,12.508238673792087,vítimas,FULL_12_MONTHS,COMPARABLE,standard_vde_indicator
TO,2019,Tentativa de homicídio,602,1525148,39.47157915166266,vítimas,FULL_12_MONTHS,COMPARABLE,standard_vde_indicator
AC,2020,Tentativa de homicídio,187,863657,21.652114207376307,vítimas,FULL_12_MONTHS,COMPARABLE,standard_vde_indicator
AL,2020,Tentativa de homicídio,487,3214823,15.148578941982187,vítimas,FULL_12_MONTHS,COMPARABLE,standard_vde_indicator
AM,2020,Tentativa de homicídio,351,4121226,8.516883082849619,vítimas,FULL_12_MONTHS,COMPARABLE,standard_vde_indicator
AP,2020,Tentativa de homicídio,257,785533,32.71663953010249,vítimas,FULL_12_MONTHS,COMPARABLE,standard_vde_indicator
BA,2020,Tentativa de homicídio,2575,14748551,17.459342277081998,vítimas,FULL_12_MONTHS,COMPARABLE,standard_vde_indicator
CE,2020,Tentativa de homicídio,1230,9088929,13.532947611319221,vítimas,FULL_12_MONTHS,COMPARABLE,standard_vde_indicator
DF,2020,Tentativa de homicídio,759,2921417,25.980543003617765,vítimas,FULL_12_MONTHS,COMPARABLE,standard_vde_indicator
ES,2020,Tentativa de homicídio,2467,4001467,61.65238898633926,vítimas,FULL_12_MONTHS,COMPARABLE,standard_vde_indicator
GO,2020,Tentativa de homicídio,1753,7060290,24.82900844016322,vítimas,FULL_12_MONTHS,COMPARABLE,standard_vde_indicator
MA,2020,Tentativa de homicídio,965,6970988,13.843087952525524,vítimas,FULL_12_MONTHS,COMPARABLE,standard_vde_indicator
MG,2020,Tentativa de homicídio,2915,21032009,13.859826705095077,vítimas,FULL_12_MONTHS,COMPARABLE,standard_vde_indicator
MS,2020,Tentativa de homicídio,590,2806866,21.019884811031236,vítimas,FULL_12_MONTHS,COMPARABLE,standard_vde_indicator
MT,2020,Tentativa de homicídio,1085,3611987,30.038867803234066,vítimas,FULL_12_MONTHS,COMPARABLE,standard_vde_indicator
PA,2020,Tentativa de homicídio,1270,8465192,15.002613053549169,vítimas,FULL_12_MONTHS,COMPARABLE,standard_vde_indicator
PB,2020,Tentativa de homicídio,931,4064935,22.903195254044654,vítimas,FULL_12_MONTHS,COMPARABLE,standard_vde_indicator
PE,2020,Tentativa de homicídio,2895,9438962,30.67074536373809,vítimas,FULL_12_MONTHS,COMPARABLE,standard_vde_indicator
PI,2020,Tentativa de homicídio,541,3335863,16.217692393242768,vítimas,FULL_12_MONTHS,COMPARABLE,standard_vde_indicator
PR,2020,Tentativa de homicídio,1003,11560987,8.675729849017216,vítimas,FULL_12_MONTHS,COMPARABLE,standard_vde_indicator
RJ,2020,Tentativa de homicídio,4082,17222305,23.70182156221249,vítimas,FULL_12_MONTHS,COMPARABLE,standard_vde_indicator
RN,2020,Tentativa de homicídio,252,3407618,7.395195118701685,vítimas,FULL_12_MONTHS,COMPARABLE,standard_vde_indicator
RO,2020,Tentativa de homicídio,783,1722753,45.45050857551837,vítimas,FULL_12_MONTHS,COMPARABLE,standard_vde_indicator
RR,2020,Tentativa de homicídio,133,640975,20.749639221498498,vítimas,FULL_12_MONTHS,COMPARABLE,standard_vde_indicator
RS,2020,Tentativa de homicídio,2711,11220286,24.161594454900705,vítimas,FULL_12_MONTHS,COMPARABLE,standard_vde_indicator
SC,2020,Tentativa de homicídio,1618,7541975,21.453266551533254,vítimas,FULL_12_MONTHS,COMPARABLE,standard_vde_indicator
SE,2020,Tentativa de homicídio,738,2254218,32.73862598914568,vítimas,FULL_12_MONTHS,COMPARABLE,standard_vde_indicator
SP,2020,Tentativa de homicídio,5177,45523191,11.372225642090863,vítimas,FULL_12_MONTHS,COMPARABLE,standard_vde_indicator
TO,2020,Tentativa de homicídio,541,1537886,35.178160149712006,vítimas,FULL_12_MONTHS,COMPARABLE,standard_vde_indicator
AC,2021,Tentativa de homicídio,269,868346,30.978434863522143,vítimas,FULL_12_MONTHS,COMPARABLE,standard_vde_indicator
AL,2021,Tentativa de homicídio,443,3217819,13.767088826313724,vítimas,FULL_12_MONTHS,COMPARABLE,standard_vde_indicator
AM,2021,Tentativa de homicídio,280,4160013,6.730748197181114,vítimas,FULL_12_MONTHS,COMPARABLE,standard_vde_indicator
AP,2021,Tentativa de homicídio,370,790871,46.783862349232685,vítimas,FULL_12_MONTHS,COMPARABLE,standard_vde_indicator
BA,2021,Tentativa de homicídio,2259,14788270,15.275620474876371,vítimas,FULL_12_MONTHS,COMPARABLE,standard_vde_indicator
CE,2021,Tentativa de homicídio,1173,9129520,12.848430147477632,vítimas,FULL_12_MONTHS,COMPARABLE,standard_vde_indicator
DF,2021,Tentativa de homicídio,604,2938025,20.5580279269237,vítimas,FULL_12_MONTHS,COMPARABLE,standard_vde_indicator
ES,2021,Tentativa de homicídio,2552,4027541,63.363724913042475,vítimas,FULL_12_MONTHS,COMPARABLE,standard_vde_indicator
GO,2021,Tentativa de homicídio,1611,7133954,22.58214729167023,vítimas,FULL_12_MONTHS,COMPARABLE,standard_vde_indicator
MA,2021,Tentativa de homicídio,1092,6988154,15.626444408637818,vítimas,FULL_12_MONTHS,COMPARABLE,standard_vde_indicator
MG,2021,Tentativa de homicídio,2614,21117017,12.378642305397586,vítimas,FULL_12_MONTHS,COMPARABLE,standard_vde_indicator
MS,2021,Tentativa de homicídio,604,2831943,21.328112889277786,vítimas,FULL_12_MONTHS,COMPARABLE,standard_vde_indicator
MT,2021,Tentativa de homicídio,990,3666669,26.999982818192752,vítimas,FULL_12_MONTHS,COMPARABLE,standard_vde_indicator
PA,2021,Tentativa de homicídio,1095,8520153,12.851881885219667,vítimas,FULL_12_MONTHS,COMPARABLE,standard_vde_indicator
PB,2021,Tentativa de homicídio,842,4087783,20.597962269523602,vítimas,FULL_12_MONTHS,COMPARABLE,standard_vde_indicator
PE,2021,Tentativa de homicídio,2595,9470176,27.401813862804662,vítimas,FULL_12_MONTHS,COMPARABLE,standard_vde_indicator
PI,2021,Tentativa de homicídio,572,3347856,17.085561625111712,vítimas,FULL_12_MONTHS,COMPARABLE,standard_vde_indicator
PR,2021,Tentativa de homicídio,1054,11630298,9.062536488746892,vítimas,FULL_12_MONTHS,COMPARABLE,standard_vde_indicator
RJ,2021,Tentativa de homicídio,3715,17220455,21.573181428713703,vítimas,FULL_12_MONTHS,COMPARABLE,standard_vde_indicator
RN,2021,Tentativa de homicídio,378,3419382,11.054629169832443,vítimas,FULL_12_MONTHS,COMPARABLE,standard_vde_indicator
RO,2021,Tentativa de homicídio,712,1729622,41.16506381163052,vítimas,FULL_12_MONTHS,COMPARABLE,standard_vde_indicator
RR,2021,Tentativa de homicídio,205,654972,31.299047898230764,vítimas,FULL_12_MONTHS,COMPARABLE,standard_vde_indicator
RS,2021,Tentativa de homicídio,2472,11227789,22.016801348867528,vítimas,FULL_12_MONTHS,COMPARABLE,standard_vde_indicator
SC,2021,Tentativa de homicídio,1552,7671648,20.230333821364066,vítimas,FULL_12_MONTHS,COMPARABLE,standard_vde_indicator
SE,2021,Tentativa de homicídio,633,2264937,27.94779722349893,vítimas,FULL_12_MONTHS,COMPARABLE,standard_vde_indicator
SP,2021,Tentativa de homicídio,4870,45651915,10.66767954860163,vítimas,FULL_12_MONTHS,COMPARABLE,standard_vde_indicator
TO,2021,Tentativa de homicídio,448,1548514,28.930962199889702,vítimas,FULL_12_MONTHS,COMPARABLE,standard_vde_indicator
AC,2022,Tentativa de homicídio,428,872566,49.05073083296851,vítimas,FULL_12_MONTHS,COMPARABLE,standard_vde_indicator
AL,2022,Tentativa de homicídio,622,3218381,19.32648744819212,vítimas,FULL_12_MONTHS,COMPARABLE,standard_vde_indicator
AM,2022,Tentativa de homicídio,330,4199791,7.857533862994611,vítimas,FULL_12_MONTHS,COMPARABLE,standard_vde_indicator
AP,2022,Tentativa de homicídio,255,795457,32.05704393826442,vítimas,FULL_12_MONTHS,COMPARABLE,standard_vde_indicator
BA,2022,Tentativa de homicídio,2585,14811339,17.452844742801446,vítimas,FULL_12_MONTHS,COMPARABLE,standard_vde_indicator
CE,2022,Tentativa de homicídio,1184,9162955,12.92159570793483,vítimas,FULL_12_MONTHS,COMPARABLE,standard_vde_indicator
DF,2022,Tentativa de homicídio,545,2952426,18.45939576470333,vítimas,FULL_12_MONTHS,COMPARABLE,standard_vde_indicator
ES,2022,Tentativa de homicídio,2553,4050913,63.02282966827478,vítimas,FULL_12_MONTHS,COMPARABLE,standard_vde_indicator
GO,2022,Tentativa de homicídio,1672,7201254,23.218178389486052,vítimas,FULL_12_MONTHS,COMPARABLE,standard_vde_indicator
MA,2022,Tentativa de homicídio,1266,6998087,18.09065820416351,vítimas,FULL_12_MONTHS,COMPARABLE,standard_vde_indicator
MG,2022,Tentativa de homicídio,2835,21178401,13.386279729050367,vítimas,FULL_12_MONTHS,COMPARABLE,standard_vde_indicator
MS,2022,Tentativa de homicídio,826,2854377,28.938013443914382,vítimas,FULL_12_MONTHS,COMPARABLE,standard_vde_indicator
MT,2022,Tentativa de homicídio,1055,3720967,28.35284483845194,vítimas,FULL_12_MONTHS,COMPARABLE,standard_vde_indicator
PA,2022,Tentativa de homicídio,1373,8570045,16.02091937673606,vítimas,FULL_12_MONTHS,COMPARABLE,standard_vde_indicator
PB,2022,Tentativa de homicídio,718,4106026,17.486494240416402,vítimas,FULL_12_MONTHS,COMPARABLE,standard_vde_indicator
PE,2022,Tentativa de homicídio,2332,9493026,24.5654020119612,vítimas,FULL_12_MONTHS,COMPARABLE,standard_vde_indicator
PI,2022,Tentativa de homicídio,601,3357043,17.902660168487564,vítimas,FULL_12_MONTHS,COMPARABLE,standard_vde_indicator
PR,2022,Tentativa de homicídio,973,11686692,8.325709276842412,vítimas,FULL_12_MONTHS,COMPARABLE,standard_vde_indicator
RJ,2022,Tentativa de homicídio,3278,17211760,19.04511798909583,vítimas,FULL_12_MONTHS,COMPARABLE,standard_vde_indicator
RN,2022,Tentativa de homicídio,443,3427955,12.92315680923466,vítimas,FULL_12_MONTHS,COMPARABLE,standard_vde_indicator
RO,2022,Tentativa de homicídio,707,1734648,40.75754850551812,vítimas,FULL_12_MONTHS,COMPARABLE,standard_vde_indicator
RR,2022,Tentativa de homicídio,202,673404,29.99685181555203,vítimas,FULL_12_MONTHS,COMPARABLE,standard_vde_indicator
RS,2022,Tentativa de homicídio,2545,11220506,22.68168654782592,vítimas,FULL_12_MONTHS,COMPARABLE,standard_vde_indicator
SC,2022,Tentativa de homicídio,1629,7796817,20.893141393468643,vítimas,FULL_12_MONTHS,COMPARABLE,standard_vde_indicator
SE,2022,Tentativa de homicídio,625,2273589,27.48957705196498,vítimas,FULL_12_MONTHS,COMPARABLE,standard_vde_indicator
SP,2022,Tentativa de homicídio,4830,45736978,10.560382891934836,vítimas,FULL_12_MONTHS,COMPARABLE,standard_vde_indicator
TO,2022,Tentativa de homicídio,450,1557580,28.890971892294456,vítimas,FULL_12_MONTHS,COMPARABLE,standard_vde_indicator
AC,2023,Tentativa de homicídio,347,876582,39.58557214270884,vítimas,FULL_12_MONTHS,COMPARABLE,standard_vde_indicator
AL,2023,Tentativa de homicídio,707,3218607,21.96602443230876,vítimas,FULL_12_MONTHS,COMPARABLE,standard_vde_indicator
AM,2023,Tentativa de homicídio,248,4240571,5.848269018488312,vítimas,FULL_12_MONTHS,COMPARABLE,standard_vde_indicator
AP,2023,Tentativa de homicídio,197,799124,24.651993933357026,vítimas,FULL_12_MONTHS,COMPARABLE,standard_vde_indicator
BA,2023,Tentativa de homicídio,2703,14828806,18.228035352273135,vítimas,FULL_12_MONTHS,COMPARABLE,standard_vde_indicator
CE,2023,Tentativa de homicídio,1230,9196672,13.374403262397529,vítimas,FULL_12_MONTHS,COMPARABLE,standard_vde_indicator
DF,2023,Tentativa de homicídio,605,2967543,20.387236174842286,vítimas,FULL_12_MONTHS,COMPARABLE,standard_vde_indicator
ES,2023,Tentativa de homicídio,1194,4076068,29.292936231682102,vítimas,FULL_12_MONTHS,COMPARABLE,standard_vde_indicator
GO,2023,Tentativa de homicídio,1566,7274463,21.527362225912757,vítimas,FULL_12_MONTHS,COMPARABLE,standard_vde_indicator
MA,2023,Tentativa de homicídio,1244,7003234,17.76322196288172,vítimas,FULL_12_MONTHS,COMPARABLE,standard_vde_indicator
MG,2023,Tentativa de homicídio,2686,21247401,12.641546135454401,vítimas,FULL_12_MONTHS,COMPARABLE,standard_vde_indicator
MS,2023,Tentativa de homicídio,739,2878009,25.677473558977752,vítimas,FULL_12_MONTHS,COMPARABLE,standard_vde_indicator
MT,2023,Tentativa de homicídio,1429,3778389,37.820351477838834,vítimas,FULL_12_MONTHS,COMPARABLE,standard_vde_indicator
PA,2023,Tentativa de homicídio,1693,8616120,19.649215656235057,vítimas,FULL_12_MONTHS,COMPARABLE,standard_vde_indicator
PB,2023,Tentativa de homicídio,703,4124468,17.04462248222074,vítimas,FULL_12_MONTHS,COMPARABLE,standard_vde_indicator
PE,2023,Tentativa de homicídio,2289,9514483,24.058059696990366,vítimas,FULL_12_MONTHS,COMPARABLE,standard_vde_indicator
PI,2023,Tentativa de homicídio,587,3365881,17.439713406386026,vítimas,FULL_12_MONTHS,COMPARABLE,standard_vde_indicator
PR,2023,Tentativa de homicídio,1100,11753862,9.35862612645954,vítimas,FULL_12_MONTHS,COMPARABLE,standard_vde_indicator
RJ,2023,Tentativa de homicídio,2948,17213813,17.125781487227727,vítimas,FULL_12_MONTHS,COMPARABLE,standard_vde_indicator
RN,2023,Tentativa de homicídio,586,3436278,17.053335032846586,vítimas,FULL_12_MONTHS,COMPARABLE,standard_vde_indicator
RO,2023,Tentativa de homicídio,628,1740255,36.086665459946964,vítimas,FULL_12_MONTHS,COMPARABLE,standard_vde_indicator
RR,2023,Tentativa de homicídio,211,695270,30.34792238986293,vítimas,FULL_12_MONTHS,COMPARABLE,standard_vde_indicator
RS,2023,Tentativa de homicídio,2503,11222292,22.303821714851118,vítimas,FULL_12_MONTHS,COMPARABLE,standard_vde_indicator
SC,2023,Tentativa de homicídio,1678,7927212,21.16759334807748,vítimas,FULL_12_MONTHS,COMPARABLE,standard_vde_indicator
SE,2023,Tentativa de homicídio,738,2281994,32.340137616488036,vítimas,FULL_12_MONTHS,COMPARABLE,standard_vde_indicator
SP,2023,Tentativa de homicídio,4230,45850570,9.225621404488537,vítimas,FULL_12_MONTHS,COMPARABLE,standard_vde_indicator
TO,2023,Tentativa de homicídio,418,1567191,26.671924481444826,vítimas,FULL_12_MONTHS,COMPARABLE,standard_vde_indicator
AC,2024,Tentativa de homicídio,263,880631,29.864949110353827,vítimas,FULL_12_MONTHS,COMPARABLE,standard_vde_indicator
AL,2024,Tentativa de homicídio,759,3220104,23.570667282795835,vítimas,FULL_12_MONTHS,COMPARABLE,standard_vde_indicator
AM,2024,Tentativa de homicídio,480,4281209,11.211786203383204,vítimas,FULL_12_MONTHS,COMPARABLE,standard_vde_indicator
AP,2024,Tentativa de homicídio,338,802837,42.100700391237574,vítimas,FULL_12_MONTHS,COMPARABLE,standard_vde_indicator
BA,2024,Tentativa de homicídio,3146,14850513,21.184453358614615,vítimas,FULL_12_MONTHS,COMPARABLE,standard_vde_indicator
CE,2024,Tentativa de homicídio,1274,9233656,13.797351774854944,vítimas,FULL_12_MONTHS,COMPARABLE,standard_vde_indicator
DF,2024,Tentativa de homicídio,592,2982818,19.847003739416888,vítimas,FULL_12_MONTHS,COMPARABLE,standard_vde_indicator
ES,2024,Tentativa de homicídio,1323,4102129,32.2515454779701,vítimas,FULL_12_MONTHS,COMPARABLE,standard_vde_indicator
GO,2024,Tentativa de homicídio,1526,7350483,20.760540497814905,vítimas,FULL_12_MONTHS,COMPARABLE,standard_vde_indicator
MA,2024,Tentativa de homicídio,1432,7010960,20.425162887821354,vítimas,FULL_12_MONTHS,COMPARABLE,standard_vde_indicator
MG,2024,Tentativa de homicídio,3584,21322691,16.80838502044606,vítimas,FULL_12_MONTHS,COMPARABLE,standard_vde_indicator
MS,2024,Tentativa de homicídio,696,2901895,23.98432748255881,vítimas,FULL_12_MONTHS,COMPARABLE,standard_vde_indicator
MT,2024,Tentativa de homicídio,1525,3836399,39.75081841070233,vítimas,FULL_12_MONTHS,COMPARABLE,standard_vde_indicator
PA,2024,Tentativa de homicídio,1542,8664306,17.797155363626352,vítimas,FULL_12_MONTHS,COMPARABLE,standard_vde_indicator
PB,2024,Tentativa de homicídio,757,4145040,18.26279119139984,vítimas,FULL_12_MONTHS,COMPARABLE,standard_vde_indicator
PE,2024,Tentativa de homicídio,2067,9539029,21.668872167177604,vítimas,FULL_12_MONTHS,COMPARABLE,standard_vde_indicator
PI,2024,Tentativa de homicídio,663,3375646,19.64068507183514,vítimas,FULL_12_MONTHS,COMPARABLE,standard_vde_indicator
PR,2024,Tentativa de homicídio,985,11824665,8.330045713768635,vítimas,FULL_12_MONTHS,COMPARABLE,standard_vde_indicator
RJ,2024,Tentativa de homicídio,3673,17219679,21.330246632355923,vítimas,FULL_12_MONTHS,COMPARABLE,standard_vde_indicator
RN,2024,Tentativa de homicídio,555,3446071,16.1052978885229,vítimas,FULL_12_MONTHS,COMPARABLE,standard_vde_indicator
RO,2024,Tentativa de homicídio,832,1746227,47.645581015526616,vítimas,FULL_12_MONTHS,COMPARABLE,standard_vde_indicator
RR,2024,Tentativa de homicídio,267,716793,37.24924769075591,vítimas,FULL_12_MONTHS,COMPARABLE,standard_vde_indicator
RS,2024,Tentativa de homicídio,2130,11229915,18.96719610077191,vítimas,FULL_12_MONTHS,COMPARABLE,standard_vde_indicator
SC,2024,Tentativa de homicídio,1661,8058441,20.611927294621875,vítimas,FULL_12_MONTHS,COMPARABLE,standard_vde_indicator
SE,2024,Tentativa de homicídio,699,2291077,30.50966859690879,vítimas,FULL_12_MONTHS,COMPARABLE,standard_vde_indicator
SP,2024,Tentativa de homicídio,3784,45973194,8.230883414365337,vítimas,FULL_12_MONTHS,COMPARABLE,standard_vde_indicator
TO,2024,Tentativa de homicídio,420,1577342,26.627072632314363,vítimas,FULL_12_MONTHS,COMPARABLE,standard_vde_indicator
AC,2025,Tentativa de homicídio,284,884372,32.11318314012655,vítimas,FULL_12_MONTHS,COMPARABLE,standard_vde_indicator
AL,2025,Tentativa de homicídio,769,3220848,23.87569981570071,vítimas,FULL_12_MONTHS,COMPARABLE,standard_vde_indicator
AM,2025,Tentativa de homicídio,642,4321616,14.855554033491176,vítimas,FULL_12_MONTHS,COMPARABLE,standard_vde_indicator
AP,2025,Tentativa de homicídio,248,806517,30.749506829986224,vítimas,FULL_12_MONTHS,COMPARABLE,standard_vde_indicator
BA,2025,Tentativa de homicídio,3275,14870907,22.022866527240065,vítimas,FULL_12_MONTHS,COMPARABLE,standard_vde_indicator
CE,2025,Tentativa de homicídio,1273,9268836,13.734194887038674,vítimas,FULL_12_MONTHS,COMPARABLE,standard_vde_indicator
DF,2025,Tentativa de homicídio,583,2996899,19.4534417075784,vítimas,FULL_12_MONTHS,COMPARABLE,standard_vde_indicator
ES,2025,Tentativa de homicídio,1274,4126854,30.87097338553775,vítimas,FULL_12_MONTHS,COMPARABLE,standard_vde_indicator
GO,2025,Tentativa de homicídio,1370,7423629,18.454586025244527,vítimas,FULL_12_MONTHS,COMPARABLE,standard_vde_indicator
MA,2025,Tentativa de homicídio,1625,7018211,23.15404880246547,vítimas,FULL_12_MONTHS,COMPARABLE,standard_vde_indicator
MG,2025,Tentativa de homicídio,2451,21393441,11.456782478330625,vítimas,FULL_12_MONTHS,COMPARABLE,standard_vde_indicator
MS,2025,Tentativa de homicídio,475,2924631,16.2413651499967,vítimas,FULL_12_MONTHS,COMPARABLE,standard_vde_indicator
MT,2025,Tentativa de homicídio,1242,3893659,31.898016749797556,vítimas,FULL_12_MONTHS,COMPARABLE,standard_vde_indicator
PA,2025,Tentativa de homicídio,1242,8711196,14.257514123204208,vítimas,FULL_12_MONTHS,COMPARABLE,standard_vde_indicator
PB,2025,Tentativa de homicídio,736,4164468,17.673325860590115,vítimas,FULL_12_MONTHS,COMPARABLE,standard_vde_indicator
PE,2025,Tentativa de homicídio,1764,9562007,18.44800992092978,vítimas,FULL_12_MONTHS,COMPARABLE,standard_vde_indicator
PI,2025,Tentativa de homicídio,620,3384547,18.318551936197075,vítimas,FULL_12_MONTHS,COMPARABLE,standard_vde_indicator
PR,2025,Tentativa de homicídio,613,11890584,5.155339720908578,vítimas,FULL_12_MONTHS,COMPARABLE,standard_vde_indicator
RJ,2025,Tentativa de homicídio,3448,17223547,20.01910524005305,vítimas,FULL_12_MONTHS,COMPARABLE,standard_vde_indicator
RN,2025,Tentativa de homicídio,630,3455236,18.233197385070078,vítimas,FULL_12_MONTHS,COMPARABLE,standard_vde_indicator
RO,2025,Tentativa de homicídio,673,1751950,38.41433830874169,vítimas,FULL_12_MONTHS,COMPARABLE,standard_vde_indicator
RR,2025,Tentativa de homicídio,252,738772,34.11065931031496,vítimas,FULL_12_MONTHS,COMPARABLE,standard_vde_indicator
RS,2025,Tentativa de homicídio,1906,11233263,16.967465285910247,vítimas,FULL_12_MONTHS,COMPARABLE,standard_vde_indicator
SC,2025,Tentativa de homicídio,1560,8186962,19.054687196544947,vítimas,FULL_12_MONTHS,COMPARABLE,standard_vde_indicator
SE,2025,Tentativa de homicídio,680,2299425,29.572610543940332,vítimas,FULL_12_MONTHS,COMPARABLE,standard_vde_indicator
SP,2025,Tentativa de homicídio,3843,46081801,8.33951780660656,vítimas,FULL_12_MONTHS,COMPARABLE,standard_vde_indicator
TO,2025,Tentativa de homicídio,439,1586859,27.66471375213551,vítimas,FULL_12_MONTHS,COMPARABLE,standard_vde_indicator
AL,2015,Furto de veículo,702,3181178,22.067297083030248,ocorrências,FULL_12_MONTHS,LIMITED_COVERAGE,standard_vde_indicator
AM,2015,Furto de veículo,1760,3859110,45.606370380735456,ocorrências,FULL_12_MONTHS,LIMITED_COVERAGE,standard_vde_indicator
AP,2015,Furto de veículo,877,747050,117.3950873435513,ocorrências,FULL_12_MONTHS,LIMITED_COVERAGE,standard_vde_indicator
BA,2015,Furto de veículo,5540,14470447,38.28492651263641,ocorrências,FULL_12_MONTHS,LIMITED_COVERAGE,standard_vde_indicator
CE,2015,Furto de veículo,4839,8816218,54.88748123061385,ocorrências,FULL_12_MONTHS,LIMITED_COVERAGE,standard_vde_indicator
DF,2015,Furto de veículo,6490,2794821,232.21522952632745,ocorrências,FULL_12_MONTHS,LIMITED_COVERAGE,standard_vde_indicator
MA,2015,Furto de veículo,2240,6831416,32.789688111513044,ocorrências,FULL_12_MONTHS,LIMITED_COVERAGE,standard_vde_indicator
MG,2015,Furto de veículo,31280,20470203,152.80747337972173,ocorrências,FULL_12_MONTHS,LIMITED_COVERAGE,standard_vde_indicator
MS,2015,Furto de veículo,3713,2652939,139.95798621830355,ocorrências,FULL_12_MONTHS,LIMITED_COVERAGE,standard_vde_indicator
MT,2015,Furto de veículo,3614,3327512,108.60967593805823,ocorrências,FULL_12_MONTHS,LIMITED_COVERAGE,standard_vde_indicator
PA,2015,Furto de veículo,2895,8131409,35.602685832184804,ocorrências,FULL_12_MONTHS,LIMITED_COVERAGE,standard_vde_indicator
PB,2015,Furto de veículo,1096,3932039,27.873579076911497,ocorrências,FULL_12_MONTHS,LIMITED_COVERAGE,standard_vde_indicator
PE,2015,Furto de veículo,4421,9213107,47.98598344727788,ocorrências,FULL_12_MONTHS,LIMITED_COVERAGE,standard_vde_indicator
PI,2015,Furto de veículo,1585,3255812,48.6821720664461,ocorrências,FULL_12_MONTHS,LIMITED_COVERAGE,standard_vde_indicator
RJ,2015,Furto de veículo,16944,16971856,99.83586945352353,ocorrências,FULL_12_MONTHS,LIMITED_COVERAGE,standard_vde_indicator
RN,2015,Furto de veículo,963,3322012,28.988456393294186,ocorrências,FULL_12_MONTHS,LIMITED_COVERAGE,standard_vde_indicator
RO,2015,Furto de veículo,3304,1666906,198.21153682331217,ocorrências,FULL_12_MONTHS,LIMITED_COVERAGE,standard_vde_indicator
RS,2015,Furto de veículo,20420,11070711,184.45066446048497,ocorrências,FULL_12_MONTHS,LIMITED_COVERAGE,standard_vde_indicator
SC,2015,Furto de veículo,14069,6889914,204.1970335188509,ocorrências,FULL_12_MONTHS,LIMITED_COVERAGE,standard_vde_indicator
SE,2015,Furto de veículo,804,2182252,36.84267444823055,ocorrências,FULL_12_MONTHS,LIMITED_COVERAGE,standard_vde_indicator
SP,2015,Furto de veículo,110690,44217931,250.3283113811906,ocorrências,FULL_12_MONTHS,LIMITED_COVERAGE,standard_vde_indicator
TO,2015,Furto de veículo,1518,1471416,103.16592996134337,ocorrências,FULL_12_MONTHS,LIMITED_COVERAGE,standard_vde_indicator
AL,2016,Furto de veículo,824,3187906,25.847688106236507,ocorrências,FULL_12_MONTHS,LIMITED_COVERAGE,standard_vde_indicator
AM,2016,Furto de veículo,2724,3914566,69.5862580934898,ocorrências,FULL_12_MONTHS,LIMITED_COVERAGE,standard_vde_indicator
AP,2016,Furto de veículo,805,756948,106.34812430972801,ocorrências,FULL_12_MONTHS,LIMITED_COVERAGE,standard_vde_indicator
BA,2016,Furto de veículo,6011,14527076,41.3779070199674,ocorrências,FULL_12_MONTHS,LIMITED_COVERAGE,standard_vde_indicator
CE,2016,Furto de veículo,4927,8873158,55.527017551135685,ocorrências,FULL_12_MONTHS,LIMITED_COVERAGE,standard_vde_indicator
DF,2016,Furto de veículo,7038,2823570,249.25891690306952,ocorrências,FULL_12_MONTHS,LIMITED_COVERAGE,standard_vde_indicator
MA,2016,Furto de veículo,3249,6863878,47.33475740681871,ocorrências,FULL_12_MONTHS,LIMITED_COVERAGE,standard_vde_indicator
MG,2016,Furto de veículo,33928,20588168,164.7936814970618,ocorrências,FULL_12_MONTHS,LIMITED_COVERAGE,standard_vde_indicator
MS,2016,Furto de veículo,3918,2684756,145.9350495910988,ocorrências,FULL_12_MONTHS,LIMITED_COVERAGE,standard_vde_indicator
MT,2016,Furto de veículo,3403,3380091,100.67776281762828,ocorrências,FULL_12_MONTHS,LIMITED_COVERAGE,standard_vde_indicator
PA,2016,Furto de veículo,3952,8207830,48.149145389219804,ocorrências,FULL_12_MONTHS,LIMITED_COVERAGE,standard_vde_indicator
PB,2016,Furto de veículo,1263,3957455,31.914450069552274,ocorrências,FULL_12_MONTHS,LIMITED_COVERAGE,standard_vde_indicator
PE,2016,Furto de veículo,6288,9262684,67.88529113159858,ocorrências,FULL_12_MONTHS,LIMITED_COVERAGE,standard_vde_indicator
PI,2016,Furto de veículo,2323,3271094,71.01599648313378,ocorrências,FULL_12_MONTHS,LIMITED_COVERAGE,standard_vde_indicator
RJ,2016,Furto de veículo,16759,17043727,98.32943228907621,ocorrências,FULL_12_MONTHS,LIMITED_COVERAGE,standard_vde_indicator
RN,2016,Furto de veículo,1336,3342283,39.972677358560006,ocorrências,FULL_12_MONTHS,LIMITED_COVERAGE,standard_vde_indicator
RO,2016,Furto de veículo,3557,1680084,211.71560469595568,ocorrências,FULL_12_MONTHS,LIMITED_COVERAGE,standard_vde_indicator
RR,2016,Furto de veículo,615,548233,112.17858100479175,ocorrências,FULL_12_MONTHS,LIMITED_COVERAGE,standard_vde_indicator
RS,2016,Furto de veículo,19541,11109776,175.8901349586166,ocorrências,FULL_12_MONTHS,LIMITED_COVERAGE,standard_vde_indicator
SC,2016,Furto de veículo,14364,7011473,204.86422753107658,ocorrências,FULL_12_MONTHS,LIMITED_COVERAGE,standard_vde_indicator
SE,2016,Furto de veículo,1121,2198312,50.99367150795702,ocorrências,FULL_12_MONTHS,LIMITED_COVERAGE,standard_vde_indicator
SP,2016,Furto de veículo,110932,44530110,249.11683353128927,ocorrências,FULL_12_MONTHS,LIMITED_COVERAGE,standard_vde_indicator
TO,2016,Furto de veículo,1489,1485416,100.2412792106723,ocorrências,FULL_12_MONTHS,LIMITED_COVERAGE,standard_vde_indicator
AL,2017,Furto de veículo,1201,3193155,37.61170378512787,ocorrências,FULL_12_MONTHS,LIMITED_COVERAGE,standard_vde_indicator
AM,2017,Furto de veículo,3466,3966332,87.38552395513034,ocorrências,FULL_12_MONTHS,LIMITED_COVERAGE,standard_vde_indicator
AP,2017,Furto de veículo,721,765558,94.1796702535928,ocorrências,FULL_12_MONTHS,LIMITED_COVERAGE,standard_vde_indicator
BA,2017,Furto de veículo,5520,14578692,37.86347911047164,ocorrências,FULL_12_MONTHS,LIMITED_COVERAGE,standard_vde_indicator
CE,2017,Furto de veículo,4997,8924184,55.99391496186094,ocorrências,FULL_12_MONTHS,LIMITED_COVERAGE,standard_vde_indicator
DF,2017,Furto de veículo,5798,2850314,203.41618502382545,ocorrências,FULL_12_MONTHS,LIMITED_COVERAGE,standard_vde_indicator
GO,2017,Furto de veículo,11594,6805532,170.36140598560112,ocorrências,FULL_12_MONTHS,LIMITED_COVERAGE,standard_vde_indicator
MA,2017,Furto de veículo,3130,6890375,45.42568437857156,ocorrências,FULL_12_MONTHS,LIMITED_COVERAGE,standard_vde_indicator
MG,2017,Furto de veículo,31221,20695003,150.8625053110647,ocorrências,FULL_12_MONTHS,LIMITED_COVERAGE,standard_vde_indicator
MS,2017,Furto de veículo,3647,2715557,134.3002558959359,ocorrências,FULL_12_MONTHS,LIMITED_COVERAGE,standard_vde_indicator
MT,2017,Furto de veículo,2817,3433278,82.04986604638482,ocorrências,FULL_12_MONTHS,LIMITED_COVERAGE,standard_vde_indicator
PA,2017,Furto de veículo,5165,8275842,62.4105680122941,ocorrências,FULL_12_MONTHS,LIMITED_COVERAGE,standard_vde_indicator
PB,2017,Furto de veículo,1170,3981512,29.385821265890947,ocorrências,FULL_12_MONTHS,LIMITED_COVERAGE,standard_vde_indicator
PE,2017,Furto de veículo,6895,9304183,74.1064529792675,ocorrências,FULL_12_MONTHS,LIMITED_COVERAGE,standard_vde_indicator
PI,2017,Furto de veículo,2596,3285746,79.00793305386357,ocorrências,FULL_12_MONTHS,LIMITED_COVERAGE,standard_vde_indicator
PR,2017,Furto de veículo,19404,11285193,171.9421191999109,ocorrências,FULL_12_MONTHS,LIMITED_COVERAGE,standard_vde_indicator
RJ,2017,Furto de veículo,15708,17100398,91.8575111526644,ocorrências,FULL_12_MONTHS,LIMITED_COVERAGE,standard_vde_indicator
RN,2017,Furto de veículo,1329,3359217,39.56279097182468,ocorrências,FULL_12_MONTHS,LIMITED_COVERAGE,standard_vde_indicator
RO,2017,Furto de veículo,2559,1691568,151.27975937118697,ocorrências,FULL_12_MONTHS,LIMITED_COVERAGE,standard_vde_indicator
RR,2017,Furto de veículo,588,564013,104.2529161561879,ocorrências,FULL_12_MONTHS,LIMITED_COVERAGE,standard_vde_indicator
RS,2017,Furto de veículo,16893,11141074,151.62811053943273,ocorrências,FULL_12_MONTHS,LIMITED_COVERAGE,standard_vde_indicator
SC,2017,Furto de veículo,11988,7135459,168.00601054536224,ocorrências,FULL_12_MONTHS,LIMITED_COVERAGE,standard_vde_indicator
SE,2017,Furto de veículo,858,2212722,38.77577029559068,ocorrências,FULL_12_MONTHS,LIMITED_COVERAGE,standard_vde_indicator
SP,2017,Furto de veículo,104829,44809066,233.9459608464055,ocorrências,FULL_12_MONTHS,LIMITED_COVERAGE,standard_vde_indicator
TO,2017,Furto de veículo,1537,1498537,102.56670339137439,ocorrências,FULL_12_MONTHS,LIMITED_COVERAGE,standard_vde_indicator
AL,2018,Furto de veículo,1464,3200128,45.74817007319707,ocorrências,FULL_12_MONTHS,LIMITED_COVERAGE,standard_vde_indicator
AM,2018,Furto de veículo,2534,4018483,63.058621872980424,ocorrências,FULL_12_MONTHS,LIMITED_COVERAGE,standard_vde_indicator
AP,2018,Furto de veículo,632,772784,81.78223151618046,ocorrências,FULL_12_MONTHS,LIMITED_COVERAGE,standard_vde_indicator
BA,2018,Furto de veículo,5333,14632652,36.44588827780501,ocorrências,FULL_12_MONTHS,LIMITED_COVERAGE,standard_vde_indicator
CE,2018,Furto de veículo,4184,8976628,46.609929697432044,ocorrências,FULL_12_MONTHS,LIMITED_COVERAGE,standard_vde_indicator
DF,2018,Furto de veículo,5300,2875413,184.32134792462855,ocorrências,FULL_12_MONTHS,LIMITED_COVERAGE,standard_vde_indicator
ES,2018,Furto de veículo,5814,3937119,147.67143182616527,ocorrências,FULL_12_MONTHS,LIMITED_COVERAGE,standard_vde_indicator
GO,2018,Furto de veículo,10550,6888446,153.15500767517085,ocorrências,FULL_12_MONTHS,LIMITED_COVERAGE,standard_vde_indicator
MA,2018,Furto de veículo,2980,6917016,43.08216144071374,ocorrências,FULL_12_MONTHS,LIMITED_COVERAGE,standard_vde_indicator
MG,2018,Furto de veículo,25811,20801238,124.0839607719502,ocorrências,FULL_12_MONTHS,LIMITED_COVERAGE,standard_vde_indicator
MS,2018,Furto de veículo,3727,2746161,135.7167332869413,ocorrências,FULL_12_MONTHS,LIMITED_COVERAGE,standard_vde_indicator
MT,2018,Furto de veículo,2438,3490648,69.84376539828708,ocorrências,FULL_12_MONTHS,LIMITED_COVERAGE,standard_vde_indicator
PA,2018,Furto de veículo,4468,8339467,53.5765655047259,ocorrências,FULL_12_MONTHS,LIMITED_COVERAGE,standard_vde_indicator
PB,2018,Furto de veículo,1059,4008413,26.41943332685529,ocorrências,FULL_12_MONTHS,LIMITED_COVERAGE,standard_vde_indicator
PE,2018,Furto de veículo,5578,9348293,59.6686475274149,ocorrências,FULL_12_MONTHS,LIMITED_COVERAGE,standard_vde_indicator
PI,2018,Furto de veículo,3219,3302227,97.47967053748879,ocorrências,FULL_12_MONTHS,LIMITED_COVERAGE,standard_vde_indicator
PR,2018,Furto de veículo,17696,11373980,155.58318196444867,ocorrências,FULL_12_MONTHS,LIMITED_COVERAGE,standard_vde_indicator
RJ,2018,Furto de veículo,15794,17148943,92.09897076455383,ocorrências,FULL_12_MONTHS,LIMITED_COVERAGE,standard_vde_indicator
RN,2018,Furto de veículo,1043,3375511,30.89902536238217,ocorrências,FULL_12_MONTHS,LIMITED_COVERAGE,standard_vde_indicator
RO,2018,Furto de veículo,2513,1701892,147.65919341532836,ocorrências,FULL_12_MONTHS,LIMITED_COVERAGE,standard_vde_indicator
RR,2018,Furto de veículo,680,587497,115.74527189075008,ocorrências,FULL_12_MONTHS,LIMITED_COVERAGE,standard_vde_indicator
RS,2018,Furto de veículo,14405,11167531,128.9900157877332,ocorrências,FULL_12_MONTHS,LIMITED_COVERAGE,standard_vde_indicator
SC,2018,Furto de veículo,9133,7266127,125.69282094849154,ocorrências,FULL_12_MONTHS,LIMITED_COVERAGE,standard_vde_indicator
SE,2018,Furto de veículo,662,2227068,29.72518126972324,ocorrências,FULL_12_MONTHS,LIMITED_COVERAGE,standard_vde_indicator
SP,2018,Furto de veículo,99346,45062167,220.46431988057742,ocorrências,FULL_12_MONTHS,LIMITED_COVERAGE,standard_vde_indicator
TO,2018,Furto de veículo,1696,1511702,112.19142397112658,ocorrências,FULL_12_MONTHS,LIMITED_COVERAGE,standard_vde_indicator
AC,2019,Furto de veículo,1938,857919,225.89545166851417,ocorrências,FULL_12_MONTHS,LIMITED_COVERAGE,standard_vde_indicator
AL,2019,Furto de veículo,1462,3208704,45.56356709749481,ocorrências,FULL_12_MONTHS,LIMITED_COVERAGE,standard_vde_indicator
AM,2019,Furto de veículo,2073,4073280,50.89264671223191,ocorrências,FULL_12_MONTHS,LIMITED_COVERAGE,standard_vde_indicator
AP,2019,Furto de veículo,768,779468,98.52874011505283,ocorrências,FULL_12_MONTHS,LIMITED_COVERAGE,standard_vde_indicator
BA,2019,Furto de veículo,5289,14693250,35.996120667653514,ocorrências,FULL_12_MONTHS,LIMITED_COVERAGE,standard_vde_indicator
CE,2019,Furto de veículo,4602,9035631,50.93169475380303,ocorrências,FULL_12_MONTHS,LIMITED_COVERAGE,standard_vde_indicator
DF,2019,Furto de veículo,5143,2899708,177.3626861739182,ocorrências,FULL_12_MONTHS,LIMITED_COVERAGE,standard_vde_indicator
ES,2019,Furto de veículo,5609,3970009,141.2843144688085,ocorrências,FULL_12_MONTHS,LIMITED_COVERAGE,standard_vde_indicator
GO,2019,Furto de veículo,8126,6974736,116.50620181179617,ocorrências,FULL_12_MONTHS,LIMITED_COVERAGE,standard_vde_indicator
MA,2019,Furto de veículo,2537,6946725,36.52080656712336,ocorrências,FULL_12_MONTHS,LIMITED_COVERAGE,standard_vde_indicator
MG,2019,Furto de veículo,24149,20916751,115.45292096272505,ocorrências,FULL_12_MONTHS,LIMITED_COVERAGE,standard_vde_indicator
MS,2019,Furto de veículo,3523,2777028,126.86224265653786,ocorrências,FULL_12_MONTHS,LIMITED_COVERAGE,standard_vde_indicator
MT,2019,Furto de veículo,2363,3551996,66.52597581754034,ocorrências,FULL_12_MONTHS,LIMITED_COVERAGE,standard_vde_indicator
PA,2019,Furto de veículo,3810,8404430,45.33323497250855,ocorrências,FULL_12_MONTHS,LIMITED_COVERAGE,standard_vde_indicator
PB,2019,Furto de veículo,1052,4037810,26.053727144169734,ocorrências,FULL_12_MONTHS,LIMITED_COVERAGE,standard_vde_indicator
PE,2019,Furto de veículo,6263,9396505,66.65244151947985,ocorrências,FULL_12_MONTHS,LIMITED_COVERAGE,standard_vde_indicator
PI,2019,Furto de veículo,2877,3320228,86.65067579696334,ocorrências,FULL_12_MONTHS,LIMITED_COVERAGE,standard_vde_indicator
PR,2019,Furto de veículo,16047,11468227,139.92572696721123,ocorrências,FULL_12_MONTHS,LIMITED_COVERAGE,standard_vde_indicator
RJ,2019,Furto de veículo,15595,17193919,90.70067155719414,ocorrências,FULL_12_MONTHS,LIMITED_COVERAGE,standard_vde_indicator
RN,2019,Furto de veículo,859,3392434,25.321052671916387,ocorrências,FULL_12_MONTHS,LIMITED_COVERAGE,standard_vde_indicator
RR,2019,Furto de veículo,591,618125,95.61172901921132,ocorrências,FULL_12_MONTHS,LIMITED_COVERAGE,standard_vde_indicator
RS,2019,Furto de veículo,13093,11194346,116.96083004759724,ocorrências,FULL_12_MONTHS,LIMITED_COVERAGE,standard_vde_indicator
SC,2019,Furto de veículo,8899,7403723,120.19628503119309,ocorrências,FULL_12_MONTHS,LIMITED_COVERAGE,standard_vde_indicator
SE,2019,Furto de veículo,861,2241300,38.415205461116315,ocorrências,FULL_12_MONTHS,LIMITED_COVERAGE,standard_vde_indicator
SP,2019,Furto de veículo,90652,45306139,200.08767465265578,ocorrências,FULL_12_MONTHS,LIMITED_COVERAGE,standard_vde_indicator
TO,2019,Furto de veículo,1775,1525148,116.38214783089903,ocorrências,FULL_12_MONTHS,LIMITED_COVERAGE,standard_vde_indicator
AC,2020,Furto de veículo,752,863657,87.0716036574705,ocorrências,FULL_12_MONTHS,LIMITED_COVERAGE,standard_vde_indicator
AL,2020,Furto de veículo,1640,3214823,51.013694999693605,ocorrências,FULL_12_MONTHS,LIMITED_COVERAGE,standard_vde_indicator
AM,2020,Furto de veículo,1998,4121226,48.480719086990135,ocorrências,FULL_12_MONTHS,LIMITED_COVERAGE,standard_vde_indicator
AP,2020,Furto de veículo,341,785533,43.41001587457179,ocorrências,FULL_12_MONTHS,LIMITED_COVERAGE,standard_vde_indicator
BA,2020,Furto de veículo,4255,14748551,28.850291801547147,ocorrências,FULL_12_MONTHS,LIMITED_COVERAGE,standard_vde_indicator
CE,2020,Furto de veículo,4200,9088929,46.210065014260756,ocorrências,FULL_12_MONTHS,LIMITED_COVERAGE,standard_vde_indicator
DF,2020,Furto de veículo,4288,2921417,146.7780874828893,ocorrências,FULL_12_MONTHS,LIMITED_COVERAGE,standard_vde_indicator
ES,2020,Furto de veículo,5390,4001467,134.7005985554798,ocorrências,FULL_12_MONTHS,LIMITED_COVERAGE,standard_vde_indicator
GO,2020,Furto de veículo,5635,7060290,79.81258560200784,ocorrências,FULL_12_MONTHS,LIMITED_COVERAGE,standard_vde_indicator
MA,2020,Furto de veículo,1836,6970988,26.3377300319553,ocorrências,FULL_12_MONTHS,LIMITED_COVERAGE,standard_vde_indicator
MG,2020,Furto de veículo,19790,21032009,94.09467255363005,ocorrências,FULL_12_MONTHS,LIMITED_COVERAGE,standard_vde_indicator
MS,2020,Furto de veículo,2929,2806866,104.3512586635771,ocorrências,FULL_12_MONTHS,LIMITED_COVERAGE,standard_vde_indicator
MT,2020,Furto de veículo,1860,3611987,51.49520194840125,ocorrências,FULL_12_MONTHS,LIMITED_COVERAGE,standard_vde_indicator
PA,2020,Furto de veículo,3097,8465192,36.585112304599825,ocorrências,FULL_12_MONTHS,LIMITED_COVERAGE,standard_vde_indicator
PB,2020,Furto de veículo,1073,4064935,26.3964860446723,ocorrências,FULL_12_MONTHS,LIMITED_COVERAGE,standard_vde_indicator
PE,2020,Furto de veículo,4864,9438962,51.53108996518897,ocorrências,FULL_12_MONTHS,LIMITED_COVERAGE,standard_vde_indicator
PI,2020,Furto de veículo,2150,3335863,64.45108806926423,ocorrências,FULL_12_MONTHS,LIMITED_COVERAGE,standard_vde_indicator
PR,2020,Furto de veículo,12092,11560987,104.5931458966263,ocorrências,FULL_12_MONTHS,LIMITED_COVERAGE,standard_vde_indicator
RJ,2020,Furto de veículo,12895,17222305,74.87383367092849,ocorrências,FULL_12_MONTHS,LIMITED_COVERAGE,standard_vde_indicator
RN,2020,Furto de veículo,1053,3407618,30.901351031717756,ocorrências,FULL_12_MONTHS,LIMITED_COVERAGE,standard_vde_indicator
RR,2020,Furto de veículo,732,640975,114.20102188072858,ocorrências,FULL_12_MONTHS,LIMITED_COVERAGE,standard_vde_indicator
RS,2020,Furto de veículo,9411,11220286,83.87486736077851,ocorrências,FULL_12_MONTHS,LIMITED_COVERAGE,standard_vde_indicator
SC,2020,Furto de veículo,7640,7541975,101.29972586756122,ocorrências,FULL_12_MONTHS,LIMITED_COVERAGE,standard_vde_indicator
SE,2020,Furto de veículo,841,2254218,37.30783801744108,ocorrências,FULL_12_MONTHS,LIMITED_COVERAGE,standard_vde_indicator
SP,2020,Furto de veículo,65724,45523191,144.3747649412362,ocorrências,FULL_12_MONTHS,LIMITED_COVERAGE,standard_vde_indicator
TO,2020,Furto de veículo,1496,1537886,97.27639109790972,ocorrências,FULL_12_MONTHS,LIMITED_COVERAGE,standard_vde_indicator
AC,2021,Furto de veículo,599,868346,68.98171926858649,ocorrências,FULL_12_MONTHS,LIMITED_COVERAGE,standard_vde_indicator
AL,2021,Furto de veículo,1562,3217819,48.54219581648315,ocorrências,FULL_12_MONTHS,LIMITED_COVERAGE,standard_vde_indicator
AM,2021,Furto de veículo,1905,4160013,45.79312612725008,ocorrências,FULL_12_MONTHS,LIMITED_COVERAGE,standard_vde_indicator
AP,2021,Furto de veículo,392,790871,49.565605515943815,ocorrências,FULL_12_MONTHS,LIMITED_COVERAGE,standard_vde_indicator
BA,2021,Furto de veículo,4663,14788270,31.531747797409704,ocorrências,FULL_12_MONTHS,LIMITED_COVERAGE,standard_vde_indicator
CE,2021,Furto de veículo,4052,9129520,44.38349442248881,ocorrências,FULL_12_MONTHS,LIMITED_COVERAGE,standard_vde_indicator
DF,2021,Furto de veículo,3742,2938025,127.36447103070941,ocorrências,FULL_12_MONTHS,LIMITED_COVERAGE,standard_vde_indicator
ES,2021,Furto de veículo,4683,4027541,116.27442153909793,ocorrências,FULL_12_MONTHS,LIMITED_COVERAGE,standard_vde_indicator
GO,2021,Furto de veículo,5215,7133954,73.10111615522051,ocorrências,FULL_12_MONTHS,LIMITED_COVERAGE,standard_vde_indicator
MA,2021,Furto de veículo,2978,6988154,42.61497385432548,ocorrências,FULL_12_MONTHS,LIMITED_COVERAGE,standard_vde_indicator
MG,2021,Furto de veículo,18363,21117017,86.9583047643519,ocorrências,FULL_12_MONTHS,LIMITED_COVERAGE,standard_vde_indicator
MS,2021,Furto de veículo,2895,2831943,102.22663379877349,ocorrências,FULL_12_MONTHS,LIMITED_COVERAGE,standard_vde_indicator
MT,2021,Furto de veículo,2494,3666669,68.01813853391184,ocorrências,FULL_12_MONTHS,LIMITED_COVERAGE,standard_vde_indicator
PA,2021,Furto de veículo,3198,8520153,37.53453723190182,ocorrências,FULL_12_MONTHS,LIMITED_COVERAGE,standard_vde_indicator
PB,2021,Furto de veículo,1142,4087783,27.93690369571966,ocorrências,FULL_12_MONTHS,LIMITED_COVERAGE,standard_vde_indicator
PE,2021,Furto de veículo,4850,9470176,51.213409338960545,ocorrências,FULL_12_MONTHS,LIMITED_COVERAGE,standard_vde_indicator
PI,2021,Furto de veículo,1918,3347856,57.29039719748997,ocorrências,FULL_12_MONTHS,LIMITED_COVERAGE,standard_vde_indicator
PR,2021,Furto de veículo,11675,11630298,100.3843581651992,ocorrências,FULL_12_MONTHS,LIMITED_COVERAGE,standard_vde_indicator
RJ,2021,Furto de veículo,14428,17220455,83.78408119878365,ocorrências,FULL_12_MONTHS,LIMITED_COVERAGE,standard_vde_indicator
RN,2021,Furto de veículo,1138,3419382,33.2808677123527,ocorrências,FULL_12_MONTHS,LIMITED_COVERAGE,standard_vde_indicator
RO,2021,Furto de veículo,2258,1729622,130.5487557396934,ocorrências,FULL_12_MONTHS,LIMITED_COVERAGE,standard_vde_indicator
RR,2021,Furto de veículo,619,654972,94.50785682441386,ocorrências,FULL_12_MONTHS,LIMITED_COVERAGE,standard_vde_indicator
RS,2021,Furto de veículo,8916,11227789,79.41011360295424,ocorrências,FULL_12_MONTHS,LIMITED_COVERAGE,standard_vde_indicator
SC,2021,Furto de veículo,7561,7671648,98.55770233462223,ocorrências,FULL_12_MONTHS,LIMITED_COVERAGE,standard_vde_indicator
SE,2021,Furto de veículo,666,2264937,29.40479139154864,ocorrências,FULL_12_MONTHS,LIMITED_COVERAGE,standard_vde_indicator
SP,2021,Furto de veículo,79670,45651915,174.5162278515589,ocorrências,FULL_12_MONTHS,LIMITED_COVERAGE,standard_vde_indicator
TO,2021,Furto de veículo,1276,1548514,82.40157983718585,ocorrências,FULL_12_MONTHS,LIMITED_COVERAGE,standard_vde_indicator
AC,2022,Furto de veículo,522,872566,59.82355489441486,ocorrências,FULL_12_MONTHS,LIMITED_COVERAGE,standard_vde_indicator
AL,2022,Furto de veículo,2059,3218381,63.97626632769706,ocorrências,FULL_12_MONTHS,LIMITED_COVERAGE,standard_vde_indicator
AM,2022,Furto de veículo,2016,4199791,48.00238869029435,ocorrências,FULL_12_MONTHS,LIMITED_COVERAGE,standard_vde_indicator
AP,2022,Furto de veículo,329,795457,41.35987237525096,ocorrências,FULL_12_MONTHS,LIMITED_COVERAGE,standard_vde_indicator
BA,2022,Furto de veículo,6789,14811339,45.83650404598801,ocorrências,FULL_12_MONTHS,LIMITED_COVERAGE,standard_vde_indicator
CE,2022,Furto de veículo,5904,9162955,64.43336238145882,ocorrências,FULL_12_MONTHS,LIMITED_COVERAGE,standard_vde_indicator
DF,2022,Furto de veículo,3713,2952426,125.76098435659353,ocorrências,FULL_12_MONTHS,LIMITED_COVERAGE,standard_vde_indicator
ES,2022,Furto de veículo,4658,4050913,114.98642404810965,ocorrências,FULL_12_MONTHS,LIMITED_COVERAGE,standard_vde_indicator
GO,2022,Furto de veículo,5421,7201254,75.27855565155735,ocorrências,FULL_12_MONTHS,LIMITED_COVERAGE,standard_vde_indicator
MA,2022,Furto de veículo,3374,6998087,48.21317597223356,ocorrências,FULL_12_MONTHS,LIMITED_COVERAGE,standard_vde_indicator
MG,2022,Furto de veículo,22774,21178401,107.53408626080883,ocorrências,FULL_12_MONTHS,LIMITED_COVERAGE,standard_vde_indicator
MS,2022,Furto de veículo,3577,2854377,125.3163124562733,ocorrências,FULL_12_MONTHS,LIMITED_COVERAGE,standard_vde_indicator
MT,2022,Furto de veículo,2301,3720967,61.83876395571366,ocorrências,FULL_12_MONTHS,LIMITED_COVERAGE,standard_vde_indicator
PA,2022,Furto de veículo,3440,8570045,40.139812568078696,ocorrências,FULL_12_MONTHS,LIMITED_COVERAGE,standard_vde_indicator
PB,2022,Furto de veículo,1528,4106026,37.21359777069117,ocorrências,FULL_12_MONTHS,LIMITED_COVERAGE,standard_vde_indicator
PE,2022,Furto de veículo,7005,9493026,73.79101247589546,ocorrências,FULL_12_MONTHS,LIMITED_COVERAGE,standard_vde_indicator
PI,2022,Furto de veículo,2357,3357043,70.21059903015839,ocorrências,FULL_12_MONTHS,LIMITED_COVERAGE,standard_vde_indicator
PR,2022,Furto de veículo,13784,11686692,117.94612196505221,ocorrências,FULL_12_MONTHS,LIMITED_COVERAGE,standard_vde_indicator
RJ,2022,Furto de veículo,16864,17211760,97.97952097867969,ocorrências,FULL_12_MONTHS,LIMITED_COVERAGE,standard_vde_indicator
RN,2022,Furto de veículo,1716,3427955,50.059000191076024,ocorrências,FULL_12_MONTHS,LIMITED_COVERAGE,standard_vde_indicator
RO,2022,Furto de veículo,2688,1734648,154.95939233781147,ocorrências,FULL_12_MONTHS,LIMITED_COVERAGE,standard_vde_indicator
RR,2022,Furto de veículo,671,673404,99.64300776354165,ocorrências,FULL_12_MONTHS,LIMITED_COVERAGE,standard_vde_indicator
RS,2022,Furto de veículo,8953,11220506,79.79141047649723,ocorrências,FULL_12_MONTHS,LIMITED_COVERAGE,standard_vde_indicator
SC,2022,Furto de veículo,8106,7796817,103.9655028455843,ocorrências,FULL_12_MONTHS,LIMITED_COVERAGE,standard_vde_indicator
SE,2022,Furto de veículo,908,2273589,39.93685754109472,ocorrências,FULL_12_MONTHS,LIMITED_COVERAGE,standard_vde_indicator
SP,2022,Furto de veículo,96662,45736978,211.34321554869672,ocorrências,FULL_12_MONTHS,LIMITED_COVERAGE,standard_vde_indicator
TO,2022,Furto de veículo,1368,1557580,87.82855455257514,ocorrências,FULL_12_MONTHS,LIMITED_COVERAGE,standard_vde_indicator
AC,2023,Furto de veículo,672,876582,76.66139619567821,ocorrências,FULL_12_MONTHS,LIMITED_COVERAGE,standard_vde_indicator
AL,2023,Furto de veículo,1785,3218607,55.458774556819144,ocorrências,FULL_12_MONTHS,LIMITED_COVERAGE,standard_vde_indicator
AM,2023,Furto de veículo,1608,4240571,37.91942170052099,ocorrências,FULL_12_MONTHS,LIMITED_COVERAGE,standard_vde_indicator
AP,2023,Furto de veículo,343,799124,42.92199958955056,ocorrências,FULL_12_MONTHS,LIMITED_COVERAGE,standard_vde_indicator
BA,2023,Furto de veículo,6792,14828806,45.8027436598739,ocorrências,FULL_12_MONTHS,LIMITED_COVERAGE,standard_vde_indicator
CE,2023,Furto de veículo,6081,9196672,66.1217449094629,ocorrências,FULL_12_MONTHS,LIMITED_COVERAGE,standard_vde_indicator
DF,2023,Furto de veículo,3236,2967543,109.04644010213163,ocorrências,FULL_12_MONTHS,LIMITED_COVERAGE,standard_vde_indicator
ES,2023,Furto de veículo,4166,4076068,102.2063419942945,ocorrências,FULL_12_MONTHS,LIMITED_COVERAGE,standard_vde_indicator
GO,2023,Furto de veículo,4512,7274463,62.02519691144212,ocorrências,FULL_12_MONTHS,LIMITED_COVERAGE,standard_vde_indicator
MA,2023,Furto de veículo,3191,7003234,45.564663411218305,ocorrências,FULL_12_MONTHS,LIMITED_COVERAGE,standard_vde_indicator
MG,2023,Furto de veículo,23201,21247401,109.1945316041242,ocorrências,FULL_12_MONTHS,LIMITED_COVERAGE,standard_vde_indicator
MS,2023,Furto de veículo,2859,2878009,99.33950866727658,ocorrências,FULL_12_MONTHS,LIMITED_COVERAGE,standard_vde_indicator
MT,2023,Furto de veículo,2239,3778389,59.258059453380795,ocorrências,FULL_12_MONTHS,LIMITED_COVERAGE,standard_vde_indicator
PA,2023,Furto de veículo,2619,8616120,30.396512583390205,ocorrências,FULL_12_MONTHS,LIMITED_COVERAGE,standard_vde_indicator
PB,2023,Furto de veículo,1812,4124468,43.93293874506967,ocorrências,FULL_12_MONTHS,LIMITED_COVERAGE,standard_vde_indicator
PE,2023,Furto de veículo,7930,9514483,83.34662009485959,ocorrências,FULL_12_MONTHS,LIMITED_COVERAGE,standard_vde_indicator
PI,2023,Furto de veículo,2052,3365881,60.96472216338011,ocorrências,FULL_12_MONTHS,LIMITED_COVERAGE,standard_vde_indicator
PR,2023,Furto de veículo,12531,11753862,106.61176726424047,ocorrências,FULL_12_MONTHS,LIMITED_COVERAGE,standard_vde_indicator
RJ,2023,Furto de veículo,16577,17213813,96.30056978079173,ocorrências,FULL_12_MONTHS,LIMITED_COVERAGE,standard_vde_indicator
RN,2023,Furto de veículo,2383,3436278,69.34828904995463,ocorrências,FULL_12_MONTHS,LIMITED_COVERAGE,standard_vde_indicator
RO,2023,Furto de veículo,2320,1740255,133.31379596668305,ocorrências,FULL_12_MONTHS,LIMITED_COVERAGE,standard_vde_indicator
RR,2023,Furto de veículo,698,695270,100.39265321385936,ocorrências,FULL_12_MONTHS,LIMITED_COVERAGE,standard_vde_indicator
RS,2023,Furto de veículo,8556,11222292,76.24111010478073,ocorrências,FULL_12_MONTHS,LIMITED_COVERAGE,standard_vde_indicator
SC,2023,Furto de veículo,7112,7927212,89.71628360639276,ocorrências,FULL_12_MONTHS,LIMITED_COVERAGE,standard_vde_indicator
SE,2023,Furto de veículo,857,2281994,37.55487525383502,ocorrências,FULL_12_MONTHS,LIMITED_COVERAGE,standard_vde_indicator
SP,2023,Furto de veículo,94258,45850570,205.57650646436892,ocorrências,FULL_12_MONTHS,LIMITED_COVERAGE,standard_vde_indicator
TO,2023,Furto de veículo,860,1567191,54.875251325460646,ocorrências,FULL_12_MONTHS,LIMITED_COVERAGE,standard_vde_indicator
AC,2024,Furto de veículo,578,880631,65.63475507902857,ocorrências,FULL_12_MONTHS,LIMITED_COVERAGE,standard_vde_indicator
AL,2024,Furto de veículo,1583,3220104,49.159902909968125,ocorrências,FULL_12_MONTHS,LIMITED_COVERAGE,standard_vde_indicator
AM,2024,Furto de veículo,1912,4281209,44.660281710143096,ocorrências,FULL_12_MONTHS,LIMITED_COVERAGE,standard_vde_indicator
AP,2024,Furto de veículo,381,802837,47.45670665402815,ocorrências,FULL_12_MONTHS,LIMITED_COVERAGE,standard_vde_indicator
BA,2024,Furto de veículo,6864,14850513,46.22062550970461,ocorrências,FULL_12_MONTHS,LIMITED_COVERAGE,standard_vde_indicator
CE,2024,Furto de veículo,5636,9233656,61.03757818138341,ocorrências,FULL_12_MONTHS,LIMITED_COVERAGE,standard_vde_indicator
DF,2024,Furto de veículo,3315,2982818,111.13651587190368,ocorrências,FULL_12_MONTHS,LIMITED_COVERAGE,standard_vde_indicator
ES,2024,Furto de veículo,3942,4102129,96.09644162823743,ocorrências,FULL_12_MONTHS,LIMITED_COVERAGE,standard_vde_indicator
GO,2024,Furto de veículo,3583,7350483,48.74509607055754,ocorrências,FULL_12_MONTHS,LIMITED_COVERAGE,standard_vde_indicator
MA,2024,Furto de veículo,3024,7010960,43.132466880427216,ocorrências,FULL_12_MONTHS,LIMITED_COVERAGE,standard_vde_indicator
MG,2024,Furto de veículo,24379,21322691,114.33359888768261,ocorrências,FULL_12_MONTHS,LIMITED_COVERAGE,standard_vde_indicator
MS,2024,Furto de veículo,2728,2901895,94.00753645462706,ocorrências,FULL_12_MONTHS,LIMITED_COVERAGE,standard_vde_indicator
MT,2024,Furto de veículo,2043,3836399,53.253063615124496,ocorrências,FULL_12_MONTHS,LIMITED_COVERAGE,standard_vde_indicator
PA,2024,Furto de veículo,2877,8664306,33.20519843135734,ocorrências,FULL_12_MONTHS,LIMITED_COVERAGE,standard_vde_indicator
PB,2024,Furto de veículo,1766,4145040,42.60513770675313,ocorrências,FULL_12_MONTHS,LIMITED_COVERAGE,standard_vde_indicator
PE,2024,Furto de veículo,7347,9539029,77.02041790626699,ocorrências,FULL_12_MONTHS,LIMITED_COVERAGE,standard_vde_indicator
PI,2024,Furto de veículo,1826,3375646,54.093349835853644,ocorrências,FULL_12_MONTHS,LIMITED_COVERAGE,standard_vde_indicator
PR,2024,Furto de veículo,11022,11824665,93.21194300219076,ocorrências,FULL_12_MONTHS,LIMITED_COVERAGE,standard_vde_indicator
RJ,2024,Furto de veículo,17337,17219679,100.68131932076086,ocorrências,FULL_12_MONTHS,LIMITED_COVERAGE,standard_vde_indicator
RN,2024,Furto de veículo,1990,3446071,57.74692396064968,ocorrências,FULL_12_MONTHS,LIMITED_COVERAGE,standard_vde_indicator
RO,2024,Furto de veículo,1875,1746227,107.3743562549428,ocorrências,FULL_12_MONTHS,LIMITED_COVERAGE,standard_vde_indicator
RR,2024,Furto de veículo,643,716793,89.70511709796273,ocorrências,FULL_12_MONTHS,LIMITED_COVERAGE,standard_vde_indicator
RS,2024,Furto de veículo,6639,11229915,59.118880240856676,ocorrências,FULL_12_MONTHS,LIMITED_COVERAGE,standard_vde_indicator
SC,2024,Furto de veículo,6467,8058441,80.25125455407566,ocorrências,FULL_12_MONTHS,LIMITED_COVERAGE,standard_vde_indicator
SE,2024,Furto de veículo,785,2291077,34.263361729003435,ocorrências,FULL_12_MONTHS,LIMITED_COVERAGE,standard_vde_indicator
SP,2024,Furto de veículo,93996,45973194,204.45827627290808,ocorrências,FULL_12_MONTHS,LIMITED_COVERAGE,standard_vde_indicator
TO,2024,Furto de veículo,1270,1577342,80.5151958167601,ocorrências,FULL_12_MONTHS,LIMITED_COVERAGE,standard_vde_indicator
AC,2025,Furto de veículo,731,884372,82.6575242092694,ocorrências,FULL_12_MONTHS,LIMITED_COVERAGE,standard_vde_indicator
AL,2025,Furto de veículo,1487,3220848,46.16796570344207,ocorrências,FULL_12_MONTHS,LIMITED_COVERAGE,standard_vde_indicator
AM,2025,Furto de veículo,1732,4321616,40.07760060125657,ocorrências,FULL_12_MONTHS,LIMITED_COVERAGE,standard_vde_indicator
AP,2025,Furto de veículo,297,806517,36.82501422784641,ocorrências,FULL_12_MONTHS,LIMITED_COVERAGE,standard_vde_indicator
BA,2025,Furto de veículo,7282,14870907,48.9680958935457,ocorrências,FULL_12_MONTHS,LIMITED_COVERAGE,standard_vde_indicator
CE,2025,Furto de veículo,5075,9268836,54.75336924722802,ocorrências,FULL_12_MONTHS,LIMITED_COVERAGE,standard_vde_indicator
DF,2025,Furto de veículo,2940,2996899,98.10140415142452,ocorrências,FULL_12_MONTHS,LIMITED_COVERAGE,standard_vde_indicator
ES,2025,Furto de veículo,3618,4126854,87.66968736960406,ocorrências,FULL_12_MONTHS,LIMITED_COVERAGE,standard_vde_indicator
GO,2025,Furto de veículo,3115,7423629,41.96060983112168,ocorrências,FULL_12_MONTHS,LIMITED_COVERAGE,standard_vde_indicator
MA,2025,Furto de veículo,3359,7018211,47.861199955373245,ocorrências,FULL_12_MONTHS,LIMITED_COVERAGE,standard_vde_indicator
MG,2025,Furto de veículo,22777,21393441,106.46721114195701,ocorrências,FULL_12_MONTHS,LIMITED_COVERAGE,standard_vde_indicator
MS,2025,Furto de veículo,1652,2924631,56.48575837430431,ocorrências,FULL_12_MONTHS,LIMITED_COVERAGE,standard_vde_indicator
MT,2025,Furto de veículo,1831,3893659,47.025176061899614,ocorrências,FULL_12_MONTHS,LIMITED_COVERAGE,standard_vde_indicator
PA,2025,Furto de veículo,2847,8711196,32.68207947565409,ocorrências,FULL_12_MONTHS,LIMITED_COVERAGE,standard_vde_indicator
PB,2025,Furto de veículo,1867,4164468,44.831656768643676,ocorrências,FULL_12_MONTHS,LIMITED_COVERAGE,standard_vde_indicator
PE,2025,Furto de veículo,6952,9562007,72.70440191060308,ocorrências,FULL_12_MONTHS,LIMITED_COVERAGE,standard_vde_indicator
PI,2025,Furto de veículo,2071,3384547,61.18987267720023,ocorrências,FULL_12_MONTHS,LIMITED_COVERAGE,standard_vde_indicator
PR,2025,Furto de veículo,8982,11890584,75.53876243589045,ocorrências,FULL_12_MONTHS,LIMITED_COVERAGE,standard_vde_indicator
RJ,2025,Furto de veículo,17490,17223547,101.5470274502691,ocorrências,FULL_12_MONTHS,LIMITED_COVERAGE,standard_vde_indicator
RN,2025,Furto de veículo,1603,3455236,46.39335779090054,ocorrências,FULL_12_MONTHS,LIMITED_COVERAGE,standard_vde_indicator
RO,2025,Furto de veículo,1544,1751950,88.13036901738063,ocorrências,FULL_12_MONTHS,LIMITED_COVERAGE,standard_vde_indicator
RR,2025,Furto de veículo,658,738772,89.06672153248905,ocorrências,FULL_12_MONTHS,LIMITED_COVERAGE,standard_vde_indicator
RS,2025,Furto de veículo,6295,11233263,56.03892653452519,ocorrências,FULL_12_MONTHS,LIMITED_COVERAGE,standard_vde_indicator
SC,2025,Furto de veículo,5996,8186962,73.23840027595095,ocorrências,FULL_12_MONTHS,LIMITED_COVERAGE,standard_vde_indicator
SE,2025,Furto de veículo,823,2299425,35.79155658479837,ocorrências,FULL_12_MONTHS,LIMITED_COVERAGE,standard_vde_indicator
SP,2025,Furto de veículo,87334,46081801,189.51950250381924,ocorrências,FULL_12_MONTHS,LIMITED_COVERAGE,standard_vde_indicator
TO,2025,Furto de veículo,1473,1586859,92.82488236194898,ocorrências,FULL_12_MONTHS,LIMITED_COVERAGE,standard_vde_indicator
AL,2015,Roubo de veículo,3160,3181178,99.33427176976579,ocorrências,FULL_12_MONTHS,LIMITED_COVERAGE,standard_vde_indicator
AM,2015,Roubo de veículo,2540,3859110,65.81828452674321,ocorrências,FULL_12_MONTHS,LIMITED_COVERAGE,standard_vde_indicator
AP,2015,Roubo de veículo,310,747050,41.496553108894986,ocorrências,FULL_12_MONTHS,LIMITED_COVERAGE,standard_vde_indicator
BA,2015,Roubo de veículo,14451,14470447,99.86560885092216,ocorrências,FULL_12_MONTHS,LIMITED_COVERAGE,standard_vde_indicator
CE,2015,Roubo de veículo,9411,8816218,106.74645295749266,ocorrências,FULL_12_MONTHS,LIMITED_COVERAGE,standard_vde_indicator
DF,2015,Roubo de veículo,4808,2794821,172.03248437019758,ocorrências,FULL_12_MONTHS,LIMITED_COVERAGE,standard_vde_indicator
MA,2015,Roubo de veículo,4065,6831416,59.50450097022345,ocorrências,FULL_12_MONTHS,LIMITED_COVERAGE,standard_vde_indicator
MG,2015,Roubo de veículo,19017,20470203,92.90088622960896,ocorrências,FULL_12_MONTHS,LIMITED_COVERAGE,standard_vde_indicator
MS,2015,Roubo de veículo,989,2652939,37.279409741422626,ocorrências,FULL_12_MONTHS,LIMITED_COVERAGE,standard_vde_indicator
MT,2015,Roubo de veículo,3541,3327512,106.41584463106369,ocorrências,FULL_12_MONTHS,LIMITED_COVERAGE,standard_vde_indicator
PA,2015,Roubo de veículo,5795,8131409,71.266861622629,ocorrências,FULL_12_MONTHS,LIMITED_COVERAGE,standard_vde_indicator
PB,2015,Roubo de veículo,3020,3932039,76.80493504769409,ocorrências,FULL_12_MONTHS,LIMITED_COVERAGE,standard_vde_indicator
PE,2015,Roubo de veículo,10474,9213107,113.68586080678321,ocorrências,FULL_12_MONTHS,LIMITED_COVERAGE,standard_vde_indicator
PI,2015,Roubo de veículo,2700,3255812,82.92862118574413,ocorrências,FULL_12_MONTHS,LIMITED_COVERAGE,standard_vde_indicator
RJ,2015,Roubo de veículo,31035,16971856,182.8615562140051,ocorrências,FULL_12_MONTHS,LIMITED_COVERAGE,standard_vde_indicator
RN,2015,Roubo de veículo,4308,3322012,129.6804466690668,ocorrências,FULL_12_MONTHS,LIMITED_COVERAGE,standard_vde_indicator
RO,2015,Roubo de veículo,1795,1666906,107.68453650055852,ocorrências,FULL_12_MONTHS,LIMITED_COVERAGE,standard_vde_indicator
RS,2015,Roubo de veículo,18138,11070711,163.83771557219768,ocorrências,FULL_12_MONTHS,LIMITED_COVERAGE,standard_vde_indicator
SC,2015,Roubo de veículo,3462,6889914,50.24736157809807,ocorrências,FULL_12_MONTHS,LIMITED_COVERAGE,standard_vde_indicator
SE,2015,Roubo de veículo,1964,2182252,89.99877191085173,ocorrências,FULL_12_MONTHS,LIMITED_COVERAGE,standard_vde_indicator
SP,2015,Roubo de veículo,78659,44217931,177.8893725262722,ocorrências,FULL_12_MONTHS,LIMITED_COVERAGE,standard_vde_indicator
TO,2015,Roubo de veículo,564,1471416,38.330424570617694,ocorrências,FULL_12_MONTHS,LIMITED_COVERAGE,standard_vde_indicator
AL,2016,Roubo de veículo,3897,3187906,122.24325309466465,ocorrências,FULL_12_MONTHS,LIMITED_COVERAGE,standard_vde_indicator
AM,2016,Roubo de veículo,3534,3914566,90.27820708604735,ocorrências,FULL_12_MONTHS,LIMITED_COVERAGE,standard_vde_indicator
AP,2016,Roubo de veículo,207,756948,27.346660536787205,ocorrências,FULL_12_MONTHS,LIMITED_COVERAGE,standard_vde_indicator
BA,2016,Roubo de veículo,14902,14527076,102.58086348553556,ocorrências,FULL_12_MONTHS,LIMITED_COVERAGE,standard_vde_indicator
CE,2016,Roubo de veículo,10084,8873158,113.64612238393592,ocorrências,FULL_12_MONTHS,LIMITED_COVERAGE,standard_vde_indicator
DF,2016,Roubo de veículo,5663,2823570,200.5617002588921,ocorrências,FULL_12_MONTHS,LIMITED_COVERAGE,standard_vde_indicator
MA,2016,Roubo de veículo,4811,6863878,70.09157214041392,ocorrências,FULL_12_MONTHS,LIMITED_COVERAGE,standard_vde_indicator
MG,2016,Roubo de veículo,23118,20588168,112.28779559210902,ocorrências,FULL_12_MONTHS,LIMITED_COVERAGE,standard_vde_indicator
MS,2016,Roubo de veículo,885,2684756,32.963889455876064,ocorrências,FULL_12_MONTHS,LIMITED_COVERAGE,standard_vde_indicator
MT,2016,Roubo de veículo,3169,3380091,93.75487228006584,ocorrências,FULL_12_MONTHS,LIMITED_COVERAGE,standard_vde_indicator
PA,2016,Roubo de veículo,6995,8207830,85.22349999939082,ocorrências,FULL_12_MONTHS,LIMITED_COVERAGE,standard_vde_indicator
PB,2016,Roubo de veículo,3141,3957455,79.36919055301955,ocorrências,FULL_12_MONTHS,LIMITED_COVERAGE,standard_vde_indicator
PE,2016,Roubo de veículo,15931,9262684,171.99118527631947,ocorrências,FULL_12_MONTHS,LIMITED_COVERAGE,standard_vde_indicator
PI,2016,Roubo de veículo,3209,3271094,98.1017359941353,ocorrências,FULL_12_MONTHS,LIMITED_COVERAGE,standard_vde_indicator
RJ,2016,Roubo de veículo,41696,17043727,244.6413275687882,ocorrências,FULL_12_MONTHS,LIMITED_COVERAGE,standard_vde_indicator
RN,2016,Roubo de veículo,6010,3342283,179.8172087761569,ocorrências,FULL_12_MONTHS,LIMITED_COVERAGE,standard_vde_indicator
RO,2016,Roubo de veículo,1905,1680084,113.38718778346797,ocorrências,FULL_12_MONTHS,LIMITED_COVERAGE,standard_vde_indicator
RR,2016,Roubo de veículo,395,548233,72.04965771852478,ocorrências,FULL_12_MONTHS,LIMITED_COVERAGE,standard_vde_indicator
RS,2016,Roubo de veículo,17614,11109776,158.54505077330091,ocorrências,FULL_12_MONTHS,LIMITED_COVERAGE,standard_vde_indicator
SC,2016,Roubo de veículo,3571,7011473,50.930810116504766,ocorrências,FULL_12_MONTHS,LIMITED_COVERAGE,standard_vde_indicator
SE,2016,Roubo de veículo,2829,2198312,128.6896491489834,ocorrências,FULL_12_MONTHS,LIMITED_COVERAGE,standard_vde_indicator
SP,2016,Roubo de veículo,77949,44530110,175.04784964600356,ocorrências,FULL_12_MONTHS,LIMITED_COVERAGE,standard_vde_indicator
TO,2016,Roubo de veículo,930,1485416,62.60872375146087,ocorrências,FULL_12_MONTHS,LIMITED_COVERAGE,standard_vde_indicator
AL,2017,Roubo de veículo,3134,3193155,98.14744351589572,ocorrências,FULL_12_MONTHS,LIMITED_COVERAGE,standard_vde_indicator
AM,2017,Roubo de veículo,4465,3966332,112.57252292546363,ocorrências,FULL_12_MONTHS,LIMITED_COVERAGE,standard_vde_indicator
AP,2017,Roubo de veículo,267,765558,34.87652143926391,ocorrências,FULL_12_MONTHS,LIMITED_COVERAGE,standard_vde_indicator
BA,2017,Roubo de veículo,13526,14578692,92.77924247250714,ocorrências,FULL_12_MONTHS,LIMITED_COVERAGE,standard_vde_indicator
CE,2017,Roubo de veículo,11133,8924184,124.7509015950366,ocorrências,FULL_12_MONTHS,LIMITED_COVERAGE,standard_vde_indicator
DF,2017,Roubo de veículo,4855,2850314,170.33211077797043,ocorrências,FULL_12_MONTHS,LIMITED_COVERAGE,standard_vde_indicator
GO,2017,Roubo de veículo,14687,6805532,215.80972655774744,ocorrências,FULL_12_MONTHS,LIMITED_COVERAGE,standard_vde_indicator
MA,2017,Roubo de veículo,4479,6890375,65.00371895578978,ocorrências,FULL_12_MONTHS,LIMITED_COVERAGE,standard_vde_indicator
MG,2017,Roubo de veículo,21536,20695003,104.06376843724063,ocorrências,FULL_12_MONTHS,LIMITED_COVERAGE,standard_vde_indicator
MS,2017,Roubo de veículo,895,2715557,32.95824760813343,ocorrências,FULL_12_MONTHS,LIMITED_COVERAGE,standard_vde_indicator
MT,2017,Roubo de veículo,2585,3433278,75.29247558747063,ocorrências,FULL_12_MONTHS,LIMITED_COVERAGE,standard_vde_indicator
PA,2017,Roubo de veículo,8618,8275842,104.1344191926332,ocorrências,FULL_12_MONTHS,LIMITED_COVERAGE,standard_vde_indicator
PB,2017,Roubo de veículo,3261,3981512,81.903558246214,ocorrências,FULL_12_MONTHS,LIMITED_COVERAGE,standard_vde_indicator
PE,2017,Roubo de veículo,19718,9304183,211.9261841689915,ocorrências,FULL_12_MONTHS,LIMITED_COVERAGE,standard_vde_indicator
PI,2017,Roubo de veículo,3125,3285746,95.1077776553635,ocorrências,FULL_12_MONTHS,LIMITED_COVERAGE,standard_vde_indicator
PR,2017,Roubo de veículo,11372,11285193,100.76921147914794,ocorrências,FULL_12_MONTHS,LIMITED_COVERAGE,standard_vde_indicator
RJ,2017,Roubo de veículo,54366,17100398,317.9224249634424,ocorrências,FULL_12_MONTHS,LIMITED_COVERAGE,standard_vde_indicator
RN,2017,Roubo de veículo,6992,3359217,208.1437430210671,ocorrências,FULL_12_MONTHS,LIMITED_COVERAGE,standard_vde_indicator
RO,2017,Roubo de veículo,1671,1691568,98.78408671717601,ocorrências,FULL_12_MONTHS,LIMITED_COVERAGE,standard_vde_indicator
RR,2017,Roubo de veículo,287,564013,50.88535193337742,ocorrências,FULL_12_MONTHS,LIMITED_COVERAGE,standard_vde_indicator
RS,2017,Roubo de veículo,17859,11141074,160.29872882991353,ocorrências,FULL_12_MONTHS,LIMITED_COVERAGE,standard_vde_indicator
SC,2017,Roubo de veículo,3001,7135459,42.05756069791726,ocorrências,FULL_12_MONTHS,LIMITED_COVERAGE,standard_vde_indicator
SE,2017,Roubo de veículo,2985,2212722,134.90171833605848,ocorrências,FULL_12_MONTHS,LIMITED_COVERAGE,standard_vde_indicator
SP,2017,Roubo de veículo,67964,44809066,151.67466333710237,ocorrências,FULL_12_MONTHS,LIMITED_COVERAGE,standard_vde_indicator
TO,2017,Roubo de veículo,1006,1498537,67.13214288335891,ocorrências,FULL_12_MONTHS,LIMITED_COVERAGE,standard_vde_indicator
AL,2018,Roubo de veículo,3480,3200128,108.74565017399304,ocorrências,FULL_12_MONTHS,LIMITED_COVERAGE,standard_vde_indicator
AM,2018,Roubo de veículo,3124,4018483,77.74077929407689,ocorrências,FULL_12_MONTHS,LIMITED_COVERAGE,standard_vde_indicator
AP,2018,Roubo de veículo,357,772784,46.19660862543738,ocorrências,FULL_12_MONTHS,LIMITED_COVERAGE,standard_vde_indicator
BA,2018,Roubo de veículo,13348,14632652,91.2206481777876,ocorrências,FULL_12_MONTHS,LIMITED_COVERAGE,standard_vde_indicator
CE,2018,Roubo de veículo,9319,8976628,103.81403796614943,ocorrências,FULL_12_MONTHS,LIMITED_COVERAGE,standard_vde_indicator
DF,2018,Roubo de veículo,3993,2875413,138.86700797415884,ocorrências,FULL_12_MONTHS,LIMITED_COVERAGE,standard_vde_indicator
ES,2018,Roubo de veículo,5403,3937119,137.23232648035275,ocorrências,FULL_12_MONTHS,LIMITED_COVERAGE,standard_vde_indicator
GO,2018,Roubo de veículo,9429,6888446,136.88138079328778,ocorrências,FULL_12_MONTHS,LIMITED_COVERAGE,standard_vde_indicator
MA,2018,Roubo de veículo,4093,6917016,59.172915025785684,ocorrências,FULL_12_MONTHS,LIMITED_COVERAGE,standard_vde_indicator
MG,2018,Roubo de veículo,15324,20801238,73.66869221918427,ocorrências,FULL_12_MONTHS,LIMITED_COVERAGE,standard_vde_indicator
MS,2018,Roubo de veículo,783,2746161,28.512530765676157,ocorrências,FULL_12_MONTHS,LIMITED_COVERAGE,standard_vde_indicator
MT,2018,Roubo de veículo,2288,3490648,65.54656900380674,ocorrências,FULL_12_MONTHS,LIMITED_COVERAGE,standard_vde_indicator
PA,2018,Roubo de veículo,6787,8339467,81.3840980484724,ocorrências,FULL_12_MONTHS,LIMITED_COVERAGE,standard_vde_indicator
PB,2018,Roubo de veículo,3776,4008413,94.20186991709687,ocorrências,FULL_12_MONTHS,LIMITED_COVERAGE,standard_vde_indicator
PE,2018,Roubo de veículo,15539,9348293,166.22286015211546,ocorrências,FULL_12_MONTHS,LIMITED_COVERAGE,standard_vde_indicator
PI,2018,Roubo de veículo,3902,3302227,118.16268233528464,ocorrências,FULL_12_MONTHS,LIMITED_COVERAGE,standard_vde_indicator
PR,2018,Roubo de veículo,7890,11373980,69.36885769097536,ocorrências,FULL_12_MONTHS,LIMITED_COVERAGE,standard_vde_indicator
RJ,2018,Roubo de veículo,52097,17148943,303.7913182171053,ocorrências,FULL_12_MONTHS,LIMITED_COVERAGE,standard_vde_indicator
RN,2018,Roubo de veículo,6956,3375511,206.07250280031676,ocorrências,FULL_12_MONTHS,LIMITED_COVERAGE,standard_vde_indicator
RO,2018,Roubo de veículo,1724,1701892,101.29902484999049,ocorrências,FULL_12_MONTHS,LIMITED_COVERAGE,standard_vde_indicator
RR,2018,Roubo de veículo,650,587497,110.6388628367464,ocorrências,FULL_12_MONTHS,LIMITED_COVERAGE,standard_vde_indicator
RS,2018,Roubo de veículo,16121,11167531,144.35599059451906,ocorrências,FULL_12_MONTHS,LIMITED_COVERAGE,standard_vde_indicator
SC,2018,Roubo de veículo,2218,7266127,30.525202766205435,ocorrências,FULL_12_MONTHS,LIMITED_COVERAGE,standard_vde_indicator
SE,2018,Roubo de veículo,2260,2227068,101.47871551295246,ocorrências,FULL_12_MONTHS,LIMITED_COVERAGE,standard_vde_indicator
SP,2018,Roubo de veículo,58970,45062167,130.86365775529615,ocorrências,FULL_12_MONTHS,LIMITED_COVERAGE,standard_vde_indicator
TO,2018,Roubo de veículo,852,1511702,56.36031440058954,ocorrências,FULL_12_MONTHS,LIMITED_COVERAGE,standard_vde_indicator
AC,2019,Roubo de veículo,1947,857919,226.94450175366205,ocorrências,FULL_12_MONTHS,LIMITED_COVERAGE,standard_vde_indicator
AL,2019,Roubo de veículo,2435,3208704,75.88733644486996,ocorrências,FULL_12_MONTHS,LIMITED_COVERAGE,standard_vde_indicator
AM,2019,Roubo de veículo,2505,4073280,61.498350223898186,ocorrências,FULL_12_MONTHS,LIMITED_COVERAGE,standard_vde_indicator
AP,2019,Roubo de veículo,701,779468,89.93313388105733,ocorrências,FULL_12_MONTHS,LIMITED_COVERAGE,standard_vde_indicator
BA,2019,Roubo de veículo,11523,14693250,78.42376601500689,ocorrências,FULL_12_MONTHS,LIMITED_COVERAGE,standard_vde_indicator
CE,2019,Roubo de veículo,5128,9035631,56.753092285419804,ocorrências,FULL_12_MONTHS,LIMITED_COVERAGE,standard_vde_indicator
DF,2019,Roubo de veículo,3424,2899708,118.0808550378176,ocorrências,FULL_12_MONTHS,LIMITED_COVERAGE,standard_vde_indicator
ES,2019,Roubo de veículo,3956,3970009,99.64712926343492,ocorrências,FULL_12_MONTHS,LIMITED_COVERAGE,standard_vde_indicator
GO,2019,Roubo de veículo,4050,6974736,58.06671392293558,ocorrências,FULL_12_MONTHS,LIMITED_COVERAGE,standard_vde_indicator
MA,2019,Roubo de veículo,3401,6946725,48.95832208702662,ocorrências,FULL_12_MONTHS,LIMITED_COVERAGE,standard_vde_indicator
MG,2019,Roubo de veículo,9869,20916751,47.18227988658468,ocorrências,FULL_12_MONTHS,LIMITED_COVERAGE,standard_vde_indicator
MS,2019,Roubo de veículo,532,2777028,19.157170903570293,ocorrências,FULL_12_MONTHS,LIMITED_COVERAGE,standard_vde_indicator
MT,2019,Roubo de veículo,1837,3551996,51.717400582658314,ocorrências,FULL_12_MONTHS,LIMITED_COVERAGE,standard_vde_indicator
PA,2019,Roubo de veículo,4024,8404430,47.87951116256546,ocorrências,FULL_12_MONTHS,LIMITED_COVERAGE,standard_vde_indicator
PB,2019,Roubo de veículo,3219,4037810,79.72143315312013,ocorrências,FULL_12_MONTHS,LIMITED_COVERAGE,standard_vde_indicator
PE,2019,Roubo de veículo,13237,9396505,140.87152616850628,ocorrências,FULL_12_MONTHS,LIMITED_COVERAGE,standard_vde_indicator
PI,2019,Roubo de veículo,4043,3320228,121.7687460017806,ocorrências,FULL_12_MONTHS,LIMITED_COVERAGE,standard_vde_indicator
PR,2019,Roubo de veículo,5792,11468227,50.504755443016606,ocorrências,FULL_12_MONTHS,LIMITED_COVERAGE,standard_vde_indicator
RJ,2019,Roubo de veículo,39749,17193919,231.18057029348574,ocorrências,FULL_12_MONTHS,LIMITED_COVERAGE,standard_vde_indicator
RN,2019,Roubo de veículo,5234,3392434,154.28450487172336,ocorrências,FULL_12_MONTHS,LIMITED_COVERAGE,standard_vde_indicator
RR,2019,Roubo de veículo,476,618125,77.00707785642062,ocorrências,FULL_12_MONTHS,LIMITED_COVERAGE,standard_vde_indicator
RS,2019,Roubo de veículo,11127,11194346,99.39839272432708,ocorrências,FULL_12_MONTHS,LIMITED_COVERAGE,standard_vde_indicator
SC,2019,Roubo de veículo,1704,7403723,23.015447768642883,ocorrências,FULL_12_MONTHS,LIMITED_COVERAGE,standard_vde_indicator
SE,2019,Roubo de veículo,1897,2241300,84.63837951189042,ocorrências,FULL_12_MONTHS,LIMITED_COVERAGE,standard_vde_indicator
SP,2019,Roubo de veículo,46517,45306139,102.67262014977706,ocorrências,FULL_12_MONTHS,LIMITED_COVERAGE,standard_vde_indicator
TO,2019,Roubo de veículo,705,1525148,46.225022096216236,ocorrências,FULL_12_MONTHS,LIMITED_COVERAGE,standard_vde_indicator
AC,2020,Roubo de veículo,1061,863657,122.8496961177875,ocorrências,FULL_12_MONTHS,LIMITED_COVERAGE,standard_vde_indicator
AL,2020,Roubo de veículo,1526,3214823,47.4676210789832,ocorrências,FULL_12_MONTHS,LIMITED_COVERAGE,standard_vde_indicator
AM,2020,Roubo de veículo,1928,4121226,46.782195395253744,ocorrências,FULL_12_MONTHS,LIMITED_COVERAGE,standard_vde_indicator
AP,2020,Roubo de veículo,394,785533,50.157027139534556,ocorrências,FULL_12_MONTHS,LIMITED_COVERAGE,standard_vde_indicator
BA,2020,Roubo de veículo,10494,14748551,71.1527525653198,ocorrências,FULL_12_MONTHS,LIMITED_COVERAGE,standard_vde_indicator
CE,2020,Roubo de veículo,8609,9088929,94.71963088280258,ocorrências,FULL_12_MONTHS,LIMITED_COVERAGE,standard_vde_indicator
DF,2020,Roubo de veículo,2218,2921417,75.9220611093863,ocorrências,FULL_12_MONTHS,LIMITED_COVERAGE,standard_vde_indicator
ES,2020,Roubo de veículo,3715,4001467,92.84095058137429,ocorrências,FULL_12_MONTHS,LIMITED_COVERAGE,standard_vde_indicator
GO,2020,Roubo de veículo,2382,7060290,33.737990932383795,ocorrências,FULL_12_MONTHS,LIMITED_COVERAGE,standard_vde_indicator
MA,2020,Roubo de veículo,2268,6970988,32.534842980650666,ocorrências,FULL_12_MONTHS,LIMITED_COVERAGE,standard_vde_indicator
MG,2020,Roubo de veículo,7342,21032009,34.908695598218884,ocorrências,FULL_12_MONTHS,LIMITED_COVERAGE,standard_vde_indicator
MS,2020,Roubo de veículo,408,2806866,14.535784750679227,ocorrências,FULL_12_MONTHS,LIMITED_COVERAGE,standard_vde_indicator
MT,2020,Roubo de veículo,1322,3611987,36.60035321278842,ocorrências,FULL_12_MONTHS,LIMITED_COVERAGE,standard_vde_indicator
PA,2020,Roubo de veículo,2574,8465192,30.40687086601225,ocorrências,FULL_12_MONTHS,LIMITED_COVERAGE,standard_vde_indicator
PB,2020,Roubo de veículo,3510,4064935,86.34824419086652,ocorrências,FULL_12_MONTHS,LIMITED_COVERAGE,standard_vde_indicator
PE,2020,Roubo de veículo,9555,9438962,101.22935127824437,ocorrências,FULL_12_MONTHS,LIMITED_COVERAGE,standard_vde_indicator
PI,2020,Roubo de veículo,4026,3335863,120.68840956598038,ocorrências,FULL_12_MONTHS,LIMITED_COVERAGE,standard_vde_indicator
PR,2020,Roubo de veículo,4460,11560987,38.578021063426505,ocorrências,FULL_12_MONTHS,LIMITED_COVERAGE,standard_vde_indicator
RJ,2020,Roubo de veículo,25425,17222305,147.6283226896748,ocorrências,FULL_12_MONTHS,LIMITED_COVERAGE,standard_vde_indicator
RN,2020,Roubo de veículo,7476,3407618,219.39078852148333,ocorrências,FULL_12_MONTHS,LIMITED_COVERAGE,standard_vde_indicator
RR,2020,Roubo de veículo,593,640975,92.51530870938804,ocorrências,FULL_12_MONTHS,LIMITED_COVERAGE,standard_vde_indicator
RS,2020,Roubo de veículo,7887,11220286,70.29232588188928,ocorrências,FULL_12_MONTHS,LIMITED_COVERAGE,standard_vde_indicator
SC,2020,Roubo de veículo,1348,7541975,17.873302417470224,ocorrências,FULL_12_MONTHS,LIMITED_COVERAGE,standard_vde_indicator
SE,2020,Roubo de veículo,2005,2254218,88.94437006536191,ocorrências,FULL_12_MONTHS,LIMITED_COVERAGE,standard_vde_indicator
SP,2020,Roubo de veículo,31891,45523191,70.05440369942433,ocorrências,FULL_12_MONTHS,LIMITED_COVERAGE,standard_vde_indicator
TO,2020,Roubo de veículo,576,1537886,37.454011545719254,ocorrências,FULL_12_MONTHS,LIMITED_COVERAGE,standard_vde_indicator
AC,2021,Roubo de veículo,1001,868346,115.2766293620285,ocorrências,FULL_12_MONTHS,LIMITED_COVERAGE,standard_vde_indicator
AL,2021,Roubo de veículo,1599,3217819,49.69204296450484,ocorrências,FULL_12_MONTHS,LIMITED_COVERAGE,standard_vde_indicator
AM,2021,Roubo de veículo,2341,4160013,56.27386260571782,ocorrências,FULL_12_MONTHS,LIMITED_COVERAGE,standard_vde_indicator
AP,2021,Roubo de veículo,457,790871,57.78439214486307,ocorrências,FULL_12_MONTHS,LIMITED_COVERAGE,standard_vde_indicator
BA,2021,Roubo de veículo,11455,14788270,77.46004096489989,ocorrências,FULL_12_MONTHS,LIMITED_COVERAGE,standard_vde_indicator
CE,2021,Roubo de veículo,7805,9129520,85.49189880738527,ocorrências,FULL_12_MONTHS,LIMITED_COVERAGE,standard_vde_indicator
DF,2021,Roubo de veículo,2033,2938025,69.19614366794019,ocorrências,FULL_12_MONTHS,LIMITED_COVERAGE,standard_vde_indicator
ES,2021,Roubo de veículo,3810,4027541,94.59866454494194,ocorrências,FULL_12_MONTHS,LIMITED_COVERAGE,standard_vde_indicator
GO,2021,Roubo de veículo,1706,7133954,23.913807125753824,ocorrências,FULL_12_MONTHS,LIMITED_COVERAGE,standard_vde_indicator
MA,2021,Roubo de veículo,5371,6988154,76.85863820402355,ocorrências,FULL_12_MONTHS,LIMITED_COVERAGE,standard_vde_indicator
MG,2021,Roubo de veículo,5320,21117017,25.19295220532332,ocorrências,FULL_12_MONTHS,LIMITED_COVERAGE,standard_vde_indicator
MS,2021,Roubo de veículo,510,2831943,18.00883704227098,ocorrências,FULL_12_MONTHS,LIMITED_COVERAGE,standard_vde_indicator
MT,2021,Roubo de veículo,1443,3666669,39.35452041075974,ocorrências,FULL_12_MONTHS,LIMITED_COVERAGE,standard_vde_indicator
PA,2021,Roubo de veículo,2600,8520153,30.515883928375466,ocorrências,FULL_12_MONTHS,LIMITED_COVERAGE,standard_vde_indicator
PB,2021,Roubo de veículo,3888,4087783,95.11268088350091,ocorrências,FULL_12_MONTHS,LIMITED_COVERAGE,standard_vde_indicator
PE,2021,Roubo de veículo,9288,9470176,98.07631875057021,ocorrências,FULL_12_MONTHS,LIMITED_COVERAGE,standard_vde_indicator
PI,2021,Roubo de veículo,4511,3347856,134.74295190713102,ocorrências,FULL_12_MONTHS,LIMITED_COVERAGE,standard_vde_indicator
PR,2021,Roubo de veículo,4039,11630298,34.72825889757941,ocorrências,FULL_12_MONTHS,LIMITED_COVERAGE,standard_vde_indicator
RJ,2021,Roubo de veículo,24332,17220455,141.2970795487111,ocorrências,FULL_12_MONTHS,LIMITED_COVERAGE,standard_vde_indicator
RN,2021,Roubo de veículo,4204,3419382,122.94619320099363,ocorrências,FULL_12_MONTHS,LIMITED_COVERAGE,standard_vde_indicator
RO,2021,Roubo de veículo,1838,1729622,106.26599337890013,ocorrências,FULL_12_MONTHS,LIMITED_COVERAGE,standard_vde_indicator
RR,2021,Roubo de veículo,682,654972,104.12658861752868,ocorrências,FULL_12_MONTHS,LIMITED_COVERAGE,standard_vde_indicator
RS,2021,Roubo de veículo,4942,11227789,44.01578975165992,ocorrências,FULL_12_MONTHS,LIMITED_COVERAGE,standard_vde_indicator
SC,2021,Roubo de veículo,1408,7671648,18.353292538969463,ocorrências,FULL_12_MONTHS,LIMITED_COVERAGE,standard_vde_indicator
SE,2021,Roubo de veículo,1851,2264937,81.72412742606086,ocorrências,FULL_12_MONTHS,LIMITED_COVERAGE,standard_vde_indicator
SP,2021,Roubo de veículo,33041,45651915,72.37593428446539,ocorrências,FULL_12_MONTHS,LIMITED_COVERAGE,standard_vde_indicator
TO,2021,Roubo de veículo,429,1548514,27.70397942801938,ocorrências,FULL_12_MONTHS,LIMITED_COVERAGE,standard_vde_indicator
AC,2022,Roubo de veículo,665,872566,76.21200000916836,ocorrências,FULL_12_MONTHS,LIMITED_COVERAGE,standard_vde_indicator
AL,2022,Roubo de veículo,1714,3218381,53.256590813828446,ocorrências,FULL_12_MONTHS,LIMITED_COVERAGE,standard_vde_indicator
AM,2022,Roubo de veículo,1419,4199791,33.78739561087683,ocorrências,FULL_12_MONTHS,LIMITED_COVERAGE,standard_vde_indicator
AP,2022,Roubo de veículo,421,795457,52.92555097258557,ocorrências,FULL_12_MONTHS,LIMITED_COVERAGE,standard_vde_indicator
BA,2022,Roubo de veículo,12914,14811339,87.18995628956976,ocorrências,FULL_12_MONTHS,LIMITED_COVERAGE,standard_vde_indicator
CE,2022,Roubo de veículo,7697,9162955,84.00128561146487,ocorrências,FULL_12_MONTHS,LIMITED_COVERAGE,standard_vde_indicator
DF,2022,Roubo de veículo,1554,2952426,52.63468076761281,ocorrências,FULL_12_MONTHS,LIMITED_COVERAGE,standard_vde_indicator
ES,2022,Roubo de veículo,3254,4050913,80.3275705995167,ocorrências,FULL_12_MONTHS,LIMITED_COVERAGE,standard_vde_indicator
GO,2022,Roubo de veículo,1363,7201254,18.927259057936297,ocorrências,FULL_12_MONTHS,LIMITED_COVERAGE,standard_vde_indicator
MA,2022,Roubo de veículo,5036,6998087,71.96252347248613,ocorrências,FULL_12_MONTHS,LIMITED_COVERAGE,standard_vde_indicator
MG,2022,Roubo de veículo,5476,21178401,25.856531850539614,ocorrências,FULL_12_MONTHS,LIMITED_COVERAGE,standard_vde_indicator
MS,2022,Roubo de veículo,467,2854377,16.360838109331738,ocorrências,FULL_12_MONTHS,LIMITED_COVERAGE,standard_vde_indicator
MT,2022,Roubo de veículo,949,3720967,25.50412298738473,ocorrências,FULL_12_MONTHS,LIMITED_COVERAGE,standard_vde_indicator
PA,2022,Roubo de veículo,2037,8570045,23.76883668638846,ocorrências,FULL_12_MONTHS,LIMITED_COVERAGE,standard_vde_indicator
PB,2022,Roubo de veículo,4237,4106026,103.18979957749902,ocorrências,FULL_12_MONTHS,LIMITED_COVERAGE,standard_vde_indicator
PE,2022,Roubo de veículo,10925,9493026,115.08448412550435,ocorrências,FULL_12_MONTHS,LIMITED_COVERAGE,standard_vde_indicator
PI,2022,Roubo de veículo,4672,3357043,139.17009701692828,ocorrências,FULL_12_MONTHS,LIMITED_COVERAGE,standard_vde_indicator
PR,2022,Roubo de veículo,3506,11686692,29.999934968766183,ocorrências,FULL_12_MONTHS,LIMITED_COVERAGE,standard_vde_indicator
RJ,2022,Roubo de veículo,25198,17211760,146.3999033219148,ocorrências,FULL_12_MONTHS,LIMITED_COVERAGE,standard_vde_indicator
RN,2022,Roubo de veículo,3290,3427955,95.97558894442896,ocorrências,FULL_12_MONTHS,LIMITED_COVERAGE,standard_vde_indicator
RO,2022,Roubo de veículo,1551,1734648,89.41295294492024,ocorrências,FULL_12_MONTHS,LIMITED_COVERAGE,standard_vde_indicator
RR,2022,Roubo de veículo,327,673404,48.55926011725502,ocorrências,FULL_12_MONTHS,LIMITED_COVERAGE,standard_vde_indicator
RS,2022,Roubo de veículo,4406,11220506,39.267391327984676,ocorrências,FULL_12_MONTHS,LIMITED_COVERAGE,standard_vde_indicator
SC,2022,Roubo de veículo,1279,7796817,16.40413004435015,ocorrências,FULL_12_MONTHS,LIMITED_COVERAGE,standard_vde_indicator
SE,2022,Roubo de veículo,1606,2273589,70.63721719272921,ocorrências,FULL_12_MONTHS,LIMITED_COVERAGE,standard_vde_indicator
SP,2022,Roubo de veículo,41721,45736978,91.21940675660731,ocorrências,FULL_12_MONTHS,LIMITED_COVERAGE,standard_vde_indicator
TO,2022,Roubo de veículo,418,1557580,26.836502779953516,ocorrências,FULL_12_MONTHS,LIMITED_COVERAGE,standard_vde_indicator
AC,2023,Roubo de veículo,638,876582,72.7826946024445,ocorrências,FULL_12_MONTHS,LIMITED_COVERAGE,standard_vde_indicator
AL,2023,Roubo de veículo,1683,3218607,52.28970172500091,ocorrências,FULL_12_MONTHS,LIMITED_COVERAGE,standard_vde_indicator
AM,2023,Roubo de veículo,1205,4240571,28.415984545477485,ocorrências,FULL_12_MONTHS,LIMITED_COVERAGE,standard_vde_indicator
AP,2023,Roubo de veículo,276,799124,34.53781891170832,ocorrências,FULL_12_MONTHS,LIMITED_COVERAGE,standard_vde_indicator
BA,2023,Roubo de veículo,12636,14828806,85.21252486545444,ocorrências,FULL_12_MONTHS,LIMITED_COVERAGE,standard_vde_indicator
CE,2023,Roubo de veículo,7794,9196672,84.7480479895336,ocorrências,FULL_12_MONTHS,LIMITED_COVERAGE,standard_vde_indicator
DF,2023,Roubo de veículo,1283,2967543,43.23441985507876,ocorrências,FULL_12_MONTHS,LIMITED_COVERAGE,standard_vde_indicator
ES,2023,Roubo de veículo,2587,4076068,63.468028501977884,ocorrências,FULL_12_MONTHS,LIMITED_COVERAGE,standard_vde_indicator
GO,2023,Roubo de veículo,950,7274463,13.059383214953462,ocorrências,FULL_12_MONTHS,LIMITED_COVERAGE,standard_vde_indicator
MA,2023,Roubo de veículo,4996,7003234,71.338470198197,ocorrências,FULL_12_MONTHS,LIMITED_COVERAGE,standard_vde_indicator
MG,2023,Roubo de veículo,4368,21247401,20.557808458549825,ocorrências,FULL_12_MONTHS,LIMITED_COVERAGE,standard_vde_indicator
MS,2023,Roubo de veículo,374,2878009,12.995094872879132,ocorrências,FULL_12_MONTHS,LIMITED_COVERAGE,standard_vde_indicator
MT,2023,Roubo de veículo,1077,3778389,28.50421171562801,ocorrências,FULL_12_MONTHS,LIMITED_COVERAGE,standard_vde_indicator
PA,2023,Roubo de veículo,1530,8616120,17.757412849403213,ocorrências,FULL_12_MONTHS,LIMITED_COVERAGE,standard_vde_indicator
PB,2023,Roubo de veículo,3628,4124468,87.96285969487458,ocorrências,FULL_12_MONTHS,LIMITED_COVERAGE,standard_vde_indicator
PE,2023,Roubo de veículo,12516,9514483,131.54682182941522,ocorrências,FULL_12_MONTHS,LIMITED_COVERAGE,standard_vde_indicator
PI,2023,Roubo de veículo,4544,3365881,135.00180190565263,ocorrências,FULL_12_MONTHS,LIMITED_COVERAGE,standard_vde_indicator
PR,2023,Roubo de veículo,3021,11753862,25.70219048003116,ocorrências,FULL_12_MONTHS,LIMITED_COVERAGE,standard_vde_indicator
RJ,2023,Roubo de veículo,22248,17213813,129.24504291989228,ocorrências,FULL_12_MONTHS,LIMITED_COVERAGE,standard_vde_indicator
RN,2023,Roubo de veículo,3313,3436278,96.41245556965997,ocorrências,FULL_12_MONTHS,LIMITED_COVERAGE,standard_vde_indicator
RO,2023,Roubo de veículo,969,1740255,55.6814949533258,ocorrências,FULL_12_MONTHS,LIMITED_COVERAGE,standard_vde_indicator
RR,2023,Roubo de veículo,285,695270,40.99126957872481,ocorrências,FULL_12_MONTHS,LIMITED_COVERAGE,standard_vde_indicator
RS,2023,Roubo de veículo,3595,11222292,32.03445428081893,ocorrências,FULL_12_MONTHS,LIMITED_COVERAGE,standard_vde_indicator
SC,2023,Roubo de veículo,1071,7927212,13.510424598206784,ocorrências,FULL_12_MONTHS,LIMITED_COVERAGE,standard_vde_indicator
SE,2023,Roubo de veículo,774,2281994,33.91770530509721,ocorrências,FULL_12_MONTHS,LIMITED_COVERAGE,standard_vde_indicator
SP,2023,Roubo de veículo,37471,45850570,81.72417485758629,ocorrências,FULL_12_MONTHS,LIMITED_COVERAGE,standard_vde_indicator
TO,2023,Roubo de veículo,209,1567191,13.335962240722413,ocorrências,FULL_12_MONTHS,LIMITED_COVERAGE,standard_vde_indicator
AC,2024,Roubo de veículo,371,880631,42.12888258532802,ocorrências,FULL_12_MONTHS,LIMITED_COVERAGE,standard_vde_indicator
AL,2024,Roubo de veículo,1578,3220104,49.00462842193917,ocorrências,FULL_12_MONTHS,LIMITED_COVERAGE,standard_vde_indicator
AM,2024,Roubo de veículo,846,4281209,19.760773183462895,ocorrências,FULL_12_MONTHS,LIMITED_COVERAGE,standard_vde_indicator
AP,2024,Roubo de veículo,166,802837,20.67667534007526,ocorrências,FULL_12_MONTHS,LIMITED_COVERAGE,standard_vde_indicator
BA,2024,Roubo de veículo,11234,14850513,75.64721838228753,ocorrências,FULL_12_MONTHS,LIMITED_COVERAGE,standard_vde_indicator
CE,2024,Roubo de veículo,6588,9233656,71.34768719995634,ocorrências,FULL_12_MONTHS,LIMITED_COVERAGE,standard_vde_indicator
DF,2024,Roubo de veículo,1024,2982818,34.32995241412651,ocorrências,FULL_12_MONTHS,LIMITED_COVERAGE,standard_vde_indicator
ES,2024,Roubo de veículo,1928,4102129,46.9999846421212,ocorrências,FULL_12_MONTHS,LIMITED_COVERAGE,standard_vde_indicator
GO,2024,Roubo de veículo,725,7350483,9.863297418686637,ocorrências,FULL_12_MONTHS,LIMITED_COVERAGE,standard_vde_indicator
MA,2024,Roubo de veículo,4269,7010960,60.89037735203168,ocorrências,FULL_12_MONTHS,LIMITED_COVERAGE,standard_vde_indicator
MG,2024,Roubo de veículo,4732,21322691,22.192320847307688,ocorrências,FULL_12_MONTHS,LIMITED_COVERAGE,standard_vde_indicator
MS,2024,Roubo de veículo,315,2901895,10.854975800296014,ocorrências,FULL_12_MONTHS,LIMITED_COVERAGE,standard_vde_indicator
MT,2024,Roubo de veículo,774,3836399,20.175169475333508,ocorrências,FULL_12_MONTHS,LIMITED_COVERAGE,standard_vde_indicator
PA,2024,Roubo de veículo,1287,8664306,14.854046013610322,ocorrências,FULL_12_MONTHS,LIMITED_COVERAGE,standard_vde_indicator
PB,2024,Roubo de veículo,3317,4145040,80.02335321251424,ocorrências,FULL_12_MONTHS,LIMITED_COVERAGE,standard_vde_indicator
PE,2024,Roubo de veículo,11676,9539029,122.40239546394082,ocorrências,FULL_12_MONTHS,LIMITED_COVERAGE,standard_vde_indicator
PI,2024,Roubo de veículo,3555,3375646,105.31317561142372,ocorrências,FULL_12_MONTHS,LIMITED_COVERAGE,standard_vde_indicator
PR,2024,Roubo de veículo,2182,11824665,18.452954058317932,ocorrências,FULL_12_MONTHS,LIMITED_COVERAGE,standard_vde_indicator
RJ,2024,Roubo de veículo,30930,17219679,179.620073057111,ocorrências,FULL_12_MONTHS,LIMITED_COVERAGE,standard_vde_indicator
RN,2024,Roubo de veículo,2164,3446071,62.796152487862265,ocorrências,FULL_12_MONTHS,LIMITED_COVERAGE,standard_vde_indicator
RO,2024,Roubo de veículo,779,1746227,44.610465878720234,ocorrências,FULL_12_MONTHS,LIMITED_COVERAGE,standard_vde_indicator
RR,2024,Roubo de veículo,243,716793,33.90100070731717,ocorrências,FULL_12_MONTHS,LIMITED_COVERAGE,standard_vde_indicator
RS,2024,Roubo de veículo,2299,11229915,20.472105087171187,ocorrências,FULL_12_MONTHS,LIMITED_COVERAGE,standard_vde_indicator
SC,2024,Roubo de veículo,779,8058441,9.666882217044215,ocorrências,FULL_12_MONTHS,LIMITED_COVERAGE,standard_vde_indicator
SE,2024,Roubo de veículo,516,2291077,22.52215879256786,ocorrências,FULL_12_MONTHS,LIMITED_COVERAGE,standard_vde_indicator
SP,2024,Roubo de veículo,31696,45973194,68.94452449834137,ocorrências,FULL_12_MONTHS,LIMITED_COVERAGE,standard_vde_indicator
TO,2024,Roubo de veículo,301,1577342,19.082735386491958,ocorrências,FULL_12_MONTHS,LIMITED_COVERAGE,standard_vde_indicator
AC,2025,Roubo de veículo,460,884372,52.01431071992329,ocorrências,FULL_12_MONTHS,LIMITED_COVERAGE,standard_vde_indicator
AL,2025,Roubo de veículo,1237,3220848,38.40603468403352,ocorrências,FULL_12_MONTHS,LIMITED_COVERAGE,standard_vde_indicator
AM,2025,Roubo de veículo,587,4321616,13.582881958970903,ocorrências,FULL_12_MONTHS,LIMITED_COVERAGE,standard_vde_indicator
AP,2025,Roubo de veículo,87,806517,10.7871253798742,ocorrências,FULL_12_MONTHS,LIMITED_COVERAGE,standard_vde_indicator
BA,2025,Roubo de veículo,9497,14870907,63.862950659297375,ocorrências,FULL_12_MONTHS,LIMITED_COVERAGE,standard_vde_indicator
CE,2025,Roubo de veículo,5141,9268836,55.46543276847276,ocorrências,FULL_12_MONTHS,LIMITED_COVERAGE,standard_vde_indicator
DF,2025,Roubo de veículo,861,2996899,28.72969693006004,ocorrências,FULL_12_MONTHS,LIMITED_COVERAGE,standard_vde_indicator
ES,2025,Roubo de veículo,1399,4126854,33.89991504424436,ocorrências,FULL_12_MONTHS,LIMITED_COVERAGE,standard_vde_indicator
GO,2025,Roubo de veículo,483,7423629,6.506251861454822,ocorrências,FULL_12_MONTHS,LIMITED_COVERAGE,standard_vde_indicator
MA,2025,Roubo de veículo,3254,7018211,46.36509218659855,ocorrências,FULL_12_MONTHS,LIMITED_COVERAGE,standard_vde_indicator
MG,2025,Roubo de veículo,3355,21393441,15.682376668624743,ocorrências,FULL_12_MONTHS,LIMITED_COVERAGE,standard_vde_indicator
MS,2025,Roubo de veículo,212,2924631,7.248777709051159,ocorrências,FULL_12_MONTHS,LIMITED_COVERAGE,standard_vde_indicator
MT,2025,Roubo de veículo,524,3893659,13.457778403296231,ocorrências,FULL_12_MONTHS,LIMITED_COVERAGE,standard_vde_indicator
PA,2025,Roubo de veículo,1176,8711196,13.499868445159539,ocorrências,FULL_12_MONTHS,LIMITED_COVERAGE,standard_vde_indicator
PB,2025,Roubo de veículo,4392,4164468,105.46365105939103,ocorrências,FULL_12_MONTHS,LIMITED_COVERAGE,standard_vde_indicator
PE,2025,Roubo de veículo,11955,9562007,125.02605363079111,ocorrências,FULL_12_MONTHS,LIMITED_COVERAGE,standard_vde_indicator
PI,2025,Roubo de veículo,2909,3384547,85.94946384257628,ocorrências,FULL_12_MONTHS,LIMITED_COVERAGE,standard_vde_indicator
PR,2025,Roubo de veículo,1600,11890584,13.456025372681443,ocorrências,FULL_12_MONTHS,LIMITED_COVERAGE,standard_vde_indicator
RJ,2025,Roubo de veículo,25235,17223547,146.51453617538826,ocorrências,FULL_12_MONTHS,LIMITED_COVERAGE,standard_vde_indicator
RN,2025,Roubo de veículo,1391,3455236,40.2577421629087,ocorrências,FULL_12_MONTHS,LIMITED_COVERAGE,standard_vde_indicator
RO,2025,Roubo de veículo,412,1751950,23.516652872513486,ocorrências,FULL_12_MONTHS,LIMITED_COVERAGE,standard_vde_indicator
RR,2025,Roubo de veículo,139,738772,18.815006524340394,ocorrências,FULL_12_MONTHS,LIMITED_COVERAGE,standard_vde_indicator
RS,2025,Roubo de veículo,1852,11233263,16.486750109919086,ocorrências,FULL_12_MONTHS,LIMITED_COVERAGE,standard_vde_indicator
SC,2025,Roubo de veículo,656,8186962,8.012740257008645,ocorrências,FULL_12_MONTHS,LIMITED_COVERAGE,standard_vde_indicator
SE,2025,Roubo de veículo,355,2299425,15.438642269262967,ocorrências,FULL_12_MONTHS,LIMITED_COVERAGE,standard_vde_indicator
SP,2025,Roubo de veículo,25024,46081801,54.303433149238245,ocorrências,FULL_12_MONTHS,LIMITED_COVERAGE,standard_vde_indicator
TO,2025,Roubo de veículo,296,1586859,18.65320107205492,ocorrências,FULL_12_MONTHS,LIMITED_COVERAGE,standard_vde_indicator
AL,2015,Roubo de carga,95,3181178,2.986315132318908,ocorrências,FULL_12_MONTHS,LIMITED_COVERAGE,standard_vde_indicator
AM,2015,Roubo de carga,1,3859110,0.02591271044359969,ocorrências,FULL_12_MONTHS,LIMITED_COVERAGE,standard_vde_indicator
AP,2015,Roubo de carga,0,747050,0.0,ocorrências,FULL_12_MONTHS,LIMITED_COVERAGE,standard_vde_indicator
BA,2015,Roubo de carga,436,14470447,3.0130375378175946,ocorrências,FULL_12_MONTHS,LIMITED_COVERAGE,standard_vde_indicator
CE,2015,Roubo de carga,212,8816218,2.4046592314300756,ocorrências,FULL_12_MONTHS,LIMITED_COVERAGE,standard_vde_indicator
DF,2015,Roubo de carga,31,2794821,1.1091944707729047,ocorrências,FULL_12_MONTHS,LIMITED_COVERAGE,standard_vde_indicator
MA,2015,Roubo de carga,48,6831416,0.7026361738181367,ocorrências,FULL_12_MONTHS,LIMITED_COVERAGE,standard_vde_indicator
MG,2015,Roubo de carga,662,20470203,3.233968905926336,ocorrências,FULL_12_MONTHS,LIMITED_COVERAGE,standard_vde_indicator
MT,2015,Roubo de carga,17,3327512,0.5108922221768096,ocorrências,FULL_12_MONTHS,LIMITED_COVERAGE,standard_vde_indicator
PA,2015,Roubo de carga,112,8131409,1.3773750650102583,ocorrências,FULL_12_MONTHS,LIMITED_COVERAGE,standard_vde_indicator
PB,2015,Roubo de carga,3,3932039,0.07629629309373584,ocorrências,FULL_12_MONTHS,LIMITED_COVERAGE,standard_vde_indicator
PE,2015,Roubo de carga,298,9213107,3.234522295247412,ocorrências,FULL_12_MONTHS,LIMITED_COVERAGE,standard_vde_indicator
PI,2015,Roubo de carga,10,3255812,0.307143041428682,ocorrências,FULL_12_MONTHS,LIMITED_COVERAGE,standard_vde_indicator
RJ,2015,Roubo de carga,7225,16971856,42.57047667621031,ocorrências,FULL_12_MONTHS,LIMITED_COVERAGE,standard_vde_indicator
RN,2015,Roubo de carga,65,3322012,1.956645550949244,ocorrências,FULL_12_MONTHS,LIMITED_COVERAGE,standard_vde_indicator
RR,2015,Roubo de carga,0,534380,0.0,ocorrências,FULL_12_MONTHS,LIMITED_COVERAGE,standard_vde_indicator
RS,2015,Roubo de carga,261,11070711,2.3575721559347,ocorrências,FULL_12_MONTHS,LIMITED_COVERAGE,standard_vde_indicator
SC,2015,Roubo de carga,161,6889914,2.3367490508589803,ocorrências,FULL_12_MONTHS,LIMITED_COVERAGE,standard_vde_indicator
SP,2015,Roubo de carga,8490,44217931,19.200355620438234,ocorrências,FULL_12_MONTHS,LIMITED_COVERAGE,standard_vde_indicator
TO,2015,Roubo de carga,10,1471416,0.6796174569258456,ocorrências,FULL_12_MONTHS,LIMITED_COVERAGE,standard_vde_indicator
AL,2016,Roubo de carga,106,3187906,3.3250666738605217,ocorrências,FULL_12_MONTHS,LIMITED_COVERAGE,standard_vde_indicator
AM,2016,Roubo de carga,0,3914566,0.0,ocorrências,FULL_12_MONTHS,LIMITED_COVERAGE,standard_vde_indicator
AP,2016,Roubo de carga,0,756948,0.0,ocorrências,FULL_12_MONTHS,LIMITED_COVERAGE,standard_vde_indicator
BA,2016,Roubo de carga,397,14527076,2.7328279964942706,ocorrências,FULL_12_MONTHS,LIMITED_COVERAGE,standard_vde_indicator
CE,2016,Roubo de carga,276,8873158,3.1105047379974526,ocorrências,FULL_12_MONTHS,LIMITED_COVERAGE,standard_vde_indicator
DF,2016,Roubo de carga,68,2823570,2.408298714039319,ocorrências,FULL_12_MONTHS,LIMITED_COVERAGE,standard_vde_indicator
MA,2016,Roubo de carga,67,6863878,0.9761245756407675,ocorrências,FULL_12_MONTHS,LIMITED_COVERAGE,standard_vde_indicator
MG,2016,Roubo de carga,588,20588168,2.8560093350705125,ocorrências,FULL_12_MONTHS,LIMITED_COVERAGE,standard_vde_indicator
MS,2016,Roubo de carga,0,2684756,0.0,ocorrências,FULL_12_MONTHS,LIMITED_COVERAGE,standard_vde_indicator
MT,2016,Roubo de carga,13,3380091,0.38460502986458056,ocorrências,FULL_12_MONTHS,LIMITED_COVERAGE,standard_vde_indicator
PA,2016,Roubo de carga,137,8207830,1.6691378841910711,ocorrências,FULL_12_MONTHS,LIMITED_COVERAGE,standard_vde_indicator
PB,2016,Roubo de carga,0,3957455,0.0,ocorrências,FULL_12_MONTHS,LIMITED_COVERAGE,standard_vde_indicator
PE,2016,Roubo de carga,488,9262684,5.268451347363248,ocorrências,FULL_12_MONTHS,LIMITED_COVERAGE,standard_vde_indicator
PI,2016,Roubo de carga,15,3271094,0.4585621813374975,ocorrências,FULL_12_MONTHS,LIMITED_COVERAGE,standard_vde_indicator
RJ,2016,Roubo de carga,9874,17043727,57.93333817186816,ocorrências,FULL_12_MONTHS,LIMITED_COVERAGE,standard_vde_indicator
RN,2016,Roubo de carga,39,3342283,1.1668670785807187,ocorrências,FULL_12_MONTHS,LIMITED_COVERAGE,standard_vde_indicator
RR,2016,Roubo de carga,0,548233,0.0,ocorrências,FULL_12_MONTHS,LIMITED_COVERAGE,standard_vde_indicator
RS,2016,Roubo de carga,330,11109776,2.9703569180872775,ocorrências,FULL_12_MONTHS,LIMITED_COVERAGE,standard_vde_indicator
SC,2016,Roubo de carga,258,7011473,3.6796832848104812,ocorrências,FULL_12_MONTHS,LIMITED_COVERAGE,standard_vde_indicator
SP,2016,Roubo de carga,9943,44530110,22.32871196590352,ocorrências,FULL_12_MONTHS,LIMITED_COVERAGE,standard_vde_indicator
TO,2016,Roubo de carga,23,1485416,1.5483877917027957,ocorrências,FULL_12_MONTHS,LIMITED_COVERAGE,standard_vde_indicator
AL,2017,Roubo de carga,77,3193155,2.4114081527517457,ocorrências,FULL_12_MONTHS,LIMITED_COVERAGE,standard_vde_indicator
AM,2017,Roubo de carga,0,3966332,0.0,ocorrências,FULL_12_MONTHS,LIMITED_COVERAGE,standard_vde_indicator
AP,2017,Roubo de carga,1,765558,0.13062367580248654,ocorrências,FULL_12_MONTHS,LIMITED_COVERAGE,standard_vde_indicator
BA,2017,Roubo de carga,417,14578692,2.860338911062803,ocorrências,FULL_12_MONTHS,LIMITED_COVERAGE,standard_vde_indicator
CE,2017,Roubo de carga,310,8924184,3.473706951806462,ocorrências,FULL_12_MONTHS,LIMITED_COVERAGE,standard_vde_indicator
DF,2017,Roubo de carga,82,2850314,2.8768760213786972,ocorrências,FULL_12_MONTHS,LIMITED_COVERAGE,standard_vde_indicator
GO,2017,Roubo de carga,544,6805532,7.993497055042868,ocorrências,FULL_12_MONTHS,LIMITED_COVERAGE,standard_vde_indicator
MA,2017,Roubo de carga,57,6890375,0.8272408976289389,ocorrências,FULL_12_MONTHS,LIMITED_COVERAGE,standard_vde_indicator
MG,2017,Roubo de carga,657,20695003,3.174679414156161,ocorrências,FULL_12_MONTHS,LIMITED_COVERAGE,standard_vde_indicator
MT,2017,Roubo de carga,20,3433278,0.5825336602512234,ocorrências,FULL_12_MONTHS,LIMITED_COVERAGE,standard_vde_indicator
PA,2017,Roubo de carga,129,8275842,1.5587537799779165,ocorrências,FULL_12_MONTHS,LIMITED_COVERAGE,standard_vde_indicator
PB,2017,Roubo de carga,2,3981512,0.05023217310408709,ocorrências,FULL_12_MONTHS,LIMITED_COVERAGE,standard_vde_indicator
PE,2017,Roubo de carga,668,9304183,7.179566438020404,ocorrências,FULL_12_MONTHS,LIMITED_COVERAGE,standard_vde_indicator
PI,2017,Roubo de carga,29,3285746,0.8826001766417733,ocorrências,FULL_12_MONTHS,LIMITED_COVERAGE,standard_vde_indicator
PR,2017,Roubo de carga,849,11285193,7.5231323026553465,ocorrências,FULL_12_MONTHS,LIMITED_COVERAGE,standard_vde_indicator
RJ,2017,Roubo de carga,10599,17100398,61.981013541322255,ocorrências,FULL_12_MONTHS,LIMITED_COVERAGE,standard_vde_indicator
RN,2017,Roubo de carga,17,3359217,0.506070313409345,ocorrências,FULL_12_MONTHS,LIMITED_COVERAGE,standard_vde_indicator
RO,2017,Roubo de carga,0,1691568,0.0,ocorrências,FULL_12_MONTHS,LIMITED_COVERAGE,standard_vde_indicator
RR,2017,Roubo de carga,1,564013,0.17730087781664608,ocorrências,FULL_12_MONTHS,LIMITED_COVERAGE,standard_vde_indicator
RS,2017,Roubo de carga,414,11141074,3.715979267348911,ocorrências,FULL_12_MONTHS,LIMITED_COVERAGE,standard_vde_indicator
SC,2017,Roubo de carga,209,7135459,2.929033717382442,ocorrências,FULL_12_MONTHS,LIMITED_COVERAGE,standard_vde_indicator
SP,2017,Roubo de carga,10584,44809066,23.620220068858387,ocorrências,FULL_12_MONTHS,LIMITED_COVERAGE,standard_vde_indicator
TO,2017,Roubo de carga,6,1498537,0.4003905142148642,ocorrências,FULL_12_MONTHS,LIMITED_COVERAGE,standard_vde_indicator
AC,2018,Roubo de carga,0,851504,0.0,ocorrências,FULL_12_MONTHS,LIMITED_COVERAGE,standard_vde_indicator
AL,2018,Roubo de carga,84,3200128,2.624895004199832,ocorrências,FULL_12_MONTHS,LIMITED_COVERAGE,standard_vde_indicator
AM,2018,Roubo de carga,2,4018483,0.049770025156259216,ocorrências,FULL_12_MONTHS,LIMITED_COVERAGE,standard_vde_indicator
AP,2018,Roubo de carga,3,772784,0.38820679517174267,ocorrências,FULL_12_MONTHS,LIMITED_COVERAGE,standard_vde_indicator
BA,2018,Roubo de carga,304,14632652,2.0775454784272873,ocorrências,FULL_12_MONTHS,LIMITED_COVERAGE,standard_vde_indicator
CE,2018,Roubo de carga,244,8976628,2.7181698963129586,ocorrências,FULL_12_MONTHS,LIMITED_COVERAGE,standard_vde_indicator
DF,2018,Roubo de carga,63,2875413,2.190989607405962,ocorrências,FULL_12_MONTHS,LIMITED_COVERAGE,standard_vde_indicator
ES,2018,Roubo de carga,36,3937119,0.9143741908740883,ocorrências,FULL_12_MONTHS,LIMITED_COVERAGE,standard_vde_indicator
GO,2018,Roubo de carga,435,6888446,6.314922117412258,ocorrências,FULL_12_MONTHS,LIMITED_COVERAGE,standard_vde_indicator
MA,2018,Roubo de carga,37,6917016,0.5349127427202713,ocorrências,FULL_12_MONTHS,LIMITED_COVERAGE,standard_vde_indicator
MG,2018,Roubo de carga,531,20801238,2.5527326786992197,ocorrências,FULL_12_MONTHS,LIMITED_COVERAGE,standard_vde_indicator
MT,2018,Roubo de carga,17,3490648,0.48701559137443823,ocorrências,FULL_12_MONTHS,LIMITED_COVERAGE,standard_vde_indicator
PA,2018,Roubo de carga,115,8339467,1.3789850118718618,ocorrências,FULL_12_MONTHS,LIMITED_COVERAGE,standard_vde_indicator
PB,2018,Roubo de carga,6,4008413,0.1496851746564039,ocorrências,FULL_12_MONTHS,LIMITED_COVERAGE,standard_vde_indicator
PE,2018,Roubo de carga,582,9348293,6.225735543376743,ocorrências,FULL_12_MONTHS,LIMITED_COVERAGE,standard_vde_indicator
PI,2018,Roubo de carga,25,3302227,0.7570648535064367,ocorrências,FULL_12_MONTHS,LIMITED_COVERAGE,standard_vde_indicator
PR,2018,Roubo de carga,695,11373980,6.110438034883128,ocorrências,FULL_12_MONTHS,LIMITED_COVERAGE,standard_vde_indicator
RJ,2018,Roubo de carga,9182,17148943,53.542658576683124,ocorrências,FULL_12_MONTHS,LIMITED_COVERAGE,standard_vde_indicator
RN,2018,Roubo de carga,36,3375511,1.0665051898808802,ocorrências,FULL_12_MONTHS,LIMITED_COVERAGE,standard_vde_indicator
RO,2018,Roubo de carga,0,1701892,0.0,ocorrências,FULL_12_MONTHS,LIMITED_COVERAGE,standard_vde_indicator
RR,2018,Roubo de carga,1,587497,0.170213635133456,ocorrências,FULL_12_MONTHS,LIMITED_COVERAGE,standard_vde_indicator
RS,2018,Roubo de carga,396,11167531,3.54599418618135,ocorrências,FULL_12_MONTHS,LIMITED_COVERAGE,standard_vde_indicator
SC,2018,Roubo de carga,151,7266127,2.078135986337701,ocorrências,FULL_12_MONTHS,LIMITED_COVERAGE,standard_vde_indicator
SP,2018,Roubo de carga,8738,45062167,19.390989341457992,ocorrências,FULL_12_MONTHS,LIMITED_COVERAGE,standard_vde_indicator
TO,2018,Roubo de carga,0,1511702,0.0,ocorrências,FULL_12_MONTHS,LIMITED_COVERAGE,standard_vde_indicator
AC,2019,Roubo de carga,0,857919,0.0,ocorrências,FULL_12_MONTHS,LIMITED_COVERAGE,standard_vde_indicator
AL,2019,Roubo de carga,39,3208704,1.215443992340833,ocorrências,FULL_12_MONTHS,LIMITED_COVERAGE,standard_vde_indicator
AM,2019,Roubo de carga,8,4073280,0.19640191688270878,ocorrências,FULL_12_MONTHS,LIMITED_COVERAGE,standard_vde_indicator
AP,2019,Roubo de carga,10,779468,1.2829263035814171,ocorrências,FULL_12_MONTHS,LIMITED_COVERAGE,standard_vde_indicator
BA,2019,Roubo de carga,274,14693250,1.8648018648018647,ocorrências,FULL_12_MONTHS,LIMITED_COVERAGE,standard_vde_indicator
CE,2019,Roubo de carga,90,9035631,0.9960566118735924,ocorrências,FULL_12_MONTHS,LIMITED_COVERAGE,standard_vde_indicator
DF,2019,Roubo de carga,35,2899708,1.207018085959,ocorrências,FULL_12_MONTHS,LIMITED_COVERAGE,standard_vde_indicator
ES,2019,Roubo de carga,20,3970009,0.503777195467315,ocorrências,FULL_12_MONTHS,LIMITED_COVERAGE,standard_vde_indicator
GO,2019,Roubo de carga,177,6974736,2.537730460335703,ocorrências,FULL_12_MONTHS,LIMITED_COVERAGE,standard_vde_indicator
MA,2019,Roubo de carga,42,6946725,0.6046014488841864,ocorrências,FULL_12_MONTHS,LIMITED_COVERAGE,standard_vde_indicator
MG,2019,Roubo de carga,368,20916751,1.7593554563038973,ocorrências,FULL_12_MONTHS,LIMITED_COVERAGE,standard_vde_indicator
MT,2019,Roubo de carga,82,3551996,2.3085611582895926,ocorrências,FULL_12_MONTHS,LIMITED_COVERAGE,standard_vde_indicator
PA,2019,Roubo de carga,162,8404430,1.9275548728468201,ocorrências,FULL_12_MONTHS,LIMITED_COVERAGE,standard_vde_indicator
PB,2019,Roubo de carga,17,4037810,0.42102030556167824,ocorrências,FULL_12_MONTHS,LIMITED_COVERAGE,standard_vde_indicator
PE,2019,Roubo de carga,573,9396505,6.098011973600823,ocorrências,FULL_12_MONTHS,LIMITED_COVERAGE,standard_vde_indicator
PI,2019,Roubo de carga,14,3320228,0.42165778976624496,ocorrências,FULL_12_MONTHS,LIMITED_COVERAGE,standard_vde_indicator
PR,2019,Roubo de carga,625,11468227,5.449839805228829,ocorrências,FULL_12_MONTHS,LIMITED_COVERAGE,standard_vde_indicator
RJ,2019,Roubo de carga,7456,17193919,43.36416845979093,ocorrências,FULL_12_MONTHS,LIMITED_COVERAGE,standard_vde_indicator
RN,2019,Roubo de carga,19,3392434,0.5600698495534475,ocorrências,FULL_12_MONTHS,LIMITED_COVERAGE,standard_vde_indicator
RO,2019,Roubo de carga,0,1712560,0.0,ocorrências,FULL_12_MONTHS,LIMITED_COVERAGE,standard_vde_indicator
RR,2019,Roubo de carga,1,618125,0.16177957532861476,ocorrências,FULL_12_MONTHS,LIMITED_COVERAGE,standard_vde_indicator
RS,2019,Roubo de carga,307,11194346,2.742455879066093,ocorrências,FULL_12_MONTHS,LIMITED_COVERAGE,standard_vde_indicator
SC,2019,Roubo de carga,38,7403723,0.5132552906152756,ocorrências,FULL_12_MONTHS,LIMITED_COVERAGE,standard_vde_indicator
SP,2019,Roubo de carga,7325,45306139,16.167786886452628,ocorrências,FULL_12_MONTHS,LIMITED_COVERAGE,standard_vde_indicator
TO,2019,Roubo de carga,1,1525148,0.06556740722867552,ocorrências,FULL_12_MONTHS,LIMITED_COVERAGE,standard_vde_indicator
AC,2020,Roubo de carga,0,863657,0.0,ocorrências,FULL_12_MONTHS,LIMITED_COVERAGE,standard_vde_indicator
AL,2020,Roubo de carga,19,3214823,0.5910123201184015,ocorrências,FULL_12_MONTHS,LIMITED_COVERAGE,standard_vde_indicator
AM,2020,Roubo de carga,15,4121226,0.36396936251494094,ocorrências,FULL_12_MONTHS,LIMITED_COVERAGE,standard_vde_indicator
AP,2020,Roubo de carga,0,785533,0.0,ocorrências,FULL_12_MONTHS,LIMITED_COVERAGE,standard_vde_indicator
BA,2020,Roubo de carga,220,14748551,1.4916719615371028,ocorrências,FULL_12_MONTHS,LIMITED_COVERAGE,standard_vde_indicator
CE,2020,Roubo de carga,63,9088929,0.6931509752139113,ocorrências,FULL_12_MONTHS,LIMITED_COVERAGE,standard_vde_indicator
DF,2020,Roubo de carga,30,2921417,1.0268989329493188,ocorrências,FULL_12_MONTHS,LIMITED_COVERAGE,standard_vde_indicator
ES,2020,Roubo de carga,25,4001467,0.6247708652851567,ocorrências,FULL_12_MONTHS,LIMITED_COVERAGE,standard_vde_indicator
GO,2020,Roubo de carga,160,7060290,2.2661958644758218,ocorrências,FULL_12_MONTHS,LIMITED_COVERAGE,standard_vde_indicator
MA,2020,Roubo de carga,28,6970988,0.40166472815618104,ocorrências,FULL_12_MONTHS,LIMITED_COVERAGE,standard_vde_indicator
MG,2020,Roubo de carga,332,21032009,1.5785463005459917,ocorrências,FULL_12_MONTHS,LIMITED_COVERAGE,standard_vde_indicator
MS,2020,Roubo de carga,0,2806866,0.0,ocorrências,FULL_12_MONTHS,LIMITED_COVERAGE,standard_vde_indicator
MT,2020,Roubo de carga,89,3611987,2.4640177276385544,ocorrências,FULL_12_MONTHS,LIMITED_COVERAGE,standard_vde_indicator
PA,2020,Roubo de carga,143,8465192,1.6892706036673475,ocorrências,FULL_12_MONTHS,LIMITED_COVERAGE,standard_vde_indicator
PB,2020,Roubo de carga,12,4064935,0.2952076724474069,ocorrências,FULL_12_MONTHS,LIMITED_COVERAGE,standard_vde_indicator
PE,2020,Roubo de carga,530,9438962,5.615024194397646,ocorrências,FULL_12_MONTHS,LIMITED_COVERAGE,standard_vde_indicator
PI,2020,Roubo de carga,12,3335863,0.35972700317728873,ocorrências,FULL_12_MONTHS,LIMITED_COVERAGE,standard_vde_indicator
PR,2020,Roubo de carga,472,11560987,4.082696399537514,ocorrências,FULL_12_MONTHS,LIMITED_COVERAGE,standard_vde_indicator
RJ,2020,Roubo de carga,4985,17222305,28.945022167474097,ocorrências,FULL_12_MONTHS,LIMITED_COVERAGE,standard_vde_indicator
RN,2020,Roubo de carga,9,3407618,0.26411411138220303,ocorrências,FULL_12_MONTHS,LIMITED_COVERAGE,standard_vde_indicator
RR,2020,Roubo de carga,0,640975,0.0,ocorrências,FULL_12_MONTHS,LIMITED_COVERAGE,standard_vde_indicator
RS,2020,Roubo de carga,204,11220286,1.8181354735521003,ocorrências,FULL_12_MONTHS,LIMITED_COVERAGE,standard_vde_indicator
SC,2020,Roubo de carga,15,7541975,0.19888689633683485,ocorrências,FULL_12_MONTHS,LIMITED_COVERAGE,standard_vde_indicator
SP,2020,Roubo de carga,5918,45523191,12.999967423197551,ocorrências,FULL_12_MONTHS,LIMITED_COVERAGE,standard_vde_indicator
TO,2020,Roubo de carga,2,1537886,0.13004865120041406,ocorrências,FULL_12_MONTHS,LIMITED_COVERAGE,standard_vde_indicator
AC,2021,Roubo de carga,0,868346,0.0,ocorrências,FULL_12_MONTHS,LIMITED_COVERAGE,standard_vde_indicator
AL,2021,Roubo de carga,15,3217819,0.4661542491979816,ocorrências,FULL_12_MONTHS,LIMITED_COVERAGE,standard_vde_indicator
AM,2021,Roubo de carga,19,4160013,0.4567293419515756,ocorrências,FULL_12_MONTHS,LIMITED_COVERAGE,standard_vde_indicator
AP,2021,Roubo de carga,0,790871,0.0,ocorrências,FULL_12_MONTHS,LIMITED_COVERAGE,standard_vde_indicator
BA,2021,Roubo de carga,223,14788270,1.5079519105344978,ocorrências,FULL_12_MONTHS,LIMITED_COVERAGE,standard_vde_indicator
CE,2021,Roubo de carga,45,9129520,0.49290652739684016,ocorrências,FULL_12_MONTHS,LIMITED_COVERAGE,standard_vde_indicator
DF,2021,Roubo de carga,22,2938025,0.7488023417091414,ocorrências,FULL_12_MONTHS,LIMITED_COVERAGE,standard_vde_indicator
ES,2021,Roubo de carga,27,4027541,0.6703842369326594,ocorrências,FULL_12_MONTHS,LIMITED_COVERAGE,standard_vde_indicator
GO,2021,Roubo de carga,284,7133954,3.9809620303130635,ocorrências,FULL_12_MONTHS,LIMITED_COVERAGE,standard_vde_indicator
MA,2021,Roubo de carga,92,6988154,1.316513631496959,ocorrências,FULL_12_MONTHS,LIMITED_COVERAGE,standard_vde_indicator
MG,2021,Roubo de carga,304,21117017,1.4395972688756182,ocorrências,FULL_12_MONTHS,LIMITED_COVERAGE,standard_vde_indicator
MS,2021,Roubo de carga,0,2831943,0.0,ocorrências,FULL_12_MONTHS,LIMITED_COVERAGE,standard_vde_indicator
MT,2021,Roubo de carga,229,3666669,6.245450571076909,ocorrências,FULL_12_MONTHS,LIMITED_COVERAGE,standard_vde_indicator
PA,2021,Roubo de carga,86,8520153,1.0093715453231884,ocorrências,FULL_12_MONTHS,LIMITED_COVERAGE,standard_vde_indicator
PB,2021,Roubo de carga,19,4087783,0.46479962365908367,ocorrências,FULL_12_MONTHS,LIMITED_COVERAGE,standard_vde_indicator
PE,2021,Roubo de carga,367,9470176,3.875323964412066,ocorrências,FULL_12_MONTHS,LIMITED_COVERAGE,standard_vde_indicator
PI,2021,Roubo de carga,17,3347856,0.5077876706763971,ocorrências,FULL_12_MONTHS,LIMITED_COVERAGE,standard_vde_indicator
PR,2021,Roubo de carga,550,11630298,4.729027579516879,ocorrências,FULL_12_MONTHS,LIMITED_COVERAGE,standard_vde_indicator
RJ,2021,Roubo de carga,4523,17220455,26.265275801365295,ocorrências,FULL_12_MONTHS,LIMITED_COVERAGE,standard_vde_indicator
RN,2021,Roubo de carga,12,3419382,0.3509406085661093,ocorrências,FULL_12_MONTHS,LIMITED_COVERAGE,standard_vde_indicator
RO,2021,Roubo de carga,0,1729622,0.0,ocorrências,FULL_12_MONTHS,LIMITED_COVERAGE,standard_vde_indicator
RR,2021,Roubo de carga,7,654972,1.0687479770127577,ocorrências,FULL_12_MONTHS,LIMITED_COVERAGE,standard_vde_indicator
RS,2021,Roubo de carga,172,11227789,1.5319133624616565,ocorrências,FULL_12_MONTHS,LIMITED_COVERAGE,standard_vde_indicator
SC,2021,Roubo de carga,17,7671648,0.22159515139380742,ocorrências,FULL_12_MONTHS,LIMITED_COVERAGE,standard_vde_indicator
SE,2021,Roubo de carga,4,2264937,0.17660535370299482,ocorrências,FULL_12_MONTHS,LIMITED_COVERAGE,standard_vde_indicator
SP,2021,Roubo de carga,6529,45651915,14.301700158689947,ocorrências,FULL_12_MONTHS,LIMITED_COVERAGE,standard_vde_indicator
TO,2021,Roubo de carga,0,1548514,0.0,ocorrências,FULL_12_MONTHS,LIMITED_COVERAGE,standard_vde_indicator
AC,2022,Roubo de carga,0,872566,0.0,ocorrências,FULL_12_MONTHS,LIMITED_COVERAGE,standard_vde_indicator
AL,2022,Roubo de carga,26,3218381,0.807859603943722,ocorrências,FULL_12_MONTHS,LIMITED_COVERAGE,standard_vde_indicator
AM,2022,Roubo de carga,22,4199791,0.5238355908663074,ocorrências,FULL_12_MONTHS,LIMITED_COVERAGE,standard_vde_indicator
AP,2022,Roubo de carga,0,795457,0.0,ocorrências,FULL_12_MONTHS,LIMITED_COVERAGE,standard_vde_indicator
BA,2022,Roubo de carga,325,14811339,2.194264812924746,ocorrências,FULL_12_MONTHS,LIMITED_COVERAGE,standard_vde_indicator
CE,2022,Roubo de carga,70,9162955,0.7639456921920931,ocorrências,FULL_12_MONTHS,LIMITED_COVERAGE,standard_vde_indicator
DF,2022,Roubo de carga,22,2952426,0.7451499207770153,ocorrências,FULL_12_MONTHS,LIMITED_COVERAGE,standard_vde_indicator
ES,2022,Roubo de carga,35,4050913,0.8640027569093683,ocorrências,FULL_12_MONTHS,LIMITED_COVERAGE,standard_vde_indicator
GO,2022,Roubo de carga,87,7201254,1.2081229185916786,ocorrências,FULL_12_MONTHS,LIMITED_COVERAGE,standard_vde_indicator
MA,2022,Roubo de carga,145,6998087,2.071994818012408,ocorrências,FULL_12_MONTHS,LIMITED_COVERAGE,standard_vde_indicator
MG,2022,Roubo de carga,344,21178401,1.6242963762939422,ocorrências,FULL_12_MONTHS,LIMITED_COVERAGE,standard_vde_indicator
MS,2022,Roubo de carga,0,2854377,0.0,ocorrências,FULL_12_MONTHS,LIMITED_COVERAGE,standard_vde_indicator
MT,2022,Roubo de carga,283,3720967,7.605549847660567,ocorrências,FULL_12_MONTHS,LIMITED_COVERAGE,standard_vde_indicator
PA,2022,Roubo de carga,162,8570045,1.8903051267525433,ocorrências,FULL_12_MONTHS,LIMITED_COVERAGE,standard_vde_indicator
PB,2022,Roubo de carga,21,4106026,0.5114434248589755,ocorrências,FULL_12_MONTHS,LIMITED_COVERAGE,standard_vde_indicator
PE,2022,Roubo de carga,350,9493026,3.6869171115722215,ocorrências,FULL_12_MONTHS,LIMITED_COVERAGE,standard_vde_indicator
PI,2022,Roubo de carga,19,3357043,0.5659742815328848,ocorrências,FULL_12_MONTHS,LIMITED_COVERAGE,standard_vde_indicator
PR,2022,Roubo de carga,474,11686692,4.055895372274721,ocorrências,FULL_12_MONTHS,LIMITED_COVERAGE,standard_vde_indicator
RJ,2022,Roubo de carga,4229,17211760,24.570409998745045,ocorrências,FULL_12_MONTHS,LIMITED_COVERAGE,standard_vde_indicator
RN,2022,Roubo de carga,30,3427955,0.8751573459978326,ocorrências,FULL_12_MONTHS,LIMITED_COVERAGE,standard_vde_indicator
RO,2022,Roubo de carga,0,1734648,0.0,ocorrências,FULL_12_MONTHS,LIMITED_COVERAGE,standard_vde_indicator
RR,2022,Roubo de carga,6,673404,0.8909955984817435,ocorrências,FULL_12_MONTHS,LIMITED_COVERAGE,standard_vde_indicator
RS,2022,Roubo de carga,122,11220506,1.0872949936482366,ocorrências,FULL_12_MONTHS,LIMITED_COVERAGE,standard_vde_indicator
SC,2022,Roubo de carga,23,7796817,0.2949921743706438,ocorrências,FULL_12_MONTHS,LIMITED_COVERAGE,standard_vde_indicator
SE,2022,Roubo de carga,0,2273589,0.0,ocorrências,FULL_12_MONTHS,LIMITED_COVERAGE,standard_vde_indicator
SP,2022,Roubo de carga,6331,45736978,13.842191322741087,ocorrências,FULL_12_MONTHS,LIMITED_COVERAGE,standard_vde_indicator
TO,2022,Roubo de carga,0,1557580,0.0,ocorrências,FULL_12_MONTHS,LIMITED_COVERAGE,standard_vde_indicator
AC,2023,Roubo de carga,1,876582,0.11407945862452115,ocorrências,FULL_12_MONTHS,LIMITED_COVERAGE,standard_vde_indicator
AL,2023,Roubo de carga,17,3218607,0.5281788053030395,ocorrências,FULL_12_MONTHS,LIMITED_COVERAGE,standard_vde_indicator
AM,2023,Roubo de carga,22,4240571,0.5187980580917051,ocorrências,FULL_12_MONTHS,LIMITED_COVERAGE,standard_vde_indicator
AP,2023,Roubo de carga,1,799124,0.12513702504242144,ocorrências,FULL_12_MONTHS,LIMITED_COVERAGE,standard_vde_indicator
BA,2023,Roubo de carga,304,14828806,2.050063909393649,ocorrências,FULL_12_MONTHS,LIMITED_COVERAGE,standard_vde_indicator
CE,2023,Roubo de carga,107,9196672,1.1634643488427119,ocorrências,FULL_12_MONTHS,LIMITED_COVERAGE,standard_vde_indicator
DF,2023,Roubo de carga,17,2967543,0.5728644875575518,ocorrências,FULL_12_MONTHS,LIMITED_COVERAGE,standard_vde_indicator
ES,2023,Roubo de carga,23,4076068,0.5642692908950488,ocorrências,FULL_12_MONTHS,LIMITED_COVERAGE,standard_vde_indicator
GO,2023,Roubo de carga,41,7274463,0.5636154861190441,ocorrências,FULL_12_MONTHS,LIMITED_COVERAGE,standard_vde_indicator
MA,2023,Roubo de carga,97,7003234,1.3850743813501019,ocorrências,FULL_12_MONTHS,LIMITED_COVERAGE,standard_vde_indicator
MG,2023,Roubo de carga,248,21247401,1.1672015791484334,ocorrências,FULL_12_MONTHS,LIMITED_COVERAGE,standard_vde_indicator
MT,2023,Roubo de carga,143,3778389,3.784681778398148,ocorrências,FULL_12_MONTHS,LIMITED_COVERAGE,standard_vde_indicator
PA,2023,Roubo de carga,156,8616120,1.8105597415077785,ocorrências,FULL_12_MONTHS,LIMITED_COVERAGE,standard_vde_indicator
PB,2023,Roubo de carga,29,4124468,0.7031209843305852,ocorrências,FULL_12_MONTHS,LIMITED_COVERAGE,standard_vde_indicator
PE,2023,Roubo de carga,393,9514483,4.130544980741465,ocorrências,FULL_12_MONTHS,LIMITED_COVERAGE,standard_vde_indicator
PI,2023,Roubo de carga,9,3365881,0.2673891322955268,ocorrências,FULL_12_MONTHS,LIMITED_COVERAGE,standard_vde_indicator
PR,2023,Roubo de carga,364,11753862,3.0968544636647937,ocorrências,FULL_12_MONTHS,LIMITED_COVERAGE,standard_vde_indicator
RJ,2023,Roubo de carga,3645,17213813,21.174855332749345,ocorrências,FULL_12_MONTHS,LIMITED_COVERAGE,standard_vde_indicator
RN,2023,Roubo de carga,27,3436278,0.7857338667011226,ocorrências,FULL_12_MONTHS,LIMITED_COVERAGE,standard_vde_indicator
RR,2023,Roubo de carga,0,695270,0.0,ocorrências,FULL_12_MONTHS,LIMITED_COVERAGE,standard_vde_indicator
RS,2023,Roubo de carga,86,11222292,0.7663318687483804,ocorrências,FULL_12_MONTHS,LIMITED_COVERAGE,standard_vde_indicator
SC,2023,Roubo de carga,7,7927212,0.08830342874644957,ocorrências,FULL_12_MONTHS,LIMITED_COVERAGE,standard_vde_indicator
SE,2023,Roubo de carga,7,2281994,0.3067492727851169,ocorrências,FULL_12_MONTHS,LIMITED_COVERAGE,standard_vde_indicator
SP,2023,Roubo de carga,6063,45850570,13.223390679766904,ocorrências,FULL_12_MONTHS,LIMITED_COVERAGE,standard_vde_indicator
TO,2023,Roubo de carga,0,1567191,0.0,ocorrências,FULL_12_MONTHS,LIMITED_COVERAGE,standard_vde_indicator
AC,2024,Roubo de carga,0,880631,0.0,ocorrências,FULL_12_MONTHS,LIMITED_COVERAGE,standard_vde_indicator
AL,2024,Roubo de carga,22,3220104,0.6832077473274155,ocorrências,FULL_12_MONTHS,LIMITED_COVERAGE,standard_vde_indicator
AM,2024,Roubo de carga,16,4281209,0.37372620677944013,ocorrências,FULL_12_MONTHS,LIMITED_COVERAGE,standard_vde_indicator
AP,2024,Roubo de carga,1,802837,0.12455828518117626,ocorrências,FULL_12_MONTHS,LIMITED_COVERAGE,standard_vde_indicator
BA,2024,Roubo de carga,183,14850513,1.2322806626276144,ocorrências,FULL_12_MONTHS,LIMITED_COVERAGE,standard_vde_indicator
CE,2024,Roubo de carga,62,9233656,0.6714566797810099,ocorrências,FULL_12_MONTHS,LIMITED_COVERAGE,standard_vde_indicator
DF,2024,Roubo de carga,18,2982818,0.6034561947795675,ocorrências,FULL_12_MONTHS,LIMITED_COVERAGE,standard_vde_indicator
ES,2024,Roubo de carga,12,4102129,0.29253102474349296,ocorrências,FULL_12_MONTHS,LIMITED_COVERAGE,standard_vde_indicator
GO,2024,Roubo de carga,23,7350483,0.3129046077652312,ocorrências,FULL_12_MONTHS,LIMITED_COVERAGE,standard_vde_indicator
MA,2024,Roubo de carga,201,7010960,2.866939762885539,ocorrências,FULL_12_MONTHS,LIMITED_COVERAGE,standard_vde_indicator
MG,2024,Roubo de carga,214,21322691,1.0036256680735092,ocorrências,FULL_12_MONTHS,LIMITED_COVERAGE,standard_vde_indicator
MT,2024,Roubo de carga,85,3836399,2.2156193868260314,ocorrências,FULL_12_MONTHS,LIMITED_COVERAGE,standard_vde_indicator
PA,2024,Roubo de carga,117,8664306,1.3503678194191202,ocorrências,FULL_12_MONTHS,LIMITED_COVERAGE,standard_vde_indicator
PB,2024,Roubo de carga,13,4145040,0.31362785401347154,ocorrências,FULL_12_MONTHS,LIMITED_COVERAGE,standard_vde_indicator
PE,2024,Roubo de carga,331,9539029,3.469954855992156,ocorrências,FULL_12_MONTHS,LIMITED_COVERAGE,standard_vde_indicator
PI,2024,Roubo de carga,25,3375646,0.7405989846091682,ocorrências,FULL_12_MONTHS,LIMITED_COVERAGE,standard_vde_indicator
PR,2024,Roubo de carga,239,11824665,2.021198909229141,ocorrências,FULL_12_MONTHS,LIMITED_COVERAGE,standard_vde_indicator
RJ,2024,Roubo de carga,3973,17219679,23.072439387517036,ocorrências,FULL_12_MONTHS,LIMITED_COVERAGE,standard_vde_indicator
RN,2024,Roubo de carga,35,3446071,1.015649416393336,ocorrências,FULL_12_MONTHS,LIMITED_COVERAGE,standard_vde_indicator
RO,2024,Roubo de carga,0,1746227,0.0,ocorrências,FULL_12_MONTHS,LIMITED_COVERAGE,standard_vde_indicator
RR,2024,Roubo de carga,2,716793,0.27902058195322776,ocorrências,FULL_12_MONTHS,LIMITED_COVERAGE,standard_vde_indicator
RS,2024,Roubo de carga,38,11229915,0.3383819022672923,ocorrências,FULL_12_MONTHS,LIMITED_COVERAGE,standard_vde_indicator
SC,2024,Roubo de carga,23,8058441,0.28541500769193445,ocorrências,FULL_12_MONTHS,LIMITED_COVERAGE,standard_vde_indicator
SE,2024,Roubo de carga,0,2291077,0.0,ocorrências,FULL_12_MONTHS,LIMITED_COVERAGE,standard_vde_indicator
SP,2024,Roubo de carga,4711,45973194,10.247275836436337,ocorrências,FULL_12_MONTHS,LIMITED_COVERAGE,standard_vde_indicator
TO,2024,Roubo de carga,0,1577342,0.0,ocorrências,FULL_12_MONTHS,LIMITED_COVERAGE,standard_vde_indicator
AC,2025,Roubo de carga,1,884372,0.11307458852157237,ocorrências,FULL_12_MONTHS,LIMITED_COVERAGE,standard_vde_indicator
AL,2025,Roubo de carga,9,3220848,0.2794295166987079,ocorrências,FULL_12_MONTHS,LIMITED_COVERAGE,standard_vde_indicator
AM,2025,Roubo de carga,21,4321616,0.4859293375441039,ocorrências,FULL_12_MONTHS,LIMITED_COVERAGE,standard_vde_indicator
AP,2025,Roubo de carga,0,806517,0.0,ocorrências,FULL_12_MONTHS,LIMITED_COVERAGE,standard_vde_indicator
BA,2025,Roubo de carga,209,14870907,1.405428734104786,ocorrências,FULL_12_MONTHS,LIMITED_COVERAGE,standard_vde_indicator
CE,2025,Roubo de carga,70,9268836,0.7552188861686624,ocorrências,FULL_12_MONTHS,LIMITED_COVERAGE,standard_vde_indicator
DF,2025,Roubo de carga,5,2996899,0.16683912270650428,ocorrências,FULL_12_MONTHS,LIMITED_COVERAGE,standard_vde_indicator
ES,2025,Roubo de carga,7,4126854,0.16962073288757004,ocorrências,FULL_12_MONTHS,LIMITED_COVERAGE,standard_vde_indicator
GO,2025,Roubo de carga,10,7423629,0.1347050074835367,ocorrências,FULL_12_MONTHS,LIMITED_COVERAGE,standard_vde_indicator
MA,2025,Roubo de carga,139,7018211,1.9805617129493542,ocorrências,FULL_12_MONTHS,LIMITED_COVERAGE,standard_vde_indicator
MG,2025,Roubo de carga,132,21393441,0.6170115410606456,ocorrências,FULL_12_MONTHS,LIMITED_COVERAGE,standard_vde_indicator
MT,2025,Roubo de carga,50,3893659,1.2841391606198693,ocorrências,FULL_12_MONTHS,LIMITED_COVERAGE,standard_vde_indicator
PA,2025,Roubo de carga,128,8711196,1.469373436207841,ocorrências,FULL_12_MONTHS,LIMITED_COVERAGE,standard_vde_indicator
PB,2025,Roubo de carga,8,4164468,0.19210136804989256,ocorrências,FULL_12_MONTHS,LIMITED_COVERAGE,standard_vde_indicator
PE,2025,Roubo de carga,296,9562007,3.095584431176426,ocorrências,FULL_12_MONTHS,LIMITED_COVERAGE,standard_vde_indicator
PI,2025,Roubo de carga,20,3384547,0.5909210301999056,ocorrências,FULL_12_MONTHS,LIMITED_COVERAGE,standard_vde_indicator
PR,2025,Roubo de carga,141,11890584,1.185812235967552,ocorrências,FULL_12_MONTHS,LIMITED_COVERAGE,standard_vde_indicator
RJ,2025,Roubo de carga,3777,17223547,21.929280885058112,ocorrências,FULL_12_MONTHS,LIMITED_COVERAGE,standard_vde_indicator
RN,2025,Roubo de carga,13,3455236,0.37624058096176355,ocorrências,FULL_12_MONTHS,LIMITED_COVERAGE,standard_vde_indicator
RO,2025,Roubo de carga,0,1751950,0.0,ocorrências,FULL_12_MONTHS,LIMITED_COVERAGE,standard_vde_indicator
RR,2025,Roubo de carga,3,738772,0.40607927750374945,ocorrências,FULL_12_MONTHS,LIMITED_COVERAGE,standard_vde_indicator
RS,2025,Roubo de carga,42,11233263,0.3738895813264588,ocorrências,FULL_12_MONTHS,LIMITED_COVERAGE,standard_vde_indicator
SC,2025,Roubo de carga,13,8186962,0.15878905997120787,ocorrências,FULL_12_MONTHS,LIMITED_COVERAGE,standard_vde_indicator
SE,2025,Roubo de carga,0,2299425,0.0,ocorrências,FULL_12_MONTHS,LIMITED_COVERAGE,standard_vde_indicator
SP,2025,Roubo de carga,3470,46081801,7.530087636982764,ocorrências,FULL_12_MONTHS,LIMITED_COVERAGE,standard_vde_indicator
TO,2025,Roubo de carga,1,1586859,0.06301757118937473,ocorrências,FULL_12_MONTHS,LIMITED_COVERAGE,standard_vde_indicator
AL,2015,Roubo a instituição financeira,21,3181178,0.6601328187231271,ocorrências,FULL_12_MONTHS,LIMITED_COVERAGE,standard_vde_indicator
AM,2015,Roubo a instituição financeira,4,3859110,0.10365084177439876,ocorrências,FULL_12_MONTHS,LIMITED_COVERAGE,standard_vde_indicator
AP,2015,Roubo a instituição financeira,1,747050,0.13385984873837092,ocorrências,FULL_12_MONTHS,LIMITED_COVERAGE,standard_vde_indicator
BA,2015,Roubo a instituição financeira,70,14470447,0.48374455882392575,ocorrências,FULL_12_MONTHS,LIMITED_COVERAGE,standard_vde_indicator
CE,2015,Roubo a instituição financeira,20,8816218,0.22685464447453546,ocorrências,FULL_12_MONTHS,LIMITED_COVERAGE,standard_vde_indicator
DF,2015,Roubo a instituição financeira,8,2794821,0.28624373439300765,ocorrências,FULL_12_MONTHS,LIMITED_COVERAGE,standard_vde_indicator
MA,2015,Roubo a instituição financeira,152,6831416,2.2250145504240995,ocorrências,FULL_12_MONTHS,LIMITED_COVERAGE,standard_vde_indicator
MG,2015,Roubo a instituição financeira,112,20470203,0.547136733328927,ocorrências,FULL_12_MONTHS,LIMITED_COVERAGE,standard_vde_indicator
MT,2015,Roubo a instituição financeira,33,3327512,0.9917319606961598,ocorrências,FULL_12_MONTHS,LIMITED_COVERAGE,standard_vde_indicator
PA,2015,Roubo a instituição financeira,33,8131409,0.4058337245119511,ocorrências,FULL_12_MONTHS,LIMITED_COVERAGE,standard_vde_indicator
PB,2015,Roubo a instituição financeira,101,3932039,2.5686418674891067,ocorrências,FULL_12_MONTHS,LIMITED_COVERAGE,standard_vde_indicator
PE,2015,Roubo a instituição financeira,58,9213107,0.6295378963904359,ocorrências,FULL_12_MONTHS,LIMITED_COVERAGE,standard_vde_indicator
PI,2015,Roubo a instituição financeira,19,3255812,0.5835717787144958,ocorrências,FULL_12_MONTHS,LIMITED_COVERAGE,standard_vde_indicator
RJ,2015,Roubo a instituição financeira,60,16971856,0.35352644990624477,ocorrências,FULL_12_MONTHS,LIMITED_COVERAGE,standard_vde_indicator
RN,2015,Roubo a instituição financeira,60,3322012,1.8061343547223792,ocorrências,FULL_12_MONTHS,LIMITED_COVERAGE,standard_vde_indicator
RR,2015,Roubo a instituição financeira,0,534380,0.0,ocorrências,FULL_12_MONTHS,LIMITED_COVERAGE,standard_vde_indicator
RS,2015,Roubo a instituição financeira,77,11070711,0.6955289502182832,ocorrências,FULL_12_MONTHS,LIMITED_COVERAGE,standard_vde_indicator
SC,2015,Roubo a instituição financeira,49,6889914,0.7111844937396896,ocorrências,FULL_12_MONTHS,LIMITED_COVERAGE,standard_vde_indicator
SP,2015,Roubo a instituição financeira,159,44217931,0.35958263176085736,ocorrências,FULL_12_MONTHS,LIMITED_COVERAGE,standard_vde_indicator
TO,2015,Roubo a instituição financeira,23,1471416,1.5631201509294448,ocorrências,FULL_12_MONTHS,LIMITED_COVERAGE,standard_vde_indicator
AL,2016,Roubo a instituição financeira,30,3187906,0.9410566058095816,ocorrências,FULL_12_MONTHS,LIMITED_COVERAGE,standard_vde_indicator
AM,2016,Roubo a instituição financeira,5,3914566,0.12772808020097248,ocorrências,FULL_12_MONTHS,LIMITED_COVERAGE,standard_vde_indicator
AP,2016,Roubo a instituição financeira,12,756948,1.5853136543065045,ocorrências,FULL_12_MONTHS,LIMITED_COVERAGE,standard_vde_indicator
BA,2016,Roubo a instituição financeira,26,14527076,0.17897614082834012,ocorrências,FULL_12_MONTHS,LIMITED_COVERAGE,standard_vde_indicator
CE,2016,Roubo a instituição financeira,8,8873158,0.09015955762311456,ocorrências,FULL_12_MONTHS,LIMITED_COVERAGE,standard_vde_indicator
DF,2016,Roubo a instituição financeira,5,2823570,0.17708078779700875,ocorrências,FULL_12_MONTHS,LIMITED_COVERAGE,standard_vde_indicator
MA,2016,Roubo a instituição financeira,79,6863878,1.150952857845084,ocorrências,FULL_12_MONTHS,LIMITED_COVERAGE,standard_vde_indicator
MG,2016,Roubo a instituição financeira,82,20588168,0.3982870161152755,ocorrências,FULL_12_MONTHS,LIMITED_COVERAGE,standard_vde_indicator
MS,2016,Roubo a instituição financeira,4,2684756,0.1489893308740161,ocorrências,FULL_12_MONTHS,LIMITED_COVERAGE,standard_vde_indicator
MT,2016,Roubo a instituição financeira,25,3380091,0.7396250574318857,ocorrências,FULL_12_MONTHS,LIMITED_COVERAGE,standard_vde_indicator
PA,2016,Roubo a instituição financeira,31,8207830,0.3776881343790015,ocorrências,FULL_12_MONTHS,LIMITED_COVERAGE,standard_vde_indicator
PB,2016,Roubo a instituição financeira,97,3957455,2.451070195365456,ocorrências,FULL_12_MONTHS,LIMITED_COVERAGE,standard_vde_indicator
PE,2016,Roubo a instituição financeira,65,9262684,0.7017404458578097,ocorrências,FULL_12_MONTHS,LIMITED_COVERAGE,standard_vde_indicator
PI,2016,Roubo a instituição financeira,26,3271094,0.7948411143183289,ocorrências,FULL_12_MONTHS,LIMITED_COVERAGE,standard_vde_indicator
RJ,2016,Roubo a instituição financeira,75,17043727,0.4400445982266672,ocorrências,FULL_12_MONTHS,LIMITED_COVERAGE,standard_vde_indicator
RN,2016,Roubo a instituição financeira,39,3342283,1.1668670785807187,ocorrências,FULL_12_MONTHS,LIMITED_COVERAGE,standard_vde_indicator
RR,2016,Roubo a instituição financeira,2,548233,0.3648083935115179,ocorrências,FULL_12_MONTHS,LIMITED_COVERAGE,standard_vde_indicator
RS,2016,Roubo a instituição financeira,75,11109776,0.6750811177471084,ocorrências,FULL_12_MONTHS,LIMITED_COVERAGE,standard_vde_indicator
SC,2016,Roubo a instituição financeira,41,7011473,0.5847558708419757,ocorrências,FULL_12_MONTHS,LIMITED_COVERAGE,standard_vde_indicator
SE,2016,Roubo a instituição financeira,4,2198312,0.1819577930703194,ocorrências,FULL_12_MONTHS,LIMITED_COVERAGE,standard_vde_indicator
SP,2016,Roubo a instituição financeira,137,44530110,0.30765699882618747,ocorrências,FULL_12_MONTHS,LIMITED_COVERAGE,standard_vde_indicator
TO,2016,Roubo a instituição financeira,32,1485416,2.1542786667169334,ocorrências,FULL_12_MONTHS,LIMITED_COVERAGE,standard_vde_indicator
AL,2017,Roubo a instituição financeira,21,3193155,0.6576567689322942,ocorrências,FULL_12_MONTHS,LIMITED_COVERAGE,standard_vde_indicator
AM,2017,Roubo a instituição financeira,4,3966332,0.10084884472605925,ocorrências,FULL_12_MONTHS,LIMITED_COVERAGE,standard_vde_indicator
AP,2017,Roubo a instituição financeira,8,765558,1.0449894064198924,ocorrências,FULL_12_MONTHS,LIMITED_COVERAGE,standard_vde_indicator
BA,2017,Roubo a instituição financeira,28,14578692,0.19206112592268224,ocorrências,FULL_12_MONTHS,LIMITED_COVERAGE,standard_vde_indicator
CE,2017,Roubo a instituição financeira,33,8924184,0.36978170777294594,ocorrências,FULL_12_MONTHS,LIMITED_COVERAGE,standard_vde_indicator
DF,2017,Roubo a instituição financeira,2,2850314,0.07016770783850482,ocorrências,FULL_12_MONTHS,LIMITED_COVERAGE,standard_vde_indicator
GO,2017,Roubo a instituição financeira,40,6805532,0.5877571364002109,ocorrências,FULL_12_MONTHS,LIMITED_COVERAGE,standard_vde_indicator
MA,2017,Roubo a instituição financeira,74,6890375,1.0739618670972189,ocorrências,FULL_12_MONTHS,LIMITED_COVERAGE,standard_vde_indicator
MG,2017,Roubo a instituição financeira,83,20695003,0.4010630005707175,ocorrências,FULL_12_MONTHS,LIMITED_COVERAGE,standard_vde_indicator
MT,2017,Roubo a instituição financeira,7,3433278,0.2038867810879282,ocorrências,FULL_12_MONTHS,LIMITED_COVERAGE,standard_vde_indicator
PA,2017,Roubo a instituição financeira,32,8275842,0.3866676043356072,ocorrências,FULL_12_MONTHS,LIMITED_COVERAGE,standard_vde_indicator
PB,2017,Roubo a instituição financeira,76,3981512,1.9088225779553094,ocorrências,FULL_12_MONTHS,LIMITED_COVERAGE,standard_vde_indicator
PE,2017,Roubo a instituição financeira,66,9304183,0.7093583606427346,ocorrências,FULL_12_MONTHS,LIMITED_COVERAGE,standard_vde_indicator
PI,2017,Roubo a instituição financeira,14,3285746,0.42608284389602846,ocorrências,FULL_12_MONTHS,LIMITED_COVERAGE,standard_vde_indicator
RJ,2017,Roubo a instituição financeira,82,17100398,0.47952100296145156,ocorrências,FULL_12_MONTHS,LIMITED_COVERAGE,standard_vde_indicator
RN,2017,Roubo a instituição financeira,62,3359217,1.8456682018458468,ocorrências,FULL_12_MONTHS,LIMITED_COVERAGE,standard_vde_indicator
RR,2017,Roubo a instituição financeira,1,564013,0.17730087781664608,ocorrências,FULL_12_MONTHS,LIMITED_COVERAGE,standard_vde_indicator
RS,2017,Roubo a instituição financeira,215,11141074,1.9297959963285407,ocorrências,FULL_12_MONTHS,LIMITED_COVERAGE,standard_vde_indicator
SC,2017,Roubo a instituição financeira,35,7135459,0.49050803879610266,ocorrências,FULL_12_MONTHS,LIMITED_COVERAGE,standard_vde_indicator
SE,2017,Roubo a instituição financeira,6,2212722,0.27115923283629845,ocorrências,FULL_12_MONTHS,LIMITED_COVERAGE,standard_vde_indicator
SP,2017,Roubo a instituição financeira,97,44809066,0.21647405013976412,ocorrências,FULL_12_MONTHS,LIMITED_COVERAGE,standard_vde_indicator
TO,2017,Roubo a instituição financeira,14,1498537,0.9342445331680166,ocorrências,FULL_12_MONTHS,LIMITED_COVERAGE,standard_vde_indicator
AC,2018,Roubo a instituição financeira,0,851504,0.0,ocorrências,FULL_12_MONTHS,LIMITED_COVERAGE,standard_vde_indicator
AL,2018,Roubo a instituição financeira,22,3200128,0.6874725010999561,ocorrências,FULL_12_MONTHS,LIMITED_COVERAGE,standard_vde_indicator
AM,2018,Roubo a instituição financeira,7,4018483,0.17419508804690725,ocorrências,FULL_12_MONTHS,LIMITED_COVERAGE,standard_vde_indicator
AP,2018,Roubo a instituição financeira,18,772784,2.329240771030456,ocorrências,FULL_12_MONTHS,LIMITED_COVERAGE,standard_vde_indicator
BA,2018,Roubo a instituição financeira,11,14632652,0.07517434296940842,ocorrências,FULL_12_MONTHS,LIMITED_COVERAGE,standard_vde_indicator
CE,2018,Roubo a instituição financeira,32,8976628,0.3564812978771093,ocorrências,FULL_12_MONTHS,LIMITED_COVERAGE,standard_vde_indicator
DF,2018,Roubo a instituição financeira,3,2875413,0.10433283844790296,ocorrências,FULL_12_MONTHS,LIMITED_COVERAGE,standard_vde_indicator
ES,2018,Roubo a instituição financeira,49,3937119,1.2445648709119537,ocorrências,FULL_12_MONTHS,LIMITED_COVERAGE,standard_vde_indicator
GO,2018,Roubo a instituição financeira,30,6888446,0.4355118701663626,ocorrências,FULL_12_MONTHS,LIMITED_COVERAGE,standard_vde_indicator
MA,2018,Roubo a instituição financeira,38,6917016,0.5493698438748732,ocorrências,FULL_12_MONTHS,LIMITED_COVERAGE,standard_vde_indicator
MG,2018,Roubo a instituição financeira,91,20801238,0.43747396188630694,ocorrências,FULL_12_MONTHS,LIMITED_COVERAGE,standard_vde_indicator
MT,2018,Roubo a instituição financeira,9,3490648,0.25783178366882026,ocorrências,FULL_12_MONTHS,LIMITED_COVERAGE,standard_vde_indicator
PA,2018,Roubo a instituição financeira,29,8339467,0.3477440464720347,ocorrências,FULL_12_MONTHS,LIMITED_COVERAGE,standard_vde_indicator
PB,2018,Roubo a instituição financeira,76,4008413,1.8960122123144496,ocorrências,FULL_12_MONTHS,LIMITED_COVERAGE,standard_vde_indicator
PE,2018,Roubo a instituição financeira,59,9348293,0.6311312664247901,ocorrências,FULL_12_MONTHS,LIMITED_COVERAGE,standard_vde_indicator
PI,2018,Roubo a instituição financeira,19,3302227,0.5753692886648919,ocorrências,FULL_12_MONTHS,LIMITED_COVERAGE,standard_vde_indicator
RJ,2018,Roubo a instituição financeira,79,17148943,0.46066979171835837,ocorrências,FULL_12_MONTHS,LIMITED_COVERAGE,standard_vde_indicator
RN,2018,Roubo a instituição financeira,58,3375511,1.7182583614747515,ocorrências,FULL_12_MONTHS,LIMITED_COVERAGE,standard_vde_indicator
RR,2018,Roubo a instituição financeira,5,587497,0.85106817566728,ocorrências,FULL_12_MONTHS,LIMITED_COVERAGE,standard_vde_indicator
RS,2018,Roubo a instituição financeira,81,11167531,0.7253169926280034,ocorrências,FULL_12_MONTHS,LIMITED_COVERAGE,standard_vde_indicator
SC,2018,Roubo a instituição financeira,12,7266127,0.16514987970895637,ocorrências,FULL_12_MONTHS,LIMITED_COVERAGE,standard_vde_indicator
SE,2018,Roubo a instituição financeira,3,2227068,0.13470625953046786,ocorrências,FULL_12_MONTHS,LIMITED_COVERAGE,standard_vde_indicator
SP,2018,Roubo a instituição financeira,54,45062167,0.11983445003876533,ocorrências,FULL_12_MONTHS,LIMITED_COVERAGE,standard_vde_indicator
TO,2018,Roubo a instituição financeira,4,1511702,0.26460241502624193,ocorrências,FULL_12_MONTHS,LIMITED_COVERAGE,standard_vde_indicator
AC,2019,Roubo a instituição financeira,0,857919,0.0,ocorrências,FULL_12_MONTHS,LIMITED_COVERAGE,standard_vde_indicator
AL,2019,Roubo a instituição financeira,4,3208704,0.12466092229136748,ocorrências,FULL_12_MONTHS,LIMITED_COVERAGE,standard_vde_indicator
AM,2019,Roubo a instituição financeira,2,4073280,0.049100479220677194,ocorrências,FULL_12_MONTHS,LIMITED_COVERAGE,standard_vde_indicator
AP,2019,Roubo a instituição financeira,6,779468,0.7697557821488502,ocorrências,FULL_12_MONTHS,LIMITED_COVERAGE,standard_vde_indicator
BA,2019,Roubo a instituição financeira,4,14693250,0.027223384887618465,ocorrências,FULL_12_MONTHS,LIMITED_COVERAGE,standard_vde_indicator
CE,2019,Roubo a instituição financeira,11,9035631,0.12174025256232797,ocorrências,FULL_12_MONTHS,LIMITED_COVERAGE,standard_vde_indicator
DF,2019,Roubo a instituição financeira,0,2899708,0.0,ocorrências,FULL_12_MONTHS,LIMITED_COVERAGE,standard_vde_indicator
ES,2019,Roubo a instituição financeira,40,3970009,1.00755439093463,ocorrências,FULL_12_MONTHS,LIMITED_COVERAGE,standard_vde_indicator
GO,2019,Roubo a instituição financeira,5,6974736,0.07168730113942665,ocorrências,FULL_12_MONTHS,LIMITED_COVERAGE,standard_vde_indicator
MA,2019,Roubo a instituição financeira,39,6946725,0.5614156311067445,ocorrências,FULL_12_MONTHS,LIMITED_COVERAGE,standard_vde_indicator
MG,2019,Roubo a instituição financeira,30,20916751,0.14342571654651337,ocorrências,FULL_12_MONTHS,LIMITED_COVERAGE,standard_vde_indicator
MT,2019,Roubo a instituição financeira,3,3551996,0.08445955457157046,ocorrências,FULL_12_MONTHS,LIMITED_COVERAGE,standard_vde_indicator
PA,2019,Roubo a instituição financeira,25,8404430,0.2974621717356204,ocorrências,FULL_12_MONTHS,LIMITED_COVERAGE,standard_vde_indicator
PB,2019,Roubo a instituição financeira,30,4037810,0.7429770098147263,ocorrências,FULL_12_MONTHS,LIMITED_COVERAGE,standard_vde_indicator
PE,2019,Roubo a instituição financeira,13,9396505,0.13834931179199075,ocorrências,FULL_12_MONTHS,LIMITED_COVERAGE,standard_vde_indicator
PI,2019,Roubo a instituição financeira,7,3320228,0.21082889488312248,ocorrências,FULL_12_MONTHS,LIMITED_COVERAGE,standard_vde_indicator
PR,2019,Roubo a instituição financeira,17,11468227,0.14823564270222414,ocorrências,FULL_12_MONTHS,LIMITED_COVERAGE,standard_vde_indicator
RJ,2019,Roubo a instituição financeira,57,17193919,0.33151255394421714,ocorrências,FULL_12_MONTHS,LIMITED_COVERAGE,standard_vde_indicator
RN,2019,Roubo a instituição financeira,11,3392434,0.3242509655309433,ocorrências,FULL_12_MONTHS,LIMITED_COVERAGE,standard_vde_indicator
RR,2019,Roubo a instituição financeira,1,618125,0.16177957532861476,ocorrências,FULL_12_MONTHS,LIMITED_COVERAGE,standard_vde_indicator
RS,2019,Roubo a instituição financeira,52,11194346,0.46452021404376814,ocorrências,FULL_12_MONTHS,LIMITED_COVERAGE,standard_vde_indicator
SC,2019,Roubo a instituição financeira,16,7403723,0.2161074907853792,ocorrências,FULL_12_MONTHS,LIMITED_COVERAGE,standard_vde_indicator
SE,2019,Roubo a instituição financeira,1,2241300,0.04461696336947307,ocorrências,FULL_12_MONTHS,LIMITED_COVERAGE,standard_vde_indicator
SP,2019,Roubo a instituição financeira,21,45306139,0.046351334418499,ocorrências,FULL_12_MONTHS,LIMITED_COVERAGE,standard_vde_indicator
TO,2019,Roubo a instituição financeira,2,1525148,0.13113481445735103,ocorrências,FULL_12_MONTHS,LIMITED_COVERAGE,standard_vde_indicator
AC,2020,Roubo a instituição financeira,0,863657,0.0,ocorrências,FULL_12_MONTHS,LIMITED_COVERAGE,standard_vde_indicator
AL,2020,Roubo a instituição financeira,0,3214823,0.0,ocorrências,FULL_12_MONTHS,LIMITED_COVERAGE,standard_vde_indicator
AM,2020,Roubo a instituição financeira,0,4121226,0.0,ocorrências,FULL_12_MONTHS,LIMITED_COVERAGE,standard_vde_indicator
AP,2020,Roubo a instituição financeira,0,785533,0.0,ocorrências,FULL_12_MONTHS,LIMITED_COVERAGE,standard_vde_indicator
BA,2020,Roubo a instituição financeira,4,14748551,0.02712130839158369,ocorrências,FULL_12_MONTHS,LIMITED_COVERAGE,standard_vde_indicator
CE,2020,Roubo a instituição financeira,3,9088929,0.03300718929590054,ocorrências,FULL_12_MONTHS,LIMITED_COVERAGE,standard_vde_indicator
DF,2020,Roubo a instituição financeira,0,2921417,0.0,ocorrências,FULL_12_MONTHS,LIMITED_COVERAGE,standard_vde_indicator
ES,2020,Roubo a instituição financeira,31,4001467,0.7747158729535942,ocorrências,FULL_12_MONTHS,LIMITED_COVERAGE,standard_vde_indicator
GO,2020,Roubo a instituição financeira,4,7060290,0.056654896611895544,ocorrências,FULL_12_MONTHS,LIMITED_COVERAGE,standard_vde_indicator
MA,2020,Roubo a instituição financeira,30,6970988,0.43035506588162253,ocorrências,FULL_12_MONTHS,LIMITED_COVERAGE,standard_vde_indicator
MG,2020,Roubo a instituição financeira,24,21032009,0.11411178076236084,ocorrências,FULL_12_MONTHS,LIMITED_COVERAGE,standard_vde_indicator
MS,2020,Roubo a instituição financeira,0,2806866,0.0,ocorrências,FULL_12_MONTHS,LIMITED_COVERAGE,standard_vde_indicator
MT,2020,Roubo a instituição financeira,0,3611987,0.0,ocorrências,FULL_12_MONTHS,LIMITED_COVERAGE,standard_vde_indicator
PA,2020,Roubo a instituição financeira,6,8465192,0.07087848686716143,ocorrências,FULL_12_MONTHS,LIMITED_COVERAGE,standard_vde_indicator
PB,2020,Roubo a instituição financeira,16,4064935,0.3936102299298759,ocorrências,FULL_12_MONTHS,LIMITED_COVERAGE,standard_vde_indicator
PE,2020,Roubo a instituição financeira,9,9438962,0.09534946745203551,ocorrências,FULL_12_MONTHS,LIMITED_COVERAGE,standard_vde_indicator
PI,2020,Roubo a instituição financeira,3,3335863,0.08993175079432218,ocorrências,FULL_12_MONTHS,LIMITED_COVERAGE,standard_vde_indicator
PR,2020,Roubo a instituição financeira,9,11560987,0.07784802456745259,ocorrências,FULL_12_MONTHS,LIMITED_COVERAGE,standard_vde_indicator
RJ,2020,Roubo a instituição financeira,67,17222305,0.3890303882087793,ocorrências,FULL_12_MONTHS,LIMITED_COVERAGE,standard_vde_indicator
RN,2020,Roubo a instituição financeira,4,3407618,0.11738404950320136,ocorrências,FULL_12_MONTHS,LIMITED_COVERAGE,standard_vde_indicator
RO,2020,Roubo a instituição financeira,1,1722753,0.05804662653322908,ocorrências,FULL_12_MONTHS,LIMITED_COVERAGE,standard_vde_indicator
RR,2020,Roubo a instituição financeira,4,640975,0.6240492998946917,ocorrências,FULL_12_MONTHS,LIMITED_COVERAGE,standard_vde_indicator
RS,2020,Roubo a instituição financeira,13,11220286,0.11586157429498678,ocorrências,FULL_12_MONTHS,LIMITED_COVERAGE,standard_vde_indicator
SC,2020,Roubo a instituição financeira,8,7541975,0.10607301137964525,ocorrências,FULL_12_MONTHS,LIMITED_COVERAGE,standard_vde_indicator
SE,2020,Roubo a instituição financeira,2,2254218,0.08872256365622136,ocorrências,FULL_12_MONTHS,LIMITED_COVERAGE,standard_vde_indicator
SP,2020,Roubo a instituição financeira,29,45523191,0.06370379440228607,ocorrências,FULL_12_MONTHS,LIMITED_COVERAGE,standard_vde_indicator
TO,2020,Roubo a instituição financeira,4,1537886,0.2600973024008281,ocorrências,FULL_12_MONTHS,LIMITED_COVERAGE,standard_vde_indicator
AC,2021,Roubo a instituição financeira,0,868346,0.0,ocorrências,FULL_12_MONTHS,LIMITED_COVERAGE,standard_vde_indicator
AL,2021,Roubo a instituição financeira,1,3217819,0.03107694994653211,ocorrências,FULL_12_MONTHS,LIMITED_COVERAGE,standard_vde_indicator
AM,2021,Roubo a instituição financeira,1,4160013,0.02403838641850398,ocorrências,FULL_12_MONTHS,LIMITED_COVERAGE,standard_vde_indicator
AP,2021,Roubo a instituição financeira,0,790871,0.0,ocorrências,FULL_12_MONTHS,LIMITED_COVERAGE,standard_vde_indicator
BA,2021,Roubo a instituição financeira,14,14788270,0.09466962667032723,ocorrências,FULL_12_MONTHS,LIMITED_COVERAGE,standard_vde_indicator
CE,2021,Roubo a instituição financeira,2,9129520,0.021906956773192897,ocorrências,FULL_12_MONTHS,LIMITED_COVERAGE,standard_vde_indicator
DF,2021,Roubo a instituição financeira,0,2938025,0.0,ocorrências,FULL_12_MONTHS,LIMITED_COVERAGE,standard_vde_indicator
ES,2021,Roubo a instituição financeira,35,4027541,0.8690166034312251,ocorrências,FULL_12_MONTHS,LIMITED_COVERAGE,standard_vde_indicator
GO,2021,Roubo a instituição financeira,5,7133954,0.07008735968861027,ocorrências,FULL_12_MONTHS,LIMITED_COVERAGE,standard_vde_indicator
MA,2021,Roubo a instituição financeira,13,6988154,0.18602910010283116,ocorrências,FULL_12_MONTHS,LIMITED_COVERAGE,standard_vde_indicator
MG,2021,Roubo a instituição financeira,11,21117017,0.052090690650104604,ocorrências,FULL_12_MONTHS,LIMITED_COVERAGE,standard_vde_indicator
MS,2021,Roubo a instituição financeira,1,2831943,0.03531144518092349,ocorrências,FULL_12_MONTHS,LIMITED_COVERAGE,standard_vde_indicator
MT,2021,Roubo a instituição financeira,6,3666669,0.1636362595041985,ocorrências,FULL_12_MONTHS,LIMITED_COVERAGE,standard_vde_indicator
PA,2021,Roubo a instituição financeira,2,8520153,0.023473756867981126,ocorrências,FULL_12_MONTHS,LIMITED_COVERAGE,standard_vde_indicator
PB,2021,Roubo a instituição financeira,11,4087783,0.2690945189605221,ocorrências,FULL_12_MONTHS,LIMITED_COVERAGE,standard_vde_indicator
PE,2021,Roubo a instituição financeira,7,9470176,0.07391626090159253,ocorrências,FULL_12_MONTHS,LIMITED_COVERAGE,standard_vde_indicator
PI,2021,Roubo a instituição financeira,3,3347856,0.0896095889428936,ocorrências,FULL_12_MONTHS,LIMITED_COVERAGE,standard_vde_indicator
PR,2021,Roubo a instituição financeira,12,11630298,0.10317878355309554,ocorrências,FULL_12_MONTHS,LIMITED_COVERAGE,standard_vde_indicator
RJ,2021,Roubo a instituição financeira,111,17220455,0.6445822714905036,ocorrências,FULL_12_MONTHS,LIMITED_COVERAGE,standard_vde_indicator
RN,2021,Roubo a instituição financeira,7,3419382,0.2047153549968971,ocorrências,FULL_12_MONTHS,LIMITED_COVERAGE,standard_vde_indicator
RO,2021,Roubo a instituição financeira,2,1729622,0.11563220171806325,ocorrências,FULL_12_MONTHS,LIMITED_COVERAGE,standard_vde_indicator
RR,2021,Roubo a instituição financeira,4,654972,0.6107131297215759,ocorrências,FULL_12_MONTHS,LIMITED_COVERAGE,standard_vde_indicator
RS,2021,Roubo a instituição financeira,13,11227789,0.11578414948838102,ocorrências,FULL_12_MONTHS,LIMITED_COVERAGE,standard_vde_indicator
SC,2021,Roubo a instituição financeira,15,7671648,0.19552513358277127,ocorrências,FULL_12_MONTHS,LIMITED_COVERAGE,standard_vde_indicator
SE,2021,Roubo a instituição financeira,1,2264937,0.044151338425748705,ocorrências,FULL_12_MONTHS,LIMITED_COVERAGE,standard_vde_indicator
SP,2021,Roubo a instituição financeira,18,45651915,0.03942879504616619,ocorrências,FULL_12_MONTHS,LIMITED_COVERAGE,standard_vde_indicator
TO,2021,Roubo a instituição financeira,1,1548514,0.0645780406247538,ocorrências,FULL_12_MONTHS,LIMITED_COVERAGE,standard_vde_indicator
AC,2022,Roubo a instituição financeira,0,872566,0.0,ocorrências,FULL_12_MONTHS,LIMITED_COVERAGE,standard_vde_indicator
AL,2022,Roubo a instituição financeira,0,3218381,0.0,ocorrências,FULL_12_MONTHS,LIMITED_COVERAGE,standard_vde_indicator
AM,2022,Roubo a instituição financeira,0,4199791,0.0,ocorrências,FULL_12_MONTHS,LIMITED_COVERAGE,standard_vde_indicator
BA,2022,Roubo a instituição financeira,4,14811339,0.0270063361590738,ocorrências,FULL_12_MONTHS,LIMITED_COVERAGE,standard_vde_indicator
CE,2022,Roubo a instituição financeira,1,9162955,0.010913509888458472,ocorrências,FULL_12_MONTHS,LIMITED_COVERAGE,standard_vde_indicator
DF,2022,Roubo a instituição financeira,1,2952426,0.03387045094440978,ocorrências,FULL_12_MONTHS,LIMITED_COVERAGE,standard_vde_indicator
ES,2022,Roubo a instituição financeira,26,4050913,0.6418306194183879,ocorrências,FULL_12_MONTHS,LIMITED_COVERAGE,standard_vde_indicator
GO,2022,Roubo a instituição financeira,0,7201254,0.0,ocorrências,FULL_12_MONTHS,LIMITED_COVERAGE,standard_vde_indicator
MA,2022,Roubo a instituição financeira,18,6998087,0.25721314982223,ocorrências,FULL_12_MONTHS,LIMITED_COVERAGE,standard_vde_indicator
MG,2022,Roubo a instituição financeira,20,21178401,0.09443583583104315,ocorrências,FULL_12_MONTHS,LIMITED_COVERAGE,standard_vde_indicator
MS,2022,Roubo a instituição financeira,0,2854377,0.0,ocorrências,FULL_12_MONTHS,LIMITED_COVERAGE,standard_vde_indicator
MT,2022,Roubo a instituição financeira,1,3720967,0.026874734444030275,ocorrências,FULL_12_MONTHS,LIMITED_COVERAGE,standard_vde_indicator
PA,2022,Roubo a instituição financeira,4,8570045,0.04667420066055662,ocorrências,FULL_12_MONTHS,LIMITED_COVERAGE,standard_vde_indicator
PB,2022,Roubo a instituição financeira,11,4106026,0.26789893683089194,ocorrências,FULL_12_MONTHS,LIMITED_COVERAGE,standard_vde_indicator
PE,2022,Roubo a instituição financeira,3,9493026,0.031602146670619044,ocorrências,FULL_12_MONTHS,LIMITED_COVERAGE,standard_vde_indicator
PI,2022,Roubo a instituição financeira,0,3357043,0.0,ocorrências,FULL_12_MONTHS,LIMITED_COVERAGE,standard_vde_indicator
PR,2022,Roubo a instituição financeira,11,11686692,0.09412415420890702,ocorrências,FULL_12_MONTHS,LIMITED_COVERAGE,standard_vde_indicator
RJ,2022,Roubo a instituição financeira,73,17211760,0.42412861903721644,ocorrências,FULL_12_MONTHS,LIMITED_COVERAGE,standard_vde_indicator
RN,2022,Roubo a instituição financeira,10,3427955,0.29171911533261086,ocorrências,FULL_12_MONTHS,LIMITED_COVERAGE,standard_vde_indicator
RO,2022,Roubo a instituição financeira,7,1734648,0.4035400842130507,ocorrências,FULL_12_MONTHS,LIMITED_COVERAGE,standard_vde_indicator
RR,2022,Roubo a instituição financeira,0,673404,0.0,ocorrências,FULL_12_MONTHS,LIMITED_COVERAGE,standard_vde_indicator
RS,2022,Roubo a instituição financeira,3,11220506,0.026736762138891063,ocorrências,FULL_12_MONTHS,LIMITED_COVERAGE,standard_vde_indicator
SC,2022,Roubo a instituição financeira,8,7796817,0.10260597369413697,ocorrências,FULL_12_MONTHS,LIMITED_COVERAGE,standard_vde_indicator
SE,2022,Roubo a instituição financeira,0,2273589,0.0,ocorrências,FULL_12_MONTHS,LIMITED_COVERAGE,standard_vde_indicator
SP,2022,Roubo a instituição financeira,16,45736978,0.03498263483870753,ocorrências,FULL_12_MONTHS,LIMITED_COVERAGE,standard_vde_indicator
TO,2022,Roubo a instituição financeira,3,1557580,0.19260647928196303,ocorrências,FULL_12_MONTHS,LIMITED_COVERAGE,standard_vde_indicator
AC,2023,Roubo a instituição financeira,0,876582,0.0,ocorrências,FULL_12_MONTHS,LIMITED_COVERAGE,standard_vde_indicator
AL,2023,Roubo a instituição financeira,0,3218607,0.0,ocorrências,FULL_12_MONTHS,LIMITED_COVERAGE,standard_vde_indicator
AM,2023,Roubo a instituição financeira,0,4240571,0.0,ocorrências,FULL_12_MONTHS,LIMITED_COVERAGE,standard_vde_indicator
AP,2023,Roubo a instituição financeira,1,799124,0.12513702504242144,ocorrências,FULL_12_MONTHS,LIMITED_COVERAGE,standard_vde_indicator
BA,2023,Roubo a instituição financeira,3,14828806,0.020230893842700486,ocorrências,FULL_12_MONTHS,LIMITED_COVERAGE,standard_vde_indicator
CE,2023,Roubo a instituição financeira,1,9196672,0.010873498587315063,ocorrências,FULL_12_MONTHS,LIMITED_COVERAGE,standard_vde_indicator
DF,2023,Roubo a instituição financeira,0,2967543,0.0,ocorrências,FULL_12_MONTHS,LIMITED_COVERAGE,standard_vde_indicator
ES,2023,Roubo a instituição financeira,0,4076068,0.0,ocorrências,FULL_12_MONTHS,LIMITED_COVERAGE,standard_vde_indicator
GO,2023,Roubo a instituição financeira,0,7274463,0.0,ocorrências,FULL_12_MONTHS,LIMITED_COVERAGE,standard_vde_indicator
MA,2023,Roubo a instituição financeira,7,7003234,0.09995382133454345,ocorrências,FULL_12_MONTHS,LIMITED_COVERAGE,standard_vde_indicator
MG,2023,Roubo a instituição financeira,8,21247401,0.03765166384349785,ocorrências,FULL_12_MONTHS,LIMITED_COVERAGE,standard_vde_indicator
MT,2023,Roubo a instituição financeira,0,3778389,0.0,ocorrências,FULL_12_MONTHS,LIMITED_COVERAGE,standard_vde_indicator
PA,2023,Roubo a instituição financeira,2,8616120,0.023212304378304852,ocorrências,FULL_12_MONTHS,LIMITED_COVERAGE,standard_vde_indicator
PB,2023,Roubo a instituição financeira,4,4124468,0.09698220473525312,ocorrências,FULL_12_MONTHS,LIMITED_COVERAGE,standard_vde_indicator
PE,2023,Roubo a instituição financeira,0,9514483,0.0,ocorrências,FULL_12_MONTHS,LIMITED_COVERAGE,standard_vde_indicator
PI,2023,Roubo a instituição financeira,0,3365881,0.0,ocorrências,FULL_12_MONTHS,LIMITED_COVERAGE,standard_vde_indicator
PR,2023,Roubo a instituição financeira,10,11753862,0.08507841933145038,ocorrências,FULL_12_MONTHS,LIMITED_COVERAGE,standard_vde_indicator
RJ,2023,Roubo a instituição financeira,50,17213813,0.29046440785664396,ocorrências,FULL_12_MONTHS,LIMITED_COVERAGE,standard_vde_indicator
RN,2023,Roubo a instituição financeira,2,3436278,0.0582025086445276,ocorrências,FULL_12_MONTHS,LIMITED_COVERAGE,standard_vde_indicator
RR,2023,Roubo a instituição financeira,0,695270,0.0,ocorrências,FULL_12_MONTHS,LIMITED_COVERAGE,standard_vde_indicator
RS,2023,Roubo a instituição financeira,3,11222292,0.026732507049362107,ocorrências,FULL_12_MONTHS,LIMITED_COVERAGE,standard_vde_indicator
SC,2023,Roubo a instituição financeira,5,7927212,0.06307387767603541,ocorrências,FULL_12_MONTHS,LIMITED_COVERAGE,standard_vde_indicator
SE,2023,Roubo a instituição financeira,0,2281994,0.0,ocorrências,FULL_12_MONTHS,LIMITED_COVERAGE,standard_vde_indicator
SP,2023,Roubo a instituição financeira,10,45850570,0.021809979679641933,ocorrências,FULL_12_MONTHS,LIMITED_COVERAGE,standard_vde_indicator
TO,2023,Roubo a instituição financeira,1,1567191,0.06380843177379145,ocorrências,FULL_12_MONTHS,LIMITED_COVERAGE,standard_vde_indicator
AC,2024,Roubo a instituição financeira,1,880631,0.1135549395830944,ocorrências,FULL_12_MONTHS,LIMITED_COVERAGE,standard_vde_indicator
AL,2024,Roubo a instituição financeira,0,3220104,0.0,ocorrências,FULL_12_MONTHS,LIMITED_COVERAGE,standard_vde_indicator
AM,2024,Roubo a instituição financeira,0,4281209,0.0,ocorrências,FULL_12_MONTHS,LIMITED_COVERAGE,standard_vde_indicator
AP,2024,Roubo a instituição financeira,0,802837,0.0,ocorrências,FULL_12_MONTHS,LIMITED_COVERAGE,standard_vde_indicator
BA,2024,Roubo a instituição financeira,2,14850513,0.013467548225438407,ocorrências,FULL_12_MONTHS,LIMITED_COVERAGE,standard_vde_indicator
CE,2024,Roubo a instituição financeira,0,9233656,0.0,ocorrências,FULL_12_MONTHS,LIMITED_COVERAGE,standard_vde_indicator
DF,2024,Roubo a instituição financeira,0,2982818,0.0,ocorrências,FULL_12_MONTHS,LIMITED_COVERAGE,standard_vde_indicator
ES,2024,Roubo a instituição financeira,19,4102129,0.46317412251053053,ocorrências,FULL_12_MONTHS,LIMITED_COVERAGE,standard_vde_indicator
GO,2024,Roubo a instituição financeira,0,7350483,0.0,ocorrências,FULL_12_MONTHS,LIMITED_COVERAGE,standard_vde_indicator
MA,2024,Roubo a instituição financeira,15,7010960,0.21395072857354772,ocorrências,FULL_12_MONTHS,LIMITED_COVERAGE,standard_vde_indicator
MG,2024,Roubo a instituição financeira,4,21322691,0.018759358281747834,ocorrências,FULL_12_MONTHS,LIMITED_COVERAGE,standard_vde_indicator
MT,2024,Roubo a instituição financeira,0,3836399,0.0,ocorrências,FULL_12_MONTHS,LIMITED_COVERAGE,standard_vde_indicator
PA,2024,Roubo a instituição financeira,0,8664306,0.0,ocorrências,FULL_12_MONTHS,LIMITED_COVERAGE,standard_vde_indicator
PB,2024,Roubo a instituição financeira,0,4145040,0.0,ocorrências,FULL_12_MONTHS,LIMITED_COVERAGE,standard_vde_indicator
PE,2024,Roubo a instituição financeira,0,9539029,0.0,ocorrências,FULL_12_MONTHS,LIMITED_COVERAGE,standard_vde_indicator
PI,2024,Roubo a instituição financeira,3,3375646,0.08887187815310017,ocorrências,FULL_12_MONTHS,LIMITED_COVERAGE,standard_vde_indicator
PR,2024,Roubo a instituição financeira,6,11824665,0.050741395210773414,ocorrências,FULL_12_MONTHS,LIMITED_COVERAGE,standard_vde_indicator
RJ,2024,Roubo a instituição financeira,40,17219679,0.23229236735481537,ocorrências,FULL_12_MONTHS,LIMITED_COVERAGE,standard_vde_indicator
RN,2024,Roubo a instituição financeira,3,3446071,0.08705566426228595,ocorrências,FULL_12_MONTHS,LIMITED_COVERAGE,standard_vde_indicator
RO,2024,Roubo a instituição financeira,0,1746227,0.0,ocorrências,FULL_12_MONTHS,LIMITED_COVERAGE,standard_vde_indicator
RR,2024,Roubo a instituição financeira,0,716793,0.0,ocorrências,FULL_12_MONTHS,LIMITED_COVERAGE,standard_vde_indicator
RS,2024,Roubo a instituição financeira,3,11229915,0.02671436070531255,ocorrências,FULL_12_MONTHS,LIMITED_COVERAGE,standard_vde_indicator
SC,2024,Roubo a instituição financeira,4,8058441,0.049637392642075555,ocorrências,FULL_12_MONTHS,LIMITED_COVERAGE,standard_vde_indicator
SE,2024,Roubo a instituição financeira,0,2291077,0.0,ocorrências,FULL_12_MONTHS,LIMITED_COVERAGE,standard_vde_indicator
SP,2024,Roubo a instituição financeira,2,45973194,0.004350361212666669,ocorrências,FULL_12_MONTHS,LIMITED_COVERAGE,standard_vde_indicator
TO,2024,Roubo a instituição financeira,2,1577342,0.1267955839634017,ocorrências,FULL_12_MONTHS,LIMITED_COVERAGE,standard_vde_indicator
AC,2025,Roubo a instituição financeira,2,884372,0.22614917704314474,ocorrências,FULL_12_MONTHS,LIMITED_COVERAGE,standard_vde_indicator
AL,2025,Roubo a instituição financeira,0,3220848,0.0,ocorrências,FULL_12_MONTHS,LIMITED_COVERAGE,standard_vde_indicator
AM,2025,Roubo a instituição financeira,2,4321616,0.046278984528009895,ocorrências,FULL_12_MONTHS,LIMITED_COVERAGE,standard_vde_indicator
AP,2025,Roubo a instituição financeira,0,806517,0.0,ocorrências,FULL_12_MONTHS,LIMITED_COVERAGE,standard_vde_indicator
BA,2025,Roubo a instituição financeira,0,14870907,0.0,ocorrências,FULL_12_MONTHS,LIMITED_COVERAGE,standard_vde_indicator
CE,2025,Roubo a instituição financeira,0,9268836,0.0,ocorrências,FULL_12_MONTHS,LIMITED_COVERAGE,standard_vde_indicator
DF,2025,Roubo a instituição financeira,0,2996899,0.0,ocorrências,FULL_12_MONTHS,LIMITED_COVERAGE,standard_vde_indicator
ES,2025,Roubo a instituição financeira,3,4126854,0.0726945998089586,ocorrências,FULL_12_MONTHS,LIMITED_COVERAGE,standard_vde_indicator
GO,2025,Roubo a instituição financeira,0,7423629,0.0,ocorrências,FULL_12_MONTHS,LIMITED_COVERAGE,standard_vde_indicator
MA,2025,Roubo a instituição financeira,9,7018211,0.12823780875211646,ocorrências,FULL_12_MONTHS,LIMITED_COVERAGE,standard_vde_indicator
MG,2025,Roubo a instituição financeira,7,21393441,0.032720308995640296,ocorrências,FULL_12_MONTHS,LIMITED_COVERAGE,standard_vde_indicator
MT,2025,Roubo a instituição financeira,2,3893659,0.05136556642479478,ocorrências,FULL_12_MONTHS,LIMITED_COVERAGE,standard_vde_indicator
PA,2025,Roubo a instituição financeira,1,8711196,0.011479479970373758,ocorrências,FULL_12_MONTHS,LIMITED_COVERAGE,standard_vde_indicator
PB,2025,Roubo a instituição financeira,0,4164468,0.0,ocorrências,FULL_12_MONTHS,LIMITED_COVERAGE,standard_vde_indicator
PE,2025,Roubo a instituição financeira,1,9562007,0.010458055510731168,ocorrências,FULL_12_MONTHS,LIMITED_COVERAGE,standard_vde_indicator
PI,2025,Roubo a instituição financeira,1,3384547,0.029546051509995282,ocorrências,FULL_12_MONTHS,LIMITED_COVERAGE,standard_vde_indicator
RJ,2025,Roubo a instituição financeira,25,17223547,0.14515012500038466,ocorrências,FULL_12_MONTHS,LIMITED_COVERAGE,standard_vde_indicator
RN,2025,Roubo a instituição financeira,2,3455236,0.05788316630180978,ocorrências,FULL_12_MONTHS,LIMITED_COVERAGE,standard_vde_indicator
RO,2025,Roubo a instituição financeira,0,1751950,0.0,ocorrências,FULL_12_MONTHS,LIMITED_COVERAGE,standard_vde_indicator
RR,2025,Roubo a instituição financeira,0,738772,0.0,ocorrências,FULL_12_MONTHS,LIMITED_COVERAGE,standard_vde_indicator
RS,2025,Roubo a instituição financeira,0,11233263,0.0,ocorrências,FULL_12_MONTHS,LIMITED_COVERAGE,standard_vde_indicator
SC,2025,Roubo a instituição financeira,1,8186962,0.012214543074708298,ocorrências,FULL_12_MONTHS,LIMITED_COVERAGE,standard_vde_indicator
SE,2025,Roubo a instituição financeira,0,2299425,0.0,ocorrências,FULL_12_MONTHS,LIMITED_COVERAGE,standard_vde_indicator
SP,2025,Roubo a instituição financeira,2,46081801,0.004340108148116867,ocorrências,FULL_12_MONTHS,LIMITED_COVERAGE,standard_vde_indicator
TO,2025,Roubo a instituição financeira,2,1586859,0.12603514237874947,ocorrências,FULL_12_MONTHS,LIMITED_COVERAGE,standard_vde_indicator
AC,2015,Estupro,0,826677,0.0,vítimas,FULL_12_MONTHS,COMPARABLE,separate_victim_indicator
AL,2015,Estupro,177,3181178,5.563976614952071,vítimas,FULL_12_MONTHS,COMPARABLE,separate_victim_indicator
AM,2015,Estupro,265,3859110,6.866868267553918,vítimas,FULL_12_MONTHS,COMPARABLE,separate_victim_indicator
AP,2015,Estupro,373,747050,49.929723579412354,vítimas,FULL_12_MONTHS,COMPARABLE,separate_victim_indicator
BA,2015,Estupro,867,14470447,5.9915218928620515,vítimas,FULL_12_MONTHS,COMPARABLE,separate_victim_indicator
CE,2015,Estupro,519,8816218,5.886878024114195,vítimas,FULL_12_MONTHS,COMPARABLE,separate_victim_indicator
DF,2015,Estupro,743,2794821,26.584886831750584,vítimas,FULL_12_MONTHS,COMPARABLE,separate_victim_indicator
ES,2015,Estupro,0,3834033,0.0,vítimas,FULL_12_MONTHS,COMPARABLE,separate_victim_indicator
GO,2015,Estupro,0,6630429,0.0,vítimas,FULL_12_MONTHS,COMPARABLE,separate_victim_indicator
MA,2015,Estupro,1021,6831416,14.945656947256616,vítimas,FULL_12_MONTHS,COMPARABLE,separate_victim_indicator
MG,2015,Estupro,1833,20470203,8.954478858856456,vítimas,FULL_12_MONTHS,COMPARABLE,separate_victim_indicator
MS,2015,Estupro,1885,2652939,71.05327336964777,vítimas,FULL_12_MONTHS,COMPARABLE,separate_victim_indicator
MT,2015,Estupro,536,3327512,16.108131240398233,vítimas,FULL_12_MONTHS,COMPARABLE,separate_victim_indicator
PA,2015,Estupro,585,8131409,7.1943251163482245,vítimas,FULL_12_MONTHS,COMPARABLE,separate_victim_indicator
PB,2015,Estupro,289,3932039,7.349876234696553,vítimas,FULL_12_MONTHS,COMPARABLE,separate_victim_indicator
PE,2015,Estupro,844,9213107,9.160861802647034,vítimas,FULL_12_MONTHS,COMPARABLE,separate_victim_indicator
PI,2015,Estupro,141,3255812,4.330716884144416,vítimas,FULL_12_MONTHS,COMPARABLE,separate_victim_indicator
PR,2015,Estupro,1078,11101864,9.710081117909569,vítimas,FULL_12_MONTHS,COMPARABLE,separate_victim_indicator
RJ,2015,Estupro,4887,16971856,28.794729344863637,vítimas,FULL_12_MONTHS,COMPARABLE,separate_victim_indicator
RN,2015,Estupro,111,3322012,3.3413485562364014,vítimas,FULL_12_MONTHS,COMPARABLE,separate_victim_indicator
RO,2015,Estupro,531,1666906,31.855425560889458,vítimas,FULL_12_MONTHS,COMPARABLE,separate_victim_indicator
RR,2015,Estupro,83,534380,15.532018413862794,vítimas,FULL_12_MONTHS,COMPARABLE,separate_victim_indicator
RS,2015,Estupro,1797,11070711,16.23201978626305,vítimas,FULL_12_MONTHS,COMPARABLE,separate_victim_indicator
SC,2015,Estupro,2249,6889914,32.641916865725754,vítimas,FULL_12_MONTHS,COMPARABLE,separate_victim_indicator
SE,2015,Estupro,121,2182252,5.544730856014795,vítimas,FULL_12_MONTHS,COMPARABLE,separate_victim_indicator
SP,2015,Estupro,11931,44217931,26.982266537979807,vítimas,FULL_12_MONTHS,COMPARABLE,separate_victim_indicator
TO,2015,Estupro,219,1471416,14.883622306676019,vítimas,FULL_12_MONTHS,COMPARABLE,separate_victim_indicator
AC,2016,Estupro,0,836294,0.0,vítimas,FULL_12_MONTHS,COMPARABLE,separate_victim_indicator
AL,2016,Estupro,160,3187906,5.018968564317769,vítimas,FULL_12_MONTHS,COMPARABLE,separate_victim_indicator
AM,2016,Estupro,393,3914566,10.039427103796436,vítimas,FULL_12_MONTHS,COMPARABLE,separate_victim_indicator
AP,2016,Estupro,454,756948,59.977699921262754,vítimas,FULL_12_MONTHS,COMPARABLE,separate_victim_indicator
BA,2016,Estupro,893,14527076,6.147142067681067,vítimas,FULL_12_MONTHS,COMPARABLE,separate_victim_indicator
CE,2016,Estupro,527,8873158,5.9392608584226725,vítimas,FULL_12_MONTHS,COMPARABLE,separate_victim_indicator
DF,2016,Estupro,632,2823570,22.383011577541907,vítimas,FULL_12_MONTHS,COMPARABLE,separate_victim_indicator
ES,2016,Estupro,0,3870870,0.0,vítimas,FULL_12_MONTHS,COMPARABLE,separate_victim_indicator
GO,2016,Estupro,560,6720503,8.332709620098376,vítimas,FULL_12_MONTHS,COMPARABLE,separate_victim_indicator
MA,2016,Estupro,1090,6863878,15.880235633558755,vítimas,FULL_12_MONTHS,COMPARABLE,separate_victim_indicator
MG,2016,Estupro,1789,20588168,8.689456973539365,vítimas,FULL_12_MONTHS,COMPARABLE,separate_victim_indicator
MS,2016,Estupro,2100,2684756,78.21939870885846,vítimas,FULL_12_MONTHS,COMPARABLE,separate_victim_indicator
MT,2016,Estupro,700,3380091,20.7095016080928,vítimas,FULL_12_MONTHS,COMPARABLE,separate_victim_indicator
PA,2016,Estupro,1048,8207830,12.768295639651406,vítimas,FULL_12_MONTHS,COMPARABLE,separate_victim_indicator
PB,2016,Estupro,464,3957455,11.724706913913108,vítimas,FULL_12_MONTHS,COMPARABLE,separate_victim_indicator
PE,2016,Estupro,924,9262684,9.975510338040248,vítimas,FULL_12_MONTHS,COMPARABLE,separate_victim_indicator
PI,2016,Estupro,189,3271094,5.7778834848524685,vítimas,FULL_12_MONTHS,COMPARABLE,separate_victim_indicator
PR,2016,Estupro,1217,11195664,10.870279779743301,vítimas,FULL_12_MONTHS,COMPARABLE,separate_victim_indicator
RJ,2016,Estupro,4705,17043727,27.605464462086257,vítimas,FULL_12_MONTHS,COMPARABLE,separate_victim_indicator
RN,2016,Estupro,165,3342283,4.936745332456886,vítimas,FULL_12_MONTHS,COMPARABLE,separate_victim_indicator
RO,2016,Estupro,643,1680084,38.27189592901307,vítimas,FULL_12_MONTHS,COMPARABLE,separate_victim_indicator
RR,2016,Estupro,153,548233,27.907842103631122,vítimas,FULL_12_MONTHS,COMPARABLE,separate_victim_indicator
RS,2016,Estupro,1721,11109776,15.490861381903649,vítimas,FULL_12_MONTHS,COMPARABLE,separate_victim_indicator
SC,2016,Estupro,2639,7011473,37.63831080858473,vítimas,FULL_12_MONTHS,COMPARABLE,separate_victim_indicator
SE,2016,Estupro,163,2198312,7.414780067615516,vítimas,FULL_12_MONTHS,COMPARABLE,separate_victim_indicator
SP,2016,Estupro,9901,44530110,22.234393761883812,vítimas,FULL_12_MONTHS,COMPARABLE,separate_victim_indicator
TO,2016,Estupro,365,1485416,24.57224104224002,vítimas,FULL_12_MONTHS,COMPARABLE,separate_victim_indicator
AC,2017,Estupro,0,844496,0.0,vítimas,FULL_12_MONTHS,COMPARABLE,separate_victim_indicator
AL,2017,Estupro,247,3193155,7.7352962822036515,vítimas,FULL_12_MONTHS,COMPARABLE,separate_victim_indicator
AM,2017,Estupro,364,3966332,9.177244870071391,vítimas,FULL_12_MONTHS,COMPARABLE,separate_victim_indicator
AP,2017,Estupro,399,765558,52.118846645192136,vítimas,FULL_12_MONTHS,COMPARABLE,separate_victim_indicator
BA,2017,Estupro,957,14578692,6.564374911000246,vítimas,FULL_12_MONTHS,COMPARABLE,separate_victim_indicator
CE,2017,Estupro,531,8924184,5.950123843255585,vítimas,FULL_12_MONTHS,COMPARABLE,separate_victim_indicator
DF,2017,Estupro,805,2850314,28.242502404998188,vítimas,FULL_12_MONTHS,COMPARABLE,separate_victim_indicator
ES,2017,Estupro,0,3904551,0.0,vítimas,FULL_12_MONTHS,COMPARABLE,separate_victim_indicator
GO,2017,Estupro,702,6805532,10.315137743823701,vítimas,FULL_12_MONTHS,COMPARABLE,separate_victim_indicator
MA,2017,Estupro,1312,6890375,19.04105364366961,vítimas,FULL_12_MONTHS,COMPARABLE,separate_victim_indicator
MG,2017,Estupro,1803,20695003,8.712248072638598,vítimas,FULL_12_MONTHS,COMPARABLE,separate_victim_indicator
MS,2017,Estupro,2324,2715557,85.58096920815876,vítimas,FULL_12_MONTHS,COMPARABLE,separate_victim_indicator
MT,2017,Estupro,753,3433278,21.932392308458564,vítimas,FULL_12_MONTHS,COMPARABLE,separate_victim_indicator
PA,2017,Estupro,935,8275842,11.297944064181022,vítimas,FULL_12_MONTHS,COMPARABLE,separate_victim_indicator
PB,2017,Estupro,365,3981512,9.167371591495893,vítimas,FULL_12_MONTHS,COMPARABLE,separate_victim_indicator
PE,2017,Estupro,976,9304183,10.489905454353165,vítimas,FULL_12_MONTHS,COMPARABLE,separate_victim_indicator
PI,2017,Estupro,220,3285746,6.69558754693759,vítimas,FULL_12_MONTHS,COMPARABLE,separate_victim_indicator
PR,2017,Estupro,1448,11285193,12.830972407826787,vítimas,FULL_12_MONTHS,COMPARABLE,separate_victim_indicator
RJ,2017,Estupro,4952,17100398,28.958390325184244,vítimas,FULL_12_MONTHS,COMPARABLE,separate_victim_indicator
RN,2017,Estupro,127,3359217,3.7806429295874606,vítimas,FULL_12_MONTHS,COMPARABLE,separate_victim_indicator
RO,2017,Estupro,958,1691568,56.63384504790821,vítimas,FULL_12_MONTHS,COMPARABLE,separate_victim_indicator
RR,2017,Estupro,184,564013,32.623361518262875,vítimas,FULL_12_MONTHS,COMPARABLE,separate_victim_indicator
RS,2017,Estupro,1800,11141074,16.156431597169178,vítimas,FULL_12_MONTHS,COMPARABLE,separate_victim_indicator
SC,2017,Estupro,2855,7135459,40.011441450367805,vítimas,FULL_12_MONTHS,COMPARABLE,separate_victim_indicator
SE,2017,Estupro,173,2212722,7.818424546779939,vítimas,FULL_12_MONTHS,COMPARABLE,separate_victim_indicator
SP,2017,Estupro,3825,44809066,8.53621898747008,vítimas,FULL_12_MONTHS,COMPARABLE,separate_victim_indicator
TO,2017,Estupro,408,1498537,27.226554966610767,vítimas,FULL_12_MONTHS,COMPARABLE,separate_victim_indicator
AC,2018,Estupro,83,851504,9.74745861440463,vítimas,FULL_12_MONTHS,COMPARABLE,separate_victim_indicator
AL,2018,Estupro,186,3200128,5.812267509299628,vítimas,FULL_12_MONTHS,COMPARABLE,separate_victim_indicator
AM,2018,Estupro,300,4018483,7.465503773438883,vítimas,FULL_12_MONTHS,COMPARABLE,separate_victim_indicator
AP,2018,Estupro,453,772784,58.619226070933145,vítimas,FULL_12_MONTHS,COMPARABLE,separate_victim_indicator
BA,2018,Estupro,979,14632652,6.690516524277349,vítimas,FULL_12_MONTHS,COMPARABLE,separate_victim_indicator
CE,2018,Estupro,468,8976628,5.213538981452723,vítimas,FULL_12_MONTHS,COMPARABLE,separate_victim_indicator
DF,2018,Estupro,322,2875413,11.198391326741584,vítimas,FULL_12_MONTHS,COMPARABLE,separate_victim_indicator
ES,2018,Estupro,1602,3937119,40.68965149389693,vítimas,FULL_12_MONTHS,COMPARABLE,separate_victim_indicator
GO,2018,Estupro,808,6888446,11.729786369814034,vítimas,FULL_12_MONTHS,COMPARABLE,separate_victim_indicator
MA,2018,Estupro,1286,6917016,18.591832084818076,vítimas,FULL_12_MONTHS,COMPARABLE,separate_victim_indicator
MG,2018,Estupro,1777,20801238,8.542760772219422,vítimas,FULL_12_MONTHS,COMPARABLE,separate_victim_indicator
MS,2018,Estupro,2523,2746161,91.8737102449565,vítimas,FULL_12_MONTHS,COMPARABLE,separate_victim_indicator
MT,2018,Estupro,702,3490648,20.110879126167976,vítimas,FULL_12_MONTHS,COMPARABLE,separate_victim_indicator
PA,2018,Estupro,906,8339467,10.864003658747016,vítimas,FULL_12_MONTHS,COMPARABLE,separate_victim_indicator
PB,2018,Estupro,258,4008413,6.436462510225368,vítimas,FULL_12_MONTHS,COMPARABLE,separate_victim_indicator
PE,2018,Estupro,958,9348293,10.247860224321167,vítimas,FULL_12_MONTHS,COMPARABLE,separate_victim_indicator
PI,2018,Estupro,230,3302227,6.9649966522592175,vítimas,FULL_12_MONTHS,COMPARABLE,separate_victim_indicator
PR,2018,Estupro,1467,11373980,12.897859852048272,vítimas,FULL_12_MONTHS,COMPARABLE,separate_victim_indicator
RJ,2018,Estupro,1703,17148943,9.930641206283093,vítimas,FULL_12_MONTHS,COMPARABLE,separate_victim_indicator
RN,2018,Estupro,200,3375511,5.925028832671557,vítimas,FULL_12_MONTHS,COMPARABLE,separate_victim_indicator
RO,2018,Estupro,1203,1701892,70.6860364817509,vítimas,FULL_12_MONTHS,COMPARABLE,separate_victim_indicator
RR,2018,Estupro,98,587497,16.680936243078687,vítimas,FULL_12_MONTHS,COMPARABLE,separate_victim_indicator
RS,2018,Estupro,2114,11167531,18.929878054513573,vítimas,FULL_12_MONTHS,COMPARABLE,separate_victim_indicator
SC,2018,Estupro,3259,7266127,44.8519548309574,vítimas,FULL_12_MONTHS,COMPARABLE,separate_victim_indicator
SE,2018,Estupro,119,2227068,5.343348294708559,vítimas,FULL_12_MONTHS,COMPARABLE,separate_victim_indicator
SP,2018,Estupro,3596,45062167,7.980086709988892,vítimas,FULL_12_MONTHS,COMPARABLE,separate_victim_indicator
TO,2018,Estupro,761,1511702,50.34060945874253,vítimas,FULL_12_MONTHS,COMPARABLE,separate_victim_indicator
AC,2019,Estupro,139,857919,16.201995759506435,vítimas,FULL_12_MONTHS,COMPARABLE,separate_victim_indicator
AL,2019,Estupro,207,3208704,6.451202728578267,vítimas,FULL_12_MONTHS,COMPARABLE,separate_victim_indicator
AM,2019,Estupro,292,4073280,7.168669966218871,vítimas,FULL_12_MONTHS,COMPARABLE,separate_victim_indicator
AP,2019,Estupro,196,779468,25.145355550195774,vítimas,FULL_12_MONTHS,COMPARABLE,separate_victim_indicator
BA,2019,Estupro,1016,14693250,6.91473976145509,vítimas,FULL_12_MONTHS,COMPARABLE,separate_victim_indicator
CE,2019,Estupro,493,9035631,5.45617677392979,vítimas,FULL_12_MONTHS,COMPARABLE,separate_victim_indicator
DF,2019,Estupro,293,2899708,10.1044656910282,vítimas,FULL_12_MONTHS,COMPARABLE,separate_victim_indicator
ES,2019,Estupro,1797,3970009,45.264381012738255,vítimas,FULL_12_MONTHS,COMPARABLE,separate_victim_indicator
GO,2019,Estupro,916,6974736,13.13311356874296,vítimas,FULL_12_MONTHS,COMPARABLE,separate_victim_indicator
MA,2019,Estupro,1477,6946725,21.26181761909389,vítimas,FULL_12_MONTHS,COMPARABLE,separate_victim_indicator
MG,2019,Estupro,1536,20916751,7.343396687181484,vítimas,FULL_12_MONTHS,COMPARABLE,separate_victim_indicator
MS,2019,Estupro,2544,2777028,91.60872702759929,vítimas,FULL_12_MONTHS,COMPARABLE,separate_victim_indicator
MT,2019,Estupro,712,3551996,20.04506761831939,vítimas,FULL_12_MONTHS,COMPARABLE,separate_victim_indicator
PA,2019,Estupro,852,8404430,10.137510812749943,vítimas,FULL_12_MONTHS,COMPARABLE,separate_victim_indicator
PB,2019,Estupro,298,4037810,7.380238297492948,vítimas,FULL_12_MONTHS,COMPARABLE,separate_victim_indicator
PE,2019,Estupro,895,9396505,9.5248180041409,vítimas,FULL_12_MONTHS,COMPARABLE,separate_victim_indicator
PI,2019,Estupro,264,3320228,7.951261178449191,vítimas,FULL_12_MONTHS,COMPARABLE,separate_victim_indicator
PR,2019,Estupro,1516,11468227,13.219131431563047,vítimas,FULL_12_MONTHS,COMPARABLE,separate_victim_indicator
RJ,2019,Estupro,1628,17193919,9.468463821424306,vítimas,FULL_12_MONTHS,COMPARABLE,separate_victim_indicator
RN,2019,Estupro,215,3392434,6.3376325081048,vítimas,FULL_12_MONTHS,COMPARABLE,separate_victim_indicator
RO,2019,Estupro,1239,1712560,72.34783014901667,vítimas,FULL_12_MONTHS,COMPARABLE,separate_victim_indicator
RR,2019,Estupro,116,618125,18.76643073811931,vítimas,FULL_12_MONTHS,COMPARABLE,separate_victim_indicator
RS,2019,Estupro,1502,11194346,13.417487721033458,vítimas,FULL_12_MONTHS,COMPARABLE,separate_victim_indicator
SC,2019,Estupro,4381,7403723,59.17293232067164,vítimas,FULL_12_MONTHS,COMPARABLE,separate_victim_indicator
SE,2019,Estupro,176,2241300,7.852585553027261,vítimas,FULL_12_MONTHS,COMPARABLE,separate_victim_indicator
SP,2019,Estupro,3447,45306139,7.608240463836479,vítimas,FULL_12_MONTHS,COMPARABLE,separate_victim_indicator
TO,2019,Estupro,879,1525148,57.63375095400578,vítimas,FULL_12_MONTHS,COMPARABLE,separate_victim_indicator
AC,2020,Estupro,102,863657,11.810244113114349,vítimas,FULL_12_MONTHS,COMPARABLE,separate_victim_indicator
AL,2020,Estupro,165,3214823,5.13247541155454,vítimas,FULL_12_MONTHS,COMPARABLE,separate_victim_indicator
AM,2020,Estupro,233,4121226,5.653657431065416,vítimas,FULL_12_MONTHS,COMPARABLE,separate_victim_indicator
AP,2020,Estupro,144,785533,18.33150230480451,vítimas,FULL_12_MONTHS,COMPARABLE,separate_victim_indicator
BA,2020,Estupro,859,14748551,5.824300977092597,vítimas,FULL_12_MONTHS,COMPARABLE,separate_victim_indicator
CE,2020,Estupro,357,9088929,3.927855526212164,vítimas,FULL_12_MONTHS,COMPARABLE,separate_victim_indicator
DF,2020,Estupro,271,2921417,9.276320360975513,vítimas,FULL_12_MONTHS,COMPARABLE,separate_victim_indicator
ES,2020,Estupro,1543,4001467,38.56085780539987,vítimas,FULL_12_MONTHS,COMPARABLE,separate_victim_indicator
GO,2020,Estupro,708,7060290,10.02791670030551,vítimas,FULL_12_MONTHS,COMPARABLE,separate_victim_indicator
MA,2020,Estupro,1418,6970988,20.341449447338025,vítimas,FULL_12_MONTHS,COMPARABLE,separate_victim_indicator
MG,2020,Estupro,1301,21032009,6.18580944882631,vítimas,FULL_12_MONTHS,COMPARABLE,separate_victim_indicator
MS,2020,Estupro,2369,2806866,84.40018155480169,vítimas,FULL_12_MONTHS,COMPARABLE,separate_victim_indicator
MT,2020,Estupro,666,3611987,18.438604568621095,vítimas,FULL_12_MONTHS,COMPARABLE,separate_victim_indicator
PA,2020,Estupro,750,8465192,8.859810858395178,vítimas,FULL_12_MONTHS,COMPARABLE,separate_victim_indicator
PB,2020,Estupro,312,4064935,7.67539948363258,vítimas,FULL_12_MONTHS,COMPARABLE,separate_victim_indicator
PE,2020,Estupro,791,9438962,8.380158750506677,vítimas,FULL_12_MONTHS,COMPARABLE,separate_victim_indicator
PI,2020,Estupro,198,3335863,5.935495552425264,vítimas,FULL_12_MONTHS,COMPARABLE,separate_victim_indicator
PR,2020,Estupro,1338,11560987,11.573406319027951,vítimas,FULL_12_MONTHS,COMPARABLE,separate_victim_indicator
RJ,2020,Estupro,1353,17222305,7.856091272335497,vítimas,FULL_12_MONTHS,COMPARABLE,separate_victim_indicator
RN,2020,Estupro,201,3407618,5.8985484875358685,vítimas,FULL_12_MONTHS,COMPARABLE,separate_victim_indicator
RO,2020,Estupro,1047,1722753,60.77481798029085,vítimas,FULL_12_MONTHS,COMPARABLE,separate_victim_indicator
RR,2020,Estupro,131,640975,20.43761457155115,vítimas,FULL_12_MONTHS,COMPARABLE,separate_victim_indicator
RS,2020,Estupro,1150,11220286,10.249293110710369,vítimas,FULL_12_MONTHS,COMPARABLE,separate_victim_indicator
SC,2020,Estupro,1158,7541975,15.35406839720365,vítimas,FULL_12_MONTHS,COMPARABLE,separate_victim_indicator
SE,2020,Estupro,157,2254218,6.964721247013377,vítimas,FULL_12_MONTHS,COMPARABLE,separate_victim_indicator
SP,2020,Estupro,2932,45523191,6.440673282327682,vítimas,FULL_12_MONTHS,COMPARABLE,separate_victim_indicator
TO,2020,Estupro,166,1537886,10.794038049634368,vítimas,FULL_12_MONTHS,COMPARABLE,separate_victim_indicator
AC,2021,Estupro,145,868346,16.698412844649482,vítimas,FULL_12_MONTHS,COMPARABLE,separate_victim_indicator
AL,2021,Estupro,248,3217819,7.707083586739962,vítimas,FULL_12_MONTHS,COMPARABLE,separate_victim_indicator
AM,2021,Estupro,218,4160013,5.2403682392338675,vítimas,FULL_12_MONTHS,COMPARABLE,separate_victim_indicator
AP,2021,Estupro,185,790871,23.391931174616342,vítimas,FULL_12_MONTHS,COMPARABLE,separate_victim_indicator
BA,2021,Estupro,2978,14788270,20.137582016016747,vítimas,FULL_12_MONTHS,COMPARABLE,separate_victim_indicator
CE,2021,Estupro,363,9129520,3.9761126543345107,vítimas,FULL_12_MONTHS,COMPARABLE,separate_victim_indicator
DF,2021,Estupro,263,2938025,8.951591630432008,vítimas,FULL_12_MONTHS,COMPARABLE,separate_victim_indicator
ES,2021,Estupro,1510,4027541,37.49185917660429,vítimas,FULL_12_MONTHS,COMPARABLE,separate_victim_indicator
GO,2021,Estupro,870,7133954,12.195200585818187,vítimas,FULL_12_MONTHS,COMPARABLE,separate_victim_indicator
MA,2021,Estupro,524,6988154,7.49840372722181,vítimas,FULL_12_MONTHS,COMPARABLE,separate_victim_indicator
MG,2021,Estupro,1270,21117017,6.014107011421168,vítimas,FULL_12_MONTHS,COMPARABLE,separate_victim_indicator
MS,2021,Estupro,2398,2831943,84.67684554385453,vítimas,FULL_12_MONTHS,COMPARABLE,separate_victim_indicator
MT,2021,Estupro,624,3666669,17.018170988436644,vítimas,FULL_12_MONTHS,COMPARABLE,separate_victim_indicator
PA,2021,Estupro,693,8520153,8.13365675475546,vítimas,FULL_12_MONTHS,COMPARABLE,separate_victim_indicator
PB,2021,Estupro,511,4087783,12.500663562620618,vítimas,FULL_12_MONTHS,COMPARABLE,separate_victim_indicator
PE,2021,Estupro,769,9470176,8.120229233332095,vítimas,FULL_12_MONTHS,COMPARABLE,separate_victim_indicator
PI,2021,Estupro,209,3347856,6.242801363021588,vítimas,FULL_12_MONTHS,COMPARABLE,separate_victim_indicator
PR,2021,Estupro,1450,11630298,12.467436345999046,vítimas,FULL_12_MONTHS,COMPARABLE,separate_victim_indicator
RJ,2021,Estupro,1357,17220455,7.880163445158679,vítimas,FULL_12_MONTHS,COMPARABLE,separate_victim_indicator
RN,2021,Estupro,161,3419382,4.708453164928633,vítimas,FULL_12_MONTHS,COMPARABLE,separate_victim_indicator
RO,2021,Estupro,1061,1729622,61.342883011432555,vítimas,FULL_12_MONTHS,COMPARABLE,separate_victim_indicator
RR,2021,Estupro,151,654972,23.054420646989488,vítimas,FULL_12_MONTHS,COMPARABLE,separate_victim_indicator
RS,2021,Estupro,1167,11227789,10.393854034841588,vítimas,FULL_12_MONTHS,COMPARABLE,separate_victim_indicator
SC,2021,Estupro,1535,7671648,20.00873866997026,vítimas,FULL_12_MONTHS,COMPARABLE,separate_victim_indicator
SE,2021,Estupro,175,2264937,7.726484224506024,vítimas,FULL_12_MONTHS,COMPARABLE,separate_victim_indicator
SP,2021,Estupro,2706,45651915,5.927462188606984,vítimas,FULL_12_MONTHS,COMPARABLE,separate_victim_indicator
TO,2021,Estupro,188,1548514,12.140671637453714,vítimas,FULL_12_MONTHS,COMPARABLE,separate_victim_indicator
AC,2022,Estupro,297,872566,34.037539853718805,vítimas,FULL_12_MONTHS,COMPARABLE,separate_victim_indicator
AL,2022,Estupro,247,3218381,7.674666237465359,vítimas,FULL_12_MONTHS,COMPARABLE,separate_victim_indicator
AM,2022,Estupro,278,4199791,6.619377011856066,vítimas,FULL_12_MONTHS,COMPARABLE,separate_victim_indicator
AP,2022,Estupro,162,795457,20.36565144313269,vítimas,FULL_12_MONTHS,COMPARABLE,separate_victim_indicator
BA,2022,Estupro,1180,14811339,7.966869166926771,vítimas,FULL_12_MONTHS,COMPARABLE,separate_victim_indicator
CE,2022,Estupro,397,9162955,4.332663425718014,vítimas,FULL_12_MONTHS,COMPARABLE,separate_victim_indicator
DF,2022,Estupro,252,2952426,8.535353637991266,vítimas,FULL_12_MONTHS,COMPARABLE,separate_victim_indicator
ES,2022,Estupro,1773,4050913,43.76791108572314,vítimas,FULL_12_MONTHS,COMPARABLE,separate_victim_indicator
GO,2022,Estupro,828,7201254,11.497997432113907,vítimas,FULL_12_MONTHS,COMPARABLE,separate_victim_indicator
MA,2022,Estupro,455,6998087,6.501776842728591,vítimas,FULL_12_MONTHS,COMPARABLE,separate_victim_indicator
MG,2022,Estupro,1173,21178401,5.5386617714906805,vítimas,FULL_12_MONTHS,COMPARABLE,separate_victim_indicator
MS,2022,Estupro,2204,2854377,77.21474773654636,vítimas,FULL_12_MONTHS,COMPARABLE,separate_victim_indicator
MT,2022,Estupro,650,3720967,17.46857738861968,vítimas,FULL_12_MONTHS,COMPARABLE,separate_victim_indicator
PA,2022,Estupro,820,8570045,9.568211135414108,vítimas,FULL_12_MONTHS,COMPARABLE,separate_victim_indicator
PB,2022,Estupro,509,4106026,12.396414440629455,vítimas,FULL_12_MONTHS,COMPARABLE,separate_victim_indicator
PE,2022,Estupro,815,9493026,8.585249845518174,vítimas,FULL_12_MONTHS,COMPARABLE,separate_victim_indicator
PI,2022,Estupro,281,3357043,8.370461742670559,vítimas,FULL_12_MONTHS,COMPARABLE,separate_victim_indicator
PR,2022,Estupro,1619,11686692,13.85336415129277,vítimas,FULL_12_MONTHS,COMPARABLE,separate_victim_indicator
RJ,2022,Estupro,1498,17211760,8.70335166188699,vítimas,FULL_12_MONTHS,COMPARABLE,separate_victim_indicator
RN,2022,Estupro,219,3427955,6.388648625784177,vítimas,FULL_12_MONTHS,COMPARABLE,separate_victim_indicator
RO,2022,Estupro,1082,1734648,62.37576730264584,vítimas,FULL_12_MONTHS,COMPARABLE,separate_victim_indicator
RR,2022,Estupro,174,673404,25.83887235597056,vítimas,FULL_12_MONTHS,COMPARABLE,separate_victim_indicator
RS,2022,Estupro,1179,11220506,10.507547520584188,vítimas,FULL_12_MONTHS,COMPARABLE,separate_victim_indicator
SC,2022,Estupro,1574,7796817,20.187725324321452,vítimas,FULL_12_MONTHS,COMPARABLE,separate_victim_indicator
SE,2022,Estupro,195,2273589,8.576748040213072,vítimas,FULL_12_MONTHS,COMPARABLE,separate_victim_indicator
SP,2022,Estupro,3176,45736978,6.944053015483445,vítimas,FULL_12_MONTHS,COMPARABLE,separate_victim_indicator
TO,2022,Estupro,190,1557580,12.198410354524325,vítimas,FULL_12_MONTHS,COMPARABLE,separate_victim_indicator
AC,2023,Estupro,282,876582,32.17040733211496,vítimas,FULL_12_MONTHS,COMPARABLE,separate_victim_indicator
AL,2023,Estupro,245,3218607,7.611988664661451,vítimas,FULL_12_MONTHS,COMPARABLE,separate_victim_indicator
AM,2023,Estupro,295,4240571,6.9566103244115,vítimas,FULL_12_MONTHS,COMPARABLE,separate_victim_indicator
AP,2023,Estupro,170,799124,21.273294257211646,vítimas,FULL_12_MONTHS,COMPARABLE,separate_victim_indicator
BA,2023,Estupro,1264,14828806,8.523949939057804,vítimas,FULL_12_MONTHS,COMPARABLE,separate_victim_indicator
CE,2023,Estupro,363,9196672,3.947079987195368,vítimas,FULL_12_MONTHS,COMPARABLE,separate_victim_indicator
DF,2023,Estupro,327,2967543,11.019216907724672,vítimas,FULL_12_MONTHS,COMPARABLE,separate_victim_indicator
ES,2023,Estupro,457,4076068,11.211785475610318,vítimas,FULL_12_MONTHS,COMPARABLE,separate_victim_indicator
GO,2023,Estupro,795,7274463,10.928641743040002,vítimas,FULL_12_MONTHS,COMPARABLE,separate_victim_indicator
MA,2023,Estupro,397,7003234,5.6688095814019634,vítimas,FULL_12_MONTHS,COMPARABLE,separate_victim_indicator
MG,2023,Estupro,1284,21247401,6.043092046881404,vítimas,FULL_12_MONTHS,COMPARABLE,separate_victim_indicator
MS,2023,Estupro,2723,2878009,94.61401962259326,vítimas,FULL_12_MONTHS,COMPARABLE,separate_victim_indicator
MT,2023,Estupro,660,3778389,17.467762054145297,vítimas,FULL_12_MONTHS,COMPARABLE,separate_victim_indicator
PA,2023,Estupro,948,8616120,11.0026322753165,vítimas,FULL_12_MONTHS,COMPARABLE,separate_victim_indicator
PB,2023,Estupro,575,4124468,13.941191930692638,vítimas,FULL_12_MONTHS,COMPARABLE,separate_victim_indicator
PE,2023,Estupro,856,9514483,8.996810441513217,vítimas,FULL_12_MONTHS,COMPARABLE,separate_victim_indicator
PI,2023,Estupro,306,3365881,9.09123049804791,vítimas,FULL_12_MONTHS,COMPARABLE,separate_victim_indicator
PR,2023,Estupro,1751,11753862,14.897231224936961,vítimas,FULL_12_MONTHS,COMPARABLE,separate_victim_indicator
RJ,2023,Estupro,1598,17213813,9.28324247509834,vítimas,FULL_12_MONTHS,COMPARABLE,separate_victim_indicator
RN,2023,Estupro,249,3436278,7.246212326243686,vítimas,FULL_12_MONTHS,COMPARABLE,separate_victim_indicator
RO,2023,Estupro,1745,1740255,100.27266119045773,vítimas,FULL_12_MONTHS,COMPARABLE,separate_victim_indicator
RR,2023,Estupro,142,695270,20.423720281329555,vítimas,FULL_12_MONTHS,COMPARABLE,separate_victim_indicator
RS,2023,Estupro,1231,11222292,10.969238725921585,vítimas,FULL_12_MONTHS,COMPARABLE,separate_victim_indicator
SC,2023,Estupro,1544,7927212,19.477213426359732,vítimas,FULL_12_MONTHS,COMPARABLE,separate_victim_indicator
SE,2023,Estupro,236,2281994,10.341832625326797,vítimas,FULL_12_MONTHS,COMPARABLE,separate_victim_indicator
SP,2023,Estupro,3430,45850570,7.4808230301171825,vítimas,FULL_12_MONTHS,COMPARABLE,separate_victim_indicator
TO,2023,Estupro,838,1567191,53.47146582643724,vítimas,FULL_12_MONTHS,COMPARABLE,separate_victim_indicator
AC,2024,Estupro,210,880631,23.846537312449822,vítimas,FULL_12_MONTHS,COMPARABLE,separate_victim_indicator
AL,2024,Estupro,303,3220104,9.40963397455486,vítimas,FULL_12_MONTHS,COMPARABLE,separate_victim_indicator
AM,2024,Estupro,390,4281209,9.109576290248853,vítimas,FULL_12_MONTHS,COMPARABLE,separate_victim_indicator
AP,2024,Estupro,174,802837,21.673141621524667,vítimas,FULL_12_MONTHS,COMPARABLE,separate_victim_indicator
BA,2024,Estupro,1294,14850513,8.713503701858649,vítimas,FULL_12_MONTHS,COMPARABLE,separate_victim_indicator
CE,2024,Estupro,349,9233656,3.7796513103802005,vítimas,FULL_12_MONTHS,COMPARABLE,separate_victim_indicator
DF,2024,Estupro,333,2982818,11.163939603422,vítimas,FULL_12_MONTHS,COMPARABLE,separate_victim_indicator
ES,2024,Estupro,1869,4102129,45.56170710379903,vítimas,FULL_12_MONTHS,COMPARABLE,separate_victim_indicator
GO,2024,Estupro,793,7350483,10.788406693818624,vítimas,FULL_12_MONTHS,COMPARABLE,separate_victim_indicator
MA,2024,Estupro,379,7010960,5.405821741958305,vítimas,FULL_12_MONTHS,COMPARABLE,separate_victim_indicator
MG,2024,Estupro,1477,21322691,6.926893045535388,vítimas,FULL_12_MONTHS,COMPARABLE,separate_victim_indicator
MS,2024,Estupro,2315,2901895,79.77545707201674,vítimas,FULL_12_MONTHS,COMPARABLE,separate_victim_indicator
MT,2024,Estupro,675,3836399,17.594624542442013,vítimas,FULL_12_MONTHS,COMPARABLE,separate_victim_indicator
PA,2024,Estupro,893,8664306,10.3066535277032,vítimas,FULL_12_MONTHS,COMPARABLE,separate_victim_indicator
PB,2024,Estupro,256,4145040,6.17605620211144,vítimas,FULL_12_MONTHS,COMPARABLE,separate_victim_indicator
PE,2024,Estupro,786,9539029,8.239832377068987,vítimas,FULL_12_MONTHS,COMPARABLE,separate_victim_indicator
PI,2024,Estupro,252,3375646,7.465237764860415,vítimas,FULL_12_MONTHS,COMPARABLE,separate_victim_indicator
PR,2024,Estupro,1925,11824665,16.27953096345647,vítimas,FULL_12_MONTHS,COMPARABLE,separate_victim_indicator
RJ,2024,Estupro,1634,17219679,9.489143206444208,vítimas,FULL_12_MONTHS,COMPARABLE,separate_victim_indicator
RN,2024,Estupro,261,3446071,7.573842790818878,vítimas,FULL_12_MONTHS,COMPARABLE,separate_victim_indicator
RO,2024,Estupro,1693,1746227,96.95188540779635,vítimas,FULL_12_MONTHS,COMPARABLE,separate_victim_indicator
RR,2024,Estupro,182,716793,25.390872957743728,vítimas,FULL_12_MONTHS,COMPARABLE,separate_victim_indicator
RS,2024,Estupro,1166,11229915,10.382981527464812,vítimas,FULL_12_MONTHS,COMPARABLE,separate_victim_indicator
SC,2024,Estupro,1587,8058441,19.693635530743478,vítimas,FULL_12_MONTHS,COMPARABLE,separate_victim_indicator
SE,2024,Estupro,248,2291077,10.82460345069153,vítimas,FULL_12_MONTHS,COMPARABLE,separate_victim_indicator
SP,2024,Estupro,3537,45973194,7.693613804601003,vítimas,FULL_12_MONTHS,COMPARABLE,separate_victim_indicator
TO,2024,Estupro,241,1577342,15.278867867589907,vítimas,FULL_12_MONTHS,COMPARABLE,separate_victim_indicator
AC,2025,Estupro,123,884372,13.908174388153402,vítimas,FULL_12_MONTHS,COMPARABLE,separate_victim_indicator
AL,2025,Estupro,206,3220848,6.395831159992648,vítimas,FULL_12_MONTHS,COMPARABLE,separate_victim_indicator
AM,2025,Estupro,416,4321616,9.626028781826058,vítimas,FULL_12_MONTHS,COMPARABLE,separate_victim_indicator
AP,2025,Estupro,172,806517,21.32627086595819,vítimas,FULL_12_MONTHS,COMPARABLE,separate_victim_indicator
BA,2025,Estupro,1139,14870907,7.659250373901202,vítimas,FULL_12_MONTHS,COMPARABLE,separate_victim_indicator
CE,2025,Estupro,340,9268836,3.668206018533503,vítimas,FULL_12_MONTHS,COMPARABLE,separate_victim_indicator
DF,2025,Estupro,285,2996899,9.509829994270744,vítimas,FULL_12_MONTHS,COMPARABLE,separate_victim_indicator
ES,2025,Estupro,398,4126854,9.64415024132184,vítimas,FULL_12_MONTHS,COMPARABLE,separate_victim_indicator
GO,2025,Estupro,749,7423629,10.089405060516897,vítimas,FULL_12_MONTHS,COMPARABLE,separate_victim_indicator
MA,2025,Estupro,432,7018211,6.15541482010159,vítimas,FULL_12_MONTHS,COMPARABLE,separate_victim_indicator
MG,2025,Estupro,1369,21393441,6.3991575735759385,vítimas,FULL_12_MONTHS,COMPARABLE,separate_victim_indicator
MS,2025,Estupro,1489,2924631,50.91240570177913,vítimas,FULL_12_MONTHS,COMPARABLE,separate_victim_indicator
MT,2025,Estupro,670,3893659,17.20746475230625,vítimas,FULL_12_MONTHS,COMPARABLE,separate_victim_indicator
PA,2025,Estupro,782,8711196,8.97695333683228,vítimas,FULL_12_MONTHS,COMPARABLE,separate_victim_indicator
PB,2025,Estupro,270,4164468,6.483421171683874,vítimas,FULL_12_MONTHS,COMPARABLE,separate_victim_indicator
PE,2025,Estupro,698,9562007,7.299722746490355,vítimas,FULL_12_MONTHS,COMPARABLE,separate_victim_indicator
PI,2025,Estupro,283,3384547,8.361532577328665,vítimas,FULL_12_MONTHS,COMPARABLE,separate_victim_indicator
PR,2025,Estupro,1512,11890584,12.715943977183963,vítimas,FULL_12_MONTHS,COMPARABLE,separate_victim_indicator
RJ,2025,Estupro,1663,17223547,9.655386315025586,vítimas,FULL_12_MONTHS,COMPARABLE,separate_victim_indicator
RN,2025,Estupro,311,3455236,9.00083235993142,vítimas,FULL_12_MONTHS,COMPARABLE,separate_victim_indicator
RO,2025,Estupro,287,1751950,16.38174605439653,vítimas,FULL_12_MONTHS,COMPARABLE,separate_victim_indicator
RR,2025,Estupro,141,738772,19.085726042676225,vítimas,FULL_12_MONTHS,COMPARABLE,separate_victim_indicator
RS,2025,Estupro,1035,11233263,9.21370753983059,vítimas,FULL_12_MONTHS,COMPARABLE,separate_victim_indicator
SC,2025,Estupro,1180,8186962,14.413160828155792,vítimas,FULL_12_MONTHS,COMPARABLE,separate_victim_indicator
SE,2025,Estupro,263,2299425,11.437642019200453,vítimas,FULL_12_MONTHS,COMPARABLE,separate_victim_indicator
SP,2025,Estupro,3491,46081801,7.575658772537992,vítimas,FULL_12_MONTHS,COMPARABLE,separate_victim_indicator
TO,2025,Estupro,173,1586859,10.902039815761828,vítimas,FULL_12_MONTHS,COMPARABLE,separate_victim_indicator
AC,2015,Estupro de vulnerável,0,826677,0.0,vítimas,FULL_12_MONTHS,COMPARABLE,separate_victim_indicator
AL,2015,Estupro de vulnerável,472,3181178,14.837270973205523,vítimas,FULL_12_MONTHS,COMPARABLE,separate_victim_indicator
AM,2015,Estupro de vulnerável,598,3859110,15.495800845272615,vítimas,FULL_12_MONTHS,COMPARABLE,separate_victim_indicator
AP,2015,Estupro de vulnerável,0,747050,0.0,vítimas,FULL_12_MONTHS,COMPARABLE,separate_victim_indicator
BA,2015,Estupro de vulnerável,1745,14470447,12.059060787825006,vítimas,FULL_12_MONTHS,COMPARABLE,separate_victim_indicator
CE,2015,Estupro de vulnerável,1061,8816218,12.034638889374106,vítimas,FULL_12_MONTHS,COMPARABLE,separate_victim_indicator
DF,2015,Estupro de vulnerável,0,2794821,0.0,vítimas,FULL_12_MONTHS,COMPARABLE,separate_victim_indicator
ES,2015,Estupro de vulnerável,0,3834033,0.0,vítimas,FULL_12_MONTHS,COMPARABLE,separate_victim_indicator
GO,2015,Estupro de vulnerável,0,6630429,0.0,vítimas,FULL_12_MONTHS,COMPARABLE,separate_victim_indicator
MA,2015,Estupro de vulnerável,0,6831416,0.0,vítimas,FULL_12_MONTHS,COMPARABLE,separate_victim_indicator
MG,2015,Estupro de vulnerável,2949,20470203,14.406305594526835,vítimas,FULL_12_MONTHS,COMPARABLE,separate_victim_indicator
MS,2015,Estupro de vulnerável,0,2652939,0.0,vítimas,FULL_12_MONTHS,COMPARABLE,separate_victim_indicator
MT,2015,Estupro de vulnerável,1003,3327512,30.142641108431764,vítimas,FULL_12_MONTHS,COMPARABLE,separate_victim_indicator
PA,2015,Estupro de vulnerável,2166,8131409,26.637449917966247,vítimas,FULL_12_MONTHS,COMPARABLE,separate_victim_indicator
PB,2015,Estupro de vulnerável,0,3932039,0.0,vítimas,FULL_12_MONTHS,COMPARABLE,separate_victim_indicator
PE,2015,Estupro de vulnerável,1524,9213107,16.5416509327418,vítimas,FULL_12_MONTHS,COMPARABLE,separate_victim_indicator
PI,2015,Estupro de vulnerável,410,3255812,12.592864698575962,vítimas,FULL_12_MONTHS,COMPARABLE,separate_victim_indicator
PR,2015,Estupro de vulnerável,3378,11101864,30.427322835156332,vítimas,FULL_12_MONTHS,COMPARABLE,separate_victim_indicator
RJ,2015,Estupro de vulnerável,0,16971856,0.0,vítimas,FULL_12_MONTHS,COMPARABLE,separate_victim_indicator
RN,2015,Estupro de vulnerável,116,3322012,3.491859752463266,vítimas,FULL_12_MONTHS,COMPARABLE,separate_victim_indicator
RO,2015,Estupro de vulnerável,0,1666906,0.0,vítimas,FULL_12_MONTHS,COMPARABLE,separate_victim_indicator
RR,2015,Estupro de vulnerável,106,534380,19.836071709270556,vítimas,FULL_12_MONTHS,COMPARABLE,separate_victim_indicator
RS,2015,Estupro de vulnerável,2569,11070711,23.20537497546454,vítimas,FULL_12_MONTHS,COMPARABLE,separate_victim_indicator
SC,2015,Estupro de vulnerável,1077,6889914,15.631544893013178,vítimas,FULL_12_MONTHS,COMPARABLE,separate_victim_indicator
SE,2015,Estupro de vulnerável,322,2182252,14.755399468072431,vítimas,FULL_12_MONTHS,COMPARABLE,separate_victim_indicator
SP,2015,Estupro de vulnerável,0,44217931,0.0,vítimas,FULL_12_MONTHS,COMPARABLE,separate_victim_indicator
TO,2015,Estupro de vulnerável,0,1471416,0.0,vítimas,FULL_12_MONTHS,COMPARABLE,separate_victim_indicator
AC,2016,Estupro de vulnerável,0,836294,0.0,vítimas,FULL_12_MONTHS,COMPARABLE,separate_victim_indicator
AL,2016,Estupro de vulnerável,500,3187906,15.684276763493026,vítimas,FULL_12_MONTHS,COMPARABLE,separate_victim_indicator
AM,2016,Estupro de vulnerável,673,3914566,17.192199595050894,vítimas,FULL_12_MONTHS,COMPARABLE,separate_victim_indicator
AP,2016,Estupro de vulnerável,0,756948,0.0,vítimas,FULL_12_MONTHS,COMPARABLE,separate_victim_indicator
BA,2016,Estupro de vulnerável,1987,14527076,13.677907377919686,vítimas,FULL_12_MONTHS,COMPARABLE,separate_victim_indicator
CE,2016,Estupro de vulnerável,1143,8873158,12.881546795402494,vítimas,FULL_12_MONTHS,COMPARABLE,separate_victim_indicator
DF,2016,Estupro de vulnerável,0,2823570,0.0,vítimas,FULL_12_MONTHS,COMPARABLE,separate_victim_indicator
ES,2016,Estupro de vulnerável,0,3870870,0.0,vítimas,FULL_12_MONTHS,COMPARABLE,separate_victim_indicator
GO,2016,Estupro de vulnerável,1559,6720503,23.19766838880959,vítimas,FULL_12_MONTHS,COMPARABLE,separate_victim_indicator
MA,2016,Estupro de vulnerável,0,6863878,0.0,vítimas,FULL_12_MONTHS,COMPARABLE,separate_victim_indicator
MG,2016,Estupro de vulnerável,3224,20588168,15.659479755556687,vítimas,FULL_12_MONTHS,COMPARABLE,separate_victim_indicator
MS,2016,Estupro de vulnerável,0,2684756,0.0,vítimas,FULL_12_MONTHS,COMPARABLE,separate_victim_indicator
MT,2016,Estupro de vulnerável,1298,3380091,38.401332981863504,vítimas,FULL_12_MONTHS,COMPARABLE,separate_victim_indicator
PA,2016,Estupro de vulnerável,1954,8207830,23.806535954082868,vítimas,FULL_12_MONTHS,COMPARABLE,separate_victim_indicator
PB,2016,Estupro de vulnerável,0,3957455,0.0,vítimas,FULL_12_MONTHS,COMPARABLE,separate_victim_indicator
PE,2016,Estupro de vulnerável,1560,9262684,16.841770700587432,vítimas,FULL_12_MONTHS,COMPARABLE,separate_victim_indicator
PI,2016,Estupro de vulnerável,572,3271094,17.486504515003237,vítimas,FULL_12_MONTHS,COMPARABLE,separate_victim_indicator
PR,2016,Estupro de vulnerável,3724,11195664,33.2628774854265,vítimas,FULL_12_MONTHS,COMPARABLE,separate_victim_indicator
RJ,2016,Estupro de vulnerável,0,17043727,0.0,vítimas,FULL_12_MONTHS,COMPARABLE,separate_victim_indicator
RN,2016,Estupro de vulnerável,163,3342283,4.8769059950937725,vítimas,FULL_12_MONTHS,COMPARABLE,separate_victim_indicator
RO,2016,Estupro de vulnerável,0,1680084,0.0,vítimas,FULL_12_MONTHS,COMPARABLE,separate_victim_indicator
RR,2016,Estupro de vulnerável,118,548233,21.523695217179558,vítimas,FULL_12_MONTHS,COMPARABLE,separate_victim_indicator
RS,2016,Estupro de vulnerável,2945,11109776,26.50818522353646,vítimas,FULL_12_MONTHS,COMPARABLE,separate_victim_indicator
SC,2016,Estupro de vulnerável,1248,7011473,17.799398214897213,vítimas,FULL_12_MONTHS,COMPARABLE,separate_victim_indicator
SE,2016,Estupro de vulnerável,378,2198312,17.195011445145184,vítimas,FULL_12_MONTHS,COMPARABLE,separate_victim_indicator
SP,2016,Estupro de vulnerável,2957,44530110,6.640450697292237,vítimas,FULL_12_MONTHS,COMPARABLE,separate_victim_indicator
TO,2016,Estupro de vulnerável,0,1485416,0.0,vítimas,FULL_12_MONTHS,COMPARABLE,separate_victim_indicator
AC,2017,Estupro de vulnerável,0,844496,0.0,vítimas,FULL_12_MONTHS,COMPARABLE,separate_victim_indicator
AL,2017,Estupro de vulnerável,573,3193155,17.9446346951526,vítimas,FULL_12_MONTHS,COMPARABLE,separate_victim_indicator
AM,2017,Estupro de vulnerável,666,3966332,16.791332646888865,vítimas,FULL_12_MONTHS,COMPARABLE,separate_victim_indicator
AP,2017,Estupro de vulnerável,0,765558,0.0,vítimas,FULL_12_MONTHS,COMPARABLE,separate_victim_indicator
BA,2017,Estupro de vulnerável,2460,14578692,16.873941777492796,vítimas,FULL_12_MONTHS,COMPARABLE,separate_victim_indicator
CE,2017,Estupro de vulnerável,1224,8924184,13.71553970648745,vítimas,FULL_12_MONTHS,COMPARABLE,separate_victim_indicator
DF,2017,Estupro de vulnerável,0,2850314,0.0,vítimas,FULL_12_MONTHS,COMPARABLE,separate_victim_indicator
ES,2017,Estupro de vulnerável,0,3904551,0.0,vítimas,FULL_12_MONTHS,COMPARABLE,separate_victim_indicator
GO,2017,Estupro de vulnerável,2356,6805532,34.61889533397242,vítimas,FULL_12_MONTHS,COMPARABLE,separate_victim_indicator
MA,2017,Estupro de vulnerável,0,6890375,0.0,vítimas,FULL_12_MONTHS,COMPARABLE,separate_victim_indicator
MG,2017,Estupro de vulnerável,3766,20695003,18.197629640353277,vítimas,FULL_12_MONTHS,COMPARABLE,separate_victim_indicator
MS,2017,Estupro de vulnerável,0,2715557,0.0,vítimas,FULL_12_MONTHS,COMPARABLE,separate_victim_indicator
MT,2017,Estupro de vulnerável,1374,3433278,40.02006245925905,vítimas,FULL_12_MONTHS,COMPARABLE,separate_victim_indicator
PA,2017,Estupro de vulnerável,2398,8275842,28.975903599899564,vítimas,FULL_12_MONTHS,COMPARABLE,separate_victim_indicator
PB,2017,Estupro de vulnerável,0,3981512,0.0,vítimas,FULL_12_MONTHS,COMPARABLE,separate_victim_indicator
PE,2017,Estupro de vulnerável,1577,9304183,16.949365677781703,vítimas,FULL_12_MONTHS,COMPARABLE,separate_victim_indicator
PI,2017,Estupro de vulnerável,717,3285746,21.8215285052466,vítimas,FULL_12_MONTHS,COMPARABLE,separate_victim_indicator
PR,2017,Estupro de vulnerável,4129,11285193,36.5877659336442,vítimas,FULL_12_MONTHS,COMPARABLE,separate_victim_indicator
RJ,2017,Estupro de vulnerável,0,17100398,0.0,vítimas,FULL_12_MONTHS,COMPARABLE,separate_victim_indicator
RN,2017,Estupro de vulnerável,133,3359217,3.959255981378994,vítimas,FULL_12_MONTHS,COMPARABLE,separate_victim_indicator
RO,2017,Estupro de vulnerável,0,1691568,0.0,vítimas,FULL_12_MONTHS,COMPARABLE,separate_victim_indicator
RR,2017,Estupro de vulnerável,204,564013,36.169379074595795,vítimas,FULL_12_MONTHS,COMPARABLE,separate_victim_indicator
RS,2017,Estupro de vulnerável,3360,11141074,30.158672314715798,vítimas,FULL_12_MONTHS,COMPARABLE,separate_victim_indicator
SC,2017,Estupro de vulnerável,1242,7135459,17.406028119564557,vítimas,FULL_12_MONTHS,COMPARABLE,separate_victim_indicator
SE,2017,Estupro de vulnerável,395,2212722,17.85131616172298,vítimas,FULL_12_MONTHS,COMPARABLE,separate_victim_indicator
SP,2017,Estupro de vulnerável,9428,44809066,21.040384997089653,vítimas,FULL_12_MONTHS,COMPARABLE,separate_victim_indicator
TO,2017,Estupro de vulnerável,0,1498537,0.0,vítimas,FULL_12_MONTHS,COMPARABLE,separate_victim_indicator
AC,2018,Estupro de vulnerável,213,851504,25.0145624682914,vítimas,FULL_12_MONTHS,COMPARABLE,separate_victim_indicator
AL,2018,Estupro de vulnerável,591,3200128,18.46801127954882,vítimas,FULL_12_MONTHS,COMPARABLE,separate_victim_indicator
AM,2018,Estupro de vulnerável,701,4018483,17.444393817268853,vítimas,FULL_12_MONTHS,COMPARABLE,separate_victim_indicator
AP,2018,Estupro de vulnerável,0,772784,0.0,vítimas,FULL_12_MONTHS,COMPARABLE,separate_victim_indicator
BA,2018,Estupro de vulnerável,2420,14632652,16.53835545326985,vítimas,FULL_12_MONTHS,COMPARABLE,separate_victim_indicator
CE,2018,Estupro de vulnerável,1322,8976628,14.727133618548079,vítimas,FULL_12_MONTHS,COMPARABLE,separate_victim_indicator
DF,2018,Estupro de vulnerável,538,2875413,18.710355694990596,vítimas,FULL_12_MONTHS,COMPARABLE,separate_victim_indicator
ES,2018,Estupro de vulnerável,0,3937119,0.0,vítimas,FULL_12_MONTHS,COMPARABLE,separate_victim_indicator
GO,2018,Estupro de vulnerável,2786,6888446,40.44453567611621,vítimas,FULL_12_MONTHS,COMPARABLE,separate_victim_indicator
MA,2018,Estupro de vulnerável,0,6917016,0.0,vítimas,FULL_12_MONTHS,COMPARABLE,separate_victim_indicator
MG,2018,Estupro de vulnerável,4126,20801238,19.83535787629563,vítimas,FULL_12_MONTHS,COMPARABLE,separate_victim_indicator
MS,2018,Estupro de vulnerável,0,2746161,0.0,vítimas,FULL_12_MONTHS,COMPARABLE,separate_victim_indicator
MT,2018,Estupro de vulnerável,1553,3490648,44.490306670853094,vítimas,FULL_12_MONTHS,COMPARABLE,separate_victim_indicator
PA,2018,Estupro de vulnerável,2753,8339467,33.01170206681074,vítimas,FULL_12_MONTHS,COMPARABLE,separate_victim_indicator
PB,2018,Estupro de vulnerável,0,4008413,0.0,vítimas,FULL_12_MONTHS,COMPARABLE,separate_victim_indicator
PE,2018,Estupro de vulnerável,1996,9348293,21.351491657353915,vítimas,FULL_12_MONTHS,COMPARABLE,separate_victim_indicator
PI,2018,Estupro de vulnerável,706,3302227,21.379511463021775,vítimas,FULL_12_MONTHS,COMPARABLE,separate_victim_indicator
PR,2018,Estupro de vulnerável,5452,11373980,47.9339685844357,vítimas,FULL_12_MONTHS,COMPARABLE,separate_victim_indicator
RJ,2018,Estupro de vulnerável,3607,17148943,21.03336631301416,vítimas,FULL_12_MONTHS,COMPARABLE,separate_victim_indicator
RN,2018,Estupro de vulnerável,234,3375511,6.932283734225722,vítimas,FULL_12_MONTHS,COMPARABLE,separate_victim_indicator
RO,2018,Estupro de vulnerável,0,1701892,0.0,vítimas,FULL_12_MONTHS,COMPARABLE,separate_victim_indicator
RR,2018,Estupro de vulnerável,228,587497,38.808708810427966,vítimas,FULL_12_MONTHS,COMPARABLE,separate_victim_indicator
RS,2018,Estupro de vulnerável,3216,11167531,28.797770966563693,vítimas,FULL_12_MONTHS,COMPARABLE,separate_victim_indicator
SC,2018,Estupro de vulnerável,1759,7266127,24.208219867337853,vítimas,FULL_12_MONTHS,COMPARABLE,separate_victim_indicator
SE,2018,Estupro de vulnerável,331,2227068,14.86259063486162,vítimas,FULL_12_MONTHS,COMPARABLE,separate_victim_indicator
SP,2018,Estupro de vulnerável,9923,45062167,22.02068977286423,vítimas,FULL_12_MONTHS,COMPARABLE,separate_victim_indicator
TO,2018,Estupro de vulnerável,0,1511702,0.0,vítimas,FULL_12_MONTHS,COMPARABLE,separate_victim_indicator
AC,2019,Estupro de vulnerável,238,857919,27.74154669613332,vítimas,FULL_12_MONTHS,COMPARABLE,separate_victim_indicator
AL,2019,Estupro de vulnerável,598,3208704,18.636807882559438,vítimas,FULL_12_MONTHS,COMPARABLE,separate_victim_indicator
AM,2019,Estupro de vulnerável,709,4073280,17.406119883730064,vítimas,FULL_12_MONTHS,COMPARABLE,separate_victim_indicator
AP,2019,Estupro de vulnerável,435,779468,55.80729420579164,vítimas,FULL_12_MONTHS,COMPARABLE,separate_victim_indicator
BA,2019,Estupro de vulnerável,2469,14693250,16.803634321882498,vítimas,FULL_12_MONTHS,COMPARABLE,separate_victim_indicator
CE,2019,Estupro de vulnerável,1479,9035631,16.36853032178937,vítimas,FULL_12_MONTHS,COMPARABLE,separate_victim_indicator
DF,2019,Estupro de vulnerável,462,2899708,15.9326387346588,vítimas,FULL_12_MONTHS,COMPARABLE,separate_victim_indicator
ES,2019,Estupro de vulnerável,0,3970009,0.0,vítimas,FULL_12_MONTHS,COMPARABLE,separate_victim_indicator
GO,2019,Estupro de vulnerável,2824,6974736,40.48898768354817,vítimas,FULL_12_MONTHS,COMPARABLE,separate_victim_indicator
MA,2019,Estupro de vulnerável,0,6946725,0.0,vítimas,FULL_12_MONTHS,COMPARABLE,separate_victim_indicator
MG,2019,Estupro de vulnerável,4055,20916751,19.38637601987039,vítimas,FULL_12_MONTHS,COMPARABLE,separate_victim_indicator
MS,2019,Estupro de vulnerável,0,2777028,0.0,vítimas,FULL_12_MONTHS,COMPARABLE,separate_victim_indicator
MT,2019,Estupro de vulnerável,1554,3551996,43.750049268073504,vítimas,FULL_12_MONTHS,COMPARABLE,separate_victim_indicator
PA,2019,Estupro de vulnerável,2742,8404430,32.62565099596284,vítimas,FULL_12_MONTHS,COMPARABLE,separate_victim_indicator
PB,2019,Estupro de vulnerável,0,4037810,0.0,vítimas,FULL_12_MONTHS,COMPARABLE,separate_victim_indicator
PE,2019,Estupro de vulnerável,1945,9396505,20.699185495032463,vítimas,FULL_12_MONTHS,COMPARABLE,separate_victim_indicator
PI,2019,Estupro de vulnerável,767,3320228,23.10082319647928,vítimas,FULL_12_MONTHS,COMPARABLE,separate_victim_indicator
PR,2019,Estupro de vulnerável,5685,11468227,49.57174286836143,vítimas,FULL_12_MONTHS,COMPARABLE,separate_victim_indicator
RJ,2019,Estupro de vulnerável,3822,17193919,22.228789143417508,vítimas,FULL_12_MONTHS,COMPARABLE,separate_victim_indicator
RN,2019,Estupro de vulnerável,344,3392434,10.14021201296768,vítimas,FULL_12_MONTHS,COMPARABLE,separate_victim_indicator
RO,2019,Estupro de vulnerável,0,1712560,0.0,vítimas,FULL_12_MONTHS,COMPARABLE,separate_victim_indicator
RR,2019,Estupro de vulnerável,229,618125,37.04752275025278,vítimas,FULL_12_MONTHS,COMPARABLE,separate_victim_indicator
RS,2019,Estupro de vulnerável,3794,11194346,33.89210946311647,vítimas,FULL_12_MONTHS,COMPARABLE,separate_victim_indicator
SC,2019,Estupro de vulnerável,3078,7403723,41.573678539837324,vítimas,FULL_12_MONTHS,COMPARABLE,separate_victim_indicator
SE,2019,Estupro de vulnerável,619,2241300,27.617900325703832,vítimas,FULL_12_MONTHS,COMPARABLE,separate_victim_indicator
SP,2019,Estupro de vulnerável,10676,45306139,23.564135535804542,vítimas,FULL_12_MONTHS,COMPARABLE,separate_victim_indicator
TO,2019,Estupro de vulnerável,0,1525148,0.0,vítimas,FULL_12_MONTHS,COMPARABLE,separate_victim_indicator
AC,2020,Estupro de vulnerável,300,863657,34.73601209739515,vítimas,FULL_12_MONTHS,COMPARABLE,separate_victim_indicator
AL,2020,Estupro de vulnerável,690,3214823,21.46307899377353,vítimas,FULL_12_MONTHS,COMPARABLE,separate_victim_indicator
AM,2020,Estupro de vulnerável,665,4121226,16.135975071495714,vítimas,FULL_12_MONTHS,COMPARABLE,separate_victim_indicator
AP,2020,Estupro de vulnerável,400,785533,50.92083973556808,vítimas,FULL_12_MONTHS,COMPARABLE,separate_victim_indicator
BA,2020,Estupro de vulnerável,2273,14748551,15.411683493517431,vítimas,FULL_12_MONTHS,COMPARABLE,separate_victim_indicator
CE,2020,Estupro de vulnerável,1455,9088929,16.008486808511762,vítimas,FULL_12_MONTHS,COMPARABLE,separate_victim_indicator
DF,2020,Estupro de vulnerável,478,2921417,16.361922998325813,vítimas,FULL_12_MONTHS,COMPARABLE,separate_victim_indicator
ES,2020,Estupro de vulnerável,0,4001467,0.0,vítimas,FULL_12_MONTHS,COMPARABLE,separate_victim_indicator
GO,2020,Estupro de vulnerável,2594,7060290,36.74070045281426,vítimas,FULL_12_MONTHS,COMPARABLE,separate_victim_indicator
MA,2020,Estupro de vulnerável,0,6970988,0.0,vítimas,FULL_12_MONTHS,COMPARABLE,separate_victim_indicator
MG,2020,Estupro de vulnerável,3598,21032009,17.107257799290597,vítimas,FULL_12_MONTHS,COMPARABLE,separate_victim_indicator
MS,2020,Estupro de vulnerável,0,2806866,0.0,vítimas,FULL_12_MONTHS,COMPARABLE,separate_victim_indicator
MT,2020,Estupro de vulnerável,1291,3611987,35.74209984698173,vítimas,FULL_12_MONTHS,COMPARABLE,separate_victim_indicator
PA,2020,Estupro de vulnerável,2550,8465192,30.123356918543607,vítimas,FULL_12_MONTHS,COMPARABLE,separate_victim_indicator
PB,2020,Estupro de vulnerável,0,4064935,0.0,vítimas,FULL_12_MONTHS,COMPARABLE,separate_victim_indicator
PE,2020,Estupro de vulnerável,1893,9438962,20.0551713207448,vítimas,FULL_12_MONTHS,COMPARABLE,separate_victim_indicator
PI,2020,Estupro de vulnerável,709,3335863,21.25387043772481,vítimas,FULL_12_MONTHS,COMPARABLE,separate_victim_indicator
PR,2020,Estupro de vulnerável,4953,11560987,42.84236285362141,vítimas,FULL_12_MONTHS,COMPARABLE,separate_victim_indicator
RJ,2020,Estupro de vulnerável,3393,17222305,19.701195629737136,vítimas,FULL_12_MONTHS,COMPARABLE,separate_victim_indicator
RN,2020,Estupro de vulnerável,506,3407618,14.84908226215497,vítimas,FULL_12_MONTHS,COMPARABLE,separate_victim_indicator
RO,2020,Estupro de vulnerável,0,1722753,0.0,vítimas,FULL_12_MONTHS,COMPARABLE,separate_victim_indicator
RR,2020,Estupro de vulnerável,303,640975,47.271734467022895,vítimas,FULL_12_MONTHS,COMPARABLE,separate_victim_indicator
RS,2020,Estupro de vulnerável,3552,11220286,31.656947068907158,vítimas,FULL_12_MONTHS,COMPARABLE,separate_victim_indicator
SC,2020,Estupro de vulnerável,2712,7541975,35.95875085769974,vítimas,FULL_12_MONTHS,COMPARABLE,separate_victim_indicator
SE,2020,Estupro de vulnerável,514,2254218,22.80169885964889,vítimas,FULL_12_MONTHS,COMPARABLE,separate_victim_indicator
SP,2020,Estupro de vulnerável,9697,45523191,21.301230838585106,vítimas,FULL_12_MONTHS,COMPARABLE,separate_victim_indicator
TO,2020,Estupro de vulnerável,780,1537886,50.71897396816149,vítimas,FULL_12_MONTHS,COMPARABLE,separate_victim_indicator
AC,2021,Estupro de vulnerável,489,868346,56.313957800231705,vítimas,FULL_12_MONTHS,COMPARABLE,separate_victim_indicator
AL,2021,Estupro de vulnerável,686,3217819,21.318787663321025,vítimas,FULL_12_MONTHS,COMPARABLE,separate_victim_indicator
AM,2021,Estupro de vulnerável,549,4160013,13.197074143758686,vítimas,FULL_12_MONTHS,COMPARABLE,separate_victim_indicator
AP,2021,Estupro de vulnerável,478,790871,60.43969244036006,vítimas,FULL_12_MONTHS,COMPARABLE,separate_victim_indicator
BA,2021,Estupro de vulnerável,1123,14788270,7.593856482198391,vítimas,FULL_12_MONTHS,COMPARABLE,separate_victim_indicator
CE,2021,Estupro de vulnerável,1566,9129520,17.153147153410035,vítimas,FULL_12_MONTHS,COMPARABLE,separate_victim_indicator
DF,2021,Estupro de vulnerável,469,2938025,15.963104466435786,vítimas,FULL_12_MONTHS,COMPARABLE,separate_victim_indicator
ES,2021,Estupro de vulnerável,0,4027541,0.0,vítimas,FULL_12_MONTHS,COMPARABLE,separate_victim_indicator
GO,2021,Estupro de vulnerável,2690,7133954,37.70699951247233,vítimas,FULL_12_MONTHS,COMPARABLE,separate_victim_indicator
MA,2021,Estupro de vulnerável,1492,6988154,21.35041671949416,vítimas,FULL_12_MONTHS,COMPARABLE,separate_victim_indicator
MG,2021,Estupro de vulnerável,3808,21117017,18.032849999599847,vítimas,FULL_12_MONTHS,COMPARABLE,separate_victim_indicator
MS,2021,Estupro de vulnerável,147,2831943,5.190782441595752,vítimas,FULL_12_MONTHS,COMPARABLE,separate_victim_indicator
MT,2021,Estupro de vulnerável,1372,3666669,37.418158006626726,vítimas,FULL_12_MONTHS,COMPARABLE,separate_victim_indicator
PA,2021,Estupro de vulnerável,2985,8520153,35.03458212546183,vítimas,FULL_12_MONTHS,COMPARABLE,separate_victim_indicator
PB,2021,Estupro de vulnerável,0,4087783,0.0,vítimas,FULL_12_MONTHS,COMPARABLE,separate_victim_indicator
PE,2021,Estupro de vulnerável,1988,9470176,20.99221809605228,vítimas,FULL_12_MONTHS,COMPARABLE,separate_victim_indicator
PI,2021,Estupro de vulnerável,942,3347856,28.13741092806859,vítimas,FULL_12_MONTHS,COMPARABLE,separate_victim_indicator
PR,2021,Estupro de vulnerável,5111,11630298,43.945563561655945,vítimas,FULL_12_MONTHS,COMPARABLE,separate_victim_indicator
RJ,2021,Estupro de vulnerável,3753,17220455,21.793849233368107,vítimas,FULL_12_MONTHS,COMPARABLE,separate_victim_indicator
RN,2021,Estupro de vulnerável,600,3419382,17.547030428305465,vítimas,FULL_12_MONTHS,COMPARABLE,separate_victim_indicator
RO,2021,Estupro de vulnerável,0,1729622,0.0,vítimas,FULL_12_MONTHS,COMPARABLE,separate_victim_indicator
RR,2021,Estupro de vulnerável,473,654972,72.21682758957635,vítimas,FULL_12_MONTHS,COMPARABLE,separate_victim_indicator
RS,2021,Estupro de vulnerável,3898,11227789,34.717431900439166,vítimas,FULL_12_MONTHS,COMPARABLE,separate_victim_indicator
SC,2021,Estupro de vulnerável,2858,7671648,37.254055451970686,vítimas,FULL_12_MONTHS,COMPARABLE,separate_victim_indicator
SE,2021,Estupro de vulnerável,719,2264937,31.74481232811332,vítimas,FULL_12_MONTHS,COMPARABLE,separate_victim_indicator
SP,2021,Estupro de vulnerável,9802,45651915,21.471169391251166,vítimas,FULL_12_MONTHS,COMPARABLE,separate_victim_indicator
TO,2021,Estupro de vulnerável,855,1548514,55.214224734164496,vítimas,FULL_12_MONTHS,COMPARABLE,separate_victim_indicator
AC,2022,Estupro de vulnerável,443,872566,50.769798502348245,vítimas,FULL_12_MONTHS,COMPARABLE,separate_victim_indicator
AL,2022,Estupro de vulnerável,857,3218381,26.628295406914223,vítimas,FULL_12_MONTHS,COMPARABLE,separate_victim_indicator
AM,2022,Estupro de vulnerável,686,4199791,16.334146151558492,vítimas,FULL_12_MONTHS,COMPARABLE,separate_victim_indicator
AP,2022,Estupro de vulnerável,551,795457,69.26835768621056,vítimas,FULL_12_MONTHS,COMPARABLE,separate_victim_indicator
BA,2022,Estupro de vulnerável,3709,14811339,25.041625203501184,vítimas,FULL_12_MONTHS,COMPARABLE,separate_victim_indicator
CE,2022,Estupro de vulnerável,1500,9162955,16.37026483268771,vítimas,FULL_12_MONTHS,COMPARABLE,separate_victim_indicator
DF,2022,Estupro de vulnerável,623,2952426,21.101290938367296,vítimas,FULL_12_MONTHS,COMPARABLE,separate_victim_indicator
ES,2022,Estupro de vulnerável,0,4050913,0.0,vítimas,FULL_12_MONTHS,COMPARABLE,separate_victim_indicator
GO,2022,Estupro de vulnerável,3290,7201254,45.68648738122555,vítimas,FULL_12_MONTHS,COMPARABLE,separate_victim_indicator
MA,2022,Estupro de vulnerável,1646,6998087,23.520713589299476,vítimas,FULL_12_MONTHS,COMPARABLE,separate_victim_indicator
MG,2022,Estupro de vulnerável,3643,21178401,17.20148749662451,vítimas,FULL_12_MONTHS,COMPARABLE,separate_victim_indicator
MS,2022,Estupro de vulnerável,0,2854377,0.0,vítimas,FULL_12_MONTHS,COMPARABLE,separate_victim_indicator
MT,2022,Estupro de vulnerável,1552,3720967,41.709587857134984,vítimas,FULL_12_MONTHS,COMPARABLE,separate_victim_indicator
PA,2022,Estupro de vulnerável,3735,8570045,43.58203486679475,vítimas,FULL_12_MONTHS,COMPARABLE,separate_victim_indicator
PB,2022,Estupro de vulnerável,0,4106026,0.0,vítimas,FULL_12_MONTHS,COMPARABLE,separate_victim_indicator
PE,2022,Estupro de vulnerável,2083,9493026,21.94242383829982,vítimas,FULL_12_MONTHS,COMPARABLE,separate_victim_indicator
PI,2022,Estupro de vulnerável,1056,3357043,31.45625480519612,vítimas,FULL_12_MONTHS,COMPARABLE,separate_victim_indicator
PR,2022,Estupro de vulnerável,5566,11686692,47.62682202970695,vítimas,FULL_12_MONTHS,COMPARABLE,separate_victim_indicator
RJ,2022,Estupro de vulnerável,4129,17211760,23.989411890474884,vítimas,FULL_12_MONTHS,COMPARABLE,separate_victim_indicator
RN,2022,Estupro de vulnerável,763,3427955,22.258168499878206,vítimas,FULL_12_MONTHS,COMPARABLE,separate_victim_indicator
RO,2022,Estupro de vulnerável,0,1734648,0.0,vítimas,FULL_12_MONTHS,COMPARABLE,separate_victim_indicator
RR,2022,Estupro de vulnerável,603,673404,89.54505764741522,vítimas,FULL_12_MONTHS,COMPARABLE,separate_victim_indicator
RS,2022,Estupro de vulnerável,4576,11220506,40.78247451585517,vítimas,FULL_12_MONTHS,COMPARABLE,separate_victim_indicator
SC,2022,Estupro de vulnerável,3303,7796817,42.363441388966805,vítimas,FULL_12_MONTHS,COMPARABLE,separate_victim_indicator
SE,2022,Estupro de vulnerável,789,2273589,34.702842070400585,vítimas,FULL_12_MONTHS,COMPARABLE,separate_victim_indicator
SP,2022,Estupro de vulnerável,11274,45736978,24.649639073224296,vítimas,FULL_12_MONTHS,COMPARABLE,separate_victim_indicator
TO,2022,Estupro de vulnerável,911,1557580,58.48816754195611,vítimas,FULL_12_MONTHS,COMPARABLE,separate_victim_indicator
AC,2023,Estupro de vulnerável,459,876582,52.36247150865521,vítimas,FULL_12_MONTHS,COMPARABLE,separate_victim_indicator
AL,2023,Estupro de vulnerável,928,3218607,28.832348901248274,vítimas,FULL_12_MONTHS,COMPARABLE,separate_victim_indicator
AM,2023,Estupro de vulnerável,791,4240571,18.653148361388123,vítimas,FULL_12_MONTHS,COMPARABLE,separate_victim_indicator
AP,2023,Estupro de vulnerável,538,799124,67.32371947282275,vítimas,FULL_12_MONTHS,COMPARABLE,separate_victim_indicator
BA,2023,Estupro de vulnerável,4013,14828806,27.062192330252348,vítimas,FULL_12_MONTHS,COMPARABLE,separate_victim_indicator
CE,2023,Estupro de vulnerável,1768,9196672,19.224345502373033,vítimas,FULL_12_MONTHS,COMPARABLE,separate_victim_indicator
DF,2023,Estupro de vulnerável,718,2967543,24.195100121548364,vítimas,FULL_12_MONTHS,COMPARABLE,separate_victim_indicator
ES,2023,Estupro de vulnerável,1558,4076068,38.223111096282004,vítimas,FULL_12_MONTHS,COMPARABLE,separate_victim_indicator
GO,2023,Estupro de vulnerável,3643,7274463,50.079297949553116,vítimas,FULL_12_MONTHS,COMPARABLE,separate_victim_indicator
MA,2023,Estupro de vulnerável,1457,7003234,20.80467395491854,vítimas,FULL_12_MONTHS,COMPARABLE,separate_victim_indicator
MG,2023,Estupro de vulnerável,4187,21247401,19.705939564090684,vítimas,FULL_12_MONTHS,COMPARABLE,separate_victim_indicator
MS,2023,Estupro de vulnerável,0,2878009,0.0,vítimas,FULL_12_MONTHS,COMPARABLE,separate_victim_indicator
MT,2023,Estupro de vulnerável,1839,3778389,48.671536996323034,vítimas,FULL_12_MONTHS,COMPARABLE,separate_victim_indicator
PA,2023,Estupro de vulnerável,4600,8616120,53.38830007010116,vítimas,FULL_12_MONTHS,COMPARABLE,separate_victim_indicator
PB,2023,Estupro de vulnerável,0,4124468,0.0,vítimas,FULL_12_MONTHS,COMPARABLE,separate_victim_indicator
PE,2023,Estupro de vulnerável,2252,9514483,23.6691788718315,vítimas,FULL_12_MONTHS,COMPARABLE,separate_victim_indicator
PI,2023,Estupro de vulnerável,1157,3365881,34.37435845176939,vítimas,FULL_12_MONTHS,COMPARABLE,separate_victim_indicator
PR,2023,Estupro de vulnerável,6220,11753862,52.91877682416214,vítimas,FULL_12_MONTHS,COMPARABLE,separate_victim_indicator
RJ,2023,Estupro de vulnerável,3930,17213813,22.830502457532216,vítimas,FULL_12_MONTHS,COMPARABLE,separate_victim_indicator
RN,2023,Estupro de vulnerável,1070,3436278,31.138342124822262,vítimas,FULL_12_MONTHS,COMPARABLE,separate_victim_indicator
RO,2023,Estupro de vulnerável,0,1740255,0.0,vítimas,FULL_12_MONTHS,COMPARABLE,separate_victim_indicator
RR,2023,Estupro de vulnerável,584,695270,83.99614538236943,vítimas,FULL_12_MONTHS,COMPARABLE,separate_victim_indicator
RS,2023,Estupro de vulnerável,4549,11222292,40.53539152251608,vítimas,FULL_12_MONTHS,COMPARABLE,separate_victim_indicator
SC,2023,Estupro de vulnerável,3588,7927212,45.26181462032301,vítimas,FULL_12_MONTHS,COMPARABLE,separate_victim_indicator
SE,2023,Estupro de vulnerável,899,2281994,39.39537089054573,vítimas,FULL_12_MONTHS,COMPARABLE,separate_victim_indicator
SP,2023,Estupro de vulnerável,12123,45850570,26.440238365629916,vítimas,FULL_12_MONTHS,COMPARABLE,separate_victim_indicator
TO,2023,Estupro de vulnerável,838,1567191,53.47146582643724,vítimas,FULL_12_MONTHS,COMPARABLE,separate_victim_indicator
AC,2024,Estupro de vulnerável,560,880631,63.59076616653286,vítimas,FULL_12_MONTHS,COMPARABLE,separate_victim_indicator
AL,2024,Estupro de vulnerável,1019,3220104,31.644940660301653,vítimas,FULL_12_MONTHS,COMPARABLE,separate_victim_indicator
AM,2024,Estupro de vulnerável,1161,4281209,27.11850787943312,vítimas,FULL_12_MONTHS,COMPARABLE,separate_victim_indicator
AP,2024,Estupro de vulnerável,685,802837,85.32242534910573,vítimas,FULL_12_MONTHS,COMPARABLE,separate_victim_indicator
BA,2024,Estupro de vulnerável,4227,14850513,28.463663174464074,vítimas,FULL_12_MONTHS,COMPARABLE,separate_victim_indicator
CE,2024,Estupro de vulnerável,1679,9233656,18.18348008632767,vítimas,FULL_12_MONTHS,COMPARABLE,separate_victim_indicator
DF,2024,Estupro de vulnerável,741,2982818,24.84228001842553,vítimas,FULL_12_MONTHS,COMPARABLE,separate_victim_indicator
ES,2024,Estupro de vulnerável,0,4102129,0.0,vítimas,FULL_12_MONTHS,COMPARABLE,separate_victim_indicator
GO,2024,Estupro de vulnerável,3599,7350483,48.96276884117683,vítimas,FULL_12_MONTHS,COMPARABLE,separate_victim_indicator
MA,2024,Estupro de vulnerável,1392,7010960,19.854627611625226,vítimas,FULL_12_MONTHS,COMPARABLE,separate_victim_indicator
MG,2024,Estupro de vulnerável,4196,21322691,19.67856683755348,vítimas,FULL_12_MONTHS,COMPARABLE,separate_victim_indicator
MS,2024,Estupro de vulnerável,0,2901895,0.0,vítimas,FULL_12_MONTHS,COMPARABLE,separate_victim_indicator
MT,2024,Estupro de vulnerável,2040,3836399,53.17486528382475,vítimas,FULL_12_MONTHS,COMPARABLE,separate_victim_indicator
PA,2024,Estupro de vulnerável,4364,8664306,50.36756550380377,vítimas,FULL_12_MONTHS,COMPARABLE,separate_victim_indicator
PB,2024,Estupro de vulnerável,898,4145040,21.664447146469033,vítimas,FULL_12_MONTHS,COMPARABLE,separate_victim_indicator
PE,2024,Estupro de vulnerável,2006,9539029,21.029394081934335,vítimas,FULL_12_MONTHS,COMPARABLE,separate_victim_indicator
PI,2024,Estupro de vulnerável,1146,3375646,33.94905745448427,vítimas,FULL_12_MONTHS,COMPARABLE,separate_victim_indicator
PR,2024,Estupro de vulnerável,6249,11824665,52.84716311202051,vítimas,FULL_12_MONTHS,COMPARABLE,separate_victim_indicator
RJ,2024,Estupro de vulnerável,4185,17219679,24.303588934497558,vítimas,FULL_12_MONTHS,COMPARABLE,separate_victim_indicator
RN,2024,Estupro de vulnerável,1050,3446071,30.469482491800083,vítimas,FULL_12_MONTHS,COMPARABLE,separate_victim_indicator
RO,2024,Estupro de vulnerável,0,1746227,0.0,vítimas,FULL_12_MONTHS,COMPARABLE,separate_victim_indicator
RR,2024,Estupro de vulnerável,674,716793,94.02993611823776,vítimas,FULL_12_MONTHS,COMPARABLE,separate_victim_indicator
RS,2024,Estupro de vulnerável,4415,11229915,39.3146341713183,vítimas,FULL_12_MONTHS,COMPARABLE,separate_victim_indicator
SC,2024,Estupro de vulnerável,3366,8058441,41.769865908306585,vítimas,FULL_12_MONTHS,COMPARABLE,separate_victim_indicator
SE,2024,Estupro de vulnerável,926,2291077,40.41767256185628,vítimas,FULL_12_MONTHS,COMPARABLE,separate_victim_indicator
SP,2024,Estupro de vulnerável,12452,45973194,27.085348910062677,vítimas,FULL_12_MONTHS,COMPARABLE,separate_victim_indicator
TO,2024,Estupro de vulnerável,889,1577342,56.360637071732064,vítimas,FULL_12_MONTHS,COMPARABLE,separate_victim_indicator
AC,2025,Estupro de vulnerável,482,884372,54.50195166739788,vítimas,FULL_12_MONTHS,COMPARABLE,separate_victim_indicator
AL,2025,Estupro de vulnerável,643,3220848,19.9636865819188,vítimas,FULL_12_MONTHS,COMPARABLE,separate_victim_indicator
AM,2025,Estupro de vulnerável,1353,4321616,31.30773303319869,vítimas,FULL_12_MONTHS,COMPARABLE,separate_victim_indicator
AP,2025,Estupro de vulnerável,551,806517,68.31846073920326,vítimas,FULL_12_MONTHS,COMPARABLE,separate_victim_indicator
BA,2025,Estupro de vulnerável,3999,14870907,26.89143305112459,vítimas,FULL_12_MONTHS,COMPARABLE,separate_victim_indicator
CE,2025,Estupro de vulnerável,1569,9268836,16.92769189140902,vítimas,FULL_12_MONTHS,COMPARABLE,separate_victim_indicator
DF,2025,Estupro de vulnerável,614,2996899,20.487844268358728,vítimas,FULL_12_MONTHS,COMPARABLE,separate_victim_indicator
ES,2025,Estupro de vulnerável,1103,4126854,26.72738119642711,vítimas,FULL_12_MONTHS,COMPARABLE,separate_victim_indicator
GO,2025,Estupro de vulnerável,3164,7423629,42.62066436779101,vítimas,FULL_12_MONTHS,COMPARABLE,separate_victim_indicator
MA,2025,Estupro de vulnerável,1687,7018211,24.037464818313385,vítimas,FULL_12_MONTHS,COMPARABLE,separate_victim_indicator
MG,2025,Estupro de vulnerável,4151,21393441,19.4031432344147,vítimas,FULL_12_MONTHS,COMPARABLE,separate_victim_indicator
MS,2025,Estupro de vulnerável,1198,2924631,40.96243252567589,vítimas,FULL_12_MONTHS,COMPARABLE,separate_victim_indicator
MT,2025,Estupro de vulnerável,1667,3893659,42.813199615066445,vítimas,FULL_12_MONTHS,COMPARABLE,separate_victim_indicator
PA,2025,Estupro de vulnerável,4722,8711196,54.206104420104886,vítimas,FULL_12_MONTHS,COMPARABLE,separate_victim_indicator
PB,2025,Estupro de vulnerável,1081,4164468,25.957697357741733,vítimas,FULL_12_MONTHS,COMPARABLE,separate_victim_indicator
PE,2025,Estupro de vulnerável,1733,9562007,18.123810200097115,vítimas,FULL_12_MONTHS,COMPARABLE,separate_victim_indicator
PI,2025,Estupro de vulnerável,1223,3384547,36.13482099672423,vítimas,FULL_12_MONTHS,COMPARABLE,separate_victim_indicator
PR,2025,Estupro de vulnerável,5342,11890584,44.92630471304017,vítimas,FULL_12_MONTHS,COMPARABLE,separate_victim_indicator
RJ,2025,Estupro de vulnerável,4204,17223547,24.408445020064683,vítimas,FULL_12_MONTHS,COMPARABLE,separate_victim_indicator
RN,2025,Estupro de vulnerável,1033,3455236,29.89665539488475,vítimas,FULL_12_MONTHS,COMPARABLE,separate_victim_indicator
RO,2025,Estupro de vulnerável,1123,1751950,64.10000285396272,vítimas,FULL_12_MONTHS,COMPARABLE,separate_victim_indicator
RR,2025,Estupro de vulnerável,540,738772,73.0942699506749,vítimas,FULL_12_MONTHS,COMPARABLE,separate_victim_indicator
RS,2025,Estupro de vulnerável,4047,11233263,36.026931800670916,vítimas,FULL_12_MONTHS,COMPARABLE,separate_victim_indicator
SC,2025,Estupro de vulnerável,2605,8186962,31.818884709615116,vítimas,FULL_12_MONTHS,COMPARABLE,separate_victim_indicator
SE,2025,Estupro de vulnerável,849,2299425,36.922274046772564,vítimas,FULL_12_MONTHS,COMPARABLE,separate_victim_indicator
SP,2025,Estupro de vulnerável,12239,46081801,26.55929181240117,vítimas,FULL_12_MONTHS,COMPARABLE,separate_victim_indicator
TO,2025,Estupro de vulnerável,690,1586859,43.482124120668566,vítimas,FULL_12_MONTHS,COMPARABLE,separate_victim_indicator
AC,2015,Feminicídio,4,826677,0.48386491943044263,vítimas,FULL_12_MONTHS,COMPARABLE_WITH_BREAK,legal_category_adoption
AL,2015,Feminicídio,11,3181178,0.3457838574263999,vítimas,FULL_12_MONTHS,COMPARABLE_WITH_BREAK,legal_category_adoption
AM,2015,Feminicídio,0,3859110,0.0,vítimas,FULL_12_MONTHS,COMPARABLE_WITH_BREAK,legal_category_adoption
AP,2015,Feminicídio,7,747050,0.9370189411685965,vítimas,FULL_12_MONTHS,COMPARABLE_WITH_BREAK,legal_category_adoption
BA,2015,Feminicídio,0,14470447,0.0,vítimas,FULL_12_MONTHS,COMPARABLE_WITH_BREAK,legal_category_adoption
CE,2015,Feminicídio,0,8816218,0.0,vítimas,FULL_12_MONTHS,COMPARABLE_WITH_BREAK,legal_category_adoption
DF,2015,Feminicídio,9,2794821,0.3220242011921336,vítimas,FULL_12_MONTHS,COMPARABLE_WITH_BREAK,legal_category_adoption
GO,2015,Feminicídio,0,6630429,0.0,vítimas,FULL_12_MONTHS,COMPARABLE_WITH_BREAK,legal_category_adoption
MA,2015,Feminicídio,26,6831416,0.3805945941514907,vítimas,FULL_12_MONTHS,COMPARABLE_WITH_BREAK,legal_category_adoption
MG,2015,Feminicídio,157,20470203,0.7669684565414422,vítimas,FULL_12_MONTHS,COMPARABLE_WITH_BREAK,legal_category_adoption
MS,2015,Feminicídio,18,2652939,0.6784927961027374,vítimas,FULL_12_MONTHS,COMPARABLE_WITH_BREAK,legal_category_adoption
MT,2015,Feminicídio,0,3327512,0.0,vítimas,FULL_12_MONTHS,COMPARABLE_WITH_BREAK,legal_category_adoption
PA,2015,Feminicídio,37,8131409,0.45502569111946034,vítimas,FULL_12_MONTHS,COMPARABLE_WITH_BREAK,legal_category_adoption
PB,2015,Feminicídio,18,3932039,0.4577777585624151,vítimas,FULL_12_MONTHS,COMPARABLE_WITH_BREAK,legal_category_adoption
PE,2015,Feminicídio,0,9213107,0.0,vítimas,FULL_12_MONTHS,COMPARABLE_WITH_BREAK,legal_category_adoption
PI,2015,Feminicídio,26,3255812,0.7985719077145732,vítimas,FULL_12_MONTHS,COMPARABLE_WITH_BREAK,legal_category_adoption
PR,2015,Feminicídio,0,11101864,0.0,vítimas,FULL_12_MONTHS,COMPARABLE_WITH_BREAK,legal_category_adoption
RJ,2015,Feminicídio,0,16971856,0.0,vítimas,FULL_12_MONTHS,COMPARABLE_WITH_BREAK,legal_category_adoption
RN,2015,Feminicídio,37,3322012,1.1137828520788005,vítimas,FULL_12_MONTHS,COMPARABLE_WITH_BREAK,legal_category_adoption
RO,2015,Feminicídio,0,1666906,0.0,vítimas,FULL_12_MONTHS,COMPARABLE_WITH_BREAK,legal_category_adoption
RR,2015,Feminicídio,6,534380,1.1227965118455032,vítimas,FULL_12_MONTHS,COMPARABLE_WITH_BREAK,legal_category_adoption
RS,2015,Feminicídio,99,11070711,0.8942515074235069,vítimas,FULL_12_MONTHS,COMPARABLE_WITH_BREAK,legal_category_adoption
SC,2015,Feminicídio,46,6889914,0.6676425859597086,vítimas,FULL_12_MONTHS,COMPARABLE_WITH_BREAK,legal_category_adoption
SE,2015,Feminicídio,0,2182252,0.0,vítimas,FULL_12_MONTHS,COMPARABLE_WITH_BREAK,legal_category_adoption
SP,2015,Feminicídio,41,44217931,0.09272256542261102,vítimas,FULL_12_MONTHS,COMPARABLE_WITH_BREAK,legal_category_adoption
TO,2015,Feminicídio,0,1471416,0.0,vítimas,FULL_12_MONTHS,COMPARABLE_WITH_BREAK,legal_category_adoption
AC,2016,Feminicídio,14,836294,1.6740524265389922,vítimas,FULL_12_MONTHS,COMPARABLE_WITH_BREAK,legal_category_adoption
AL,2016,Feminicídio,37,3187906,1.160636480498484,vítimas,FULL_12_MONTHS,COMPARABLE_WITH_BREAK,legal_category_adoption
AM,2016,Feminicídio,11,3914566,0.2810017764421394,vítimas,FULL_12_MONTHS,COMPARABLE_WITH_BREAK,legal_category_adoption
AP,2016,Feminicídio,6,756948,0.7926568271532523,vítimas,FULL_12_MONTHS,COMPARABLE_WITH_BREAK,legal_category_adoption
BA,2016,Feminicídio,0,14527076,0.0,vítimas,FULL_12_MONTHS,COMPARABLE_WITH_BREAK,legal_category_adoption
CE,2016,Feminicídio,0,8873158,0.0,vítimas,FULL_12_MONTHS,COMPARABLE_WITH_BREAK,legal_category_adoption
DF,2016,Feminicídio,21,2823570,0.7437393087474368,vítimas,FULL_12_MONTHS,COMPARABLE_WITH_BREAK,legal_category_adoption
ES,2016,Feminicídio,35,3870870,0.9041894974514774,vítimas,FULL_12_MONTHS,COMPARABLE_WITH_BREAK,legal_category_adoption
GO,2016,Feminicídio,10,6720503,0.1487983860731853,vítimas,FULL_12_MONTHS,COMPARABLE_WITH_BREAK,legal_category_adoption
MA,2016,Feminicídio,34,6863878,0.49534679957889693,vítimas,FULL_12_MONTHS,COMPARABLE_WITH_BREAK,legal_category_adoption
MG,2016,Feminicídio,116,20588168,0.5634304130411215,vítimas,FULL_12_MONTHS,COMPARABLE_WITH_BREAK,legal_category_adoption
MS,2016,Feminicídio,36,2684756,1.340903977866145,vítimas,FULL_12_MONTHS,COMPARABLE_WITH_BREAK,legal_category_adoption
MT,2016,Feminicídio,0,3380091,0.0,vítimas,FULL_12_MONTHS,COMPARABLE_WITH_BREAK,legal_category_adoption
PA,2016,Feminicídio,51,8207830,0.6213578984944864,vítimas,FULL_12_MONTHS,COMPARABLE_WITH_BREAK,legal_category_adoption
PB,2016,Feminicídio,24,3957455,0.6064503576161953,vítimas,FULL_12_MONTHS,COMPARABLE_WITH_BREAK,legal_category_adoption
PE,2016,Feminicídio,112,9262684,1.209152768247303,vítimas,FULL_12_MONTHS,COMPARABLE_WITH_BREAK,legal_category_adoption
PI,2016,Feminicídio,30,3271094,0.917124362674995,vítimas,FULL_12_MONTHS,COMPARABLE_WITH_BREAK,legal_category_adoption
PR,2016,Feminicídio,0,11195664,0.0,vítimas,FULL_12_MONTHS,COMPARABLE_WITH_BREAK,legal_category_adoption
RJ,2016,Feminicídio,16,17043727,0.09387618095502234,vítimas,FULL_12_MONTHS,COMPARABLE_WITH_BREAK,legal_category_adoption
RN,2016,Feminicídio,37,3342283,1.1070277412176048,vítimas,FULL_12_MONTHS,COMPARABLE_WITH_BREAK,legal_category_adoption
RO,2016,Feminicídio,0,1680084,0.0,vítimas,FULL_12_MONTHS,COMPARABLE_WITH_BREAK,legal_category_adoption
RR,2016,Feminicídio,3,548233,0.5472125902672769,vítimas,FULL_12_MONTHS,COMPARABLE_WITH_BREAK,legal_category_adoption
RS,2016,Feminicídio,99,11109776,0.8911070754261832,vítimas,FULL_12_MONTHS,COMPARABLE_WITH_BREAK,legal_category_adoption
SC,2016,Feminicídio,54,7011473,0.7701662689138217,vítimas,FULL_12_MONTHS,COMPARABLE_WITH_BREAK,legal_category_adoption
SE,2016,Feminicídio,0,2198312,0.0,vítimas,FULL_12_MONTHS,COMPARABLE_WITH_BREAK,legal_category_adoption
SP,2016,Feminicídio,63,44530110,0.14147730602956068,vítimas,FULL_12_MONTHS,COMPARABLE_WITH_BREAK,legal_category_adoption
TO,2016,Feminicídio,0,1485416,0.0,vítimas,FULL_12_MONTHS,COMPARABLE_WITH_BREAK,legal_category_adoption
AC,2017,Feminicídio,13,844496,1.5393797010287793,vítimas,FULL_12_MONTHS,COMPARABLE_WITH_BREAK,legal_category_adoption
AL,2017,Feminicídio,34,3193155,1.0647776258903812,vítimas,FULL_12_MONTHS,COMPARABLE_WITH_BREAK,legal_category_adoption
AM,2017,Feminicídio,17,3966332,0.4286075900857518,vítimas,FULL_12_MONTHS,COMPARABLE_WITH_BREAK,legal_category_adoption
AP,2017,Feminicídio,7,765558,0.9143657306174059,vítimas,FULL_12_MONTHS,COMPARABLE_WITH_BREAK,legal_category_adoption
BA,2017,Feminicídio,74,14578692,0.5075901185099458,vítimas,FULL_12_MONTHS,COMPARABLE_WITH_BREAK,legal_category_adoption
CE,2017,Feminicídio,0,8924184,0.0,vítimas,FULL_12_MONTHS,COMPARABLE_WITH_BREAK,legal_category_adoption
DF,2017,Feminicídio,16,2850314,0.5613416627080385,vítimas,FULL_12_MONTHS,COMPARABLE_WITH_BREAK,legal_category_adoption
ES,2017,Feminicídio,42,3904551,1.0756678552796468,vítimas,FULL_12_MONTHS,COMPARABLE_WITH_BREAK,legal_category_adoption
GO,2017,Feminicídio,23,6805532,0.33796035343012126,vítimas,FULL_12_MONTHS,COMPARABLE_WITH_BREAK,legal_category_adoption
MA,2017,Feminicídio,52,6890375,0.7546759066088565,vítimas,FULL_12_MONTHS,COMPARABLE_WITH_BREAK,legal_category_adoption
MG,2017,Feminicídio,144,20695003,0.6958201455684737,vítimas,FULL_12_MONTHS,COMPARABLE_WITH_BREAK,legal_category_adoption
MS,2017,Feminicídio,33,2715557,1.2152203028697244,vítimas,FULL_12_MONTHS,COMPARABLE_WITH_BREAK,legal_category_adoption
MT,2017,Feminicídio,0,3433278,0.0,vítimas,FULL_12_MONTHS,COMPARABLE_WITH_BREAK,legal_category_adoption
PA,2017,Feminicídio,49,8275842,0.5920847691388985,vítimas,FULL_12_MONTHS,COMPARABLE_WITH_BREAK,legal_category_adoption
PB,2017,Feminicídio,25,3981512,0.6279021638010887,vítimas,FULL_12_MONTHS,COMPARABLE_WITH_BREAK,legal_category_adoption
PE,2017,Feminicídio,76,9304183,0.816836900134058,vítimas,FULL_12_MONTHS,COMPARABLE_WITH_BREAK,legal_category_adoption
PI,2017,Feminicídio,27,3285746,0.8217311989423406,vítimas,FULL_12_MONTHS,COMPARABLE_WITH_BREAK,legal_category_adoption
PR,2017,Feminicídio,34,11285193,0.3012797388578113,vítimas,FULL_12_MONTHS,COMPARABLE_WITH_BREAK,legal_category_adoption
RJ,2017,Feminicídio,68,17100398,0.39765156343144764,vítimas,FULL_12_MONTHS,COMPARABLE_WITH_BREAK,legal_category_adoption
RN,2017,Feminicídio,34,3359217,1.01214062681869,vítimas,FULL_12_MONTHS,COMPARABLE_WITH_BREAK,legal_category_adoption
RO,2017,Feminicídio,0,1691568,0.0,vítimas,FULL_12_MONTHS,COMPARABLE_WITH_BREAK,legal_category_adoption
RR,2017,Feminicídio,3,564013,0.5319026334499382,vítimas,FULL_12_MONTHS,COMPARABLE_WITH_BREAK,legal_category_adoption
RS,2017,Feminicídio,83,11141074,0.7449910125361343,vítimas,FULL_12_MONTHS,COMPARABLE_WITH_BREAK,legal_category_adoption
SC,2017,Feminicídio,53,7135459,0.7427693158912412,vítimas,FULL_12_MONTHS,COMPARABLE_WITH_BREAK,legal_category_adoption
SE,2017,Feminicídio,20,2212722,0.9038641094543282,vítimas,FULL_12_MONTHS,COMPARABLE_WITH_BREAK,legal_category_adoption
SP,2017,Feminicídio,121,44809066,0.2700346398650666,vítimas,FULL_12_MONTHS,COMPARABLE_WITH_BREAK,legal_category_adoption
TO,2017,Feminicídio,0,1498537,0.0,vítimas,FULL_12_MONTHS,COMPARABLE_WITH_BREAK,legal_category_adoption
AC,2018,Feminicídio,14,851504,1.6441496458031906,vítimas,FULL_12_MONTHS,COMPARABLE_WITH_BREAK,legal_category_adoption
AL,2018,Feminicídio,22,3200128,0.6874725010999561,vítimas,FULL_12_MONTHS,COMPARABLE_WITH_BREAK,legal_category_adoption
AM,2018,Feminicídio,4,4018483,0.09954005031251843,vítimas,FULL_12_MONTHS,COMPARABLE_WITH_BREAK,legal_category_adoption
AP,2018,Feminicídio,4,772784,0.5176090602289902,vítimas,FULL_12_MONTHS,COMPARABLE_WITH_BREAK,legal_category_adoption
BA,2018,Feminicídio,76,14632652,0.5193863696068218,vítimas,FULL_12_MONTHS,COMPARABLE_WITH_BREAK,legal_category_adoption
CE,2018,Feminicídio,30,8976628,0.33420121675979,vítimas,FULL_12_MONTHS,COMPARABLE_WITH_BREAK,legal_category_adoption
DF,2018,Feminicídio,27,2875413,0.9389955460311267,vítimas,FULL_12_MONTHS,COMPARABLE_WITH_BREAK,legal_category_adoption
ES,2018,Feminicídio,34,3937119,0.8635756247144168,vítimas,FULL_12_MONTHS,COMPARABLE_WITH_BREAK,legal_category_adoption
GO,2018,Feminicídio,36,6888446,0.5226142441996352,vítimas,FULL_12_MONTHS,COMPARABLE_WITH_BREAK,legal_category_adoption
MA,2018,Feminicídio,46,6917016,0.6650266531116886,vítimas,FULL_12_MONTHS,COMPARABLE_WITH_BREAK,legal_category_adoption
MG,2018,Feminicídio,158,20801238,0.7595701755828187,vítimas,FULL_12_MONTHS,COMPARABLE_WITH_BREAK,legal_category_adoption
MS,2018,Feminicídio,36,2746161,1.3109209547437313,vítimas,FULL_12_MONTHS,COMPARABLE_WITH_BREAK,legal_category_adoption
MT,2018,Feminicídio,0,3490648,0.0,vítimas,FULL_12_MONTHS,COMPARABLE_WITH_BREAK,legal_category_adoption
PA,2018,Feminicídio,69,8339467,0.8273910071231171,vítimas,FULL_12_MONTHS,COMPARABLE_WITH_BREAK,legal_category_adoption
PB,2018,Feminicídio,34,4008413,0.8482159897196222,vítimas,FULL_12_MONTHS,COMPARABLE_WITH_BREAK,legal_category_adoption
PE,2018,Feminicídio,74,9348293,0.7915883680582113,vítimas,FULL_12_MONTHS,COMPARABLE_WITH_BREAK,legal_category_adoption
PI,2018,Feminicídio,26,3302227,0.7873474476466942,vítimas,FULL_12_MONTHS,COMPARABLE_WITH_BREAK,legal_category_adoption
PR,2018,Feminicídio,71,11373980,0.6242317992470534,vítimas,FULL_12_MONTHS,COMPARABLE_WITH_BREAK,legal_category_adoption
RJ,2018,Feminicídio,71,17148943,0.4140196862278917,vítimas,FULL_12_MONTHS,COMPARABLE_WITH_BREAK,legal_category_adoption
RN,2018,Feminicídio,30,3375511,0.8887543249007336,vítimas,FULL_12_MONTHS,COMPARABLE_WITH_BREAK,legal_category_adoption
RO,2018,Feminicídio,0,1701892,0.0,vítimas,FULL_12_MONTHS,COMPARABLE_WITH_BREAK,legal_category_adoption
RR,2018,Feminicídio,4,587497,0.680854540533824,vítimas,FULL_12_MONTHS,COMPARABLE_WITH_BREAK,legal_category_adoption
RS,2018,Feminicídio,116,11167531,1.0387255696894864,vítimas,FULL_12_MONTHS,COMPARABLE_WITH_BREAK,legal_category_adoption
SC,2018,Feminicídio,41,7266127,0.5642620890056009,vítimas,FULL_12_MONTHS,COMPARABLE_WITH_BREAK,legal_category_adoption
SE,2018,Feminicídio,16,2227068,0.7184333841624952,vítimas,FULL_12_MONTHS,COMPARABLE_WITH_BREAK,legal_category_adoption
SP,2018,Feminicídio,136,45062167,0.3018052815791127,vítimas,FULL_12_MONTHS,COMPARABLE_WITH_BREAK,legal_category_adoption
TO,2018,Feminicídio,1,1511702,0.06615060375656048,vítimas,FULL_12_MONTHS,COMPARABLE_WITH_BREAK,legal_category_adoption
AC,2019,Feminicídio,11,857919,1.282172326291876,vítimas,FULL_12_MONTHS,COMPARABLE_WITH_BREAK,legal_category_adoption
AL,2019,Feminicídio,43,3208704,1.3401049146322004,vítimas,FULL_12_MONTHS,COMPARABLE_WITH_BREAK,legal_category_adoption
AM,2019,Feminicídio,12,4073280,0.29460287532406315,vítimas,FULL_12_MONTHS,COMPARABLE_WITH_BREAK,legal_category_adoption
AP,2019,Feminicídio,7,779468,0.898048412506992,vítimas,FULL_12_MONTHS,COMPARABLE_WITH_BREAK,legal_category_adoption
BA,2019,Feminicídio,101,14693250,0.6873904684123662,vítimas,FULL_12_MONTHS,COMPARABLE_WITH_BREAK,legal_category_adoption
CE,2019,Feminicídio,34,9035631,0.37628805337446825,vítimas,FULL_12_MONTHS,COMPARABLE_WITH_BREAK,legal_category_adoption
DF,2019,Feminicídio,32,2899708,1.1035593928768,vítimas,FULL_12_MONTHS,COMPARABLE_WITH_BREAK,legal_category_adoption
ES,2019,Feminicídio,34,3970009,0.8564212322944356,vítimas,FULL_12_MONTHS,COMPARABLE_WITH_BREAK,legal_category_adoption
GO,2019,Feminicídio,41,6974736,0.5878358693432985,vítimas,FULL_12_MONTHS,COMPARABLE_WITH_BREAK,legal_category_adoption
MA,2019,Feminicídio,51,6946725,0.7341589022165121,vítimas,FULL_12_MONTHS,COMPARABLE_WITH_BREAK,legal_category_adoption
MG,2019,Feminicídio,149,20916751,0.7123477255143498,vítimas,FULL_12_MONTHS,COMPARABLE_WITH_BREAK,legal_category_adoption
MS,2019,Feminicídio,30,2777028,1.0802915923065954,vítimas,FULL_12_MONTHS,COMPARABLE_WITH_BREAK,legal_category_adoption
MT,2019,Feminicídio,39,3551996,1.0979742094304161,vítimas,FULL_12_MONTHS,COMPARABLE_WITH_BREAK,legal_category_adoption
PA,2019,Feminicídio,48,8404430,0.5711273697323911,vítimas,FULL_12_MONTHS,COMPARABLE_WITH_BREAK,legal_category_adoption
PB,2019,Feminicídio,36,4037810,0.8915724117776715,vítimas,FULL_12_MONTHS,COMPARABLE_WITH_BREAK,legal_category_adoption
PE,2019,Feminicídio,57,9396505,0.6066085209341132,vítimas,FULL_12_MONTHS,COMPARABLE_WITH_BREAK,legal_category_adoption
PI,2019,Feminicídio,29,3320228,0.8734339930872217,vítimas,FULL_12_MONTHS,COMPARABLE_WITH_BREAK,legal_category_adoption
PR,2019,Feminicídio,89,11468227,0.7760571882645853,vítimas,FULL_12_MONTHS,COMPARABLE_WITH_BREAK,legal_category_adoption
RJ,2019,Feminicídio,85,17193919,0.4943608260571659,vítimas,FULL_12_MONTHS,COMPARABLE_WITH_BREAK,legal_category_adoption
RN,2019,Feminicídio,21,3392434,0.6190245705590736,vítimas,FULL_12_MONTHS,COMPARABLE_WITH_BREAK,legal_category_adoption
RO,2019,Feminicídio,7,1712560,0.4087448031017891,vítimas,FULL_12_MONTHS,COMPARABLE_WITH_BREAK,legal_category_adoption
RR,2019,Feminicídio,6,618125,0.9706774519716885,vítimas,FULL_12_MONTHS,COMPARABLE_WITH_BREAK,legal_category_adoption
RS,2019,Feminicídio,97,11194346,0.8665088608124137,vítimas,FULL_12_MONTHS,COMPARABLE_WITH_BREAK,legal_category_adoption
SC,2019,Feminicídio,58,7403723,0.7833896540969996,vítimas,FULL_12_MONTHS,COMPARABLE_WITH_BREAK,legal_category_adoption
SE,2019,Feminicídio,21,2241300,0.9369562307589345,vítimas,FULL_12_MONTHS,COMPARABLE_WITH_BREAK,legal_category_adoption
SP,2019,Feminicídio,184,45306139,0.4061259777620865,vítimas,FULL_12_MONTHS,COMPARABLE_WITH_BREAK,legal_category_adoption
TO,2019,Feminicídio,9,1525148,0.5901066650580796,vítimas,FULL_12_MONTHS,COMPARABLE_WITH_BREAK,legal_category_adoption
AC,2020,Feminicídio,12,863657,1.3894404838958059,vítimas,FULL_12_MONTHS,COMPARABLE_WITH_BREAK,legal_category_adoption
AL,2020,Feminicídio,36,3214823,1.119812817066445,vítimas,FULL_12_MONTHS,COMPARABLE_WITH_BREAK,legal_category_adoption
AM,2020,Feminicídio,10,4121226,0.2426462416766273,vítimas,FULL_12_MONTHS,COMPARABLE_WITH_BREAK,legal_category_adoption
AP,2020,Feminicídio,5,785533,0.636510496694601,vítimas,FULL_12_MONTHS,COMPARABLE_WITH_BREAK,legal_category_adoption
BA,2020,Feminicídio,113,14748551,0.7661769620622392,vítimas,FULL_12_MONTHS,COMPARABLE_WITH_BREAK,legal_category_adoption
CE,2020,Feminicídio,27,9088929,0.29706470366310483,vítimas,FULL_12_MONTHS,COMPARABLE_WITH_BREAK,legal_category_adoption
DF,2020,Feminicídio,17,2921417,0.5819093953379473,vítimas,FULL_12_MONTHS,COMPARABLE_WITH_BREAK,legal_category_adoption
ES,2020,Feminicídio,26,4001467,0.649761699896563,vítimas,FULL_12_MONTHS,COMPARABLE_WITH_BREAK,legal_category_adoption
GO,2020,Feminicídio,44,7060290,0.623203862730851,vítimas,FULL_12_MONTHS,COMPARABLE_WITH_BREAK,legal_category_adoption
MA,2020,Feminicídio,65,6970988,0.9324359760768488,vítimas,FULL_12_MONTHS,COMPARABLE_WITH_BREAK,legal_category_adoption
MG,2020,Feminicídio,151,21032009,0.7179532872965203,vítimas,FULL_12_MONTHS,COMPARABLE_WITH_BREAK,legal_category_adoption
MS,2020,Feminicídio,41,2806866,1.4607038597496282,vítimas,FULL_12_MONTHS,COMPARABLE_WITH_BREAK,legal_category_adoption
MT,2020,Feminicídio,62,3611987,1.716506731613375,vítimas,FULL_12_MONTHS,COMPARABLE_WITH_BREAK,legal_category_adoption
PA,2020,Feminicídio,68,8465192,0.8032895178278295,vítimas,FULL_12_MONTHS,COMPARABLE_WITH_BREAK,legal_category_adoption
PB,2020,Feminicídio,35,4064935,0.8610223779716035,vítimas,FULL_12_MONTHS,COMPARABLE_WITH_BREAK,legal_category_adoption
PE,2020,Feminicídio,75,9438962,0.7945788954336293,vítimas,FULL_12_MONTHS,COMPARABLE_WITH_BREAK,legal_category_adoption
PI,2020,Feminicídio,31,3335863,0.9292947582079959,vítimas,FULL_12_MONTHS,COMPARABLE_WITH_BREAK,legal_category_adoption
PR,2020,Feminicídio,73,11560987,0.6314339770471155,vítimas,FULL_12_MONTHS,COMPARABLE_WITH_BREAK,legal_category_adoption
RJ,2020,Feminicídio,78,17222305,0.45290104895947436,vítimas,FULL_12_MONTHS,COMPARABLE_WITH_BREAK,legal_category_adoption
RN,2020,Feminicídio,13,3407618,0.3814981608854044,vítimas,FULL_12_MONTHS,COMPARABLE_WITH_BREAK,legal_category_adoption
RO,2020,Feminicídio,14,1722753,0.8126527714652071,vítimas,FULL_12_MONTHS,COMPARABLE_WITH_BREAK,legal_category_adoption
RR,2020,Feminicídio,9,640975,1.4041109247630563,vítimas,FULL_12_MONTHS,COMPARABLE_WITH_BREAK,legal_category_adoption
RS,2020,Feminicídio,80,11220286,0.7129943033537648,vítimas,FULL_12_MONTHS,COMPARABLE_WITH_BREAK,legal_category_adoption
SC,2020,Feminicídio,57,7541975,0.7557702060799725,vítimas,FULL_12_MONTHS,COMPARABLE_WITH_BREAK,legal_category_adoption
SE,2020,Feminicídio,14,2254218,0.6210579455935495,vítimas,FULL_12_MONTHS,COMPARABLE_WITH_BREAK,legal_category_adoption
SP,2020,Feminicídio,180,45523191,0.3954028618072929,vítimas,FULL_12_MONTHS,COMPARABLE_WITH_BREAK,legal_category_adoption
TO,2020,Feminicídio,10,1537886,0.6502432560020703,vítimas,FULL_12_MONTHS,COMPARABLE_WITH_BREAK,legal_category_adoption
AC,2021,Feminicídio,13,868346,1.4970990826237467,vítimas,FULL_12_MONTHS,COMPARABLE_WITH_BREAK,legal_category_adoption
AL,2021,Feminicídio,26,3217819,0.8080006986098348,vítimas,FULL_12_MONTHS,COMPARABLE_WITH_BREAK,legal_category_adoption
AM,2021,Feminicídio,23,4160013,0.5528828876255916,vítimas,FULL_12_MONTHS,COMPARABLE_WITH_BREAK,legal_category_adoption
AP,2021,Feminicídio,3,790871,0.37932861364242715,vítimas,FULL_12_MONTHS,COMPARABLE_WITH_BREAK,legal_category_adoption
BA,2021,Feminicídio,93,14788270,0.6288768057386023,vítimas,FULL_12_MONTHS,COMPARABLE_WITH_BREAK,legal_category_adoption
CE,2021,Feminicídio,31,9129520,0.33955782998448986,vítimas,FULL_12_MONTHS,COMPARABLE_WITH_BREAK,legal_category_adoption
DF,2021,Feminicídio,26,2938025,0.8849482220198943,vítimas,FULL_12_MONTHS,COMPARABLE_WITH_BREAK,legal_category_adoption
ES,2021,Feminicídio,39,4027541,0.968332786680508,vítimas,FULL_12_MONTHS,COMPARABLE_WITH_BREAK,legal_category_adoption
GO,2021,Feminicídio,54,7133954,0.7569434846369909,vítimas,FULL_12_MONTHS,COMPARABLE_WITH_BREAK,legal_category_adoption
MA,2021,Feminicídio,59,6988154,0.8442859158513106,vítimas,FULL_12_MONTHS,COMPARABLE_WITH_BREAK,legal_category_adoption
MG,2021,Feminicídio,154,21117017,0.7292696691014645,vítimas,FULL_12_MONTHS,COMPARABLE_WITH_BREAK,legal_category_adoption
MS,2021,Feminicídio,37,2831943,1.306523471694169,vítimas,FULL_12_MONTHS,COMPARABLE_WITH_BREAK,legal_category_adoption
MT,2021,Feminicídio,43,3666669,1.172726526446756,vítimas,FULL_12_MONTHS,COMPARABLE_WITH_BREAK,legal_category_adoption
PA,2021,Feminicídio,68,8520153,0.7981077335113583,vítimas,FULL_12_MONTHS,COMPARABLE_WITH_BREAK,legal_category_adoption
PB,2021,Feminicídio,32,4087783,0.7828204187942461,vítimas,FULL_12_MONTHS,COMPARABLE_WITH_BREAK,legal_category_adoption
PE,2021,Feminicídio,87,9470176,0.9186735283483644,vítimas,FULL_12_MONTHS,COMPARABLE_WITH_BREAK,legal_category_adoption
PI,2021,Feminicídio,37,3347856,1.1051849302956878,vítimas,FULL_12_MONTHS,COMPARABLE_WITH_BREAK,legal_category_adoption
PR,2021,Feminicídio,75,11630298,0.6448673972068472,vítimas,FULL_12_MONTHS,COMPARABLE_WITH_BREAK,legal_category_adoption
RJ,2021,Feminicídio,85,17220455,0.4935990367269622,vítimas,FULL_12_MONTHS,COMPARABLE_WITH_BREAK,legal_category_adoption
RN,2021,Feminicídio,20,3419382,0.5849010142768488,vítimas,FULL_12_MONTHS,COMPARABLE_WITH_BREAK,legal_category_adoption
RO,2021,Feminicídio,17,1729622,0.9828737146035377,vítimas,FULL_12_MONTHS,COMPARABLE_WITH_BREAK,legal_category_adoption
RR,2021,Feminicídio,5,654972,0.7633914121519698,vítimas,FULL_12_MONTHS,COMPARABLE_WITH_BREAK,legal_category_adoption
RS,2021,Feminicídio,96,11227789,0.8550214116065059,vítimas,FULL_12_MONTHS,COMPARABLE_WITH_BREAK,legal_category_adoption
SC,2021,Feminicídio,55,7671648,0.7169254898034947,vítimas,FULL_12_MONTHS,COMPARABLE_WITH_BREAK,legal_category_adoption
SE,2021,Feminicídio,20,2264937,0.8830267685149742,vítimas,FULL_12_MONTHS,COMPARABLE_WITH_BREAK,legal_category_adoption
SP,2021,Feminicídio,147,45651915,0.3220018262103572,vítimas,FULL_12_MONTHS,COMPARABLE_WITH_BREAK,legal_category_adoption
TO,2021,Feminicídio,21,1548514,1.3561388531198297,vítimas,FULL_12_MONTHS,COMPARABLE_WITH_BREAK,legal_category_adoption
AC,2022,Feminicídio,9,872566,1.0314406016278426,vítimas,FULL_12_MONTHS,COMPARABLE_WITH_BREAK,legal_category_adoption
AL,2022,Feminicídio,31,3218381,0.9632172200867455,vítimas,FULL_12_MONTHS,COMPARABLE_WITH_BREAK,legal_category_adoption
AM,2022,Feminicídio,21,4199791,0.5000248821905662,vítimas,FULL_12_MONTHS,COMPARABLE_WITH_BREAK,legal_category_adoption
AP,2022,Feminicídio,9,795457,1.1314250801740384,vítimas,FULL_12_MONTHS,COMPARABLE_WITH_BREAK,legal_category_adoption
BA,2022,Feminicídio,107,14811339,0.7224194922552242,vítimas,FULL_12_MONTHS,COMPARABLE_WITH_BREAK,legal_category_adoption
CE,2022,Feminicídio,29,9162955,0.3164917867652957,vítimas,FULL_12_MONTHS,COMPARABLE_WITH_BREAK,legal_category_adoption
DF,2022,Feminicídio,20,2952426,0.6774090188881957,vítimas,FULL_12_MONTHS,COMPARABLE_WITH_BREAK,legal_category_adoption
ES,2022,Feminicídio,35,4050913,0.8640027569093683,vítimas,FULL_12_MONTHS,COMPARABLE_WITH_BREAK,legal_category_adoption
GO,2022,Feminicídio,56,7201254,0.7776423384038391,vítimas,FULL_12_MONTHS,COMPARABLE_WITH_BREAK,legal_category_adoption
MA,2022,Feminicídio,69,6998087,0.9859837409852149,vítimas,FULL_12_MONTHS,COMPARABLE_WITH_BREAK,legal_category_adoption
MG,2022,Feminicídio,176,21178401,0.8310353553131797,vítimas,FULL_12_MONTHS,COMPARABLE_WITH_BREAK,legal_category_adoption
MS,2022,Feminicídio,43,2854377,1.5064583269834364,vítimas,FULL_12_MONTHS,COMPARABLE_WITH_BREAK,legal_category_adoption
MT,2022,Feminicídio,47,3720967,1.263112518869423,vítimas,FULL_12_MONTHS,COMPARABLE_WITH_BREAK,legal_category_adoption
PA,2022,Feminicídio,54,8570045,0.6301017089175144,vítimas,FULL_12_MONTHS,COMPARABLE_WITH_BREAK,legal_category_adoption
PB,2022,Feminicídio,26,4106026,0.6332156688730174,vítimas,FULL_12_MONTHS,COMPARABLE_WITH_BREAK,legal_category_adoption
PE,2022,Feminicídio,72,9493026,0.7584515200948571,vítimas,FULL_12_MONTHS,COMPARABLE_WITH_BREAK,legal_category_adoption
PI,2022,Feminicídio,24,3357043,0.7149148819362755,vítimas,FULL_12_MONTHS,COMPARABLE_WITH_BREAK,legal_category_adoption
PR,2022,Feminicídio,77,11686692,0.6588690794623492,vítimas,FULL_12_MONTHS,COMPARABLE_WITH_BREAK,legal_category_adoption
RJ,2022,Feminicídio,111,17211760,0.644907900179877,vítimas,FULL_12_MONTHS,COMPARABLE_WITH_BREAK,legal_category_adoption
RN,2022,Feminicídio,18,3427955,0.5250944075986995,vítimas,FULL_12_MONTHS,COMPARABLE_WITH_BREAK,legal_category_adoption
RO,2022,Feminicídio,23,1734648,1.3259174195571666,vítimas,FULL_12_MONTHS,COMPARABLE_WITH_BREAK,legal_category_adoption
RR,2022,Feminicídio,3,673404,0.44549779924087174,vítimas,FULL_12_MONTHS,COMPARABLE_WITH_BREAK,legal_category_adoption
RS,2022,Feminicídio,111,11220506,0.9892601991389693,vítimas,FULL_12_MONTHS,COMPARABLE_WITH_BREAK,legal_category_adoption
SC,2022,Feminicídio,57,7796817,0.731067562570726,vítimas,FULL_12_MONTHS,COMPARABLE_WITH_BREAK,legal_category_adoption
SE,2022,Feminicídio,19,2273589,0.8356831423797353,vítimas,FULL_12_MONTHS,COMPARABLE_WITH_BREAK,legal_category_adoption
SP,2022,Feminicídio,195,45736978,0.42635086209674805,vítimas,FULL_12_MONTHS,COMPARABLE_WITH_BREAK,legal_category_adoption
TO,2022,Feminicídio,14,1557580,0.8988302366491608,vítimas,FULL_12_MONTHS,COMPARABLE_WITH_BREAK,legal_category_adoption
AC,2023,Feminicídio,10,876582,1.1407945862452116,vítimas,FULL_12_MONTHS,COMPARABLE_WITH_BREAK,legal_category_adoption
AL,2023,Feminicídio,18,3218607,0.5592481467914535,vítimas,FULL_12_MONTHS,COMPARABLE_WITH_BREAK,legal_category_adoption
AM,2023,Feminicídio,23,4240571,0.5423797880049644,vítimas,FULL_12_MONTHS,COMPARABLE_WITH_BREAK,legal_category_adoption
AP,2023,Feminicídio,5,799124,0.6256851252121073,vítimas,FULL_12_MONTHS,COMPARABLE_WITH_BREAK,legal_category_adoption
BA,2023,Feminicídio,115,14828806,0.7755175973035185,vítimas,FULL_12_MONTHS,COMPARABLE_WITH_BREAK,legal_category_adoption
CE,2023,Feminicídio,42,9196672,0.45668694066723264,vítimas,FULL_12_MONTHS,COMPARABLE_WITH_BREAK,legal_category_adoption
DF,2023,Feminicídio,31,2967543,1.0446352420167122,vítimas,FULL_12_MONTHS,COMPARABLE_WITH_BREAK,legal_category_adoption
ES,2023,Feminicídio,35,4076068,0.858670660057683,vítimas,FULL_12_MONTHS,COMPARABLE_WITH_BREAK,legal_category_adoption
GO,2023,Feminicídio,56,7274463,0.7698162737235724,vítimas,FULL_12_MONTHS,COMPARABLE_WITH_BREAK,legal_category_adoption
MA,2023,Feminicídio,50,7003234,0.7139558666753103,vítimas,FULL_12_MONTHS,COMPARABLE_WITH_BREAK,legal_category_adoption
MG,2023,Feminicídio,186,21247401,0.875401184361325,vítimas,FULL_12_MONTHS,COMPARABLE_WITH_BREAK,legal_category_adoption
MS,2023,Feminicídio,30,2878009,1.0423872892683796,vítimas,FULL_12_MONTHS,COMPARABLE_WITH_BREAK,legal_category_adoption
MT,2023,Feminicídio,46,3778389,1.217450082561642,vítimas,FULL_12_MONTHS,COMPARABLE_WITH_BREAK,legal_category_adoption
PA,2023,Feminicídio,58,8616120,0.6731568269708407,vítimas,FULL_12_MONTHS,COMPARABLE_WITH_BREAK,legal_category_adoption
PB,2023,Feminicídio,34,4124468,0.8243487402496515,vítimas,FULL_12_MONTHS,COMPARABLE_WITH_BREAK,legal_category_adoption
PE,2023,Feminicídio,83,9514483,0.8723542834644825,vítimas,FULL_12_MONTHS,COMPARABLE_WITH_BREAK,legal_category_adoption
PI,2023,Feminicídio,28,3365881,0.8318773004749722,vítimas,FULL_12_MONTHS,COMPARABLE_WITH_BREAK,legal_category_adoption
PR,2023,Feminicídio,81,11753862,0.6891351965847481,vítimas,FULL_12_MONTHS,COMPARABLE_WITH_BREAK,legal_category_adoption
RJ,2023,Feminicídio,99,17213813,0.575119527556155,vítimas,FULL_12_MONTHS,COMPARABLE_WITH_BREAK,legal_category_adoption
RN,2023,Feminicídio,24,3436278,0.6984301037343311,vítimas,FULL_12_MONTHS,COMPARABLE_WITH_BREAK,legal_category_adoption
RO,2023,Feminicídio,21,1740255,1.2067197048708378,vítimas,FULL_12_MONTHS,COMPARABLE_WITH_BREAK,legal_category_adoption
RR,2023,Feminicídio,6,695270,0.8629740963942065,vítimas,FULL_12_MONTHS,COMPARABLE_WITH_BREAK,legal_category_adoption
RS,2023,Feminicídio,85,11222292,0.7574210330652598,vítimas,FULL_12_MONTHS,COMPARABLE_WITH_BREAK,legal_category_adoption
SC,2023,Feminicídio,57,7927212,0.7190422055068036,vítimas,FULL_12_MONTHS,COMPARABLE_WITH_BREAK,legal_category_adoption
SE,2023,Feminicídio,16,2281994,0.70114119493741,vítimas,FULL_12_MONTHS,COMPARABLE_WITH_BREAK,legal_category_adoption
SP,2023,Feminicídio,221,45850570,0.4820005509200867,vítimas,FULL_12_MONTHS,COMPARABLE_WITH_BREAK,legal_category_adoption
TO,2023,Feminicídio,18,1567191,1.148551771928246,vítimas,FULL_12_MONTHS,COMPARABLE_WITH_BREAK,legal_category_adoption
AC,2024,Feminicídio,8,880631,0.9084395166647552,vítimas,FULL_12_MONTHS,COMPARABLE_WITH_BREAK,legal_category_adoption
AL,2024,Feminicídio,21,3220104,0.6521528497216239,vítimas,FULL_12_MONTHS,COMPARABLE_WITH_BREAK,legal_category_adoption
AM,2024,Feminicídio,29,4281209,0.6773787497877352,vítimas,FULL_12_MONTHS,COMPARABLE_WITH_BREAK,legal_category_adoption
AP,2024,Feminicídio,2,802837,0.24911657036235252,vítimas,FULL_12_MONTHS,COMPARABLE_WITH_BREAK,legal_category_adoption
BA,2024,Feminicídio,110,14850513,0.7407151523991125,vítimas,FULL_12_MONTHS,COMPARABLE_WITH_BREAK,legal_category_adoption
CE,2024,Feminicídio,41,9233656,0.44402780437131295,vítimas,FULL_12_MONTHS,COMPARABLE_WITH_BREAK,legal_category_adoption
DF,2024,Feminicídio,22,2982818,0.7375575713972492,vítimas,FULL_12_MONTHS,COMPARABLE_WITH_BREAK,legal_category_adoption
ES,2024,Feminicídio,41,4102129,0.9994810012069343,vítimas,FULL_12_MONTHS,COMPARABLE_WITH_BREAK,legal_category_adoption
GO,2024,Feminicídio,56,7350483,0.7618546971675194,vítimas,FULL_12_MONTHS,COMPARABLE_WITH_BREAK,legal_category_adoption
MA,2024,Feminicídio,69,7010960,0.9841733514383194,vítimas,FULL_12_MONTHS,COMPARABLE_WITH_BREAK,legal_category_adoption
MG,2024,Feminicídio,169,21322691,0.792582887403846,vítimas,FULL_12_MONTHS,COMPARABLE_WITH_BREAK,legal_category_adoption
MS,2024,Feminicídio,35,2901895,1.2061084222551126,vítimas,FULL_12_MONTHS,COMPARABLE_WITH_BREAK,legal_category_adoption
MT,2024,Feminicídio,47,3836399,1.2251071903626292,vítimas,FULL_12_MONTHS,COMPARABLE_WITH_BREAK,legal_category_adoption
PA,2024,Feminicídio,52,8664306,0.6001634752973868,vítimas,FULL_12_MONTHS,COMPARABLE_WITH_BREAK,legal_category_adoption
PB,2024,Feminicídio,26,4145040,0.6272557080269431,vítimas,FULL_12_MONTHS,COMPARABLE_WITH_BREAK,legal_category_adoption
PE,2024,Feminicídio,76,9539029,0.7967267947293167,vítimas,FULL_12_MONTHS,COMPARABLE_WITH_BREAK,legal_category_adoption
PI,2024,Feminicídio,40,3375646,1.184958375374669,vítimas,FULL_12_MONTHS,COMPARABLE_WITH_BREAK,legal_category_adoption
PR,2024,Feminicídio,109,11824665,0.921802012995717,vítimas,FULL_12_MONTHS,COMPARABLE_WITH_BREAK,legal_category_adoption
RJ,2024,Feminicídio,107,17219679,0.6213820826741312,vítimas,FULL_12_MONTHS,COMPARABLE_WITH_BREAK,legal_category_adoption
RN,2024,Feminicídio,19,3446071,0.551352540327811,vítimas,FULL_12_MONTHS,COMPARABLE_WITH_BREAK,legal_category_adoption
RO,2024,Feminicídio,15,1746227,0.8589948500395423,vítimas,FULL_12_MONTHS,COMPARABLE_WITH_BREAK,legal_category_adoption
RR,2024,Feminicídio,7,716793,0.9765720368362972,vítimas,FULL_12_MONTHS,COMPARABLE_WITH_BREAK,legal_category_adoption
RS,2024,Feminicídio,73,11229915,0.6500494438292721,vítimas,FULL_12_MONTHS,COMPARABLE_WITH_BREAK,legal_category_adoption
SC,2024,Feminicídio,51,8058441,0.6328767561864633,vítimas,FULL_12_MONTHS,COMPARABLE_WITH_BREAK,legal_category_adoption
SE,2024,Feminicídio,10,2291077,0.43647594559240044,vítimas,FULL_12_MONTHS,COMPARABLE_WITH_BREAK,legal_category_adoption
SP,2024,Feminicídio,253,45973194,0.5503206934023336,vítimas,FULL_12_MONTHS,COMPARABLE_WITH_BREAK,legal_category_adoption
TO,2024,Feminicídio,13,1577342,0.8241712957621112,vítimas,FULL_12_MONTHS,COMPARABLE_WITH_BREAK,legal_category_adoption
AC,2025,Feminicídio,14,884372,1.5830442393020132,vítimas,FULL_12_MONTHS,COMPARABLE_WITH_BREAK,legal_category_adoption
AL,2025,Feminicídio,29,3220848,0.9003839982513921,vítimas,FULL_12_MONTHS,COMPARABLE_WITH_BREAK,legal_category_adoption
AM,2025,Feminicídio,20,4321616,0.4627898452800989,vítimas,FULL_12_MONTHS,COMPARABLE_WITH_BREAK,legal_category_adoption
AP,2025,Feminicídio,9,806517,1.1159095220559516,vítimas,FULL_12_MONTHS,COMPARABLE_WITH_BREAK,legal_category_adoption
BA,2025,Feminicídio,102,14870907,0.6859030185583166,vítimas,FULL_12_MONTHS,COMPARABLE_WITH_BREAK,legal_category_adoption
CE,2025,Feminicídio,47,9268836,0.5070755378561019,vítimas,FULL_12_MONTHS,COMPARABLE_WITH_BREAK,legal_category_adoption
DF,2025,Feminicídio,28,2996899,0.9342990871564241,vítimas,FULL_12_MONTHS,COMPARABLE_WITH_BREAK,legal_category_adoption
ES,2025,Feminicídio,34,4126854,0.8238721311681974,vítimas,FULL_12_MONTHS,COMPARABLE_WITH_BREAK,legal_category_adoption
GO,2025,Feminicídio,60,7423629,0.8082300449012202,vítimas,FULL_12_MONTHS,COMPARABLE_WITH_BREAK,legal_category_adoption
MA,2025,Feminicídio,51,7018211,0.7266809162619933,vítimas,FULL_12_MONTHS,COMPARABLE_WITH_BREAK,legal_category_adoption
MG,2025,Feminicídio,177,21393441,0.8273563846040476,vítimas,FULL_12_MONTHS,COMPARABLE_WITH_BREAK,legal_category_adoption
MS,2025,Feminicídio,32,2924631,1.0941551258945146,vítimas,FULL_12_MONTHS,COMPARABLE_WITH_BREAK,legal_category_adoption
MT,2025,Feminicídio,53,3893659,1.3611875102570616,vítimas,FULL_12_MONTHS,COMPARABLE_WITH_BREAK,legal_category_adoption
PA,2025,Feminicídio,63,8711196,0.7232072381335468,vítimas,FULL_12_MONTHS,COMPARABLE_WITH_BREAK,legal_category_adoption
PB,2025,Feminicídio,37,4164468,0.8884688272307532,vítimas,FULL_12_MONTHS,COMPARABLE_WITH_BREAK,legal_category_adoption
PE,2025,Feminicídio,88,9562007,0.9203088849443427,vítimas,FULL_12_MONTHS,COMPARABLE_WITH_BREAK,legal_category_adoption
PI,2025,Feminicídio,37,3384547,1.0932039058698255,vítimas,FULL_12_MONTHS,COMPARABLE_WITH_BREAK,legal_category_adoption
PR,2025,Feminicídio,87,11890584,0.7316713796395534,vítimas,FULL_12_MONTHS,COMPARABLE_WITH_BREAK,legal_category_adoption
RJ,2025,Feminicídio,105,17223547,0.6096305250016155,vítimas,FULL_12_MONTHS,COMPARABLE_WITH_BREAK,legal_category_adoption
RN,2025,Feminicídio,19,3455236,0.5498900798671928,vítimas,FULL_12_MONTHS,COMPARABLE_WITH_BREAK,legal_category_adoption
RO,2025,Feminicídio,25,1751950,1.426981363623391,vítimas,FULL_12_MONTHS,COMPARABLE_WITH_BREAK,legal_category_adoption
RR,2025,Feminicídio,6,738772,0.8121585550074989,vítimas,FULL_12_MONTHS,COMPARABLE_WITH_BREAK,legal_category_adoption
RS,2025,Feminicídio,80,11233263,0.7121706310980167,vítimas,FULL_12_MONTHS,COMPARABLE_WITH_BREAK,legal_category_adoption
SC,2025,Feminicídio,52,8186962,0.6351562398848315,vítimas,FULL_12_MONTHS,COMPARABLE_WITH_BREAK,legal_category_adoption
SE,2025,Feminicídio,17,2299425,0.7393152635985083,vítimas,FULL_12_MONTHS,COMPARABLE_WITH_BREAK,legal_category_adoption
SP,2025,Feminicídio,270,46081801,0.5859145999957771,vítimas,FULL_12_MONTHS,COMPARABLE_WITH_BREAK,legal_category_adoption
TO,2025,Feminicídio,20,1586859,1.2603514237874947,vítimas,FULL_12_MONTHS,COMPARABLE_WITH_BREAK,legal_category_adoption
AL,2015,Tráfico de drogas,1284,3181178,40.36240663049977,ocorrências de fiscalização,FULL_12_MONTHS,NOT_COMPARABLE,standard_vde_indicator
AM,2015,Tráfico de drogas,1924,3859110,49.856054893485805,ocorrências de fiscalização,FULL_12_MONTHS,NOT_COMPARABLE,standard_vde_indicator
AP,2015,Tráfico de drogas,293,747050,39.220935680342684,ocorrências de fiscalização,FULL_12_MONTHS,NOT_COMPARABLE,standard_vde_indicator
BA,2015,Tráfico de drogas,5551,14470447,38.360943514737315,ocorrências de fiscalização,FULL_12_MONTHS,NOT_COMPARABLE,standard_vde_indicator
CE,2015,Tráfico de drogas,4643,8816218,52.66430571476341,ocorrências de fiscalização,FULL_12_MONTHS,NOT_COMPARABLE,standard_vde_indicator
DF,2015,Tráfico de drogas,2911,2794821,104.15693885225565,ocorrências de fiscalização,FULL_12_MONTHS,NOT_COMPARABLE,standard_vde_indicator
MA,2015,Tráfico de drogas,1893,6831416,27.710214104952765,ocorrências de fiscalização,FULL_12_MONTHS,NOT_COMPARABLE,standard_vde_indicator
MG,2015,Tráfico de drogas,26741,20470203,130.63378023168602,ocorrências de fiscalização,FULL_12_MONTHS,NOT_COMPARABLE,standard_vde_indicator
MS,2015,Tráfico de drogas,3710,2652939,139.84490408561976,ocorrências de fiscalização,FULL_12_MONTHS,NOT_COMPARABLE,standard_vde_indicator
MT,2015,Tráfico de drogas,3462,3327512,104.0416984221244,ocorrências de fiscalização,FULL_12_MONTHS,NOT_COMPARABLE,standard_vde_indicator
PA,2015,Tráfico de drogas,4895,8131409,60.19866913593942,ocorrências de fiscalização,FULL_12_MONTHS,NOT_COMPARABLE,standard_vde_indicator
PB,2015,Tráfico de drogas,413,3932039,10.503456349237634,ocorrências de fiscalização,FULL_12_MONTHS,NOT_COMPARABLE,standard_vde_indicator
PE,2015,Tráfico de drogas,4969,9213107,53.93403115800131,ocorrências de fiscalização,FULL_12_MONTHS,NOT_COMPARABLE,standard_vde_indicator
PI,2015,Tráfico de drogas,268,3255812,8.231433510288678,ocorrências de fiscalização,FULL_12_MONTHS,NOT_COMPARABLE,standard_vde_indicator
RJ,2015,Tráfico de drogas,25581,16971856,150.72600191752747,ocorrências de fiscalização,FULL_12_MONTHS,NOT_COMPARABLE,standard_vde_indicator
RN,2015,Tráfico de drogas,280,3322012,8.428626988704435,ocorrências de fiscalização,FULL_12_MONTHS,NOT_COMPARABLE,standard_vde_indicator
RO,2015,Tráfico de drogas,1000,1666906,59.99138523707995,ocorrências de fiscalização,FULL_12_MONTHS,NOT_COMPARABLE,standard_vde_indicator
RS,2015,Tráfico de drogas,9176,11070711,82.88537204159697,ocorrências de fiscalização,FULL_12_MONTHS,NOT_COMPARABLE,standard_vde_indicator
SC,2015,Tráfico de drogas,6765,6889914,98.18700204385715,ocorrências de fiscalização,FULL_12_MONTHS,NOT_COMPARABLE,standard_vde_indicator
SE,2015,Tráfico de drogas,457,2182252,20.941669431394725,ocorrências de fiscalização,FULL_12_MONTHS,NOT_COMPARABLE,standard_vde_indicator
SP,2015,Tráfico de drogas,44364,44217931,100.33033883923696,ocorrências de fiscalização,FULL_12_MONTHS,NOT_COMPARABLE,standard_vde_indicator
AL,2016,Tráfico de drogas,1197,3187906,37.548158571802304,ocorrências de fiscalização,FULL_12_MONTHS,NOT_COMPARABLE,standard_vde_indicator
AM,2016,Tráfico de drogas,2032,3914566,51.90869179367521,ocorrências de fiscalização,FULL_12_MONTHS,NOT_COMPARABLE,standard_vde_indicator
AP,2016,Tráfico de drogas,428,756948,56.54285367026533,ocorrências de fiscalização,FULL_12_MONTHS,NOT_COMPARABLE,standard_vde_indicator
BA,2016,Tráfico de drogas,5856,14527076,40.31093387272153,ocorrências de fiscalização,FULL_12_MONTHS,NOT_COMPARABLE,standard_vde_indicator
CE,2016,Tráfico de drogas,4010,8873158,45.19247825858618,ocorrências de fiscalização,FULL_12_MONTHS,NOT_COMPARABLE,standard_vde_indicator
DF,2016,Tráfico de drogas,2300,2823570,81.45716238662402,ocorrências de fiscalização,FULL_12_MONTHS,NOT_COMPARABLE,standard_vde_indicator
MA,2016,Tráfico de drogas,1852,6863878,26.981831553532857,ocorrências de fiscalização,FULL_12_MONTHS,NOT_COMPARABLE,standard_vde_indicator
MG,2016,Tráfico de drogas,25681,20588168,124.73669342507793,ocorrências de fiscalização,FULL_12_MONTHS,NOT_COMPARABLE,standard_vde_indicator
MS,2016,Tráfico de drogas,3489,2684756,129.95594385486055,ocorrências de fiscalização,FULL_12_MONTHS,NOT_COMPARABLE,standard_vde_indicator
MT,2016,Tráfico de drogas,4410,3380091,130.46986013098464,ocorrências de fiscalização,FULL_12_MONTHS,NOT_COMPARABLE,standard_vde_indicator
PA,2016,Tráfico de drogas,4088,8207830,49.806099785205106,ocorrências de fiscalização,FULL_12_MONTHS,NOT_COMPARABLE,standard_vde_indicator
PB,2016,Tráfico de drogas,354,3957455,8.94514277483888,ocorrências de fiscalização,FULL_12_MONTHS,NOT_COMPARABLE,standard_vde_indicator
PE,2016,Tráfico de drogas,4050,9262684,43.72382778037122,ocorrências de fiscalização,FULL_12_MONTHS,NOT_COMPARABLE,standard_vde_indicator
PI,2016,Tráfico de drogas,879,3271094,26.87174382637735,ocorrências de fiscalização,FULL_12_MONTHS,NOT_COMPARABLE,standard_vde_indicator
RJ,2016,Tráfico de drogas,22834,17043727,133.97304474543625,ocorrências de fiscalização,FULL_12_MONTHS,NOT_COMPARABLE,standard_vde_indicator
RN,2016,Tráfico de drogas,147,3342283,4.3981912961888625,ocorrências de fiscalização,FULL_12_MONTHS,NOT_COMPARABLE,standard_vde_indicator
RO,2016,Tráfico de drogas,1006,1680084,59.87795848302823,ocorrências de fiscalização,FULL_12_MONTHS,NOT_COMPARABLE,standard_vde_indicator
RR,2016,Tráfico de drogas,224,548233,40.85854007329001,ocorrências de fiscalização,FULL_12_MONTHS,NOT_COMPARABLE,standard_vde_indicator
RS,2016,Tráfico de drogas,8914,11109776,80.23564111463634,ocorrências de fiscalização,FULL_12_MONTHS,NOT_COMPARABLE,standard_vde_indicator
SC,2016,Tráfico de drogas,7084,7011473,101.03440461084283,ocorrências de fiscalização,FULL_12_MONTHS,NOT_COMPARABLE,standard_vde_indicator
SE,2016,Tráfico de drogas,727,2198312,33.07082889053055,ocorrências de fiscalização,FULL_12_MONTHS,NOT_COMPARABLE,standard_vde_indicator
SP,2016,Tráfico de drogas,45549,44530110,102.28809225937236,ocorrências de fiscalização,FULL_12_MONTHS,NOT_COMPARABLE,standard_vde_indicator
AL,2017,Tráfico de drogas,1328,3193155,41.58896138771841,ocorrências de fiscalização,FULL_12_MONTHS,NOT_COMPARABLE,standard_vde_indicator
AM,2017,Tráfico de drogas,2979,3966332,75.10717710973262,ocorrências de fiscalização,FULL_12_MONTHS,NOT_COMPARABLE,standard_vde_indicator
AP,2017,Tráfico de drogas,275,765558,35.921510845683805,ocorrências de fiscalização,FULL_12_MONTHS,NOT_COMPARABLE,standard_vde_indicator
BA,2017,Tráfico de drogas,7235,14578692,49.627223073235925,ocorrências de fiscalização,FULL_12_MONTHS,NOT_COMPARABLE,standard_vde_indicator
CE,2017,Tráfico de drogas,5884,8924184,65.93319904654588,ocorrências de fiscalização,FULL_12_MONTHS,NOT_COMPARABLE,standard_vde_indicator
DF,2017,Tráfico de drogas,2577,2850314,90.41109154991345,ocorrências de fiscalização,FULL_12_MONTHS,NOT_COMPARABLE,standard_vde_indicator
GO,2017,Tráfico de drogas,1036,6805532,15.222909832765462,ocorrências de fiscalização,FULL_12_MONTHS,NOT_COMPARABLE,standard_vde_indicator
MA,2017,Tráfico de drogas,2213,6890375,32.11726502548845,ocorrências de fiscalização,FULL_12_MONTHS,NOT_COMPARABLE,standard_vde_indicator
MG,2017,Tráfico de drogas,31818,20695003,153.74725966456734,ocorrências de fiscalização,FULL_12_MONTHS,NOT_COMPARABLE,standard_vde_indicator
MS,2017,Tráfico de drogas,3673,2715557,135.2577021951666,ocorrências de fiscalização,FULL_12_MONTHS,NOT_COMPARABLE,standard_vde_indicator
MT,2017,Tráfico de drogas,3902,3433278,113.6523171150137,ocorrências de fiscalização,FULL_12_MONTHS,NOT_COMPARABLE,standard_vde_indicator
PA,2017,Tráfico de drogas,4098,8275842,49.517620080228696,ocorrências de fiscalização,FULL_12_MONTHS,NOT_COMPARABLE,standard_vde_indicator
PB,2017,Tráfico de drogas,325,3981512,8.162728129414152,ocorrências de fiscalização,FULL_12_MONTHS,NOT_COMPARABLE,standard_vde_indicator
PE,2017,Tráfico de drogas,4245,9304183,45.62464001406679,ocorrências de fiscalização,FULL_12_MONTHS,NOT_COMPARABLE,standard_vde_indicator
PI,2017,Tráfico de drogas,1044,3285746,31.773606359103837,ocorrências de fiscalização,FULL_12_MONTHS,NOT_COMPARABLE,standard_vde_indicator
PR,2017,Tráfico de drogas,10639,11285193,94.27397475612513,ocorrências de fiscalização,FULL_12_MONTHS,NOT_COMPARABLE,standard_vde_indicator
RJ,2017,Tráfico de drogas,19438,17100398,113.66986897030115,ocorrências de fiscalização,FULL_12_MONTHS,NOT_COMPARABLE,standard_vde_indicator
RN,2017,Tráfico de drogas,114,3359217,3.393647984039138,ocorrências de fiscalização,FULL_12_MONTHS,NOT_COMPARABLE,standard_vde_indicator
RO,2017,Tráfico de drogas,1090,1691568,64.43725584782877,ocorrências de fiscalização,FULL_12_MONTHS,NOT_COMPARABLE,standard_vde_indicator
RR,2017,Tráfico de drogas,330,564013,58.5092896794932,ocorrências de fiscalização,FULL_12_MONTHS,NOT_COMPARABLE,standard_vde_indicator
RS,2017,Tráfico de drogas,9458,11141074,84.89307224779226,ocorrências de fiscalização,FULL_12_MONTHS,NOT_COMPARABLE,standard_vde_indicator
SC,2017,Tráfico de drogas,8590,7135459,120.38468723595777,ocorrências de fiscalização,FULL_12_MONTHS,NOT_COMPARABLE,standard_vde_indicator
SE,2017,Tráfico de drogas,791,2212722,35.74782552891868,ocorrências de fiscalização,FULL_12_MONTHS,NOT_COMPARABLE,standard_vde_indicator
SP,2017,Tráfico de drogas,49346,44809066,110.12503585769898,ocorrências de fiscalização,FULL_12_MONTHS,NOT_COMPARABLE,standard_vde_indicator
AC,2018,Tráfico de drogas,171,851504,20.082113530881827,ocorrências de fiscalização,FULL_12_MONTHS,NOT_COMPARABLE,standard_vde_indicator
AL,2018,Tráfico de drogas,1213,3200128,37.90473381064757,ocorrências de fiscalização,FULL_12_MONTHS,NOT_COMPARABLE,standard_vde_indicator
AM,2018,Tráfico de drogas,1697,4018483,42.229866345085945,ocorrências de fiscalização,FULL_12_MONTHS,NOT_COMPARABLE,standard_vde_indicator
AP,2018,Tráfico de drogas,345,772784,44.64378144475041,ocorrências de fiscalização,FULL_12_MONTHS,NOT_COMPARABLE,standard_vde_indicator
BA,2018,Tráfico de drogas,7226,14632652,49.38270929972229,ocorrências de fiscalização,FULL_12_MONTHS,NOT_COMPARABLE,standard_vde_indicator
CE,2018,Tráfico de drogas,7947,8976628,88.52990231966837,ocorrências de fiscalização,FULL_12_MONTHS,NOT_COMPARABLE,standard_vde_indicator
DF,2018,Tráfico de drogas,2814,2875413,97.86420246413297,ocorrências de fiscalização,FULL_12_MONTHS,NOT_COMPARABLE,standard_vde_indicator
ES,2018,Tráfico de drogas,4347,3937119,110.41068354804618,ocorrências de fiscalização,FULL_12_MONTHS,NOT_COMPARABLE,standard_vde_indicator
GO,2018,Tráfico de drogas,1210,6888446,17.565645430043293,ocorrências de fiscalização,FULL_12_MONTHS,NOT_COMPARABLE,standard_vde_indicator
MA,2018,Tráfico de drogas,1931,6917016,27.91666232953632,ocorrências de fiscalização,FULL_12_MONTHS,NOT_COMPARABLE,standard_vde_indicator
MG,2018,Tráfico de drogas,35075,20801238,168.61977157321118,ocorrências de fiscalização,FULL_12_MONTHS,NOT_COMPARABLE,standard_vde_indicator
MS,2018,Tráfico de drogas,3827,2746161,139.35818038345167,ocorrências de fiscalização,FULL_12_MONTHS,NOT_COMPARABLE,standard_vde_indicator
MT,2018,Tráfico de drogas,4505,3490648,129.05913171422614,ocorrências de fiscalização,FULL_12_MONTHS,NOT_COMPARABLE,standard_vde_indicator
PA,2018,Tráfico de drogas,5408,8339467,64.84826908002634,ocorrências de fiscalização,FULL_12_MONTHS,NOT_COMPARABLE,standard_vde_indicator
PB,2018,Tráfico de drogas,201,4008413,5.014453350989531,ocorrências de fiscalização,FULL_12_MONTHS,NOT_COMPARABLE,standard_vde_indicator
PE,2018,Tráfico de drogas,5878,9348293,62.87778956008332,ocorrências de fiscalização,FULL_12_MONTHS,NOT_COMPARABLE,standard_vde_indicator
PI,2018,Tráfico de drogas,892,3302227,27.01207397310966,ocorrências de fiscalização,FULL_12_MONTHS,NOT_COMPARABLE,standard_vde_indicator
PR,2018,Tráfico de drogas,11949,11373980,105.05557421412733,ocorrências de fiscalização,FULL_12_MONTHS,NOT_COMPARABLE,standard_vde_indicator
RJ,2018,Tráfico de drogas,19671,17148943,114.70677813787124,ocorrências de fiscalização,FULL_12_MONTHS,NOT_COMPARABLE,standard_vde_indicator
RN,2018,Tráfico de drogas,241,3375511,7.139659743369227,ocorrências de fiscalização,FULL_12_MONTHS,NOT_COMPARABLE,standard_vde_indicator
RO,2018,Tráfico de drogas,1245,1701892,73.15387815443049,ocorrências de fiscalização,FULL_12_MONTHS,NOT_COMPARABLE,standard_vde_indicator
RR,2018,Tráfico de drogas,366,587497,62.29819045884489,ocorrências de fiscalização,FULL_12_MONTHS,NOT_COMPARABLE,standard_vde_indicator
RS,2018,Tráfico de drogas,11782,11167531,105.50228156966836,ocorrências de fiscalização,FULL_12_MONTHS,NOT_COMPARABLE,standard_vde_indicator
SC,2018,Tráfico de drogas,10571,7266127,145.48328153361481,ocorrências de fiscalização,FULL_12_MONTHS,NOT_COMPARABLE,standard_vde_indicator
SE,2018,Tráfico de drogas,711,2227068,31.925383508720884,ocorrências de fiscalização,FULL_12_MONTHS,NOT_COMPARABLE,standard_vde_indicator
SP,2018,Tráfico de drogas,48322,45062167,107.23407953283738,ocorrências de fiscalização,FULL_12_MONTHS,NOT_COMPARABLE,standard_vde_indicator
TO,2018,Tráfico de drogas,381,1511702,25.203380031249544,ocorrências de fiscalização,FULL_12_MONTHS,NOT_COMPARABLE,standard_vde_indicator
AC,2019,Tráfico de drogas,166,857919,19.34914601495013,ocorrências de fiscalização,FULL_12_MONTHS,NOT_COMPARABLE,standard_vde_indicator
AL,2019,Tráfico de drogas,1142,3208704,35.590693314185415,ocorrências de fiscalização,FULL_12_MONTHS,NOT_COMPARABLE,standard_vde_indicator
AM,2019,Tráfico de drogas,3730,4073280,91.57239374656297,ocorrências de fiscalização,FULL_12_MONTHS,NOT_COMPARABLE,standard_vde_indicator
AP,2019,Tráfico de drogas,637,779468,81.72240553813627,ocorrências de fiscalização,FULL_12_MONTHS,NOT_COMPARABLE,standard_vde_indicator
BA,2019,Tráfico de drogas,7018,14693250,47.763428785326596,ocorrências de fiscalização,FULL_12_MONTHS,NOT_COMPARABLE,standard_vde_indicator
CE,2019,Tráfico de drogas,7007,9035631,77.54854088220291,ocorrências de fiscalização,FULL_12_MONTHS,NOT_COMPARABLE,standard_vde_indicator
DF,2019,Tráfico de drogas,2727,2899708,94.0439520117198,ocorrências de fiscalização,FULL_12_MONTHS,NOT_COMPARABLE,standard_vde_indicator
ES,2019,Tráfico de drogas,5166,3970009,130.12564958920748,ocorrências de fiscalização,FULL_12_MONTHS,NOT_COMPARABLE,standard_vde_indicator
GO,2019,Tráfico de drogas,1387,6974736,19.88605733607695,ocorrências de fiscalização,FULL_12_MONTHS,NOT_COMPARABLE,standard_vde_indicator
MA,2019,Tráfico de drogas,1948,6946725,28.041991010152266,ocorrências de fiscalização,FULL_12_MONTHS,NOT_COMPARABLE,standard_vde_indicator
MG,2019,Tráfico de drogas,34651,20916751,165.66148346844116,ocorrências de fiscalização,FULL_12_MONTHS,NOT_COMPARABLE,standard_vde_indicator
MS,2019,Tráfico de drogas,4269,2777028,153.72549358522852,ocorrências de fiscalização,FULL_12_MONTHS,NOT_COMPARABLE,standard_vde_indicator
MT,2019,Tráfico de drogas,4410,3551996,124.15554522020858,ocorrências de fiscalização,FULL_12_MONTHS,NOT_COMPARABLE,standard_vde_indicator
PA,2019,Tráfico de drogas,6057,8404430,72.06913496810611,ocorrências de fiscalização,FULL_12_MONTHS,NOT_COMPARABLE,standard_vde_indicator
PB,2019,Tráfico de drogas,806,4037810,19.96131566368898,ocorrências de fiscalização,FULL_12_MONTHS,NOT_COMPARABLE,standard_vde_indicator
PE,2019,Tráfico de drogas,7201,9396505,76.63487647800964,ocorrências de fiscalização,FULL_12_MONTHS,NOT_COMPARABLE,standard_vde_indicator
PI,2019,Tráfico de drogas,1031,3320228,31.05208437492847,ocorrências de fiscalização,FULL_12_MONTHS,NOT_COMPARABLE,standard_vde_indicator
PR,2019,Tráfico de drogas,12516,11468227,109.13631200359045,ocorrências de fiscalização,FULL_12_MONTHS,NOT_COMPARABLE,standard_vde_indicator
RJ,2019,Tráfico de drogas,20730,17193919,120.56588146076528,ocorrências de fiscalização,FULL_12_MONTHS,NOT_COMPARABLE,standard_vde_indicator
RN,2019,Tráfico de drogas,543,3392434,16.006206753027474,ocorrências de fiscalização,FULL_12_MONTHS,NOT_COMPARABLE,standard_vde_indicator
RO,2019,Tráfico de drogas,1352,1712560,78.94613911337413,ocorrências de fiscalização,FULL_12_MONTHS,NOT_COMPARABLE,standard_vde_indicator
RR,2019,Tráfico de drogas,361,618125,58.40242669362993,ocorrências de fiscalização,FULL_12_MONTHS,NOT_COMPARABLE,standard_vde_indicator
RS,2019,Tráfico de drogas,12722,11194346,113.64665698201574,ocorrências de fiscalização,FULL_12_MONTHS,NOT_COMPARABLE,standard_vde_indicator
SC,2019,Tráfico de drogas,7856,7403723,106.10877797562118,ocorrências de fiscalização,FULL_12_MONTHS,NOT_COMPARABLE,standard_vde_indicator
SE,2019,Tráfico de drogas,1216,2241300,54.254227457279256,ocorrências de fiscalização,FULL_12_MONTHS,NOT_COMPARABLE,standard_vde_indicator
SP,2019,Tráfico de drogas,47483,45306139,104.804781533028,ocorrências de fiscalização,FULL_12_MONTHS,NOT_COMPARABLE,standard_vde_indicator
TO,2019,Tráfico de drogas,891,1525148,58.42055984074988,ocorrências de fiscalização,FULL_12_MONTHS,NOT_COMPARABLE,standard_vde_indicator
AC,2020,Tráfico de drogas,256,863657,29.641396989777192,ocorrências de fiscalização,FULL_12_MONTHS,NOT_COMPARABLE,standard_vde_indicator
AL,2020,Tráfico de drogas,1319,3214823,41.02869738085114,ocorrências de fiscalização,FULL_12_MONTHS,NOT_COMPARABLE,standard_vde_indicator
AM,2020,Tráfico de drogas,3745,4121226,90.87101750789692,ocorrências de fiscalização,FULL_12_MONTHS,NOT_COMPARABLE,standard_vde_indicator
AP,2020,Tráfico de drogas,771,785533,98.14991859030748,ocorrências de fiscalização,FULL_12_MONTHS,NOT_COMPARABLE,standard_vde_indicator
BA,2020,Tráfico de drogas,6675,14748551,45.25868337845528,ocorrências de fiscalização,FULL_12_MONTHS,NOT_COMPARABLE,standard_vde_indicator
CE,2020,Tráfico de drogas,5493,9088929,60.43616360079389,ocorrências de fiscalização,FULL_12_MONTHS,NOT_COMPARABLE,standard_vde_indicator
DF,2020,Tráfico de drogas,3178,2921417,108.7828269637645,ocorrências de fiscalização,FULL_12_MONTHS,NOT_COMPARABLE,standard_vde_indicator
ES,2020,Tráfico de drogas,5355,4001467,133.82591934408055,ocorrências de fiscalização,FULL_12_MONTHS,NOT_COMPARABLE,standard_vde_indicator
GO,2020,Tráfico de drogas,1501,7060290,21.259749953613802,ocorrências de fiscalização,FULL_12_MONTHS,NOT_COMPARABLE,standard_vde_indicator
MA,2020,Tráfico de drogas,1632,6970988,23.411315583960263,ocorrências de fiscalização,FULL_12_MONTHS,NOT_COMPARABLE,standard_vde_indicator
MG,2020,Tráfico de drogas,38532,21032009,183.20646401397033,ocorrências de fiscalização,FULL_12_MONTHS,NOT_COMPARABLE,standard_vde_indicator
MS,2020,Tráfico de drogas,4611,2806866,164.27574383672038,ocorrências de fiscalização,FULL_12_MONTHS,NOT_COMPARABLE,standard_vde_indicator
MT,2020,Tráfico de drogas,4651,3611987,128.76569046344852,ocorrências de fiscalização,FULL_12_MONTHS,NOT_COMPARABLE,standard_vde_indicator
PA,2020,Tráfico de drogas,5286,8465192,62.44394692996922,ocorrências de fiscalização,FULL_12_MONTHS,NOT_COMPARABLE,standard_vde_indicator
PB,2020,Tráfico de drogas,863,4064935,21.23035177684268,ocorrências de fiscalização,FULL_12_MONTHS,NOT_COMPARABLE,standard_vde_indicator
PE,2020,Tráfico de drogas,8997,9438962,95.31768429621816,ocorrências de fiscalização,FULL_12_MONTHS,NOT_COMPARABLE,standard_vde_indicator
PI,2020,Tráfico de drogas,902,3335863,27.039479738826206,ocorrências de fiscalização,FULL_12_MONTHS,NOT_COMPARABLE,standard_vde_indicator
PR,2020,Tráfico de drogas,13881,11560987,120.06760322453438,ocorrências de fiscalização,FULL_12_MONTHS,NOT_COMPARABLE,standard_vde_indicator
RJ,2020,Tráfico de drogas,19140,17222305,111.13494970620948,ocorrências de fiscalização,FULL_12_MONTHS,NOT_COMPARABLE,standard_vde_indicator
RN,2020,Tráfico de drogas,950,3407618,27.878711757010322,ocorrências de fiscalização,FULL_12_MONTHS,NOT_COMPARABLE,standard_vde_indicator
RO,2020,Tráfico de drogas,1536,1722753,89.15961835503987,ocorrências de fiscalização,FULL_12_MONTHS,NOT_COMPARABLE,standard_vde_indicator
RS,2020,Tráfico de drogas,15739,11220286,140.2727167560613,ocorrências de fiscalização,FULL_12_MONTHS,NOT_COMPARABLE,standard_vde_indicator
SC,2020,Tráfico de drogas,6824,7541975,90.4802787068374,ocorrências de fiscalização,FULL_12_MONTHS,NOT_COMPARABLE,standard_vde_indicator
SE,2020,Tráfico de drogas,1216,2254218,53.94331870298259,ocorrências de fiscalização,FULL_12_MONTHS,NOT_COMPARABLE,standard_vde_indicator
SP,2020,Tráfico de drogas,41560,45523191,91.29412742617274,ocorrências de fiscalização,FULL_12_MONTHS,NOT_COMPARABLE,standard_vde_indicator
TO,2020,Tráfico de drogas,975,1537886,63.39871746020186,ocorrências de fiscalização,FULL_12_MONTHS,NOT_COMPARABLE,standard_vde_indicator
AC,2021,Tráfico de drogas,667,868346,76.81269908538762,ocorrências de fiscalização,FULL_12_MONTHS,NOT_COMPARABLE,standard_vde_indicator
AL,2021,Tráfico de drogas,1578,3217819,49.039427015627666,ocorrências de fiscalização,FULL_12_MONTHS,NOT_COMPARABLE,standard_vde_indicator
AM,2021,Tráfico de drogas,3664,4160013,88.07664783739858,ocorrências de fiscalização,FULL_12_MONTHS,NOT_COMPARABLE,standard_vde_indicator
AP,2021,Tráfico de drogas,906,790871,114.55724132001299,ocorrências de fiscalização,FULL_12_MONTHS,NOT_COMPARABLE,standard_vde_indicator
BA,2021,Tráfico de drogas,7426,14788270,50.215474832417854,ocorrências de fiscalização,FULL_12_MONTHS,NOT_COMPARABLE,standard_vde_indicator
CE,2021,Tráfico de drogas,5198,9129520,56.93618065352833,ocorrências de fiscalização,FULL_12_MONTHS,NOT_COMPARABLE,standard_vde_indicator
DF,2021,Tráfico de drogas,2844,2938025,96.79972090094536,ocorrências de fiscalização,FULL_12_MONTHS,NOT_COMPARABLE,standard_vde_indicator
ES,2021,Tráfico de drogas,4958,4027541,123.10240913748612,ocorrências de fiscalização,FULL_12_MONTHS,NOT_COMPARABLE,standard_vde_indicator
GO,2021,Tráfico de drogas,1397,7133954,19.58240829699771,ocorrências de fiscalização,FULL_12_MONTHS,NOT_COMPARABLE,standard_vde_indicator
MA,2021,Tráfico de drogas,1877,6988154,26.85974006869339,ocorrências de fiscalização,FULL_12_MONTHS,NOT_COMPARABLE,standard_vde_indicator
MG,2021,Tráfico de drogas,37521,21117017,177.6813458075068,ocorrências de fiscalização,FULL_12_MONTHS,NOT_COMPARABLE,standard_vde_indicator
MS,2021,Tráfico de drogas,4453,2831943,157.2418653906523,ocorrências de fiscalização,FULL_12_MONTHS,NOT_COMPARABLE,standard_vde_indicator
MT,2021,Tráfico de drogas,4742,3666669,129.32719042815154,ocorrências de fiscalização,FULL_12_MONTHS,NOT_COMPARABLE,standard_vde_indicator
PA,2021,Tráfico de drogas,5102,8520153,59.88155377021985,ocorrências de fiscalização,FULL_12_MONTHS,NOT_COMPARABLE,standard_vde_indicator
PB,2021,Tráfico de drogas,852,4087783,20.842593650396804,ocorrências de fiscalização,FULL_12_MONTHS,NOT_COMPARABLE,standard_vde_indicator
PE,2021,Tráfico de drogas,9463,9470176,99.92422527311003,ocorrências de fiscalização,FULL_12_MONTHS,NOT_COMPARABLE,standard_vde_indicator
PI,2021,Tráfico de drogas,1129,3347856,33.72307530550896,ocorrências de fiscalização,FULL_12_MONTHS,NOT_COMPARABLE,standard_vde_indicator
PR,2021,Tráfico de drogas,12463,11630298,107.15976495185248,ocorrências de fiscalização,FULL_12_MONTHS,NOT_COMPARABLE,standard_vde_indicator
RJ,2021,Tráfico de drogas,19717,17220455,114.49755537818251,ocorrências de fiscalização,FULL_12_MONTHS,NOT_COMPARABLE,standard_vde_indicator
RN,2021,Tráfico de drogas,1219,3419382,35.649716820173936,ocorrências de fiscalização,FULL_12_MONTHS,NOT_COMPARABLE,standard_vde_indicator
RO,2021,Tráfico de drogas,1250,1729622,72.27012607378953,ocorrências de fiscalização,FULL_12_MONTHS,NOT_COMPARABLE,standard_vde_indicator
RR,2021,Tráfico de drogas,398,654972,60.7659564072968,ocorrências de fiscalização,FULL_12_MONTHS,NOT_COMPARABLE,standard_vde_indicator
RS,2021,Tráfico de drogas,16892,11227789,150.44814255059478,ocorrências de fiscalização,FULL_12_MONTHS,NOT_COMPARABLE,standard_vde_indicator
SC,2021,Tráfico de drogas,6033,7671648,78.64020872699061,ocorrências de fiscalização,FULL_12_MONTHS,NOT_COMPARABLE,standard_vde_indicator
SE,2021,Tráfico de drogas,1229,2264937,54.26199492524516,ocorrências de fiscalização,FULL_12_MONTHS,NOT_COMPARABLE,standard_vde_indicator
SP,2021,Tráfico de drogas,38619,45651915,84.59447977154956,ocorrências de fiscalização,FULL_12_MONTHS,NOT_COMPARABLE,standard_vde_indicator
TO,2021,Tráfico de drogas,828,1548514,53.470617637296144,ocorrências de fiscalização,FULL_12_MONTHS,NOT_COMPARABLE,standard_vde_indicator
AC,2022,Tráfico de drogas,886,872566,101.53959700469649,ocorrências de fiscalização,FULL_12_MONTHS,NOT_COMPARABLE,standard_vde_indicator
AL,2022,Tráfico de drogas,1306,3218381,40.57940933655773,ocorrências de fiscalização,FULL_12_MONTHS,NOT_COMPARABLE,standard_vde_indicator
AM,2022,Tráfico de drogas,1817,4199791,43.264057663821845,ocorrências de fiscalização,FULL_12_MONTHS,NOT_COMPARABLE,standard_vde_indicator
AP,2022,Tráfico de drogas,731,795457,91.89685928969133,ocorrências de fiscalização,FULL_12_MONTHS,NOT_COMPARABLE,standard_vde_indicator
BA,2022,Tráfico de drogas,6420,14811339,43.34516953531345,ocorrências de fiscalização,FULL_12_MONTHS,NOT_COMPARABLE,standard_vde_indicator
CE,2022,Tráfico de drogas,4764,9162955,51.99196110861616,ocorrências de fiscalização,FULL_12_MONTHS,NOT_COMPARABLE,standard_vde_indicator
DF,2022,Tráfico de drogas,2258,2952426,76.47947823247729,ocorrências de fiscalização,FULL_12_MONTHS,NOT_COMPARABLE,standard_vde_indicator
ES,2022,Tráfico de drogas,4644,4050913,114.6408229453459,ocorrências de fiscalização,FULL_12_MONTHS,NOT_COMPARABLE,standard_vde_indicator
GO,2022,Tráfico de drogas,1227,7201254,17.03869909324126,ocorrências de fiscalização,FULL_12_MONTHS,NOT_COMPARABLE,standard_vde_indicator
MA,2022,Tráfico de drogas,1627,6998087,23.249210820042677,ocorrências de fiscalização,FULL_12_MONTHS,NOT_COMPARABLE,standard_vde_indicator
MG,2022,Tráfico de drogas,27077,21178401,127.85195633985776,ocorrências de fiscalização,FULL_12_MONTHS,NOT_COMPARABLE,standard_vde_indicator
MS,2022,Tráfico de drogas,4025,2854377,141.01150618856585,ocorrências de fiscalização,FULL_12_MONTHS,NOT_COMPARABLE,standard_vde_indicator
MT,2022,Tráfico de drogas,4289,3720967,115.26573603044585,ocorrências de fiscalização,FULL_12_MONTHS,NOT_COMPARABLE,standard_vde_indicator
PA,2022,Tráfico de drogas,4894,8570045,57.10588450819103,ocorrências de fiscalização,FULL_12_MONTHS,NOT_COMPARABLE,standard_vde_indicator
PB,2022,Tráfico de drogas,1055,4106026,25.69394348696282,ocorrências de fiscalização,FULL_12_MONTHS,NOT_COMPARABLE,standard_vde_indicator
PE,2022,Tráfico de drogas,10192,9493026,107.3630262889831,ocorrências de fiscalização,FULL_12_MONTHS,NOT_COMPARABLE,standard_vde_indicator
PI,2022,Tráfico de drogas,1210,3357043,36.04362529762056,ocorrências de fiscalização,FULL_12_MONTHS,NOT_COMPARABLE,standard_vde_indicator
PR,2022,Tráfico de drogas,10118,11686692,86.57710838961103,ocorrências de fiscalização,FULL_12_MONTHS,NOT_COMPARABLE,standard_vde_indicator
RJ,2022,Tráfico de drogas,18779,17211760,109.10563475205325,ocorrências de fiscalização,FULL_12_MONTHS,NOT_COMPARABLE,standard_vde_indicator
RN,2022,Tráfico de drogas,1358,3427955,39.61545586216855,ocorrências de fiscalização,FULL_12_MONTHS,NOT_COMPARABLE,standard_vde_indicator
RO,2022,Tráfico de drogas,1343,1734648,77.42204758544673,ocorrências de fiscalização,FULL_12_MONTHS,NOT_COMPARABLE,standard_vde_indicator
RR,2022,Tráfico de drogas,470,673404,69.79465521440324,ocorrências de fiscalização,FULL_12_MONTHS,NOT_COMPARABLE,standard_vde_indicator
RS,2022,Tráfico de drogas,16290,11220506,145.18061841417847,ocorrências de fiscalização,FULL_12_MONTHS,NOT_COMPARABLE,standard_vde_indicator
SC,2022,Tráfico de drogas,5838,7796817,74.87670930329647,ocorrências de fiscalização,FULL_12_MONTHS,NOT_COMPARABLE,standard_vde_indicator
SE,2022,Tráfico de drogas,1017,2273589,44.73103977895741,ocorrências de fiscalização,FULL_12_MONTHS,NOT_COMPARABLE,standard_vde_indicator
SP,2022,Tráfico de drogas,32392,45736978,70.8223442309634,ocorrências de fiscalização,FULL_12_MONTHS,NOT_COMPARABLE,standard_vde_indicator
TO,2022,Tráfico de drogas,681,1557580,43.72167079700561,ocorrências de fiscalização,FULL_12_MONTHS,NOT_COMPARABLE,standard_vde_indicator
AC,2023,Tráfico de drogas,703,876582,80.19785941303837,ocorrências de fiscalização,FULL_12_MONTHS,NOT_COMPARABLE,standard_vde_indicator
AL,2023,Tráfico de drogas,1191,3218607,37.00358571270118,ocorrências de fiscalização,FULL_12_MONTHS,NOT_COMPARABLE,standard_vde_indicator
AM,2023,Tráfico de drogas,2299,4240571,54.21439707058318,ocorrências de fiscalização,FULL_12_MONTHS,NOT_COMPARABLE,standard_vde_indicator
AP,2023,Tráfico de drogas,786,799124,98.35770168334327,ocorrências de fiscalização,FULL_12_MONTHS,NOT_COMPARABLE,standard_vde_indicator
BA,2023,Tráfico de drogas,6702,14828806,45.19581684459288,ocorrências de fiscalização,FULL_12_MONTHS,NOT_COMPARABLE,standard_vde_indicator
CE,2023,Tráfico de drogas,5492,9196672,59.71725424153433,ocorrências de fiscalização,FULL_12_MONTHS,NOT_COMPARABLE,standard_vde_indicator
DF,2023,Tráfico de drogas,2442,2967543,82.29029874209068,ocorrências de fiscalização,FULL_12_MONTHS,NOT_COMPARABLE,standard_vde_indicator
ES,2023,Tráfico de drogas,4484,4076068,110.00797827710431,ocorrências de fiscalização,FULL_12_MONTHS,NOT_COMPARABLE,standard_vde_indicator
GO,2023,Tráfico de drogas,1249,7274463,17.169652247870392,ocorrências de fiscalização,FULL_12_MONTHS,NOT_COMPARABLE,standard_vde_indicator
MA,2023,Tráfico de drogas,1601,7003234,22.860866850943435,ocorrências de fiscalização,FULL_12_MONTHS,NOT_COMPARABLE,standard_vde_indicator
MG,2023,Tráfico de drogas,29468,21247401,138.68990376752433,ocorrências de fiscalização,FULL_12_MONTHS,NOT_COMPARABLE,standard_vde_indicator
MS,2023,Tráfico de drogas,3908,2878009,135.78831754869427,ocorrências de fiscalização,FULL_12_MONTHS,NOT_COMPARABLE,standard_vde_indicator
MT,2023,Tráfico de drogas,4087,3778389,108.16779320498763,ocorrências de fiscalização,FULL_12_MONTHS,NOT_COMPARABLE,standard_vde_indicator
PA,2023,Tráfico de drogas,5917,8616120,68.67360250321491,ocorrências de fiscalização,FULL_12_MONTHS,NOT_COMPARABLE,standard_vde_indicator
PB,2023,Tráfico de drogas,1551,4124468,37.6048498860944,ocorrências de fiscalização,FULL_12_MONTHS,NOT_COMPARABLE,standard_vde_indicator
PE,2023,Tráfico de drogas,10021,9514483,105.32364186262144,ocorrências de fiscalização,FULL_12_MONTHS,NOT_COMPARABLE,standard_vde_indicator
PI,2023,Tráfico de drogas,1686,3365881,50.090897450028685,ocorrências de fiscalização,FULL_12_MONTHS,NOT_COMPARABLE,standard_vde_indicator
PR,2023,Tráfico de drogas,12262,11753862,104.32315778422445,ocorrências de fiscalização,FULL_12_MONTHS,NOT_COMPARABLE,standard_vde_indicator
RJ,2023,Tráfico de drogas,20442,17213813,118.75346850811032,ocorrências de fiscalização,FULL_12_MONTHS,NOT_COMPARABLE,standard_vde_indicator
RN,2023,Tráfico de drogas,1682,3436278,48.94830977004771,ocorrências de fiscalização,FULL_12_MONTHS,NOT_COMPARABLE,standard_vde_indicator
RO,2023,Tráfico de drogas,1554,1740255,89.297258160442,ocorrências de fiscalização,FULL_12_MONTHS,NOT_COMPARABLE,standard_vde_indicator
RR,2023,Tráfico de drogas,519,695270,74.64725933809886,ocorrências de fiscalização,FULL_12_MONTHS,NOT_COMPARABLE,standard_vde_indicator
RS,2023,Tráfico de drogas,16090,11222292,143.3753461414121,ocorrências de fiscalização,FULL_12_MONTHS,NOT_COMPARABLE,standard_vde_indicator
SC,2023,Tráfico de drogas,5682,7927212,71.67715459104664,ocorrências de fiscalização,FULL_12_MONTHS,NOT_COMPARABLE,standard_vde_indicator
SE,2023,Tráfico de drogas,1400,2281994,61.34985455702338,ocorrências de fiscalização,FULL_12_MONTHS,NOT_COMPARABLE,standard_vde_indicator
SP,2023,Tráfico de drogas,35784,45850570,78.04483128563069,ocorrências de fiscalização,FULL_12_MONTHS,NOT_COMPARABLE,standard_vde_indicator
TO,2023,Tráfico de drogas,879,1567191,56.087611529162686,ocorrências de fiscalização,FULL_12_MONTHS,NOT_COMPARABLE,standard_vde_indicator
AC,2024,Tráfico de drogas,830,880631,94.25059985396835,ocorrências de fiscalização,FULL_12_MONTHS,NOT_COMPARABLE,standard_vde_indicator
AL,2024,Tráfico de drogas,1177,3220104,36.55161448201673,ocorrências de fiscalização,FULL_12_MONTHS,NOT_COMPARABLE,standard_vde_indicator
AM,2024,Tráfico de drogas,2252,4281209,52.6019636042062,ocorrências de fiscalização,FULL_12_MONTHS,NOT_COMPARABLE,standard_vde_indicator
AP,2024,Tráfico de drogas,1015,802837,126.4266594588939,ocorrências de fiscalização,FULL_12_MONTHS,NOT_COMPARABLE,standard_vde_indicator
BA,2024,Tráfico de drogas,6772,14850513,45.601118291334444,ocorrências de fiscalização,FULL_12_MONTHS,NOT_COMPARABLE,standard_vde_indicator
CE,2024,Tráfico de drogas,5606,9233656,60.712679787940985,ocorrências de fiscalização,FULL_12_MONTHS,NOT_COMPARABLE,standard_vde_indicator
DF,2024,Tráfico de drogas,2588,2982818,86.76359067164005,ocorrências de fiscalização,FULL_12_MONTHS,NOT_COMPARABLE,standard_vde_indicator
ES,2024,Tráfico de drogas,4739,4102129,115.52537718828442,ocorrências de fiscalização,FULL_12_MONTHS,NOT_COMPARABLE,standard_vde_indicator
GO,2024,Tráfico de drogas,5682,7350483,77.30104266617582,ocorrências de fiscalização,FULL_12_MONTHS,NOT_COMPARABLE,standard_vde_indicator
MA,2024,Tráfico de drogas,1632,7010960,23.27783926880199,ocorrências de fiscalização,FULL_12_MONTHS,NOT_COMPARABLE,standard_vde_indicator
MG,2024,Tráfico de drogas,23813,21322691,111.6791496908153,ocorrências de fiscalização,FULL_12_MONTHS,NOT_COMPARABLE,standard_vde_indicator
MS,2024,Tráfico de drogas,4058,2901895,139.83965650032135,ocorrências de fiscalização,FULL_12_MONTHS,NOT_COMPARABLE,standard_vde_indicator
MT,2024,Tráfico de drogas,4553,3836399,118.67900080257554,ocorrências de fiscalização,FULL_12_MONTHS,NOT_COMPARABLE,standard_vde_indicator
PA,2024,Tráfico de drogas,5350,8664306,61.747588323865756,ocorrências de fiscalização,FULL_12_MONTHS,NOT_COMPARABLE,standard_vde_indicator
PB,2024,Tráfico de drogas,2349,4145040,56.670140698280356,ocorrências de fiscalização,FULL_12_MONTHS,NOT_COMPARABLE,standard_vde_indicator
PE,2024,Tráfico de drogas,9137,9539029,95.7854305716022,ocorrências de fiscalização,FULL_12_MONTHS,NOT_COMPARABLE,standard_vde_indicator
PI,2024,Tráfico de drogas,1858,3375646,55.041316536153374,ocorrências de fiscalização,FULL_12_MONTHS,NOT_COMPARABLE,standard_vde_indicator
PR,2024,Tráfico de drogas,13343,11824665,112.84040604955827,ocorrências de fiscalização,FULL_12_MONTHS,NOT_COMPARABLE,standard_vde_indicator
RJ,2024,Tráfico de drogas,21017,17219679,122.05221711740387,ocorrências de fiscalização,FULL_12_MONTHS,NOT_COMPARABLE,standard_vde_indicator
RN,2024,Tráfico de drogas,2209,3446071,64.10198745179655,ocorrências de fiscalização,FULL_12_MONTHS,NOT_COMPARABLE,standard_vde_indicator
RO,2024,Tráfico de drogas,1313,1746227,75.19068254012794,ocorrências de fiscalização,FULL_12_MONTHS,NOT_COMPARABLE,standard_vde_indicator
RR,2024,Tráfico de drogas,419,716793,58.45481191920122,ocorrências de fiscalização,FULL_12_MONTHS,NOT_COMPARABLE,standard_vde_indicator
RS,2024,Tráfico de drogas,16736,11229915,149.03051358803694,ocorrências de fiscalização,FULL_12_MONTHS,NOT_COMPARABLE,standard_vde_indicator
SC,2024,Tráfico de drogas,5804,8058441,72.02385672365163,ocorrências de fiscalização,FULL_12_MONTHS,NOT_COMPARABLE,standard_vde_indicator
SE,2024,Tráfico de drogas,1387,2291077,60.53921365366594,ocorrências de fiscalização,FULL_12_MONTHS,NOT_COMPARABLE,standard_vde_indicator
SP,2024,Tráfico de drogas,37753,45973194,82.11959343090237,ocorrências de fiscalização,FULL_12_MONTHS,NOT_COMPARABLE,standard_vde_indicator
TO,2024,Tráfico de drogas,933,1577342,59.150139918926904,ocorrências de fiscalização,FULL_12_MONTHS,NOT_COMPARABLE,standard_vde_indicator
AC,2025,Tráfico de drogas,868,884372,98.14874283672482,ocorrências de fiscalização,FULL_12_MONTHS,NOT_COMPARABLE,standard_vde_indicator
AL,2025,Tráfico de drogas,1322,3220848,41.04509123063243,ocorrências de fiscalização,FULL_12_MONTHS,NOT_COMPARABLE,standard_vde_indicator
AM,2025,Tráfico de drogas,3134,4321616,72.5191687553915,ocorrências de fiscalização,FULL_12_MONTHS,NOT_COMPARABLE,standard_vde_indicator
AP,2025,Tráfico de drogas,1115,806517,138.2487907880429,ocorrências de fiscalização,FULL_12_MONTHS,NOT_COMPARABLE,standard_vde_indicator
BA,2025,Tráfico de drogas,8475,14870907,56.99047139491895,ocorrências de fiscalização,FULL_12_MONTHS,NOT_COMPARABLE,standard_vde_indicator
CE,2025,Tráfico de drogas,7477,9268836,80.66816588404413,ocorrências de fiscalização,FULL_12_MONTHS,NOT_COMPARABLE,standard_vde_indicator
DF,2025,Tráfico de drogas,3089,2996899,103.07321000807835,ocorrências de fiscalização,FULL_12_MONTHS,NOT_COMPARABLE,standard_vde_indicator
ES,2025,Tráfico de drogas,5549,4126854,134.46077811330375,ocorrências de fiscalização,FULL_12_MONTHS,NOT_COMPARABLE,standard_vde_indicator
GO,2025,Tráfico de drogas,6218,7423629,83.75957365326312,ocorrências de fiscalização,FULL_12_MONTHS,NOT_COMPARABLE,standard_vde_indicator
MA,2025,Tráfico de drogas,2749,7018211,39.169526251063125,ocorrências de fiscalização,FULL_12_MONTHS,NOT_COMPARABLE,standard_vde_indicator
MG,2025,Tráfico de drogas,33853,21393441,158.240088632773,ocorrências de fiscalização,FULL_12_MONTHS,NOT_COMPARABLE,standard_vde_indicator
MS,2025,Tráfico de drogas,3341,2924631,114.23663361292417,ocorrências de fiscalização,FULL_12_MONTHS,NOT_COMPARABLE,standard_vde_indicator
MT,2025,Tráfico de drogas,5010,3893659,128.6707438941109,ocorrências de fiscalização,FULL_12_MONTHS,NOT_COMPARABLE,standard_vde_indicator
PA,2025,Tráfico de drogas,5238,8711196,60.129516084817745,ocorrências de fiscalização,FULL_12_MONTHS,NOT_COMPARABLE,standard_vde_indicator
PB,2025,Tráfico de drogas,2763,4164468,66.34700999023164,ocorrências de fiscalização,FULL_12_MONTHS,NOT_COMPARABLE,standard_vde_indicator
PE,2025,Tráfico de drogas,9800,9562007,102.48894400516544,ocorrências de fiscalização,FULL_12_MONTHS,NOT_COMPARABLE,standard_vde_indicator
PI,2025,Tráfico de drogas,2487,3384547,73.48103010535827,ocorrências de fiscalização,FULL_12_MONTHS,NOT_COMPARABLE,standard_vde_indicator
PR,2025,Tráfico de drogas,13983,11890584,117.59725174137789,ocorrências de fiscalização,FULL_12_MONTHS,NOT_COMPARABLE,standard_vde_indicator
RJ,2025,Tráfico de drogas,21065,17223547,122.3034953253241,ocorrências de fiscalização,FULL_12_MONTHS,NOT_COMPARABLE,standard_vde_indicator
RN,2025,Tráfico de drogas,2732,3455236,79.06840516827215,ocorrências de fiscalização,FULL_12_MONTHS,NOT_COMPARABLE,standard_vde_indicator
RO,2025,Tráfico de drogas,1750,1751950,99.88869545363738,ocorrências de fiscalização,FULL_12_MONTHS,NOT_COMPARABLE,standard_vde_indicator
RR,2025,Tráfico de drogas,470,738772,63.61908680892075,ocorrências de fiscalização,FULL_12_MONTHS,NOT_COMPARABLE,standard_vde_indicator
RS,2025,Tráfico de drogas,18179,11233263,161.83187378413555,ocorrências de fiscalização,FULL_12_MONTHS,NOT_COMPARABLE,standard_vde_indicator
SC,2025,Tráfico de drogas,7258,8186962,88.65315363623283,ocorrências de fiscalização,FULL_12_MONTHS,NOT_COMPARABLE,standard_vde_indicator
SE,2025,Tráfico de drogas,1440,2299425,62.62435174010894,ocorrências de fiscalização,FULL_12_MONTHS,NOT_COMPARABLE,standard_vde_indicator
SP,2025,Tráfico de drogas,45507,46081801,98.75265074817713,ocorrências de fiscalização,FULL_12_MONTHS,NOT_COMPARABLE,standard_vde_indicator
TO,2025,Tráfico de drogas,1045,1586859,65.8533618928966,ocorrências de fiscalização,FULL_12_MONTHS,NOT_COMPARABLE,standard_vde_indicator
AL,2015,Armas de fogo apreendidas,1987,3181178,62.46113860965969,objetos apreendidos,FULL_12_MONTHS,NOT_COMPARABLE,standard_vde_indicator
AM,2015,Armas de fogo apreendidas,505,3859110,13.085918774017843,objetos apreendidos,FULL_12_MONTHS,NOT_COMPARABLE,standard_vde_indicator
AP,2015,Armas de fogo apreendidas,416,747050,55.6856970751623,objetos apreendidos,FULL_12_MONTHS,NOT_COMPARABLE,standard_vde_indicator
BA,2015,Armas de fogo apreendidas,5564,14470447,38.45078178994747,objetos apreendidos,FULL_12_MONTHS,NOT_COMPARABLE,standard_vde_indicator
CE,2015,Armas de fogo apreendidas,6288,8816218,71.32310022279394,objetos apreendidos,FULL_12_MONTHS,NOT_COMPARABLE,standard_vde_indicator
DF,2015,Armas de fogo apreendidas,2392,2794821,85.58687658350928,objetos apreendidos,FULL_12_MONTHS,NOT_COMPARABLE,standard_vde_indicator
MA,2015,Armas de fogo apreendidas,2252,6831416,32.96534715496758,objetos apreendidos,FULL_12_MONTHS,NOT_COMPARABLE,standard_vde_indicator
MG,2015,Armas de fogo apreendidas,22684,20470203,110.8147290967266,objetos apreendidos,FULL_12_MONTHS,NOT_COMPARABLE,standard_vde_indicator
MS,2015,Armas de fogo apreendidas,2125,2652939,80.09984398435094,objetos apreendidos,FULL_12_MONTHS,NOT_COMPARABLE,standard_vde_indicator
MT,2015,Armas de fogo apreendidas,2248,3327512,67.5579832619687,objetos apreendidos,FULL_12_MONTHS,NOT_COMPARABLE,standard_vde_indicator
PA,2015,Armas de fogo apreendidas,1618,8131409,19.898150492737482,objetos apreendidos,FULL_12_MONTHS,NOT_COMPARABLE,standard_vde_indicator
PB,2015,Armas de fogo apreendidas,3847,3932039,97.83727984386726,objetos apreendidos,FULL_12_MONTHS,NOT_COMPARABLE,standard_vde_indicator
PE,2015,Armas de fogo apreendidas,2611,9213107,28.34005943923152,objetos apreendidos,FULL_12_MONTHS,NOT_COMPARABLE,standard_vde_indicator
PI,2015,Armas de fogo apreendidas,116,3255812,3.5628592805727113,objetos apreendidos,FULL_12_MONTHS,NOT_COMPARABLE,standard_vde_indicator
RJ,2015,Armas de fogo apreendidas,8956,16971856,52.76971475600547,objetos apreendidos,FULL_12_MONTHS,NOT_COMPARABLE,standard_vde_indicator
RN,2015,Armas de fogo apreendidas,621,3322012,18.693490571376625,objetos apreendidos,FULL_12_MONTHS,NOT_COMPARABLE,standard_vde_indicator
RS,2015,Armas de fogo apreendidas,13853,11070711,125.13198113472568,objetos apreendidos,FULL_12_MONTHS,NOT_COMPARABLE,standard_vde_indicator
SC,2015,Armas de fogo apreendidas,3938,6889914,57.15601094585506,objetos apreendidos,FULL_12_MONTHS,NOT_COMPARABLE,standard_vde_indicator
SE,2015,Armas de fogo apreendidas,1150,2182252,52.697855243115825,objetos apreendidos,FULL_12_MONTHS,NOT_COMPARABLE,standard_vde_indicator
SP,2015,Armas de fogo apreendidas,17250,44217931,39.011323257074146,objetos apreendidos,FULL_12_MONTHS,NOT_COMPARABLE,standard_vde_indicator
AL,2016,Armas de fogo apreendidas,1911,3187906,59.94530579007035,objetos apreendidos,FULL_12_MONTHS,NOT_COMPARABLE,standard_vde_indicator
AM,2016,Armas de fogo apreendidas,640,3914566,16.349194265724478,objetos apreendidos,FULL_12_MONTHS,NOT_COMPARABLE,standard_vde_indicator
AP,2016,Armas de fogo apreendidas,491,756948,64.86575035537447,objetos apreendidos,FULL_12_MONTHS,NOT_COMPARABLE,standard_vde_indicator
BA,2016,Armas de fogo apreendidas,6062,14527076,41.72897560389992,objetos apreendidos,FULL_12_MONTHS,NOT_COMPARABLE,standard_vde_indicator
CE,2016,Armas de fogo apreendidas,5497,8873158,61.950886031782595,objetos apreendidos,FULL_12_MONTHS,NOT_COMPARABLE,standard_vde_indicator
DF,2016,Armas de fogo apreendidas,2328,2823570,82.44881479828727,objetos apreendidos,FULL_12_MONTHS,NOT_COMPARABLE,standard_vde_indicator
MA,2016,Armas de fogo apreendidas,2629,6863878,38.301962826262354,objetos apreendidos,FULL_12_MONTHS,NOT_COMPARABLE,standard_vde_indicator
MG,2016,Armas de fogo apreendidas,23009,20588168,111.75836529019969,objetos apreendidos,FULL_12_MONTHS,NOT_COMPARABLE,standard_vde_indicator
MS,2016,Armas de fogo apreendidas,1929,2684756,71.85010481399426,objetos apreendidos,FULL_12_MONTHS,NOT_COMPARABLE,standard_vde_indicator
MT,2016,Armas de fogo apreendidas,2825,3380091,83.57763148980308,objetos apreendidos,FULL_12_MONTHS,NOT_COMPARABLE,standard_vde_indicator
PA,2016,Armas de fogo apreendidas,3286,8207830,40.03494224417416,objetos apreendidos,FULL_12_MONTHS,NOT_COMPARABLE,standard_vde_indicator
PB,2016,Armas de fogo apreendidas,3437,3957455,86.8487449636193,objetos apreendidos,FULL_12_MONTHS,NOT_COMPARABLE,standard_vde_indicator
PE,2016,Armas de fogo apreendidas,2062,9262684,22.261366143981594,objetos apreendidos,FULL_12_MONTHS,NOT_COMPARABLE,standard_vde_indicator
PI,2016,Armas de fogo apreendidas,221,3271094,6.756149471705796,objetos apreendidos,FULL_12_MONTHS,NOT_COMPARABLE,standard_vde_indicator
RJ,2016,Armas de fogo apreendidas,9010,17043727,52.864024400296955,objetos apreendidos,FULL_12_MONTHS,NOT_COMPARABLE,standard_vde_indicator
RN,2016,Armas de fogo apreendidas,690,3342283,20.64457139027425,objetos apreendidos,FULL_12_MONTHS,NOT_COMPARABLE,standard_vde_indicator
RS,2016,Armas de fogo apreendidas,13390,11109776,120.52448222178377,objetos apreendidos,FULL_12_MONTHS,NOT_COMPARABLE,standard_vde_indicator
SC,2016,Armas de fogo apreendidas,3937,7011473,56.15082593914289,objetos apreendidos,FULL_12_MONTHS,NOT_COMPARABLE,standard_vde_indicator
SE,2016,Armas de fogo apreendidas,1220,2198312,55.49712688644742,objetos apreendidos,FULL_12_MONTHS,NOT_COMPARABLE,standard_vde_indicator
SP,2016,Armas de fogo apreendidas,16398,44530110,36.824521655122794,objetos apreendidos,FULL_12_MONTHS,NOT_COMPARABLE,standard_vde_indicator
AL,2017,Armas de fogo apreendidas,1935,3193155,60.5983737087614,objetos apreendidos,FULL_12_MONTHS,NOT_COMPARABLE,standard_vde_indicator
AM,2017,Armas de fogo apreendidas,571,3966332,14.396172584644956,objetos apreendidos,FULL_12_MONTHS,NOT_COMPARABLE,standard_vde_indicator
AP,2017,Armas de fogo apreendidas,389,765558,50.81260988716727,objetos apreendidos,FULL_12_MONTHS,NOT_COMPARABLE,standard_vde_indicator
BA,2017,Armas de fogo apreendidas,6389,14578692,43.824233340000596,objetos apreendidos,FULL_12_MONTHS,NOT_COMPARABLE,standard_vde_indicator
CE,2017,Armas de fogo apreendidas,6969,8924184,78.0911733778685,objetos apreendidos,FULL_12_MONTHS,NOT_COMPARABLE,standard_vde_indicator
DF,2017,Armas de fogo apreendidas,2288,2850314,80.2718577672495,objetos apreendidos,FULL_12_MONTHS,NOT_COMPARABLE,standard_vde_indicator
GO,2017,Armas de fogo apreendidas,6388,6805532,93.86481468311368,objetos apreendidos,FULL_12_MONTHS,NOT_COMPARABLE,standard_vde_indicator
MA,2017,Armas de fogo apreendidas,2793,6890375,40.53480398381801,objetos apreendidos,FULL_12_MONTHS,NOT_COMPARABLE,standard_vde_indicator
MG,2017,Armas de fogo apreendidas,23553,20695003,113.81008255954347,objetos apreendidos,FULL_12_MONTHS,NOT_COMPARABLE,standard_vde_indicator
MS,2017,Armas de fogo apreendidas,1897,2715557,69.85675498617779,objetos apreendidos,FULL_12_MONTHS,NOT_COMPARABLE,standard_vde_indicator
MT,2017,Armas de fogo apreendidas,2682,3433278,78.11776383968906,objetos apreendidos,FULL_12_MONTHS,NOT_COMPARABLE,standard_vde_indicator
PA,2017,Armas de fogo apreendidas,2059,8275842,24.879643666469224,objetos apreendidos,FULL_12_MONTHS,NOT_COMPARABLE,standard_vde_indicator
PB,2017,Armas de fogo apreendidas,3462,3981512,86.95189164317475,objetos apreendidos,FULL_12_MONTHS,NOT_COMPARABLE,standard_vde_indicator
PE,2017,Armas de fogo apreendidas,1945,9304183,20.904575931062404,objetos apreendidos,FULL_12_MONTHS,NOT_COMPARABLE,standard_vde_indicator
PI,2017,Armas de fogo apreendidas,275,3285746,8.369484433671989,objetos apreendidos,FULL_12_MONTHS,NOT_COMPARABLE,standard_vde_indicator
PR,2017,Armas de fogo apreendidas,6979,11285193,61.84209698496073,objetos apreendidos,FULL_12_MONTHS,NOT_COMPARABLE,standard_vde_indicator
RJ,2017,Armas de fogo apreendidas,8706,17100398,50.91109575344387,objetos apreendidos,FULL_12_MONTHS,NOT_COMPARABLE,standard_vde_indicator
RN,2017,Armas de fogo apreendidas,662,3359217,19.7069733809992,objetos apreendidos,FULL_12_MONTHS,NOT_COMPARABLE,standard_vde_indicator
RS,2017,Armas de fogo apreendidas,9564,11141074,85.8445065529589,objetos apreendidos,FULL_12_MONTHS,NOT_COMPARABLE,standard_vde_indicator
SC,2017,Armas de fogo apreendidas,3587,7135459,50.270066718903436,objetos apreendidos,FULL_12_MONTHS,NOT_COMPARABLE,standard_vde_indicator
SE,2017,Armas de fogo apreendidas,1202,2212722,54.32223297820512,objetos apreendidos,FULL_12_MONTHS,NOT_COMPARABLE,standard_vde_indicator
SP,2017,Armas de fogo apreendidas,15187,44809066,33.89269483992369,objetos apreendidos,FULL_12_MONTHS,NOT_COMPARABLE,standard_vde_indicator
AL,2018,Armas de fogo apreendidas,1586,3200128,49.56051757929683,objetos apreendidos,FULL_12_MONTHS,NOT_COMPARABLE,standard_vde_indicator
AM,2018,Armas de fogo apreendidas,321,4018483,7.988089037579604,objetos apreendidos,FULL_12_MONTHS,NOT_COMPARABLE,standard_vde_indicator
AP,2018,Armas de fogo apreendidas,335,772784,43.34975879417793,objetos apreendidos,FULL_12_MONTHS,NOT_COMPARABLE,standard_vde_indicator
BA,2018,Armas de fogo apreendidas,5347,14632652,36.54156471431153,objetos apreendidos,FULL_12_MONTHS,NOT_COMPARABLE,standard_vde_indicator
CE,2018,Armas de fogo apreendidas,7171,8976628,79.88523084614846,objetos apreendidos,FULL_12_MONTHS,NOT_COMPARABLE,standard_vde_indicator
DF,2018,Armas de fogo apreendidas,1931,2875413,67.15557034763354,objetos apreendidos,FULL_12_MONTHS,NOT_COMPARABLE,standard_vde_indicator
ES,2018,Armas de fogo apreendidas,3433,3937119,87.19573881307626,objetos apreendidos,FULL_12_MONTHS,NOT_COMPARABLE,standard_vde_indicator
GO,2018,Armas de fogo apreendidas,6128,6888446,88.960558012649,objetos apreendidos,FULL_12_MONTHS,NOT_COMPARABLE,standard_vde_indicator
MA,2018,Armas de fogo apreendidas,2378,6917016,34.37898654564338,objetos apreendidos,FULL_12_MONTHS,NOT_COMPARABLE,standard_vde_indicator
MG,2018,Armas de fogo apreendidas,23268,20801238,111.85872687000649,objetos apreendidos,FULL_12_MONTHS,NOT_COMPARABLE,standard_vde_indicator
MS,2018,Armas de fogo apreendidas,1815,2746161,66.09226480166312,objetos apreendidos,FULL_12_MONTHS,NOT_COMPARABLE,standard_vde_indicator
MT,2018,Armas de fogo apreendidas,2339,3490648,67.00761577793006,objetos apreendidos,FULL_12_MONTHS,NOT_COMPARABLE,standard_vde_indicator
PA,2018,Armas de fogo apreendidas,2818,8339467,33.79112837786875,objetos apreendidos,FULL_12_MONTHS,NOT_COMPARABLE,standard_vde_indicator
PE,2018,Armas de fogo apreendidas,4225,9348293,45.19541696008031,objetos apreendidos,FULL_12_MONTHS,NOT_COMPARABLE,standard_vde_indicator
PI,2018,Armas de fogo apreendidas,238,3302227,7.207257405381277,objetos apreendidos,FULL_12_MONTHS,NOT_COMPARABLE,standard_vde_indicator
PR,2018,Armas de fogo apreendidas,6268,11373980,55.10823827719057,objetos apreendidos,FULL_12_MONTHS,NOT_COMPARABLE,standard_vde_indicator
RJ,2018,Armas de fogo apreendidas,8721,17148943,50.85444624779498,objetos apreendidos,FULL_12_MONTHS,NOT_COMPARABLE,standard_vde_indicator
RN,2018,Armas de fogo apreendidas,654,3375511,19.37484428283599,objetos apreendidos,FULL_12_MONTHS,NOT_COMPARABLE,standard_vde_indicator
RS,2018,Armas de fogo apreendidas,10105,11167531,90.48553346303673,objetos apreendidos,FULL_12_MONTHS,NOT_COMPARABLE,standard_vde_indicator
SC,2018,Armas de fogo apreendidas,3232,7266127,44.48036760161225,objetos apreendidos,FULL_12_MONTHS,NOT_COMPARABLE,standard_vde_indicator
SE,2018,Armas de fogo apreendidas,910,2227068,40.86089872424192,objetos apreendidos,FULL_12_MONTHS,NOT_COMPARABLE,standard_vde_indicator
SP,2018,Armas de fogo apreendidas,12884,45062167,28.591612116656528,objetos apreendidos,FULL_12_MONTHS,NOT_COMPARABLE,standard_vde_indicator
TO,2018,Armas de fogo apreendidas,518,1511702,34.26601274589833,objetos apreendidos,FULL_12_MONTHS,NOT_COMPARABLE,standard_vde_indicator
AC,2019,Armas de fogo apreendidas,126,857919,14.68670119207058,objetos apreendidos,FULL_12_MONTHS,NOT_COMPARABLE,standard_vde_indicator
AL,2019,Armas de fogo apreendidas,1916,3208704,59.71258177756502,objetos apreendidos,FULL_12_MONTHS,NOT_COMPARABLE,standard_vde_indicator
AM,2019,Armas de fogo apreendidas,1479,4073280,36.30980438369078,objetos apreendidos,FULL_12_MONTHS,NOT_COMPARABLE,standard_vde_indicator
AP,2019,Armas de fogo apreendidas,362,779468,46.4419321896473,objetos apreendidos,FULL_12_MONTHS,NOT_COMPARABLE,standard_vde_indicator
BA,2019,Armas de fogo apreendidas,4467,14693250,30.40171507324792,objetos apreendidos,FULL_12_MONTHS,NOT_COMPARABLE,standard_vde_indicator
CE,2019,Armas de fogo apreendidas,5479,9035631,60.637713071726814,objetos apreendidos,FULL_12_MONTHS,NOT_COMPARABLE,standard_vde_indicator
DF,2019,Armas de fogo apreendidas,1669,2899708,57.5575195847306,objetos apreendidos,FULL_12_MONTHS,NOT_COMPARABLE,standard_vde_indicator
ES,2019,Armas de fogo apreendidas,3891,3970009,98.00985337816614,objetos apreendidos,FULL_12_MONTHS,NOT_COMPARABLE,standard_vde_indicator
GO,2019,Armas de fogo apreendidas,5896,6974736,84.5336655036119,objetos apreendidos,FULL_12_MONTHS,NOT_COMPARABLE,standard_vde_indicator
MA,2019,Armas de fogo apreendidas,2611,6946725,37.586056738966924,objetos apreendidos,FULL_12_MONTHS,NOT_COMPARABLE,standard_vde_indicator
MG,2019,Armas de fogo apreendidas,24280,20916751,116.07921325831148,objetos apreendidos,FULL_12_MONTHS,NOT_COMPARABLE,standard_vde_indicator
MS,2019,Armas de fogo apreendidas,1735,2777028,62.47686375506477,objetos apreendidos,FULL_12_MONTHS,NOT_COMPARABLE,standard_vde_indicator
MT,2019,Armas de fogo apreendidas,2189,3551996,61.62732165238925,objetos apreendidos,FULL_12_MONTHS,NOT_COMPARABLE,standard_vde_indicator
PA,2019,Armas de fogo apreendidas,3477,8404430,41.37103884499008,objetos apreendidos,FULL_12_MONTHS,NOT_COMPARABLE,standard_vde_indicator
PB,2019,Armas de fogo apreendidas,3693,4037810,91.4604699081928,objetos apreendidos,FULL_12_MONTHS,NOT_COMPARABLE,standard_vde_indicator
PE,2019,Armas de fogo apreendidas,5533,9396505,58.88359554962191,objetos apreendidos,FULL_12_MONTHS,NOT_COMPARABLE,standard_vde_indicator
PI,2019,Armas de fogo apreendidas,274,3320228,8.252445313996509,objetos apreendidos,FULL_12_MONTHS,NOT_COMPARABLE,standard_vde_indicator
PR,2019,Armas de fogo apreendidas,6156,11468227,53.67874214558188,objetos apreendidos,FULL_12_MONTHS,NOT_COMPARABLE,standard_vde_indicator
RJ,2019,Armas de fogo apreendidas,8423,17193919,48.98824985740598,objetos apreendidos,FULL_12_MONTHS,NOT_COMPARABLE,standard_vde_indicator
RN,2019,Armas de fogo apreendidas,508,3392434,14.974499135429017,objetos apreendidos,FULL_12_MONTHS,NOT_COMPARABLE,standard_vde_indicator
RR,2019,Armas de fogo apreendidas,124,618125,20.060667340748232,objetos apreendidos,FULL_12_MONTHS,NOT_COMPARABLE,standard_vde_indicator
RS,2019,Armas de fogo apreendidas,9476,11194346,84.64987592843744,objetos apreendidos,FULL_12_MONTHS,NOT_COMPARABLE,standard_vde_indicator
SC,2019,Armas de fogo apreendidas,2852,7403723,38.52116023249384,objetos apreendidos,FULL_12_MONTHS,NOT_COMPARABLE,standard_vde_indicator
SE,2019,Armas de fogo apreendidas,962,2241300,42.9215187614331,objetos apreendidos,FULL_12_MONTHS,NOT_COMPARABLE,standard_vde_indicator
SP,2019,Armas de fogo apreendidas,12525,45306139,27.645260171033335,objetos apreendidos,FULL_12_MONTHS,NOT_COMPARABLE,standard_vde_indicator
TO,2019,Armas de fogo apreendidas,472,1525148,30.947816211934843,objetos apreendidos,FULL_12_MONTHS,NOT_COMPARABLE,standard_vde_indicator
AC,2020,Armas de fogo apreendidas,166,863657,19.22059336055865,objetos apreendidos,FULL_12_MONTHS,NOT_COMPARABLE,standard_vde_indicator
AL,2020,Armas de fogo apreendidas,1834,3214823,57.048241847218335,objetos apreendidos,FULL_12_MONTHS,NOT_COMPARABLE,standard_vde_indicator
AM,2020,Armas de fogo apreendidas,1411,4121226,34.237384700572115,objetos apreendidos,FULL_12_MONTHS,NOT_COMPARABLE,standard_vde_indicator
AP,2020,Armas de fogo apreendidas,306,785533,38.95444239770958,objetos apreendidos,FULL_12_MONTHS,NOT_COMPARABLE,standard_vde_indicator
BA,2020,Armas de fogo apreendidas,4009,14748551,27.182331335464752,objetos apreendidos,FULL_12_MONTHS,NOT_COMPARABLE,standard_vde_indicator
CE,2020,Armas de fogo apreendidas,6117,9088929,67.3016589743412,objetos apreendidos,FULL_12_MONTHS,NOT_COMPARABLE,standard_vde_indicator
DF,2020,Armas de fogo apreendidas,1864,2921417,63.80465370058434,objetos apreendidos,FULL_12_MONTHS,NOT_COMPARABLE,standard_vde_indicator
ES,2020,Armas de fogo apreendidas,4147,4001467,103.6369911335018,objetos apreendidos,FULL_12_MONTHS,NOT_COMPARABLE,standard_vde_indicator
GO,2020,Armas de fogo apreendidas,5990,7060290,84.84070767631358,objetos apreendidos,FULL_12_MONTHS,NOT_COMPARABLE,standard_vde_indicator
MA,2020,Armas de fogo apreendidas,2015,6970988,28.905515258382312,objetos apreendidos,FULL_12_MONTHS,NOT_COMPARABLE,standard_vde_indicator
MG,2020,Armas de fogo apreendidas,27001,21032009,128.3805080151877,objetos apreendidos,FULL_12_MONTHS,NOT_COMPARABLE,standard_vde_indicator
MS,2020,Armas de fogo apreendidas,1421,2806866,50.625858163517606,objetos apreendidos,FULL_12_MONTHS,NOT_COMPARABLE,standard_vde_indicator
MT,2020,Armas de fogo apreendidas,2217,3611987,61.37895845140085,objetos apreendidos,FULL_12_MONTHS,NOT_COMPARABLE,standard_vde_indicator
PA,2020,Armas de fogo apreendidas,2766,8465192,32.67498244576142,objetos apreendidos,FULL_12_MONTHS,NOT_COMPARABLE,standard_vde_indicator
PB,2020,Armas de fogo apreendidas,3502,4064935,86.15143907590158,objetos apreendidos,FULL_12_MONTHS,NOT_COMPARABLE,standard_vde_indicator
PE,2020,Armas de fogo apreendidas,6251,9438962,66.22550233807489,objetos apreendidos,FULL_12_MONTHS,NOT_COMPARABLE,standard_vde_indicator
PI,2020,Armas de fogo apreendidas,789,3335863,23.652050458906736,objetos apreendidos,FULL_12_MONTHS,NOT_COMPARABLE,standard_vde_indicator
PR,2020,Armas de fogo apreendidas,7130,11560987,61.67293501843744,objetos apreendidos,FULL_12_MONTHS,NOT_COMPARABLE,standard_vde_indicator
RJ,2020,Armas de fogo apreendidas,6440,17222305,37.39336865767968,objetos apreendidos,FULL_12_MONTHS,NOT_COMPARABLE,standard_vde_indicator
RN,2020,Armas de fogo apreendidas,982,3407618,28.817784153035934,objetos apreendidos,FULL_12_MONTHS,NOT_COMPARABLE,standard_vde_indicator
RR,2020,Armas de fogo apreendidas,207,640975,32.2945512695503,objetos apreendidos,FULL_12_MONTHS,NOT_COMPARABLE,standard_vde_indicator
RS,2020,Armas de fogo apreendidas,9471,11220286,84.40961308829382,objetos apreendidos,FULL_12_MONTHS,NOT_COMPARABLE,standard_vde_indicator
SC,2020,Armas de fogo apreendidas,2445,7541975,32.41856410290408,objetos apreendidos,FULL_12_MONTHS,NOT_COMPARABLE,standard_vde_indicator
SE,2020,Armas de fogo apreendidas,1186,2254218,52.61248024813926,objetos apreendidos,FULL_12_MONTHS,NOT_COMPARABLE,standard_vde_indicator
SP,2020,Armas de fogo apreendidas,11026,45523191,24.220621968262286,objetos apreendidos,FULL_12_MONTHS,NOT_COMPARABLE,standard_vde_indicator
TO,2020,Armas de fogo apreendidas,341,1537886,22.1732950296706,objetos apreendidos,FULL_12_MONTHS,NOT_COMPARABLE,standard_vde_indicator
AC,2021,Armas de fogo apreendidas,667,868346,76.81269908538762,objetos apreendidos,FULL_12_MONTHS,NOT_COMPARABLE,standard_vde_indicator
AL,2021,Armas de fogo apreendidas,1869,3217819,58.082819450068506,objetos apreendidos,FULL_12_MONTHS,NOT_COMPARABLE,standard_vde_indicator
AM,2021,Armas de fogo apreendidas,1578,4160013,37.93257376839928,objetos apreendidos,FULL_12_MONTHS,NOT_COMPARABLE,standard_vde_indicator
AP,2021,Armas de fogo apreendidas,495,790871,62.58922125100048,objetos apreendidos,FULL_12_MONTHS,NOT_COMPARABLE,standard_vde_indicator
BA,2021,Armas de fogo apreendidas,4335,14788270,29.313773686847753,objetos apreendidos,FULL_12_MONTHS,NOT_COMPARABLE,standard_vde_indicator
CE,2021,Armas de fogo apreendidas,6080,9129520,66.59714859050641,objetos apreendidos,FULL_12_MONTHS,NOT_COMPARABLE,standard_vde_indicator
DF,2021,Armas de fogo apreendidas,1649,2938025,56.12613915810791,objetos apreendidos,FULL_12_MONTHS,NOT_COMPARABLE,standard_vde_indicator
ES,2021,Armas de fogo apreendidas,4311,4027541,107.03801649691462,objetos apreendidos,FULL_12_MONTHS,NOT_COMPARABLE,standard_vde_indicator
GO,2021,Armas de fogo apreendidas,5371,7133954,75.28784177750515,objetos apreendidos,FULL_12_MONTHS,NOT_COMPARABLE,standard_vde_indicator
MA,2021,Armas de fogo apreendidas,686,6988154,9.81661251311863,objetos apreendidos,FULL_12_MONTHS,NOT_COMPARABLE,standard_vde_indicator
MG,2021,Armas de fogo apreendidas,22961,21117017,108.73221345609562,objetos apreendidos,FULL_12_MONTHS,NOT_COMPARABLE,standard_vde_indicator
MS,2021,Armas de fogo apreendidas,1467,2831943,51.80189008041475,objetos apreendidos,FULL_12_MONTHS,NOT_COMPARABLE,standard_vde_indicator
MT,2021,Armas de fogo apreendidas,2253,3666669,61.44541544382653,objetos apreendidos,FULL_12_MONTHS,NOT_COMPARABLE,standard_vde_indicator
PA,2021,Armas de fogo apreendidas,2960,8520153,34.74116016461207,objetos apreendidos,FULL_12_MONTHS,NOT_COMPARABLE,standard_vde_indicator
PB,2021,Armas de fogo apreendidas,3552,4087783,86.89306648616133,objetos apreendidos,FULL_12_MONTHS,NOT_COMPARABLE,standard_vde_indicator
PE,2021,Armas de fogo apreendidas,6991,9470176,73.82122570900478,objetos apreendidos,FULL_12_MONTHS,NOT_COMPARABLE,standard_vde_indicator
PI,2021,Armas de fogo apreendidas,1507,3347856,45.013883512313555,objetos apreendidos,FULL_12_MONTHS,NOT_COMPARABLE,standard_vde_indicator
PR,2021,Armas de fogo apreendidas,6215,11630298,53.43801164854074,objetos apreendidos,FULL_12_MONTHS,NOT_COMPARABLE,standard_vde_indicator
RJ,2021,Armas de fogo apreendidas,6833,17220455,39.67955550535686,objetos apreendidos,FULL_12_MONTHS,NOT_COMPARABLE,standard_vde_indicator
RN,2021,Armas de fogo apreendidas,1418,3419382,41.46948191222858,objetos apreendidos,FULL_12_MONTHS,NOT_COMPARABLE,standard_vde_indicator
RO,2021,Armas de fogo apreendidas,1937,1729622,111.98978736394426,objetos apreendidos,FULL_12_MONTHS,NOT_COMPARABLE,standard_vde_indicator
RR,2021,Armas de fogo apreendidas,244,654972,37.253500913016126,objetos apreendidos,FULL_12_MONTHS,NOT_COMPARABLE,standard_vde_indicator
RS,2021,Armas de fogo apreendidas,9542,11227789,84.98556572447167,objetos apreendidos,FULL_12_MONTHS,NOT_COMPARABLE,standard_vde_indicator
SC,2021,Armas de fogo apreendidas,2498,7671648,32.56145224598418,objetos apreendidos,FULL_12_MONTHS,NOT_COMPARABLE,standard_vde_indicator
SE,2021,Armas de fogo apreendidas,1125,2264937,49.6702557289673,objetos apreendidos,FULL_12_MONTHS,NOT_COMPARABLE,standard_vde_indicator
SP,2021,Armas de fogo apreendidas,11272,45651915,24.69118765335474,objetos apreendidos,FULL_12_MONTHS,NOT_COMPARABLE,standard_vde_indicator
TO,2021,Armas de fogo apreendidas,433,1548514,27.962291590518394,objetos apreendidos,FULL_12_MONTHS,NOT_COMPARABLE,standard_vde_indicator
AC,2022,Armas de fogo apreendidas,579,872566,66.35601203805787,objetos apreendidos,FULL_12_MONTHS,NOT_COMPARABLE,standard_vde_indicator
AL,2022,Armas de fogo apreendidas,1526,3218381,47.41514444685076,objetos apreendidos,FULL_12_MONTHS,NOT_COMPARABLE,standard_vde_indicator
AM,2022,Armas de fogo apreendidas,1582,4199791,37.66854112502265,objetos apreendidos,FULL_12_MONTHS,NOT_COMPARABLE,standard_vde_indicator
AP,2022,Armas de fogo apreendidas,405,795457,50.91412860783173,objetos apreendidos,FULL_12_MONTHS,NOT_COMPARABLE,standard_vde_indicator
BA,2022,Armas de fogo apreendidas,5097,14811339,34.412823850699795,objetos apreendidos,FULL_12_MONTHS,NOT_COMPARABLE,standard_vde_indicator
CE,2022,Armas de fogo apreendidas,6279,9162955,68.52592858963075,objetos apreendidos,FULL_12_MONTHS,NOT_COMPARABLE,standard_vde_indicator
DF,2022,Armas de fogo apreendidas,2217,2952426,75.09078974375649,objetos apreendidos,FULL_12_MONTHS,NOT_COMPARABLE,standard_vde_indicator
ES,2022,Armas de fogo apreendidas,4122,4050913,101.75483897086903,objetos apreendidos,FULL_12_MONTHS,NOT_COMPARABLE,standard_vde_indicator
GO,2022,Armas de fogo apreendidas,4950,7201254,68.73802812676792,objetos apreendidos,FULL_12_MONTHS,NOT_COMPARABLE,standard_vde_indicator
MA,2022,Armas de fogo apreendidas,2292,6998087,32.75180774403062,objetos apreendidos,FULL_12_MONTHS,NOT_COMPARABLE,standard_vde_indicator
MG,2022,Armas de fogo apreendidas,16001,21178401,75.55339045662608,objetos apreendidos,FULL_12_MONTHS,NOT_COMPARABLE,standard_vde_indicator
MS,2022,Armas de fogo apreendidas,1401,2854377,49.08251432799521,objetos apreendidos,FULL_12_MONTHS,NOT_COMPARABLE,standard_vde_indicator
MT,2022,Armas de fogo apreendidas,2196,3720967,59.016916839090484,objetos apreendidos,FULL_12_MONTHS,NOT_COMPARABLE,standard_vde_indicator
PA,2022,Armas de fogo apreendidas,3619,8570045,42.228483047638605,objetos apreendidos,FULL_12_MONTHS,NOT_COMPARABLE,standard_vde_indicator
PB,2022,Armas de fogo apreendidas,2785,4106026,67.82713991582128,objetos apreendidos,FULL_12_MONTHS,NOT_COMPARABLE,standard_vde_indicator
PE,2022,Armas de fogo apreendidas,6163,9493026,64.92134331034171,objetos apreendidos,FULL_12_MONTHS,NOT_COMPARABLE,standard_vde_indicator
PI,2022,Armas de fogo apreendidas,1806,3357043,53.79734486570473,objetos apreendidos,FULL_12_MONTHS,NOT_COMPARABLE,standard_vde_indicator
PR,2022,Armas de fogo apreendidas,6214,11686692,53.171590386740746,objetos apreendidos,FULL_12_MONTHS,NOT_COMPARABLE,standard_vde_indicator
RJ,2022,Armas de fogo apreendidas,6795,17211760,39.478821456957334,objetos apreendidos,FULL_12_MONTHS,NOT_COMPARABLE,standard_vde_indicator
RN,2022,Armas de fogo apreendidas,1485,3427955,43.32028862689271,objetos apreendidos,FULL_12_MONTHS,NOT_COMPARABLE,standard_vde_indicator
RO,2022,Armas de fogo apreendidas,1935,1734648,111.55000899317902,objetos apreendidos,FULL_12_MONTHS,NOT_COMPARABLE,standard_vde_indicator
RR,2022,Armas de fogo apreendidas,308,673404,45.737774055396166,objetos apreendidos,FULL_12_MONTHS,NOT_COMPARABLE,standard_vde_indicator
RS,2022,Armas de fogo apreendidas,9856,11220506,87.83917588030344,objetos apreendidos,FULL_12_MONTHS,NOT_COMPARABLE,standard_vde_indicator
SC,2022,Armas de fogo apreendidas,2248,7796817,28.83227860805249,objetos apreendidos,FULL_12_MONTHS,NOT_COMPARABLE,standard_vde_indicator
SE,2022,Armas de fogo apreendidas,840,2273589,36.94599155784093,objetos apreendidos,FULL_12_MONTHS,NOT_COMPARABLE,standard_vde_indicator
SP,2022,Armas de fogo apreendidas,10414,45736978,22.769322450643767,objetos apreendidos,FULL_12_MONTHS,NOT_COMPARABLE,standard_vde_indicator
TO,2022,Armas de fogo apreendidas,570,1557580,36.59523106357298,objetos apreendidos,FULL_12_MONTHS,NOT_COMPARABLE,standard_vde_indicator
AC,2023,Armas de fogo apreendidas,624,876582,71.18558218170119,objetos apreendidos,FULL_12_MONTHS,NOT_COMPARABLE,standard_vde_indicator
AL,2023,Armas de fogo apreendidas,1340,3218607,41.632917594474876,objetos apreendidos,FULL_12_MONTHS,NOT_COMPARABLE,standard_vde_indicator
AM,2023,Armas de fogo apreendidas,1433,4240571,33.79261896570061,objetos apreendidos,FULL_12_MONTHS,NOT_COMPARABLE,standard_vde_indicator
AP,2023,Armas de fogo apreendidas,539,799124,67.44885649786517,objetos apreendidos,FULL_12_MONTHS,NOT_COMPARABLE,standard_vde_indicator
BA,2023,Armas de fogo apreendidas,5994,14828806,40.42132589771557,objetos apreendidos,FULL_12_MONTHS,NOT_COMPARABLE,standard_vde_indicator
CE,2023,Armas de fogo apreendidas,6444,9196672,70.06882489665827,objetos apreendidos,FULL_12_MONTHS,NOT_COMPARABLE,standard_vde_indicator
DF,2023,Armas de fogo apreendidas,1848,2967543,62.27373958860916,objetos apreendidos,FULL_12_MONTHS,NOT_COMPARABLE,standard_vde_indicator
ES,2023,Armas de fogo apreendidas,4008,4076068,98.33005730031982,objetos apreendidos,FULL_12_MONTHS,NOT_COMPARABLE,standard_vde_indicator
GO,2023,Armas de fogo apreendidas,4453,7274463,61.21414048019764,objetos apreendidos,FULL_12_MONTHS,NOT_COMPARABLE,standard_vde_indicator
MA,2023,Armas de fogo apreendidas,2351,7003234,33.57020485107309,objetos apreendidos,FULL_12_MONTHS,NOT_COMPARABLE,standard_vde_indicator
MG,2023,Armas de fogo apreendidas,15802,21247401,74.37144900686913,objetos apreendidos,FULL_12_MONTHS,NOT_COMPARABLE,standard_vde_indicator
MS,2023,Armas de fogo apreendidas,2337,2878009,81.20196983400677,objetos apreendidos,FULL_12_MONTHS,NOT_COMPARABLE,standard_vde_indicator
MT,2023,Armas de fogo apreendidas,2072,3778389,54.83818632755918,objetos apreendidos,FULL_12_MONTHS,NOT_COMPARABLE,standard_vde_indicator
PA,2023,Armas de fogo apreendidas,3602,8616120,41.80536018532704,objetos apreendidos,FULL_12_MONTHS,NOT_COMPARABLE,standard_vde_indicator
PB,2023,Armas de fogo apreendidas,3277,4124468,79.45267122935613,objetos apreendidos,FULL_12_MONTHS,NOT_COMPARABLE,standard_vde_indicator
PE,2023,Armas de fogo apreendidas,6057,9514483,63.6608421077635,objetos apreendidos,FULL_12_MONTHS,NOT_COMPARABLE,standard_vde_indicator
PI,2023,Armas de fogo apreendidas,1791,3365881,53.21043732680983,objetos apreendidos,FULL_12_MONTHS,NOT_COMPARABLE,standard_vde_indicator
PR,2023,Armas de fogo apreendidas,6314,11753862,53.71851396587777,objetos apreendidos,FULL_12_MONTHS,NOT_COMPARABLE,standard_vde_indicator
RJ,2023,Armas de fogo apreendidas,6281,17213813,36.48813891495161,objetos apreendidos,FULL_12_MONTHS,NOT_COMPARABLE,standard_vde_indicator
RN,2023,Armas de fogo apreendidas,1649,3436278,47.987968377413004,objetos apreendidos,FULL_12_MONTHS,NOT_COMPARABLE,standard_vde_indicator
RO,2023,Armas de fogo apreendidas,1647,1740255,94.64130256772714,objetos apreendidos,FULL_12_MONTHS,NOT_COMPARABLE,standard_vde_indicator
RR,2023,Armas de fogo apreendidas,381,695270,54.79885512103212,objetos apreendidos,FULL_12_MONTHS,NOT_COMPARABLE,standard_vde_indicator
RS,2023,Armas de fogo apreendidas,9498,11222292,84.63511731828044,objetos apreendidos,FULL_12_MONTHS,NOT_COMPARABLE,standard_vde_indicator
SC,2023,Armas de fogo apreendidas,2480,7927212,31.284643327313564,objetos apreendidos,FULL_12_MONTHS,NOT_COMPARABLE,standard_vde_indicator
SE,2023,Armas de fogo apreendidas,1045,2281994,45.79328429434959,objetos apreendidos,FULL_12_MONTHS,NOT_COMPARABLE,standard_vde_indicator
SP,2023,Armas de fogo apreendidas,11470,45850570,25.016046692549295,objetos apreendidos,FULL_12_MONTHS,NOT_COMPARABLE,standard_vde_indicator
TO,2023,Armas de fogo apreendidas,651,1567191,41.539289084738236,objetos apreendidos,FULL_12_MONTHS,NOT_COMPARABLE,standard_vde_indicator
AC,2024,Armas de fogo apreendidas,581,880631,65.97541989777784,objetos apreendidos,FULL_12_MONTHS,NOT_COMPARABLE,standard_vde_indicator
AL,2024,Armas de fogo apreendidas,1311,3220104,40.71297076119281,objetos apreendidos,FULL_12_MONTHS,NOT_COMPARABLE,standard_vde_indicator
AM,2024,Armas de fogo apreendidas,1593,4281209,37.209115462478,objetos apreendidos,FULL_12_MONTHS,NOT_COMPARABLE,standard_vde_indicator
AP,2024,Armas de fogo apreendidas,490,802837,61.03355973877636,objetos apreendidos,FULL_12_MONTHS,NOT_COMPARABLE,standard_vde_indicator
BA,2024,Armas de fogo apreendidas,6307,14850513,42.469913328920015,objetos apreendidos,FULL_12_MONTHS,NOT_COMPARABLE,standard_vde_indicator
CE,2024,Armas de fogo apreendidas,6393,9233656,69.23584764258058,objetos apreendidos,FULL_12_MONTHS,NOT_COMPARABLE,standard_vde_indicator
DF,2024,Armas de fogo apreendidas,1729,2982818,57.9653200429929,objetos apreendidos,FULL_12_MONTHS,NOT_COMPARABLE,standard_vde_indicator
ES,2024,Armas de fogo apreendidas,4003,4102129,97.5834743373502,objetos apreendidos,FULL_12_MONTHS,NOT_COMPARABLE,standard_vde_indicator
GO,2024,Armas de fogo apreendidas,4419,7350483,60.11849833541551,objetos apreendidos,FULL_12_MONTHS,NOT_COMPARABLE,standard_vde_indicator
MA,2024,Armas de fogo apreendidas,2163,7010960,30.85169506030558,objetos apreendidos,FULL_12_MONTHS,NOT_COMPARABLE,standard_vde_indicator
MG,2024,Armas de fogo apreendidas,12384,21322691,58.07897324029129,objetos apreendidos,FULL_12_MONTHS,NOT_COMPARABLE,standard_vde_indicator
MS,2024,Armas de fogo apreendidas,1731,2901895,59.65067654067428,objetos apreendidos,FULL_12_MONTHS,NOT_COMPARABLE,standard_vde_indicator
MT,2024,Armas de fogo apreendidas,2305,3836399,60.082384548635325,objetos apreendidos,FULL_12_MONTHS,NOT_COMPARABLE,standard_vde_indicator
PA,2024,Armas de fogo apreendidas,2770,8664306,31.970246664880026,objetos apreendidos,FULL_12_MONTHS,NOT_COMPARABLE,standard_vde_indicator
PB,2024,Armas de fogo apreendidas,3696,4145040,89.16681141798391,objetos apreendidos,FULL_12_MONTHS,NOT_COMPARABLE,standard_vde_indicator
PE,2024,Armas de fogo apreendidas,6009,9539029,62.993833020111374,objetos apreendidos,FULL_12_MONTHS,NOT_COMPARABLE,standard_vde_indicator
PI,2024,Armas de fogo apreendidas,1836,3375646,54.38958942969731,objetos apreendidos,FULL_12_MONTHS,NOT_COMPARABLE,standard_vde_indicator
PR,2024,Armas de fogo apreendidas,5686,11824665,48.085928861409606,objetos apreendidos,FULL_12_MONTHS,NOT_COMPARABLE,standard_vde_indicator
RJ,2024,Armas de fogo apreendidas,6148,17219679,35.70333686243512,objetos apreendidos,FULL_12_MONTHS,NOT_COMPARABLE,standard_vde_indicator
RN,2024,Armas de fogo apreendidas,1627,3446071,47.21318858491308,objetos apreendidos,FULL_12_MONTHS,NOT_COMPARABLE,standard_vde_indicator
RO,2024,Armas de fogo apreendidas,1855,1746227,106.22902978822341,objetos apreendidos,FULL_12_MONTHS,NOT_COMPARABLE,standard_vde_indicator
RR,2024,Armas de fogo apreendidas,335,716793,46.73594747716565,objetos apreendidos,FULL_12_MONTHS,NOT_COMPARABLE,standard_vde_indicator
RS,2024,Armas de fogo apreendidas,9279,11229915,82.62751766153173,objetos apreendidos,FULL_12_MONTHS,NOT_COMPARABLE,standard_vde_indicator
SC,2024,Armas de fogo apreendidas,2585,8058441,32.07816499494133,objetos apreendidos,FULL_12_MONTHS,NOT_COMPARABLE,standard_vde_indicator
SE,2024,Armas de fogo apreendidas,807,2291077,35.22360880930672,objetos apreendidos,FULL_12_MONTHS,NOT_COMPARABLE,standard_vde_indicator
SP,2024,Armas de fogo apreendidas,14220,45973194,30.931068222060013,objetos apreendidos,FULL_12_MONTHS,NOT_COMPARABLE,standard_vde_indicator
TO,2024,Armas de fogo apreendidas,890,1577342,56.424034863713764,objetos apreendidos,FULL_12_MONTHS,NOT_COMPARABLE,standard_vde_indicator
AC,2025,Armas de fogo apreendidas,514,884372,58.120338500088195,objetos apreendidos,FULL_12_MONTHS,NOT_COMPARABLE,standard_vde_indicator
AL,2025,Armas de fogo apreendidas,1700,3220848,52.78113093197816,objetos apreendidos,FULL_12_MONTHS,NOT_COMPARABLE,standard_vde_indicator
AM,2025,Armas de fogo apreendidas,1605,4321616,37.13888508372794,objetos apreendidos,FULL_12_MONTHS,NOT_COMPARABLE,standard_vde_indicator
AP,2025,Armas de fogo apreendidas,453,806517,56.1674459434829,objetos apreendidos,FULL_12_MONTHS,NOT_COMPARABLE,standard_vde_indicator
BA,2025,Armas de fogo apreendidas,7633,14870907,51.328409222114026,objetos apreendidos,FULL_12_MONTHS,NOT_COMPARABLE,standard_vde_indicator
CE,2025,Armas de fogo apreendidas,7221,9268836,77.90622252891302,objetos apreendidos,FULL_12_MONTHS,NOT_COMPARABLE,standard_vde_indicator
DF,2025,Armas de fogo apreendidas,1744,2996899,58.1934860000287,objetos apreendidos,FULL_12_MONTHS,NOT_COMPARABLE,standard_vde_indicator
ES,2025,Armas de fogo apreendidas,3734,4126854,90.4805452288838,objetos apreendidos,FULL_12_MONTHS,NOT_COMPARABLE,standard_vde_indicator
GO,2025,Armas de fogo apreendidas,3788,7423629,51.0262568347637,objetos apreendidos,FULL_12_MONTHS,NOT_COMPARABLE,standard_vde_indicator
MA,2025,Armas de fogo apreendidas,3952,7018211,56.31064668759603,objetos apreendidos,FULL_12_MONTHS,NOT_COMPARABLE,standard_vde_indicator
MG,2025,Armas de fogo apreendidas,14403,21393441,67.32437292345817,objetos apreendidos,FULL_12_MONTHS,NOT_COMPARABLE,standard_vde_indicator
MS,2025,Armas de fogo apreendidas,1281,2924631,43.800397383464784,objetos apreendidos,FULL_12_MONTHS,NOT_COMPARABLE,standard_vde_indicator
MT,2025,Armas de fogo apreendidas,2116,3893659,54.344769277432874,objetos apreendidos,FULL_12_MONTHS,NOT_COMPARABLE,standard_vde_indicator
PA,2025,Armas de fogo apreendidas,2313,8711196,26.552037171474502,objetos apreendidos,FULL_12_MONTHS,NOT_COMPARABLE,standard_vde_indicator
PB,2025,Armas de fogo apreendidas,3695,4164468,88.72681936804413,objetos apreendidos,FULL_12_MONTHS,NOT_COMPARABLE,standard_vde_indicator
PE,2025,Armas de fogo apreendidas,6380,9562007,66.72239415846485,objetos apreendidos,FULL_12_MONTHS,NOT_COMPARABLE,standard_vde_indicator
PI,2025,Armas de fogo apreendidas,2051,3384547,60.59895164700032,objetos apreendidos,FULL_12_MONTHS,NOT_COMPARABLE,standard_vde_indicator
PR,2025,Armas de fogo apreendidas,5517,11890584,46.3980574881772,objetos apreendidos,FULL_12_MONTHS,NOT_COMPARABLE,standard_vde_indicator
RJ,2025,Armas de fogo apreendidas,6120,17223547,35.53275060009416,objetos apreendidos,FULL_12_MONTHS,NOT_COMPARABLE,standard_vde_indicator
RN,2025,Armas de fogo apreendidas,2345,3455236,67.86801248887195,objetos apreendidos,FULL_12_MONTHS,NOT_COMPARABLE,standard_vde_indicator
RO,2025,Armas de fogo apreendidas,2284,1751950,130.369017380633,objetos apreendidos,FULL_12_MONTHS,NOT_COMPARABLE,standard_vde_indicator
RR,2025,Armas de fogo apreendidas,299,738772,40.47256799120703,objetos apreendidos,FULL_12_MONTHS,NOT_COMPARABLE,standard_vde_indicator
RS,2025,Armas de fogo apreendidas,8866,11233263,78.9263101914377,objetos apreendidos,FULL_12_MONTHS,NOT_COMPARABLE,standard_vde_indicator
SC,2025,Armas de fogo apreendidas,2214,8186962,27.042998367404174,objetos apreendidos,FULL_12_MONTHS,NOT_COMPARABLE,standard_vde_indicator
SE,2025,Armas de fogo apreendidas,764,2299425,33.22569772878002,objetos apreendidos,FULL_12_MONTHS,NOT_COMPARABLE,standard_vde_indicator
SP,2025,Armas de fogo apreendidas,14023,46081801,30.430668280521413,objetos apreendidos,FULL_12_MONTHS,NOT_COMPARABLE,standard_vde_indicator
TO,2025,Armas de fogo apreendidas,862,1586859,54.32114636524102,objetos apreendidos,FULL_12_MONTHS,NOT_COMPARABLE,standard_vde_indicator
