iso3,country,region,subregion,year,homicide_rate_per_100k,source,status
ABW,Aruba,Americas,Latin America and the Caribbean,2003,4.33322500270827,MD,observed_official_unodc
ABW,Aruba,Americas,Latin America and the Caribbean,2004,2.14563497385007,MD,observed_official_unodc
ABW,Aruba,Americas,Latin America and the Caribbean,2005,6.36739891754218,MD,observed_official_unodc
ABW,Aruba,Americas,Latin America and the Caribbean,2006,5.24150221453469,MD,observed_official_unodc
ABW,Aruba,Americas,Latin America and the Caribbean,2007,3.10600805491422,MD,observed_official_unodc
ABW,Aruba,Americas,Latin America and the Caribbean,2008,5.1122392118972,MD,observed_official_unodc
ABW,Aruba,Americas,Latin America and the Caribbean,2009,4.03936359826509,MD,observed_official_unodc
ABW,Aruba,Americas,Latin America and the Caribbean,2010,3.99546514705809,MD,observed_official_unodc
ABW,Aruba,Americas,Latin America and the Caribbean,2011,1.98057060239055,MD,observed_official_unodc
ABW,Aruba,Americas,Latin America and the Caribbean,2012,3.93068241560088,MD,observed_official_unodc
ABW,Aruba,Americas,Latin America and the Caribbean,2013,5.85037661799478,MD,observed_official_unodc
ABW,Aruba,Americas,Latin America and the Caribbean,2014,1.93475053810249,MD,observed_official_unodc
AFG,Afghanistan,Asia,Southern Asia,2009,4.05954969836362,NSO,observed_official_unodc
AFG,Afghanistan,Asia,Southern Asia,2010,3.47545228477135,NSO,observed_official_unodc
AFG,Afghanistan,Asia,Southern Asia,2011,4.19453539608613,NSO,observed_official_unodc
AFG,Afghanistan,Asia,Southern Asia,2012,6.37433845786952,NSO,observed_official_unodc
AFG,Afghanistan,Asia,Southern Asia,2015,9.95218590955213,NSO,observed_official_unodc
AFG,Afghanistan,Asia,Southern Asia,2016,6.6799974594108,NSO,observed_official_unodc
AFG,Afghanistan,Asia,Southern Asia,2017,6.79202120758186,NSO,observed_official_unodc
AFG,Afghanistan,Asia,Southern Asia,2018,6.73324816708819,NSO,observed_official_unodc
AFG,Afghanistan,Asia,Southern Asia,2019,7.16396695794585,NSO,observed_official_unodc
AFG,Afghanistan,Asia,Southern Asia,2020,6.57810893906391,NSO,observed_official_unodc
AFG,Afghanistan,Asia,Southern Asia,2021,4.0324584656778,NSO,observed_official_unodc
AFG,Afghanistan,Asia,Southern Asia,2022,4.12283820223357,NSO,observed_official_unodc
AFG,Afghanistan,Asia,Southern Asia,2023,4.22388154644047,NSO,observed_official_unodc
AGO,Angola,Africa,Sub-Saharan Africa,2011,4.35620071002768,NSO,observed_official_unodc
AGO,Angola,Africa,Sub-Saharan Africa,2012,4.83370121625773,NSO,observed_official_unodc
AGO,Angola,Africa,Sub-Saharan Africa,2015,4.45347324389499,NSO,observed_official_unodc
AGO,Angola,Africa,Sub-Saharan Africa,2016,4.09826656345614,NSO,observed_official_unodc
AIA,Anguilla,Americas,Latin America and the Caribbean,2003,16.842814434292,NSO/SDG/PAHO,observed_official_unodc
AIA,Anguilla,Americas,Latin America and the Caribbean,2004,8.28672053035011,NSO/SDG/PAHO,observed_official_unodc
AIA,Anguilla,Americas,Latin America and the Caribbean,2005,0.0,NSO/SDG/PAHO,observed_official_unodc
AIA,Anguilla,Americas,Latin America and the Caribbean,2006,40.0978387264926,NSO/SDG/PAHO,observed_official_unodc
AIA,Anguilla,Americas,Latin America and the Caribbean,2007,31.5556958030925,NSO/SDG/PAHO,observed_official_unodc
AIA,Anguilla,Americas,Latin America and the Caribbean,2008,7.7582528414601,NSO/SDG/PAHO,observed_official_unodc
AIA,Anguilla,Americas,Latin America and the Caribbean,2009,7.62572921035574,NSO/SDG/PAHO,observed_official_unodc
AIA,Anguilla,Americas,Latin America and the Caribbean,2010,0.0,NSO/SDG/PAHO,observed_official_unodc
AIA,Anguilla,Americas,Latin America and the Caribbean,2011,0.0,NSO/SDG/PAHO,observed_official_unodc
AIA,Anguilla,Americas,Latin America and the Caribbean,2012,37.372000896928,NSO/SDG/PAHO,observed_official_unodc
AIA,Anguilla,Americas,Latin America and the Caribbean,2013,7.54603078780561,NSO/SDG/PAHO,observed_official_unodc
AIA,Anguilla,Americas,Latin America and the Caribbean,2014,29.136467931675,NSO/SDG/PAHO,observed_official_unodc
ALB,Albania,Europe,Southern Europe,2003,5.32377619293878,MD/CTS/GSH 2023 Revision/NSO,observed_official_unodc
ALB,Albania,Europe,Southern Europe,2004,4.22763729131083,MD/CTS/GSH 2023 Revision/NSO,observed_official_unodc
ALB,Albania,Europe,Southern Europe,2005,5.00624317533652,MD/CTS/GSH 2023 Revision/NSO,observed_official_unodc
ALB,Albania,Europe,Southern Europe,2006,3.11392865202781,MD/CTS/GSH 2023 Revision/NSO,observed_official_unodc
ALB,Albania,Europe,Southern Europe,2007,3.47350066343863,MD/CTS/GSH 2023 Revision/NSO,observed_official_unodc
ALB,Albania,Europe,Southern Europe,2008,3.10732240524797,MD/CTS/GSH 2023 Revision/NSO,observed_official_unodc
ALB,Albania,Europe,Southern Europe,2009,2.87018701294404,MD/CTS/GSH 2023 Revision/NSO,observed_official_unodc
ALB,Albania,Europe,Southern Europe,2010,4.06320641959299,MD/CTS/GSH 2023 Revision/NSO,observed_official_unodc
ALB,Albania,Europe,Southern Europe,2011,4.87720435898422,MD/CTS/GSH 2023 Revision/NSO,observed_official_unodc
ALB,Albania,Europe,Southern Europe,2012,5.39518158737926,MD/CTS/GSH 2023 Revision/NSO,observed_official_unodc
ALB,Albania,Europe,Southern Europe,2013,4.26472598705621,MD/CTS/GSH 2023 Revision/NSO,observed_official_unodc
ALB,Albania,Europe,Southern Europe,2014,4.6147231364138,MD/CTS/GSH 2023 Revision/NSO,observed_official_unodc
ALB,Albania,Europe,Southern Europe,2015,2.20793808941597,MD/CTS/GSH 2023 Revision/NSO,observed_official_unodc
ALB,Albania,Europe,Southern Europe,2016,2.72614352662554,MD/CTS/GSH 2023 Revision/NSO,observed_official_unodc
ALB,Albania,Europe,Southern Europe,2017,2.00121280396654,MD/CTS/GSH 2023 Revision/NSO,observed_official_unodc
ALB,Albania,Europe,Southern Europe,2018,2.28039848927055,MD/CTS/GSH 2023 Revision/NSO,observed_official_unodc
ALB,Albania,Europe,Southern Europe,2019,2.25302550996799,MD/CTS/GSH 2023 Revision/NSO,observed_official_unodc
ALB,Albania,Europe,Southern Europe,2020,2.12398982086583,MD/CTS/GSH 2023 Revision/NSO,observed_official_unodc
ALB,Albania,Europe,Southern Europe,2021,2.31608568885389,MD/CTS/GSH 2023 Revision/NSO,observed_official_unodc
ALB,Albania,Europe,Southern Europe,2022,1.6975478920699,MD/CTS/GSH 2023 Revision/NSO,observed_official_unodc
ALB,Albania,Europe,Southern Europe,2023,1.38708340817063,MD/CTS/GSH 2023 Revision/NSO,observed_official_unodc
ALB,Albania,Europe,Southern Europe,2024,1.75516237132466,MD/CTS/GSH 2023 Revision/NSO,observed_official_unodc
AND,Andorra,Europe,Southern Europe,2004,1.34544231416078,Interpol/CTS,observed_official_unodc
AND,Andorra,Europe,Southern Europe,2007,0.0,Interpol/CTS,observed_official_unodc
AND,Andorra,Europe,Southern Europe,2008,1.19768367976334,Interpol/CTS,observed_official_unodc
AND,Andorra,Europe,Southern Europe,2009,0.0,Interpol/CTS,observed_official_unodc
AND,Andorra,Europe,Southern Europe,2010,0.0,Interpol/CTS,observed_official_unodc
AND,Andorra,Europe,Southern Europe,2011,1.28562796497949,Interpol/CTS,observed_official_unodc
AND,Andorra,Europe,Southern Europe,2012,0.0,Interpol/CTS,observed_official_unodc
AND,Andorra,Europe,Southern Europe,2013,0.0,Interpol/CTS,observed_official_unodc
AND,Andorra,Europe,Southern Europe,2014,0.0,Interpol/CTS,observed_official_unodc
AND,Andorra,Europe,Southern Europe,2015,0.0,Interpol/CTS,observed_official_unodc
AND,Andorra,Europe,Southern Europe,2020,2.58464719565779,Interpol/CTS,observed_official_unodc
ARE,United Arab Emirates,Asia,Western Asia,2010,0.96564564292759,CTS,observed_official_unodc
ARE,United Arab Emirates,Asia,Western Asia,2011,0.708390053731386,CTS,observed_official_unodc
ARE,United Arab Emirates,Asia,Western Asia,2012,0.920353599853064,CTS,observed_official_unodc
ARE,United Arab Emirates,Asia,Western Asia,2013,0.727797670204742,CTS,observed_official_unodc
ARE,United Arab Emirates,Asia,Western Asia,2014,0.740572167270486,CTS,observed_official_unodc
ARE,United Arab Emirates,Asia,Western Asia,2015,0.691671912805994,CTS,observed_official_unodc
ARE,United Arab Emirates,Asia,Western Asia,2019,0.68245938100401,CTS,observed_official_unodc
ARE,United Arab Emirates,Asia,Western Asia,2020,0.687938137215929,CTS,observed_official_unodc
ARE,United Arab Emirates,Asia,Western Asia,2021,0.44948191080481,CTS,observed_official_unodc
ARE,United Arab Emirates,Asia,Western Asia,2022,0.693218125037315,CTS,observed_official_unodc
ARE,United Arab Emirates,Asia,Western Asia,2023,0.516816212919259,CTS,observed_official_unodc
ARG,Argentina,Americas,Latin America and the Caribbean,2003,7.72167974407433,MoS/CTS,observed_official_unodc
ARG,Argentina,Americas,Latin America and the Caribbean,2004,6.02330247756233,MoS/CTS,observed_official_unodc
ARG,Argentina,Americas,Latin America and the Caribbean,2005,5.6047423259877,MoS/CTS,observed_official_unodc
ARG,Argentina,Americas,Latin America and the Caribbean,2006,5.32783270151026,MoS/CTS,observed_official_unodc
ARG,Argentina,Americas,Latin America and the Caribbean,2007,5.34525993519266,MoS/CTS,observed_official_unodc
ARG,Argentina,Americas,Latin America and the Caribbean,2008,5.86530605419315,MoS/CTS,observed_official_unodc
ARG,Argentina,Americas,Latin America and the Caribbean,2009,6.46679948327286,MoS/CTS,observed_official_unodc
ARG,Argentina,Americas,Latin America and the Caribbean,2010,5.7739778082346,MoS/CTS,observed_official_unodc
ARG,Argentina,Americas,Latin America and the Caribbean,2011,6.01715853502966,MoS/CTS,observed_official_unodc
ARG,Argentina,Americas,Latin America and the Caribbean,2012,6.28057846262278,MoS/CTS,observed_official_unodc
ARG,Argentina,Americas,Latin America and the Caribbean,2013,7.2142387373598,MoS/CTS,observed_official_unodc
ARG,Argentina,Americas,Latin America and the Caribbean,2014,7.50277667235654,MoS/CTS,observed_official_unodc
ARG,Argentina,Americas,Latin America and the Caribbean,2015,6.52528743235621,MoS/CTS,observed_official_unodc
ARG,Argentina,Americas,Latin America and the Caribbean,2016,5.97945616037571,MoS/CTS,observed_official_unodc
ARG,Argentina,Americas,Latin America and the Caribbean,2017,5.23155985787317,MoS/CTS,observed_official_unodc
ARG,Argentina,Americas,Latin America and the Caribbean,2018,5.33872203870925,MoS/CTS,observed_official_unodc
ARG,Argentina,Americas,Latin America and the Caribbean,2019,5.13191495105041,MoS/CTS,observed_official_unodc
ARG,Argentina,Americas,Latin America and the Caribbean,2020,5.35272149985868,MoS/CTS,observed_official_unodc
ARG,Argentina,Americas,Latin America and the Caribbean,2021,4.62126366336244,MoS/CTS,observed_official_unodc
ARG,Argentina,Americas,Latin America and the Caribbean,2022,4.31202462020709,MoS/CTS,observed_official_unodc
ARG,Argentina,Americas,Latin America and the Caribbean,2023,4.49510732711059,MoS/CTS,observed_official_unodc
ARG,Argentina,Americas,Latin America and the Caribbean,2024,3.94343865969129,MoS/CTS,observed_official_unodc
ARM,Armenia,Asia,Western Asia,2004,2.74603388341134,CTS,observed_official_unodc
ARM,Armenia,Asia,Western Asia,2005,1.92924911296119,CTS,observed_official_unodc
ARM,Armenia,Asia,Western Asia,2006,2.64180737077633,CTS,observed_official_unodc
ARM,Armenia,Asia,Western Asia,2007,2.58839277280399,CTS,observed_official_unodc
ARM,Armenia,Asia,Western Asia,2008,3.27703809810168,CTS,observed_official_unodc
ARM,Armenia,Asia,Western Asia,2009,3.29314060878627,CTS,observed_official_unodc
ARM,Armenia,Asia,Western Asia,2010,1.91055986909936,CTS,observed_official_unodc
ARM,Armenia,Asia,Western Asia,2011,2.42878652522919,CTS,observed_official_unodc
ARM,Armenia,Asia,Western Asia,2012,2.22410225395655,CTS,observed_official_unodc
ARM,Armenia,Asia,Western Asia,2013,2.15567534571216,CTS,observed_official_unodc
ARM,Armenia,Asia,Western Asia,2014,2.46370989542236,CTS,observed_official_unodc
ARM,Armenia,Asia,Western Asia,2015,2.56745781452856,CTS,observed_official_unodc
ARM,Armenia,Asia,Western Asia,2016,2.98068464955971,CTS,observed_official_unodc
ARM,Armenia,Asia,Western Asia,2017,2.40140228170953,CTS,observed_official_unodc
ARM,Armenia,Asia,Western Asia,2018,1.71823401969337,CTS,observed_official_unodc
ARM,Armenia,Asia,Western Asia,2019,2.51379877522903,CTS,observed_official_unodc
ARM,Armenia,Asia,Western Asia,2020,2.59435451162573,CTS,observed_official_unodc
ARM,Armenia,Asia,Western Asia,2021,3.13550776151398,CTS,observed_official_unodc
ARM,Armenia,Asia,Western Asia,2022,2.74222289100063,CTS,observed_official_unodc
ARM,Armenia,Asia,Western Asia,2023,2.20833575400906,CTS,observed_official_unodc
ARM,Armenia,Asia,Western Asia,2024,2.18572583163085,CTS,observed_official_unodc
ASM,American Samoa,Oceania,Polynesia,2003,5.26588322026312,NSO/SAS/MoJ,observed_official_unodc
ASM,American Samoa,Oceania,Polynesia,2004,7.04002252807209,NSO/SAS/MoJ,observed_official_unodc
ASM,American Samoa,Oceania,Polynesia,2005,10.5975237119593,NSO/SAS/MoJ,observed_official_unodc
ASM,American Samoa,Oceania,Polynesia,2006,7.09540661114511,NSO/SAS/MoJ,observed_official_unodc
ASM,American Samoa,Oceania,Polynesia,2007,1.78211822572309,NSO/SAS/MoJ,observed_official_unodc
ASM,American Samoa,Oceania,Polynesia,2008,5.37364763201261,NSO/SAS/MoJ,observed_official_unodc
ASM,American Samoa,Oceania,Polynesia,2009,3.6017864860971,NSO/SAS/MoJ,observed_official_unodc
ASM,American Samoa,Oceania,Polynesia,2010,9.05329675801443,NSO/SAS/MoJ,observed_official_unodc
ASM,American Samoa,Oceania,Polynesia,2011,9.10821469883688,NSO/SAS/MoJ,observed_official_unodc
ASM,American Samoa,Oceania,Polynesia,2012,3.67046559856118,NSO/SAS/MoJ,observed_official_unodc
ASM,American Samoa,Oceania,Polynesia,2013,5.55493834018442,NSO/SAS/MoJ,observed_official_unodc
ASM,American Samoa,Oceania,Polynesia,2014,5.61104253170239,NSO/SAS/MoJ,observed_official_unodc
ASM,American Samoa,Oceania,Polynesia,2015,7.56458262415371,NSO/SAS/MoJ,observed_official_unodc
ASM,American Samoa,Oceania,Polynesia,2016,0.0,NSO/SAS/MoJ,observed_official_unodc
ASM,American Samoa,Oceania,Polynesia,2017,13.5695731399992,NSO/SAS/MoJ,observed_official_unodc
ASM,American Samoa,Oceania,Polynesia,2018,25.5360106858383,NSO/SAS/MoJ,observed_official_unodc
ASM,American Samoa,Oceania,Polynesia,2019,0.0,NSO/SAS/MoJ,observed_official_unodc
ATG,Antigua and Barbuda,Americas,Latin America and the Caribbean,2003,6.41980381079554,OAS/CTS,observed_official_unodc
ATG,Antigua and Barbuda,Americas,Latin America and the Caribbean,2004,5.08133308773557,OAS/CTS,observed_official_unodc
ATG,Antigua and Barbuda,Americas,Latin America and the Caribbean,2005,3.76834714013855,OAS/CTS,observed_official_unodc
ATG,Antigua and Barbuda,Americas,Latin America and the Caribbean,2006,13.6469654111458,OAS/CTS,observed_official_unodc
ATG,Antigua and Barbuda,Americas,Latin America and the Caribbean,2007,20.8068148438265,OAS/CTS,observed_official_unodc
ATG,Antigua and Barbuda,Americas,Latin America and the Caribbean,2008,19.2975685063682,OAS/CTS,observed_official_unodc
ATG,Antigua and Barbuda,Americas,Latin America and the Caribbean,2009,19.0084706497333,OAS/CTS,observed_official_unodc
ATG,Antigua and Barbuda,Americas,Latin America and the Caribbean,2010,7.03230759313412,OAS/CTS,observed_official_unodc
ATG,Antigua and Barbuda,Americas,Latin America and the Caribbean,2012,11.4600045840018,OAS/CTS,observed_official_unodc
ATG,Antigua and Barbuda,Americas,Latin America and the Caribbean,2017,22.1072644470973,OAS/CTS,observed_official_unodc
ATG,Antigua and Barbuda,Americas,Latin America and the Caribbean,2018,13.1975452565823,OAS/CTS,observed_official_unodc
ATG,Antigua and Barbuda,Americas,Latin America and the Caribbean,2019,3.28358699042834,OAS/CTS,observed_official_unodc
ATG,Antigua and Barbuda,Americas,Latin America and the Caribbean,2020,9.79901138862879,OAS/CTS,observed_official_unodc
ATG,Antigua and Barbuda,Americas,Latin America and the Caribbean,2021,17.3255801362224,OAS/CTS,observed_official_unodc
ATG,Antigua and Barbuda,Americas,Latin America and the Caribbean,2022,10.771219302025,OAS/CTS,observed_official_unodc
ATG,Antigua and Barbuda,Americas,Latin America and the Caribbean,2023,10.7163332993983,OAS/CTS,observed_official_unodc
ATG,Antigua and Barbuda,Americas,Latin America and the Caribbean,2024,12.7970652063793,OAS/CTS,observed_official_unodc
AUS,Australia,Oceania,Australia and New Zealand,2003,1.52375535865531,GSH 2019 Revision/CTS,observed_official_unodc
AUS,Australia,Oceania,Australia and New Zealand,2004,1.31193813318786,GSH 2019 Revision/CTS,observed_official_unodc
AUS,Australia,Oceania,Australia and New Zealand,2005,1.27620846840694,GSH 2019 Revision/CTS,observed_official_unodc
AUS,Australia,Oceania,Australia and New Zealand,2006,1.36470308152627,GSH 2019 Revision/CTS,observed_official_unodc
AUS,Australia,Oceania,Australia and New Zealand,2007,1.21691956283382,GSH 2019 Revision/CTS,observed_official_unodc
AUS,Australia,Oceania,Australia and New Zealand,2008,1.2213046917262,GSH 2019 Revision/CTS,observed_official_unodc
AUS,Australia,Oceania,Australia and New Zealand,2009,1.20736293068024,GSH 2019 Revision/CTS,observed_official_unodc
AUS,Australia,Oceania,Australia and New Zealand,2010,1.04328595693519,GSH 2019 Revision/CTS,observed_official_unodc
AUS,Australia,Oceania,Australia and New Zealand,2011,1.10321388892905,GSH 2019 Revision/CTS,observed_official_unodc
AUS,Australia,Oceania,Australia and New Zealand,2012,1.06333429077178,GSH 2019 Revision/CTS,observed_official_unodc
AUS,Australia,Oceania,Australia and New Zealand,2013,1.05438607284246,GSH 2019 Revision/CTS,observed_official_unodc
AUS,Australia,Oceania,Australia and New Zealand,2014,1.02985300162206,GSH 2019 Revision/CTS,observed_official_unodc
AUS,Australia,Oceania,Australia and New Zealand,2015,0.985468432815397,GSH 2019 Revision/CTS,observed_official_unodc
AUS,Australia,Oceania,Australia and New Zealand,2016,0.933005940041915,GSH 2019 Revision/CTS,observed_official_unodc
AUS,Australia,Oceania,Australia and New Zealand,2017,0.841048385412525,GSH 2019 Revision/CTS,observed_official_unodc
AUS,Australia,Oceania,Australia and New Zealand,2018,0.879787384450029,GSH 2019 Revision/CTS,observed_official_unodc
AUS,Australia,Oceania,Australia and New Zealand,2019,0.882951478402183,GSH 2019 Revision/CTS,observed_official_unodc
AUS,Australia,Oceania,Australia and New Zealand,2020,0.858459424254959,GSH 2019 Revision/CTS,observed_official_unodc
AUS,Australia,Oceania,Australia and New Zealand,2021,0.743554074825619,GSH 2019 Revision/CTS,observed_official_unodc
AUS,Australia,Oceania,Australia and New Zealand,2022,0.839663105025691,GSH 2019 Revision/CTS,observed_official_unodc
AUS,Australia,Oceania,Australia and New Zealand,2023,0.839283805104086,GSH 2019 Revision/CTS,observed_official_unodc
AUS,Australia,Oceania,Australia and New Zealand,2024,0.943353670965352,GSH 2019 Revision/CTS,observed_official_unodc
AUT,Austria,Europe,Western Europe,2003,0.61556629267321,Eurostat/CTS/GSH 2023 Revision,observed_official_unodc
AUT,Austria,Europe,Western Europe,2004,0.721845781686185,Eurostat/CTS/GSH 2023 Revision,observed_official_unodc
AUT,Austria,Europe,Western Europe,2005,0.656199514789066,Eurostat/CTS/GSH 2023 Revision,observed_official_unodc
AUT,Austria,Europe,Western Europe,2006,0.737614857062635,Eurostat/CTS/GSH 2023 Revision,observed_official_unodc
AUT,Austria,Europe,Western Europe,2007,0.542367847855454,Eurostat/CTS/GSH 2023 Revision,observed_official_unodc
AUT,Austria,Europe,Western Europe,2008,0.696842970941948,Eurostat/CTS/GSH 2023 Revision,observed_official_unodc
AUT,Austria,Europe,Western Europe,2009,0.611139601001334,Eurostat/CTS/GSH 2023 Revision,observed_official_unodc
AUT,Austria,Europe,Western Europe,2010,0.729220953530514,Eurostat/CTS/GSH 2023 Revision,observed_official_unodc
AUT,Austria,Europe,Western Europe,2011,0.917401680155648,Eurostat/CTS/GSH 2023 Revision,observed_official_unodc
AUT,Austria,Europe,Western Europe,2012,0.960671644685274,Eurostat/CTS/GSH 2023 Revision,observed_official_unodc
AUT,Austria,Europe,Western Europe,2013,0.719220332146561,Eurostat/CTS/GSH 2023 Revision,observed_official_unodc
AUT,Austria,Europe,Western Europe,2014,0.491353494620118,Eurostat/CTS/GSH 2023 Revision,observed_official_unodc
AUT,Austria,Europe,Western Europe,2015,0.509021333026224,Eurostat/CTS/GSH 2023 Revision,observed_official_unodc
AUT,Austria,Europe,Western Europe,2016,0.617996363091403,Eurostat/CTS/GSH 2023 Revision,observed_official_unodc
AUT,Austria,Europe,Western Europe,2017,0.795565065715095,Eurostat/CTS/GSH 2023 Revision,observed_official_unodc
AUT,Austria,Europe,Western Europe,2018,0.972669073494819,Eurostat/CTS/GSH 2023 Revision,observed_official_unodc
AUT,Austria,Europe,Western Europe,2019,0.86703158562286,Eurostat/CTS/GSH 2023 Revision,observed_official_unodc
AUT,Austria,Europe,Western Europe,2020,0.728584791296886,Eurostat/CTS/GSH 2023 Revision,observed_official_unodc
AUT,Austria,Europe,Western Europe,2021,0.724875548626241,Eurostat/CTS/GSH 2023 Revision,observed_official_unodc
AUT,Austria,Europe,Western Europe,2022,0.871514782049046,Eurostat/CTS/GSH 2023 Revision,observed_official_unodc
AUT,Austria,Europe,Western Europe,2023,0.876191031111463,Eurostat/CTS/GSH 2023 Revision,observed_official_unodc
AUT,Austria,Europe,Western Europe,2024,0.986754141324902,Eurostat/CTS/GSH 2023 Revision,observed_official_unodc
AZE,Azerbaijan,Asia,Western Asia,2007,2.14083972909202,CTS/NSO/SDG,observed_official_unodc
AZE,Azerbaijan,Asia,Western Asia,2008,2.14701734840338,CTS/NSO/SDG,observed_official_unodc
AZE,Azerbaijan,Asia,Western Asia,2010,2.25214132449197,CTS/NSO/SDG,observed_official_unodc
AZE,Azerbaijan,Asia,Western Asia,2011,2.27956547808754,CTS/NSO/SDG,observed_official_unodc
AZE,Azerbaijan,Asia,Western Asia,2012,2.15439538519976,CTS/NSO/SDG,observed_official_unodc
AZE,Azerbaijan,Asia,Western Asia,2013,2.32523663491333,CTS/NSO/SDG,observed_official_unodc
AZE,Azerbaijan,Asia,Western Asia,2014,2.45038540616903,CTS/NSO/SDG,observed_official_unodc
AZE,Azerbaijan,Asia,Western Asia,2015,2.16347016513122,CTS/NSO/SDG,observed_official_unodc
AZE,Azerbaijan,Asia,Western Asia,2016,1.71253212771072,CTS/NSO/SDG,observed_official_unodc
AZE,Azerbaijan,Asia,Western Asia,2017,1.82574937607272,CTS/NSO/SDG,observed_official_unodc
AZE,Azerbaijan,Asia,Western Asia,2018,1.96219351122527,CTS/NSO/SDG,observed_official_unodc
AZE,Azerbaijan,Asia,Western Asia,2019,1.66164299896889,CTS/NSO/SDG,observed_official_unodc
AZE,Azerbaijan,Asia,Western Asia,2020,2.15091148557269,CTS/NSO/SDG,observed_official_unodc
AZE,Azerbaijan,Asia,Western Asia,2021,1.92488634254545,CTS/NSO/SDG,observed_official_unodc
AZE,Azerbaijan,Asia,Western Asia,2022,2.01062542689366,CTS/NSO/SDG,observed_official_unodc
AZE,Azerbaijan,Asia,Western Asia,2023,2.16122820563689,CTS/NSO/SDG,observed_official_unodc
AZE,Azerbaijan,Asia,Western Asia,2024,1.9929227057989,CTS/NSO/SDG,observed_official_unodc
BDI,Burundi,Africa,Sub-Saharan Africa,2012,4.96473671628838,SDG,observed_official_unodc
BDI,Burundi,Africa,Sub-Saharan Africa,2013,4.98115757408239,SDG,observed_official_unodc
BDI,Burundi,Africa,Sub-Saharan Africa,2014,5.22232594341804,SDG,observed_official_unodc
BDI,Burundi,Africa,Sub-Saharan Africa,2015,4.17285957648643,SDG,observed_official_unodc
BDI,Burundi,Africa,Sub-Saharan Africa,2016,5.64974214487878,SDG,observed_official_unodc
BEL,Belgium,Europe,Western Europe,2021,1.08030153549307,MoI,observed_official_unodc
BGD,Bangladesh,Asia,Southern Asia,2003,2.46221986613972,NP,observed_official_unodc
BGD,Bangladesh,Asia,Southern Asia,2004,2.73052626299689,NP,observed_official_unodc
BGD,Bangladesh,Asia,Southern Asia,2005,2.48210654779569,NP,observed_official_unodc
BGD,Bangladesh,Asia,Southern Asia,2006,2.84551231101236,NP,observed_official_unodc
BGD,Bangladesh,Asia,Southern Asia,2007,2.61032424254411,NP,observed_official_unodc
BGD,Bangladesh,Asia,Southern Asia,2008,2.74227810461832,NP,observed_official_unodc
BGD,Bangladesh,Asia,Southern Asia,2009,2.7963784334228,NP,observed_official_unodc
BGD,Bangladesh,Asia,Southern Asia,2010,2.62020241832397,NP,observed_official_unodc
BGD,Bangladesh,Asia,Southern Asia,2011,2.58218128044816,NP,observed_official_unodc
BGD,Bangladesh,Asia,Southern Asia,2012,2.65299368492385,NP,observed_official_unodc
BGD,Bangladesh,Asia,Southern Asia,2013,2.80645239116244,NP,observed_official_unodc
BGD,Bangladesh,Asia,Southern Asia,2014,2.85759633031455,NP,observed_official_unodc
BGD,Bangladesh,Asia,Southern Asia,2015,2.53163478437081,NP,observed_official_unodc
BGD,Bangladesh,Asia,Southern Asia,2016,2.23304324758363,NP,observed_official_unodc
BGD,Bangladesh,Asia,Southern Asia,2017,2.18822635384583,NP,observed_official_unodc
BGD,Bangladesh,Asia,Southern Asia,2018,2.34217668208578,NP,observed_official_unodc
BGD,Bangladesh,Asia,Southern Asia,2020,2.12810706638342,NP,observed_official_unodc
BGD,Bangladesh,Asia,Southern Asia,2021,1.91698792741066,NP,observed_official_unodc
BGD,Bangladesh,Asia,Southern Asia,2022,1.84550101345369,NP,observed_official_unodc
BGD,Bangladesh,Asia,Southern Asia,2023,1.76302155884348,NP,observed_official_unodc
BGR,Bulgaria,Europe,Eastern Europe,2003,3.16487749649733,CTS/External,observed_official_unodc
BGR,Bulgaria,Europe,Eastern Europe,2004,3.14861867259915,CTS/External,observed_official_unodc
BGR,Bulgaria,Europe,Eastern Europe,2005,2.58607823120566,CTS/External,observed_official_unodc
BGR,Bulgaria,Europe,Eastern Europe,2006,2.43446129167281,CTS/External,observed_official_unodc
BGR,Bulgaria,Europe,Eastern Europe,2007,2.3329723596816,CTS/External,observed_official_unodc
BGR,Bulgaria,Europe,Eastern Europe,2008,2.28250164569032,CTS/External,observed_official_unodc
BGR,Bulgaria,Europe,Eastern Europe,2009,2.00320205170625,CTS/External,observed_official_unodc
BGR,Bulgaria,Europe,Eastern Europe,2010,1.9898896128905,CTS/External,observed_official_unodc
BGR,Bulgaria,Europe,Eastern Europe,2011,1.73441146879584,CTS/External,observed_official_unodc
BGR,Bulgaria,Europe,Eastern Europe,2012,1.92701571481315,CTS/External,observed_official_unodc
BGR,Bulgaria,Europe,Eastern Europe,2013,1.50042683013702,CTS/External,observed_official_unodc
BGR,Bulgaria,Europe,Eastern Europe,2014,1.55050575213407,CTS/External,observed_official_unodc
BGR,Bulgaria,Europe,Eastern Europe,2015,1.75548173553612,CTS/External,observed_official_unodc
BGR,Bulgaria,Europe,Eastern Europe,2016,1.10839328712128,CTS/External,observed_official_unodc
BGR,Bulgaria,Europe,Eastern Europe,2017,1.45569963291636,CTS/External,observed_official_unodc
BGR,Bulgaria,Europe,Eastern Europe,2018,1.30965598682543,CTS/External,observed_official_unodc
BGR,Bulgaria,Europe,Eastern Europe,2019,1.18988414972527,CTS/External,observed_official_unodc
BGR,Bulgaria,Europe,Eastern Europe,2020,0.995146569224991,CTS/External,observed_official_unodc
BGR,Bulgaria,Europe,Eastern Europe,2021,1.29412653402161,CTS/External,observed_official_unodc
BGR,Bulgaria,Europe,Eastern Europe,2022,1.11341216291447,CTS/External,observed_official_unodc
BGR,Bulgaria,Europe,Eastern Europe,2023,1.08890737415431,CTS/External,observed_official_unodc
BGR,Bulgaria,Europe,Eastern Europe,2024,1.16903879188868,CTS/External,observed_official_unodc
BHR,Bahrain,Asia,Western Asia,2007,0.378284574027927,CTS/NP/SDG/MoI,observed_official_unodc
BHR,Bahrain,Asia,Western Asia,2008,0.535373224289705,CTS/NP/SDG/MoI,observed_official_unodc
BHR,Bahrain,Asia,Western Asia,2009,1.09833893134157,CTS/NP/SDG/MoI,observed_official_unodc
BHR,Bahrain,Asia,Western Asia,2010,0.164847301944209,CTS/NP/SDG/MoI,observed_official_unodc
BHR,Bahrain,Asia,Western Asia,2011,0.994424592783129,CTS/NP/SDG/MoI,observed_official_unodc
BHR,Bahrain,Asia,Western Asia,2012,0.739947200656415,CTS/NP/SDG/MoI,observed_official_unodc
BHR,Bahrain,Asia,Western Asia,2013,0.874958141207108,CTS/NP/SDG/MoI,observed_official_unodc
BHR,Bahrain,Asia,Western Asia,2014,0.685532521662828,CTS/NP/SDG/MoI,observed_official_unodc
BHR,Bahrain,Asia,Western Asia,2015,0.219034059796298,CTS/NP/SDG/MoI,observed_official_unodc
BHR,Bahrain,Asia,Western Asia,2016,0.279797762177498,CTS/NP/SDG/MoI,observed_official_unodc
BHR,Bahrain,Asia,Western Asia,2017,0.40485966551844,CTS/NP/SDG/MoI,observed_official_unodc
BHR,Bahrain,Asia,Western Asia,2018,0.333861836620704,CTS/NP/SDG/MoI,observed_official_unodc
BHR,Bahrain,Asia,Western Asia,2019,0.269238704006036,CTS/NP/SDG/MoI,observed_official_unodc
BHR,Bahrain,Asia,Western Asia,2020,0.0,CTS/NP/SDG/MoI,observed_official_unodc
BHR,Bahrain,Asia,Western Asia,2021,0.0665883809268237,CTS/NP/SDG/MoI,observed_official_unodc
BHR,Bahrain,Asia,Western Asia,2022,0.195636140255462,CTS/NP/SDG/MoI,observed_official_unodc
BHS,Bahamas,Americas,Latin America and the Caribbean,2003,14.8979120576251,OAS/CTS/GSH 2023 Revision/NP,observed_official_unodc
BHS,Bahamas,Americas,Latin America and the Caribbean,2004,12.949479372068,OAS/CTS/GSH 2023 Revision/NP,observed_official_unodc
BHS,Bahamas,Americas,Latin America and the Caribbean,2005,15.1209384287019,OAS/CTS/GSH 2023 Revision/NP,observed_official_unodc
BHS,Bahamas,Americas,Latin America and the Caribbean,2006,17.5098672407607,OAS/CTS/GSH 2023 Revision/NP,observed_official_unodc
BHS,Bahamas,Americas,Latin America and the Caribbean,2007,22.0753988076454,OAS/CTS/GSH 2023 Revision/NP,observed_official_unodc
BHS,Bahamas,Americas,Latin America and the Caribbean,2008,20.3842002901258,OAS/CTS/GSH 2023 Revision/NP,observed_official_unodc
BHS,Bahamas,Americas,Latin America and the Caribbean,2009,23.9794933987487,OAS/CTS/GSH 2023 Revision/NP,observed_official_unodc
BHS,Bahamas,Americas,Latin America and the Caribbean,2010,25.5797974025621,OAS/CTS/GSH 2023 Revision/NP,observed_official_unodc
BHS,Bahamas,Americas,Latin America and the Caribbean,2011,34.1646737273659,OAS/CTS/GSH 2023 Revision/NP,observed_official_unodc
BHS,Bahamas,Americas,Latin America and the Caribbean,2012,29.2966539226222,OAS/CTS/GSH 2023 Revision/NP,observed_official_unodc
BHS,Bahamas,Americas,Latin America and the Caribbean,2013,31.4023111045433,OAS/CTS/GSH 2023 Revision/NP,observed_official_unodc
BHS,Bahamas,Americas,Latin America and the Caribbean,2014,31.9122778565412,OAS/CTS/GSH 2023 Revision/NP,observed_official_unodc
BHS,Bahamas,Americas,Latin America and the Caribbean,2015,37.8879787412108,OAS/CTS/GSH 2023 Revision/NP,observed_official_unodc
BHS,Bahamas,Americas,Latin America and the Caribbean,2016,28.6041558488412,OAS/CTS/GSH 2023 Revision/NP,observed_official_unodc
BHS,Bahamas,Americas,Latin America and the Caribbean,2017,31.2431975620062,OAS/CTS/GSH 2023 Revision/NP,observed_official_unodc
BHS,Bahamas,Americas,Latin America and the Caribbean,2018,23.1718729111893,OAS/CTS/GSH 2023 Revision/NP,observed_official_unodc
BHS,Bahamas,Americas,Latin America and the Caribbean,2019,24.0704681959437,OAS/CTS/GSH 2023 Revision/NP,observed_official_unodc
BHS,Bahamas,Americas,Latin America and the Caribbean,2020,18.4407464713126,OAS/CTS/GSH 2023 Revision/NP,observed_official_unodc
BHS,Bahamas,Americas,Latin America and the Caribbean,2021,30.0222265391437,OAS/CTS/GSH 2023 Revision/NP,observed_official_unodc
BHS,Bahamas,Americas,Latin America and the Caribbean,2022,32.1981392997156,OAS/CTS/GSH 2023 Revision/NP,observed_official_unodc
BHS,Bahamas,Americas,Latin America and the Caribbean,2023,27.5385195041564,OAS/CTS/GSH 2023 Revision/NP,observed_official_unodc
BHS,Bahamas,Americas,Latin America and the Caribbean,2024,29.9040826548845,OAS/CTS/GSH 2023 Revision/NP,observed_official_unodc
BIH,Bosnia and Herzegovina,Europe,Southern Europe,2004,1.64212058622739,Interpol/CTS/SDG,observed_official_unodc
BIH,Bosnia and Herzegovina,Europe,Southern Europe,2007,1.64448112135673,Interpol/CTS/SDG,observed_official_unodc
BIH,Bosnia and Herzegovina,Europe,Southern Europe,2008,1.67192542098005,Interpol/CTS/SDG,observed_official_unodc
BIH,Bosnia and Herzegovina,Europe,Southern Europe,2009,1.82999406669529,Interpol/CTS/SDG,observed_official_unodc
BIH,Bosnia and Herzegovina,Europe,Southern Europe,2010,1.46924881899287,Interpol/CTS/SDG,observed_official_unodc
BIH,Bosnia and Herzegovina,Europe,Southern Europe,2011,1.36298129441799,Interpol/CTS/SDG,observed_official_unodc
BIH,Bosnia and Herzegovina,Europe,Southern Europe,2012,1.71656816607988,Interpol/CTS/SDG,observed_official_unodc
BIH,Bosnia and Herzegovina,Europe,Southern Europe,2013,1.27393509411472,Interpol/CTS/SDG,observed_official_unodc
BIH,Bosnia and Herzegovina,Europe,Southern Europe,2014,1.40259182137488,Interpol/CTS/SDG,observed_official_unodc
BIH,Bosnia and Herzegovina,Europe,Southern Europe,2015,1.61998987932639,Interpol/CTS/SDG,observed_official_unodc
BIH,Bosnia and Herzegovina,Europe,Southern Europe,2016,1.29570864177198,Interpol/CTS/SDG,observed_official_unodc
BIH,Bosnia and Herzegovina,Europe,Southern Europe,2017,1.22496031638975,Interpol/CTS/SDG,observed_official_unodc
BIH,Bosnia and Herzegovina,Europe,Southern Europe,2018,1.15146147032772,Interpol/CTS/SDG,observed_official_unodc
BIH,Bosnia and Herzegovina,Europe,Southern Europe,2019,1.25540534198886,Interpol/CTS/SDG,observed_official_unodc
BIH,Bosnia and Herzegovina,Europe,Southern Europe,2020,1.3032872085846,Interpol/CTS/SDG,observed_official_unodc
BIH,Bosnia and Herzegovina,Europe,Southern Europe,2021,0.986160622452258,Interpol/CTS/SDG,observed_official_unodc
BIH,Bosnia and Herzegovina,Europe,Southern Europe,2022,1.09211115070447,Interpol/CTS/SDG,observed_official_unodc
BIH,Bosnia and Herzegovina,Europe,Southern Europe,2023,1.22446173133237,Interpol/CTS/SDG,observed_official_unodc
BIH,Bosnia and Herzegovina,Europe,Southern Europe,2024,0.979694101577845,Interpol/CTS/SDG,observed_official_unodc
BLR,Belarus,Europe,Eastern Europe,2007,6.7864785114628,UNSDC/NSO/CTS/SDG,observed_official_unodc
BLR,Belarus,Europe,Eastern Europe,2008,5.79262527444136,UNSDC/NSO/CTS/SDG,observed_official_unodc
BLR,Belarus,Europe,Eastern Europe,2009,5.12235971019014,UNSDC/NSO/CTS/SDG,observed_official_unodc
BLR,Belarus,Europe,Eastern Europe,2010,4.22516594181188,UNSDC/NSO/CTS/SDG,observed_official_unodc
BLR,Belarus,Europe,Eastern Europe,2011,3.93761674954488,UNSDC/NSO/CTS/SDG,observed_official_unodc
BLR,Belarus,Europe,Eastern Europe,2012,3.59291188230382,UNSDC/NSO/CTS/SDG,observed_official_unodc
BLR,Belarus,Europe,Eastern Europe,2013,3.51842837615655,UNSDC/NSO/CTS/SDG,observed_official_unodc
BLR,Belarus,Europe,Eastern Europe,2014,3.58925893151456,UNSDC/NSO/CTS/SDG,observed_official_unodc
BLR,Belarus,Europe,Eastern Europe,2015,3.43617510284546,UNSDC/NSO/CTS/SDG,observed_official_unodc
BLR,Belarus,Europe,Eastern Europe,2016,3.23189754442635,UNSDC/NSO/CTS/SDG,observed_official_unodc
BLR,Belarus,Europe,Eastern Europe,2017,2.5274359757027,UNSDC/NSO/CTS/SDG,observed_official_unodc
BLR,Belarus,Europe,Eastern Europe,2018,2.38395844908102,UNSDC/NSO/CTS/SDG,observed_official_unodc
BLR,Belarus,Europe,Eastern Europe,2019,2.38463165310244,UNSDC/NSO/CTS/SDG,observed_official_unodc
BLR,Belarus,Europe,Eastern Europe,2020,2.5558916832354,UNSDC/NSO/CTS/SDG,observed_official_unodc
BLR,Belarus,Europe,Eastern Europe,2021,2.43207353725639,UNSDC/NSO/CTS/SDG,observed_official_unodc
BLR,Belarus,Europe,Eastern Europe,2022,1.97313118586165,UNSDC/NSO/CTS/SDG,observed_official_unodc
BLR,Belarus,Europe,Eastern Europe,2023,1.84297825285662,UNSDC/NSO/CTS/SDG,observed_official_unodc
BLR,Belarus,Europe,Eastern Europe,2024,1.53477603753068,UNSDC/NSO/CTS/SDG,observed_official_unodc
BLZ,Belize,Americas,Latin America and the Caribbean,2003,25.3999545075442,OAS/CTS/MoI,observed_official_unodc
BLZ,Belize,Americas,Latin America and the Caribbean,2004,29.0774177044667,OAS/CTS/MoI,observed_official_unodc
BLZ,Belize,Americas,Latin America and the Caribbean,2005,28.9564420040003,OAS/CTS/MoI,observed_official_unodc
BLZ,Belize,Americas,Latin America and the Caribbean,2006,31.9579266947688,OAS/CTS/MoI,observed_official_unodc
BLZ,Belize,Americas,Latin America and the Caribbean,2007,32.7592029719689,OAS/CTS/MoI,observed_official_unodc
BLZ,Belize,Americas,Latin America and the Caribbean,2008,33.841336699944,OAS/CTS/MoI,observed_official_unodc
BLZ,Belize,Americas,Latin America and the Caribbean,2009,31.028680737267,OAS/CTS/MoI,observed_official_unodc
BLZ,Belize,Americas,Latin America and the Caribbean,2010,40.2816593545567,OAS/CTS/MoI,observed_official_unodc
BLZ,Belize,Americas,Latin America and the Caribbean,2011,37.8859632506156,OAS/CTS/MoI,observed_official_unodc
BLZ,Belize,Americas,Latin America and the Caribbean,2012,43.3594287320507,OAS/CTS/MoI,observed_official_unodc
BLZ,Belize,Americas,Latin America and the Caribbean,2013,28.9789741443153,OAS/CTS/MoI,observed_official_unodc
BLZ,Belize,Americas,Latin America and the Caribbean,2014,35.2513810373364,OAS/CTS/MoI,observed_official_unodc
BLZ,Belize,Americas,Latin America and the Caribbean,2015,33.3957281531601,OAS/CTS/MoI,observed_official_unodc
BLZ,Belize,Americas,Latin America and the Caribbean,2016,37.8388012229062,OAS/CTS/MoI,observed_official_unodc
BLZ,Belize,Americas,Latin America and the Caribbean,2017,38.0491503919464,OAS/CTS/MoI,observed_official_unodc
BLZ,Belize,Americas,Latin America and the Caribbean,2018,37.609161907442,OAS/CTS/MoI,observed_official_unodc
BLZ,Belize,Americas,Latin America and the Caribbean,2019,34.7304566666278,OAS/CTS/MoI,observed_official_unodc
BLZ,Belize,Americas,Latin America and the Caribbean,2020,26.0995390360826,OAS/CTS/MoI,observed_official_unodc
BLZ,Belize,Americas,Latin America and the Caribbean,2021,31.6178339760185,OAS/CTS/MoI,observed_official_unodc
BLZ,Belize,Americas,Latin America and the Caribbean,2022,28.0582917218107,OAS/CTS/MoI,observed_official_unodc
BMU,Bermuda,Americas,Northern America,2003,3.20584746577758,NP/CTS/SDG/External/GSH 2023 Revision,observed_official_unodc
BMU,Bermuda,Americas,Northern America,2004,1.5985932379506,NP/CTS/SDG/External/GSH 2023 Revision,observed_official_unodc
BMU,Bermuda,Americas,Northern America,2005,3.18923314888935,NP/CTS/SDG/External/GSH 2023 Revision,observed_official_unodc
BMU,Bermuda,Americas,Northern America,2006,4.77452314450094,NP/CTS/SDG/External/GSH 2023 Revision,observed_official_unodc
BMU,Bermuda,Americas,Northern America,2007,4.7611868051643,NP/CTS/SDG/External/GSH 2023 Revision,observed_official_unodc
BMU,Bermuda,Americas,Northern America,2008,7.89895654784003,NP/CTS/SDG/External/GSH 2023 Revision,observed_official_unodc
BMU,Bermuda,Americas,Northern America,2009,9.439156768662,NP/CTS/SDG/External/GSH 2023 Revision,observed_official_unodc
BMU,Bermuda,Americas,Northern America,2010,10.9846136946748,NP/CTS/SDG/External/GSH 2023 Revision,observed_official_unodc
BMU,Bermuda,Americas,Northern America,2011,12.5524653826541,NP/CTS/SDG/External/GSH 2023 Revision,observed_official_unodc
BMU,Bermuda,Americas,Northern America,2012,9.42714388963957,NP/CTS/SDG/External/GSH 2023 Revision,observed_official_unodc
BMU,Bermuda,Americas,Northern America,2013,7.86491226690366,NP/CTS/SDG/External/GSH 2023 Revision,observed_official_unodc
BMU,Bermuda,Americas,Northern America,2014,6.29633710588865,NP/CTS/SDG/External/GSH 2023 Revision,observed_official_unodc
BMU,Bermuda,Americas,Northern America,2015,6.30283548811522,NP/CTS/SDG/External/GSH 2023 Revision,observed_official_unodc
BMU,Bermuda,Americas,Northern America,2016,12.6086511107434,NP/CTS/SDG/External/GSH 2023 Revision,observed_official_unodc
BMU,Bermuda,Americas,Northern America,2017,7.86429374710004,NP/CTS/SDG/External/GSH 2023 Revision,observed_official_unodc
BMU,Bermuda,Americas,Northern America,2018,7.83318450282778,NP/CTS/SDG/External/GSH 2023 Revision,observed_official_unodc
BMU,Bermuda,Americas,Northern America,2019,0.0,NP/CTS/SDG/External/GSH 2023 Revision,observed_official_unodc
BMU,Bermuda,Americas,Northern America,2020,10.8726041440154,NP/CTS/SDG/External/GSH 2023 Revision,observed_official_unodc
BMU,Bermuda,Americas,Northern America,2021,10.8278678381388,NP/CTS/SDG/External/GSH 2023 Revision,observed_official_unodc
BMU,Bermuda,Americas,Northern America,2022,13.8999359058511,NP/CTS/SDG/External/GSH 2023 Revision,observed_official_unodc
BMU,Bermuda,Americas,Northern America,2023,6.18257133141674,NP/CTS/SDG/External/GSH 2023 Revision,observed_official_unodc
BOL,Bolivia (Plurinational State of),Americas,Latin America and the Caribbean,2015,4.92977342561603,GSH 2023 Revision/CTS,observed_official_unodc
BOL,Bolivia (Plurinational State of),Americas,Latin America and the Caribbean,2016,5.74238712195448,GSH 2023 Revision/CTS,observed_official_unodc
BOL,Bolivia (Plurinational State of),Americas,Latin America and the Caribbean,2017,6.58463782839173,GSH 2023 Revision/CTS,observed_official_unodc
BOL,Bolivia (Plurinational State of),Americas,Latin America and the Caribbean,2018,4.98767505522938,GSH 2023 Revision/CTS,observed_official_unodc
BOL,Bolivia (Plurinational State of),Americas,Latin America and the Caribbean,2019,4.25827764835632,GSH 2023 Revision/CTS,observed_official_unodc
BOL,Bolivia (Plurinational State of),Americas,Latin America and the Caribbean,2020,3.62211536699793,GSH 2023 Revision/CTS,observed_official_unodc
BOL,Bolivia (Plurinational State of),Americas,Latin America and the Caribbean,2021,3.50161189331694,GSH 2023 Revision/CTS,observed_official_unodc
BOL,Bolivia (Plurinational State of),Americas,Latin America and the Caribbean,2022,4.01584677979597,GSH 2023 Revision/CTS,observed_official_unodc
BOL,Bolivia (Plurinational State of),Americas,Latin America and the Caribbean,2023,4.41843313132273,GSH 2023 Revision/CTS,observed_official_unodc
BOL,Bolivia (Plurinational State of),Americas,Latin America and the Caribbean,2024,3.64930721567929,GSH 2023 Revision/CTS,observed_official_unodc
BRA,Brazil,Americas,Latin America and the Caribbean,2003,28.2710884352715,DATASUS,observed_official_unodc
BRA,Brazil,Americas,Latin America and the Caribbean,2004,26.4918363852054,DATASUS,observed_official_unodc
BRA,Brazil,Americas,Latin America and the Caribbean,2005,25.7693915381983,DATASUS,observed_official_unodc
BRA,Brazil,Americas,Latin America and the Caribbean,2006,26.3403064568888,DATASUS,observed_official_unodc
BRA,Brazil,Americas,Latin America and the Caribbean,2007,25.3144591379199,DATASUS,observed_official_unodc
BRA,Brazil,Americas,Latin America and the Caribbean,2008,26.3359303856077,DATASUS,observed_official_unodc
BRA,Brazil,Americas,Latin America and the Caribbean,2009,26.7914479705158,DATASUS,observed_official_unodc
BRA,Brazil,Americas,Latin America and the Caribbean,2010,26.9945684769237,DATASUS,observed_official_unodc
BRA,Brazil,Americas,Latin America and the Caribbean,2011,26.7470983503833,DATASUS,observed_official_unodc
BRA,Brazil,Americas,Latin America and the Caribbean,2012,28.6413621085766,DATASUS,observed_official_unodc
BRA,Brazil,Americas,Latin America and the Caribbean,2013,28.6404106359245,DATASUS,observed_official_unodc
BRA,Brazil,Americas,Latin America and the Caribbean,2014,29.8537931807395,DATASUS,observed_official_unodc
BRA,Brazil,Americas,Latin America and the Caribbean,2015,28.8503019791216,DATASUS,observed_official_unodc
BRA,Brazil,Americas,Latin America and the Caribbean,2016,30.1193623667804,DATASUS,observed_official_unodc
BRA,Brazil,Americas,Latin America and the Caribbean,2017,31.1611756216413,DATASUS,observed_official_unodc
BRA,Brazil,Americas,Latin America and the Caribbean,2018,27.1606152370358,DATASUS,observed_official_unodc
BRA,Brazil,Americas,Latin America and the Caribbean,2019,21.2445602088385,DATASUS,observed_official_unodc
BRA,Brazil,Americas,Latin America and the Caribbean,2020,22.8706064004318,DATASUS,observed_official_unodc
BRA,Brazil,Americas,Latin America and the Caribbean,2021,21.7427516470103,DATASUS,observed_official_unodc
BRA,Brazil,Americas,Latin America and the Caribbean,2022,21.0963608054856,DATASUS,observed_official_unodc
BRA,Brazil,Americas,Latin America and the Caribbean,2023,20.5753765300299,DATASUS,observed_official_unodc
BRA,Brazil,Americas,Latin America and the Caribbean,2024,18.6911635044563,DATASUS,observed_official_unodc
BRB,Barbados,Americas,Latin America and the Caribbean,2003,12.416471013184,OAS/CTS,observed_official_unodc
BRB,Barbados,Americas,Latin America and the Caribbean,2004,8.23051425749538,OAS/CTS,observed_official_unodc
BRB,Barbados,Americas,Latin America and the Caribbean,2005,10.7924646267668,OAS/CTS,observed_official_unodc
BRB,Barbados,Americas,Latin America and the Caribbean,2006,12.9628909469021,OAS/CTS,observed_official_unodc
BRB,Barbados,Americas,Latin America and the Caribbean,2007,9.21528188625762,OAS/CTS,observed_official_unodc
BRB,Barbados,Americas,Latin America and the Caribbean,2008,8.43372831294266,OAS/CTS,observed_official_unodc
BRB,Barbados,Americas,Latin America and the Caribbean,2009,6.93120776295269,OAS/CTS,observed_official_unodc
BRB,Barbados,Americas,Latin America and the Caribbean,2010,11.2627546154587,OAS/CTS,observed_official_unodc
BRB,Barbados,Americas,Latin America and the Caribbean,2011,9.7776844270458,OAS/CTS,observed_official_unodc
BRB,Barbados,Americas,Latin America and the Caribbean,2012,7.94403069284586,OAS/CTS,observed_official_unodc
BRB,Barbados,Americas,Latin America and the Caribbean,2013,8.64350926476149,OAS/CTS,observed_official_unodc
BRB,Barbados,Americas,Latin America and the Caribbean,2014,8.98156264819578,OAS/CTS,observed_official_unodc
BRB,Barbados,Americas,Latin America and the Caribbean,2015,11.1115093730958,OAS/CTS,observed_official_unodc
BRB,Barbados,Americas,Latin America and the Caribbean,2016,7.86845375942203,OAS/CTS,observed_official_unodc
BRB,Barbados,Americas,Latin America and the Caribbean,2017,10.7077463406277,OAS/CTS,observed_official_unodc
BRB,Barbados,Americas,Latin America and the Caribbean,2018,9.9746892260888,OAS/CTS,observed_official_unodc
BRB,Barbados,Americas,Latin America and the Caribbean,2019,17.0692460193985,OAS/CTS,observed_official_unodc
BRB,Barbados,Americas,Latin America and the Caribbean,2020,14.5545939268294,OAS/CTS,observed_official_unodc
BRB,Barbados,Americas,Latin America and the Caribbean,2021,11.3416257157186,OAS/CTS,observed_official_unodc
BRB,Barbados,Americas,Latin America and the Caribbean,2022,15.2310515092909,OAS/CTS,observed_official_unodc
BRB,Barbados,Americas,Latin America and the Caribbean,2023,7.43794627677661,OAS/CTS,observed_official_unodc
BRB,Barbados,Americas,Latin America and the Caribbean,2024,7.43448361315904,OAS/CTS,observed_official_unodc
BRN,Brunei Darussalam,Asia,South-eastern Asia,2003,0.865458678675387,WHO/MD,observed_official_unodc
BRN,Brunei Darussalam,Asia,South-eastern Asia,2004,0.566715923725704,WHO/MD,observed_official_unodc
BRN,Brunei Darussalam,Asia,South-eastern Asia,2005,0.557234223654314,WHO/MD,observed_official_unodc
BRN,Brunei Darussalam,Asia,South-eastern Asia,2006,0.822678504096253,WHO/MD,observed_official_unodc
BRN,Brunei Darussalam,Asia,South-eastern Asia,2007,0.808903329311286,WHO/MD,observed_official_unodc
BRN,Brunei Darussalam,Asia,South-eastern Asia,2008,0.264695216692739,WHO/MD,observed_official_unodc
BRN,Brunei Darussalam,Asia,South-eastern Asia,2009,0.779316928711984,WHO/MD,observed_official_unodc
BRN,Brunei Darussalam,Asia,South-eastern Asia,2010,0.254886167837444,WHO/MD,observed_official_unodc
BRN,Brunei Darussalam,Asia,South-eastern Asia,2011,0.25038277266371,WHO/MD,observed_official_unodc
BRN,Brunei Darussalam,Asia,South-eastern Asia,2012,0.986299073002159,WHO/MD,observed_official_unodc
BRN,Brunei Darussalam,Asia,South-eastern Asia,2013,0.486378957300791,WHO/MD,observed_official_unodc
BTN,Bhutan,Asia,Southern Asia,2003,0.784112623664362,NSO/CTS/SDG,observed_official_unodc
BTN,Bhutan,Asia,Southern Asia,2004,2.30576078961547,NSO/CTS/SDG,observed_official_unodc
BTN,Bhutan,Asia,Southern Asia,2005,1.66196908586412,NSO/CTS/SDG,observed_official_unodc
BTN,Bhutan,Asia,Southern Asia,2006,1.34168257430126,NSO/CTS/SDG,observed_official_unodc
BTN,Bhutan,Asia,Southern Asia,2007,2.06294638844396,NSO/CTS/SDG,observed_official_unodc
BTN,Bhutan,Asia,Southern Asia,2008,2.62256292876172,NSO/CTS/SDG,observed_official_unodc
BTN,Bhutan,Asia,Southern Asia,2009,2.30551536914183,NSO/CTS/SDG,observed_official_unodc
BTN,Bhutan,Asia,Southern Asia,2010,2.28039770135912,NSO/CTS/SDG,observed_official_unodc
BTN,Bhutan,Asia,Southern Asia,2011,4.51100049761974,NSO/CTS/SDG,observed_official_unodc
BTN,Bhutan,Asia,Southern Asia,2012,4.60071701477597,NSO/CTS/SDG,observed_official_unodc
BTN,Bhutan,Asia,Southern Asia,2013,3.30909878073498,NSO/CTS/SDG,observed_official_unodc
BTN,Bhutan,Asia,Southern Asia,2015,1.62026847848689,NSO/CTS/SDG,observed_official_unodc
BTN,Bhutan,Asia,Southern Asia,2016,1.20342414282773,NSO/CTS/SDG,observed_official_unodc
BTN,Bhutan,Asia,Southern Asia,2017,1.72337338408889,NSO/CTS/SDG,observed_official_unodc
BTN,Bhutan,Asia,Southern Asia,2018,1.18458616482332,NSO/CTS/SDG,observed_official_unodc
BTN,Bhutan,Asia,Southern Asia,2019,1.04599228057697,NSO/CTS/SDG,observed_official_unodc
BTN,Bhutan,Asia,Southern Asia,2020,2.46751324015657,NSO/CTS/SDG,observed_official_unodc
BWA,Botswana,Africa,Sub-Saharan Africa,2003,17.5701744036911,WHO/NP/NSO,observed_official_unodc
BWA,Botswana,Africa,Sub-Saharan Africa,2004,14.3319908850751,WHO/NP/NSO,observed_official_unodc
BWA,Botswana,Africa,Sub-Saharan Africa,2005,15.8162746748832,WHO/NP/NSO,observed_official_unodc
BWA,Botswana,Africa,Sub-Saharan Africa,2006,13.9235904298522,WHO/NP/NSO,observed_official_unodc
BWA,Botswana,Africa,Sub-Saharan Africa,2007,14.6504737073704,WHO/NP/NSO,observed_official_unodc
BWA,Botswana,Africa,Sub-Saharan Africa,2008,14.4104744148694,WHO/NP/NSO,observed_official_unodc
BWA,Botswana,Africa,Sub-Saharan Africa,2009,14.5177033093833,WHO/NP/NSO,observed_official_unodc
BWA,Botswana,Africa,Sub-Saharan Africa,2010,14.9032725963493,WHO/NP/NSO,observed_official_unodc
BWA,Botswana,Africa,Sub-Saharan Africa,2020,9.3410798076921,WHO/NP/NSO,observed_official_unodc
BWA,Botswana,Africa,Sub-Saharan Africa,2021,11.3681767255945,WHO/NP/NSO,observed_official_unodc
BWA,Botswana,Africa,Sub-Saharan Africa,2022,13.0743518717943,WHO/NP/NSO,observed_official_unodc
BWA,Botswana,Africa,Sub-Saharan Africa,2023,12.9825910308439,WHO/NP/NSO,observed_official_unodc
CAN,Canada,Americas,Northern America,2003,1.72443676408719,CTS/SDG/GSH 2023 Revision,observed_official_unodc
CAN,Canada,Americas,Northern America,2004,1.9450604450874,CTS/SDG/GSH 2023 Revision,observed_official_unodc
CAN,Canada,Americas,Northern America,2005,2.04684481799773,CTS/SDG/GSH 2023 Revision,observed_official_unodc
CAN,Canada,Americas,Northern America,2006,1.85596882167745,CTS/SDG/GSH 2023 Revision,observed_official_unodc
CAN,Canada,Americas,Northern America,2007,1.8040520550306,CTS/SDG/GSH 2023 Revision,observed_official_unodc
CAN,Canada,Americas,Northern America,2008,1.83562569798247,CTS/SDG/GSH 2023 Revision,observed_official_unodc
CAN,Canada,Americas,Northern America,2009,1.80332678612386,CTS/SDG/GSH 2023 Revision,observed_official_unodc
CAN,Canada,Americas,Northern America,2010,1.62880268220815,CTS/SDG/GSH 2023 Revision,observed_official_unodc
CAN,Canada,Americas,Northern America,2011,1.76238467720832,CTS/SDG/GSH 2023 Revision,observed_official_unodc
CAN,Canada,Americas,Northern America,2012,1.57205168149969,CTS/SDG/GSH 2023 Revision,observed_official_unodc
CAN,Canada,Americas,Northern America,2013,1.44219466327057,CTS/SDG/GSH 2023 Revision,observed_official_unodc
CAN,Canada,Americas,Northern America,2014,1.47330111088167,CTS/SDG/GSH 2023 Revision,observed_official_unodc
CAN,Canada,Americas,Northern America,2015,1.69900457240782,CTS/SDG/GSH 2023 Revision,observed_official_unodc
CAN,Canada,Americas,Northern America,2016,1.69447965211893,CTS/SDG/GSH 2023 Revision,observed_official_unodc
CAN,Canada,Americas,Northern America,2017,1.80664809278477,CTS/SDG/GSH 2023 Revision,observed_official_unodc
CAN,Canada,Americas,Northern America,2018,1.77503663024043,CTS/SDG/GSH 2023 Revision,observed_official_unodc
CAN,Canada,Americas,Northern America,2019,1.82357460879594,CTS/SDG/GSH 2023 Revision,observed_official_unodc
CAN,Canada,Americas,Northern America,2020,2.00409191032713,CTS/SDG/GSH 2023 Revision,observed_official_unodc
CAN,Canada,Americas,Northern America,2021,2.08300518200199,CTS/SDG/GSH 2023 Revision,observed_official_unodc
CAN,Canada,Americas,Northern America,2022,2.27967877085079,CTS/SDG/GSH 2023 Revision,observed_official_unodc
CAN,Canada,Americas,Northern America,2023,2.02549144599465,CTS/SDG/GSH 2023 Revision,observed_official_unodc
CAN,Canada,Americas,Northern America,2024,1.98276753585526,CTS/SDG/GSH 2023 Revision,observed_official_unodc
CHE,Switzerland,Europe,Western Europe,2009,0.659115273445603,CTS/SDG,observed_official_unodc
CHE,Switzerland,Europe,Western Europe,2010,0.664472756521145,CTS/SDG,observed_official_unodc
CHE,Switzerland,Europe,Western Europe,2011,0.581221136763671,CTS/SDG,observed_official_unodc
CHE,Switzerland,Europe,Western Europe,2012,0.562575490598645,CTS/SDG,observed_official_unodc
CHE,Switzerland,Europe,Western Europe,2013,0.704468878665988,CTS/SDG,observed_official_unodc
CHE,Switzerland,Europe,Western Europe,2014,0.500596106180341,CTS/SDG,observed_official_unodc
CHE,Switzerland,Europe,Western Europe,2015,0.688078876533782,CTS/SDG,observed_official_unodc
CHE,Switzerland,Europe,Western Europe,2016,0.537319784436855,CTS/SDG,observed_official_unodc
CHE,Switzerland,Europe,Western Europe,2017,0.532315829369355,CTS/SDG,observed_official_unodc
CHE,Switzerland,Europe,Western Europe,2018,0.587106357663197,CTS/SDG,observed_official_unodc
CHE,Switzerland,Europe,Western Europe,2019,0.53628529631628,CTS/SDG,observed_official_unodc
CHE,Switzerland,Europe,Western Europe,2020,0.543944872228796,CTS/SDG,observed_official_unodc
CHE,Switzerland,Europe,Western Europe,2021,0.482369204585241,CTS/SDG,observed_official_unodc
CHE,Switzerland,Europe,Western Europe,2022,0.477697117734824,CTS/SDG,observed_official_unodc
CHE,Switzerland,Europe,Western Europe,2023,0.597481940544685,CTS/SDG,observed_official_unodc
CHE,Switzerland,Europe,Western Europe,2024,0.504372291310641,CTS/SDG,observed_official_unodc
CHL,Chile,Americas,Latin America and the Caribbean,2003,3.20129769251024,CTS/OAS/NSO/SDG,observed_official_unodc
CHL,Chile,Americas,Latin America and the Caribbean,2005,3.52319921168418,CTS/OAS/NSO/SDG,observed_official_unodc
CHL,Chile,Americas,Latin America and the Caribbean,2006,3.57376612166027,CTS/OAS/NSO/SDG,observed_official_unodc
CHL,Chile,Americas,Latin America and the Caribbean,2007,3.6949106294991,CTS/OAS/NSO/SDG,observed_official_unodc
CHL,Chile,Americas,Latin America and the Caribbean,2008,3.4918963063576,CTS/OAS/NSO/SDG,observed_official_unodc
CHL,Chile,Americas,Latin America and the Caribbean,2009,3.70376238471268,CTS/OAS/NSO/SDG,observed_official_unodc
CHL,Chile,Americas,Latin America and the Caribbean,2010,3.14874215608169,CTS/OAS/NSO/SDG,observed_official_unodc
CHL,Chile,Americas,Latin America and the Caribbean,2011,3.66532251337043,CTS/OAS/NSO/SDG,observed_official_unodc
CHL,Chile,Americas,Latin America and the Caribbean,2012,2.47729352143792,CTS/OAS/NSO/SDG,observed_official_unodc
CHL,Chile,Americas,Latin America and the Caribbean,2013,3.14355060592079,CTS/OAS/NSO/SDG,observed_official_unodc
CHL,Chile,Americas,Latin America and the Caribbean,2014,2.4518317226161,CTS/OAS/NSO/SDG,observed_official_unodc
CHL,Chile,Americas,Latin America and the Caribbean,2015,2.32163505387454,CTS/OAS/NSO/SDG,observed_official_unodc
CHL,Chile,Americas,Latin America and the Caribbean,2016,3.39405749254204,CTS/OAS/NSO/SDG,observed_official_unodc
CHL,Chile,Americas,Latin America and the Caribbean,2017,4.19745439747334,CTS/OAS/NSO/SDG,observed_official_unodc
CHL,Chile,Americas,Latin America and the Caribbean,2018,4.36665251518391,CTS/OAS/NSO/SDG,observed_official_unodc
CHL,Chile,Americas,Latin America and the Caribbean,2019,4.81306553520039,CTS/OAS/NSO/SDG,observed_official_unodc
CHL,Chile,Americas,Latin America and the Caribbean,2020,5.75613878004137,CTS/OAS/NSO/SDG,observed_official_unodc
CHL,Chile,Americas,Latin America and the Caribbean,2021,4.65658124495601,CTS/OAS/NSO/SDG,observed_official_unodc
CHL,Chile,Americas,Latin America and the Caribbean,2022,6.80201256720408,CTS/OAS/NSO/SDG,observed_official_unodc
CHL,Chile,Americas,Latin America and the Caribbean,2023,6.35337750176956,CTS/OAS/NSO/SDG,observed_official_unodc
CHL,Chile,Americas,Latin America and the Caribbean,2024,6.10682496379986,CTS/OAS/NSO/SDG,observed_official_unodc
CHN,China,Asia,Eastern Asia,2003,1.88433167405903,NSO,observed_official_unodc
CHN,China,Asia,Eastern Asia,2004,1.89778004857568,NSO,observed_official_unodc
CHN,China,Asia,Eastern Asia,2005,1.5854633417248,NSO,observed_official_unodc
CHN,China,Asia,Eastern Asia,2006,1.3636011505677,NSO,observed_official_unodc
CHN,China,Asia,Eastern Asia,2007,1.21578178296856,NSO,observed_official_unodc
CHN,China,Asia,Eastern Asia,2008,1.11041885098023,NSO,observed_official_unodc
CHN,China,Asia,Eastern Asia,2009,1.09249548072451,NSO,observed_official_unodc
CHN,China,Asia,Eastern Asia,2010,0.992185694923539,NSO,observed_official_unodc
CHN,China,Asia,Eastern Asia,2011,0.883293080721741,NSO,observed_official_unodc
CHN,China,Asia,Eastern Asia,2012,0.824083830524219,NSO,observed_official_unodc
CHN,China,Asia,Eastern Asia,2013,0.771569105292682,NSO,observed_official_unodc
CHN,China,Asia,Eastern Asia,2014,0.726466059590713,NSO,observed_official_unodc
CHN,China,Asia,Eastern Asia,2015,0.658962453224414,NSO,observed_official_unodc
CHN,China,Asia,Eastern Asia,2016,0.614934212808057,NSO,observed_official_unodc
CHN,China,Asia,Eastern Asia,2017,0.565721900260259,NSO,observed_official_unodc
CHN,China,Asia,Eastern Asia,2018,0.530299683323493,NSO,observed_official_unodc
CHN,China,Asia,Eastern Asia,2019,0.518362801144556,NSO,observed_official_unodc
CHN,China,Asia,Eastern Asia,2020,0.5018560705357,NSO,observed_official_unodc
CMR,Cameroon,Africa,Sub-Saharan Africa,2003,6.20036459628944,NSO/SDG/CTS,observed_official_unodc
CMR,Cameroon,Africa,Sub-Saharan Africa,2008,4.17787035373775,NSO/SDG/CTS,observed_official_unodc
CMR,Cameroon,Africa,Sub-Saharan Africa,2009,6.68097609322311,NSO/SDG/CTS,observed_official_unodc
CMR,Cameroon,Africa,Sub-Saharan Africa,2010,5.07929961186829,NSO/SDG/CTS,observed_official_unodc
CMR,Cameroon,Africa,Sub-Saharan Africa,2011,4.12706343595528,NSO/SDG/CTS,observed_official_unodc
CMR,Cameroon,Africa,Sub-Saharan Africa,2012,4.22883189715635,NSO/SDG/CTS,observed_official_unodc
CMR,Cameroon,Africa,Sub-Saharan Africa,2015,3.78238510747147,NSO/SDG/CTS,observed_official_unodc
CMR,Cameroon,Africa,Sub-Saharan Africa,2016,3.35548128633803,NSO/SDG/CTS,observed_official_unodc
CMR,Cameroon,Africa,Sub-Saharan Africa,2017,4.16103693703584,NSO/SDG/CTS,observed_official_unodc
CMR,Cameroon,Africa,Sub-Saharan Africa,2020,4.58593823145619,NSO/SDG/CTS,observed_official_unodc
CMR,Cameroon,Africa,Sub-Saharan Africa,2022,6.76008919336955,NSO/SDG/CTS,observed_official_unodc
COK,Cook Islands,Oceania,Polynesia,2012,3.55639601381575,SDG,observed_official_unodc
COL,Colombia,Americas,Latin America and the Caribbean,2003,57.4608630160922,CTS/GSH 2023 Revision,observed_official_unodc
COL,Colombia,Americas,Latin America and the Caribbean,2004,48.6481875848116,CTS/GSH 2023 Revision,observed_official_unodc
COL,Colombia,Americas,Latin America and the Caribbean,2005,42.9894132012747,CTS/GSH 2023 Revision,observed_official_unodc
COL,Colombia,Americas,Latin America and the Caribbean,2006,40.9429758324124,CTS/GSH 2023 Revision,observed_official_unodc
COL,Colombia,Americas,Latin America and the Caribbean,2007,39.7776140409658,CTS/GSH 2023 Revision,observed_official_unodc
COL,Colombia,Americas,Latin America and the Caribbean,2008,36.8840024517578,CTS/GSH 2023 Revision,observed_official_unodc
COL,Colombia,Americas,Latin America and the Caribbean,2009,35.7272410703666,CTS/GSH 2023 Revision,observed_official_unodc
COL,Colombia,Americas,Latin America and the Caribbean,2010,34.5241750628259,CTS/GSH 2023 Revision,observed_official_unodc
COL,Colombia,Americas,Latin America and the Caribbean,2011,35.6322084408409,CTS/GSH 2023 Revision,observed_official_unodc
COL,Colombia,Americas,Latin America and the Caribbean,2012,35.9613009153726,CTS/GSH 2023 Revision,observed_official_unodc
COL,Colombia,Americas,Latin America and the Caribbean,2013,33.4159707994424,CTS/GSH 2023 Revision,observed_official_unodc
COL,Colombia,Americas,Latin America and the Caribbean,2014,28.654305199833,CTS/GSH 2023 Revision,observed_official_unodc
COL,Colombia,Americas,Latin America and the Caribbean,2015,27.2152782480106,CTS/GSH 2023 Revision,observed_official_unodc
COL,Colombia,Americas,Latin America and the Caribbean,2016,26.1438669043183,CTS/GSH 2023 Revision,observed_official_unodc
COL,Colombia,Americas,Latin America and the Caribbean,2017,25.5510587151196,CTS/GSH 2023 Revision,observed_official_unodc
COL,Colombia,Americas,Latin America and the Caribbean,2018,23.8207594532571,CTS/GSH 2023 Revision,observed_official_unodc
COL,Colombia,Americas,Latin America and the Caribbean,2019,23.3990612924966,CTS/GSH 2023 Revision,observed_official_unodc
COL,Colombia,Americas,Latin America and the Caribbean,2020,22.6427030734102,CTS/GSH 2023 Revision,observed_official_unodc
COL,Colombia,Americas,Latin America and the Caribbean,2021,25.5801274097033,CTS/GSH 2023 Revision,observed_official_unodc
COL,Colombia,Americas,Latin America and the Caribbean,2022,24.9488076386337,CTS/GSH 2023 Revision,observed_official_unodc
COL,Colombia,Americas,Latin America and the Caribbean,2023,24.9134420347488,CTS/GSH 2023 Revision,observed_official_unodc
COL,Colombia,Americas,Latin America and the Caribbean,2024,24.3541040593574,CTS/GSH 2023 Revision,observed_official_unodc
CPV,Cabo Verde,Africa,Sub-Saharan Africa,2003,3.16868159608604,NP/CTS/SAS/MoH/SAS/External,observed_official_unodc
CPV,Cabo Verde,Africa,Sub-Saharan Africa,2004,4.38075430330883,NP/CTS/SAS/MoH/SAS/External,observed_official_unodc
CPV,Cabo Verde,Africa,Sub-Saharan Africa,2005,9.07000497819591,NP/CTS/SAS/MoH/SAS/External,observed_official_unodc
CPV,Cabo Verde,Africa,Sub-Saharan Africa,2006,7.13226790836055,NP/CTS/SAS/MoH/SAS/External,observed_official_unodc
CPV,Cabo Verde,Africa,Sub-Saharan Africa,2013,10.54224217873,NP/CTS/SAS/MoH/SAS/External,observed_official_unodc
CPV,Cabo Verde,Africa,Sub-Saharan Africa,2014,12.687246682041,NP/CTS/SAS/MoH/SAS/External,observed_official_unodc
CPV,Cabo Verde,Africa,Sub-Saharan Africa,2015,8.97747531926147,NP/CTS/SAS/MoH/SAS/External,observed_official_unodc
CPV,Cabo Verde,Africa,Sub-Saharan Africa,2016,12.0962746400627,NP/CTS/SAS/MoH/SAS/External,observed_official_unodc
CPV,Cabo Verde,Africa,Sub-Saharan Africa,2017,7.40895274452956,NP/CTS/SAS/MoH/SAS/External,observed_official_unodc
CPV,Cabo Verde,Africa,Sub-Saharan Africa,2018,6.03800044798068,NP/CTS/SAS/MoH/SAS/External,observed_official_unodc
CPV,Cabo Verde,Africa,Sub-Saharan Africa,2019,6.41893469025722,NP/CTS/SAS/MoH/SAS/External,observed_official_unodc
CPV,Cabo Verde,Africa,Sub-Saharan Africa,2020,6.99464423976475,NP/CTS/SAS/MoH/SAS/External,observed_official_unodc
CRI,Costa Rica,Americas,Latin America and the Caribbean,2003,7.24850496564873,MoJ/CTS/SDG,observed_official_unodc
CRI,Costa Rica,Americas,Latin America and the Caribbean,2004,6.66654365306355,MoJ/CTS/SDG,observed_official_unodc
CRI,Costa Rica,Americas,Latin America and the Caribbean,2005,7.86156142343543,MoJ/CTS/SDG,observed_official_unodc
CRI,Costa Rica,Americas,Latin America and the Caribbean,2006,8.12248146668412,MoJ/CTS/SDG,observed_official_unodc
CRI,Costa Rica,Americas,Latin America and the Caribbean,2007,8.42418151029137,MoJ/CTS/SDG,observed_official_unodc
CRI,Costa Rica,Americas,Latin America and the Caribbean,2008,11.5313873891892,MoJ/CTS/SDG,observed_official_unodc
CRI,Costa Rica,Americas,Latin America and the Caribbean,2009,11.6672085436857,MoJ/CTS/SDG,observed_official_unodc
CRI,Costa Rica,Americas,Latin America and the Caribbean,2010,11.5672606575735,MoJ/CTS/SDG,observed_official_unodc
CRI,Costa Rica,Americas,Latin America and the Caribbean,2011,10.282368146525,MoJ/CTS/SDG,observed_official_unodc
CRI,Costa Rica,Americas,Latin America and the Caribbean,2012,8.72653951862736,MoJ/CTS/SDG,observed_official_unodc
CRI,Costa Rica,Americas,Latin America and the Caribbean,2013,8.71474107995362,MoJ/CTS/SDG,observed_official_unodc
CRI,Costa Rica,Americas,Latin America and the Caribbean,2014,10.0060434824472,MoJ/CTS/SDG,observed_official_unodc
CRI,Costa Rica,Americas,Latin America and the Caribbean,2015,11.5607212354156,MoJ/CTS/SDG,observed_official_unodc
CRI,Costa Rica,Americas,Latin America and the Caribbean,2016,11.8759050112518,MoJ/CTS/SDG,observed_official_unodc
CRI,Costa Rica,Americas,Latin America and the Caribbean,2017,12.2731177810203,MoJ/CTS/SDG,observed_official_unodc
CRI,Costa Rica,Americas,Latin America and the Caribbean,2018,11.7995456872358,MoJ/CTS/SDG,observed_official_unodc
CRI,Costa Rica,Americas,Latin America and the Caribbean,2019,11.2610056078008,MoJ/CTS/SDG,observed_official_unodc
CRI,Costa Rica,Americas,Latin America and the Caribbean,2020,11.3222838436969,MoJ/CTS/SDG,observed_official_unodc
CRI,Costa Rica,Americas,Latin America and the Caribbean,2021,11.6205820666553,MoJ/CTS/SDG,observed_official_unodc
CRI,Costa Rica,Americas,Latin America and the Caribbean,2022,12.908902016219,MoJ/CTS/SDG,observed_official_unodc
CRI,Costa Rica,Americas,Latin America and the Caribbean,2023,17.7258932503618,MoJ/CTS/SDG,observed_official_unodc
CRI,Costa Rica,Americas,Latin America and the Caribbean,2024,17.1153100151855,MoJ/CTS/SDG,observed_official_unodc
CUB,Cuba,Americas,Latin America and the Caribbean,2003,5.72734441639899,MD/MoH,observed_official_unodc
CUB,Cuba,Americas,Latin America and the Caribbean,2004,5.87253607071815,MD/MoH,observed_official_unodc
CUB,Cuba,Americas,Latin America and the Caribbean,2005,6.07322282317137,MD/MoH,observed_official_unodc
CUB,Cuba,Americas,Latin America and the Caribbean,2006,5.10703924232108,MD/MoH,observed_official_unodc
CUB,Cuba,Americas,Latin America and the Caribbean,2007,5.0322165961706,MD/MoH,observed_official_unodc
CUB,Cuba,Americas,Latin America and the Caribbean,2008,4.56084730447061,MD/MoH,observed_official_unodc
CUB,Cuba,Americas,Latin America and the Caribbean,2009,5.00233759678583,MD/MoH,observed_official_unodc
CUB,Cuba,Americas,Latin America and the Caribbean,2010,4.47005149587839,MD/MoH,observed_official_unodc
CUB,Cuba,Americas,Latin America and the Caribbean,2011,4.72500681542416,MD/MoH,observed_official_unodc
CUB,Cuba,Americas,Latin America and the Caribbean,2012,5.49403130120381,MD/MoH,observed_official_unodc
CUB,Cuba,Americas,Latin America and the Caribbean,2013,5.96556919518143,MD/MoH,observed_official_unodc
CUB,Cuba,Americas,Latin America and the Caribbean,2014,5.31642685963406,MD/MoH,observed_official_unodc
CUB,Cuba,Americas,Latin America and the Caribbean,2015,5.4899907667934,MD/MoH,observed_official_unodc
CUB,Cuba,Americas,Latin America and the Caribbean,2016,5.0773983694805,MD/MoH,observed_official_unodc
CUB,Cuba,Americas,Latin America and the Caribbean,2017,4.58755196224978,MD/MoH,observed_official_unodc
CUB,Cuba,Americas,Latin America and the Caribbean,2018,4.37333981763351,MD/MoH,observed_official_unodc
CUB,Cuba,Americas,Latin America and the Caribbean,2019,4.46315139638841,MD/MoH,observed_official_unodc
CUW,Curaçao,Americas,Latin America and the Caribbean,2003,29.0714379882565,PAHO,observed_official_unodc
CUW,Curaçao,Americas,Latin America and the Caribbean,2004,27.3704659321146,PAHO,observed_official_unodc
CUW,Curaçao,Americas,Latin America and the Caribbean,2005,17.1829254591476,PAHO,observed_official_unodc
CUW,Curaçao,Americas,Latin America and the Caribbean,2006,11.8028917084686,PAHO,observed_official_unodc
CUW,Curaçao,Americas,Latin America and the Caribbean,2007,16.9198131011414,PAHO,observed_official_unodc
CYM,Cayman Islands,Americas,Latin America and the Caribbean,2003,6.82834674344763,MD/NSO/SAS/NP,observed_official_unodc
CYM,Cayman Islands,Americas,Latin America and the Caribbean,2004,11.0249936606286,MD/NSO/SAS/NP,observed_official_unodc
CYM,Cayman Islands,Americas,Latin America and the Caribbean,2005,6.41196900881646,MD/NSO/SAS/NP,observed_official_unodc
CYM,Cayman Islands,Americas,Latin America and the Caribbean,2006,2.07331232376845,MD/NSO/SAS/NP,observed_official_unodc
CYM,Cayman Islands,Americas,Latin America and the Caribbean,2007,4.02519773783887,MD/NSO/SAS/NP,observed_official_unodc
CYM,Cayman Islands,Americas,Latin America and the Caribbean,2008,7.81990752959346,MD/NSO/SAS/NP,observed_official_unodc
CYM,Cayman Islands,Americas,Latin America and the Caribbean,2009,15.2037781388675,MD/NSO/SAS/NP,observed_official_unodc
CYM,Cayman Islands,Americas,Latin America and the Caribbean,2010,16.6363207852343,MD/NSO/SAS/NP,observed_official_unodc
CYM,Cayman Islands,Americas,Latin America and the Caribbean,2013,8.52442247037763,MD/NSO/SAS/NP,observed_official_unodc
CYM,Cayman Islands,Americas,Latin America and the Caribbean,2014,8.31110113778974,MD/NSO/SAS/NP,observed_official_unodc
CYM,Cayman Islands,Americas,Latin America and the Caribbean,2017,4.64860425657196,MD/NSO/SAS/NP,observed_official_unodc
CYM,Cayman Islands,Americas,Latin America and the Caribbean,2018,10.6156307580319,MD/NSO/SAS/NP,observed_official_unodc
CYM,Cayman Islands,Americas,Latin America and the Caribbean,2019,2.97057644035825,MD/NSO/SAS/NP,observed_official_unodc
CYM,Cayman Islands,Americas,Latin America and the Caribbean,2020,4.3677976836113,MD/NSO/SAS/NP,observed_official_unodc
CYP,Cyprus,Asia,Western Asia,2004,1.57190147518041,CTS,observed_official_unodc
CYP,Cyprus,Asia,Western Asia,2005,1.93021966382329,CTS,observed_official_unodc
CYP,Cyprus,Asia,Western Asia,2006,1.42258572975803,CTS,observed_official_unodc
CYP,Cyprus,Asia,Western Asia,2007,1.21187996608601,CTS,observed_official_unodc
CYP,Cyprus,Asia,Western Asia,2008,0.824911218930063,CTS,observed_official_unodc
CYP,Cyprus,Asia,Western Asia,2009,1.71268223164298,CTS,observed_official_unodc
CYP,Cyprus,Asia,Western Asia,2010,0.709335250902962,CTS,observed_official_unodc
CYP,Cyprus,Asia,Western Asia,2011,0.785002954663899,CTS,observed_official_unodc
CYP,Cyprus,Asia,Western Asia,2012,1.88776871744135,CTS,observed_official_unodc
CYP,Cyprus,Asia,Western Asia,2013,1.01360340232875,CTS,observed_official_unodc
CYP,Cyprus,Asia,Western Asia,2014,0.915293345276525,CTS,observed_official_unodc
CYP,Cyprus,Asia,Western Asia,2015,1.2300107871946,CTS,observed_official_unodc
CYP,Cyprus,Asia,Western Asia,2016,1.05083409956653,CTS,observed_official_unodc
CYP,Cyprus,Asia,Western Asia,2017,0.558091105183829,CTS,observed_official_unodc
CYP,Cyprus,Asia,Western Asia,2018,1.18041688389616,CTS,observed_official_unodc
CYP,Cyprus,Asia,Western Asia,2019,1.16579872951254,CTS,observed_official_unodc
CYP,Cyprus,Asia,Western Asia,2020,1.15185477415008,CTS,observed_official_unodc
CYP,Cyprus,Asia,Western Asia,2021,1.21459779542909,CTS,observed_official_unodc
CYP,Cyprus,Asia,Western Asia,2022,0.600884802872229,CTS,observed_official_unodc
CYP,Cyprus,Asia,Western Asia,2023,0.81785876397005,CTS,observed_official_unodc
CYP,Cyprus,Asia,Western Asia,2024,0.957091384557846,CTS,observed_official_unodc
CZE,Czechia,Europe,Eastern Europe,2003,1.59041271893056,CTS/SDG,observed_official_unodc
CZE,Czechia,Europe,Eastern Europe,2004,1.30585839749053,CTS/SDG,observed_official_unodc
CZE,Czechia,Europe,Eastern Europe,2005,1.05056807279853,CTS/SDG,observed_official_unodc
CZE,Czechia,Europe,Eastern Europe,2006,1.26157390952584,CTS/SDG,observed_official_unodc
CZE,Czechia,Europe,Eastern Europe,2007,1.2188582915689,CTS/SDG,observed_official_unodc
CZE,Czechia,Europe,Eastern Europe,2008,1.09844658935947,CTS/SDG,observed_official_unodc
CZE,Czechia,Europe,Eastern Europe,2009,0.902026099357503,CTS/SDG,observed_official_unodc
CZE,Czechia,Europe,Eastern Europe,2010,0.984323877723848,CTS/SDG,observed_official_unodc
CZE,Czechia,Europe,Eastern Europe,2011,0.81939793117267,CTS/SDG,observed_official_unodc
CZE,Czechia,Europe,Eastern Europe,2012,0.999301916232803,CTS/SDG,observed_official_unodc
CZE,Czechia,Europe,Eastern Europe,2013,0.856232600342731,CTS/SDG,observed_official_unodc
CZE,Czechia,Europe,Eastern Europe,2014,0.77016509724927,CTS/SDG,observed_official_unodc
CZE,Czechia,Europe,Eastern Europe,2015,0.836150868791633,CTS/SDG,observed_official_unodc
CZE,Czechia,Europe,Eastern Europe,2016,0.617169777139044,CTS/SDG,observed_official_unodc
CZE,Czechia,Europe,Eastern Europe,2017,0.626106269301682,CTS/SDG,observed_official_unodc
CZE,Czechia,Europe,Eastern Europe,2019,0.862160849844266,CTS/SDG,observed_official_unodc
CZE,Czechia,Europe,Eastern Europe,2020,0.729848861096918,CTS/SDG,observed_official_unodc
CZE,Czechia,Europe,Eastern Europe,2021,0.44631485186264,CTS/SDG,observed_official_unodc
CZE,Czechia,Europe,Eastern Europe,2022,0.81512474266184,CTS/SDG,observed_official_unodc
CZE,Czechia,Europe,Eastern Europe,2023,0.767827757917044,CTS/SDG,observed_official_unodc
CZE,Czechia,Europe,Eastern Europe,2024,0.614762172267724,CTS/SDG,observed_official_unodc
DEU,Germany,Europe,Western Europe,2003,1.33598638063576,CTS/NP,observed_official_unodc
DEU,Germany,Europe,Western Europe,2004,1.3545661001062,CTS/NP,observed_official_unodc
DEU,Germany,Europe,Western Europe,2005,1.27244558514126,CTS/NP,observed_official_unodc
DEU,Germany,Europe,Western Europe,2006,1.20927315205162,CTS/NP,observed_official_unodc
DEU,Germany,Europe,Western Europe,2007,1.09227050411144,CTS/NP,observed_official_unodc
DEU,Germany,Europe,Western Europe,2008,1.02452477446076,CTS/NP,observed_official_unodc
DEU,Germany,Europe,Western Europe,2009,0.992150728625981,CTS/NP,observed_official_unodc
DEU,Germany,Europe,Western Europe,2010,0.981060169496516,CTS/NP,observed_official_unodc
DEU,Germany,Europe,Western Europe,2011,0.91271260058552,CTS/NP,observed_official_unodc
DEU,Germany,Europe,Western Europe,2012,0.814420905242925,CTS/NP,observed_official_unodc
DEU,Germany,Europe,Western Europe,2013,0.841543300830081,CTS/NP,observed_official_unodc
DEU,Germany,Europe,Western Europe,2014,0.87986543465844,CTS/NP,observed_official_unodc
DEU,Germany,Europe,Western Europe,2015,0.83092148321361,CTS/NP,observed_official_unodc
DEU,Germany,Europe,Western Europe,2016,1.163604165425,CTS/NP,observed_official_unodc
DEU,Germany,Europe,Western Europe,2017,0.97829217789703,CTS/NP,observed_official_unodc
DEU,Germany,Europe,Western Europe,2018,0.945201062768242,CTS/NP,observed_official_unodc
DEU,Germany,Europe,Western Europe,2019,0.745579302641966,CTS/NP,observed_official_unodc
DEU,Germany,Europe,Western Europe,2020,0.935085587265765,CTS/NP,observed_official_unodc
DEU,Germany,Europe,Western Europe,2021,0.830375419597212,CTS/NP,observed_official_unodc
DEU,Germany,Europe,Western Europe,2022,0.815829208272123,CTS/NP,observed_official_unodc
DEU,Germany,Europe,Western Europe,2023,0.910722780231795,CTS/NP,observed_official_unodc
DEU,Germany,Europe,Western Europe,2024,0.921323883995885,CTS/NP,observed_official_unodc
DMA,Dominica,Americas,Latin America and the Caribbean,2003,11.6735491967139,OAS/CTS,observed_official_unodc
DMA,Dominica,Americas,Latin America and the Caribbean,2004,11.6534836632726,OAS/CTS,observed_official_unodc
DMA,Dominica,Americas,Latin America and the Caribbean,2005,11.6389876990449,OAS/CTS,observed_official_unodc
DMA,Dominica,Americas,Latin America and the Caribbean,2006,7.26675532108158,OAS/CTS,observed_official_unodc
DMA,Dominica,Americas,Latin America and the Caribbean,2007,10.1673989614728,OAS/CTS,observed_official_unodc
DMA,Dominica,Americas,Latin America and the Caribbean,2008,10.1664391320766,OAS/CTS,observed_official_unodc
DMA,Dominica,Americas,Latin America and the Caribbean,2009,18.8777881040892,OAS/CTS,observed_official_unodc
DMA,Dominica,Americas,Latin America and the Caribbean,2010,21.7838030163306,OAS/CTS,observed_official_unodc
DMA,Dominica,Americas,Latin America and the Caribbean,2011,8.68891511654007,OAS/CTS,observed_official_unodc
DMA,Dominica,Americas,Latin America and the Caribbean,2014,12.7889957796314,OAS/CTS,observed_official_unodc
DMA,Dominica,Americas,Latin America and the Caribbean,2015,12.7822752449936,OAS/CTS,observed_official_unodc
DMA,Dominica,Americas,Latin America and the Caribbean,2016,22.9863590325616,OAS/CTS,observed_official_unodc
DMA,Dominica,Americas,Latin America and the Caribbean,2017,27.7386435803289,OAS/CTS,observed_official_unodc
DMA,Dominica,Americas,Latin America and the Caribbean,2018,19.0687133752356,OAS/CTS,observed_official_unodc
DMA,Dominica,Americas,Latin America and the Caribbean,2019,19.151302656875,OAS/CTS,observed_official_unodc
DMA,Dominica,Americas,Latin America and the Caribbean,2020,22.1982152634928,OAS/CTS,observed_official_unodc
DMA,Dominica,Americas,Latin America and the Caribbean,2021,14.8805095086456,OAS/CTS,observed_official_unodc
DMA,Dominica,Americas,Latin America and the Caribbean,2022,28.4318346763634,OAS/CTS,observed_official_unodc
DMA,Dominica,Americas,Latin America and the Caribbean,2023,27.063396005142,OAS/CTS,observed_official_unodc
DMA,Dominica,Americas,Latin America and the Caribbean,2024,18.1255192206027,OAS/CTS,observed_official_unodc
DNK,Denmark,Europe,Northern Europe,2010,0.75704832266481,CTS,observed_official_unodc
DNK,Denmark,Europe,Northern Europe,2011,0.825726922413442,CTS,observed_official_unodc
DNK,Denmark,Europe,Northern Europe,2012,0.840498959524879,CTS,observed_official_unodc
DNK,Denmark,Europe,Northern Europe,2013,0.854802453817294,CTS,observed_official_unodc
DNK,Denmark,Europe,Northern Europe,2014,1.31117471686599,CTS,observed_official_unodc
DNK,Denmark,Europe,Northern Europe,2015,1.09083852229384,CTS,observed_official_unodc
DNK,Denmark,Europe,Northern Europe,2016,0.977619325858153,CTS,observed_official_unodc
DNK,Denmark,Europe,Northern Europe,2017,1.23153392928012,CTS,observed_official_unodc
DNK,Denmark,Europe,Northern Europe,2018,1.00106587626187,CTS,observed_official_unodc
DNK,Denmark,Europe,Northern Europe,2019,0.859901642730301,CTS,observed_official_unodc
DNK,Denmark,Europe,Northern Europe,2020,0.823111601929511,CTS,observed_official_unodc
DNK,Denmark,Europe,Northern Europe,2021,0.631746832067094,CTS,observed_official_unodc
DNK,Denmark,Europe,Northern Europe,2022,0.982567307766424,CTS,observed_official_unodc
DNK,Denmark,Europe,Northern Europe,2023,0.840599404536194,CTS,observed_official_unodc
DNK,Denmark,Europe,Northern Europe,2024,0.836482410782459,CTS,observed_official_unodc
DOM,Dominican Republic,Americas,Latin America and the Caribbean,2003,21.1789386478885,NGO/SES/CTS/RIC,observed_official_unodc
DOM,Dominican Republic,Americas,Latin America and the Caribbean,2004,24.5911758206467,NGO/SES/CTS/RIC,observed_official_unodc
DOM,Dominican Republic,Americas,Latin America and the Caribbean,2005,25.9511238657765,NGO/SES/CTS/RIC,observed_official_unodc
DOM,Dominican Republic,Americas,Latin America and the Caribbean,2006,22.9521262431175,NGO/SES/CTS/RIC,observed_official_unodc
DOM,Dominican Republic,Americas,Latin America and the Caribbean,2007,22.3252575336375,NGO/SES/CTS/RIC,observed_official_unodc
DOM,Dominican Republic,Americas,Latin America and the Caribbean,2008,25.0074949363479,NGO/SES/CTS/RIC,observed_official_unodc
DOM,Dominican Republic,Americas,Latin America and the Caribbean,2009,24.4964939070773,NGO/SES/CTS/RIC,observed_official_unodc
DOM,Dominican Republic,Americas,Latin America and the Caribbean,2010,25.1930337290323,NGO/SES/CTS/RIC,observed_official_unodc
DOM,Dominican Republic,Americas,Latin America and the Caribbean,2011,25.2674003329003,NGO/SES/CTS/RIC,observed_official_unodc
DOM,Dominican Republic,Americas,Latin America and the Caribbean,2012,22.5214243986665,NGO/SES/CTS/RIC,observed_official_unodc
DOM,Dominican Republic,Americas,Latin America and the Caribbean,2013,19.4038895577301,NGO/SES/CTS/RIC,observed_official_unodc
DOM,Dominican Republic,Americas,Latin America and the Caribbean,2014,17.5463639644216,NGO/SES/CTS/RIC,observed_official_unodc
DOM,Dominican Republic,Americas,Latin America and the Caribbean,2016,15.3154603364407,NGO/SES/CTS/RIC,observed_official_unodc
DOM,Dominican Republic,Americas,Latin America and the Caribbean,2017,11.3998115468654,NGO/SES/CTS/RIC,observed_official_unodc
DOM,Dominican Republic,Americas,Latin America and the Caribbean,2018,9.90534873528498,NGO/SES/CTS/RIC,observed_official_unodc
DOM,Dominican Republic,Americas,Latin America and the Caribbean,2019,9.41799066618377,NGO/SES/CTS/RIC,observed_official_unodc
DOM,Dominican Republic,Americas,Latin America and the Caribbean,2020,8.72977662309348,NGO/SES/CTS/RIC,observed_official_unodc
DOM,Dominican Republic,Americas,Latin America and the Caribbean,2021,10.5362752855436,NGO/SES/CTS/RIC,observed_official_unodc
DOM,Dominican Republic,Americas,Latin America and the Caribbean,2022,12.3678475675698,NGO/SES/CTS/RIC,observed_official_unodc
DOM,Dominican Republic,Americas,Latin America and the Caribbean,2023,10.9166976980638,NGO/SES/CTS/RIC,observed_official_unodc
DOM,Dominican Republic,Americas,Latin America and the Caribbean,2024,9.11830936393492,NGO/SES/CTS/RIC,observed_official_unodc
DZA,Algeria,Africa,Northern Africa,2006,0.927922269616976,CTS,observed_official_unodc
DZA,Algeria,Africa,Northern Africa,2007,0.792642962956723,CTS,observed_official_unodc
DZA,Algeria,Africa,Northern Africa,2008,0.94206958499336,CTS,observed_official_unodc
DZA,Algeria,Africa,Northern Africa,2009,0.780491763346444,CTS,observed_official_unodc
DZA,Algeria,Africa,Northern Africa,2010,0.701885561676529,CTS,observed_official_unodc
DZA,Algeria,Africa,Northern Africa,2011,0.758738181010027,CTS,observed_official_unodc
DZA,Algeria,Africa,Northern Africa,2012,1.38925169697228,CTS,observed_official_unodc
DZA,Algeria,Africa,Northern Africa,2013,1.24953885833513,CTS,observed_official_unodc
DZA,Algeria,Africa,Northern Africa,2014,1.47174990719622,CTS,observed_official_unodc
DZA,Algeria,Africa,Northern Africa,2015,1.36433389808261,CTS,observed_official_unodc
DZA,Algeria,Africa,Northern Africa,2016,1.32678196793638,CTS,observed_official_unodc
DZA,Algeria,Africa,Northern Africa,2017,1.25691727270348,CTS,observed_official_unodc
DZA,Algeria,Africa,Northern Africa,2018,1.33631227453406,CTS,observed_official_unodc
DZA,Algeria,Africa,Northern Africa,2019,1.19876531330297,CTS,observed_official_unodc
DZA,Algeria,Africa,Northern Africa,2020,1.48494311952627,CTS,observed_official_unodc
DZA,Algeria,Africa,Northern Africa,2021,1.55268752449532,CTS,observed_official_unodc
DZA,Algeria,Africa,Northern Africa,2022,1.74812144835182,CTS,observed_official_unodc
DZA,Algeria,Africa,Northern Africa,2023,1.16107238811947,CTS,observed_official_unodc
DZA,Algeria,Africa,Northern Africa,2024,1.38205611607093,CTS,observed_official_unodc
ECU,Ecuador,Americas,Latin America and the Caribbean,2007,15.8631866106051,OAS/CTS/SDG,observed_official_unodc
ECU,Ecuador,Americas,Latin America and the Caribbean,2008,17.886543943386,OAS/CTS/SDG,observed_official_unodc
ECU,Ecuador,Americas,Latin America and the Caribbean,2009,17.705436773059,OAS/CTS/SDG,observed_official_unodc
ECU,Ecuador,Americas,Latin America and the Caribbean,2010,17.4043449177688,OAS/CTS/SDG,observed_official_unodc
ECU,Ecuador,Americas,Latin America and the Caribbean,2011,15.2875203821371,OAS/CTS/SDG,observed_official_unodc
ECU,Ecuador,Americas,Latin America and the Caribbean,2012,12.3425125579607,OAS/CTS/SDG,observed_official_unodc
ECU,Ecuador,Americas,Latin America and the Caribbean,2013,10.9127986726241,OAS/CTS/SDG,observed_official_unodc
ECU,Ecuador,Americas,Latin America and the Caribbean,2014,8.16956550602398,OAS/CTS/SDG,observed_official_unodc
ECU,Ecuador,Americas,Latin America and the Caribbean,2015,6.45509329915208,OAS/CTS/SDG,observed_official_unodc
ECU,Ecuador,Americas,Latin America and the Caribbean,2016,5.81031174018927,OAS/CTS/SDG,observed_official_unodc
ECU,Ecuador,Americas,Latin America and the Caribbean,2017,5.78775543057783,OAS/CTS/SDG,observed_official_unodc
ECU,Ecuador,Americas,Latin America and the Caribbean,2018,5.84179761027661,OAS/CTS/SDG,observed_official_unodc
ECU,Ecuador,Americas,Latin America and the Caribbean,2019,6.85696958334221,OAS/CTS/SDG,observed_official_unodc
ECU,Ecuador,Americas,Latin America and the Caribbean,2020,7.81941728300383,OAS/CTS/SDG,observed_official_unodc
ECU,Ecuador,Americas,Latin America and the Caribbean,2021,14.1100320659669,OAS/CTS/SDG,observed_official_unodc
ECU,Ecuador,Americas,Latin America and the Caribbean,2022,27.4126359684417,OAS/CTS/SDG,observed_official_unodc
ECU,Ecuador,Americas,Latin America and the Caribbean,2023,45.8729806753395,OAS/CTS/SDG,observed_official_unodc
ECU,Ecuador,Americas,Latin America and the Caribbean,2024,38.9402484715387,OAS/CTS/SDG,observed_official_unodc
EGY,Egypt,Africa,Northern Africa,2003,0.604982061960747,CTS/External,observed_official_unodc
EGY,Egypt,Africa,Northern Africa,2004,0.405146398550175,CTS/External,observed_official_unodc
EGY,Egypt,Africa,Northern Africa,2005,0.643641850868097,CTS/External,observed_official_unodc
EGY,Egypt,Africa,Northern Africa,2006,0.663841988774831,CTS/External,observed_official_unodc
EGY,Egypt,Africa,Northern Africa,2007,0.806870502327317,CTS/External,observed_official_unodc
EGY,Egypt,Africa,Northern Africa,2008,1.12618921636092,CTS/External,observed_official_unodc
EGY,Egypt,Africa,Northern Africa,2009,1.04226623284087,CTS/External,observed_official_unodc
EGY,Egypt,Africa,Northern Africa,2010,2.06174997223112,CTS/External,observed_official_unodc
EGY,Egypt,Africa,Northern Africa,2011,2.96729523596304,CTS/External,observed_official_unodc
EGY,Egypt,Africa,Northern Africa,2012,2.36901703981789,CTS/External,observed_official_unodc
EGY,Egypt,Africa,Northern Africa,2014,2.96323170829365,CTS/External,observed_official_unodc
EGY,Egypt,Africa,Northern Africa,2015,1.71791733156895,CTS/External,observed_official_unodc
EGY,Egypt,Africa,Northern Africa,2016,1.50721254822527,CTS/External,observed_official_unodc
EGY,Egypt,Africa,Northern Africa,2017,1.31152527182627,CTS/External,observed_official_unodc
ERI,Eritrea,Africa,Sub-Saharan Africa,2012,15.6075665087306,NSO,observed_official_unodc
ESP,Spain,Europe,Southern Europe,2003,1.38096386713923,Eurostat/CTS/SDG,observed_official_unodc
ESP,Spain,Europe,Southern Europe,2004,1.20274134358143,Eurostat/CTS/SDG,observed_official_unodc
ESP,Spain,Europe,Southern Europe,2005,1.17837383727999,Eurostat/CTS/SDG,observed_official_unodc
ESP,Spain,Europe,Southern Europe,2006,1.06498542161369,Eurostat/CTS/SDG,observed_official_unodc
ESP,Spain,Europe,Southern Europe,2007,1.0589564792395,Eurostat/CTS/SDG,observed_official_unodc
ESP,Spain,Europe,Southern Europe,2008,0.880284469874308,Eurostat/CTS/SDG,observed_official_unodc
ESP,Spain,Europe,Southern Europe,2009,0.883453221366359,Eurostat/CTS/SDG,observed_official_unodc
ESP,Spain,Europe,Southern Europe,2010,0.856097274768039,Eurostat/CTS/SDG,observed_official_unodc
ESP,Spain,Europe,Southern Europe,2011,0.819183054272952,Eurostat/CTS/SDG,observed_official_unodc
ESP,Spain,Europe,Southern Europe,2012,0.774166283792877,Eurostat/CTS/SDG,observed_official_unodc
ESP,Spain,Europe,Southern Europe,2013,0.644467548060687,Eurostat/CTS/SDG,observed_official_unodc
ESP,Spain,Europe,Southern Europe,2014,0.691349965151574,Eurostat/CTS/SDG,observed_official_unodc
ESP,Spain,Europe,Southern Europe,2015,0.646906930185419,Eurostat/CTS/SDG,observed_official_unodc
ESP,Spain,Europe,Southern Europe,2016,0.629108853827649,Eurostat/CTS/SDG,observed_official_unodc
ESP,Spain,Europe,Southern Europe,2017,0.655022828665732,Eurostat/CTS/SDG,observed_official_unodc
ESP,Spain,Europe,Southern Europe,2018,0.613681647994712,Eurostat/CTS/SDG,observed_official_unodc
ESP,Spain,Europe,Southern Europe,2019,0.69779523479218,Eurostat/CTS/SDG,observed_official_unodc
ESP,Spain,Europe,Southern Europe,2020,0.69421884953507,Eurostat/CTS/SDG,observed_official_unodc
ESP,Spain,Europe,Southern Europe,2021,0.607512242916661,Eurostat/CTS/SDG,observed_official_unodc
ESP,Spain,Europe,Southern Europe,2022,0.679512839473507,Eurostat/CTS/SDG,observed_official_unodc
ESP,Spain,Europe,Southern Europe,2023,0.690855954769765,Eurostat/CTS/SDG,observed_official_unodc
ESP,Spain,Europe,Southern Europe,2024,0.728441170438818,Eurostat/CTS/SDG,observed_official_unodc
EST,Estonia,Europe,Northern Europe,2007,7.16041454324946,CTS,observed_official_unodc
EST,Estonia,Europe,Northern Europe,2008,6.43195514982716,CTS,observed_official_unodc
EST,Estonia,Europe,Northern Europe,2009,5.24529824578493,CTS,observed_official_unodc
EST,Estonia,Europe,Northern Europe,2010,5.25743203736382,CTS,observed_official_unodc
EST,Estonia,Europe,Northern Europe,2011,4.89694750660617,CTS,observed_official_unodc
EST,Estonia,Europe,Northern Europe,2012,4.76328730334428,CTS,observed_official_unodc
EST,Estonia,Europe,Northern Europe,2013,3.94561276314676,CTS,observed_official_unodc
EST,Estonia,Europe,Northern Europe,2014,3.11917057450557,CTS,observed_official_unodc
EST,Estonia,Europe,Northern Europe,2015,3.42315697228612,CTS,observed_official_unodc
EST,Estonia,Europe,Northern Europe,2016,2.50788654321279,CTS,observed_official_unodc
EST,Estonia,Europe,Northern Europe,2017,2.2012646645026,CTS,observed_official_unodc
EST,Estonia,Europe,Northern Europe,2018,2.11805990251629,CTS,observed_official_unodc
EST,Estonia,Europe,Northern Europe,2019,1.95957029638124,CTS,observed_official_unodc
EST,Estonia,Europe,Northern Europe,2020,3.1586796568621,CTS,observed_official_unodc
EST,Estonia,Europe,Northern Europe,2021,1.95231911106406,CTS,observed_official_unodc
EST,Estonia,Europe,Northern Europe,2022,1.48138107676406,CTS,observed_official_unodc
EST,Estonia,Europe,Northern Europe,2023,1.53599045052794,CTS,observed_official_unodc
EST,Estonia,Europe,Northern Europe,2024,1.76399768916303,CTS,observed_official_unodc
ETH,Ethiopia,Africa,Sub-Saharan Africa,2012,8.51054794891045,GOV Adjusted,observed_official_unodc
FIN,Finland,Europe,Northern Europe,2003,1.97584671266105,CTS/SDG,observed_official_unodc
FIN,Finland,Europe,Northern Europe,2004,2.83083034374696,CTS/SDG,observed_official_unodc
FIN,Finland,Europe,Northern Europe,2005,2.26835951096456,CTS/SDG,observed_official_unodc
FIN,Finland,Europe,Northern Europe,2006,2.25967394424093,CTS/SDG,observed_official_unodc
FIN,Finland,Europe,Northern Europe,2007,2.43915813118889,CTS/SDG,observed_official_unodc
FIN,Finland,Europe,Northern Europe,2008,2.50311619145414,CTS/SDG,observed_official_unodc
FIN,Finland,Europe,Northern Europe,2009,2.24767232458861,CTS/SDG,observed_official_unodc
FIN,Finland,Europe,Northern Europe,2010,2.20011725879187,CTS/SDG,observed_official_unodc
FIN,Finland,Europe,Northern Europe,2011,2.04148255432524,CTS/SDG,observed_official_unodc
FIN,Finland,Europe,Northern Europe,2012,1.64389487458514,CTS/SDG,observed_official_unodc
FIN,Finland,Europe,Northern Europe,2013,1.63631426279538,CTS/SDG,observed_official_unodc
FIN,Finland,Europe,Northern Europe,2014,1.61122466990035,CTS/SDG,observed_official_unodc
FIN,Finland,Europe,Northern Europe,2015,1.49642750743994,CTS/SDG,observed_official_unodc
FIN,Finland,Europe,Northern Europe,2016,1.34656386925302,CTS/SDG,observed_official_unodc
FIN,Finland,Europe,Northern Europe,2017,1.21632504271661,CTS/SDG,observed_official_unodc
FIN,Finland,Europe,Northern Europe,2018,1.59543516989979,CTS/SDG,observed_official_unodc
FIN,Finland,Europe,Northern Europe,2019,1.46692385524251,CTS/SDG,observed_official_unodc
FIN,Finland,Europe,Northern Europe,2020,1.75419179501202,CTS/SDG,observed_official_unodc
FIN,Finland,Europe,Northern Europe,2021,1.31743389143803,CTS/SDG,observed_official_unodc
FIN,Finland,Europe,Northern Europe,2022,1.29280184094982,CTS/SDG,observed_official_unodc
FIN,Finland,Europe,Northern Europe,2023,0.928374894921798,CTS/SDG,observed_official_unodc
FJI,Fiji,Oceania,Melanesia,2003,2.88588295320483,Interpol/NSO/CTS,observed_official_unodc
FJI,Fiji,Oceania,Melanesia,2004,2.63047739733704,Interpol/NSO/CTS,observed_official_unodc
FJI,Fiji,Oceania,Melanesia,2005,2.60658968538463,Interpol/NSO/CTS,observed_official_unodc
FJI,Fiji,Oceania,Melanesia,2006,2.4708953794818,Interpol/NSO/CTS,observed_official_unodc
FJI,Fiji,Oceania,Melanesia,2007,2.33896764650848,Interpol/NSO/CTS,observed_official_unodc
FJI,Fiji,Oceania,Melanesia,2008,1.88178202543948,Interpol/NSO/CTS,observed_official_unodc
FJI,Fiji,Oceania,Melanesia,2009,3.19651161380849,Interpol/NSO/CTS,observed_official_unodc
FJI,Fiji,Oceania,Melanesia,2010,2.19679070845402,Interpol/NSO/CTS,observed_official_unodc
FJI,Fiji,Oceania,Melanesia,2011,2.19060809637799,Interpol/NSO/CTS,observed_official_unodc
FJI,Fiji,Oceania,Melanesia,2012,2.18598705786362,Interpol/NSO/CTS,observed_official_unodc
FJI,Fiji,Oceania,Melanesia,2013,2.07343789644269,Interpol/NSO/CTS,observed_official_unodc
FJI,Fiji,Oceania,Melanesia,2014,2.17963577196433,Interpol/NSO/CTS,observed_official_unodc
FJI,Fiji,Oceania,Melanesia,2015,2.83046186605819,Interpol/NSO/CTS,observed_official_unodc
FJI,Fiji,Oceania,Melanesia,2016,1.63191414826049,Interpol/NSO/CTS,observed_official_unodc
FJI,Fiji,Oceania,Melanesia,2017,1.30611036523744,Interpol/NSO/CTS,observed_official_unodc
FJI,Fiji,Oceania,Melanesia,2018,1.74447763797728,Interpol/NSO/CTS,observed_official_unodc
FJI,Fiji,Oceania,Melanesia,2019,2.73254056866355,Interpol/NSO/CTS,observed_official_unodc
FJI,Fiji,Oceania,Melanesia,2020,2.95093899971911,Interpol/NSO/CTS,observed_official_unodc
FJI,Fiji,Oceania,Melanesia,2021,1.74537013300811,Interpol/NSO/CTS,observed_official_unodc
FJI,Fiji,Oceania,Melanesia,2022,3.91550343585426,Interpol/NSO/CTS,observed_official_unodc
FJI,Fiji,Oceania,Melanesia,2023,2.0559533103824,Interpol/NSO/CTS,observed_official_unodc
FJI,Fiji,Oceania,Melanesia,2024,2.36868852176609,Interpol/NSO/CTS,observed_official_unodc
FRA,France,Europe,Western Europe,2003,1.62492873135846,CTS/MoI,observed_official_unodc
FRA,France,Europe,Western Europe,2004,1.61830161158403,CTS/MoI,observed_official_unodc
FRA,France,Europe,Western Europe,2005,1.58377199706769,CTS/MoI,observed_official_unodc
FRA,France,Europe,Western Europe,2006,1.41660322639846,CTS/MoI,observed_official_unodc
FRA,France,Europe,Western Europe,2007,1.59051931320511,CTS/MoI,observed_official_unodc
FRA,France,Europe,Western Europe,2008,1.62630919084507,CTS/MoI,observed_official_unodc
FRA,France,Europe,Western Europe,2009,1.29780685062321,CTS/MoI,observed_official_unodc
FRA,France,Europe,Western Europe,2010,1.25517676645729,CTS/MoI,observed_official_unodc
FRA,France,Europe,Western Europe,2011,1.34308688468283,CTS/MoI,observed_official_unodc
FRA,France,Europe,Western Europe,2012,1.22388195514924,CTS/MoI,observed_official_unodc
FRA,France,Europe,Western Europe,2013,1.20675158408277,CTS/MoI,observed_official_unodc
FRA,France,Europe,Western Europe,2014,1.2242533397519,CTS/MoI,observed_official_unodc
FRA,France,Europe,Western Europe,2015,1.55892963521539,CTS/MoI,observed_official_unodc
FRA,France,Europe,Western Europe,2016,1.19686224509648,CTS/MoI,observed_official_unodc
FRA,France,Europe,Western Europe,2017,1.08754298245582,CTS/MoI,observed_official_unodc
FRA,France,Europe,Western Europe,2018,1.06227847973755,CTS/MoI,observed_official_unodc
FRA,France,Europe,Western Europe,2019,1.14560504750237,CTS/MoI,observed_official_unodc
FRA,France,Europe,Western Europe,2020,1.04999178555921,CTS/MoI,observed_official_unodc
FRA,France,Europe,Western Europe,2021,1.11071518973766,CTS/MoI,observed_official_unodc
FRA,France,Europe,Western Europe,2022,1.23873280289769,CTS/MoI,observed_official_unodc
FRA,France,Europe,Western Europe,2023,1.33506280409367,CTS/MoI,observed_official_unodc
FRA,France,Europe,Western Europe,2024,1.32534857400044,CTS/MoI,observed_official_unodc
FSM,Micronesia (Federated States of),Oceania,Micronesia,2019,0.906766290056401,External,observed_official_unodc
GEO,Georgia,Asia,Western Asia,2004,7.34700690211851,CTS/MoI,observed_official_unodc
GEO,Georgia,Asia,Western Asia,2005,10.009609722088,CTS/MoI,observed_official_unodc
GEO,Georgia,Asia,Western Asia,2006,8.08188677777051,CTS/MoI,observed_official_unodc
GEO,Georgia,Asia,Western Asia,2007,8.31739166597355,CTS/MoI,observed_official_unodc
GEO,Georgia,Asia,Western Asia,2008,6.67310210823087,CTS/MoI,observed_official_unodc
GEO,Georgia,Asia,Western Asia,2009,5.35859118044788,CTS/MoI,observed_official_unodc
GEO,Georgia,Asia,Western Asia,2010,4.79988767749478,CTS/MoI,observed_official_unodc
GEO,Georgia,Asia,Western Asia,2016,1.02846555312855,CTS/MoI,observed_official_unodc
GEO,Georgia,Asia,Western Asia,2017,2.39924552955963,CTS/MoI,observed_official_unodc
GEO,Georgia,Asia,Western Asia,2018,2.34526705345127,CTS/MoI,observed_official_unodc
GEO,Georgia,Asia,Western Asia,2019,2.02806499553233,CTS/MoI,observed_official_unodc
GHA,Ghana,Africa,Sub-Saharan Africa,2003,2.04726505813928,WHO/NP/CTS,observed_official_unodc
GHA,Ghana,Africa,Sub-Saharan Africa,2004,2.06691897101457,WHO/NP/CTS,observed_official_unodc
GHA,Ghana,Africa,Sub-Saharan Africa,2005,1.75060061637178,WHO/NP/CTS,observed_official_unodc
GHA,Ghana,Africa,Sub-Saharan Africa,2006,1.78813996205498,WHO/NP/CTS,observed_official_unodc
GHA,Ghana,Africa,Sub-Saharan Africa,2007,1.68765456155898,WHO/NP/CTS,observed_official_unodc
GHA,Ghana,Africa,Sub-Saharan Africa,2008,1.77319982485734,WHO/NP/CTS,observed_official_unodc
GHA,Ghana,Africa,Sub-Saharan Africa,2009,1.71743458952278,WHO/NP/CTS,observed_official_unodc
GHA,Ghana,Africa,Sub-Saharan Africa,2010,1.65652636352875,WHO/NP/CTS,observed_official_unodc
GHA,Ghana,Africa,Sub-Saharan Africa,2011,1.62099472513754,WHO/NP/CTS,observed_official_unodc
GHA,Ghana,Africa,Sub-Saharan Africa,2012,2.09468981730321,WHO/NP/CTS,observed_official_unodc
GHA,Ghana,Africa,Sub-Saharan Africa,2013,2.01196278014916,WHO/NP/CTS,observed_official_unodc
GHA,Ghana,Africa,Sub-Saharan Africa,2014,1.93640928203346,WHO/NP/CTS,observed_official_unodc
GHA,Ghana,Africa,Sub-Saharan Africa,2015,1.82951897503029,WHO/NP/CTS,observed_official_unodc
GHA,Ghana,Africa,Sub-Saharan Africa,2016,1.87009855981462,WHO/NP/CTS,observed_official_unodc
GHA,Ghana,Africa,Sub-Saharan Africa,2017,2.02943487003652,WHO/NP/CTS,observed_official_unodc
GHA,Ghana,Africa,Sub-Saharan Africa,2018,1.63198244300232,WHO/NP/CTS,observed_official_unodc
GHA,Ghana,Africa,Sub-Saharan Africa,2019,1.82667713193775,WHO/NP/CTS,observed_official_unodc
GHA,Ghana,Africa,Sub-Saharan Africa,2020,1.74047705817606,WHO/NP/CTS,observed_official_unodc
GHA,Ghana,Africa,Sub-Saharan Africa,2021,1.85431966533681,WHO/NP/CTS,observed_official_unodc
GHA,Ghana,Africa,Sub-Saharan Africa,2022,1.83111773115644,WHO/NP/CTS,observed_official_unodc
GIB,Gibraltar,Europe,Southern Europe,2009,0.0,NP/SDG,observed_official_unodc
GIB,Gibraltar,Europe,Southern Europe,2010,3.20020481310804,NP/SDG,observed_official_unodc
GIB,Gibraltar,Europe,Southern Europe,2024,0.0,NP/SDG,observed_official_unodc
GLP,Guadeloupe,Americas,Latin America and the Caribbean,2004,6.32828206613542,NP/GOV,observed_official_unodc
GLP,Guadeloupe,Americas,Latin America and the Caribbean,2005,5.63619811481426,NP/GOV,observed_official_unodc
GLP,Guadeloupe,Americas,Latin America and the Caribbean,2006,5.89363462903253,NP/GOV,observed_official_unodc
GLP,Guadeloupe,Americas,Latin America and the Caribbean,2007,7.10269020514529,NP/GOV,observed_official_unodc
GLP,Guadeloupe,Americas,Latin America and the Caribbean,2008,7.82436262008563,NP/GOV,observed_official_unodc
GLP,Guadeloupe,Americas,Latin America and the Caribbean,2009,8.802128158986,NP/GOV,observed_official_unodc
GLP,Guadeloupe,Americas,Latin America and the Caribbean,2011,6.60060358852815,NP/GOV,observed_official_unodc
GLP,Guadeloupe,Americas,Latin America and the Caribbean,2012,7.57663707297401,NP/GOV,observed_official_unodc
GLP,Guadeloupe,Americas,Latin America and the Caribbean,2013,8.57083735856588,NP/GOV,observed_official_unodc
GLP,Guadeloupe,Americas,Latin America and the Caribbean,2014,5.16426671716172,NP/GOV,observed_official_unodc
GLP,Guadeloupe,Americas,Latin America and the Caribbean,2015,9.65464827992539,NP/GOV,observed_official_unodc
GLP,Guadeloupe,Americas,Latin America and the Caribbean,2016,5.68415615612647,NP/GOV,observed_official_unodc
GNB,Guinea-Bissau,Africa,Sub-Saharan Africa,2016,3.49365287883821,CTS,observed_official_unodc
GNB,Guinea-Bissau,Africa,Sub-Saharan Africa,2017,1.11876398954435,CTS,observed_official_unodc
GRC,Greece,Europe,Southern Europe,2004,1.01394257823949,CTS/UNODC Research,observed_official_unodc
GRC,Greece,Europe,Southern Europe,2005,1.20203980691416,CTS/UNODC Research,observed_official_unodc
GRC,Greece,Europe,Southern Europe,2006,0.99853818548455,CTS/UNODC Research,observed_official_unodc
GRC,Greece,Europe,Southern Europe,2007,1.17692468944918,CTS/UNODC Research,observed_official_unodc
GRC,Greece,Europe,Southern Europe,2008,1.30000599447209,CTS/UNODC Research,observed_official_unodc
GRC,Greece,Europe,Southern Europe,2009,1.36837464729468,CTS/UNODC Research,observed_official_unodc
GRC,Greece,Europe,Southern Europe,2010,1.58206940071031,CTS/UNODC Research,observed_official_unodc
GRC,Greece,Europe,Southern Europe,2011,1.65633803374762,CTS/UNODC Research,observed_official_unodc
GRC,Greece,Europe,Southern Europe,2012,1.50249393628294,CTS/UNODC Research,observed_official_unodc
GRC,Greece,Europe,Southern Europe,2013,1.39502562128674,CTS/UNODC Research,observed_official_unodc
GRC,Greece,Europe,Southern Europe,2014,0.982267185579143,CTS/UNODC Research,observed_official_unodc
GRC,Greece,Europe,Southern Europe,2015,0.859447721666469,CTS/UNODC Research,observed_official_unodc
GRC,Greece,Europe,Southern Europe,2016,0.779545903374914,CTS/UNODC Research,observed_official_unodc
GRC,Greece,Europe,Southern Europe,2017,0.799737128265793,CTS/UNODC Research,observed_official_unodc
GRC,Greece,Europe,Southern Europe,2018,0.922574259889262,CTS/UNODC Research,observed_official_unodc
GRC,Greece,Europe,Southern Europe,2019,0.727708640014711,CTS/UNODC Research,observed_official_unodc
GRC,Greece,Europe,Southern Europe,2020,0.72901495405944,CTS/UNODC Research,observed_official_unodc
GRC,Greece,Europe,Southern Europe,2021,0.841244735958326,CTS/UNODC Research,observed_official_unodc
GRC,Greece,Europe,Southern Europe,2022,1.12365161805833,CTS/UNODC Research,observed_official_unodc
GRC,Greece,Europe,Southern Europe,2023,0.839605274224601,CTS/UNODC Research,observed_official_unodc
GRC,Greece,Europe,Southern Europe,2024,0.845954939563237,CTS/UNODC Research,observed_official_unodc
GRD,Grenada,Americas,Latin America and the Caribbean,2003,8.26567723448808,OAS/CTS/UNODC Research,observed_official_unodc
GRD,Grenada,Americas,Latin America and the Caribbean,2004,5.48834869308697,OAS/CTS/UNODC Research,observed_official_unodc
GRD,Grenada,Americas,Latin America and the Caribbean,2005,10.0241947609913,OAS/CTS/UNODC Research,observed_official_unodc
GRD,Grenada,Americas,Latin America and the Caribbean,2006,10.8957683559648,OAS/CTS/UNODC Research,observed_official_unodc
GRD,Grenada,Americas,Latin America and the Caribbean,2007,9.95281461073185,OAS/CTS/UNODC Research,observed_official_unodc
GRD,Grenada,Americas,Latin America and the Caribbean,2008,14.427932477276,OAS/CTS/UNODC Research,observed_official_unodc
GRD,Grenada,Americas,Latin America and the Caribbean,2009,6.29190860553329,OAS/CTS/UNODC Research,observed_official_unodc
GRD,Grenada,Americas,Latin America and the Caribbean,2010,8.96169770401305,OAS/CTS/UNODC Research,observed_official_unodc
GRD,Grenada,Americas,Latin America and the Caribbean,2011,3.56891121441126,OAS/CTS/UNODC Research,observed_official_unodc
GRD,Grenada,Americas,Latin America and the Caribbean,2012,12.4141539089067,OAS/CTS/UNODC Research,observed_official_unodc
GRD,Grenada,Americas,Latin America and the Caribbean,2013,5.28694916598377,OAS/CTS/UNODC Research,observed_official_unodc
GRD,Grenada,Americas,Latin America and the Caribbean,2014,7.00945838791219,OAS/CTS/UNODC Research,observed_official_unodc
GRD,Grenada,Americas,Latin America and the Caribbean,2015,5.23213226830374,OAS/CTS/UNODC Research,observed_official_unodc
GRD,Grenada,Americas,Latin America and the Caribbean,2016,9.55441674628681,OAS/CTS/UNODC Research,observed_official_unodc
GRD,Grenada,Americas,Latin America and the Caribbean,2017,10.3951904918658,OAS/CTS/UNODC Research,observed_official_unodc
GRD,Grenada,Americas,Latin America and the Caribbean,2018,10.3724576674071,OAS/CTS/UNODC Research,observed_official_unodc
GRD,Grenada,Americas,Latin America and the Caribbean,2019,13.7953035613438,OAS/CTS/UNODC Research,observed_official_unodc
GRD,Grenada,Americas,Latin America and the Caribbean,2020,12.0335909094816,OAS/CTS/UNODC Research,observed_official_unodc
GRD,Grenada,Americas,Latin America and the Caribbean,2021,4.28494911622925,OAS/CTS/UNODC Research,observed_official_unodc
GRD,Grenada,Americas,Latin America and the Caribbean,2022,6.84269499542395,OAS/CTS/UNODC Research,observed_official_unodc
GRD,Grenada,Americas,Latin America and the Caribbean,2023,13.6657527694502,OAS/CTS/UNODC Research,observed_official_unodc
GRL,Greenland,Americas,Northern America,2003,8.8087876465562,NSO,observed_official_unodc
GRL,Greenland,Americas,Northern America,2004,19.3299535202481,NSO,observed_official_unodc
GRL,Greenland,Americas,Northern America,2005,17.559416676178,NSO,observed_official_unodc
GRL,Greenland,Americas,Northern America,2006,14.064079462049,NSO,observed_official_unodc
GRL,Greenland,Americas,Northern America,2007,14.0889718572787,NSO,observed_official_unodc
GRL,Greenland,Americas,Northern America,2008,14.11905896472,NSO,observed_official_unodc
GRL,Greenland,Americas,Northern America,2009,17.6923825446954,NSO,observed_official_unodc
GRL,Greenland,Americas,Northern America,2010,19.4296514143903,NSO,observed_official_unodc
GRL,Greenland,Americas,Northern America,2011,1.75949467312988,NSO,observed_official_unodc
GRL,Greenland,Americas,Northern America,2012,14.0899644228398,NSO,observed_official_unodc
GRL,Greenland,Americas,Northern America,2013,12.3865305327978,NSO,observed_official_unodc
GRL,Greenland,Americas,Northern America,2014,7.12085877556833,NSO,observed_official_unodc
GRL,Greenland,Americas,Northern America,2015,7.14017957551632,NSO,observed_official_unodc
GRL,Greenland,Americas,Northern America,2016,5.35131374752502,NSO,observed_official_unodc
GTM,Guatemala,Americas,Latin America and the Caribbean,2003,33.8260706875462,NP/CTS,observed_official_unodc
GTM,Guatemala,Americas,Latin America and the Caribbean,2004,35.1905874431052,NP/CTS,observed_official_unodc
GTM,Guatemala,Americas,Latin America and the Caribbean,2005,40.7866100416894,NP/CTS,observed_official_unodc
GTM,Guatemala,Americas,Latin America and the Caribbean,2006,44.0248234172562,NP/CTS,observed_official_unodc
GTM,Guatemala,Americas,Latin America and the Caribbean,2007,42.3453198203345,NP/CTS,observed_official_unodc
GTM,Guatemala,Americas,Latin America and the Caribbean,2008,45.1519299292567,NP/CTS,observed_official_unodc
GTM,Guatemala,Americas,Latin America and the Caribbean,2009,45.7103110094951,NP/CTS,observed_official_unodc
GTM,Guatemala,Americas,Latin America and the Caribbean,2010,41.1031293722721,NP/CTS,observed_official_unodc
GTM,Guatemala,Americas,Latin America and the Caribbean,2011,38.4055692334411,NP/CTS,observed_official_unodc
GTM,Guatemala,Americas,Latin America and the Caribbean,2012,34.1624967821479,NP/CTS,observed_official_unodc
GTM,Guatemala,Americas,Latin America and the Caribbean,2013,33.5015723155484,NP/CTS,observed_official_unodc
GTM,Guatemala,Americas,Latin America and the Caribbean,2014,33.4975903480006,NP/CTS,observed_official_unodc
GTM,Guatemala,Americas,Latin America and the Caribbean,2017,32.8054740415143,NP/CTS,observed_official_unodc
GTM,Guatemala,Americas,Latin America and the Caribbean,2018,28.9035441420162,NP/CTS,observed_official_unodc
GTM,Guatemala,Americas,Latin America and the Caribbean,2019,25.9415998284592,NP/CTS,observed_official_unodc
GTM,Guatemala,Americas,Latin America and the Caribbean,2020,18.1882859775834,NP/CTS,observed_official_unodc
GTM,Guatemala,Americas,Latin America and the Caribbean,2021,20.2458705569498,NP/CTS,observed_official_unodc
GTM,Guatemala,Americas,Latin America and the Caribbean,2022,22.0474401521257,NP/CTS,observed_official_unodc
GTM,Guatemala,Americas,Latin America and the Caribbean,2023,23.8181445764686,NP/CTS,observed_official_unodc
GTM,Guatemala,Americas,Latin America and the Caribbean,2024,22.7584390807546,NP/CTS,observed_official_unodc
GUF,French Guiana,Americas,Latin America and the Caribbean,2004,29.951174421697,NP/SAS/MoI Adjusted,observed_official_unodc
GUF,French Guiana,Americas,Latin America and the Caribbean,2005,22.2280399314388,NP/SAS/MoI Adjusted,observed_official_unodc
GUF,French Guiana,Americas,Latin America and the Caribbean,2006,19.9079494338084,NP/SAS/MoI Adjusted,observed_official_unodc
GUF,French Guiana,Americas,Latin America and the Caribbean,2007,12.7789986285396,NP/SAS/MoI Adjusted,observed_official_unodc
GUF,French Guiana,Americas,Latin America and the Caribbean,2008,14.1532174243798,NP/SAS/MoI Adjusted,observed_official_unodc
GUF,French Guiana,Americas,Latin America and the Caribbean,2009,13.0036757056661,NP/SAS/MoI Adjusted,observed_official_unodc
GUF,French Guiana,Americas,Latin America and the Caribbean,2018,12.8003694456358,NP/SAS/MoI Adjusted,observed_official_unodc
GUF,French Guiana,Americas,Latin America and the Caribbean,2019,13.2303721005155,NP/SAS/MoI Adjusted,observed_official_unodc
GUF,French Guiana,Americas,Latin America and the Caribbean,2020,13.3880898304997,NP/SAS/MoI Adjusted,observed_official_unodc
GUM,Guam,Oceania,Micronesia,2003,4.90386884602771,NP/External,observed_official_unodc
GUM,Guam,Oceania,Micronesia,2004,5.4941868450853,NP/External,observed_official_unodc
GUM,Guam,Oceania,Micronesia,2005,4.25880126912278,NP/External,observed_official_unodc
GUM,Guam,Oceania,Micronesia,2006,6.67317807072356,NP/External,observed_official_unodc
GUM,Guam,Oceania,Micronesia,2007,0.605081474220504,NP/External,observed_official_unodc
GUM,Guam,Oceania,Micronesia,2008,0.603525797710223,NP/External,observed_official_unodc
GUM,Guam,Oceania,Micronesia,2009,3.00891239852443,NP/External,observed_official_unodc
GUM,Guam,Oceania,Micronesia,2010,1.80156916674423,NP/External,observed_official_unodc
GUM,Guam,Oceania,Micronesia,2011,2.40178212233477,NP/External,observed_official_unodc
GUM,Guam,Oceania,Micronesia,2019,4.32611490161179,NP/External,observed_official_unodc
GUY,Guyana,Americas,Latin America and the Caribbean,2003,27.3882307923651,OAS/CTS/NSO,observed_official_unodc
GUY,Guyana,Americas,Latin America and the Caribbean,2004,17.1821756569231,OAS/CTS/NSO,observed_official_unodc
GUY,Guyana,Americas,Latin America and the Caribbean,2005,18.6617672956471,OAS/CTS/NSO,observed_official_unodc
GUY,Guyana,Americas,Latin America and the Caribbean,2006,20.158992524703,OAS/CTS/NSO,observed_official_unodc
GUY,Guyana,Americas,Latin America and the Caribbean,2007,15.1943455894448,OAS/CTS/NSO,observed_official_unodc
GUY,Guyana,Americas,Latin America and the Caribbean,2008,20.9380650710006,OAS/CTS/NSO,observed_official_unodc
GUY,Guyana,Americas,Latin America and the Caribbean,2009,15.5565660675394,OAS/CTS/NSO,observed_official_unodc
GUY,Guyana,Americas,Latin America and the Caribbean,2010,18.6851899182723,OAS/CTS/NSO,observed_official_unodc
GUY,Guyana,Americas,Latin America and the Caribbean,2011,17.4227001700724,OAS/CTS/NSO,observed_official_unodc
GUY,Guyana,Americas,Latin America and the Caribbean,2012,18.6255047478288,OAS/CTS/NSO,observed_official_unodc
GUY,Guyana,Americas,Latin America and the Caribbean,2013,20.6660742392051,OAS/CTS/NSO,observed_official_unodc
GUY,Guyana,Americas,Latin America and the Caribbean,2014,19.7552732658118,OAS/CTS/NSO,observed_official_unodc
GUY,Guyana,Americas,Latin America and the Caribbean,2015,19.6367594865976,OAS/CTS/NSO,observed_official_unodc
GUY,Guyana,Americas,Latin America and the Caribbean,2016,18.5973900789472,OAS/CTS/NSO,observed_official_unodc
GUY,Guyana,Americas,Latin America and the Caribbean,2017,14.9646346644701,OAS/CTS/NSO,observed_official_unodc
GUY,Guyana,Americas,Latin America and the Caribbean,2018,14.0230217590554,OAS/CTS/NSO,observed_official_unodc
GUY,Guyana,Americas,Latin America and the Caribbean,2019,16.8386645453251,OAS/CTS/NSO,observed_official_unodc
GUY,Guyana,Americas,Latin America and the Caribbean,2020,19.4431699054406,OAS/CTS/NSO,observed_official_unodc
GUY,Guyana,Americas,Latin America and the Caribbean,2021,16.0641191344505,OAS/CTS/NSO,observed_official_unodc
GUY,Guyana,Americas,Latin America and the Caribbean,2022,15.94378052595,OAS/CTS/NSO,observed_official_unodc
GUY,Guyana,Americas,Latin America and the Caribbean,2023,19.1201580922439,OAS/CTS/NSO,observed_official_unodc
GUY,Guyana,Americas,Latin America and the Caribbean,2024,14.07795698763,OAS/CTS/NSO,observed_official_unodc
HKG,"China, Hong Kong Special Administrative Region",Asia,Eastern Asia,2003,0.758138341731295,SDG/CTS,observed_official_unodc
HKG,"China, Hong Kong Special Administrative Region",Asia,Eastern Asia,2004,0.65329459731901,SDG/CTS,observed_official_unodc
HKG,"China, Hong Kong Special Administrative Region",Asia,Eastern Asia,2005,0.492148352041243,SDG/CTS,observed_official_unodc
HKG,"China, Hong Kong Special Administrative Region",Asia,Eastern Asia,2006,0.504971079584885,SDG/CTS,observed_official_unodc
HKG,"China, Hong Kong Special Administrative Region",Asia,Eastern Asia,2007,0.258199816534686,SDG/CTS,observed_official_unodc
HKG,"China, Hong Kong Special Administrative Region",Asia,Eastern Asia,2008,0.512770221894904,SDG/CTS,observed_official_unodc
HKG,"China, Hong Kong Special Administrative Region",Asia,Eastern Asia,2009,0.665301477471795,SDG/CTS,observed_official_unodc
HKG,"China, Hong Kong Special Administrative Region",Asia,Eastern Asia,2010,0.492845502651016,SDG/CTS,observed_official_unodc
HKG,"China, Hong Kong Special Administrative Region",Asia,Eastern Asia,2011,0.237996256318888,SDG/CTS,observed_official_unodc
HKG,"China, Hong Kong Special Administrative Region",Asia,Eastern Asia,2012,0.37494474772537,SDG/CTS,observed_official_unodc
HKG,"China, Hong Kong Special Administrative Region",Asia,Eastern Asia,2013,0.853484868195093,SDG/CTS,observed_official_unodc
HKG,"China, Hong Kong Special Administrative Region",Asia,Eastern Asia,2014,0.368877630379286,SDG/CTS,observed_official_unodc
HKG,"China, Hong Kong Special Administrative Region",Asia,Eastern Asia,2015,0.298652959762826,SDG/CTS,observed_official_unodc
HKG,"China, Hong Kong Special Administrative Region",Asia,Eastern Asia,2016,0.377969277712184,SDG/CTS,observed_official_unodc
HKG,"China, Hong Kong Special Administrative Region",Asia,Eastern Asia,2017,0.322368700739292,SDG/CTS,observed_official_unodc
HKG,"China, Hong Kong Special Administrative Region",Asia,Eastern Asia,2018,0.642467632514136,SDG/CTS,observed_official_unodc
HKG,"China, Hong Kong Special Administrative Region",Asia,Eastern Asia,2019,0.320606459178181,SDG/CTS,observed_official_unodc
HKG,"China, Hong Kong Special Administrative Region",Asia,Eastern Asia,2020,0.293715731634873,SDG/CTS,observed_official_unodc
HKG,"China, Hong Kong Special Administrative Region",Asia,Eastern Asia,2021,0.307297589591109,SDG/CTS,observed_official_unodc
HKG,"China, Hong Kong Special Administrative Region",Asia,Eastern Asia,2022,0.401826165982334,SDG/CTS,observed_official_unodc
HKG,"China, Hong Kong Special Administrative Region",Asia,Eastern Asia,2023,0.376205815214825,SDG/CTS,observed_official_unodc
HND,Honduras,Americas,Latin America and the Caribbean,2003,57.211379965735,NSO/CTS,observed_official_unodc
HND,Honduras,Americas,Latin America and the Caribbean,2004,49.8561822453764,NSO/CTS,observed_official_unodc
HND,Honduras,Americas,Latin America and the Caribbean,2005,42.9506250338895,NSO/CTS,observed_official_unodc
HND,Honduras,Americas,Latin America and the Caribbean,2006,40.7218024373527,NSO/CTS,observed_official_unodc
HND,Honduras,Americas,Latin America and the Caribbean,2007,45.7956895764454,NSO/CTS,observed_official_unodc
HND,Honduras,Americas,Latin America and the Caribbean,2008,55.6000203180321,NSO/CTS,observed_official_unodc
HND,Honduras,Americas,Latin America and the Caribbean,2009,64.4696634518731,NSO/CTS,observed_official_unodc
HND,Honduras,Americas,Latin America and the Caribbean,2010,74.5408954410341,NSO/CTS,observed_official_unodc
HND,Honduras,Americas,Latin America and the Caribbean,2011,83.1793333078082,NSO/CTS,observed_official_unodc
HND,Honduras,Americas,Latin America and the Caribbean,2012,82.2941714854712,NSO/CTS,observed_official_unodc
HND,Honduras,Americas,Latin America and the Caribbean,2013,72.3455871413622,NSO/CTS,observed_official_unodc
HND,Honduras,Americas,Latin America and the Caribbean,2014,64.9996731259012,NSO/CTS,observed_official_unodc
HND,Honduras,Americas,Latin America and the Caribbean,2015,55.7305404552518,NSO/CTS,observed_official_unodc
HND,Honduras,Americas,Latin America and the Caribbean,2016,54.7151729955654,NSO/CTS,observed_official_unodc
HND,Honduras,Americas,Latin America and the Caribbean,2017,40.2998017393682,NSO/CTS,observed_official_unodc
HND,Honduras,Americas,Latin America and the Caribbean,2018,37.9817721287217,NSO/CTS,observed_official_unodc
HND,Honduras,Americas,Latin America and the Caribbean,2019,41.0111655865032,NSO/CTS,observed_official_unodc
HND,Honduras,Americas,Latin America and the Caribbean,2020,35.7028493255269,NSO/CTS,observed_official_unodc
HND,Honduras,Americas,Latin America and the Caribbean,2021,38.2025965034663,NSO/CTS,observed_official_unodc
HND,Honduras,Americas,Latin America and the Caribbean,2022,34.9679353875888,NSO/CTS,observed_official_unodc
HND,Honduras,Americas,Latin America and the Caribbean,2023,31.4424316507577,NSO/CTS,observed_official_unodc
HND,Honduras,Americas,Latin America and the Caribbean,2024,23.9153049037414,NSO/CTS,observed_official_unodc
HRV,Croatia,Europe,Southern Europe,2003,1.60215999030345,CTS/UNODC Research,observed_official_unodc
HRV,Croatia,Europe,Southern Europe,2004,1.92572926265103,CTS/UNODC Research,observed_official_unodc
HRV,Croatia,Europe,Southern Europe,2005,1.5762830596396,CTS/UNODC Research,observed_official_unodc
HRV,Croatia,Europe,Southern Europe,2006,1.71462996431716,CTS/UNODC Research,observed_official_unodc
HRV,Croatia,Europe,Southern Europe,2007,1.43653043608314,CTS/UNODC Research,observed_official_unodc
HRV,Croatia,Europe,Southern Europe,2008,1.64556385535216,CTS/UNODC Research,observed_official_unodc
HRV,Croatia,Europe,Southern Europe,2009,1.13675103331249,CTS/UNODC Research,observed_official_unodc
HRV,Croatia,Europe,Southern Europe,2010,1.44147646249121,CTS/UNODC Research,observed_official_unodc
HRV,Croatia,Europe,Southern Europe,2011,1.14463944324737,CTS/UNODC Research,observed_official_unodc
HRV,Croatia,Europe,Southern Europe,2012,1.19739770261642,CTS/UNODC Research,observed_official_unodc
HRV,Croatia,Europe,Southern Europe,2013,1.08429254920125,CTS/UNODC Research,observed_official_unodc
HRV,Croatia,Europe,Southern Europe,2014,0.853185902809328,CTS/UNODC Research,observed_official_unodc
HRV,Croatia,Europe,Southern Europe,2015,0.884378611088172,CTS/UNODC Research,observed_official_unodc
HRV,Croatia,Europe,Southern Europe,2016,1.06371572584033,CTS/UNODC Research,observed_official_unodc
HRV,Croatia,Europe,Southern Europe,2017,1.12767209256717,CTS/UNODC Research,observed_official_unodc
HRV,Croatia,Europe,Southern Europe,2018,0.596292847367914,CTS/UNODC Research,observed_official_unodc
HRV,Croatia,Europe,Southern Europe,2019,0.827828171469303,CTS/UNODC Research,observed_official_unodc
HRV,Croatia,Europe,Southern Europe,2020,1.01164453441337,CTS/UNODC Research,observed_official_unodc
HRV,Croatia,Europe,Southern Europe,2021,0.840847880426335,CTS/UNODC Research,observed_official_unodc
HRV,Croatia,Europe,Southern Europe,2022,0.79344217483012,CTS/UNODC Research,observed_official_unodc
HRV,Croatia,Europe,Southern Europe,2023,0.667347104040825,CTS/UNODC Research,observed_official_unodc
HRV,Croatia,Europe,Southern Europe,2024,1.00636720791159,CTS/UNODC Research,observed_official_unodc
HTI,Haiti,Americas,Latin America and the Caribbean,2007,5.18494241513337,OAS/DPKO/NP,observed_official_unodc
HTI,Haiti,Americas,Latin America and the Caribbean,2008,5.22517870924341,OAS/DPKO/NP,observed_official_unodc
HTI,Haiti,Americas,Latin America and the Caribbean,2009,6.17157780979269,OAS/DPKO/NP,observed_official_unodc
HTI,Haiti,Americas,Latin America and the Caribbean,2010,6.90584205676174,OAS/DPKO/NP,observed_official_unodc
HTI,Haiti,Americas,Latin America and the Caribbean,2011,9.21844574684968,OAS/DPKO/NP,observed_official_unodc
HTI,Haiti,Americas,Latin America and the Caribbean,2012,10.2584264457666,OAS/DPKO/NP,observed_official_unodc
HTI,Haiti,Americas,Latin America and the Caribbean,2013,10.1639909561024,OAS/DPKO/NP,observed_official_unodc
HTI,Haiti,Americas,Latin America and the Caribbean,2014,9.44739032712553,OAS/DPKO/NP,observed_official_unodc
HTI,Haiti,Americas,Latin America and the Caribbean,2015,10.1774724071475,OAS/DPKO/NP,observed_official_unodc
HTI,Haiti,Americas,Latin America and the Caribbean,2016,9.63317380185292,OAS/DPKO/NP,observed_official_unodc
HTI,Haiti,Americas,Latin America and the Caribbean,2018,6.77773609475147,OAS/DPKO/NP,observed_official_unodc
HTI,Haiti,Americas,Latin America and the Caribbean,2020,12.2733782954021,OAS/DPKO/NP,observed_official_unodc
HTI,Haiti,Americas,Latin America and the Caribbean,2021,14.1983189542019,OAS/DPKO/NP,observed_official_unodc
HTI,Haiti,Americas,Latin America and the Caribbean,2022,18.9766582756746,OAS/DPKO/NP,observed_official_unodc
HTI,Haiti,Americas,Latin America and the Caribbean,2023,41.1518089717388,OAS/DPKO/NP,observed_official_unodc
HTI,Haiti,Americas,Latin America and the Caribbean,2024,64.33606564827,OAS/DPKO/NP,observed_official_unodc
HUN,Hungary,Europe,Eastern Europe,2003,2.25542422106006,CTS/SDG,observed_official_unodc
HUN,Hungary,Europe,Eastern Europe,2004,2.07222219853654,CTS/SDG,observed_official_unodc
HUN,Hungary,Europe,Eastern Europe,2005,1.62929455718258,CTS/SDG,observed_official_unodc
HUN,Hungary,Europe,Eastern Europe,2006,1.7313531031967,CTS/SDG,observed_official_unodc
HUN,Hungary,Europe,Eastern Europe,2007,1.53476927609169,CTS/SDG,observed_official_unodc
HUN,Hungary,Europe,Eastern Europe,2008,1.8069900965961,CTS/SDG,observed_official_unodc
HUN,Hungary,Europe,Eastern Europe,2009,1.38980848439085,CTS/SDG,observed_official_unodc
HUN,Hungary,Europe,Eastern Europe,2010,1.38288629112252,CTS/SDG,observed_official_unodc
HUN,Hungary,Europe,Eastern Europe,2011,1.45777335776427,CTS/SDG,observed_official_unodc
HUN,Hungary,Europe,Eastern Europe,2012,1.2504256741433,CTS/SDG,observed_official_unodc
HUN,Hungary,Europe,Eastern Europe,2013,1.55723130947025,CTS/SDG,observed_official_unodc
HUN,Hungary,Europe,Eastern Europe,2014,1.48030354739537,CTS/SDG,observed_official_unodc
HUN,Hungary,Europe,Eastern Europe,2015,2.24611505942905,CTS/SDG,observed_official_unodc
HUN,Hungary,Europe,Eastern Europe,2016,2.05901168254688,CTS/SDG,observed_official_unodc
HUN,Hungary,Europe,Eastern Europe,2017,1.63505483999481,CTS/SDG,observed_official_unodc
HUN,Hungary,Europe,Eastern Europe,2018,0.879849987623273,CTS/SDG,observed_official_unodc
HUN,Hungary,Europe,Eastern Europe,2019,0.66527835015882,CTS/SDG,observed_official_unodc
HUN,Hungary,Europe,Eastern Europe,2020,0.820558561392627,CTS/SDG,observed_official_unodc
HUN,Hungary,Europe,Eastern Europe,2021,0.772570691377117,CTS/SDG,observed_official_unodc
HUN,Hungary,Europe,Eastern Europe,2022,0.970642654757226,CTS/SDG,observed_official_unodc
HUN,Hungary,Europe,Eastern Europe,2023,0.722657964901225,CTS/SDG,observed_official_unodc
HUN,Hungary,Europe,Eastern Europe,2024,0.702759970936741,CTS/SDG,observed_official_unodc
IDN,Indonesia,Asia,South-eastern Asia,2003,0.726511653296908,Interpol/CTS,observed_official_unodc
IDN,Indonesia,Asia,South-eastern Asia,2004,0.62256871069078,Interpol/CTS,observed_official_unodc
IDN,Indonesia,Asia,South-eastern Asia,2021,0.354461230437981,Interpol/CTS,observed_official_unodc
IDN,Indonesia,Asia,South-eastern Asia,2022,0.298389134244316,Interpol/CTS,observed_official_unodc
IDN,Indonesia,Asia,South-eastern Asia,2023,0.399729625584053,Interpol/CTS,observed_official_unodc
IDN,Indonesia,Asia,South-eastern Asia,2024,0.414832475557544,Interpol/CTS,observed_official_unodc
IMN,Isle of Man,Europe,Northern Europe,2011,1.18507984475454,NP,observed_official_unodc
IMN,Isle of Man,Europe,Northern Europe,2012,2.37150869454375,NP,observed_official_unodc
IMN,Isle of Man,Europe,Northern Europe,2013,2.37694835485462,NP,observed_official_unodc
IMN,Isle of Man,Europe,Northern Europe,2014,3.57600500640701,NP,observed_official_unodc
IMN,Isle of Man,Europe,Northern Europe,2015,1.19627241515438,NP,observed_official_unodc
IMN,Isle of Man,Europe,Northern Europe,2016,0.0,NP,observed_official_unodc
IND,India,Asia,Southern Asia,2003,3.96945564811633,MoI/NCRB India,observed_official_unodc
IND,India,Asia,Southern Asia,2004,4.09246015023157,MoI/NCRB India,observed_official_unodc
IND,India,Asia,Southern Asia,2005,3.9054234629053,MoI/NCRB India,observed_official_unodc
IND,India,Asia,Southern Asia,2006,3.83338811896998,MoI/NCRB India,observed_official_unodc
IND,India,Asia,Southern Asia,2007,3.80976850285027,MoI/NCRB India,observed_official_unodc
IND,India,Asia,Southern Asia,2008,3.80808186808269,MoI/NCRB India,observed_official_unodc
IND,India,Asia,Southern Asia,2009,3.7391329622536,MoI/NCRB India,observed_official_unodc
IND,India,Asia,Southern Asia,2010,3.73628378136533,MoI/NCRB India,observed_official_unodc
IND,India,Asia,Southern Asia,2011,3.77728016164146,MoI/NCRB India,observed_official_unodc
IND,India,Asia,Southern Asia,2012,3.71306379435684,MoI/NCRB India,observed_official_unodc
IND,India,Asia,Southern Asia,2013,3.54043488192346,MoI/NCRB India,observed_official_unodc
IND,India,Asia,Southern Asia,2014,3.60868879736221,MoI/NCRB India,observed_official_unodc
IND,India,Asia,Southern Asia,2015,3.341278725169,MoI/NCRB India,observed_official_unodc
IND,India,Asia,Southern Asia,2016,3.14894003612781,MoI/NCRB India,observed_official_unodc
IND,India,Asia,Southern Asia,2017,3.07665739913599,MoI/NCRB India,observed_official_unodc
IND,India,Asia,Southern Asia,2018,3.0299149142336,MoI/NCRB India,observed_official_unodc
IND,India,Asia,Southern Asia,2019,2.94997162020176,MoI/NCRB India,observed_official_unodc
IND,India,Asia,Southern Asia,2020,2.93529734667461,MoI/NCRB India,observed_official_unodc
IND,India,Asia,Southern Asia,2021,2.92249230234054,MoI/NCRB India,observed_official_unodc
IND,India,Asia,Southern Asia,2022,2.81530423021647,MoI/NCRB India,observed_official_unodc
IND,India,Asia,Southern Asia,2023,2.71593253265609,MoI/NCRB India,observed_official_unodc
IRL,Ireland,Europe,Northern Europe,2003,0.926636672021959,NSO/CTS/SDG,observed_official_unodc
IRL,Ireland,Europe,Northern Europe,2004,0.737814168958707,NSO/CTS/SDG,observed_official_unodc
IRL,Ireland,Europe,Northern Europe,2005,1.25141867559474,NSO/CTS/SDG,observed_official_unodc
IRL,Ireland,Europe,Northern Europe,2006,1.4524064559467,NSO/CTS/SDG,observed_official_unodc
IRL,Ireland,Europe,Northern Europe,2007,1.77534469569112,NSO/CTS/SDG,observed_official_unodc
IRL,Ireland,Europe,Northern Europe,2008,1.13687038975372,NSO/CTS/SDG,observed_official_unodc
IRL,Ireland,Europe,Northern Europe,2009,1.1690096855761,NSO/CTS/SDG,observed_official_unodc
IRL,Ireland,Europe,Northern Europe,2010,1.1844494941962,NSO/CTS/SDG,observed_official_unodc
IRL,Ireland,Europe,Northern Europe,2011,0.917110164037163,NSO/CTS/SDG,observed_official_unodc
IRL,Ireland,Europe,Northern Europe,2012,1.10866383834203,NSO/CTS/SDG,observed_official_unodc
IRL,Ireland,Europe,Northern Europe,2013,1.01628510386596,NSO/CTS/SDG,observed_official_unodc
IRL,Ireland,Europe,Northern Europe,2014,1.00896508411924,NSO/CTS/SDG,observed_official_unodc
IRL,Ireland,Europe,Northern Europe,2015,0.574164266695474,NSO/CTS/SDG,observed_official_unodc
IRL,Ireland,Europe,Northern Europe,2016,0.694224869533058,NSO/CTS/SDG,observed_official_unodc
IRL,Ireland,Europe,Northern Europe,2017,0.769189111483671,NSO/CTS/SDG,observed_official_unodc
IRL,Ireland,Europe,Northern Europe,2018,0.738832015356213,NSO/CTS/SDG,observed_official_unodc
IRL,Ireland,Europe,Northern Europe,2019,0.628358296386879,NSO/CTS/SDG,observed_official_unodc
IRL,Ireland,Europe,Northern Europe,2020,0.642234139902479,NSO/CTS/SDG,observed_official_unodc
IRL,Ireland,Europe,Northern Europe,2021,0.437512696568737,NSO/CTS/SDG,observed_official_unodc
IRL,Ireland,Europe,Northern Europe,2022,0.82191531512967,NSO/CTS/SDG,observed_official_unodc
IRL,Ireland,Europe,Northern Europe,2023,0.635026930914843,NSO/CTS/SDG,observed_official_unodc
IRL,Ireland,Europe,Northern Europe,2024,0.704088996849202,NSO/CTS/SDG,observed_official_unodc
IRN,Iran (Islamic Republic of),Asia,Southern Asia,2009,2.89702198565026,NSO/MD,observed_official_unodc
IRN,Iran (Islamic Republic of),Asia,Southern Asia,2013,2.53311940143072,NSO/MD,observed_official_unodc
IRN,Iran (Islamic Republic of),Asia,Southern Asia,2014,2.37540050451863,NSO/MD,observed_official_unodc
IRQ,Iraq,Asia,Western Asia,2008,15.86412056276,Computed,observed_official_unodc
IRQ,Iraq,Asia,Western Asia,2009,8.49684774933008,Computed,observed_official_unodc
IRQ,Iraq,Asia,Western Asia,2010,8.66796030041971,Computed,observed_official_unodc
IRQ,Iraq,Asia,Western Asia,2011,8.18993599583675,Computed,observed_official_unodc
IRQ,Iraq,Asia,Western Asia,2012,8.01370560566433,Computed,observed_official_unodc
IRQ,Iraq,Asia,Western Asia,2013,9.46375217111484,Computed,observed_official_unodc
ISL,Iceland,Europe,Northern Europe,2005,1.01066419166236,CTS/SDG,observed_official_unodc
ISL,Iceland,Europe,Northern Europe,2006,0.0,CTS/SDG,observed_official_unodc
ISL,Iceland,Europe,Northern Europe,2007,0.641744518298543,CTS/SDG,observed_official_unodc
ISL,Iceland,Europe,Northern Europe,2008,0.0,CTS/SDG,observed_official_unodc
ISL,Iceland,Europe,Northern Europe,2009,0.31386137370846,CTS/SDG,observed_official_unodc
ISL,Iceland,Europe,Northern Europe,2010,0.628618485155174,CTS/SDG,observed_official_unodc
ISL,Iceland,Europe,Northern Europe,2011,0.940035157314884,CTS/SDG,observed_official_unodc
ISL,Iceland,Europe,Northern Europe,2012,0.311681349455571,CTS/SDG,observed_official_unodc
ISL,Iceland,Europe,Northern Europe,2013,0.308751086417885,CTS/SDG,observed_official_unodc
ISL,Iceland,Europe,Northern Europe,2014,0.305331857562688,CTS/SDG,observed_official_unodc
ISL,Iceland,Europe,Northern Europe,2015,0.906477233068894,CTS/SDG,observed_official_unodc
ISL,Iceland,Europe,Northern Europe,2016,0.297997309084299,CTS/SDG,observed_official_unodc
ISL,Iceland,Europe,Northern Europe,2017,0.873282362752761,CTS/SDG,observed_official_unodc
ISL,Iceland,Europe,Northern Europe,2018,0.850210001870462,CTS/SDG,observed_official_unodc
ISL,Iceland,Europe,Northern Europe,2019,0.277239086829896,CTS/SDG,observed_official_unodc
ISL,Iceland,Europe,Northern Europe,2020,1.36383225954273,CTS/SDG,observed_official_unodc
ISL,Iceland,Europe,Northern Europe,2021,0.536705993798362,CTS/SDG,observed_official_unodc
ISL,Iceland,Europe,Northern Europe,2022,1.05164773481651,CTS/SDG,observed_official_unodc
ISL,Iceland,Europe,Northern Europe,2023,1.29013114183057,CTS/SDG,observed_official_unodc
ISL,Iceland,Europe,Northern Europe,2024,2.03357689653288,CTS/SDG,observed_official_unodc
ISR,Israel,Asia,Western Asia,2003,2.62962837661199,NSO/SDG/CTS,observed_official_unodc
ISR,Israel,Asia,Western Asia,2004,2.40359632431166,NSO/SDG/CTS,observed_official_unodc
ISR,Israel,Asia,Western Asia,2005,2.51181369892658,NSO/SDG/CTS,observed_official_unodc
ISR,Israel,Asia,Western Asia,2006,2.23552448582389,NSO/SDG/CTS,observed_official_unodc
ISR,Israel,Asia,Western Asia,2007,1.93897123931142,NSO/SDG/CTS,observed_official_unodc
ISR,Israel,Asia,Western Asia,2008,1.69428815224534,NSO/SDG/CTS,observed_official_unodc
ISR,Israel,Asia,Western Asia,2009,1.99830809914273,NSO/SDG/CTS,observed_official_unodc
ISR,Israel,Asia,Western Asia,2010,2.04450617338639,NSO/SDG/CTS,observed_official_unodc
ISR,Israel,Asia,Western Asia,2011,1.9676021588745,NSO/SDG/CTS,observed_official_unodc
ISR,Israel,Asia,Western Asia,2012,1.68248807914477,NSO/SDG/CTS,observed_official_unodc
ISR,Israel,Asia,Western Asia,2013,1.69045803541161,NSO/SDG/CTS,observed_official_unodc
ISR,Israel,Asia,Western Asia,2014,1.63349469475113,NSO/SDG/CTS,observed_official_unodc
ISR,Israel,Asia,Western Asia,2015,1.49014483400625,NSO/SDG/CTS,observed_official_unodc
ISR,Israel,Asia,Western Asia,2016,1.33982857867757,NSO/SDG/CTS,observed_official_unodc
ISR,Israel,Asia,Western Asia,2017,1.62644474784814,NSO/SDG/CTS,observed_official_unodc
ISR,Israel,Asia,Western Asia,2018,1.45709789694358,NSO/SDG/CTS,observed_official_unodc
ISR,Israel,Asia,Western Asia,2019,1.6402012873501,NSO/SDG/CTS,observed_official_unodc
ISR,Israel,Asia,Western Asia,2020,1.67038317453709,NSO/SDG/CTS,observed_official_unodc
ISR,Israel,Asia,Western Asia,2021,1.9344902218508,NSO/SDG/CTS,observed_official_unodc
ISR,Israel,Asia,Western Asia,2022,1.62581066709758,NSO/SDG/CTS,observed_official_unodc
ISR,Israel,Asia,Western Asia,2024,3.717899427305,NSO/SDG/CTS,observed_official_unodc
ITA,Italy,Europe,Southern Europe,2005,1.04238414237751,CTS/SDG,observed_official_unodc
ITA,Italy,Europe,Southern Europe,2006,1.06374952167439,CTS/SDG,observed_official_unodc
ITA,Italy,Europe,Southern Europe,2007,1.06752438557289,CTS/SDG,observed_official_unodc
ITA,Italy,Europe,Southern Europe,2008,1.03254300197422,CTS/SDG,observed_official_unodc
ITA,Italy,Europe,Southern Europe,2009,0.984909015398894,CTS/SDG,observed_official_unodc
ITA,Italy,Europe,Southern Europe,2010,0.879260233986606,CTS/SDG,observed_official_unodc
ITA,Italy,Europe,Southern Europe,2011,0.914393555930683,CTS/SDG,observed_official_unodc
ITA,Italy,Europe,Southern Europe,2012,0.87557696185202,CTS/SDG,observed_official_unodc
ITA,Italy,Europe,Southern Europe,2013,0.827647126909968,CTS/SDG,observed_official_unodc
ITA,Italy,Europe,Southern Europe,2014,0.782999237037301,CTS/SDG,observed_official_unodc
ITA,Italy,Europe,Southern Europe,2015,0.774242762514025,CTS/SDG,observed_official_unodc
ITA,Italy,Europe,Southern Europe,2016,0.668010320924807,CTS/SDG,observed_official_unodc
ITA,Italy,Europe,Southern Europe,2017,0.622616360456986,CTS/SDG,observed_official_unodc
ITA,Italy,Europe,Southern Europe,2018,0.595578796289962,CTS/SDG,observed_official_unodc
ITA,Italy,Europe,Southern Europe,2019,0.527189893600108,CTS/SDG,observed_official_unodc
ITA,Italy,Europe,Southern Europe,2020,0.475691584209703,CTS/SDG,observed_official_unodc
ITA,Italy,Europe,Southern Europe,2021,0.50728829294141,CTS/SDG,observed_official_unodc
ITA,Italy,Europe,Southern Europe,2022,0.540095240763765,CTS/SDG,observed_official_unodc
ITA,Italy,Europe,Southern Europe,2023,0.568072449338316,CTS/SDG,observed_official_unodc
ITA,Italy,Europe,Southern Europe,2024,0.566201157756669,CTS/SDG,observed_official_unodc
JAM,Jamaica,Americas,Latin America and the Caribbean,2003,36.7007287070841,OAS/CTS/NP,observed_official_unodc
JAM,Jamaica,Americas,Latin America and the Caribbean,2004,55.0477598256135,OAS/CTS/NP,observed_official_unodc
JAM,Jamaica,Americas,Latin America and the Caribbean,2005,62.2984441577624,OAS/CTS/NP,observed_official_unodc
JAM,Jamaica,Americas,Latin America and the Caribbean,2006,49.611852049312,OAS/CTS/NP,observed_official_unodc
JAM,Jamaica,Americas,Latin America and the Caribbean,2007,58.3683288436272,OAS/CTS/NP,observed_official_unodc
JAM,Jamaica,Americas,Latin America and the Caribbean,2008,59.3990133306575,OAS/CTS/NP,observed_official_unodc
JAM,Jamaica,Americas,Latin America and the Caribbean,2009,61.4907955622864,OAS/CTS/NP,observed_official_unodc
JAM,Jamaica,Americas,Latin America and the Caribbean,2010,52.6456053926273,OAS/CTS/NP,observed_official_unodc
JAM,Jamaica,Americas,Latin America and the Caribbean,2011,41.0433859018324,OAS/CTS/NP,observed_official_unodc
JAM,Jamaica,Americas,Latin America and the Caribbean,2012,39.7485238581317,OAS/CTS/NP,observed_official_unodc
JAM,Jamaica,Americas,Latin America and the Caribbean,2013,43.1801420202774,OAS/CTS/NP,observed_official_unodc
JAM,Jamaica,Americas,Latin America and the Caribbean,2014,35.9731672387176,OAS/CTS/NP,observed_official_unodc
JAM,Jamaica,Americas,Latin America and the Caribbean,2015,43.1395301537823,OAS/CTS/NP,observed_official_unodc
JAM,Jamaica,Americas,Latin America and the Caribbean,2016,48.1865109798695,OAS/CTS/NP,observed_official_unodc
JAM,Jamaica,Americas,Latin America and the Caribbean,2017,58.4921283339315,OAS/CTS/NP,observed_official_unodc
JAM,Jamaica,Americas,Latin America and the Caribbean,2018,45.7076395408315,OAS/CTS/NP,observed_official_unodc
JAM,Jamaica,Americas,Latin America and the Caribbean,2019,47.462677157099,OAS/CTS/NP,observed_official_unodc
JAM,Jamaica,Americas,Latin America and the Caribbean,2020,47.0901768054208,OAS/CTS/NP,observed_official_unodc
JAM,Jamaica,Americas,Latin America and the Caribbean,2021,51.9438139904003,OAS/CTS/NP,observed_official_unodc
JAM,Jamaica,Americas,Latin America and the Caribbean,2022,53.1146007388142,OAS/CTS/NP,observed_official_unodc
JAM,Jamaica,Americas,Latin America and the Caribbean,2023,49.4403451527686,OAS/CTS/NP,observed_official_unodc
JAM,Jamaica,Americas,Latin America and the Caribbean,2024,40.3638380867682,OAS/CTS/NP,observed_official_unodc
JOR,Jordan,Asia,Western Asia,2007,1.64049034842404,CTS/SDG,observed_official_unodc
JOR,Jordan,Asia,Western Asia,2008,1.71677110834457,CTS/SDG,observed_official_unodc
JOR,Jordan,Asia,Western Asia,2009,1.4282206743764,CTS/SDG,observed_official_unodc
JOR,Jordan,Asia,Western Asia,2010,1.75413508224255,CTS/SDG,observed_official_unodc
JOR,Jordan,Asia,Western Asia,2011,1.89828811842751,CTS/SDG,observed_official_unodc
JOR,Jordan,Asia,Western Asia,2012,2.21427674702976,CTS/SDG,observed_official_unodc
JOR,Jordan,Asia,Western Asia,2013,2.05210109500865,CTS/SDG,observed_official_unodc
JOR,Jordan,Asia,Western Asia,2014,2.08150620974155,CTS/SDG,observed_official_unodc
JOR,Jordan,Asia,Western Asia,2015,1.77061077375796,CTS/SDG,observed_official_unodc
JOR,Jordan,Asia,Western Asia,2016,1.4790583574967,CTS/SDG,observed_official_unodc
JOR,Jordan,Asia,Western Asia,2017,1.29956090475235,CTS/SDG,observed_official_unodc
JOR,Jordan,Asia,Western Asia,2018,0.898463493612211,CTS/SDG,observed_official_unodc
JOR,Jordan,Asia,Western Asia,2019,1.14319003336944,CTS/SDG,observed_official_unodc
JOR,Jordan,Asia,Western Asia,2020,0.993996674252794,CTS/SDG,observed_official_unodc
JOR,Jordan,Asia,Western Asia,2021,1.03014940057956,CTS/SDG,observed_official_unodc
JOR,Jordan,Asia,Western Asia,2022,1.11937678075855,CTS/SDG,observed_official_unodc
JOR,Jordan,Asia,Western Asia,2023,0.987830151085125,CTS/SDG,observed_official_unodc
JOR,Jordan,Asia,Western Asia,2024,0.839617771367061,CTS/SDG,observed_official_unodc
JPN,Japan,Asia,Eastern Asia,2003,0.545933396760037,CTS/SDG/GSH 2019 Revision/MoI,observed_official_unodc
JPN,Japan,Asia,Eastern Asia,2004,0.546880856818189,CTS/SDG/GSH 2019 Revision/MoI,observed_official_unodc
JPN,Japan,Asia,Eastern Asia,2005,0.502684120166819,CTS/SDG/GSH 2019 Revision/MoI,observed_official_unodc
JPN,Japan,Asia,Eastern Asia,2006,0.48360414937829,CTS/SDG/GSH 2019 Revision/MoI,observed_official_unodc
JPN,Japan,Asia,Eastern Asia,2007,0.448130523589302,CTS/SDG/GSH 2019 Revision/MoI,observed_official_unodc
JPN,Japan,Asia,Eastern Asia,2008,0.510315592739754,CTS/SDG/GSH 2019 Revision/MoI,observed_official_unodc
JPN,Japan,Asia,Eastern Asia,2009,0.394718973722555,CTS/SDG/GSH 2019 Revision/MoI,observed_official_unodc
JPN,Japan,Asia,Eastern Asia,2010,0.362756174607419,CTS/SDG/GSH 2019 Revision/MoI,observed_official_unodc
JPN,Japan,Asia,Eastern Asia,2011,0.345052544691282,CTS/SDG/GSH 2019 Revision/MoI,observed_official_unodc
JPN,Japan,Asia,Eastern Asia,2012,0.335344134410932,CTS/SDG/GSH 2019 Revision/MoI,observed_official_unodc
JPN,Japan,Asia,Eastern Asia,2013,0.289687941924583,CTS/SDG/GSH 2019 Revision/MoI,observed_official_unodc
JPN,Japan,Asia,Eastern Asia,2014,0.309836473839101,CTS/SDG/GSH 2019 Revision/MoI,observed_official_unodc
JPN,Japan,Asia,Eastern Asia,2015,0.285207237530428,CTS/SDG/GSH 2019 Revision/MoI,observed_official_unodc
JPN,Japan,Asia,Eastern Asia,2016,0.284680826905949,CTS/SDG/GSH 2019 Revision/MoI,observed_official_unodc
JPN,Japan,Asia,Eastern Asia,2017,0.240822214259524,CTS/SDG/GSH 2019 Revision/MoI,observed_official_unodc
JPN,Japan,Asia,Eastern Asia,2018,0.26317151259777,CTS/SDG/GSH 2019 Revision/MoI,observed_official_unodc
JPN,Japan,Asia,Eastern Asia,2019,0.251776994076062,CTS/SDG/GSH 2019 Revision/MoI,observed_official_unodc
JPN,Japan,Asia,Eastern Asia,2020,0.251772416452194,CTS/SDG/GSH 2019 Revision/MoI,observed_official_unodc
JPN,Japan,Asia,Eastern Asia,2021,0.226767585297115,CTS/SDG/GSH 2019 Revision/MoI,observed_official_unodc
JPN,Japan,Asia,Eastern Asia,2022,0.231204479818001,CTS/SDG/GSH 2019 Revision/MoI,observed_official_unodc
JPN,Japan,Asia,Eastern Asia,2023,0.229153196964695,CTS/SDG/GSH 2019 Revision/MoI,observed_official_unodc
JPN,Japan,Asia,Eastern Asia,2024,0.22868124913391,CTS/SDG/GSH 2019 Revision/MoI,observed_official_unodc
KAZ,Kazakhstan,Asia,Central Asia,2003,12.6433726548997,TransMonEE/CTS/MoJ,observed_official_unodc
KAZ,Kazakhstan,Asia,Central Asia,2004,13.1922962667978,TransMonEE/CTS/MoJ,observed_official_unodc
KAZ,Kazakhstan,Asia,Central Asia,2008,11.0005007145455,TransMonEE/CTS/MoJ,observed_official_unodc
KAZ,Kazakhstan,Asia,Central Asia,2009,10.6559350790615,TransMonEE/CTS/MoJ,observed_official_unodc
KAZ,Kazakhstan,Asia,Central Asia,2010,8.23790230340836,TransMonEE/CTS/MoJ,observed_official_unodc
KAZ,Kazakhstan,Asia,Central Asia,2011,8.3206363060125,TransMonEE/CTS/MoJ,observed_official_unodc
KAZ,Kazakhstan,Asia,Central Asia,2012,7.31533714170016,TransMonEE/CTS/MoJ,observed_official_unodc
KAZ,Kazakhstan,Asia,Central Asia,2013,6.37940291294929,TransMonEE/CTS/MoJ,observed_official_unodc
KAZ,Kazakhstan,Asia,Central Asia,2014,5.07400953678053,TransMonEE/CTS/MoJ,observed_official_unodc
KAZ,Kazakhstan,Asia,Central Asia,2015,4.71683271705767,TransMonEE/CTS/MoJ,observed_official_unodc
KAZ,Kazakhstan,Asia,Central Asia,2017,4.90565829350323,TransMonEE/CTS/MoJ,observed_official_unodc
KAZ,Kazakhstan,Asia,Central Asia,2020,3.11054491665357,TransMonEE/CTS/MoJ,observed_official_unodc
KAZ,Kazakhstan,Asia,Central Asia,2021,2.84649159527772,TransMonEE/CTS/MoJ,observed_official_unodc
KAZ,Kazakhstan,Asia,Central Asia,2022,2.55058633787163,TransMonEE/CTS/MoJ,observed_official_unodc
KEN,Kenya,Africa,Sub-Saharan Africa,2004,3.45600857857553,CTS,observed_official_unodc
KEN,Kenya,Africa,Sub-Saharan Africa,2005,3.02711294215376,CTS,observed_official_unodc
KEN,Kenya,Africa,Sub-Saharan Africa,2006,2.99685605964534,CTS,observed_official_unodc
KEN,Kenya,Africa,Sub-Saharan Africa,2007,2.8963347284418,CTS,observed_official_unodc
KEN,Kenya,Africa,Sub-Saharan Africa,2008,3.09944678223884,CTS,observed_official_unodc
KEN,Kenya,Africa,Sub-Saharan Africa,2009,4.72044629980071,CTS,observed_official_unodc
KEN,Kenya,Africa,Sub-Saharan Africa,2010,4.62996723697198,CTS,observed_official_unodc
KEN,Kenya,Africa,Sub-Saharan Africa,2011,5.31122951314829,CTS,observed_official_unodc
KEN,Kenya,Africa,Sub-Saharan Africa,2012,5.40918613326198,CTS,observed_official_unodc
KEN,Kenya,Africa,Sub-Saharan Africa,2014,5.00527231064574,CTS,observed_official_unodc
KEN,Kenya,Africa,Sub-Saharan Africa,2015,4.8015943416874,CTS,observed_official_unodc
KEN,Kenya,Africa,Sub-Saharan Africa,2016,4.90863183219284,CTS,observed_official_unodc
KEN,Kenya,Africa,Sub-Saharan Africa,2017,5.01242276948533,CTS,observed_official_unodc
KEN,Kenya,Africa,Sub-Saharan Africa,2018,3.12505555114881,CTS,observed_official_unodc
KEN,Kenya,Africa,Sub-Saharan Africa,2019,3.07795502113628,CTS,observed_official_unodc
KEN,Kenya,Africa,Sub-Saharan Africa,2020,5.20516812678687,CTS,observed_official_unodc
KEN,Kenya,Africa,Sub-Saharan Africa,2021,5.10718267463251,CTS,observed_official_unodc
KEN,Kenya,Africa,Sub-Saharan Africa,2022,5.14262389997961,CTS,observed_official_unodc
KEN,Kenya,Africa,Sub-Saharan Africa,2023,4.74168286643765,CTS,observed_official_unodc
KEN,Kenya,Africa,Sub-Saharan Africa,2024,4.64976623716666,CTS,observed_official_unodc
KHM,Cambodia,Asia,South-eastern Asia,2003,3.90009384744488,JP/WHO,observed_official_unodc
KHM,Cambodia,Asia,South-eastern Asia,2004,3.85813800219876,JP/WHO,observed_official_unodc
KHM,Cambodia,Asia,South-eastern Asia,2005,3.333531261752,JP/WHO,observed_official_unodc
KHM,Cambodia,Asia,South-eastern Asia,2006,2.93276041858556,JP/WHO,observed_official_unodc
KHM,Cambodia,Asia,South-eastern Asia,2007,2.83923226581572,JP/WHO,observed_official_unodc
KHM,Cambodia,Asia,South-eastern Asia,2008,2.3695199469996,JP/WHO,observed_official_unodc
KHM,Cambodia,Asia,South-eastern Asia,2009,2.31844508682262,JP/WHO,observed_official_unodc
KHM,Cambodia,Asia,South-eastern Asia,2010,2.28264433104936,JP/WHO,observed_official_unodc
KHM,Cambodia,Asia,South-eastern Asia,2011,1.82033262639221,JP/WHO,observed_official_unodc
KIR,Kiribati,Oceania,Micronesia,2008,6.71640000959486,WHO,observed_official_unodc
KIR,Kiribati,Oceania,Micronesia,2009,0.939258173894258,WHO,observed_official_unodc
KIR,Kiribati,Oceania,Micronesia,2010,3.67971739770386,WHO,observed_official_unodc
KIR,Kiribati,Oceania,Micronesia,2011,9.94148082875799,WHO,observed_official_unodc
KIR,Kiribati,Oceania,Micronesia,2012,7.12479070927292,WHO,observed_official_unodc
KNA,Saint Kitts and Nevis,Americas,Latin America and the Caribbean,2003,21.6560371617598,OAS/CTS,observed_official_unodc
KNA,Saint Kitts and Nevis,Americas,Latin America and the Caribbean,2004,23.7506612400004,OAS/CTS,observed_official_unodc
KNA,Saint Kitts and Nevis,Americas,Latin America and the Caribbean,2005,17.2276417511898,OAS/CTS,observed_official_unodc
KNA,Saint Kitts and Nevis,Americas,Latin America and the Caribbean,2006,36.5053630673094,OAS/CTS,observed_official_unodc
KNA,Saint Kitts and Nevis,Americas,Latin America and the Caribbean,2007,34.2572073952746,OAS/CTS,observed_official_unodc
KNA,Saint Kitts and Nevis,Americas,Latin America and the Caribbean,2008,49.1085726486602,OAS/CTS,observed_official_unodc
KNA,Saint Kitts and Nevis,Americas,Latin America and the Caribbean,2009,57.5490499078149,OAS/CTS,observed_official_unodc
KNA,Saint Kitts and Nevis,Americas,Latin America and the Caribbean,2010,44.8272549710224,OAS/CTS,observed_official_unodc
KNA,Saint Kitts and Nevis,Americas,Latin America and the Caribbean,2011,72.5170895052842,OAS/CTS,observed_official_unodc
KNA,Saint Kitts and Nevis,Americas,Latin America and the Caribbean,2012,38.271001211915,OAS/CTS,observed_official_unodc
KNA,Saint Kitts and Nevis,Americas,Latin America and the Caribbean,2016,63.728770353376,OAS/CTS,observed_official_unodc
KNA,Saint Kitts and Nevis,Americas,Latin America and the Caribbean,2017,48.8836462949384,OAS/CTS,observed_official_unodc
KNA,Saint Kitts and Nevis,Americas,Latin America and the Caribbean,2018,48.9273216545944,OAS/CTS,observed_official_unodc
KNA,Saint Kitts and Nevis,Americas,Latin America and the Caribbean,2019,25.55828887256,OAS/CTS,observed_official_unodc
KNA,Saint Kitts and Nevis,Americas,Latin America and the Caribbean,2020,21.3356091316407,OAS/CTS,observed_official_unodc
KNA,Saint Kitts and Nevis,Americas,Latin America and the Caribbean,2021,29.9381990034857,OAS/CTS,observed_official_unodc
KNA,Saint Kitts and Nevis,Americas,Latin America and the Caribbean,2022,23.5498132071634,OAS/CTS,observed_official_unodc
KNA,Saint Kitts and Nevis,Americas,Latin America and the Caribbean,2023,64.1601437187219,OAS/CTS,observed_official_unodc
KNA,Saint Kitts and Nevis,Americas,Latin America and the Caribbean,2024,59.7741391456568,OAS/CTS,observed_official_unodc
KOR,Republic of Korea,Asia,Eastern Asia,2003,0.81369986339581,NP Adjusted/SDG Adjusted/GSH 2019 Revision/CTS,observed_official_unodc
KOR,Republic of Korea,Asia,Eastern Asia,2004,0.880428906223651,NP Adjusted/SDG Adjusted/GSH 2019 Revision/CTS,observed_official_unodc
KOR,Republic of Korea,Asia,Eastern Asia,2005,0.858964633866176,NP Adjusted/SDG Adjusted/GSH 2019 Revision/CTS,observed_official_unodc
KOR,Republic of Korea,Asia,Eastern Asia,2006,0.865877155391301,NP Adjusted/SDG Adjusted/GSH 2019 Revision/CTS,observed_official_unodc
KOR,Republic of Korea,Asia,Eastern Asia,2007,0.893348650348504,NP Adjusted/SDG Adjusted/GSH 2019 Revision/CTS,observed_official_unodc
KOR,Republic of Korea,Asia,Eastern Asia,2008,0.888451063800414,NP Adjusted/SDG Adjusted/GSH 2019 Revision/CTS,observed_official_unodc
KOR,Republic of Korea,Asia,Eastern Asia,2009,1.09643755353408,NP Adjusted/SDG Adjusted/GSH 2019 Revision/CTS,observed_official_unodc
KOR,Republic of Korea,Asia,Eastern Asia,2010,0.993727389936438,NP Adjusted/SDG Adjusted/GSH 2019 Revision/CTS,observed_official_unodc
KOR,Republic of Korea,Asia,Eastern Asia,2011,0.820312091704541,NP Adjusted/SDG Adjusted/GSH 2019 Revision/CTS,observed_official_unodc
KOR,Republic of Korea,Asia,Eastern Asia,2012,0.877023564282435,NP Adjusted/SDG Adjusted/GSH 2019 Revision/CTS,observed_official_unodc
KOR,Republic of Korea,Asia,Eastern Asia,2013,0.702999427944201,NP Adjusted/SDG Adjusted/GSH 2019 Revision/CTS,observed_official_unodc
KOR,Republic of Korea,Asia,Eastern Asia,2014,0.745957747469183,NP Adjusted/SDG Adjusted/GSH 2019 Revision/CTS,observed_official_unodc
KOR,Republic of Korea,Asia,Eastern Asia,2015,0.73552614730237,NP Adjusted/SDG Adjusted/GSH 2019 Revision/CTS,observed_official_unodc
KOR,Republic of Korea,Asia,Eastern Asia,2016,0.693986349015599,NP Adjusted/SDG Adjusted/GSH 2019 Revision/CTS,observed_official_unodc
KOR,Republic of Korea,Asia,Eastern Asia,2017,0.584621875068617,NP Adjusted/SDG Adjusted/GSH 2019 Revision/CTS,observed_official_unodc
KOR,Republic of Korea,Asia,Eastern Asia,2018,0.59836299503258,NP Adjusted/SDG Adjusted/GSH 2019 Revision/CTS,observed_official_unodc
KOR,Republic of Korea,Asia,Eastern Asia,2019,0.573715197653771,NP Adjusted/SDG Adjusted/GSH 2019 Revision/CTS,observed_official_unodc
KOR,Republic of Korea,Asia,Eastern Asia,2020,0.593924062354197,NP Adjusted/SDG Adjusted/GSH 2019 Revision/CTS,observed_official_unodc
KOR,Republic of Korea,Asia,Eastern Asia,2021,0.472531479878428,NP Adjusted/SDG Adjusted/GSH 2019 Revision/CTS,observed_official_unodc
KOR,Republic of Korea,Asia,Eastern Asia,2022,0.49630655708926,NP Adjusted/SDG Adjusted/GSH 2019 Revision/CTS,observed_official_unodc
KOR,Republic of Korea,Asia,Eastern Asia,2023,0.477306316584835,NP Adjusted/SDG Adjusted/GSH 2019 Revision/CTS,observed_official_unodc
KOR,Republic of Korea,Asia,Eastern Asia,2024,0.489195262192225,NP Adjusted/SDG Adjusted/GSH 2019 Revision/CTS,observed_official_unodc
KWT,Kuwait,Asia,Western Asia,2003,1.37448510129244,NP/CTS/SAS/NSO/NSO,observed_official_unodc
KWT,Kuwait,Asia,Western Asia,2004,1.99321334034512,NP/CTS/SAS/NSO/NSO,observed_official_unodc
KWT,Kuwait,Asia,Western Asia,2005,1.83298551315547,NP/CTS/SAS/NSO/NSO,observed_official_unodc
KWT,Kuwait,Asia,Western Asia,2006,1.90296284972493,NP/CTS/SAS/NSO/NSO,observed_official_unodc
KWT,Kuwait,Asia,Western Asia,2007,2.35257855568823,NP/CTS/SAS/NSO/NSO,observed_official_unodc
KWT,Kuwait,Asia,Western Asia,2008,1.43319401807446,NP/CTS/SAS/NSO/NSO,observed_official_unodc
KWT,Kuwait,Asia,Western Asia,2009,1.75282705964334,NP/CTS/SAS/NSO/NSO,observed_official_unodc
KWT,Kuwait,Asia,Western Asia,2010,2.03847866298902,NP/CTS/SAS/NSO/NSO,observed_official_unodc
KWT,Kuwait,Asia,Western Asia,2011,1.88329056827335,NP/CTS/SAS/NSO/NSO,observed_official_unodc
KWT,Kuwait,Asia,Western Asia,2012,1.8279755171148,NP/CTS/SAS/NSO/NSO,observed_official_unodc
KWT,Kuwait,Asia,Western Asia,2017,1.10718395103166,NP/CTS/SAS/NSO/NSO,observed_official_unodc
KWT,Kuwait,Asia,Western Asia,2018,0.855810403300653,NP/CTS/SAS/NSO/NSO,observed_official_unodc
KWT,Kuwait,Asia,Western Asia,2019,0.360182418888326,NP/CTS/SAS/NSO/NSO,observed_official_unodc
KWT,Kuwait,Asia,Western Asia,2020,0.249991818449578,NP/CTS/SAS/NSO/NSO,observed_official_unodc
KWT,Kuwait,Asia,Western Asia,2021,1.00900271203877,NP/CTS/SAS/NSO/NSO,observed_official_unodc
KWT,Kuwait,Asia,Western Asia,2022,0.784397377454524,NP/CTS/SAS/NSO/NSO,observed_official_unodc
LBN,Lebanon,Asia,Western Asia,2008,3.71546935666648,CTS/SDG/External,observed_official_unodc
LBN,Lebanon,Asia,Western Asia,2009,2.90448074244136,CTS/SDG/External,observed_official_unodc
LBN,Lebanon,Asia,Western Asia,2010,3.2333006961713,CTS/SDG/External,observed_official_unodc
LBN,Lebanon,Asia,Western Asia,2011,3.29669003490076,CTS/SDG/External,observed_official_unodc
LBN,Lebanon,Asia,Western Asia,2012,3.70530098694703,CTS/SDG/External,observed_official_unodc
LBN,Lebanon,Asia,Western Asia,2013,4.10903820386976,CTS/SDG/External,observed_official_unodc
LBN,Lebanon,Asia,Western Asia,2014,3.78131966638362,CTS/SDG/External,observed_official_unodc
LBN,Lebanon,Asia,Western Asia,2015,3.56896263234324,CTS/SDG/External,observed_official_unodc
LBN,Lebanon,Asia,Western Asia,2016,3.7165552530385,CTS/SDG/External,observed_official_unodc
LBN,Lebanon,Asia,Western Asia,2017,3.99342351327765,CTS/SDG/External,observed_official_unodc
LBN,Lebanon,Asia,Western Asia,2018,2.87427415177788,CTS/SDG/External,observed_official_unodc
LBN,Lebanon,Asia,Western Asia,2019,3.14085853124481,CTS/SDG/External,observed_official_unodc
LBN,Lebanon,Asia,Western Asia,2020,2.24466989542556,CTS/SDG/External,observed_official_unodc
LBN,Lebanon,Asia,Western Asia,2021,3.32276954940534,CTS/SDG/External,observed_official_unodc
LBN,Lebanon,Asia,Western Asia,2022,3.09862227072088,CTS/SDG/External,observed_official_unodc
LBN,Lebanon,Asia,Western Asia,2023,2.73664510692618,CTS/SDG/External,observed_official_unodc
LBN,Lebanon,Asia,Western Asia,2024,2.63522243473368,CTS/SDG/External,observed_official_unodc
LBR,Liberia,Africa,Sub-Saharan Africa,2007,2.72550152294211,UNMIL,observed_official_unodc
LBR,Liberia,Africa,Sub-Saharan Africa,2008,4.63229096754295,UNMIL,observed_official_unodc
LBR,Liberia,Africa,Sub-Saharan Africa,2009,3.67737734519985,UNMIL,observed_official_unodc
LBR,Liberia,Africa,Sub-Saharan Africa,2010,3.17820882063815,UNMIL,observed_official_unodc
LBR,Liberia,Africa,Sub-Saharan Africa,2011,3.81410073040029,UNMIL,observed_official_unodc
LBR,Liberia,Africa,Sub-Saharan Africa,2012,3.08709483452429,UNMIL,observed_official_unodc
LCA,Saint Lucia,Americas,Latin America and the Caribbean,2003,22.0892097278425,OAS/MD/GSH 2019 Revision/CTS,observed_official_unodc
LCA,Saint Lucia,Americas,Latin America and the Caribbean,2004,22.5281449594798,OAS/MD/GSH 2019 Revision/CTS,observed_official_unodc
LCA,Saint Lucia,Americas,Latin America and the Caribbean,2005,24.7809754638122,OAS/MD/GSH 2019 Revision/CTS,observed_official_unodc
LCA,Saint Lucia,Americas,Latin America and the Caribbean,2006,25.8042835110628,OAS/MD/GSH 2019 Revision/CTS,observed_official_unodc
LCA,Saint Lucia,Americas,Latin America and the Caribbean,2007,17.286805994349,OAS/MD/GSH 2019 Revision/CTS,observed_official_unodc
LCA,Saint Lucia,Americas,Latin America and the Caribbean,2008,23.103238896376,OAS/MD/GSH 2019 Revision/CTS,observed_official_unodc
LCA,Saint Lucia,Americas,Latin America and the Caribbean,2009,22.9589358827564,OAS/MD/GSH 2019 Revision/CTS,observed_official_unodc
LCA,Saint Lucia,Americas,Latin America and the Caribbean,2010,25.7450711353869,OAS/MD/GSH 2019 Revision/CTS,observed_official_unodc
LCA,Saint Lucia,Americas,Latin America and the Caribbean,2011,26.7751642889157,OAS/MD/GSH 2019 Revision/CTS,observed_official_unodc
LCA,Saint Lucia,Americas,Latin America and the Caribbean,2012,22.5973642202606,OAS/MD/GSH 2019 Revision/CTS,observed_official_unodc
LCA,Saint Lucia,Americas,Latin America and the Caribbean,2013,19.0345997110202,OAS/MD/GSH 2019 Revision/CTS,observed_official_unodc
LCA,Saint Lucia,Americas,Latin America and the Caribbean,2014,19.5246886817102,OAS/MD/GSH 2019 Revision/CTS,observed_official_unodc
LCA,Saint Lucia,Americas,Latin America and the Caribbean,2015,16.0087361960384,OAS/MD/GSH 2019 Revision/CTS,observed_official_unodc
LCA,Saint Lucia,Americas,Latin America and the Caribbean,2016,17.079808250686,OAS/MD/GSH 2019 Revision/CTS,observed_official_unodc
LCA,Saint Lucia,Americas,Latin America and the Caribbean,2017,27.7869140647152,OAS/MD/GSH 2019 Revision/CTS,observed_official_unodc
LCA,Saint Lucia,Americas,Latin America and the Caribbean,2018,20.9019472706011,OAS/MD/GSH 2019 Revision/CTS,observed_official_unodc
LCA,Saint Lucia,Americas,Latin America and the Caribbean,2019,25.8919349436991,OAS/MD/GSH 2019 Revision/CTS,observed_official_unodc
LCA,Saint Lucia,Americas,Latin America and the Caribbean,2020,29.1724286888396,OAS/MD/GSH 2019 Revision/CTS,observed_official_unodc
LCA,Saint Lucia,Americas,Latin America and the Caribbean,2021,39.2108535642666,OAS/MD/GSH 2019 Revision/CTS,observed_official_unodc
LCA,Saint Lucia,Americas,Latin America and the Caribbean,2022,36.9166745907004,OAS/MD/GSH 2019 Revision/CTS,observed_official_unodc
LCA,Saint Lucia,Americas,Latin America and the Caribbean,2023,39.0440891432332,OAS/MD/GSH 2019 Revision/CTS,observed_official_unodc
LCA,Saint Lucia,Americas,Latin America and the Caribbean,2024,40.6134296928679,OAS/MD/GSH 2019 Revision/CTS,observed_official_unodc
LIE,Liechtenstein,Europe,Western Europe,2003,0.0,Eurostat/CTS/NSO,observed_official_unodc
LIE,Liechtenstein,Europe,Western Europe,2004,2.90794887825872,Eurostat/CTS/NSO,observed_official_unodc
LIE,Liechtenstein,Europe,Western Europe,2007,0.0,Eurostat/CTS/NSO,observed_official_unodc
LIE,Liechtenstein,Europe,Western Europe,2008,2.82139179257128,Eurostat/CTS/NSO,observed_official_unodc
LIE,Liechtenstein,Europe,Western Europe,2009,0.0,Eurostat/CTS/NSO,observed_official_unodc
LIE,Liechtenstein,Europe,Western Europe,2010,2.77789352334125,Eurostat/CTS/NSO,observed_official_unodc
LIE,Liechtenstein,Europe,Western Europe,2011,0.0,Eurostat/CTS/NSO,observed_official_unodc
LIE,Liechtenstein,Europe,Western Europe,2012,0.0,Eurostat/CTS/NSO,observed_official_unodc
LIE,Liechtenstein,Europe,Western Europe,2013,0.0,Eurostat/CTS/NSO,observed_official_unodc
LIE,Liechtenstein,Europe,Western Europe,2014,2.69088462832156,Eurostat/CTS/NSO,observed_official_unodc
LIE,Liechtenstein,Europe,Western Europe,2015,0.0,Eurostat/CTS/NSO,observed_official_unodc
LIE,Liechtenstein,Europe,Western Europe,2016,0.0,Eurostat/CTS/NSO,observed_official_unodc
LIE,Liechtenstein,Europe,Western Europe,2017,2.64197302545541,Eurostat/CTS/NSO,observed_official_unodc
LIE,Liechtenstein,Europe,Western Europe,2018,2.62271004629083,Eurostat/CTS/NSO,observed_official_unodc
LIE,Liechtenstein,Europe,Western Europe,2019,2.60145681581686,Eurostat/CTS/NSO,observed_official_unodc
LIE,Liechtenstein,Europe,Western Europe,2020,2.57951350375319,Eurostat/CTS/NSO,observed_official_unodc
LIE,Liechtenstein,Europe,Western Europe,2021,5.12242598094458,Eurostat/CTS/NSO,observed_official_unodc
LIE,Liechtenstein,Europe,Western Europe,2024,2.50815149235014,Eurostat/CTS/NSO,observed_official_unodc
LKA,Sri Lanka,Asia,Southern Asia,2005,6.02972088501167,NP/CTS/GSH 2019 Revision,observed_official_unodc
LKA,Sri Lanka,Asia,Southern Asia,2006,10.0430361788586,NP/CTS/GSH 2019 Revision,observed_official_unodc
LKA,Sri Lanka,Asia,Southern Asia,2008,9.70460670215069,NP/CTS/GSH 2019 Revision,observed_official_unodc
LKA,Sri Lanka,Asia,Southern Asia,2009,5.2947435337523,NP/CTS/GSH 2019 Revision,observed_official_unodc
LKA,Sri Lanka,Asia,Southern Asia,2010,3.65437400070472,NP/CTS/GSH 2019 Revision,observed_official_unodc
LKA,Sri Lanka,Asia,Southern Asia,2011,3.48421308761825,NP/CTS/GSH 2019 Revision,observed_official_unodc
LKA,Sri Lanka,Asia,Southern Asia,2012,3.19327967678719,NP/CTS/GSH 2019 Revision,observed_official_unodc
LKA,Sri Lanka,Asia,Southern Asia,2013,2.89809922614196,NP/CTS/GSH 2019 Revision,observed_official_unodc
LKA,Sri Lanka,Asia,Southern Asia,2014,2.56642825955881,NP/CTS/GSH 2019 Revision,observed_official_unodc
LKA,Sri Lanka,Asia,Southern Asia,2015,2.24114421871193,NP/CTS/GSH 2019 Revision,observed_official_unodc
LKA,Sri Lanka,Asia,Southern Asia,2016,2.41890147871327,NP/CTS/GSH 2019 Revision,observed_official_unodc
LKA,Sri Lanka,Asia,Southern Asia,2017,2.20033736695316,NP/CTS/GSH 2019 Revision,observed_official_unodc
LKA,Sri Lanka,Asia,Southern Asia,2018,2.3097886777035,NP/CTS/GSH 2019 Revision,observed_official_unodc
LKA,Sri Lanka,Asia,Southern Asia,2019,3.31094038448808,NP/CTS/GSH 2019 Revision,observed_official_unodc
LKA,Sri Lanka,Asia,Southern Asia,2021,2.46251471121266,NP/CTS/GSH 2019 Revision,observed_official_unodc
LKA,Sri Lanka,Asia,Southern Asia,2022,2.50930973618747,NP/CTS/GSH 2019 Revision,observed_official_unodc
LSO,Lesotho,Africa,Sub-Saharan Africa,2007,45.820633466418,CTS/NP,observed_official_unodc
LSO,Lesotho,Africa,Sub-Saharan Africa,2008,38.2397413122181,CTS/NP,observed_official_unodc
LSO,Lesotho,Africa,Sub-Saharan Africa,2023,25.1787605473914,CTS/NP,observed_official_unodc
LSO,Lesotho,Africa,Sub-Saharan Africa,2024,22.2039447297183,CTS/NP,observed_official_unodc
LTU,Lithuania,Europe,Northern Europe,2004,10.1578494263184,CTS,observed_official_unodc
LTU,Lithuania,Europe,Northern Europe,2005,11.1971869776715,CTS,observed_official_unodc
LTU,Lithuania,Europe,Northern Europe,2006,8.80785660809442,CTS,observed_official_unodc
LTU,Lithuania,Europe,Northern Europe,2007,8.57220488869441,CTS,observed_official_unodc
LTU,Lithuania,Europe,Northern Europe,2008,9.31692408317012,CTS,observed_official_unodc
LTU,Lithuania,Europe,Northern Europe,2009,7.96648008664495,CTS,observed_official_unodc
LTU,Lithuania,Europe,Northern Europe,2010,7.06971693208504,CTS,observed_official_unodc
LTU,Lithuania,Europe,Northern Europe,2011,6.96681994220841,CTS,observed_official_unodc
LTU,Lithuania,Europe,Northern Europe,2012,6.75962941837572,CTS,observed_official_unodc
LTU,Lithuania,Europe,Northern Europe,2013,6.69289628495243,CTS,observed_official_unodc
LTU,Lithuania,Europe,Northern Europe,2014,5.42076007920446,CTS,observed_official_unodc
LTU,Lithuania,Europe,Northern Europe,2015,5.91926942449559,CTS,observed_official_unodc
LTU,Lithuania,Europe,Northern Europe,2016,5.33266506558917,CTS,observed_official_unodc
LTU,Lithuania,Europe,Northern Europe,2017,3.53442753319048,CTS,observed_official_unodc
LTU,Lithuania,Europe,Northern Europe,2018,3.28280899974951,CTS,observed_official_unodc
LTU,Lithuania,Europe,Northern Europe,2019,3.36307869103253,CTS,observed_official_unodc
LTU,Lithuania,Europe,Northern Europe,2020,3.6126075712028,CTS,observed_official_unodc
LTU,Lithuania,Europe,Northern Europe,2021,2.57650105788629,CTS,observed_official_unodc
LTU,Lithuania,Europe,Northern Europe,2022,2.37848472418186,CTS,observed_official_unodc
LTU,Lithuania,Europe,Northern Europe,2023,2.62779952622526,CTS,observed_official_unodc
LTU,Lithuania,Europe,Northern Europe,2024,2.65817031491798,CTS,observed_official_unodc
LUX,Luxembourg,Europe,Western Europe,2003,0.6639547802531,UNECE/CTS,observed_official_unodc
LUX,Luxembourg,Europe,Western Europe,2004,0.436399659171866,UNECE/CTS,observed_official_unodc
LUX,Luxembourg,Europe,Western Europe,2005,0.859543131337116,UNECE/CTS,observed_official_unodc
LUX,Luxembourg,Europe,Western Europe,2006,1.48033480943861,UNECE/CTS,observed_official_unodc
LUX,Luxembourg,Europe,Western Europe,2007,1.45751348199971,UNECE/CTS,observed_official_unodc
LUX,Luxembourg,Europe,Western Europe,2008,1.63602360373054,UNECE/CTS,observed_official_unodc
LUX,Luxembourg,Europe,Western Europe,2009,1.00364020301634,UNECE/CTS,observed_official_unodc
LUX,Luxembourg,Europe,Western Europe,2010,1.97079284996354,UNECE/CTS,observed_official_unodc
LUX,Luxembourg,Europe,Western Europe,2011,0.771331163321661,UNECE/CTS,observed_official_unodc
LUX,Luxembourg,Europe,Western Europe,2012,0.0,UNECE/CTS,observed_official_unodc
LUX,Luxembourg,Europe,Western Europe,2013,0.18404224873862,UNECE/CTS,observed_official_unodc
LUX,Luxembourg,Europe,Western Europe,2014,0.719063635334068,UNECE/CTS,observed_official_unodc
LUX,Luxembourg,Europe,Western Europe,2015,0.877907630070794,UNECE/CTS,observed_official_unodc
LUX,Luxembourg,Europe,Western Europe,2016,0.856889217934349,UNECE/CTS,observed_official_unodc
LUX,Luxembourg,Europe,Western Europe,2017,0.335291716366678,UNECE/CTS,observed_official_unodc
LUX,Luxembourg,Europe,Western Europe,2018,0.493339099919257,UNECE/CTS,observed_official_unodc
LUX,Luxembourg,Europe,Western Europe,2019,0.644991719918795,UNECE/CTS,observed_official_unodc
LUX,Luxembourg,Europe,Western Europe,2020,0.475739656230524,UNECE/CTS,observed_official_unodc
LUX,Luxembourg,Europe,Western Europe,2021,0.624732536382861,UNECE/CTS,observed_official_unodc
LUX,Luxembourg,Europe,Western Europe,2022,1.5306610542428,UNECE/CTS,observed_official_unodc
LVA,Latvia,Europe,Northern Europe,2012,3.44042305407829,CTS,observed_official_unodc
LVA,Latvia,Europe,Northern Europe,2013,2.48384260386188,CTS,observed_official_unodc
LVA,Latvia,Europe,Northern Europe,2014,3.20938906771761,CTS,observed_official_unodc
LVA,Latvia,Europe,Northern Europe,2015,3.38748763187818,CTS,observed_official_unodc
LVA,Latvia,Europe,Northern Europe,2016,3.52065424981236,CTS,observed_official_unodc
LVA,Latvia,Europe,Northern Europe,2017,4.16968239374774,CTS,observed_official_unodc
LVA,Latvia,Europe,Northern Europe,2018,4.35777769938389,CTS,observed_official_unodc
LVA,Latvia,Europe,Northern Europe,2019,3.39556267869149,CTS,observed_official_unodc
LVA,Latvia,Europe,Northern Europe,2020,3.68203328189884,CTS,observed_official_unodc
LVA,Latvia,Europe,Northern Europe,2021,1.5379826017044,CTS,observed_official_unodc
LVA,Latvia,Europe,Northern Europe,2022,2.23278008232579,CTS,observed_official_unodc
LVA,Latvia,Europe,Northern Europe,2023,1.80620868297638,CTS,observed_official_unodc
LVA,Latvia,Europe,Northern Europe,2024,2.77796846631833,CTS,observed_official_unodc
MAC,"China, Macao Special Administrative Region",Asia,Eastern Asia,2003,1.70556418997427,NP/CTS/SDG,observed_official_unodc
MAC,"China, Macao Special Administrative Region",Asia,Eastern Asia,2004,0.829531314807134,NP/CTS/SDG,observed_official_unodc
MAC,"China, Macao Special Administrative Region",Asia,Eastern Asia,2005,0.807411227658679,NP/CTS/SDG,observed_official_unodc
MAC,"China, Macao Special Administrative Region",Asia,Eastern Asia,2006,1.9656154882638,NP/CTS/SDG,observed_official_unodc
MAC,"China, Macao Special Administrative Region",Asia,Eastern Asia,2007,1.14881896623525,NP/CTS/SDG,observed_official_unodc
MAC,"China, Macao Special Administrative Region",Asia,Eastern Asia,2008,0.746366129905025,NP/CTS/SDG,observed_official_unodc
MAC,"China, Macao Special Administrative Region",Asia,Eastern Asia,2009,0.909946258573969,NP/CTS/SDG,observed_official_unodc
MAC,"China, Macao Special Administrative Region",Asia,Eastern Asia,2010,0.355362554203895,NP/CTS/SDG,observed_official_unodc
MAC,"China, Macao Special Administrative Region",Asia,Eastern Asia,2011,0.694887797335974,NP/CTS/SDG,observed_official_unodc
MAC,"China, Macao Special Administrative Region",Asia,Eastern Asia,2012,0.680914229490225,NP/CTS/SDG,observed_official_unodc
MAC,"China, Macao Special Administrative Region",Asia,Eastern Asia,2013,0.167016566373219,NP/CTS/SDG,observed_official_unodc
MAC,"China, Macao Special Administrative Region",Asia,Eastern Asia,2014,0.163852768456376,NP/CTS/SDG,observed_official_unodc
MAC,"China, Macao Special Administrative Region",Asia,Eastern Asia,2015,0.160725450392893,NP/CTS/SDG,observed_official_unodc
MAC,"China, Macao Special Administrative Region",Asia,Eastern Asia,2016,0.157651248637302,NP/CTS/SDG,observed_official_unodc
MAC,"China, Macao Special Administrative Region",Asia,Eastern Asia,2017,0.309332005267924,NP/CTS/SDG,observed_official_unodc
MAC,"China, Macao Special Administrative Region",Asia,Eastern Asia,2018,0.303595174051113,NP/CTS/SDG,observed_official_unodc
MAC,"China, Macao Special Administrative Region",Asia,Eastern Asia,2019,0.29807414296232,NP/CTS/SDG,observed_official_unodc
MAC,"China, Macao Special Administrative Region",Asia,Eastern Asia,2020,0.29279726058883,NP/CTS/SDG,observed_official_unodc
MAC,"China, Macao Special Administrative Region",Asia,Eastern Asia,2021,0.432026405453901,NP/CTS/SDG,observed_official_unodc
MAC,"China, Macao Special Administrative Region",Asia,Eastern Asia,2022,0.283947120527744,NP/CTS/SDG,observed_official_unodc
MAC,"China, Macao Special Administrative Region",Asia,Eastern Asia,2023,0.560293537784445,NP/CTS/SDG,observed_official_unodc
MAC,"China, Macao Special Administrative Region",Asia,Eastern Asia,2024,0.138838367149732,NP/CTS/SDG,observed_official_unodc
MAF,Saint Martin (French Part),Americas,Latin America and the Caribbean,2011,21.5816663744149,GOV,observed_official_unodc
MAF,Saint Martin (French Part),Americas,Latin America and the Caribbean,2012,5.36545452106612,GOV,observed_official_unodc
MAF,Saint Martin (French Part),Americas,Latin America and the Caribbean,2013,21.3797987626441,GOV,observed_official_unodc
MAF,Saint Martin (French Part),Americas,Latin America and the Caribbean,2014,21.3615305536642,GOV,observed_official_unodc
MAF,Saint Martin (French Part),Americas,Latin America and the Caribbean,2015,16.0560892718564,GOV,observed_official_unodc
MAF,Saint Martin (French Part),Americas,Latin America and the Caribbean,2016,26.8997982515131,GOV,observed_official_unodc
MAR,Morocco,Africa,Northern Africa,2003,1.7246384434996,UNSDC/CTS/SDG,observed_official_unodc
MAR,Morocco,Africa,Northern Africa,2004,1.56912399329637,UNSDC/CTS/SDG,observed_official_unodc
MAR,Morocco,Africa,Northern Africa,2005,1.54489022780839,UNSDC/CTS/SDG,observed_official_unodc
MAR,Morocco,Africa,Northern Africa,2006,1.61839760600646,UNSDC/CTS/SDG,observed_official_unodc
MAR,Morocco,Africa,Northern Africa,2007,1.65777028677951,UNSDC/CTS/SDG,observed_official_unodc
MAR,Morocco,Africa,Northern Africa,2008,1.34781265903932,UNSDC/CTS/SDG,observed_official_unodc
MAR,Morocco,Africa,Northern Africa,2009,1.34870280078742,UNSDC/CTS/SDG,observed_official_unodc
MAR,Morocco,Africa,Northern Africa,2010,1.38910211811739,UNSDC/CTS/SDG,observed_official_unodc
MAR,Morocco,Africa,Northern Africa,2011,1.33991288287498,UNSDC/CTS/SDG,observed_official_unodc
MAR,Morocco,Africa,Northern Africa,2012,1.14824532150367,UNSDC/CTS/SDG,observed_official_unodc
MAR,Morocco,Africa,Northern Africa,2013,1.26969766486025,UNSDC/CTS/SDG,observed_official_unodc
MAR,Morocco,Africa,Northern Africa,2014,1.03786663735302,UNSDC/CTS/SDG,observed_official_unodc
MAR,Morocco,Africa,Northern Africa,2015,1.24539159959094,UNSDC/CTS/SDG,observed_official_unodc
MAR,Morocco,Africa,Northern Africa,2016,1.69600616957935,UNSDC/CTS/SDG,observed_official_unodc
MAR,Morocco,Africa,Northern Africa,2017,2.14690397826667,UNSDC/CTS/SDG,observed_official_unodc
MAR,Morocco,Africa,Northern Africa,2018,1.42300060045045,UNSDC/CTS/SDG,observed_official_unodc
MAR,Morocco,Africa,Northern Africa,2019,2.77264595868349,UNSDC/CTS/SDG,observed_official_unodc
MAR,Morocco,Africa,Northern Africa,2020,2.93295948896857,UNSDC/CTS/SDG,observed_official_unodc
MAR,Morocco,Africa,Northern Africa,2021,1.93752077304373,UNSDC/CTS/SDG,observed_official_unodc
MAR,Morocco,Africa,Northern Africa,2022,1.65554646642091,UNSDC/CTS/SDG,observed_official_unodc
MAR,Morocco,Africa,Northern Africa,2023,1.70500474577332,UNSDC/CTS/SDG,observed_official_unodc
MAR,Morocco,Africa,Northern Africa,2024,1.66749065213931,UNSDC/CTS/SDG,observed_official_unodc
MCO,Monaco,Europe,Western Europe,2007,0.0,UNSDC,observed_official_unodc
MCO,Monaco,Europe,Western Europe,2008,0.0,UNSDC,observed_official_unodc
MDA,Republic of Moldova,Europe,Eastern Europe,2003,7.78918984978218,UNSDC/CTS/NSO/SDG,observed_official_unodc
MDA,Republic of Moldova,Europe,Eastern Europe,2004,6.84513524022656,UNSDC/CTS/NSO/SDG,observed_official_unodc
MDA,Republic of Moldova,Europe,Eastern Europe,2005,7.42102283004968,UNSDC/CTS/NSO/SDG,observed_official_unodc
MDA,Republic of Moldova,Europe,Eastern Europe,2006,6.68142956581036,UNSDC/CTS/NSO/SDG,observed_official_unodc
MDA,Republic of Moldova,Europe,Eastern Europe,2007,5.6343213777967,UNSDC/CTS/NSO/SDG,observed_official_unodc
MDA,Republic of Moldova,Europe,Eastern Europe,2008,6.2442055888815,UNSDC/CTS/NSO/SDG,observed_official_unodc
MDA,Republic of Moldova,Europe,Eastern Europe,2009,6.63750839806703,UNSDC/CTS/NSO/SDG,observed_official_unodc
MDA,Republic of Moldova,Europe,Eastern Europe,2010,7.29627258213572,UNSDC/CTS/NSO/SDG,observed_official_unodc
MDA,Republic of Moldova,Europe,Eastern Europe,2011,6.07207895051986,UNSDC/CTS/NSO/SDG,observed_official_unodc
MDA,Republic of Moldova,Europe,Eastern Europe,2012,6.57549697046181,UNSDC/CTS/NSO/SDG,observed_official_unodc
MDA,Republic of Moldova,Europe,Eastern Europe,2013,6.71802976908606,UNSDC/CTS/NSO/SDG,observed_official_unodc
MDA,Republic of Moldova,Europe,Eastern Europe,2014,4.81645276331263,UNSDC/CTS/NSO/SDG,observed_official_unodc
MDA,Republic of Moldova,Europe,Eastern Europe,2015,5.74963619861434,UNSDC/CTS/NSO/SDG,observed_official_unodc
MDA,Republic of Moldova,Europe,Eastern Europe,2016,6.17704523511996,UNSDC/CTS/NSO/SDG,observed_official_unodc
MDA,Republic of Moldova,Europe,Eastern Europe,2017,4.41522186881311,UNSDC/CTS/NSO/SDG,observed_official_unodc
MDA,Republic of Moldova,Europe,Eastern Europe,2018,5.26353672252251,UNSDC/CTS/NSO/SDG,observed_official_unodc
MDA,Republic of Moldova,Europe,Eastern Europe,2019,3.88747276359475,UNSDC/CTS/NSO/SDG,observed_official_unodc
MDA,Republic of Moldova,Europe,Eastern Europe,2020,3.03017368760082,UNSDC/CTS/NSO/SDG,observed_official_unodc
MDA,Republic of Moldova,Europe,Eastern Europe,2021,2.18269955950808,UNSDC/CTS/NSO/SDG,observed_official_unodc
MDA,Republic of Moldova,Europe,Eastern Europe,2022,2.46711784221268,UNSDC/CTS/NSO/SDG,observed_official_unodc
MDA,Republic of Moldova,Europe,Eastern Europe,2023,2.54314378217647,UNSDC/CTS/NSO/SDG,observed_official_unodc
MDA,Republic of Moldova,Europe,Eastern Europe,2024,2.00991083738981,UNSDC/CTS/NSO/SDG,observed_official_unodc
MDV,Maldives,Asia,Southern Asia,2007,0.924559062373836,CTS/SDG,observed_official_unodc
MDV,Maldives,Asia,Southern Asia,2008,1.48734271350805,CTS/SDG,observed_official_unodc
MDV,Maldives,Asia,Southern Asia,2009,1.72277654152609,CTS/SDG,observed_official_unodc
MDV,Maldives,Asia,Southern Asia,2010,1.66300804895896,CTS/SDG,observed_official_unodc
MDV,Maldives,Asia,Southern Asia,2011,0.802838838131633,CTS/SDG,observed_official_unodc
MDV,Maldives,Asia,Southern Asia,2012,2.58519510467455,CTS/SDG,observed_official_unodc
MDV,Maldives,Asia,Southern Asia,2013,0.749867835793941,CTS/SDG,observed_official_unodc
MDV,Maldives,Asia,Southern Asia,2015,0.934243286294184,CTS/SDG,observed_official_unodc
MDV,Maldives,Asia,Southern Asia,2019,0.615093155858455,CTS/SDG,observed_official_unodc
MEX,Mexico,Americas,Latin America and the Caribbean,2003,9.79524704840011,NSO/CTS,observed_official_unodc
MEX,Mexico,Americas,Latin America and the Caribbean,2004,8.93632612354424,NSO/CTS,observed_official_unodc
MEX,Mexico,Americas,Latin America and the Caribbean,2005,9.37610715749773,NSO/CTS,observed_official_unodc
MEX,Mexico,Americas,Latin America and the Caribbean,2006,9.74512148491559,NSO/CTS,observed_official_unodc
MEX,Mexico,Americas,Latin America and the Caribbean,2007,8.15173722925145,NSO/CTS,observed_official_unodc
MEX,Mexico,Americas,Latin America and the Caribbean,2008,12.6895495806052,NSO/CTS,observed_official_unodc
MEX,Mexico,Americas,Latin America and the Caribbean,2009,17.6812940453664,NSO/CTS,observed_official_unodc
MEX,Mexico,Americas,Latin America and the Caribbean,2010,22.6686472946558,NSO/CTS,observed_official_unodc
MEX,Mexico,Americas,Latin America and the Caribbean,2011,23.6134785680132,NSO/CTS,observed_official_unodc
MEX,Mexico,Americas,Latin America and the Caribbean,2012,22.2285552341782,NSO/CTS,observed_official_unodc
MEX,Mexico,Americas,Latin America and the Caribbean,2013,19.4881727966757,NSO/CTS,observed_official_unodc
MEX,Mexico,Americas,Latin America and the Caribbean,2014,16.7050327254596,NSO/CTS,observed_official_unodc
MEX,Mexico,Americas,Latin America and the Caribbean,2015,17.1484302942078,NSO/CTS,observed_official_unodc
MEX,Mexico,Americas,Latin America and the Caribbean,2016,20.0889396309777,NSO/CTS,observed_official_unodc
MEX,Mexico,Americas,Latin America and the Caribbean,2017,25.9959360229634,NSO/CTS,observed_official_unodc
MEX,Mexico,Americas,Latin America and the Caribbean,2018,29.4484283285099,NSO/CTS,observed_official_unodc
MEX,Mexico,Americas,Latin America and the Caribbean,2019,29.150867187807,NSO/CTS,observed_official_unodc
MEX,Mexico,Americas,Latin America and the Caribbean,2020,29.0010048931398,NSO/CTS,observed_official_unodc
MEX,Mexico,Americas,Latin America and the Caribbean,2021,27.9675034061893,NSO/CTS,observed_official_unodc
MEX,Mexico,Americas,Latin America and the Caribbean,2022,25.8814968854168,NSO/CTS,observed_official_unodc
MEX,Mexico,Americas,Latin America and the Caribbean,2023,24.8589948436701,NSO/CTS,observed_official_unodc
MEX,Mexico,Americas,Latin America and the Caribbean,2024,25.6378892147758,NSO/CTS,observed_official_unodc
MKD,North Macedonia,Europe,Southern Europe,2003,3.36310320258709,Eurostat/CTS/SDG,observed_official_unodc
MKD,North Macedonia,Europe,Southern Europe,2004,2.34833978367957,Eurostat/CTS/SDG,observed_official_unodc
MKD,North Macedonia,Europe,Southern Europe,2006,2.20176495393285,Eurostat/CTS/SDG,observed_official_unodc
MKD,North Macedonia,Europe,Southern Europe,2007,2.01731819640226,Eurostat/CTS/SDG,observed_official_unodc
MKD,North Macedonia,Europe,Southern Europe,2008,1.69014030096087,Eurostat/CTS/SDG,observed_official_unodc
MKD,North Macedonia,Europe,Southern Europe,2009,1.69853564389181,Eurostat/CTS/SDG,observed_official_unodc
MKD,North Macedonia,Europe,Southern Europe,2010,2.09602218858838,Eurostat/CTS/SDG,observed_official_unodc
MKD,North Macedonia,Europe,Southern Europe,2011,1.47026715489338,Eurostat/CTS/SDG,observed_official_unodc
MKD,North Macedonia,Europe,Southern Europe,2012,1.43048214400664,Eurostat/CTS/SDG,observed_official_unodc
MKD,North Macedonia,Europe,Southern Europe,2013,1.09274417865374,Eurostat/CTS/SDG,observed_official_unodc
MKD,North Macedonia,Europe,Southern Europe,2014,1.75189774323035,Eurostat/CTS/SDG,observed_official_unodc
MKD,North Macedonia,Europe,Southern Europe,2015,1.26239291120934,Eurostat/CTS/SDG,observed_official_unodc
MKD,North Macedonia,Europe,Southern Europe,2016,0.968765224591646,Eurostat/CTS/SDG,observed_official_unodc
MKD,North Macedonia,Europe,Southern Europe,2017,1.59721486945216,Eurostat/CTS/SDG,observed_official_unodc
MKD,North Macedonia,Europe,Southern Europe,2018,1.30226748209447,Eurostat/CTS/SDG,observed_official_unodc
MKD,North Macedonia,Europe,Southern Europe,2019,1.21203114814657,Eurostat/CTS/SDG,observed_official_unodc
MKD,North Macedonia,Europe,Southern Europe,2020,0.587601972312729,Eurostat/CTS/SDG,observed_official_unodc
MKD,North Macedonia,Europe,Southern Europe,2021,0.756303996391349,Eurostat/CTS/SDG,observed_official_unodc
MKD,North Macedonia,Europe,Southern Europe,2022,0.978137007650662,Eurostat/CTS/SDG,observed_official_unodc
MKD,North Macedonia,Europe,Southern Europe,2023,1.52854990019388,Eurostat/CTS/SDG,observed_official_unodc
MKD,North Macedonia,Europe,Southern Europe,2024,1.26165038132011,Eurostat/CTS/SDG,observed_official_unodc
MLT,Malta,Europe,Southern Europe,2004,1.70400258034676,CTS/NSO/SDG,observed_official_unodc
MLT,Malta,Europe,Southern Europe,2005,0.967774324705222,CTS/NSO/SDG,observed_official_unodc
MLT,Malta,Europe,Southern Europe,2006,0.0,CTS/NSO/SDG,observed_official_unodc
MLT,Malta,Europe,Southern Europe,2007,0.958780814316515,CTS/NSO/SDG,observed_official_unodc
MLT,Malta,Europe,Southern Europe,2008,1.43208686084173,CTS/NSO/SDG,observed_official_unodc
MLT,Malta,Europe,Southern Europe,2009,0.950582766647378,CTS/NSO/SDG,observed_official_unodc
MLT,Malta,Europe,Southern Europe,2010,0.946408439124052,CTS/NSO/SDG,observed_official_unodc
MLT,Malta,Europe,Southern Europe,2011,0.70649991698626,CTS/NSO/SDG,observed_official_unodc
MLT,Malta,Europe,Southern Europe,2012,2.81287028800276,CTS/NSO/SDG,observed_official_unodc
MLT,Malta,Europe,Southern Europe,2013,1.63378670914512,CTS/NSO/SDG,observed_official_unodc
MLT,Malta,Europe,Southern Europe,2014,1.3809468462051,CTS/NSO/SDG,observed_official_unodc
MLT,Malta,Europe,Southern Europe,2015,0.898915795186531,CTS/NSO/SDG,observed_official_unodc
MLT,Malta,Europe,Southern Europe,2016,1.09825180278033,CTS/NSO/SDG,observed_official_unodc
MLT,Malta,Europe,Southern Europe,2017,1.92347764758684,CTS/NSO/SDG,observed_official_unodc
MLT,Malta,Europe,Southern Europe,2018,1.65099085247881,CTS/NSO/SDG,observed_official_unodc
MLT,Malta,Europe,Southern Europe,2019,0.992032983112623,CTS/NSO/SDG,observed_official_unodc
MLT,Malta,Europe,Southern Europe,2020,1.35081285163347,CTS/NSO/SDG,observed_official_unodc
MLT,Malta,Europe,Southern Europe,2021,0.38140534520521,CTS/NSO/SDG,observed_official_unodc
MLT,Malta,Europe,Southern Europe,2022,1.51460075124197,CTS/NSO/SDG,observed_official_unodc
MLT,Malta,Europe,Southern Europe,2023,0.562898250512237,CTS/NSO/SDG,observed_official_unodc
MLT,Malta,Europe,Southern Europe,2024,0.926600285022248,CTS/NSO/SDG,observed_official_unodc
MMR,Myanmar,Asia,South-eastern Asia,2003,1.63712444533972,NSO/CTS/SDG,observed_official_unodc
MMR,Myanmar,Asia,South-eastern Asia,2004,1.57854127171045,NSO/CTS/SDG,observed_official_unodc
MMR,Myanmar,Asia,South-eastern Asia,2005,1.42500695375989,NSO/CTS/SDG,observed_official_unodc
MMR,Myanmar,Asia,South-eastern Asia,2006,1.62602866324403,NSO/CTS/SDG,observed_official_unodc
MMR,Myanmar,Asia,South-eastern Asia,2007,1.55636224574386,NSO/CTS/SDG,observed_official_unodc
MMR,Myanmar,Asia,South-eastern Asia,2008,1.63460845088229,NSO/CTS/SDG,observed_official_unodc
MMR,Myanmar,Asia,South-eastern Asia,2009,1.80639479787891,NSO/CTS/SDG,observed_official_unodc
MMR,Myanmar,Asia,South-eastern Asia,2010,1.63388087176703,NSO/CTS/SDG,observed_official_unodc
MMR,Myanmar,Asia,South-eastern Asia,2011,2.13477102911342,NSO/CTS/SDG,observed_official_unodc
MMR,Myanmar,Asia,South-eastern Asia,2012,2.88136755643538,NSO/CTS/SDG,observed_official_unodc
MMR,Myanmar,Asia,South-eastern Asia,2013,2.46306117021369,NSO/CTS/SDG,observed_official_unodc
MMR,Myanmar,Asia,South-eastern Asia,2014,2.42691467314289,NSO/CTS/SDG,observed_official_unodc
MMR,Myanmar,Asia,South-eastern Asia,2015,2.54849103640211,NSO/CTS/SDG,observed_official_unodc
MMR,Myanmar,Asia,South-eastern Asia,2016,2.60021730748139,NSO/CTS/SDG,observed_official_unodc
MMR,Myanmar,Asia,South-eastern Asia,2017,2.68234254369858,NSO/CTS/SDG,observed_official_unodc
MMR,Myanmar,Asia,South-eastern Asia,2018,2.77776467862348,NSO/CTS/SDG,observed_official_unodc
MMR,Myanmar,Asia,South-eastern Asia,2019,2.8855992129134,NSO/CTS/SDG,observed_official_unodc
MMR,Myanmar,Asia,South-eastern Asia,2020,2.96322722719558,NSO/CTS/SDG,observed_official_unodc
MMR,Myanmar,Asia,South-eastern Asia,2021,28.6567343550508,NSO/CTS/SDG,observed_official_unodc
MMR,Myanmar,Asia,South-eastern Asia,2022,3.90276297667527,NSO/CTS/SDG,observed_official_unodc
MNE,Montenegro,Europe,Southern Europe,2007,1.89460172708736,CTS,observed_official_unodc
MNE,Montenegro,Europe,Southern Europe,2008,3.79240081884254,CTS,observed_official_unodc
MNE,Montenegro,Europe,Southern Europe,2009,3.32048621405277,CTS,observed_official_unodc
MNE,Montenegro,Europe,Southern Europe,2010,2.37308541446332,CTS,observed_official_unodc
MNE,Montenegro,Europe,Southern Europe,2011,3.31917415785834,CTS,observed_official_unodc
MNE,Montenegro,Europe,Southern Europe,2012,2.68333491176563,CTS,observed_official_unodc
MNE,Montenegro,Europe,Southern Europe,2013,1.57927361310165,CTS,observed_official_unodc
MNE,Montenegro,Europe,Southern Europe,2014,3.16768705786018,CTS,observed_official_unodc
MNE,Montenegro,Europe,Southern Europe,2015,2.70638148835062,CTS,observed_official_unodc
MNE,Montenegro,Europe,Southern Europe,2016,4.48539323682796,CTS,observed_official_unodc
MNE,Montenegro,Europe,Southern Europe,2017,2.41891202175086,CTS,observed_official_unodc
MNE,Montenegro,Europe,Southern Europe,2018,2.2734838704439,CTS,observed_official_unodc
MNE,Montenegro,Europe,Southern Europe,2019,3.76021900823406,CTS,observed_official_unodc
MNE,Montenegro,Europe,Southern Europe,2020,2.96084285326556,CTS,observed_official_unodc
MNE,Montenegro,Europe,Southern Europe,2021,2.48405855422824,CTS,observed_official_unodc
MNE,Montenegro,Europe,Southern Europe,2022,2.60311804733607,CTS,observed_official_unodc
MNE,Montenegro,Europe,Southern Europe,2023,0.789201202111271,CTS,observed_official_unodc
MNE,Montenegro,Europe,Southern Europe,2024,2.50595752245377,CTS,observed_official_unodc
MNG,Mongolia,Asia,Eastern Asia,2003,13.6013688607961,CTS/SDG,observed_official_unodc
MNG,Mongolia,Asia,Eastern Asia,2004,13.0958385318503,CTS/SDG,observed_official_unodc
MNG,Mongolia,Asia,Eastern Asia,2005,15.5258847316187,CTS/SDG,observed_official_unodc
MNG,Mongolia,Asia,Eastern Asia,2006,12.9992952911794,CTS/SDG,observed_official_unodc
MNG,Mongolia,Asia,Eastern Asia,2007,11.3114993277327,CTS/SDG,observed_official_unodc
MNG,Mongolia,Asia,Eastern Asia,2008,8.04729990312873,CTS/SDG,observed_official_unodc
MNG,Mongolia,Asia,Eastern Asia,2009,8.2166309111906,CTS/SDG,observed_official_unodc
MNG,Mongolia,Asia,Eastern Asia,2010,8.84617719300064,CTS/SDG,observed_official_unodc
MNG,Mongolia,Asia,Eastern Asia,2011,9.68970892806502,CTS/SDG,observed_official_unodc
MNG,Mongolia,Asia,Eastern Asia,2012,7.11868784339173,CTS/SDG,observed_official_unodc
MNG,Mongolia,Asia,Eastern Asia,2013,7.29343322765452,CTS/SDG,observed_official_unodc
MNG,Mongolia,Asia,Eastern Asia,2014,7.31195279430739,CTS/SDG,observed_official_unodc
MNG,Mongolia,Asia,Eastern Asia,2015,7.18959068215609,CTS/SDG,observed_official_unodc
MNG,Mongolia,Asia,Eastern Asia,2016,6.05101532090771,CTS/SDG,observed_official_unodc
MNG,Mongolia,Asia,Eastern Asia,2017,6.15262900871161,CTS/SDG,observed_official_unodc
MNG,Mongolia,Asia,Eastern Asia,2018,6.18744290031966,CTS/SDG,observed_official_unodc
MNG,Mongolia,Asia,Eastern Asia,2019,6.34259904548525,CTS/SDG,observed_official_unodc
MNG,Mongolia,Asia,Eastern Asia,2020,5.13555198295361,CTS/SDG,observed_official_unodc
MNG,Mongolia,Asia,Eastern Asia,2021,6.16826672303943,CTS/SDG,observed_official_unodc
MNG,Mongolia,Asia,Eastern Asia,2022,5.96571485950299,CTS/SDG,observed_official_unodc
MNG,Mongolia,Asia,Eastern Asia,2023,5.91503475082916,CTS/SDG,observed_official_unodc
MNG,Mongolia,Asia,Eastern Asia,2024,5.6394114295908,CTS/SDG,observed_official_unodc
MOZ,Mozambique,Africa,Sub-Saharan Africa,2003,5.38353149868699,WHO/SDG,observed_official_unodc
MOZ,Mozambique,Africa,Sub-Saharan Africa,2004,5.69547466312653,WHO/SDG,observed_official_unodc
MOZ,Mozambique,Africa,Sub-Saharan Africa,2005,5.3633248753027,WHO/SDG,observed_official_unodc
MOZ,Mozambique,Africa,Sub-Saharan Africa,2006,4.30074700463675,WHO/SDG,observed_official_unodc
MOZ,Mozambique,Africa,Sub-Saharan Africa,2007,3.98823072642875,WHO/SDG,observed_official_unodc
MOZ,Mozambique,Africa,Sub-Saharan Africa,2008,4.56023813334375,WHO/SDG,observed_official_unodc
MOZ,Mozambique,Africa,Sub-Saharan Africa,2009,3.67546173099644,WHO/SDG,observed_official_unodc
MOZ,Mozambique,Africa,Sub-Saharan Africa,2010,3.80447436621262,WHO/SDG,observed_official_unodc
MOZ,Mozambique,Africa,Sub-Saharan Africa,2011,3.58999788532633,WHO/SDG,observed_official_unodc
MRT,Mauritania,Africa,Sub-Saharan Africa,2018,1.22184990380814,MoJ,observed_official_unodc
MRT,Mauritania,Africa,Sub-Saharan Africa,2019,1.07437639165317,MoJ,observed_official_unodc
MRT,Mauritania,Africa,Sub-Saharan Africa,2020,0.999971522550119,MoJ,observed_official_unodc
MSR,Montserrat,Americas,Latin America and the Caribbean,2003,0.0,PAHO/WHO/MD/SAS/NSO,observed_official_unodc
MSR,Montserrat,Americas,Latin America and the Caribbean,2004,0.0,PAHO/WHO/MD/SAS/NSO,observed_official_unodc
MSR,Montserrat,Americas,Latin America and the Caribbean,2005,21.9949411635324,PAHO/WHO/MD/SAS/NSO,observed_official_unodc
MSR,Montserrat,Americas,Latin America and the Caribbean,2006,21.8269125832151,PAHO/WHO/MD/SAS/NSO,observed_official_unodc
MSR,Montserrat,Americas,Latin America and the Caribbean,2008,21.381227282446,PAHO/WHO/MD/SAS/NSO,observed_official_unodc
MSR,Montserrat,Americas,Latin America and the Caribbean,2012,20.8507089241034,PAHO/WHO/MD/SAS/NSO,observed_official_unodc
MSR,Montserrat,Americas,Latin America and the Caribbean,2017,0.0,PAHO/WHO/MD/SAS/NSO,observed_official_unodc
MSR,Montserrat,Americas,Latin America and the Caribbean,2018,0.0,PAHO/WHO/MD/SAS/NSO,observed_official_unodc
MTQ,Martinique,Americas,Latin America and the Caribbean,2004,4.69024047356617,NP,observed_official_unodc
MTQ,Martinique,Americas,Latin America and the Caribbean,2005,4.72816768571123,NP,observed_official_unodc
MTQ,Martinique,Americas,Latin America and the Caribbean,2006,5.74353851916594,NP,observed_official_unodc
MTQ,Martinique,Americas,Latin America and the Caribbean,2007,5.73842989073281,NP,observed_official_unodc
MTQ,Martinique,Americas,Latin America and the Caribbean,2008,4.24261784494979,NP,observed_official_unodc
MTQ,Martinique,Americas,Latin America and the Caribbean,2009,2.75329707324521,NP,observed_official_unodc
MUS,Mauritius,Africa,Sub-Saharan Africa,2009,2.97113619375561,CTS/NSO/SDG,observed_official_unodc
MUS,Mauritius,Africa,Sub-Saharan Africa,2010,2.57267916079206,CTS/NSO/SDG,observed_official_unodc
MUS,Mauritius,Africa,Sub-Saharan Africa,2011,2.48781940296999,CTS/NSO/SDG,observed_official_unodc
MUS,Mauritius,Africa,Sub-Saharan Africa,2012,2.17194008548136,CTS/NSO/SDG,observed_official_unodc
MUS,Mauritius,Africa,Sub-Saharan Africa,2013,2.71111133488538,CTS/NSO/SDG,observed_official_unodc
MUS,Mauritius,Africa,Sub-Saharan Africa,2014,1.47058311329411,CTS/NSO/SDG,observed_official_unodc
MUS,Mauritius,Africa,Sub-Saharan Africa,2015,1.62504048091912,CTS/NSO/SDG,observed_official_unodc
MUS,Mauritius,Africa,Sub-Saharan Africa,2016,1.62563423926317,CTS/NSO/SDG,observed_official_unodc
MUS,Mauritius,Africa,Sub-Saharan Africa,2017,2.55684129376169,CTS/NSO/SDG,observed_official_unodc
MUS,Mauritius,Africa,Sub-Saharan Africa,2018,2.87081302588736,CTS/NSO/SDG,observed_official_unodc
MUS,Mauritius,Africa,Sub-Saharan Africa,2019,2.09909272547754,CTS/NSO/SDG,observed_official_unodc
MUS,Mauritius,Africa,Sub-Saharan Africa,2020,2.72750722204948,CTS/NSO/SDG,observed_official_unodc
MUS,Mauritius,Africa,Sub-Saharan Africa,2021,2.65703154091809,CTS/NSO/SDG,observed_official_unodc
MUS,Mauritius,Africa,Sub-Saharan Africa,2022,2.27249663925174,CTS/NSO/SDG,observed_official_unodc
MUS,Mauritius,Africa,Sub-Saharan Africa,2023,1.88443986595351,CTS/NSO/SDG,observed_official_unodc
MUS,Mauritius,Africa,Sub-Saharan Africa,2024,2.67470336359682,CTS/NSO/SDG,observed_official_unodc
MWI,Malawi,Africa,Sub-Saharan Africa,2003,2.46273593215458,NP,observed_official_unodc
MWI,Malawi,Africa,Sub-Saharan Africa,2004,3.28780615094934,NP,observed_official_unodc
MWI,Malawi,Africa,Sub-Saharan Africa,2005,1.55762857746883,NP,observed_official_unodc
MWI,Malawi,Africa,Sub-Saharan Africa,2006,6.2203093403021,NP,observed_official_unodc
MWI,Malawi,Africa,Sub-Saharan Africa,2007,5.08237011984744,NP,observed_official_unodc
MWI,Malawi,Africa,Sub-Saharan Africa,2008,5.58082927903377,NP,observed_official_unodc
MWI,Malawi,Africa,Sub-Saharan Africa,2009,2.22287241240285,NP,observed_official_unodc
MWI,Malawi,Africa,Sub-Saharan Africa,2010,3.50724242187769,NP,observed_official_unodc
MWI,Malawi,Africa,Sub-Saharan Africa,2011,2.24696688131315,NP,observed_official_unodc
MWI,Malawi,Africa,Sub-Saharan Africa,2012,1.77598671180007,NP,observed_official_unodc
MYS,Malaysia,Asia,South-eastern Asia,2003,2.28933999827064,WHO/NP/SDG/CTS,observed_official_unodc
MYS,Malaysia,Asia,South-eastern Asia,2004,1.96778903559431,WHO/NP/SDG/CTS,observed_official_unodc
MYS,Malaysia,Asia,South-eastern Asia,2005,2.33781672263912,WHO/NP/SDG/CTS,observed_official_unodc
MYS,Malaysia,Asia,South-eastern Asia,2006,2.22576283384124,WHO/NP/SDG/CTS,observed_official_unodc
MYS,Malaysia,Asia,South-eastern Asia,2007,2.41495895208709,WHO/NP/SDG/CTS,observed_official_unodc
MYS,Malaysia,Asia,South-eastern Asia,2008,2.16539253688213,WHO/NP/SDG/CTS,observed_official_unodc
MYS,Malaysia,Asia,South-eastern Asia,2009,1.99468244682113,WHO/NP/SDG/CTS,observed_official_unodc
MYS,Malaysia,Asia,South-eastern Asia,2010,1.88443680805509,WHO/NP/SDG/CTS,observed_official_unodc
MYS,Malaysia,Asia,South-eastern Asia,2011,1.81743121597224,WHO/NP/SDG/CTS,observed_official_unodc
MYS,Malaysia,Asia,South-eastern Asia,2012,2.02947587841498,WHO/NP/SDG/CTS,observed_official_unodc
MYS,Malaysia,Asia,South-eastern Asia,2013,2.07792968739967,WHO/NP/SDG/CTS,observed_official_unodc
MYS,Malaysia,Asia,South-eastern Asia,2014,1.66144687296396,WHO/NP/SDG/CTS,observed_official_unodc
MYS,Malaysia,Asia,South-eastern Asia,2015,1.59447772809976,WHO/NP/SDG/CTS,observed_official_unodc
MYS,Malaysia,Asia,South-eastern Asia,2016,1.4344275283881,WHO/NP/SDG/CTS,observed_official_unodc
MYS,Malaysia,Asia,South-eastern Asia,2017,1.1713566700858,WHO/NP/SDG/CTS,observed_official_unodc
MYS,Malaysia,Asia,South-eastern Asia,2018,0.981435762735261,WHO/NP/SDG/CTS,observed_official_unodc
MYS,Malaysia,Asia,South-eastern Asia,2019,0.9270169844912,WHO/NP/SDG/CTS,observed_official_unodc
MYS,Malaysia,Asia,South-eastern Asia,2020,0.746542626101193,WHO/NP/SDG/CTS,observed_official_unodc
MYS,Malaysia,Asia,South-eastern Asia,2021,0.705901601371328,WHO/NP/SDG/CTS,observed_official_unodc
MYS,Malaysia,Asia,South-eastern Asia,2022,0.703261371729175,WHO/NP/SDG/CTS,observed_official_unodc
MYS,Malaysia,Asia,South-eastern Asia,2023,0.754420519919292,WHO/NP/SDG/CTS,observed_official_unodc
MYS,Malaysia,Asia,South-eastern Asia,2024,0.68620912445242,WHO/NP/SDG/CTS,observed_official_unodc
MYT,Mayotte,Africa,Sub-Saharan Africa,2007,14.1538735744559,NP,observed_official_unodc
MYT,Mayotte,Africa,Sub-Saharan Africa,2008,2.54574707493661,NP,observed_official_unodc
MYT,Mayotte,Africa,Sub-Saharan Africa,2009,5.9436688782068,NP,observed_official_unodc
NAM,Namibia,Africa,Sub-Saharan Africa,2004,18.1248783522014,Interpol/NP/CTS,observed_official_unodc
NAM,Namibia,Africa,Sub-Saharan Africa,2008,17.2931273008652,Interpol/NP/CTS,observed_official_unodc
NAM,Namibia,Africa,Sub-Saharan Africa,2009,18.6772510841109,Interpol/NP/CTS,observed_official_unodc
NAM,Namibia,Africa,Sub-Saharan Africa,2010,14.8828532230738,Interpol/NP/CTS,observed_official_unodc
NAM,Namibia,Africa,Sub-Saharan Africa,2011,14.350110071867,Interpol/NP/CTS,observed_official_unodc
NAM,Namibia,Africa,Sub-Saharan Africa,2012,17.6793243946426,Interpol/NP/CTS,observed_official_unodc
NAM,Namibia,Africa,Sub-Saharan Africa,2018,18.4687504668112,Interpol/NP/CTS,observed_official_unodc
NAM,Namibia,Africa,Sub-Saharan Africa,2019,12.0354899812092,Interpol/NP/CTS,observed_official_unodc
NAM,Namibia,Africa,Sub-Saharan Africa,2020,11.1039385450139,Interpol/NP/CTS,observed_official_unodc
NAM,Namibia,Africa,Sub-Saharan Africa,2021,11.2077806904171,Interpol/NP/CTS,observed_official_unodc
NCL,New Caledonia,Oceania,Melanesia,2006,3.23171606142684,NP,observed_official_unodc
NCL,New Caledonia,Oceania,Melanesia,2007,4.78612025127131,NP,observed_official_unodc
NCL,New Caledonia,Oceania,Melanesia,2008,4.33369447453954,NP,observed_official_unodc
NCL,New Caledonia,Oceania,Melanesia,2009,3.10982139906977,NP,observed_official_unodc
NER,Niger,Africa,Sub-Saharan Africa,2011,4.83806653628145,WHO,observed_official_unodc
NER,Niger,Africa,Sub-Saharan Africa,2012,4.41784034939735,WHO,observed_official_unodc
NGA,Nigeria,Africa,Sub-Saharan Africa,2016,32.4390092901434,UNODC Research/UNODC/NSO,observed_official_unodc
NGA,Nigeria,Africa,Sub-Saharan Africa,2019,21.099298161443,UNODC Research/UNODC/NSO,observed_official_unodc
NGA,Nigeria,Africa,Sub-Saharan Africa,2023,15.7466808233499,UNODC Research/UNODC/NSO,observed_official_unodc
NIC,Nicaragua,Americas,Latin America and the Caribbean,2003,12.185846245133,NP/SDG,observed_official_unodc
NIC,Nicaragua,Americas,Latin America and the Caribbean,2004,12.2512960818705,NP/SDG,observed_official_unodc
NIC,Nicaragua,Americas,Latin America and the Caribbean,2005,13.6463048137106,NP/SDG,observed_official_unodc
NIC,Nicaragua,Americas,Latin America and the Caribbean,2006,13.3238467052683,NP/SDG,observed_official_unodc
NIC,Nicaragua,Americas,Latin America and the Caribbean,2007,12.9883276955078,NP/SDG,observed_official_unodc
NIC,Nicaragua,Americas,Latin America and the Caribbean,2008,13.1980225202019,NP/SDG,observed_official_unodc
NIC,Nicaragua,Americas,Latin America and the Caribbean,2009,14.1781256977468,NP/SDG,observed_official_unodc
NIC,Nicaragua,Americas,Latin America and the Caribbean,2010,13.682036444762,NP/SDG,observed_official_unodc
NIC,Nicaragua,Americas,Latin America and the Caribbean,2011,12.682480356333,NP/SDG,observed_official_unodc
NIC,Nicaragua,Americas,Latin America and the Caribbean,2012,11.4042929452756,NP/SDG,observed_official_unodc
NIC,Nicaragua,Americas,Latin America and the Caribbean,2013,9.92672854383165,NP/SDG,observed_official_unodc
NIC,Nicaragua,Americas,Latin America and the Caribbean,2014,8.6540960289815,NP/SDG,observed_official_unodc
NIC,Nicaragua,Americas,Latin America and the Caribbean,2015,8.52113297894743,NP/SDG,observed_official_unodc
NIC,Nicaragua,Americas,Latin America and the Caribbean,2016,7.26815838263741,NP/SDG,observed_official_unodc
NIC,Nicaragua,Americas,Latin America and the Caribbean,2017,6.82368909372622,NP/SDG,observed_official_unodc
NIC,Nicaragua,Americas,Latin America and the Caribbean,2018,10.65611679854,NP/SDG,observed_official_unodc
NIC,Nicaragua,Americas,Latin America and the Caribbean,2019,7.94304819024202,NP/SDG,observed_official_unodc
NIC,Nicaragua,Americas,Latin America and the Caribbean,2021,11.3473196321723,NP/SDG,observed_official_unodc
NIC,Nicaragua,Americas,Latin America and the Caribbean,2023,5.45165735512843,NP/SDG,observed_official_unodc
NLD,Netherlands (Kingdom of the),Europe,Western Europe,2003,1.23419738555447,NSO/CTS,observed_official_unodc
NLD,Netherlands (Kingdom of the),Europe,Western Europe,2004,1.16282145658851,NSO/CTS,observed_official_unodc
NLD,Netherlands (Kingdom of the),Europe,Western Europe,2005,1.05674155563289,NSO/CTS,observed_official_unodc
NLD,Netherlands (Kingdom of the),Europe,Western Europe,2006,0.776046758999861,NSO/CTS,observed_official_unodc
NLD,Netherlands (Kingdom of the),Europe,Western Europe,2007,0.86502275645006,NSO/CTS,observed_official_unodc
NLD,Netherlands (Kingdom of the),Europe,Western Europe,2008,0.903763742179582,NSO/CTS,observed_official_unodc
NLD,Netherlands (Kingdom of the),Europe,Western Europe,2009,0.923031739705049,NSO/CTS,observed_official_unodc
NLD,Netherlands (Kingdom of the),Europe,Western Europe,2010,0.858612976325238,NSO/CTS,observed_official_unodc
NLD,Netherlands (Kingdom of the),Europe,Western Europe,2011,0.848611455055905,NSO/CTS,observed_official_unodc
NLD,Netherlands (Kingdom of the),Europe,Western Europe,2012,0.857217506852641,NSO/CTS,observed_official_unodc
NLD,Netherlands (Kingdom of the),Europe,Western Europe,2013,0.736721493873159,NSO/CTS,observed_official_unodc
NLD,Netherlands (Kingdom of the),Europe,Western Europe,2014,0.722251091061564,NSO/CTS,observed_official_unodc
NLD,Netherlands (Kingdom of the),Europe,Western Europe,2015,0.607922883579319,NSO/CTS,observed_official_unodc
NLD,Netherlands (Kingdom of the),Europe,Western Europe,2016,0.546362553519554,NSO/CTS,observed_official_unodc
NLD,Netherlands (Kingdom of the),Europe,Western Europe,2017,0.762328497745067,NSO/CTS,observed_official_unodc
NLD,Netherlands (Kingdom of the),Europe,Western Europe,2018,0.574010651743461,NSO/CTS,observed_official_unodc
NLD,Netherlands (Kingdom of the),Europe,Western Europe,2019,0.712758090417298,NSO/CTS,observed_official_unodc
NLD,Netherlands (Kingdom of the),Europe,Western Europe,2020,0.686068183497271,NSO/CTS,observed_official_unodc
NLD,Netherlands (Kingdom of the),Europe,Western Europe,2021,0.710637312796065,NSO/CTS,observed_official_unodc
NLD,Netherlands (Kingdom of the),Europe,Western Europe,2022,0.798685419651381,NSO/CTS,observed_official_unodc
NLD,Netherlands (Kingdom of the),Europe,Western Europe,2023,0.690893081283378,NSO/CTS,observed_official_unodc
NLD,Netherlands (Kingdom of the),Europe,Western Europe,2024,0.658301068123655,NSO/CTS,observed_official_unodc
NOR,Norway,Europe,Northern Europe,2004,0.78401608975242,CTS/GSH 2019 Revision/NP,observed_official_unodc
NOR,Norway,Europe,Northern Europe,2005,0.713803047463144,CTS/GSH 2019 Revision/NP,observed_official_unodc
NOR,Norway,Europe,Northern Europe,2006,0.708079443938776,CTS/GSH 2019 Revision/NP,observed_official_unodc
NOR,Norway,Europe,Northern Europe,2007,0.63707658297604,CTS/GSH 2019 Revision/NP,observed_official_unodc
NOR,Norway,Europe,Northern Europe,2008,0.713072143396291,CTS/GSH 2019 Revision/NP,observed_official_unodc
NOR,Norway,Europe,Northern Europe,2009,0.600585363631139,CTS/GSH 2019 Revision/NP,observed_official_unodc
NOR,Norway,Europe,Northern Europe,2010,0.593148682739496,CTS/GSH 2019 Revision/NP,observed_official_unodc
NOR,Norway,Europe,Northern Europe,2011,2.24108049961155,CTS/GSH 2019 Revision/NP,observed_official_unodc
NOR,Norway,Europe,Northern Europe,2012,0.538013921608383,CTS/GSH 2019 Revision/NP,observed_official_unodc
NOR,Norway,Europe,Northern Europe,2013,0.905489619398107,CTS/GSH 2019 Revision/NP,observed_official_unodc
NOR,Norway,Europe,Northern Europe,2014,0.564488422634429,CTS/GSH 2019 Revision/NP,observed_official_unodc
NOR,Norway,Europe,Northern Europe,2015,0.462448150409719,CTS/GSH 2019 Revision/NP,observed_official_unodc
NOR,Norway,Europe,Northern Europe,2016,0.515662484007301,CTS/GSH 2019 Revision/NP,observed_official_unodc
NOR,Norway,Europe,Northern Europe,2017,0.530624369587454,CTS/GSH 2019 Revision/NP,observed_official_unodc
NOR,Norway,Europe,Northern Europe,2018,0.470654459145075,CTS/GSH 2019 Revision/NP,observed_official_unodc
NOR,Norway,Europe,Northern Europe,2019,0.523586594350632,CTS/GSH 2019 Revision/NP,observed_official_unodc
NOR,Norway,Europe,Northern Europe,2020,0.576285998471727,CTS/GSH 2019 Revision/NP,observed_official_unodc
NOR,Norway,Europe,Northern Europe,2021,0.536233629966067,CTS/GSH 2019 Revision/NP,observed_official_unodc
NOR,Norway,Europe,Northern Europe,2022,0.549772609467286,CTS/GSH 2019 Revision/NP,observed_official_unodc
NOR,Norway,Europe,Northern Europe,2023,0.724747049690651,CTS/GSH 2019 Revision/NP,observed_official_unodc
NOR,Norway,Europe,Northern Europe,2024,0.699343334540747,CTS/GSH 2019 Revision/NP,observed_official_unodc
NPL,Nepal,Asia,Southern Asia,2003,2.94681426508019,NSO,observed_official_unodc
NPL,Nepal,Asia,Southern Asia,2004,3.5976952610666,NSO,observed_official_unodc
NPL,Nepal,Asia,Southern Asia,2005,3.33720291767318,NSO,observed_official_unodc
NPL,Nepal,Asia,Southern Asia,2006,2.29621777735944,NSO,observed_official_unodc
NPL,Nepal,Asia,Southern Asia,2007,3.13940777256144,NSO,observed_official_unodc
NPL,Nepal,Asia,Southern Asia,2008,3.30492322037202,NSO,observed_official_unodc
NPL,Nepal,Asia,Southern Asia,2009,2.96617589765324,NSO,observed_official_unodc
NPL,Nepal,Asia,Southern Asia,2010,2.97345260913609,NSO,observed_official_unodc
NPL,Nepal,Asia,Southern Asia,2011,2.47228294102196,NSO,observed_official_unodc
NPL,Nepal,Asia,Southern Asia,2012,2.33158518920432,NSO,observed_official_unodc
NPL,Nepal,Asia,Southern Asia,2013,2.19644830684281,NSO,observed_official_unodc
NPL,Nepal,Asia,Southern Asia,2014,2.01645182571012,NSO,observed_official_unodc
NPL,Nepal,Asia,Southern Asia,2015,2.1492523495048,NSO,observed_official_unodc
NPL,Nepal,Asia,Southern Asia,2016,2.20708210796159,NSO,observed_official_unodc
NPL,Nepal,Asia,Southern Asia,2017,2.24909570287775,NSO,observed_official_unodc
NPL,Nepal,Asia,Southern Asia,2018,2.34689208986609,NSO,observed_official_unodc
NPL,Nepal,Asia,Southern Asia,2019,1.95325811107588,NSO,observed_official_unodc
NPL,Nepal,Asia,Southern Asia,2020,2.13004129984372,NSO,observed_official_unodc
NZL,New Zealand,Oceania,Australia and New Zealand,2003,1.09382358838026,NP/CTS,observed_official_unodc
NZL,New Zealand,Oceania,Australia and New Zealand,2004,1.10188506824525,NP/CTS,observed_official_unodc
NZL,New Zealand,Oceania,Australia and New Zealand,2005,1.47520928927198,NP/CTS,observed_official_unodc
NZL,New Zealand,Oceania,Australia and New Zealand,2006,1.17170499815875,NP/CTS,observed_official_unodc
NZL,New Zealand,Oceania,Australia and New Zealand,2007,1.13656126994621,NP/CTS,observed_official_unodc
NZL,New Zealand,Oceania,Australia and New Zealand,2008,1.19667072126864,NP/CTS,observed_official_unodc
NZL,New Zealand,Oceania,Australia and New Zealand,2009,1.55658150539553,NP/CTS,observed_official_unodc
NZL,New Zealand,Oceania,Australia and New Zealand,2010,0.98901264452666,NP/CTS,observed_official_unodc
NZL,New Zealand,Oceania,Australia and New Zealand,2011,0.889862312060794,NP/CTS,observed_official_unodc
NZL,New Zealand,Oceania,Australia and New Zealand,2012,0.929351914175937,NP/CTS,observed_official_unodc
NZL,New Zealand,Oceania,Australia and New Zealand,2013,1.03281407483097,NP/CTS,observed_official_unodc
NZL,New Zealand,Oceania,Australia and New Zealand,2014,0.950700013685658,NP/CTS,observed_official_unodc
NZL,New Zealand,Oceania,Australia and New Zealand,2015,1.04030555507995,NP/CTS,observed_official_unodc
NZL,New Zealand,Oceania,Australia and New Zealand,2016,1.06049711862933,NP/CTS,observed_official_unodc
NZL,New Zealand,Oceania,Australia and New Zealand,2017,0.727234722175039,NP/CTS,observed_official_unodc
NZL,New Zealand,Oceania,Australia and New Zealand,2018,1.12225498980074,NP/CTS,observed_official_unodc
NZL,New Zealand,Oceania,Australia and New Zealand,2019,2.28484272415384,NP/CTS,observed_official_unodc
NZL,New Zealand,Oceania,Australia and New Zealand,2020,1.02566226716727,NP/CTS,observed_official_unodc
NZL,New Zealand,Oceania,Australia and New Zealand,2021,1.15511953382508,NP/CTS,observed_official_unodc
NZL,New Zealand,Oceania,Australia and New Zealand,2022,1.46149415952832,NP/CTS,observed_official_unodc
OMN,Oman,Asia,Western Asia,2003,1.48066954184488,NSO/CTS/SDG,observed_official_unodc
OMN,Oman,Asia,Western Asia,2004,1.74649173472787,NSO/CTS/SDG,observed_official_unodc
OMN,Oman,Asia,Western Asia,2005,2.15464496735916,NSO/CTS/SDG,observed_official_unodc
OMN,Oman,Asia,Western Asia,2006,4.81152539272585,NSO/CTS/SDG,observed_official_unodc
OMN,Oman,Asia,Western Asia,2007,1.43959124946404,NSO/CTS/SDG,observed_official_unodc
OMN,Oman,Asia,Western Asia,2008,1.78943388784209,NSO/CTS/SDG,observed_official_unodc
OMN,Oman,Asia,Western Asia,2009,1.3782011048703,NSO/CTS/SDG,observed_official_unodc
OMN,Oman,Asia,Western Asia,2010,1.74074125114327,NSO/CTS/SDG,observed_official_unodc
OMN,Oman,Asia,Western Asia,2011,1.10505749061595,NSO/CTS/SDG,observed_official_unodc
OMN,Oman,Asia,Western Asia,2012,1.09948801917507,NSO/CTS/SDG,observed_official_unodc
OMN,Oman,Asia,Western Asia,2013,2.53005219471595,NSO/CTS/SDG,observed_official_unodc
OMN,Oman,Asia,Western Asia,2014,0.29981718647055,NSO/CTS/SDG,observed_official_unodc
OMN,Oman,Asia,Western Asia,2015,0.38232739411622,NSO/CTS/SDG,observed_official_unodc
OMN,Oman,Asia,Western Asia,2016,0.364391855614282,NSO/CTS/SDG,observed_official_unodc
OMN,Oman,Asia,Western Asia,2017,0.374664193442209,NSO/CTS/SDG,observed_official_unodc
OMN,Oman,Asia,Western Asia,2018,0.282739155186279,NSO/CTS/SDG,observed_official_unodc
OMN,Oman,Asia,Western Asia,2019,0.500953881532248,NSO/CTS/SDG,observed_official_unodc
OMN,Oman,Asia,Western Asia,2020,0.30956353421169,NSO/CTS/SDG,observed_official_unodc
OMN,Oman,Asia,Western Asia,2021,0.24442141451561,NSO/CTS/SDG,observed_official_unodc
OMN,Oman,Asia,Western Asia,2022,0.253687667354583,NSO/CTS/SDG,observed_official_unodc
OMN,Oman,Asia,Western Asia,2023,0.138633928990513,NSO/CTS/SDG,observed_official_unodc
PAK,Pakistan,Asia,Southern Asia,2003,5.59271505599106,NSO/NP/CTS/SDG,observed_official_unodc
PAK,Pakistan,Asia,Southern Asia,2004,5.61283467417069,NSO/NP/CTS/SDG,observed_official_unodc
PAK,Pakistan,Asia,Southern Asia,2005,5.5752755168276,NSO/NP/CTS/SDG,observed_official_unodc
PAK,Pakistan,Asia,Southern Asia,2006,5.5920801274736,NSO/NP/CTS/SDG,observed_official_unodc
PAK,Pakistan,Asia,Southern Asia,2007,5.72161914634586,NSO/NP/CTS/SDG,observed_official_unodc
PAK,Pakistan,Asia,Southern Asia,2008,6.36361817693574,NSO/NP/CTS/SDG,observed_official_unodc
PAK,Pakistan,Asia,Southern Asia,2009,6.42618722690055,NSO/NP/CTS/SDG,observed_official_unodc
PAK,Pakistan,Asia,Southern Asia,2010,6.62018826058729,NSO/NP/CTS/SDG,observed_official_unodc
PAK,Pakistan,Asia,Southern Asia,2011,6.80258538196207,NSO/NP/CTS/SDG,observed_official_unodc
PAK,Pakistan,Asia,Southern Asia,2012,6.66740103101875,NSO/NP/CTS/SDG,observed_official_unodc
PAK,Pakistan,Asia,Southern Asia,2013,6.60289823456376,NSO/NP/CTS/SDG,observed_official_unodc
PAK,Pakistan,Asia,Southern Asia,2014,6.19607584212452,NSO/NP/CTS/SDG,observed_official_unodc
PAK,Pakistan,Asia,Southern Asia,2015,4.36557663665432,NSO/NP/CTS/SDG,observed_official_unodc
PAK,Pakistan,Asia,Southern Asia,2016,3.86846723526245,NSO/NP/CTS/SDG,observed_official_unodc
PAK,Pakistan,Asia,Southern Asia,2017,3.68829384464626,NSO/NP/CTS/SDG,observed_official_unodc
PAK,Pakistan,Asia,Southern Asia,2018,3.63153404981254,NSO/NP/CTS/SDG,observed_official_unodc
PAK,Pakistan,Asia,Southern Asia,2019,3.47225684652177,NSO/NP/CTS/SDG,observed_official_unodc
PAK,Pakistan,Asia,Southern Asia,2020,3.55316509010108,NSO/NP/CTS/SDG,observed_official_unodc
PAK,Pakistan,Asia,Southern Asia,2021,3.78657227562101,NSO/NP/CTS/SDG,observed_official_unodc
PAK,Pakistan,Asia,Southern Asia,2022,4.07754321000689,NSO/NP/CTS/SDG,observed_official_unodc
PAK,Pakistan,Asia,Southern Asia,2023,4.33487075793336,NSO/NP/CTS/SDG,observed_official_unodc
PAK,Pakistan,Asia,Southern Asia,2024,4.32882404941659,NSO/NP/CTS/SDG,observed_official_unodc
PAN,Panama,Americas,Latin America and the Caribbean,2003,10.5649025160456,NSO/CTS/PPR,observed_official_unodc
PAN,Panama,Americas,Latin America and the Caribbean,2004,9.47355777770635,NSO/CTS/PPR,observed_official_unodc
PAN,Panama,Americas,Latin America and the Caribbean,2005,10.9869362611305,NSO/CTS/PPR,observed_official_unodc
PAN,Panama,Americas,Latin America and the Caribbean,2006,6.54810061378814,NSO/CTS/PPR,observed_official_unodc
PAN,Panama,Americas,Latin America and the Caribbean,2007,8.11638724767199,NSO/CTS/PPR,observed_official_unodc
PAN,Panama,Americas,Latin America and the Caribbean,2008,14.0831048875658,NSO/CTS/PPR,observed_official_unodc
PAN,Panama,Americas,Latin America and the Caribbean,2009,15.7671135605313,NSO/CTS/PPR,observed_official_unodc
PAN,Panama,Americas,Latin America and the Caribbean,2010,12.677292626363,NSO/CTS/PPR,observed_official_unodc
PAN,Panama,Americas,Latin America and the Caribbean,2011,14.8639320731842,NSO/CTS/PPR,observed_official_unodc
PAN,Panama,Americas,Latin America and the Caribbean,2012,16.9448445310514,NSO/CTS/PPR,observed_official_unodc
PAN,Panama,Americas,Latin America and the Caribbean,2013,17.3318403029072,NSO/CTS/PPR,observed_official_unodc
PAN,Panama,Americas,Latin America and the Caribbean,2014,15.5186126360303,NSO/CTS/PPR,observed_official_unodc
PAN,Panama,Americas,Latin America and the Caribbean,2015,11.8938357734005,NSO/CTS/PPR,observed_official_unodc
PAN,Panama,Americas,Latin America and the Caribbean,2016,10.0519063068018,NSO/CTS/PPR,observed_official_unodc
PAN,Panama,Americas,Latin America and the Caribbean,2017,9.22242063167726,NSO/CTS/PPR,observed_official_unodc
PAN,Panama,Americas,Latin America and the Caribbean,2018,9.62124332136356,NSO/CTS/PPR,observed_official_unodc
PAN,Panama,Americas,Latin America and the Caribbean,2019,11.3349220328569,NSO/CTS/PPR,observed_official_unodc
PAN,Panama,Americas,Latin America and the Caribbean,2020,11.6461589453797,NSO/CTS/PPR,observed_official_unodc
PAN,Panama,Americas,Latin America and the Caribbean,2021,12.6570480772218,NSO/CTS/PPR,observed_official_unodc
PAN,Panama,Americas,Latin America and the Caribbean,2022,11.3389170493456,NSO/CTS/PPR,observed_official_unodc
PAN,Panama,Americas,Latin America and the Caribbean,2023,11.7072934419645,NSO/CTS/PPR,observed_official_unodc
PAN,Panama,Americas,Latin America and the Caribbean,2024,12.7779904982243,NSO/CTS/PPR,observed_official_unodc
PER,Peru,Americas,Latin America and the Caribbean,2011,5.5180019181967,CTS/SDG,observed_official_unodc
PER,Peru,Americas,Latin America and the Caribbean,2012,6.65981599009637,CTS/SDG,observed_official_unodc
PER,Peru,Americas,Latin America and the Caribbean,2013,6.75097413739705,CTS/SDG,observed_official_unodc
PER,Peru,Americas,Latin America and the Caribbean,2014,6.89338555748064,CTS/SDG,observed_official_unodc
PER,Peru,Americas,Latin America and the Caribbean,2015,7.37746900609372,CTS/SDG,observed_official_unodc
PER,Peru,Americas,Latin America and the Caribbean,2016,7.88881315592262,CTS/SDG,observed_official_unodc
PER,Peru,Americas,Latin America and the Caribbean,2017,7.9394377010568,CTS/SDG,observed_official_unodc
PER,Peru,Americas,Latin America and the Caribbean,2018,7.68710269227761,CTS/SDG,observed_official_unodc
PER,Peru,Americas,Latin America and the Caribbean,2019,7.3499267457301,CTS/SDG,observed_official_unodc
PER,Peru,Americas,Latin America and the Caribbean,2020,5.79501314909191,CTS/SDG,observed_official_unodc
PER,Peru,Americas,Latin America and the Caribbean,2021,8.60480803979216,CTS/SDG,observed_official_unodc
PHL,Philippines,Asia,South-eastern Asia,2007,6.54623986266116,CTS/GSH 2019 Revision,observed_official_unodc
PHL,Philippines,Asia,South-eastern Asia,2008,6.27837847973801,CTS/GSH 2019 Revision,observed_official_unodc
PHL,Philippines,Asia,South-eastern Asia,2009,9.62872513157651,CTS/GSH 2019 Revision,observed_official_unodc
PHL,Philippines,Asia,South-eastern Asia,2010,8.97369523950398,CTS/GSH 2019 Revision,observed_official_unodc
PHL,Philippines,Asia,South-eastern Asia,2011,8.64032540631909,CTS/GSH 2019 Revision,observed_official_unodc
PHL,Philippines,Asia,South-eastern Asia,2012,8.46913560836537,CTS/GSH 2019 Revision,observed_official_unodc
PHL,Philippines,Asia,South-eastern Asia,2016,10.4510468515231,CTS/GSH 2019 Revision,observed_official_unodc
PHL,Philippines,Asia,South-eastern Asia,2017,7.64708050157393,CTS/GSH 2019 Revision,observed_official_unodc
PHL,Philippines,Asia,South-eastern Asia,2018,5.16236715828629,CTS/GSH 2019 Revision,observed_official_unodc
PHL,Philippines,Asia,South-eastern Asia,2019,4.2994572517325,CTS/GSH 2019 Revision,observed_official_unodc
PHL,Philippines,Asia,South-eastern Asia,2023,4.34759149828352,CTS/GSH 2019 Revision,observed_official_unodc
PHL,Philippines,Asia,South-eastern Asia,2024,4.31184545651845,CTS/GSH 2019 Revision,observed_official_unodc
PLW,Palau,Oceania,Micronesia,2015,16.8828610821914,NSO,observed_official_unodc
PLW,Palau,Oceania,Micronesia,2016,0.0,NSO,observed_official_unodc
PLW,Palau,Oceania,Micronesia,2017,0.0,NSO,observed_official_unodc
PLW,Palau,Oceania,Micronesia,2018,11.2268096213758,NSO,observed_official_unodc
PNG,Papua New Guinea,Oceania,Melanesia,2003,9.94448560311182,NP,observed_official_unodc
PNG,Papua New Guinea,Oceania,Melanesia,2005,9.22596029165051,NP,observed_official_unodc
PNG,Papua New Guinea,Oceania,Melanesia,2006,9.04009057874364,NP,observed_official_unodc
PNG,Papua New Guinea,Oceania,Melanesia,2007,7.46767591349243,NP,observed_official_unodc
PNG,Papua New Guinea,Oceania,Melanesia,2008,8.39481935232785,NP,observed_official_unodc
PNG,Papua New Guinea,Oceania,Melanesia,2009,9.41073158244219,NP,observed_official_unodc
PNG,Papua New Guinea,Oceania,Melanesia,2010,9.34037927179888,NP,observed_official_unodc
POL,Poland,Europe,Eastern Europe,2008,0.857987263994944,CTS/SDG,observed_official_unodc
POL,Poland,Europe,Eastern Europe,2009,1.01836330071281,CTS/SDG,observed_official_unodc
POL,Poland,Europe,Eastern Europe,2010,1.00799699931893,CTS/SDG,observed_official_unodc
POL,Poland,Europe,Eastern Europe,2011,1.10446216454824,CTS/SDG,observed_official_unodc
POL,Poland,Europe,Eastern Europe,2012,1.0693406632409,CTS/SDG,observed_official_unodc
POL,Poland,Europe,Eastern Europe,2013,0.797192575262003,CTS/SDG,observed_official_unodc
POL,Poland,Europe,Eastern Europe,2014,0.750030452020356,CTS/SDG,observed_official_unodc
POL,Poland,Europe,Eastern Europe,2015,0.778752821607014,CTS/SDG,observed_official_unodc
POL,Poland,Europe,Eastern Europe,2016,0.67950291225801,CTS/SDG,observed_official_unodc
POL,Poland,Europe,Eastern Europe,2017,0.750229542138962,CTS/SDG,observed_official_unodc
POL,Poland,Europe,Eastern Europe,2018,0.713892149018161,CTS/SDG,observed_official_unodc
POL,Poland,Europe,Eastern Europe,2019,0.661855188726895,CTS/SDG,observed_official_unodc
POL,Poland,Europe,Eastern Europe,2020,0.69686389242182,CTS/SDG,observed_official_unodc
POL,Poland,Europe,Eastern Europe,2021,0.717659927064458,CTS/SDG,observed_official_unodc
POL,Poland,Europe,Eastern Europe,2022,0.703386223722305,CTS/SDG,observed_official_unodc
POL,Poland,Europe,Eastern Europe,2023,0.802314721828908,CTS/SDG,observed_official_unodc
POL,Poland,Europe,Eastern Europe,2024,0.677232514498679,CTS/SDG,observed_official_unodc
PRI,Puerto Rico,Americas,Latin America and the Caribbean,2003,21.4921376348086,NSO/SDG/CTS,observed_official_unodc
PRI,Puerto Rico,Americas,Latin America and the Caribbean,2004,22.192056586322,NSO/SDG/CTS,observed_official_unodc
PRI,Puerto Rico,Americas,Latin America and the Caribbean,2005,21.7769172595927,NSO/SDG/CTS,observed_official_unodc
PRI,Puerto Rico,Americas,Latin America and the Caribbean,2006,20.7350481897879,NSO/SDG/CTS,observed_official_unodc
PRI,Puerto Rico,Americas,Latin America and the Caribbean,2007,20.5682169229389,NSO/SDG/CTS,observed_official_unodc
PRI,Puerto Rico,Americas,Latin America and the Caribbean,2008,23.3120906130826,NSO/SDG/CTS,observed_official_unodc
PRI,Puerto Rico,Americas,Latin America and the Caribbean,2009,25.5956168309387,NSO/SDG/CTS,observed_official_unodc
PRI,Puerto Rico,Americas,Latin America and the Caribbean,2010,27.726661419239,NSO/SDG/CTS,observed_official_unodc
PRI,Puerto Rico,Americas,Latin America and the Caribbean,2011,32.0057767848175,NSO/SDG/CTS,observed_official_unodc
PRI,Puerto Rico,Americas,Latin America and the Caribbean,2012,27.8355055997358,NSO/SDG/CTS,observed_official_unodc
PRI,Puerto Rico,Americas,Latin America and the Caribbean,2013,25.6184967764778,NSO/SDG/CTS,observed_official_unodc
PRI,Puerto Rico,Americas,Latin America and the Caribbean,2014,19.7455156433427,NSO/SDG/CTS,observed_official_unodc
PRI,Puerto Rico,Americas,Latin America and the Caribbean,2015,17.4342096389883,NSO/SDG/CTS,observed_official_unodc
PRI,Puerto Rico,Americas,Latin America and the Caribbean,2016,20.2531208577657,NSO/SDG/CTS,observed_official_unodc
PRI,Puerto Rico,Americas,Latin America and the Caribbean,2017,21.5903710503968,NSO/SDG/CTS,observed_official_unodc
PRI,Puerto Rico,Americas,Latin America and the Caribbean,2018,20.1819536860636,NSO/SDG/CTS,observed_official_unodc
PRI,Puerto Rico,Americas,Latin America and the Caribbean,2019,19.2516608739342,NSO/SDG/CTS,observed_official_unodc
PRI,Puerto Rico,Americas,Latin America and the Caribbean,2020,16.9729272652066,NSO/SDG/CTS,observed_official_unodc
PRI,Puerto Rico,Americas,Latin America and the Caribbean,2021,19.4269659812923,NSO/SDG/CTS,observed_official_unodc
PRI,Puerto Rico,Americas,Latin America and the Caribbean,2022,17.6490453393793,NSO/SDG/CTS,observed_official_unodc
PRI,Puerto Rico,Americas,Latin America and the Caribbean,2023,14.5896581532053,NSO/SDG/CTS,observed_official_unodc
PRI,Puerto Rico,Americas,Latin America and the Caribbean,2024,15.205705748312,NSO/SDG/CTS,observed_official_unodc
PRT,Portugal,Europe,Southern Europe,2005,1.28534783916604,SDG/GSH 2023 Revision/CTS,observed_official_unodc
PRT,Portugal,Europe,Southern Europe,2010,1.1721711445495,SDG/GSH 2023 Revision/CTS,observed_official_unodc
PRT,Portugal,Europe,Southern Europe,2011,1.07984686066494,SDG/GSH 2023 Revision/CTS,observed_official_unodc
PRT,Portugal,Europe,Southern Europe,2012,1.16045143463187,SDG/GSH 2023 Revision/CTS,observed_official_unodc
PRT,Portugal,Europe,Southern Europe,2013,1.37689714793445,SDG/GSH 2023 Revision/CTS,observed_official_unodc
PRT,Portugal,Europe,Southern Europe,2014,0.884088459392736,SDG/GSH 2023 Revision/CTS,observed_official_unodc
PRT,Portugal,Europe,Southern Europe,2015,0.96429532624377,SDG/GSH 2023 Revision/CTS,observed_official_unodc
PRT,Portugal,Europe,Southern Europe,2016,0.637904765071273,SDG/GSH 2023 Revision/CTS,observed_official_unodc
PRT,Portugal,Europe,Southern Europe,2017,0.735661094098411,SDG/GSH 2023 Revision/CTS,observed_official_unodc
PRT,Portugal,Europe,Southern Europe,2018,0.784476811591817,SDG/GSH 2023 Revision/CTS,observed_official_unodc
PRT,Portugal,Europe,Southern Europe,2019,0.705776821960449,SDG/GSH 2023 Revision/CTS,observed_official_unodc
PRT,Portugal,Europe,Southern Europe,2020,0.78106023430457,SDG/GSH 2023 Revision/CTS,observed_official_unodc
PRT,Portugal,Europe,Southern Europe,2021,0.789147831496343,SDG/GSH 2023 Revision/CTS,observed_official_unodc
PRT,Portugal,Europe,Southern Europe,2022,0.719971949892832,SDG/GSH 2023 Revision/CTS,observed_official_unodc
PRT,Portugal,Europe,Southern Europe,2023,0.709441652163059,SDG/GSH 2023 Revision/CTS,observed_official_unodc
PRY,Paraguay,Americas,Latin America and the Caribbean,2003,24.1249473264161,OAS/CTS,observed_official_unodc
PRY,Paraguay,Americas,Latin America and the Caribbean,2004,22.4380260884275,OAS/CTS,observed_official_unodc
PRY,Paraguay,Americas,Latin America and the Caribbean,2005,16.2809142348236,OAS/CTS,observed_official_unodc
PRY,Paraguay,Americas,Latin America and the Caribbean,2006,13.4782946324326,OAS/CTS,observed_official_unodc
PRY,Paraguay,Americas,Latin America and the Caribbean,2007,14.0842878975945,OAS/CTS,observed_official_unodc
PRY,Paraguay,Americas,Latin America and the Caribbean,2008,14.8390325698951,OAS/CTS,observed_official_unodc
PRY,Paraguay,Americas,Latin America and the Caribbean,2009,14.4765607993953,OAS/CTS,observed_official_unodc
PRY,Paraguay,Americas,Latin America and the Caribbean,2010,12.9139714270104,OAS/CTS,observed_official_unodc
PRY,Paraguay,Americas,Latin America and the Caribbean,2011,11.2990930113132,OAS/CTS,observed_official_unodc
PRY,Paraguay,Americas,Latin America and the Caribbean,2012,11.0055811353826,OAS/CTS,observed_official_unodc
PRY,Paraguay,Americas,Latin America and the Caribbean,2013,10.0962064841382,OAS/CTS,observed_official_unodc
PRY,Paraguay,Americas,Latin America and the Caribbean,2014,9.52253702792393,OAS/CTS,observed_official_unodc
PRY,Paraguay,Americas,Latin America and the Caribbean,2015,10.0176925113933,OAS/CTS,observed_official_unodc
PRY,Paraguay,Americas,Latin America and the Caribbean,2016,10.7054970567084,OAS/CTS,observed_official_unodc
PRY,Paraguay,Americas,Latin America and the Caribbean,2017,8.53492626715061,OAS/CTS,observed_official_unodc
PRY,Paraguay,Americas,Latin America and the Caribbean,2018,7.73254240471022,OAS/CTS,observed_official_unodc
PRY,Paraguay,Americas,Latin America and the Caribbean,2019,8.50337786708883,OAS/CTS,observed_official_unodc
PRY,Paraguay,Americas,Latin America and the Caribbean,2020,7.28375188027935,OAS/CTS,observed_official_unodc
PRY,Paraguay,Americas,Latin America and the Caribbean,2021,7.85436422886151,OAS/CTS,observed_official_unodc
PRY,Paraguay,Americas,Latin America and the Caribbean,2022,7.57344466296988,OAS/CTS,observed_official_unodc
PRY,Paraguay,Americas,Latin America and the Caribbean,2023,6.7795163925492,OAS/CTS,observed_official_unodc
PRY,Paraguay,Americas,Latin America and the Caribbean,2024,6.88395825579259,OAS/CTS,observed_official_unodc
PSE,State of Palestine,Asia,Western Asia,2004,2.76244882455644,SDG/NSO/CTS,observed_official_unodc
PSE,State of Palestine,Asia,Western Asia,2005,2.33316434289589,SDG/NSO/CTS,observed_official_unodc
PSE,State of Palestine,Asia,Western Asia,2008,1.22746155335782,SDG/NSO/CTS,observed_official_unodc
PSE,State of Palestine,Asia,Western Asia,2009,1.12209231453472,SDG/NSO/CTS,observed_official_unodc
PSE,State of Palestine,Asia,Western Asia,2010,0.970894209748749,SDG/NSO/CTS,observed_official_unodc
PSE,State of Palestine,Asia,Western Asia,2011,0.728879354067116,SDG/NSO/CTS,observed_official_unodc
PSE,State of Palestine,Asia,Western Asia,2012,0.569352738456195,SDG/NSO/CTS,observed_official_unodc
PSE,State of Palestine,Asia,Western Asia,2013,0.55616572858116,SDG/NSO/CTS,observed_official_unodc
PSE,State of Palestine,Asia,Western Asia,2014,0.543492845086536,SDG/NSO/CTS,observed_official_unodc
PSE,State of Palestine,Asia,Western Asia,2015,0.663487089094152,SDG/NSO/CTS,observed_official_unodc
PSE,State of Palestine,Asia,Western Asia,2016,0.410124550508889,SDG/NSO/CTS,observed_official_unodc
PSE,State of Palestine,Asia,Western Asia,2017,0.506036328137148,SDG/NSO/CTS,observed_official_unodc
PSE,State of Palestine,Asia,Western Asia,2018,0.350472648444494,SDG/NSO/CTS,observed_official_unodc
PSE,State of Palestine,Asia,Western Asia,2019,0.322725871803602,SDG/NSO/CTS,observed_official_unodc
PSE,State of Palestine,Asia,Western Asia,2020,0.355051154981407,SDG/NSO/CTS,observed_official_unodc
PSE,State of Palestine,Asia,Western Asia,2021,0.655695277576543,SDG/NSO/CTS,observed_official_unodc
PSE,State of Palestine,Asia,Western Asia,2022,0.622023007311598,SDG/NSO/CTS,observed_official_unodc
PSE,State of Palestine,Asia,Western Asia,2023,0.351253322694671,SDG/NSO/CTS,observed_official_unodc
PSE,State of Palestine,Asia,Western Asia,2024,0.272953427048556,SDG/NSO/CTS,observed_official_unodc
PYF,French Polynesia,Oceania,Polynesia,2006,1.13971803375845,NP,observed_official_unodc
PYF,French Polynesia,Oceania,Polynesia,2007,2.62725286933546,NP,observed_official_unodc
PYF,French Polynesia,Oceania,Polynesia,2008,3.35346655289721,NP,observed_official_unodc
PYF,French Polynesia,Oceania,Polynesia,2009,0.37108298714383,NP,observed_official_unodc
QAT,Qatar,Asia,Western Asia,2004,0.646552420853902,MD/SDG/MoI,observed_official_unodc
QAT,Qatar,Asia,Western Asia,2005,0.726913675972171,MD/SDG/MoI,observed_official_unodc
QAT,Qatar,Asia,Western Asia,2006,0.513963884785744,MD/SDG/MoI,observed_official_unodc
QAT,Qatar,Asia,Western Asia,2007,0.744666327429784,MD/SDG/MoI,observed_official_unodc
QAT,Qatar,Asia,Western Asia,2008,0.840961260769122,MD/SDG/MoI,observed_official_unodc
QAT,Qatar,Asia,Western Asia,2009,0.504397876611039,MD/SDG/MoI,observed_official_unodc
QAT,Qatar,Asia,Western Asia,2010,0.234023576120117,MD/SDG/MoI,observed_official_unodc
QAT,Qatar,Asia,Western Asia,2011,0.220878544410392,MD/SDG/MoI,observed_official_unodc
QAT,Qatar,Asia,Western Asia,2012,0.367046174933158,MD/SDG/MoI,observed_official_unodc
QAT,Qatar,Asia,Western Asia,2013,0.442773711639193,MD/SDG/MoI,observed_official_unodc
QAT,Qatar,Asia,Western Asia,2014,0.405702920880718,MD/SDG/MoI,observed_official_unodc
QAT,Qatar,Asia,Western Asia,2015,0.247185127859597,MD/SDG/MoI,observed_official_unodc
QAT,Qatar,Asia,Western Asia,2016,0.461649967761444,MD/SDG/MoI,observed_official_unodc
QAT,Qatar,Asia,Western Asia,2017,0.443342737741158,MD/SDG/MoI,observed_official_unodc
QAT,Qatar,Asia,Western Asia,2018,0.362168986600472,MD/SDG/MoI,observed_official_unodc
QAT,Qatar,Asia,Western Asia,2019,0.393149056031246,MD/SDG/MoI,observed_official_unodc
QAT,Qatar,Asia,Western Asia,2020,0.428055468854506,MD/SDG/MoI,observed_official_unodc
QAT,Qatar,Asia,Western Asia,2021,0.319717852547547,MD/SDG/MoI,observed_official_unodc
QAT,Qatar,Asia,Western Asia,2022,0.0691454145354033,MD/SDG/MoI,observed_official_unodc
REU,Réunion,Africa,Sub-Saharan Africa,2004,2.8858200214429,NP,observed_official_unodc
REU,Réunion,Africa,Sub-Saharan Africa,2005,3.12412524493142,NP,observed_official_unodc
REU,Réunion,Africa,Sub-Saharan Africa,2006,2.35533442959688,NP,observed_official_unodc
REU,Réunion,Africa,Sub-Saharan Africa,2007,2.93137289628192,NP,observed_official_unodc
REU,Réunion,Africa,Sub-Saharan Africa,2008,2.16740037182957,NP,observed_official_unodc
REU,Réunion,Africa,Sub-Saharan Africa,2009,1.78897810588961,NP,observed_official_unodc
ROU,Romania,Europe,Eastern Europe,2003,3.22319955303114,SDG/CTS,observed_official_unodc
ROU,Romania,Europe,Eastern Europe,2004,2.2753588333156,SDG/CTS,observed_official_unodc
ROU,Romania,Europe,Eastern Europe,2005,2.0411638640929,SDG/CTS,observed_official_unodc
ROU,Romania,Europe,Eastern Europe,2006,1.69711228263622,SDG/CTS,observed_official_unodc
ROU,Romania,Europe,Eastern Europe,2007,1.81594153262399,SDG/CTS,observed_official_unodc
ROU,Romania,Europe,Eastern Europe,2008,1.45761745573163,SDG/CTS,observed_official_unodc
ROU,Romania,Europe,Eastern Europe,2009,1.25383156711961,SDG/CTS,observed_official_unodc
ROU,Romania,Europe,Eastern Europe,2010,1.3018428319408,SDG/CTS,observed_official_unodc
ROU,Romania,Europe,Eastern Europe,2011,1.01074789871675,SDG/CTS,observed_official_unodc
ROU,Romania,Europe,Eastern Europe,2012,1.05166802858503,SDG/CTS,observed_official_unodc
ROU,Romania,Europe,Eastern Europe,2013,1.0865815600829,SDG/CTS,observed_official_unodc
ROU,Romania,Europe,Eastern Europe,2014,1.62758998394145,SDG/CTS,observed_official_unodc
ROU,Romania,Europe,Eastern Europe,2015,1.70600204986966,SDG/CTS,observed_official_unodc
ROU,Romania,Europe,Eastern Europe,2016,1.54724790736617,SDG/CTS,observed_official_unodc
ROU,Romania,Europe,Eastern Europe,2017,1.29511300787888,SDG/CTS,observed_official_unodc
ROU,Romania,Europe,Eastern Europe,2018,1.27564870308368,SDG/CTS,observed_official_unodc
ROU,Romania,Europe,Eastern Europe,2019,1.25118311157138,SDG/CTS,observed_official_unodc
ROU,Romania,Europe,Eastern Europe,2020,1.44901611032613,SDG/CTS,observed_official_unodc
ROU,Romania,Europe,Eastern Europe,2021,1.26765356960595,SDG/CTS,observed_official_unodc
ROU,Romania,Europe,Eastern Europe,2022,1.28868853637199,SDG/CTS,observed_official_unodc
ROU,Romania,Europe,Eastern Europe,2023,1.10887485110282,SDG/CTS,observed_official_unodc
ROU,Romania,Europe,Eastern Europe,2024,1.12016310416234,SDG/CTS,observed_official_unodc
RUS,Russian Federation,Europe,Eastern Europe,2003,28.6458525438416,NSO/GSH 2019 Revision/CTS/GSH 2023 Revision/SDG,observed_official_unodc
RUS,Russian Federation,Europe,Eastern Europe,2004,27.039519153371,NSO/GSH 2019 Revision/CTS/GSH 2023 Revision/SDG,observed_official_unodc
RUS,Russian Federation,Europe,Eastern Europe,2005,24.6448972080224,NSO/GSH 2019 Revision/CTS/GSH 2023 Revision/SDG,observed_official_unodc
RUS,Russian Federation,Europe,Eastern Europe,2006,20.0162456079663,NSO/GSH 2019 Revision/CTS/GSH 2023 Revision/SDG,observed_official_unodc
RUS,Russian Federation,Europe,Eastern Europe,2007,17.6400957311458,NSO/GSH 2019 Revision/CTS/GSH 2023 Revision/SDG,observed_official_unodc
RUS,Russian Federation,Europe,Eastern Europe,2008,12.6470810308557,NSO/GSH 2019 Revision/CTS/GSH 2023 Revision/SDG,observed_official_unodc
RUS,Russian Federation,Europe,Eastern Europe,2009,12.2743494414076,NSO/GSH 2019 Revision/CTS/GSH 2023 Revision/SDG,observed_official_unodc
RUS,Russian Federation,Europe,Eastern Europe,2010,11.5955549228756,NSO/GSH 2019 Revision/CTS/GSH 2023 Revision/SDG,observed_official_unodc
RUS,Russian Federation,Europe,Eastern Europe,2011,11.2292273482455,NSO/GSH 2019 Revision/CTS/GSH 2023 Revision/SDG,observed_official_unodc
RUS,Russian Federation,Europe,Eastern Europe,2012,11.2598822758413,NSO/GSH 2019 Revision/CTS/GSH 2023 Revision/SDG,observed_official_unodc
RUS,Russian Federation,Europe,Eastern Europe,2013,11.0875143078155,NSO/GSH 2019 Revision/CTS/GSH 2023 Revision/SDG,observed_official_unodc
RUS,Russian Federation,Europe,Eastern Europe,2014,11.3961892650078,NSO/GSH 2019 Revision/CTS/GSH 2023 Revision/SDG,observed_official_unodc
RUS,Russian Federation,Europe,Eastern Europe,2015,11.4556968970425,NSO/GSH 2019 Revision/CTS/GSH 2023 Revision/SDG,observed_official_unodc
RUS,Russian Federation,Europe,Eastern Europe,2016,10.8822499466091,NSO/GSH 2019 Revision/CTS/GSH 2023 Revision/SDG,observed_official_unodc
RUS,Russian Federation,Europe,Eastern Europe,2017,9.09316032017364,NSO/GSH 2019 Revision/CTS/GSH 2023 Revision/SDG,observed_official_unodc
RUS,Russian Federation,Europe,Eastern Europe,2018,8.17044875503453,NSO/GSH 2019 Revision/CTS/GSH 2023 Revision/SDG,observed_official_unodc
RUS,Russian Federation,Europe,Eastern Europe,2019,7.64469087376708,NSO/GSH 2019 Revision/CTS/GSH 2023 Revision/SDG,observed_official_unodc
RUS,Russian Federation,Europe,Eastern Europe,2020,7.30812673633554,NSO/GSH 2019 Revision/CTS/GSH 2023 Revision/SDG,observed_official_unodc
RUS,Russian Federation,Europe,Eastern Europe,2021,6.76512531955806,NSO/GSH 2019 Revision/CTS/GSH 2023 Revision/SDG,observed_official_unodc
RUS,Russian Federation,Europe,Eastern Europe,2022,6.43358050413265,NSO/GSH 2019 Revision/CTS/GSH 2023 Revision/SDG,observed_official_unodc
RUS,Russian Federation,Europe,Eastern Europe,2023,6.04508370761554,NSO/GSH 2019 Revision/CTS/GSH 2023 Revision/SDG,observed_official_unodc
RUS,Russian Federation,Europe,Eastern Europe,2024,7.82141065835721,NSO/GSH 2019 Revision/CTS/GSH 2023 Revision/SDG,observed_official_unodc
RWA,Rwanda,Africa,Sub-Saharan Africa,2006,3.43038564632014,NSO/External,observed_official_unodc
RWA,Rwanda,Africa,Sub-Saharan Africa,2007,2.80630226378016,NSO/External,observed_official_unodc
RWA,Rwanda,Africa,Sub-Saharan Africa,2008,1.46874802541362,NSO/External,observed_official_unodc
RWA,Rwanda,Africa,Sub-Saharan Africa,2010,2.82043606558473,NSO/External,observed_official_unodc
RWA,Rwanda,Africa,Sub-Saharan Africa,2012,2.36382585584116,NSO/External,observed_official_unodc
RWA,Rwanda,Africa,Sub-Saharan Africa,2013,3.23617593979811,NSO/External,observed_official_unodc
RWA,Rwanda,Africa,Sub-Saharan Africa,2014,3.76602860932266,NSO/External,observed_official_unodc
RWA,Rwanda,Africa,Sub-Saharan Africa,2015,2.51717737303246,NSO/External,observed_official_unodc
RWA,Rwanda,Africa,Sub-Saharan Africa,2016,3.28881602035978,NSO/External,observed_official_unodc
RWA,Rwanda,Africa,Sub-Saharan Africa,2017,3.85180847120042,NSO/External,observed_official_unodc
RWA,Rwanda,Africa,Sub-Saharan Africa,2018,2.28219163427022,NSO/External,observed_official_unodc
RWA,Rwanda,Africa,Sub-Saharan Africa,2019,3.16215359253131,NSO/External,observed_official_unodc
RWA,Rwanda,Africa,Sub-Saharan Africa,2020,3.61247427164444,NSO/External,observed_official_unodc
SAU,Saudi Arabia,Asia,Western Asia,2003,1.33072394336726,NSO/SDG,observed_official_unodc
SAU,Saudi Arabia,Asia,Western Asia,2004,1.53028956535709,NSO/SDG,observed_official_unodc
SAU,Saudi Arabia,Asia,Western Asia,2005,1.4445602578613,NSO/SDG,observed_official_unodc
SAU,Saudi Arabia,Asia,Western Asia,2006,1.18830462202966,NSO/SDG,observed_official_unodc
SAU,Saudi Arabia,Asia,Western Asia,2007,1.1847116316888,NSO/SDG,observed_official_unodc
SAU,Saudi Arabia,Asia,Western Asia,2022,0.811179949347251,NSO/SDG,observed_official_unodc
SAU,Saudi Arabia,Asia,Western Asia,2023,0.61928268306447,NSO/SDG,observed_official_unodc
SAU,Saudi Arabia,Asia,Western Asia,2024,0.800877278615474,NSO/SDG,observed_official_unodc
SGP,Singapore,Asia,South-eastern Asia,2003,0.652450495318668,GSH 2019 Revision/CTS/SDG,observed_official_unodc
SGP,Singapore,Asia,South-eastern Asia,2004,0.479298211558636,GSH 2019 Revision/CTS/SDG,observed_official_unodc
SGP,Singapore,Asia,South-eastern Asia,2006,0.385744866530007,GSH 2019 Revision/CTS/SDG,observed_official_unodc
SGP,Singapore,Asia,South-eastern Asia,2007,0.391601028170255,GSH 2019 Revision/CTS/SDG,observed_official_unodc
SGP,Singapore,Asia,South-eastern Asia,2008,0.561711146908061,GSH 2019 Revision/CTS/SDG,observed_official_unodc
SGP,Singapore,Asia,South-eastern Asia,2009,0.402530508038786,GSH 2019 Revision/CTS/SDG,observed_official_unodc
SGP,Singapore,Asia,South-eastern Asia,2010,0.374235722020857,GSH 2019 Revision/CTS/SDG,observed_official_unodc
SGP,Singapore,Asia,South-eastern Asia,2011,0.30874685632986,GSH 2019 Revision/CTS/SDG,observed_official_unodc
SGP,Singapore,Asia,South-eastern Asia,2012,0.20780832213766,GSH 2019 Revision/CTS/SDG,observed_official_unodc
SGP,Singapore,Asia,South-eastern Asia,2013,0.315657239686991,GSH 2019 Revision/CTS/SDG,observed_official_unodc
SGP,Singapore,Asia,South-eastern Asia,2014,0.256508913684751,GSH 2019 Revision/CTS/SDG,observed_official_unodc
SGP,Singapore,Asia,South-eastern Asia,2015,0.253378095590325,GSH 2019 Revision/CTS/SDG,observed_official_unodc
SGP,Singapore,Asia,South-eastern Asia,2016,0.32270038551043,GSH 2019 Revision/CTS/SDG,observed_official_unodc
SGP,Singapore,Asia,South-eastern Asia,2017,0.196285615913482,GSH 2019 Revision/CTS/SDG,observed_official_unodc
SGP,Singapore,Asia,South-eastern Asia,2018,0.159733932962686,GSH 2019 Revision/CTS/SDG,observed_official_unodc
SGP,Singapore,Asia,South-eastern Asia,2019,0.211656543163604,GSH 2019 Revision/CTS/SDG,observed_official_unodc
SGP,Singapore,Asia,South-eastern Asia,2020,0.177931178177524,GSH 2019 Revision/CTS/SDG,observed_official_unodc
SGP,Singapore,Asia,South-eastern Asia,2021,0.108180423309996,GSH 2019 Revision/CTS/SDG,observed_official_unodc
SGP,Singapore,Asia,South-eastern Asia,2022,0.123896338057884,GSH 2019 Revision/CTS/SDG,observed_official_unodc
SGP,Singapore,Asia,South-eastern Asia,2023,0.0690954942050905,GSH 2019 Revision/CTS/SDG,observed_official_unodc
SGP,Singapore,Asia,South-eastern Asia,2024,0.171456386553224,GSH 2019 Revision/CTS/SDG,observed_official_unodc
SHN,Saint Helena,Africa,Sub-Saharan Africa,2003,0.0,NSO,observed_official_unodc
SHN,Saint Helena,Africa,Sub-Saharan Africa,2004,17.6959830118563,NSO,observed_official_unodc
SHN,Saint Helena,Africa,Sub-Saharan Africa,2005,0.0,NSO,observed_official_unodc
SHN,Saint Helena,Africa,Sub-Saharan Africa,2006,0.0,NSO,observed_official_unodc
SHN,Saint Helena,Africa,Sub-Saharan Africa,2007,0.0,NSO,observed_official_unodc
SHN,Saint Helena,Africa,Sub-Saharan Africa,2008,0.0,NSO,observed_official_unodc
SHN,Saint Helena,Africa,Sub-Saharan Africa,2009,0.0,NSO,observed_official_unodc
SLB,Solomon Islands,Oceania,Melanesia,2004,4.21397734144383,CTS,observed_official_unodc
SLB,Solomon Islands,Oceania,Melanesia,2005,5.38212575336823,CTS,observed_official_unodc
SLB,Solomon Islands,Oceania,Melanesia,2006,4.6786623500921,CTS,observed_official_unodc
SLB,Solomon Islands,Oceania,Melanesia,2007,5.19838330279283,CTS,observed_official_unodc
SLB,Solomon Islands,Oceania,Melanesia,2008,3.73435012480591,CTS,observed_official_unodc
SLE,Sierra Leone,Africa,Sub-Saharan Africa,2004,2.09122346188414,UNSDC/NP/SDG,observed_official_unodc
SLE,Sierra Leone,Africa,Sub-Saharan Africa,2005,1.79943971990539,UNSDC/NP/SDG,observed_official_unodc
SLE,Sierra Leone,Africa,Sub-Saharan Africa,2006,1.79572602981332,UNSDC/NP/SDG,observed_official_unodc
SLE,Sierra Leone,Africa,Sub-Saharan Africa,2007,2.33069723938478,UNSDC/NP/SDG,observed_official_unodc
SLE,Sierra Leone,Africa,Sub-Saharan Africa,2008,3.12143616599424,UNSDC/NP/SDG,observed_official_unodc
SLE,Sierra Leone,Africa,Sub-Saharan Africa,2009,2.60913512702566,UNSDC/NP/SDG,observed_official_unodc
SLE,Sierra Leone,Africa,Sub-Saharan Africa,2010,2.61943582816115,UNSDC/NP/SDG,observed_official_unodc
SLE,Sierra Leone,Africa,Sub-Saharan Africa,2011,2.92770708400218,UNSDC/NP/SDG,observed_official_unodc
SLE,Sierra Leone,Africa,Sub-Saharan Africa,2012,1.72490642764247,UNSDC/NP/SDG,observed_official_unodc
SLE,Sierra Leone,Africa,Sub-Saharan Africa,2015,1.76195053608056,UNSDC/NP/SDG,observed_official_unodc
SLE,Sierra Leone,Africa,Sub-Saharan Africa,2020,2.22431228940123,UNSDC/NP/SDG,observed_official_unodc
SLV,El Salvador,Americas,Latin America and the Caribbean,2003,55.9464014802791,OAS/CTS/SDG,observed_official_unodc
SLV,El Salvador,Americas,Latin America and the Caribbean,2004,64.8994757581223,OAS/CTS/SDG,observed_official_unodc
SLV,El Salvador,Americas,Latin America and the Caribbean,2005,64.6399118153084,OAS/CTS/SDG,observed_official_unodc
SLV,El Salvador,Americas,Latin America and the Caribbean,2006,65.4247078983383,OAS/CTS/SDG,observed_official_unodc
SLV,El Salvador,Americas,Latin America and the Caribbean,2007,58.1880552418794,OAS/CTS/SDG,observed_official_unodc
SLV,El Salvador,Americas,Latin America and the Caribbean,2008,52.7258860134014,OAS/CTS/SDG,observed_official_unodc
SLV,El Salvador,Americas,Latin America and the Caribbean,2009,72.4503614995274,OAS/CTS/SDG,observed_official_unodc
SLV,El Salvador,Americas,Latin America and the Caribbean,2010,65.7026379683301,OAS/CTS/SDG,observed_official_unodc
SLV,El Salvador,Americas,Latin America and the Caribbean,2011,71.7719022936632,OAS/CTS/SDG,observed_official_unodc
SLV,El Salvador,Americas,Latin America and the Caribbean,2012,42.4273897096406,OAS/CTS/SDG,observed_official_unodc
SLV,El Salvador,Americas,Latin America and the Caribbean,2013,40.9360792814407,OAS/CTS/SDG,observed_official_unodc
SLV,El Salvador,Americas,Latin America and the Caribbean,2014,63.6220773963139,OAS/CTS/SDG,observed_official_unodc
SLV,El Salvador,Americas,Latin America and the Caribbean,2015,107.638231074992,OAS/CTS/SDG,observed_official_unodc
SLV,El Salvador,Americas,Latin America and the Caribbean,2016,85.0858022421141,OAS/CTS/SDG,observed_official_unodc
SLV,El Salvador,Americas,Latin America and the Caribbean,2017,63.764040219627,OAS/CTS/SDG,observed_official_unodc
SLV,El Salvador,Americas,Latin America and the Caribbean,2018,53.7958771232068,OAS/CTS/SDG,observed_official_unodc
SLV,El Salvador,Americas,Latin America and the Caribbean,2019,38.5386955905095,OAS/CTS/SDG,observed_official_unodc
SLV,El Salvador,Americas,Latin America and the Caribbean,2020,21.5087446038674,OAS/CTS/SDG,observed_official_unodc
SLV,El Salvador,Americas,Latin America and the Caribbean,2021,17.343956146806,OAS/CTS/SDG,observed_official_unodc
SLV,El Salvador,Americas,Latin America and the Caribbean,2022,7.89768799960639,OAS/CTS/SDG,observed_official_unodc
SLV,El Salvador,Americas,Latin America and the Caribbean,2023,5.08746638468473,OAS/CTS/SDG,observed_official_unodc
SLV,El Salvador,Americas,Latin America and the Caribbean,2024,3.29746979935764,OAS/CTS/SDG,observed_official_unodc
SMR,San Marino,Europe,Southern Europe,2003,0.0,WHO,observed_official_unodc
SMR,San Marino,Europe,Southern Europe,2004,0.0,WHO,observed_official_unodc
SMR,San Marino,Europe,Southern Europe,2005,0.0,WHO,observed_official_unodc
SMR,San Marino,Europe,Southern Europe,2006,0.0,WHO,observed_official_unodc
SMR,San Marino,Europe,Southern Europe,2007,0.0,WHO,observed_official_unodc
SMR,San Marino,Europe,Southern Europe,2008,0.0,WHO,observed_official_unodc
SMR,San Marino,Europe,Southern Europe,2009,0.0,WHO,observed_official_unodc
SMR,San Marino,Europe,Southern Europe,2010,0.0,WHO,observed_official_unodc
SMR,San Marino,Europe,Southern Europe,2011,0.0,WHO,observed_official_unodc
SPM,Saint Pierre and Miquelon,Americas,Northern America,2006,0.0,NP,observed_official_unodc
SPM,Saint Pierre and Miquelon,Americas,Northern America,2007,0.0,NP,observed_official_unodc
SPM,Saint Pierre and Miquelon,Americas,Northern America,2008,16.5658908307794,NP,observed_official_unodc
SPM,Saint Pierre and Miquelon,Americas,Northern America,2009,16.5851231445393,NP,observed_official_unodc
SRB,Serbia,Europe,Southern Europe,2003,2.31855480790214,Eurostat/CTS/GSH 2023 Revision/SDG,observed_official_unodc
SRB,Serbia,Europe,Southern Europe,2004,2.16763741135982,Eurostat/CTS/GSH 2023 Revision/SDG,observed_official_unodc
SRB,Serbia,Europe,Southern Europe,2005,1.94982632618366,Eurostat/CTS/GSH 2023 Revision/SDG,observed_official_unodc
SRB,Serbia,Europe,Southern Europe,2006,2.07684499553911,Eurostat/CTS/GSH 2023 Revision/SDG,observed_official_unodc
SRB,Serbia,Europe,Southern Europe,2007,2.28518309996179,Eurostat/CTS/GSH 2023 Revision/SDG,observed_official_unodc
SRB,Serbia,Europe,Southern Europe,2008,1.87811591167972,Eurostat/CTS/GSH 2023 Revision/SDG,observed_official_unodc
SRB,Serbia,Europe,Southern Europe,2009,2.07397700915681,Eurostat/CTS/GSH 2023 Revision/SDG,observed_official_unodc
SRB,Serbia,Europe,Southern Europe,2010,1.78478121117552,Eurostat/CTS/GSH 2023 Revision/SDG,observed_official_unodc
SRB,Serbia,Europe,Southern Europe,2011,1.75156114676202,Eurostat/CTS/GSH 2023 Revision/SDG,observed_official_unodc
SRB,Serbia,Europe,Southern Europe,2012,1.50178377781355,Eurostat/CTS/GSH 2023 Revision/SDG,observed_official_unodc
SRB,Serbia,Europe,Southern Europe,2013,1.91034319590384,Eurostat/CTS/GSH 2023 Revision/SDG,observed_official_unodc
SRB,Serbia,Europe,Southern Europe,2014,1.63272026762776,Eurostat/CTS/GSH 2023 Revision/SDG,observed_official_unodc
SRB,Serbia,Europe,Southern Europe,2015,1.39329072000109,Eurostat/CTS/GSH 2023 Revision/SDG,observed_official_unodc
SRB,Serbia,Europe,Southern Europe,2016,1.62782274638115,Eurostat/CTS/GSH 2023 Revision/SDG,observed_official_unodc
SRB,Serbia,Europe,Southern Europe,2017,1.21580435389435,Eurostat/CTS/GSH 2023 Revision/SDG,observed_official_unodc
SRB,Serbia,Europe,Southern Europe,2018,1.49572244747486,Eurostat/CTS/GSH 2023 Revision/SDG,observed_official_unodc
SRB,Serbia,Europe,Southern Europe,2019,1.26325112750546,Eurostat/CTS/GSH 2023 Revision/SDG,observed_official_unodc
SRB,Serbia,Europe,Southern Europe,2020,1.21601456438015,Eurostat/CTS/GSH 2023 Revision/SDG,observed_official_unodc
SRB,Serbia,Europe,Southern Europe,2021,1.1264836301447,Eurostat/CTS/GSH 2023 Revision/SDG,observed_official_unodc
SRB,Serbia,Europe,Southern Europe,2022,1.08964325742373,Eurostat/CTS/GSH 2023 Revision/SDG,observed_official_unodc
SRB,Serbia,Europe,Southern Europe,2023,1.31400205013848,Eurostat/CTS/GSH 2023 Revision/SDG,observed_official_unodc
SRB,Serbia,Europe,Southern Europe,2024,0.890707780154318,Eurostat/CTS/GSH 2023 Revision/SDG,observed_official_unodc
SSD,South Sudan,Africa,Sub-Saharan Africa,2012,13.9825812737537,NP,observed_official_unodc
STP,Sao Tome and Principe,Africa,Sub-Saharan Africa,2006,2.41490479237856,CTS,observed_official_unodc
STP,Sao Tome and Principe,Africa,Sub-Saharan Africa,2007,2.35710771098324,CTS,observed_official_unodc
STP,Sao Tome and Principe,Africa,Sub-Saharan Africa,2008,8.05556035053196,CTS,observed_official_unodc
STP,Sao Tome and Principe,Africa,Sub-Saharan Africa,2009,2.8113025608155,CTS,observed_official_unodc
STP,Sao Tome and Principe,Africa,Sub-Saharan Africa,2010,3.30029372614163,CTS,observed_official_unodc
STP,Sao Tome and Principe,Africa,Sub-Saharan Africa,2011,3.23189666549062,CTS,observed_official_unodc
SUR,Suriname,Americas,Latin America and the Caribbean,2003,11.8480019825657,OAS/CTS,observed_official_unodc
SUR,Suriname,Americas,Latin America and the Caribbean,2004,8.95075721460219,OAS/CTS,observed_official_unodc
SUR,Suriname,Americas,Latin America and the Caribbean,2005,13.2867974485498,OAS/CTS,observed_official_unodc
SUR,Suriname,Americas,Latin America and the Caribbean,2006,11.8095912929026,OAS/CTS,observed_official_unodc
SUR,Suriname,Americas,Latin America and the Caribbean,2007,8.47432092441659,OAS/CTS,observed_official_unodc
SUR,Suriname,Americas,Latin America and the Caribbean,2008,8.00378970135627,OAS/CTS,observed_official_unodc
SUR,Suriname,Americas,Latin America and the Caribbean,2013,5.09648167024006,OAS/CTS,observed_official_unodc
SUR,Suriname,Americas,Latin America and the Caribbean,2014,5.56160959933817,OAS/CTS,observed_official_unodc
SUR,Suriname,Americas,Latin America and the Caribbean,2015,5.84567085090617,OAS/CTS,observed_official_unodc
SUR,Suriname,Americas,Latin America and the Caribbean,2016,6.97567191883721,OAS/CTS,observed_official_unodc
SUR,Suriname,Americas,Latin America and the Caribbean,2017,6.06353574875403,OAS/CTS,observed_official_unodc
SUR,Suriname,Americas,Latin America and the Caribbean,2018,6.33848335105607,OAS/CTS,observed_official_unodc
SUR,Suriname,Americas,Latin America and the Caribbean,2019,4.95239101438174,OAS/CTS,observed_official_unodc
SUR,Suriname,Americas,Latin America and the Caribbean,2020,8.9822828553534,OAS/CTS,observed_official_unodc
SUR,Suriname,Americas,Latin America and the Caribbean,2021,5.66438365032303,OAS/CTS,observed_official_unodc
SUR,Suriname,Americas,Latin America and the Caribbean,2022,7.22121303541283,OAS/CTS,observed_official_unodc
SUR,Suriname,Americas,Latin America and the Caribbean,2023,6.51946457704576,OAS/CTS,observed_official_unodc
SUR,Suriname,Americas,Latin America and the Caribbean,2024,4.25578195264733,OAS/CTS,observed_official_unodc
SVK,Slovakia,Europe,Eastern Europe,2003,2.5482701895541,SDG/GSH 2023 Revision/CTS,observed_official_unodc
SVK,Slovakia,Europe,Eastern Europe,2004,2.00891418467334,SDG/GSH 2023 Revision/CTS,observed_official_unodc
SVK,Slovakia,Europe,Eastern Europe,2005,1.72968710332277,SDG/GSH 2023 Revision/CTS,observed_official_unodc
SVK,Slovakia,Europe,Eastern Europe,2006,1.5250576267202,SDG/GSH 2023 Revision/CTS,observed_official_unodc
SVK,Slovakia,Europe,Eastern Europe,2007,1.52501423191635,SDG/GSH 2023 Revision/CTS,observed_official_unodc
SVK,Slovakia,Europe,Eastern Europe,2008,1.59877437213017,SDG/GSH 2023 Revision/CTS,observed_official_unodc
SVK,Slovakia,Europe,Eastern Europe,2009,1.44844846564276,SDG/GSH 2023 Revision/CTS,observed_official_unodc
SVK,Slovakia,Europe,Eastern Europe,2010,1.65063908479667,SDG/GSH 2023 Revision/CTS,observed_official_unodc
SVK,Slovakia,Europe,Eastern Europe,2011,1.77840071202719,SDG/GSH 2023 Revision/CTS,observed_official_unodc
SVK,Slovakia,Europe,Eastern Europe,2012,1.38763718875067,SDG/GSH 2023 Revision/CTS,observed_official_unodc
SVK,Slovakia,Europe,Eastern Europe,2013,1.44166216994369,SDG/GSH 2023 Revision/CTS,observed_official_unodc
SVK,Slovakia,Europe,Eastern Europe,2014,1.32958329289954,SDG/GSH 2023 Revision/CTS,observed_official_unodc
SVK,Slovakia,Europe,Eastern Europe,2015,0.885563434200239,SDG/GSH 2023 Revision/CTS,observed_official_unodc
SVK,Slovakia,Europe,Eastern Europe,2016,1.10553043442371,SDG/GSH 2023 Revision/CTS,observed_official_unodc
SVK,Slovakia,Europe,Eastern Europe,2017,1.47175143295698,SDG/GSH 2023 Revision/CTS,observed_official_unodc
SVK,Slovakia,Europe,Eastern Europe,2018,1.23088635575335,SDG/GSH 2023 Revision/CTS,observed_official_unodc
SVK,Slovakia,Europe,Eastern Europe,2019,1.39433538407656,SDG/GSH 2023 Revision/CTS,observed_official_unodc
SVK,Slovakia,Europe,Eastern Europe,2020,1.15489878274585,SDG/GSH 2023 Revision/CTS,observed_official_unodc
SVK,Slovakia,Europe,Eastern Europe,2021,1.0105169087957,SDG/GSH 2023 Revision/CTS,observed_official_unodc
SVK,Slovakia,Europe,Eastern Europe,2022,0.767376066253057,SDG/GSH 2023 Revision/CTS,observed_official_unodc
SVK,Slovakia,Europe,Eastern Europe,2023,1.12358440823663,SDG/GSH 2023 Revision/CTS,observed_official_unodc
SVK,Slovakia,Europe,Eastern Europe,2024,1.07141050921145,SDG/GSH 2023 Revision/CTS,observed_official_unodc
SVN,Slovenia,Europe,Southern Europe,2003,1.05395761082866,CTS,observed_official_unodc
SVN,Slovenia,Europe,Southern Europe,2004,1.35437123315501,CTS,observed_official_unodc
SVN,Slovenia,Europe,Southern Europe,2005,1.00154563530168,CTS,observed_official_unodc
SVN,Slovenia,Europe,Southern Europe,2006,0.599067252288187,CTS,observed_official_unodc
SVN,Slovenia,Europe,Southern Europe,2007,1.19156520778539,CTS,observed_official_unodc
SVN,Slovenia,Europe,Southern Europe,2008,0.493806310894034,CTS,observed_official_unodc
SVN,Slovenia,Europe,Southern Europe,2009,0.638629834427847,CTS,observed_official_unodc
SVN,Slovenia,Europe,Southern Europe,2010,0.733635525957981,CTS,observed_official_unodc
SVN,Slovenia,Europe,Southern Europe,2011,0.780943418696957,CTS,observed_official_unodc
SVN,Slovenia,Europe,Southern Europe,2012,0.681822277179262,CTS,observed_official_unodc
SVN,Slovenia,Europe,Southern Europe,2013,0.583532281370513,CTS,observed_official_unodc
SVN,Slovenia,Europe,Southern Europe,2014,0.777302570612473,CTS,observed_official_unodc
SVN,Slovenia,Europe,Southern Europe,2015,0.970898765842034,CTS,observed_official_unodc
SVN,Slovenia,Europe,Southern Europe,2016,0.485113562659451,CTS,observed_official_unodc
SVN,Slovenia,Europe,Southern Europe,2017,0.921252321313415,CTS,observed_official_unodc
SVN,Slovenia,Europe,Southern Europe,2018,0.434891751818874,CTS,observed_official_unodc
SVN,Slovenia,Europe,Southern Europe,2019,0.671965756625042,CTS,observed_official_unodc
SVN,Slovenia,Europe,Southern Europe,2020,0.523206714930108,CTS,observed_official_unodc
SVN,Slovenia,Europe,Southern Europe,2021,0.425835133669648,CTS,observed_official_unodc
SVN,Slovenia,Europe,Southern Europe,2022,0.614590956625007,CTS,observed_official_unodc
SVN,Slovenia,Europe,Southern Europe,2023,0.566466326409227,CTS,observed_official_unodc
SVN,Slovenia,Europe,Southern Europe,2024,0.707982478849613,CTS,observed_official_unodc
SWE,Sweden,Europe,Northern Europe,2003,0.948826864882924,NCCP/CTS,observed_official_unodc
SWE,Sweden,Europe,Northern Europe,2004,1.18970734144495,NCCP/CTS,observed_official_unodc
SWE,Sweden,Europe,Northern Europe,2005,0.919181722281867,NCCP/CTS,observed_official_unodc
SWE,Sweden,Europe,Northern Europe,2006,1.00213388442621,NCCP/CTS,observed_official_unodc
SWE,Sweden,Europe,Northern Europe,2007,1.2133435654997,NCCP/CTS,observed_official_unodc
SWE,Sweden,Europe,Northern Europe,2008,0.889380578965065,NCCP/CTS,observed_official_unodc
SWE,Sweden,Europe,Northern Europe,2009,1.00013550222933,NCCP/CTS,observed_official_unodc
SWE,Sweden,Europe,Northern Europe,2010,0.970332147893121,NCCP/CTS,observed_official_unodc
SWE,Sweden,Europe,Northern Europe,2011,0.857210073297811,NCCP/CTS,observed_official_unodc
SWE,Sweden,Europe,Northern Europe,2012,0.714324244275151,NCCP/CTS,observed_official_unodc
SWE,Sweden,Europe,Northern Europe,2013,0.906191475133898,NCCP/CTS,observed_official_unodc
SWE,Sweden,Europe,Northern Europe,2014,0.89723711300655,NCCP/CTS,observed_official_unodc
SWE,Sweden,Europe,Northern Europe,2015,1.14291761252879,NCCP/CTS,observed_official_unodc
SWE,Sweden,Europe,Northern Europe,2016,1.06819519352472,NCCP/CTS,observed_official_unodc
SWE,Sweden,Europe,Northern Europe,2017,1.12349926472939,NCCP/CTS,observed_official_unodc
SWE,Sweden,Europe,Northern Europe,2018,1.06138286689242,NCCP/CTS,observed_official_unodc
SWE,Sweden,Europe,Northern Europe,2019,1.07985845098683,NCCP/CTS,observed_official_unodc
SWE,Sweden,Europe,Northern Europe,2020,1.19764105277864,NCCP/CTS,observed_official_unodc
SWE,Sweden,Europe,Northern Europe,2021,1.08485573554827,NCCP/CTS,observed_official_unodc
SWE,Sweden,Europe,Northern Europe,2022,1.10609575089503,NCCP/CTS,observed_official_unodc
SWE,Sweden,Europe,Northern Europe,2023,1.14675703743944,NCCP/CTS,observed_official_unodc
SWE,Sweden,Europe,Northern Europe,2024,0.867351830616747,NCCP/CTS,observed_official_unodc
SWZ,Eswatini,Africa,Sub-Saharan Africa,2003,12.6558545045467,GSH 2019 Revision/WHO/CTS/NSO,observed_official_unodc
SWZ,Eswatini,Africa,Sub-Saharan Africa,2004,13.6047005172116,GSH 2019 Revision/WHO/CTS/NSO,observed_official_unodc
SWZ,Eswatini,Africa,Sub-Saharan Africa,2005,12.882041738742,GSH 2019 Revision/WHO/CTS/NSO,observed_official_unodc
SWZ,Eswatini,Africa,Sub-Saharan Africa,2006,11.7111567672043,GSH 2019 Revision/WHO/CTS/NSO,observed_official_unodc
SWZ,Eswatini,Africa,Sub-Saharan Africa,2007,11.0937421209218,GSH 2019 Revision/WHO/CTS/NSO,observed_official_unodc
SWZ,Eswatini,Africa,Sub-Saharan Africa,2008,19.7615590321936,GSH 2019 Revision/WHO/CTS/NSO,observed_official_unodc
SWZ,Eswatini,Africa,Sub-Saharan Africa,2009,16.9207263968308,GSH 2019 Revision/WHO/CTS/NSO,observed_official_unodc
SWZ,Eswatini,Africa,Sub-Saharan Africa,2010,18.7109252012774,GSH 2019 Revision/WHO/CTS/NSO,observed_official_unodc
SWZ,Eswatini,Africa,Sub-Saharan Africa,2011,15.3869069051876,GSH 2019 Revision/WHO/CTS/NSO,observed_official_unodc
SWZ,Eswatini,Africa,Sub-Saharan Africa,2012,9.25379283160277,GSH 2019 Revision/WHO/CTS/NSO,observed_official_unodc
SWZ,Eswatini,Africa,Sub-Saharan Africa,2013,9.02662855423499,GSH 2019 Revision/WHO/CTS/NSO,observed_official_unodc
SWZ,Eswatini,Africa,Sub-Saharan Africa,2014,10.3845906755176,GSH 2019 Revision/WHO/CTS/NSO,observed_official_unodc
SWZ,Eswatini,Africa,Sub-Saharan Africa,2015,9.8003828274542,GSH 2019 Revision/WHO/CTS/NSO,observed_official_unodc
SWZ,Eswatini,Africa,Sub-Saharan Africa,2016,10.0912782213252,GSH 2019 Revision/WHO/CTS/NSO,observed_official_unodc
SWZ,Eswatini,Africa,Sub-Saharan Africa,2017,11.224366891744,GSH 2019 Revision/WHO/CTS/NSO,observed_official_unodc
SWZ,Eswatini,Africa,Sub-Saharan Africa,2021,12.5145709802017,GSH 2019 Revision/WHO/CTS/NSO,observed_official_unodc
SWZ,Eswatini,Africa,Sub-Saharan Africa,2022,22.3149001592808,GSH 2019 Revision/WHO/CTS/NSO,observed_official_unodc
SWZ,Eswatini,Africa,Sub-Saharan Africa,2023,17.3912195470806,GSH 2019 Revision/WHO/CTS/NSO,observed_official_unodc
SWZ,Eswatini,Africa,Sub-Saharan Africa,2024,13.6785531952899,GSH 2019 Revision/WHO/CTS/NSO,observed_official_unodc
SYC,Seychelles,Africa,Sub-Saharan Africa,2004,11.3435917214468,Interpol/NSO,observed_official_unodc
SYC,Seychelles,Africa,Sub-Saharan Africa,2006,9.95872661082403,Interpol/NSO,observed_official_unodc
SYC,Seychelles,Africa,Sub-Saharan Africa,2007,8.74622818909345,Interpol/NSO,observed_official_unodc
SYC,Seychelles,Africa,Sub-Saharan Africa,2008,6.48315729760393,Interpol/NSO,observed_official_unodc
SYC,Seychelles,Africa,Sub-Saharan Africa,2009,14.952791899859,Interpol/NSO,observed_official_unodc
SYC,Seychelles,Africa,Sub-Saharan Africa,2010,9.47657706036579,Interpol/NSO,observed_official_unodc
SYC,Seychelles,Africa,Sub-Saharan Africa,2011,16.490765171504,Interpol/NSO,observed_official_unodc
SYC,Seychelles,Africa,Sub-Saharan Africa,2012,4.0183639231287,Interpol/NSO,observed_official_unodc
SYC,Seychelles,Africa,Sub-Saharan Africa,2013,17.6310698631143,Interpol/NSO,observed_official_unodc
SYC,Seychelles,Africa,Sub-Saharan Africa,2014,15.2884013587567,Interpol/NSO,observed_official_unodc
SYC,Seychelles,Africa,Sub-Saharan Africa,2015,6.52805431341189,Interpol/NSO,observed_official_unodc
SYC,Seychelles,Africa,Sub-Saharan Africa,2016,10.926871909744,Interpol/NSO,observed_official_unodc
SYC,Seychelles,Africa,Sub-Saharan Africa,2017,6.22629006506473,Interpol/NSO,observed_official_unodc
SYC,Seychelles,Africa,Sub-Saharan Africa,2018,7.82336578581363,Interpol/NSO,observed_official_unodc
SYC,Seychelles,Africa,Sub-Saharan Africa,2019,8.49975138227207,Interpol/NSO,observed_official_unodc
SYC,Seychelles,Africa,Sub-Saharan Africa,2020,7.48185649799237,Interpol/NSO,observed_official_unodc
SYC,Seychelles,Africa,Sub-Saharan Africa,2021,4.06545380628113,Interpol/NSO,observed_official_unodc
SYC,Seychelles,Africa,Sub-Saharan Africa,2022,7.96669919735506,Interpol/NSO,observed_official_unodc
SYR,Syrian Arab Republic,Asia,Western Asia,2003,2.26392369671573,NSO,observed_official_unodc
SYR,Syrian Arab Republic,Asia,Western Asia,2004,2.3231876293858,NSO,observed_official_unodc
SYR,Syrian Arab Republic,Asia,Western Asia,2005,2.28552099593863,NSO,observed_official_unodc
SYR,Syrian Arab Republic,Asia,Western Asia,2006,2.27122008950186,NSO,observed_official_unodc
SYR,Syrian Arab Republic,Asia,Western Asia,2007,2.55217772944335,NSO,observed_official_unodc
SYR,Syrian Arab Republic,Asia,Western Asia,2008,2.44493534185927,NSO,observed_official_unodc
SYR,Syrian Arab Republic,Asia,Western Asia,2009,2.16590372025588,NSO,observed_official_unodc
SYR,Syrian Arab Republic,Asia,Western Asia,2010,2.05938679956635,NSO,observed_official_unodc
TCA,Turks and Caicos Islands,Americas,Latin America and the Caribbean,2003,0.0,PAHO/MD/NP/External,observed_official_unodc
TCA,Turks and Caicos Islands,Americas,Latin America and the Caribbean,2005,0.0,PAHO/MD/NP/External,observed_official_unodc
TCA,Turks and Caicos Islands,Americas,Latin America and the Caribbean,2007,7.6133919564514,PAHO/MD/NP/External,observed_official_unodc
TCA,Turks and Caicos Islands,Americas,Latin America and the Caribbean,2008,7.29195150852247,PAHO/MD/NP/External,observed_official_unodc
TCA,Turks and Caicos Islands,Americas,Latin America and the Caribbean,2009,6.99581999755146,PAHO/MD/NP/External,observed_official_unodc
TCA,Turks and Caicos Islands,Americas,Latin America and the Caribbean,2013,11.8860131340445,PAHO/MD/NP/External,observed_official_unodc
TCA,Turks and Caicos Islands,Americas,Latin America and the Caribbean,2014,5.70613409415121,PAHO/MD/NP/External,observed_official_unodc
TCA,Turks and Caicos Islands,Americas,Latin America and the Caribbean,2019,30.1166440791836,PAHO/MD/NP/External,observed_official_unodc
TCA,Turks and Caicos Islands,Americas,Latin America and the Caribbean,2020,51.8187245834788,PAHO/MD/NP/External,observed_official_unodc
TCA,Turks and Caicos Islands,Americas,Latin America and the Caribbean,2021,30.9436714666195,PAHO/MD/NP/External,observed_official_unodc
TCA,Turks and Caicos Islands,Americas,Latin America and the Caribbean,2022,76.3400403511642,PAHO/MD/NP/External,observed_official_unodc
TCA,Turks and Caicos Islands,Americas,Latin America and the Caribbean,2024,103.149276343358,PAHO/MD/NP/External,observed_official_unodc
THA,Thailand,Asia,South-eastern Asia,2003,9.91857847562255,NP,observed_official_unodc
THA,Thailand,Asia,South-eastern Asia,2004,6.52844364057858,NP,observed_official_unodc
THA,Thailand,Asia,South-eastern Asia,2005,7.27989678542343,NP,observed_official_unodc
THA,Thailand,Asia,South-eastern Asia,2006,7.04095366870716,NP,observed_official_unodc
THA,Thailand,Asia,South-eastern Asia,2007,6.60930214643831,NP,observed_official_unodc
THA,Thailand,Asia,South-eastern Asia,2008,5.87697421098978,NP,observed_official_unodc
THA,Thailand,Asia,South-eastern Asia,2009,5.43590911946787,NP,observed_official_unodc
THA,Thailand,Asia,South-eastern Asia,2010,5.32812691440829,NP,observed_official_unodc
THA,Thailand,Asia,South-eastern Asia,2011,4.79225300638159,NP,observed_official_unodc
TJK,Tajikistan,Asia,Central Asia,2003,2.46298945344912,TransMonEE/CTS,observed_official_unodc
TJK,Tajikistan,Asia,Central Asia,2004,2.09114244339539,TransMonEE/CTS,observed_official_unodc
TJK,Tajikistan,Asia,Central Asia,2005,2.26723984993183,TransMonEE/CTS,observed_official_unodc
TJK,Tajikistan,Asia,Central Asia,2006,2.74882284141425,TransMonEE/CTS,observed_official_unodc
TJK,Tajikistan,Asia,Central Asia,2007,1.83474060485977,TransMonEE/CTS,observed_official_unodc
TJK,Tajikistan,Asia,Central Asia,2008,1.36269430828479,TransMonEE/CTS,observed_official_unodc
TJK,Tajikistan,Asia,Central Asia,2009,1.2950203131279,TransMonEE/CTS,observed_official_unodc
TJK,Tajikistan,Asia,Central Asia,2010,2.36535123734333,TransMonEE/CTS,observed_official_unodc
TJK,Tajikistan,Asia,Central Asia,2011,1.61026778305936,TransMonEE/CTS,observed_official_unodc
TJK,Tajikistan,Asia,Central Asia,2020,0.892370798940089,TransMonEE/CTS,observed_official_unodc
TKM,Turkmenistan,Asia,Central Asia,2003,4.7904285182228,TransMonEE/WHO,observed_official_unodc
TKM,Turkmenistan,Asia,Central Asia,2004,4.21533036996281,TransMonEE/WHO,observed_official_unodc
TKM,Turkmenistan,Asia,Central Asia,2005,4.07738561201459,TransMonEE/WHO,observed_official_unodc
TKM,Turkmenistan,Asia,Central Asia,2006,3.94396423387863,TransMonEE/WHO,observed_official_unodc
TKM,Turkmenistan,Asia,Central Asia,2010,1.88701082389409,TransMonEE/WHO,observed_official_unodc
TKM,Turkmenistan,Asia,Central Asia,2011,1.75950488940016,TransMonEE/WHO,observed_official_unodc
TKM,Turkmenistan,Asia,Central Asia,2012,1.36006509719172,TransMonEE/WHO,observed_official_unodc
TKM,Turkmenistan,Asia,Central Asia,2013,1.41429832030187,TransMonEE/WHO,observed_official_unodc
TKM,Turkmenistan,Asia,Central Asia,2014,1.46495233226172,TransMonEE/WHO,observed_official_unodc
TKM,Turkmenistan,Asia,Central Asia,2015,1.01355101620555,TransMonEE/WHO,observed_official_unodc
TLS,Timor-Leste,Asia,South-eastern Asia,2004,2.47558321511527,UNMIT/NSO,observed_official_unodc
TLS,Timor-Leste,Asia,South-eastern Asia,2005,4.8507319069018,UNMIT/NSO,observed_official_unodc
TLS,Timor-Leste,Asia,South-eastern Asia,2006,5.01742274448928,UNMIT/NSO,observed_official_unodc
TLS,Timor-Leste,Asia,South-eastern Asia,2007,6.16983567339278,UNMIT/NSO,observed_official_unodc
TLS,Timor-Leste,Asia,South-eastern Asia,2008,3.39006198486192,UNMIT/NSO,observed_official_unodc
TLS,Timor-Leste,Asia,South-eastern Asia,2009,3.02234076514334,UNMIT/NSO,observed_official_unodc
TLS,Timor-Leste,Asia,South-eastern Asia,2010,3.59553213645137,UNMIT/NSO,observed_official_unodc
TLS,Timor-Leste,Asia,South-eastern Asia,2015,4.06594633033822,UNMIT/NSO,observed_official_unodc
TON,Tonga,Oceania,Polynesia,2003,5.74360545259611,NP/SAS/NP,observed_official_unodc
TON,Tonga,Oceania,Polynesia,2004,1.90347479323505,NP/SAS/NP,observed_official_unodc
TON,Tonga,Oceania,Polynesia,2005,3.78533372448448,NP/SAS/NP,observed_official_unodc
TON,Tonga,Oceania,Polynesia,2006,7.52919917555269,NP/SAS/NP,observed_official_unodc
TON,Tonga,Oceania,Polynesia,2007,0.936978805539419,NP/SAS/NP,observed_official_unodc
TON,Tonga,Oceania,Polynesia,2008,3.73761913660998,NP/SAS/NP,observed_official_unodc
TON,Tonga,Oceania,Polynesia,2009,7.46251253468902,NP/SAS/NP,observed_official_unodc
TON,Tonga,Oceania,Polynesia,2010,0.931103031205918,NP/SAS/NP,observed_official_unodc
TON,Tonga,Oceania,Polynesia,2011,1.85926308107782,NP/SAS/NP,observed_official_unodc
TON,Tonga,Oceania,Polynesia,2012,0.930583149930904,NP/SAS/NP,observed_official_unodc
TON,Tonga,Oceania,Polynesia,2018,9.47270204089365,NP/SAS/NP,observed_official_unodc
TON,Tonga,Oceania,Polynesia,2019,0.946346864516251,NP/SAS/NP,observed_official_unodc
TTO,Trinidad and Tobago,Americas,Latin America and the Caribbean,2003,17.1060263634493,OAS/CTS/GSH 2019 Revision/NGO,observed_official_unodc
TTO,Trinidad and Tobago,Americas,Latin America and the Caribbean,2004,19.325395055672,OAS/CTS/GSH 2019 Revision/NGO,observed_official_unodc
TTO,Trinidad and Tobago,Americas,Latin America and the Caribbean,2005,28.549567337224,OAS/CTS/GSH 2019 Revision/NGO,observed_official_unodc
TTO,Trinidad and Tobago,Americas,Latin America and the Caribbean,2006,27.3055528160047,OAS/CTS/GSH 2019 Revision/NGO,observed_official_unodc
TTO,Trinidad and Tobago,Americas,Latin America and the Caribbean,2007,28.6367899257091,OAS/CTS/GSH 2019 Revision/NGO,observed_official_unodc
TTO,Trinidad and Tobago,Americas,Latin America and the Caribbean,2008,39.8663493392717,OAS/CTS/GSH 2019 Revision/NGO,observed_official_unodc
TTO,Trinidad and Tobago,Americas,Latin America and the Caribbean,2009,36.764279333109,OAS/CTS/GSH 2019 Revision/NGO,observed_official_unodc
TTO,Trinidad and Tobago,Americas,Latin America and the Caribbean,2010,34.1108885129239,OAS/CTS/GSH 2019 Revision/NGO,observed_official_unodc
TTO,Trinidad and Tobago,Americas,Latin America and the Caribbean,2011,25.2332824127606,OAS/CTS/GSH 2019 Revision/NGO,observed_official_unodc
TTO,Trinidad and Tobago,Americas,Latin America and the Caribbean,2012,27.0692095577105,OAS/CTS/GSH 2019 Revision/NGO,observed_official_unodc
TTO,Trinidad and Tobago,Americas,Latin America and the Caribbean,2013,28.8110385211372,OAS/CTS/GSH 2019 Revision/NGO,observed_official_unodc
TTO,Trinidad and Tobago,Americas,Latin America and the Caribbean,2014,28.4984183377823,OAS/CTS/GSH 2019 Revision/NGO,observed_official_unodc
TTO,Trinidad and Tobago,Americas,Latin America and the Caribbean,2015,29.3873061531072,OAS/CTS/GSH 2019 Revision/NGO,observed_official_unodc
TTO,Trinidad and Tobago,Americas,Latin America and the Caribbean,2016,32.2193196226095,OAS/CTS/GSH 2019 Revision/NGO,observed_official_unodc
TTO,Trinidad and Tobago,Americas,Latin America and the Caribbean,2017,34.2498809038232,OAS/CTS/GSH 2019 Revision/NGO,observed_official_unodc
TTO,Trinidad and Tobago,Americas,Latin America and the Caribbean,2018,35.1576671765775,OAS/CTS/GSH 2019 Revision/NGO,observed_official_unodc
TTO,Trinidad and Tobago,Americas,Latin America and the Caribbean,2019,36.2988873279844,OAS/CTS/GSH 2019 Revision/NGO,observed_official_unodc
TTO,Trinidad and Tobago,Americas,Latin America and the Caribbean,2020,26.9408284203458,OAS/CTS/GSH 2019 Revision/NGO,observed_official_unodc
TTO,Trinidad and Tobago,Americas,Latin America and the Caribbean,2021,30.3821121953597,OAS/CTS/GSH 2019 Revision/NGO,observed_official_unodc
TTO,Trinidad and Tobago,Americas,Latin America and the Caribbean,2022,40.4432986623964,OAS/CTS/GSH 2019 Revision/NGO,observed_official_unodc
TTO,Trinidad and Tobago,Americas,Latin America and the Caribbean,2023,38.3916110670306,OAS/CTS/GSH 2019 Revision/NGO,observed_official_unodc
TTO,Trinidad and Tobago,Americas,Latin America and the Caribbean,2024,41.5179520374802,OAS/CTS/GSH 2019 Revision/NGO,observed_official_unodc
TUN,Tunisia,Africa,Northern Africa,2004,1.91812781282378,WHO/External,observed_official_unodc
TUN,Tunisia,Africa,Northern Africa,2005,2.53523179941246,WHO/External,observed_official_unodc
TUN,Tunisia,Africa,Northern Africa,2006,2.40663186554563,WHO/External,observed_official_unodc
TUN,Tunisia,Africa,Northern Africa,2007,2.61451616726295,WHO/External,observed_official_unodc
TUN,Tunisia,Africa,Northern Africa,2008,2.65588251893383,WHO/External,observed_official_unodc
TUN,Tunisia,Africa,Northern Africa,2009,2.39421321482698,WHO/External,observed_official_unodc
TUN,Tunisia,Africa,Northern Africa,2010,2.65651617409655,WHO/External,observed_official_unodc
TUN,Tunisia,Africa,Northern Africa,2012,3.01553732901415,WHO/External,observed_official_unodc
TUN,Tunisia,Africa,Northern Africa,2019,4.80838825436222,WHO/External,observed_official_unodc
TUN,Tunisia,Africa,Northern Africa,2020,4.69348024650292,WHO/External,observed_official_unodc
TUR,Türkiye,Asia,Western Asia,2003,4.18240847006562,CTS,observed_official_unodc
TUR,Türkiye,Asia,Western Asia,2004,4.24827062656029,CTS,observed_official_unodc
TUR,Türkiye,Asia,Western Asia,2005,4.76708660324403,CTS,observed_official_unodc
TUR,Türkiye,Asia,Western Asia,2006,4.52278419997034,CTS,observed_official_unodc
TUR,Türkiye,Asia,Western Asia,2007,5.08688366199539,CTS,observed_official_unodc
TUR,Türkiye,Asia,Western Asia,2008,4.55127664672389,CTS,observed_official_unodc
TUR,Türkiye,Asia,Western Asia,2010,4.17741645852185,CTS,observed_official_unodc
TUR,Türkiye,Asia,Western Asia,2011,4.1244918510834,CTS,observed_official_unodc
TUR,Türkiye,Asia,Western Asia,2012,4.27675507086876,CTS,observed_official_unodc
TUR,Türkiye,Asia,Western Asia,2015,2.79325328973375,CTS,observed_official_unodc
TUR,Türkiye,Asia,Western Asia,2016,3.31161155785991,CTS,observed_official_unodc
TUR,Türkiye,Asia,Western Asia,2017,3.05836302689691,CTS,observed_official_unodc
TUR,Türkiye,Asia,Western Asia,2018,2.55994219861376,CTS,observed_official_unodc
TUR,Türkiye,Asia,Western Asia,2019,2.39580104761995,CTS,observed_official_unodc
TUR,Türkiye,Asia,Western Asia,2020,2.49036807460102,CTS,observed_official_unodc
TUR,Türkiye,Asia,Western Asia,2021,2.49289816744587,CTS,observed_official_unodc
TUR,Türkiye,Asia,Western Asia,2022,2.62582139837108,CTS,observed_official_unodc
TUR,Türkiye,Asia,Western Asia,2023,3.2359158609854,CTS,observed_official_unodc
TUR,Türkiye,Asia,Western Asia,2024,2.41215070042969,CTS,observed_official_unodc
TUV,Tuvalu,Oceania,Polynesia,2003,0.0,WHO/External,observed_official_unodc
TUV,Tuvalu,Oceania,Polynesia,2004,0.0,WHO/External,observed_official_unodc
TUV,Tuvalu,Oceania,Polynesia,2005,0.0,WHO/External,observed_official_unodc
TUV,Tuvalu,Oceania,Polynesia,2006,0.0,WHO/External,observed_official_unodc
TUV,Tuvalu,Oceania,Polynesia,2007,0.0,WHO/External,observed_official_unodc
TUV,Tuvalu,Oceania,Polynesia,2008,0.0,WHO/External,observed_official_unodc
TUV,Tuvalu,Oceania,Polynesia,2009,0.0,WHO/External,observed_official_unodc
TUV,Tuvalu,Oceania,Polynesia,2010,9.42151874882231,WHO/External,observed_official_unodc
TUV,Tuvalu,Oceania,Polynesia,2011,9.27686812931954,WHO/External,observed_official_unodc
TUV,Tuvalu,Oceania,Polynesia,2012,18.2907311719786,WHO/External,observed_official_unodc
TUV,Tuvalu,Oceania,Polynesia,2019,0.0,WHO/External,observed_official_unodc
TZA,United Republic of Tanzania,Africa,Sub-Saharan Africa,2003,7.48997932167156,Interpol/CTS/NSO,observed_official_unodc
TZA,United Republic of Tanzania,Africa,Sub-Saharan Africa,2004,7.6778416479797,Interpol/CTS/NSO,observed_official_unodc
TZA,United Republic of Tanzania,Africa,Sub-Saharan Africa,2010,8.68662061022504,Interpol/CTS/NSO,observed_official_unodc
TZA,United Republic of Tanzania,Africa,Sub-Saharan Africa,2011,9.01381068307978,Interpol/CTS/NSO,observed_official_unodc
TZA,United Republic of Tanzania,Africa,Sub-Saharan Africa,2012,8.63760184710429,Interpol/CTS/NSO,observed_official_unodc
TZA,United Republic of Tanzania,Africa,Sub-Saharan Africa,2013,7.57207576168001,Interpol/CTS/NSO,observed_official_unodc
TZA,United Republic of Tanzania,Africa,Sub-Saharan Africa,2015,7.20094334280093,Interpol/CTS/NSO,observed_official_unodc
TZA,United Republic of Tanzania,Africa,Sub-Saharan Africa,2016,6.38934150079073,Interpol/CTS/NSO,observed_official_unodc
TZA,United Republic of Tanzania,Africa,Sub-Saharan Africa,2017,5.65469286500665,Interpol/CTS/NSO,observed_official_unodc
TZA,United Republic of Tanzania,Africa,Sub-Saharan Africa,2018,4.75998593558216,Interpol/CTS/NSO,observed_official_unodc
TZA,United Republic of Tanzania,Africa,Sub-Saharan Africa,2019,4.59485426006108,Interpol/CTS/NSO,observed_official_unodc
TZA,United Republic of Tanzania,Africa,Sub-Saharan Africa,2020,3.74921291744897,Interpol/CTS/NSO,observed_official_unodc
TZA,United Republic of Tanzania,Africa,Sub-Saharan Africa,2024,3.30075090113927,Interpol/CTS/NSO,observed_official_unodc
UGA,Uganda,Africa,Sub-Saharan Africa,2007,8.91970998094133,CTS/NP/External,observed_official_unodc
UGA,Uganda,Africa,Sub-Saharan Africa,2008,9.1455171126034,CTS/NP/External,observed_official_unodc
UGA,Uganda,Africa,Sub-Saharan Africa,2009,10.2794330166168,CTS/NP/External,observed_official_unodc
UGA,Uganda,Africa,Sub-Saharan Africa,2010,9.75585614946885,CTS/NP/External,observed_official_unodc
UGA,Uganda,Africa,Sub-Saharan Africa,2011,11.2518403976957,CTS/NP/External,observed_official_unodc
UGA,Uganda,Africa,Sub-Saharan Africa,2012,11.8413029510429,CTS/NP/External,observed_official_unodc
UGA,Uganda,Africa,Sub-Saharan Africa,2013,10.914892084063,CTS/NP/External,observed_official_unodc
UGA,Uganda,Africa,Sub-Saharan Africa,2014,12.2899679036209,CTS/NP/External,observed_official_unodc
UGA,Uganda,Africa,Sub-Saharan Africa,2016,11.5517988640576,CTS/NP/External,observed_official_unodc
UGA,Uganda,Africa,Sub-Saharan Africa,2017,11.7852360138494,CTS/NP/External,observed_official_unodc
UGA,Uganda,Africa,Sub-Saharan Africa,2018,10.8189825436186,CTS/NP/External,observed_official_unodc
UGA,Uganda,Africa,Sub-Saharan Africa,2019,10.9721855213314,CTS/NP/External,observed_official_unodc
UGA,Uganda,Africa,Sub-Saharan Africa,2020,10.3222985322778,CTS/NP/External,observed_official_unodc
UGA,Uganda,Africa,Sub-Saharan Africa,2021,8.6929190935579,CTS/NP/External,observed_official_unodc
UGA,Uganda,Africa,Sub-Saharan Africa,2022,8.75663044480037,CTS/NP/External,observed_official_unodc
UGA,Uganda,Africa,Sub-Saharan Africa,2023,8.97308867739149,CTS/NP/External,observed_official_unodc
UGA,Uganda,Africa,Sub-Saharan Africa,2024,8.81933788286006,CTS/NP/External,observed_official_unodc
UKR,Ukraine,Europe,Eastern Europe,2003,8.36383861156885,CTS/DMDB,observed_official_unodc
UKR,Ukraine,Europe,Eastern Europe,2004,7.26768625683968,CTS/DMDB,observed_official_unodc
UKR,Ukraine,Europe,Eastern Europe,2005,6.36747840037847,CTS/DMDB,observed_official_unodc
UKR,Ukraine,Europe,Eastern Europe,2006,6.25651793325215,CTS/DMDB,observed_official_unodc
UKR,Ukraine,Europe,Eastern Europe,2007,5.62227515669595,CTS/DMDB,observed_official_unodc
UKR,Ukraine,Europe,Eastern Europe,2008,5.26707267623711,CTS/DMDB,observed_official_unodc
UKR,Ukraine,Europe,Eastern Europe,2009,4.80442030690337,CTS/DMDB,observed_official_unodc
UKR,Ukraine,Europe,Eastern Europe,2010,4.27931783411627,CTS/DMDB,observed_official_unodc
UKR,Ukraine,Europe,Eastern Europe,2012,5.05517673469169,CTS/DMDB,observed_official_unodc
UKR,Ukraine,Europe,Eastern Europe,2014,6.18849833107946,CTS/DMDB,observed_official_unodc
UKR,Ukraine,Europe,Eastern Europe,2017,6.05466477531939,CTS/DMDB,observed_official_unodc
UKR,Ukraine,Europe,Eastern Europe,2018,4.42833090390794,CTS/DMDB,observed_official_unodc
UKR,Ukraine,Europe,Eastern Europe,2019,4.04827159044446,CTS/DMDB,observed_official_unodc
UKR,Ukraine,Europe,Eastern Europe,2020,3.80035686872931,CTS/DMDB,observed_official_unodc
UKR,Ukraine,Europe,Eastern Europe,2021,3.77663964401616,CTS/DMDB,observed_official_unodc
URY,Uruguay,Americas,Latin America and the Caribbean,2003,6.00392662896892,MoI/CTS,observed_official_unodc
URY,Uruguay,Americas,Latin America and the Caribbean,2004,6.09171534327958,MoI/CTS,observed_official_unodc
URY,Uruguay,Americas,Latin America and the Caribbean,2005,5.78250888452056,MoI/CTS,observed_official_unodc
URY,Uruguay,Americas,Latin America and the Caribbean,2006,6.14073873999033,MoI/CTS,observed_official_unodc
URY,Uruguay,Americas,Latin America and the Caribbean,2007,5.88743616570098,MoI/CTS,observed_official_unodc
URY,Uruguay,Americas,Latin America and the Caribbean,2008,6.69255362560008,MoI/CTS,observed_official_unodc
URY,Uruguay,Americas,Latin America and the Caribbean,2009,6.82760685431307,MoI/CTS,observed_official_unodc
URY,Uruguay,Americas,Latin America and the Caribbean,2010,6.17734091087152,MoI/CTS,observed_official_unodc
URY,Uruguay,Americas,Latin America and the Caribbean,2011,5.98168012770136,MoI/CTS,observed_official_unodc
URY,Uruguay,Americas,Latin America and the Caribbean,2012,8.00503447711385,MoI/CTS,observed_official_unodc
URY,Uruguay,Americas,Latin America and the Caribbean,2013,7.77201220684194,MoI/CTS,observed_official_unodc
URY,Uruguay,Americas,Latin America and the Caribbean,2014,7.98490138572303,MoI/CTS,observed_official_unodc
URY,Uruguay,Americas,Latin America and the Caribbean,2015,8.69948102993542,MoI/CTS,observed_official_unodc
URY,Uruguay,Americas,Latin America and the Caribbean,2016,7.90108434244779,MoI/CTS,observed_official_unodc
URY,Uruguay,Americas,Latin America and the Caribbean,2017,8.35193212210643,MoI/CTS,observed_official_unodc
URY,Uruguay,Americas,Latin America and the Caribbean,2018,12.4022914485464,MoI/CTS,observed_official_unodc
URY,Uruguay,Americas,Latin America and the Caribbean,2019,11.5977676357818,MoI/CTS,observed_official_unodc
URY,Uruguay,Americas,Latin America and the Caribbean,2020,10.0324569104505,MoI/CTS,observed_official_unodc
URY,Uruguay,Americas,Latin America and the Caribbean,2021,9.03819875470108,MoI/CTS,observed_official_unodc
URY,Uruguay,Americas,Latin America and the Caribbean,2022,11.2948931452974,MoI/CTS,observed_official_unodc
URY,Uruguay,Americas,Latin America and the Caribbean,2023,11.2453054170348,MoI/CTS,observed_official_unodc
URY,Uruguay,Americas,Latin America and the Caribbean,2024,11.2797912352774,MoI/CTS,observed_official_unodc
USA,United States of America,Americas,Northern America,2006,5.79419136382991,CTS/GSH 2019 Revision,observed_official_unodc
USA,United States of America,Americas,Northern America,2007,5.67445011466685,CTS/GSH 2019 Revision,observed_official_unodc
USA,United States of America,Americas,Northern America,2008,5.39888580801544,CTS/GSH 2019 Revision,observed_official_unodc
USA,United States of America,Americas,Northern America,2009,4.9992946235203,CTS/GSH 2019 Revision,observed_official_unodc
USA,United States of America,Americas,Northern America,2010,4.73280651793807,CTS/GSH 2019 Revision,observed_official_unodc
USA,United States of America,Americas,Northern America,2011,4.66754631709583,CTS/GSH 2019 Revision,observed_official_unodc
USA,United States of America,Americas,Northern America,2012,4.68473058437162,CTS/GSH 2019 Revision,observed_official_unodc
USA,United States of America,Americas,Northern America,2013,4.47313924865612,CTS/GSH 2019 Revision,observed_official_unodc
USA,United States of America,Americas,Northern America,2014,4.38357348743573,CTS/GSH 2019 Revision,observed_official_unodc
USA,United States of America,Americas,Northern America,2015,4.87019612648983,CTS/GSH 2019 Revision,observed_official_unodc
USA,United States of America,Americas,Northern America,2016,5.28982026159524,CTS/GSH 2019 Revision,observed_official_unodc
USA,United States of America,Americas,Northern America,2017,5.20582704229048,CTS/GSH 2019 Revision,observed_official_unodc
USA,United States of America,Americas,Northern America,2018,4.88693701574911,CTS/GSH 2019 Revision,observed_official_unodc
USA,United States of America,Americas,Northern America,2019,4.93472178525416,CTS/GSH 2019 Revision,observed_official_unodc
USA,United States of America,Americas,Northern America,2020,6.35465593745812,CTS/GSH 2019 Revision,observed_official_unodc
USA,United States of America,Americas,Northern America,2021,6.77972198500888,CTS/GSH 2019 Revision,observed_official_unodc
USA,United States of America,Americas,Northern America,2022,6.51267429794199,CTS/GSH 2019 Revision,observed_official_unodc
USA,United States of America,Americas,Northern America,2023,5.76340794073065,CTS/GSH 2019 Revision,observed_official_unodc
UZB,Uzbekistan,Asia,Central Asia,2003,3.74544085919713,TransMonEE/NSO/CTS,observed_official_unodc
UZB,Uzbekistan,Asia,Central Asia,2004,3.69582797880085,TransMonEE/NSO/CTS,observed_official_unodc
UZB,Uzbekistan,Asia,Central Asia,2005,3.45259657932287,TransMonEE/NSO/CTS,observed_official_unodc
UZB,Uzbekistan,Asia,Central Asia,2006,3.22483462750267,TransMonEE/NSO/CTS,observed_official_unodc
UZB,Uzbekistan,Asia,Central Asia,2007,3.01004490765404,TransMonEE/NSO/CTS,observed_official_unodc
UZB,Uzbekistan,Asia,Central Asia,2008,3.02239249134413,TransMonEE/NSO/CTS,observed_official_unodc
UZB,Uzbekistan,Asia,Central Asia,2015,1.64556342685201,TransMonEE/NSO/CTS,observed_official_unodc
UZB,Uzbekistan,Asia,Central Asia,2016,2.41972336009243,TransMonEE/NSO/CTS,observed_official_unodc
UZB,Uzbekistan,Asia,Central Asia,2017,1.85737044900045,TransMonEE/NSO/CTS,observed_official_unodc
UZB,Uzbekistan,Asia,Central Asia,2018,1.46416093130273,TransMonEE/NSO/CTS,observed_official_unodc
UZB,Uzbekistan,Asia,Central Asia,2019,1.20128497449438,TransMonEE/NSO/CTS,observed_official_unodc
UZB,Uzbekistan,Asia,Central Asia,2020,1.33685174451114,TransMonEE/NSO/CTS,observed_official_unodc
UZB,Uzbekistan,Asia,Central Asia,2021,1.39879762685076,TransMonEE/NSO/CTS,observed_official_unodc
VAT,Holy See,Europe,Southern Europe,2009,0.0,CTS/SDG,observed_official_unodc
VAT,Holy See,Europe,Southern Europe,2010,0.0,CTS/SDG,observed_official_unodc
VAT,Holy See,Europe,Southern Europe,2011,0.0,CTS/SDG,observed_official_unodc
VAT,Holy See,Europe,Southern Europe,2012,0.0,CTS/SDG,observed_official_unodc
VAT,Holy See,Europe,Southern Europe,2013,0.0,CTS/SDG,observed_official_unodc
VAT,Holy See,Europe,Southern Europe,2014,0.0,CTS/SDG,observed_official_unodc
VAT,Holy See,Europe,Southern Europe,2015,0.0,CTS/SDG,observed_official_unodc
VAT,Holy See,Europe,Southern Europe,2019,0.0,CTS/SDG,observed_official_unodc
VAT,Holy See,Europe,Southern Europe,2020,0.0,CTS/SDG,observed_official_unodc
VAT,Holy See,Europe,Southern Europe,2021,0.0,CTS/SDG,observed_official_unodc
VAT,Holy See,Europe,Southern Europe,2022,0.0,CTS/SDG,observed_official_unodc
VAT,Holy See,Europe,Southern Europe,2023,0.0,CTS/SDG,observed_official_unodc
VAT,Holy See,Europe,Southern Europe,2024,0.0,CTS/SDG,observed_official_unodc
VCT,Saint Vincent and the Grenadines,Americas,Latin America and the Caribbean,2003,15.9092817401219,OAS/CTS,observed_official_unodc
VCT,Saint Vincent and the Grenadines,Americas,Latin America and the Caribbean,2004,25.7013590701426,OAS/CTS,observed_official_unodc
VCT,Saint Vincent and the Grenadines,Americas,Latin America and the Caribbean,2005,23.1214900911076,OAS/CTS,observed_official_unodc
VCT,Saint Vincent and the Grenadines,Americas,Latin America and the Caribbean,2006,17.8549109932687,OAS/CTS,observed_official_unodc
VCT,Saint Vincent and the Grenadines,Americas,Latin America and the Caribbean,2007,35.8643073929787,OAS/CTS,observed_official_unodc
VCT,Saint Vincent and the Grenadines,Americas,Latin America and the Caribbean,2008,14.4107143661312,OAS/CTS,observed_official_unodc
VCT,Saint Vincent and the Grenadines,Americas,Latin America and the Caribbean,2009,20.8129728164477,OAS/CTS,observed_official_unodc
VCT,Saint Vincent and the Grenadines,Americas,Latin America and the Caribbean,2010,22.7358503435387,OAS/CTS,observed_official_unodc
VCT,Saint Vincent and the Grenadines,Americas,Latin America and the Caribbean,2016,37.6121901108149,OAS/CTS,observed_official_unodc
VCT,Saint Vincent and the Grenadines,Americas,Latin America and the Caribbean,2017,36.9097981317964,OAS/CTS,observed_official_unodc
VCT,Saint Vincent and the Grenadines,Americas,Latin America and the Caribbean,2018,32.4037893372472,OAS/CTS,observed_official_unodc
VCT,Saint Vincent and the Grenadines,Americas,Latin America and the Caribbean,2019,18.2399416321868,OAS/CTS,observed_official_unodc
VCT,Saint Vincent and the Grenadines,Americas,Latin America and the Caribbean,2020,31.8760504607538,OAS/CTS,observed_official_unodc
VCT,Saint Vincent and the Grenadines,Americas,Latin America and the Caribbean,2021,31.1159945935959,OAS/CTS,observed_official_unodc
VCT,Saint Vincent and the Grenadines,Americas,Latin America and the Caribbean,2022,41.1579091782137,OAS/CTS,observed_official_unodc
VCT,Saint Vincent and the Grenadines,Americas,Latin America and the Caribbean,2023,51.3212761232698,OAS/CTS,observed_official_unodc
VCT,Saint Vincent and the Grenadines,Americas,Latin America and the Caribbean,2024,50.687763377594,OAS/CTS,observed_official_unodc
VEN,Venezuela (Bolivarian Republic of),Americas,Latin America and the Caribbean,2003,43.8038461298566,NGO/OAS/Attorney General/CTS/External,observed_official_unodc
VEN,Venezuela (Bolivarian Republic of),Americas,Latin America and the Caribbean,2004,36.8970797360357,NGO/OAS/Attorney General/CTS/External,observed_official_unodc
VEN,Venezuela (Bolivarian Republic of),Americas,Latin America and the Caribbean,2005,37.1988094364987,NGO/OAS/Attorney General/CTS/External,observed_official_unodc
VEN,Venezuela (Bolivarian Republic of),Americas,Latin America and the Caribbean,2006,45.0216395516922,NGO/OAS/Attorney General/CTS/External,observed_official_unodc
VEN,Venezuela (Bolivarian Republic of),Americas,Latin America and the Caribbean,2007,47.5815663456695,NGO/OAS/Attorney General/CTS/External,observed_official_unodc
VEN,Venezuela (Bolivarian Republic of),Americas,Latin America and the Caribbean,2008,52.0038429160992,NGO/OAS/Attorney General/CTS/External,observed_official_unodc
VEN,Venezuela (Bolivarian Republic of),Americas,Latin America and the Caribbean,2009,49.1766420057909,NGO/OAS/Attorney General/CTS/External,observed_official_unodc
VEN,Venezuela (Bolivarian Republic of),Americas,Latin America and the Caribbean,2010,45.3960162080437,NGO/OAS/Attorney General/CTS/External,observed_official_unodc
VEN,Venezuela (Bolivarian Republic of),Americas,Latin America and the Caribbean,2011,48.3052863947894,NGO/OAS/Attorney General/CTS/External,observed_official_unodc
VEN,Venezuela (Bolivarian Republic of),Americas,Latin America and the Caribbean,2012,54.3821288251794,NGO/OAS/Attorney General/CTS/External,observed_official_unodc
VEN,Venezuela (Bolivarian Republic of),Americas,Latin America and the Caribbean,2014,62.9006092038036,NGO/OAS/Attorney General/CTS/External,observed_official_unodc
VEN,Venezuela (Bolivarian Republic of),Americas,Latin America and the Caribbean,2015,51.2004132142202,NGO/OAS/Attorney General/CTS/External,observed_official_unodc
VEN,Venezuela (Bolivarian Republic of),Americas,Latin America and the Caribbean,2016,56.5792047678519,NGO/OAS/Attorney General/CTS/External,observed_official_unodc
VEN,Venezuela (Bolivarian Republic of),Americas,Latin America and the Caribbean,2017,47.9792075487112,NGO/OAS/Attorney General/CTS/External,observed_official_unodc
VEN,Venezuela (Bolivarian Republic of),Americas,Latin America and the Caribbean,2019,41.0324133949647,NGO/OAS/Attorney General/CTS/External,observed_official_unodc
VEN,Venezuela (Bolivarian Republic of),Americas,Latin America and the Caribbean,2020,29.475380243919,NGO/OAS/Attorney General/CTS/External,observed_official_unodc
VEN,Venezuela (Bolivarian Republic of),Americas,Latin America and the Caribbean,2021,19.2791045599615,NGO/OAS/Attorney General/CTS/External,observed_official_unodc
VEN,Venezuela (Bolivarian Republic of),Americas,Latin America and the Caribbean,2022,12.6466448562847,NGO/OAS/Attorney General/CTS/External,observed_official_unodc
VEN,Venezuela (Bolivarian Republic of),Americas,Latin America and the Caribbean,2023,13.812304038599,NGO/OAS/Attorney General/CTS/External,observed_official_unodc
VGB,British Virgin Islands,Americas,Latin America and the Caribbean,2003,9.03607653556826,MD,observed_official_unodc
VGB,British Virgin Islands,Americas,Latin America and the Caribbean,2004,17.4821354428443,MD,observed_official_unodc
VGB,British Virgin Islands,Americas,Latin America and the Caribbean,2006,8.16559833421794,MD,observed_official_unodc
VIR,United States Virgin Islands,Americas,Latin America and the Caribbean,2003,28.658592955533,MD,observed_official_unodc
VIR,United States Virgin Islands,Americas,Latin America and the Caribbean,2004,34.311838975467,MD,observed_official_unodc
VIR,United States Virgin Islands,Americas,Latin America and the Caribbean,2005,34.3845399673812,MD,observed_official_unodc
VIR,United States Virgin Islands,Americas,Latin America and the Caribbean,2006,40.0186133085156,MD,observed_official_unodc
VIR,United States Virgin Islands,Americas,Latin America and the Caribbean,2007,40.1010920553209,MD,observed_official_unodc
VIR,United States Virgin Islands,Americas,Latin America and the Caribbean,2008,43.0067314884069,MD,observed_official_unodc
VIR,United States Virgin Islands,Americas,Latin America and the Caribbean,2009,46.8344589214961,MD,observed_official_unodc
VIR,United States Virgin Islands,Americas,Latin America and the Caribbean,2010,52.6756403382529,MD,observed_official_unodc
VIR,United States Virgin Islands,Americas,Latin America and the Caribbean,2011,42.6983456763181,MD,observed_official_unodc
VIR,United States Virgin Islands,Americas,Latin America and the Caribbean,2012,49.8571401177396,MD,observed_official_unodc
VNM,Viet Nam,Asia,South-eastern Asia,2003,1.33100770216075,WHO,observed_official_unodc
VNM,Viet Nam,Asia,South-eastern Asia,2004,1.3231436501524,WHO,observed_official_unodc
VNM,Viet Nam,Asia,South-eastern Asia,2005,1.298584174516,WHO,observed_official_unodc
VNM,Viet Nam,Asia,South-eastern Asia,2006,1.27543729928635,WHO,observed_official_unodc
VNM,Viet Nam,Asia,South-eastern Asia,2007,1.39657163544714,WHO,observed_official_unodc
VNM,Viet Nam,Asia,South-eastern Asia,2008,1.28205448056468,WHO,observed_official_unodc
VNM,Viet Nam,Asia,South-eastern Asia,2009,1.42609270232914,WHO,observed_official_unodc
VNM,Viet Nam,Asia,South-eastern Asia,2010,1.52764014135863,WHO,observed_official_unodc
VNM,Viet Nam,Asia,South-eastern Asia,2011,1.53501286347562,WHO,observed_official_unodc
VUT,Vanuatu,Oceania,Melanesia,2019,0.684967866444965,External,observed_official_unodc
VUT,Vanuatu,Oceania,Melanesia,2020,0.3346065111081,External,observed_official_unodc
WSM,Samoa,Oceania,Polynesia,2009,8.35450242411109,SDG/SAS/NSO,observed_official_unodc
WSM,Samoa,Oceania,Polynesia,2010,8.28918908417413,SDG/SAS/NSO,observed_official_unodc
WSM,Samoa,Oceania,Polynesia,2013,3.02619932061825,SDG/SAS/NSO,observed_official_unodc
WSM,Samoa,Oceania,Polynesia,2017,3.40774385449907,SDG/SAS/NSO,observed_official_unodc
WSM,Samoa,Oceania,Polynesia,2018,6.26258538794308,SDG/SAS/NSO,observed_official_unodc
XKX,Kosovo under UNSCR 1244,Europe,Southern Europe,2008,6.27478679607165,CTS,observed_official_unodc
XKX,Kosovo under UNSCR 1244,Europe,Southern Europe,2009,4.06757410716052,CTS,observed_official_unodc
XKX,Kosovo under UNSCR 1244,Europe,Southern Europe,2010,5.92595077267969,CTS,observed_official_unodc
XKX,Kosovo under UNSCR 1244,Europe,Southern Europe,2011,3.45991989727386,CTS,observed_official_unodc
XKX,Kosovo under UNSCR 1244,Europe,Southern Europe,2012,4.98192116165116,CTS,observed_official_unodc
XKX,Kosovo under UNSCR 1244,Europe,Southern Europe,2013,2.25625933114568,CTS,observed_official_unodc
XKX,Kosovo under UNSCR 1244,Europe,Southern Europe,2014,3.04038656027525,CTS,observed_official_unodc
XKX,Kosovo under UNSCR 1244,Europe,Southern Europe,2015,2.36085035581387,CTS,observed_official_unodc
XKX,Kosovo under UNSCR 1244,Europe,Southern Europe,2016,2.15692969005204,CTS,observed_official_unodc
XKX,Kosovo under UNSCR 1244,Europe,Southern Europe,2017,2.71474940317931,CTS,observed_official_unodc
XKX,Kosovo under UNSCR 1244,Europe,Southern Europe,2018,2.48905241208978,CTS,observed_official_unodc
XKX,Kosovo under UNSCR 1244,Europe,Southern Europe,2019,1.36748864129747,CTS,observed_official_unodc
XKX,Kosovo under UNSCR 1244,Europe,Southern Europe,2020,2.11257513202167,CTS,observed_official_unodc
XKX,Kosovo under UNSCR 1244,Europe,Southern Europe,2021,1.89497747704421,CTS,observed_official_unodc
YEM,Yemen,Asia,Western Asia,2003,3.28107552537173,NSO/CTS,observed_official_unodc
YEM,Yemen,Asia,Western Asia,2004,2.92371623795113,NSO/CTS,observed_official_unodc
YEM,Yemen,Asia,Western Asia,2009,3.81830668627734,NSO/CTS,observed_official_unodc
YEM,Yemen,Asia,Western Asia,2010,4.10773754599573,NSO/CTS,observed_official_unodc
YEM,Yemen,Asia,Western Asia,2011,4.9849730254046,NSO/CTS,observed_official_unodc
YEM,Yemen,Asia,Western Asia,2012,5.68340730819006,NSO/CTS,observed_official_unodc
YEM,Yemen,Asia,Western Asia,2013,5.80971851623815,NSO/CTS,observed_official_unodc
ZAF,South Africa,Africa,Sub-Saharan Africa,2003,40.8739335231162,NP/CTS/NP Adjusted,observed_official_unodc
ZAF,South Africa,Africa,Sub-Saharan Africa,2004,38.3597777084255,NP/CTS/NP Adjusted,observed_official_unodc
ZAF,South Africa,Africa,Sub-Saharan Africa,2005,37.4378416502353,NP/CTS/NP Adjusted,observed_official_unodc
ZAF,South Africa,Africa,Sub-Saharan Africa,2006,38.213316830898,NP/CTS/NP Adjusted,observed_official_unodc
ZAF,South Africa,Africa,Sub-Saharan Africa,2007,36.4150322955323,NP/CTS/NP Adjusted,observed_official_unodc
ZAF,South Africa,Africa,Sub-Saharan Africa,2008,35.379325145242,NP/CTS/NP Adjusted,observed_official_unodc
ZAF,South Africa,Africa,Sub-Saharan Africa,2009,32.4134564386112,NP/CTS/NP Adjusted,observed_official_unodc
ZAF,South Africa,Africa,Sub-Saharan Africa,2010,30.3625716702744,NP/CTS/NP Adjusted,observed_official_unodc
ZAF,South Africa,Africa,Sub-Saharan Africa,2011,29.3498251398405,NP/CTS/NP Adjusted,observed_official_unodc
ZAF,South Africa,Africa,Sub-Saharan Africa,2012,30.1454561488805,NP/CTS/NP Adjusted,observed_official_unodc
ZAF,South Africa,Africa,Sub-Saharan Africa,2013,31.132729039924,NP/CTS/NP Adjusted,observed_official_unodc
ZAF,South Africa,Africa,Sub-Saharan Africa,2014,32.026354388996,NP/CTS/NP Adjusted,observed_official_unodc
ZAF,South Africa,Africa,Sub-Saharan Africa,2015,32.9193156001477,NP/CTS/NP Adjusted,observed_official_unodc
ZAF,South Africa,Africa,Sub-Saharan Africa,2016,33.2101800798263,NP/CTS/NP Adjusted,observed_official_unodc
ZAF,South Africa,Africa,Sub-Saharan Africa,2017,35.2840163787516,NP/CTS/NP Adjusted,observed_official_unodc
ZAF,South Africa,Africa,Sub-Saharan Africa,2018,35.8657632618552,NP/CTS/NP Adjusted,observed_official_unodc
ZAF,South Africa,Africa,Sub-Saharan Africa,2019,35.7874756270719,NP/CTS/NP Adjusted,observed_official_unodc
ZAF,South Africa,Africa,Sub-Saharan Africa,2020,32.9775673780065,NP/CTS/NP Adjusted,observed_official_unodc
ZAF,South Africa,Africa,Sub-Saharan Africa,2021,40.9429825270973,NP/CTS/NP Adjusted,observed_official_unodc
ZAF,South Africa,Africa,Sub-Saharan Africa,2022,43.7202551331462,NP/CTS/NP Adjusted,observed_official_unodc
ZAF,South Africa,Africa,Sub-Saharan Africa,2023,43.3759945153785,NP/CTS/NP Adjusted,observed_official_unodc
ZAF,South Africa,Africa,Sub-Saharan Africa,2024,39.7189774932538,NP/CTS/NP Adjusted,observed_official_unodc
ZMB,Zambia,Africa,Sub-Saharan Africa,2008,5.32971915912698,WHO/NP,observed_official_unodc
ZMB,Zambia,Africa,Sub-Saharan Africa,2009,6.01909974504443,WHO/NP,observed_official_unodc
ZMB,Zambia,Africa,Sub-Saharan Africa,2010,5.82860993954142,WHO/NP,observed_official_unodc
ZMB,Zambia,Africa,Sub-Saharan Africa,2011,5.9773668355394,WHO/NP,observed_official_unodc
ZMB,Zambia,Africa,Sub-Saharan Africa,2012,5.93416934268648,WHO/NP,observed_official_unodc
ZMB,Zambia,Africa,Sub-Saharan Africa,2013,5.63023682646344,WHO/NP,observed_official_unodc
ZMB,Zambia,Africa,Sub-Saharan Africa,2014,5.19020856145348,WHO/NP,observed_official_unodc
ZMB,Zambia,Africa,Sub-Saharan Africa,2015,5.20150860823759,WHO/NP,observed_official_unodc
ZWE,Zimbabwe,Africa,Sub-Saharan Africa,2003,11.118084893527,WHO/NP,observed_official_unodc
ZWE,Zimbabwe,Africa,Sub-Saharan Africa,2004,10.9656429263193,WHO/NP,observed_official_unodc
ZWE,Zimbabwe,Africa,Sub-Saharan Africa,2005,10.8143341836738,WHO/NP,observed_official_unodc
ZWE,Zimbabwe,Africa,Sub-Saharan Africa,2006,8.48339861408806,WHO/NP,observed_official_unodc
ZWE,Zimbabwe,Africa,Sub-Saharan Africa,2010,5.32323192052437,WHO/NP,observed_official_unodc
ZWE,Zimbabwe,Africa,Sub-Saharan Africa,2012,7.09949357669519,WHO/NP,observed_official_unodc
ZWE,Zimbabwe,Africa,Sub-Saharan Africa,2018,4.88212007993374,WHO/NP,observed_official_unodc
ZWE,Zimbabwe,Africa,Sub-Saharan Africa,2019,5.1730796210621,WHO/NP,observed_official_unodc
ZWE,Zimbabwe,Africa,Sub-Saharan Africa,2020,5.02354351291954,WHO/NP,observed_official_unodc
ZWE,Zimbabwe,Africa,Sub-Saharan Africa,2021,6.2162875596387,WHO/NP,observed_official_unodc
ZWE,Zimbabwe,Africa,Sub-Saharan Africa,2022,6.75833125350771,WHO/NP,observed_official_unodc
