microrregion_code,microrregion_name,uf,macroregion,start_year,end_year,homicides_start,population_start,rate_start_per_100k,homicides_end,population_end,rate_end_per_100k,delta_rate_per_100k,rate_average_2015_2017_per_100k,rate_average_2022_2024_per_100k,delta_average_rate_per_100k,visual_scale_limit,visual_value_clipped,visually_clipped
11001,Porto Velho,RO,Norte,2016,2024,300,648872.0,46.23408006509759,232,632578.0,36.67531909108442,-9.558760974013168,41.56656096052153,42.79720535914266,1.2306443986211306,45.0,-9.558760974013168,0
11002,Guajará-Mirim,RO,Norte,2016,2024,20,83432.0,23.97161760475597,33,74586.0,44.244228139329095,20.272610534573126,21.57738689853034,29.394062399395324,7.816675500864985,45.0,20.272610534573126,0
11003,Ariquemes,RO,Norte,2016,2024,100,201599.0,49.60342065188816,48,188703.0,25.436797507193845,-24.166623144694313,46.13827591681219,29.483756119270137,-16.654519797542054,45.0,-24.166623144694313,0
11004,Ji-Paraná,RO,Norte,2016,2024,99,317230.0,31.207641143649717,64,310174.0,20.633579861626053,-10.574061282023663,25.323638197713517,28.468005000466967,3.1443668027534493,45.0,-10.574061282023663,0
11005,Alvorada D'Oeste,RO,Norte,2016,2024,19,75248.0,25.249840527322984,15,65562.0,22.87910679967054,-2.3707337276524427,20.819951715431127,34.07673031151374,13.256778596082615,45.0,-2.3707337276524427,0
11006,Cacoal,RO,Norte,2016,2024,54,249644.0,21.63080226242169,45,254075.0,17.7113057168159,-3.9194965456057886,21.765081331969565,19.67501823034906,-2.0900631016205047,45.0,-3.9194965456057886,0
11007,Vilhena,RO,Norte,2016,2024,83,157201.0,52.79864631904377,63,170984.0,36.84555280026201,-15.953093518781756,43.26369433775797,33.7784258841606,-9.48526845359737,45.0,-15.953093518781756,0
11008,Colorado do Oeste,RO,Norte,2016,2024,14,54053.0,25.900505059848665,15,49565.0,30.26329062846767,4.362785568619003,20.96552404560618,26.34936484162645,5.383840796020269,45.0,4.362785568619003,0
12001,Cruzeiro do Sul,AC,Norte,2016,2024,28,145544.0,19.23816852635629,19,163474.0,11.622643356130027,-7.615525170226263,26.56948952223019,13.861673103943646,-12.707816418286543,45.0,-7.615525170226263,0
12002,Tarauacá,AC,Norte,2016,2024,24,79484.0,30.19475617734387,27,93948.0,28.739302592923746,-1.4554535844201233,32.29337482542705,26.364500200480055,-5.928874624946996,45.0,-1.4554535844201233,0
12003,Sena Madureira,AC,Norte,2016,2024,9,57237.0,15.724094554221919,6,63835.0,9.399232396020992,-6.3248621582009275,26.792162709969013,19.370929078185913,-7.4212336317831,45.0,-6.3248621582009275,0
12004,Rio Branco,AC,Norte,2016,2024,279,468316.0,59.57515865355871,108,484131.0,22.30801167452611,-37.2671469790326,56.94760820045558,26.073660926210124,-30.87394727424546,45.0,-37.2671469790326,0
12005,Brasiléia,AC,Norte,2016,2024,23,66106.0,34.79260581490334,14,75243.0,18.606381989022236,-16.186223825881104,28.744761645410673,35.988511009523286,7.243749364112613,45.0,-16.186223825881104,0
13001,Rio Negro,AM,Norte,2016,2024,32,112645.0,28.407829908118426,49,105675.0,46.36858291932813,17.9607530112097,30.778883318437142,24.891423288350975,-5.887460030086167,45.0,17.9607530112097,0
13002,Japurá,AM,Norte,2016,2024,1,23137.0,4.322081514457363,5,25240.0,19.80982567353407,15.487744159076708,5.761945232710563,29.553804716518563,23.791859483808,45.0,15.487744159076708,0
13003,Alto Solimões,AM,Norte,2016,2024,39,248118.0,15.718327569946558,66,281494.0,23.446325676568595,7.727998106622037,16.256973032234487,29.929084016703865,13.672110984469377,45.0,7.727998106622037,0
13004,Juruá,AM,Norte,2016,2024,34,147121.0,23.110228995180837,54,147018.0,36.730196302493574,13.619967307312738,21.75321879659381,32.409884781693776,10.656665985099966,45.0,13.619967307312738,0
13005,Tefé,AM,Norte,2016,2024,15,91235.0,16.44105880418699,30,111226.0,26.972110837394133,10.531052033207143,12.787630342489276,24.474267940567803,11.686637598078526,45.0,10.531052033207143,0
13006,Coari,AM,Norte,2016,2024,58,174835.0,33.174135613578514,94,162967.0,57.68038928126553,24.50625366768702,34.32206298479914,52.33273150692101,18.01066852212187,45.0,24.50625366768702,0
13007,Manaus,AM,Norte,2016,2024,1087,2369017.0,45.88401011896495,808,2572079.0,31.41427615559242,-14.46973396337253,50.09748604904628,42.19036166213725,-7.907124386909032,45.0,-14.46973396337253,0
13008,Rio Preto da Eva,AM,Norte,2016,2024,25,64977.0,38.4751527463564,21,58727.0,35.75867999386994,-2.7164727524864603,37.45625827372828,48.980591440641646,11.524333166913365,45.0,-2.7164727524864603,0
13009,Itacoatiara,AM,Norte,2016,2024,37,174140.0,21.247272309635925,48,189588.0,25.31805810494335,4.070785795307426,22.39830308924288,26.96444155366197,4.56613846441909,45.0,4.070785795307426,0
13010,Parintins,AM,Norte,2016,2024,58,273814.0,21.182262411710138,57,279733.0,20.37657337532576,-0.8056890363843792,15.462160319470147,25.065335746486245,9.603175427016097,45.0,-0.8056890363843792,0
13011,Boca do Acre,AM,Norte,2016,2024,14,53328.0,26.25262526252625,20,58478.0,34.20089606347686,7.94827080095061,25.62868412334273,27.655680888747668,2.026996765404938,45.0,7.94827080095061,0
13012,Purus,AM,Norte,2016,2024,10,77422.0,12.916225362300121,11,87313.0,12.5983530516647,-0.3178723106354209,12.056077985601599,14.575909960270797,2.5198319746691986,45.0,-0.3178723106354209,0
13013,Madeira,AM,Norte,2016,2024,37,191878.0,19.283086127643607,57,201671.0,28.26385548740275,8.980769359759144,18.069327143430495,28.332262339681638,10.262935196251142,45.0,8.980769359759144,0
14001,Boa Vista,RR,Norte,2016,2024,140,365901.0,38.26171560066794,105,530905.0,19.777549655776458,-18.484165944891483,43.73205732908282,31.24001846365194,-12.492038865430882,45.0,-18.484165944891483,0
14002,Nordeste de Roraima,RR,Norte,2016,2024,14,48362.0,28.94834787643191,11,67089.0,16.396130513198884,-12.552217363233027,22.747482267303596,18.31056284054377,-4.436919426759825,45.0,-12.552217363233027,0
14003,Caracaraí,RR,Norte,2016,2024,34,47747.0,71.20866232433451,47,52840.0,88.94776684330053,17.739104518966016,66.32873919539749,55.60189046427578,-10.726848731121706,45.0,17.739104518966016,0
14004,Sudeste de Roraima,RR,Norte,2016,2024,16,52219.0,30.640188437158887,11,65959.0,16.67702663775982,-13.963161799399067,30.005107252298263,19.133415713317653,-10.87169153898061,45.0,-13.963161799399067,0
15001,Óbidos,PA,Norte,2016,2024,28,201119.0,13.922105817948578,29,210475.0,13.778358474878251,-0.1437473430703271,12.100797989609891,15.95874176720267,3.8579437775927783,45.0,-0.1437473430703271,0
15002,Santarém,PA,Norte,2016,2024,108,510742.0,21.14570565960896,53,611978.0,8.660442042034191,-12.48526361757477,20.560096182088046,13.014770073803888,-7.545326108284158,45.0,-12.48526361757477,0
15003,Almeirim,PA,Norte,2016,2024,10,72528.0,13.787778513125966,10,80007.0,12.498906345694751,-1.2888721674312151,17.007037236218554,23.67363101848265,6.666593782264094,45.0,-1.2888721674312151,0
15004,Portel,PA,Norte,2016,2024,20,147088.0,13.597302295224628,24,165299.0,14.519144096455515,0.9218418012308867,15.86700727842291,16.282514145434163,0.4155068670112527,45.0,0.9218418012308867,0
15005,Furos de Breves,PA,Norte,2016,2024,40,223291.0,17.91384337031049,43,249192.0,17.2557706507432,-0.65807271956729,16.57287811170717,17.723057836706946,1.1501797249997772,45.0,-0.65807271956729,0
15006,Arari,PA,Norte,2016,2024,16,170786.0,9.368449404517934,16,179765.0,8.900508997858315,-0.46794040665961845,9.760668410572755,7.415160581006352,-2.3455078295664036,45.0,-0.46794040665961845,0
15007,Belém,PA,Norte,2016,2024,1760,2280761.0,77.16722620213166,644,2253177.0,28.58186462936556,-48.585361572766104,72.81959610118444,28.12928550008753,-44.69031060109691,45.0,-45.0,1
15008,Castanhal,PA,Norte,2016,2024,233,329626.0,70.68617160054121,83,350920.0,23.652114442038073,-47.034057158503146,68.77787779789418,32.43096626589855,-36.34691153199563,45.0,-45.0,1
15009,Salgado,PA,Norte,2016,2024,105,262427.0,40.01112690386279,48,277672.0,17.286582730703852,-22.724544173158936,36.58522642825294,23.199136202375442,-13.386090225877496,45.0,-22.724544173158936,0
15010,Bragantina,PA,Norte,2016,2024,113,409039.0,27.625727620104684,90,427828.0,21.036491300242155,-6.589236319862529,27.87322410072177,24.439366932254476,-3.433857168467295,45.0,-6.589236319862529,0
15011,Cametá,PA,Norte,2016,2024,159,478943.0,33.19810499370489,123,536716.0,22.917147988880526,-10.280957004824362,33.481692266355566,25.735777846192054,-7.745914420163512,45.0,-10.280957004824362,0
15012,Tomé-Açu,PA,Norte,2016,2024,176,325988.0,53.989717412910906,113,329635.0,34.280340376477014,-19.709377036433892,59.3197457023867,39.18436085461508,-20.13538484777162,45.0,-19.709377036433892,0
15013,Guamá,PA,Norte,2016,2024,162,465819.0,34.77745647987738,134,440683.0,30.407344962251777,-4.3701115176256025,33.708420019795646,34.03645691313316,0.3280368933375115,45.0,-4.3701115176256025,0
15014,Itaituba,PA,Norte,2016,2024,109,214640.0,50.78270592620201,100,268410.0,37.25643604932752,-13.526269876874494,49.38647400765024,40.61396490619266,-8.77250910145758,45.0,-13.526269876874494,0
15015,Altamira,PA,Norte,2016,2024,209,297477.0,70.25753251511881,150,357556.0,41.95147053888062,-28.30606197623819,81.36231445525914,54.17659542106369,-27.18571903419545,45.0,-28.30606197623819,0
15016,Tucuruí,PA,Norte,2016,2024,181,368588.0,49.10631925076237,115,312338.0,36.81908701470842,-12.287232236053946,48.030609337476086,39.79259879466583,-8.238010542810258,45.0,-12.287232236053946,0
15017,Paragominas,PA,Norte,2016,2024,171,334228.0,51.16267936857474,116,323653.0,35.840854248222634,-15.32182512035211,48.77956325831522,41.42135636403122,-7.358206894284002,45.0,-15.32182512035211,0
15018,São Félix do Xingu,PA,Norte,2016,2024,70,205857.0,34.004187372787904,63,162531.0,38.76183620355501,4.75764883076711,32.39679595687986,52.82470687004179,20.427910913161924,45.0,4.75764883076711,0
15019,Parauapebas,PA,Norte,2016,2024,184,307967.0,59.74666116824205,125,453727.0,27.549605820239925,-32.197055348002124,61.28140942910845,35.072951739618404,-26.208457689490047,45.0,-32.197055348002124,0
15020,Marabá,PA,Norte,2016,2024,243,319770.0,75.99211933577259,124,338468.0,36.63566422822837,-39.356455107544214,76.8412711652348,46.11597862544796,-30.725292539786842,45.0,-39.356455107544214,0
15021,Redenção,PA,Norte,2016,2024,78,190717.0,40.89829433139154,101,219850.0,45.94041391858085,5.042119587189312,44.7462485689066,44.383079107368765,-0.36316946153783647,45.0,5.042119587189312,0
15022,Conceição do Araguaia,PA,Norte,2016,2024,34,155323.0,21.889868210116983,44,114426.0,38.452799188995506,16.562930978878523,27.04634584548809,44.56209624822563,17.515750402737538,45.0,16.562930978878523,0
16001,Oiapoque,AP,Norte,2016,2024,10,35237.0,28.379260436473025,18,41872.0,42.98815437523882,14.608893938765796,29.32773268244688,40.01700722807193,10.689274545625054,45.0,14.608893938765796,0
16002,Amapá,AP,Norte,2016,2024,10,29010.0,34.47087211306446,8,26261.0,30.46342485053882,-4.007447262525638,29.877158912011765,30.093682943423875,0.21652403141210996,45.0,-4.007447262525638,0
16003,Macapá,AP,Norte,2016,2024,342,636748.0,53.710416051562,308,661238.0,46.579295200820276,-7.131120850741723,48.42698676294126,56.59806590747192,8.171079144530658,45.0,-7.131120850741723,0
16004,Mazagão,AP,Norte,2016,2024,19,81300.0,23.370233702337025,29,73466.0,39.47404241417799,16.103808711840962,30.752955359010002,43.72509608942487,12.972140730414871,45.0,16.103808711840962,0
17001,Bico do Papagaio,TO,Norte,2016,2024,55,212579.0,25.872734371692406,33,209339.0,15.76390448029273,-10.108829891399676,24.776851520796875,19.089866354757664,-5.686985166039211,45.0,-10.108829891399676,0
17002,Araguaína,TO,Norte,2016,2024,165,310729.0,53.100933610960034,60,308359.0,19.45783972577418,-33.643093885185856,48.171727380209035,25.302958733526143,-22.86876864668289,45.0,-33.643093885185856,0
17003,Miracema do Tocantins,TO,Norte,2016,2024,44,149097.0,29.510989490063515,31,146231.0,21.19933529826097,-8.311654191802546,28.84092997466917,30.257360795930268,1.4164308212610983,45.0,-8.311654191802546,0
17004,Rio Formoso,TO,Norte,2016,2024,44,125805.0,34.974762529311235,19,133111.0,14.273801564108151,-20.700960965203084,30.472940029254023,24.272154728598984,-6.200785300655038,45.0,-20.700960965203084,0
17005,Gurupi,TO,Norte,2016,2024,53,148490.0,35.69263923496532,33,148412.0,22.23539875481767,-13.45724048014765,39.511582955241906,21.980890363440285,-17.53069259180162,45.0,-13.45724048014765,0
17006,Porto Nacional,TO,Norte,2016,2024,156,383420.0,40.68645349747014,84,442757.0,18.972032062734186,-21.714421434735954,37.39013387407003,27.56091350065525,-9.829220373414781,45.0,-21.714421434735954,0
17007,Jalapão,TO,Norte,2016,2024,16,78618.0,20.351573431020885,18,73657.0,24.437595883622738,4.086022452601853,22.473815884323454,29.346355778710137,6.872539894386684,45.0,4.086022452601853,0
17008,Dianópolis,TO,Norte,2016,2024,33,124164.0,26.577752005412197,31,115476.0,26.845405105822856,0.2676531004106586,26.847223191705282,27.128730200402554,0.28150700869727174,45.0,0.2676531004106586,0
21001,Litoral Ocidental Maranhense,MA,Nordeste,2016,2024,49,187688.0,26.10715655769149,47,180671.0,26.01413619230535,-0.09302036538613834,22.734175326670563,24.63688589762254,1.902710570951978,45.0,-0.09302036538613834,0
21002,Aglomeração Urbana de São Luís,MA,Nordeste,2016,2024,806,1409162.0,57.19711431332948,280,1529831.0,18.302675262823147,-38.894439050506335,58.55877277847536,20.811953958068933,-37.746818820406425,45.0,-38.894439050506335,0
21003,Rosário,MA,Nordeste,2016,2024,41,174476.0,23.498933950801256,66,173648.0,38.00792407629227,14.508990125491014,25.03353729614866,35.63604498320432,10.602507687055663,45.0,14.508990125491014,0
21004,Lençóis Maranhenses,MA,Nordeste,2016,2024,16,194298.0,8.234773389329792,21,195311.0,10.752082575994184,2.5173091866643915,8.754072360132238,10.748354158269516,1.994281798137278,45.0,2.5173091866643915,0
21005,Baixada Maranhense,MA,Nordeste,2016,2024,179,595044.0,30.0818090763036,245,592259.0,41.36703705642295,11.285227980119352,27.285848113634632,34.10918882692672,6.823340713292087,45.0,11.285227980119352,0
21006,Itapecuru Mirim,MA,Nordeste,2016,2024,43,232934.0,18.46016468184121,74,217569.0,34.01219842900413,15.55203374716292,19.181658898571968,29.194269227066194,10.012610328494226,45.0,15.55203374716292,0
21007,Gurupi,MA,Nordeste,2016,2024,52,238005.0,21.84828049830886,51,243918.0,20.908666027107472,-0.9396144712013879,23.674275588179672,22.032795608406552,-1.6414799797731199,45.0,-0.9396144712013879,0
21008,Pindaré,MA,Nordeste,2016,2024,204,654404.0,31.173403585552656,212,586466.0,36.148728144513065,4.975324558960409,31.789196869375438,35.15098500551179,3.3617881361363544,45.0,4.975324558960409,0
21009,Imperatriz,MA,Nordeste,2016,2024,318,589439.0,53.9496029275294,271,615912.0,43.99979217810336,-9.949810749426035,46.207610738490374,43.727619884722095,-2.479990853768278,45.0,-9.949810749426035,0
21010,Médio Mearim,MA,Nordeste,2016,2024,120,416384.0,28.8195511835229,125,412113.0,30.331486752419845,1.511935568896945,23.936774891844205,27.382312419887267,3.4455375280430616,45.0,1.511935568896945,0
21011,Alto Mearim e Grajaú,MA,Nordeste,2016,2024,87,330611.0,26.3149139018363,83,328332.0,25.27929047427604,-1.0356234275602603,25.109691029789776,27.730743756072542,2.621052726282766,45.0,-1.0356234275602603,0
21012,Presidente Dutra,MA,Nordeste,2016,2024,39,195820.0,19.9162496169952,69,195960.0,35.2112676056338,15.295017988638602,23.83311372821398,31.368899115379808,7.535785387165827,45.0,15.295017988638602,0
21013,Baixo Parnaíba Maranhense,MA,Nordeste,2016,2024,20,143983.0,13.890528742976601,24,129878.0,18.4788801798611,4.5883514368844995,11.809546744964733,17.944496890920863,6.134950145956131,45.0,4.5883514368844995,0
21014,Chapadinha,MA,Nordeste,2016,2024,34,240987.0,14.10864486466075,87,252588.0,34.44344149365766,20.33479662899691,16.18407238291792,27.223692927472328,11.03962054455441,45.0,20.33479662899691,0
21015,Codó,MA,Nordeste,2016,2024,80,273399.0,29.261262842951144,107,264107.0,40.51388263090338,11.252619787952238,29.142147837262442,32.6713854397088,3.529237602446358,45.0,11.252619787952238,0
21016,Coelho Neto,MA,Nordeste,2016,2024,17,92230.0,18.43218041851892,43,83444.0,51.53156608024543,33.099385661726515,20.24254911529216,35.20378744195927,14.961238326667111,45.0,33.099385661726515,0
21017,Caxias,MA,Nordeste,2016,2024,151,437336.0,34.527228492509195,192,451419.0,42.532547367301774,8.005318874792579,33.541417170613755,42.45589273112209,8.914475560508336,45.0,8.005318874792579,0
21018,Chapadas do Alto Itapecuru,MA,Nordeste,2016,2024,36,217425.0,16.557433597792343,37,214812.0,17.22436362959239,0.666930031800046,14.719320948660235,14.933303152341699,0.21398220368146426,45.0,0.666930031800046,0
21019,Porto Franco,MA,Nordeste,2016,2024,38,118414.0,32.09080007431554,31,112099.0,27.6541271554608,-4.43667291885474,29.845535276859575,40.961511238814644,11.115975961955069,45.0,-4.43667291885474,0
21020,Gerais de Balsas,MA,Nordeste,2016,2024,40,140990.0,28.370806440173062,68,157517.0,43.169943561647315,14.799137121474253,30.97893432465923,37.27066690795653,6.2917325832973,45.0,14.799137121474253,0
21021,Chapadas das Mangabeiras,MA,Nordeste,2016,2024,11,71007.0,15.491430422352726,12,73106.0,16.4145213799141,0.9230909575613726,11.26765853360814,19.381588874967985,8.113930341359845,45.0,0.9230909575613726,0
22001,Baixo Parnaíba Piauiense,PI,Nordeste,2016,2024,44,338403.0,13.00224879803075,55,354805.0,15.50147263990079,2.499223841870039,13.594652769910502,17.734908879754457,4.140256109843955,45.0,2.499223841870039,0
22002,Litoral Piauiense,PI,Nordeste,2016,2024,53,314320.0,16.861796894884193,93,342612.0,27.14440825190011,10.282611357015917,16.015425718652455,34.19245595491353,18.17703023626107,45.0,10.282611357015917,0
22003,Teresina,PI,Nordeste,2016,2024,407,1037603.0,39.22502151593625,328,1120184.0,29.28090385151011,-9.944117664426138,36.660577990479815,30.901762295934155,-5.75881569454566,45.0,-9.944117664426138,0
22004,Campo Maior,PI,Nordeste,2016,2024,23,224301.0,10.254078225241974,38,226956.0,16.74333350957895,6.489255284336975,9.51145312711314,13.52081202133911,4.009358894225969,45.0,6.489255284336975,0
22005,Médio Parnaíba Piauiense,PI,Nordeste,2016,2024,17,132980.0,12.783877274778161,13,133310.0,9.751706548646013,-3.032170726132149,11.781692753506933,13.636776872026426,1.8550841185194926,45.0,-3.032170726132149,0
22006,Valença do Piauí,PI,Nordeste,2016,2024,10,105110.0,9.513842641042718,7,104555.0,6.6950408875711345,-2.8188017534715835,6.342601989039983,5.790639431359208,-0.5519625576807758,45.0,-2.8188017534715835,0
22007,Alto Parnaíba Piauiense,PI,Nordeste,2016,2024,7,45747.0,15.301549828404049,5,52763.0,9.47633758505013,-5.825212243353919,11.660702703096645,10.307053567689964,-1.3536491354066804,45.0,-5.825212243353919,0
22008,Bertolínia,PI,Nordeste,2016,2024,2,41528.0,4.816027740319784,4,42087.0,9.504122413096681,4.688094672776897,5.619150063416122,8.004738805372781,2.385588741956659,45.0,4.688094672776897,0
22009,Floriano,PI,Nordeste,2016,2024,27,122960.0,21.9583604424203,19,125547.0,15.133774602340159,-6.824585840080141,18.163482183521655,17.465160363758987,-0.6983218197626684,45.0,-6.824585840080141,0
22010,Alto Médio Gurguéia,PI,Nordeste,2016,2024,15,91491.0,16.395055251336196,21,98985.0,21.215335656917716,4.820280405581521,9.474044761217634,22.23305370992706,12.759008948709425,45.0,4.820280405581521,0
22011,São Raimundo Nonato,PI,Nordeste,2016,2024,9,139668.0,6.443852564653321,15,146018.0,10.272706104726815,3.828853540073494,8.592849317226515,11.339482109652792,2.7466327924262774,45.0,3.828853540073494,0
22012,Chapadas do Extremo Sul Piauiense,PI,Nordeste,2016,2024,12,84775.0,14.155116484812739,27,86102.0,31.35815660495691,17.203040120144173,14.15661939928745,27.433713290262403,13.277093890974953,45.0,17.203040120144173,0
22013,Picos,PI,Nordeste,2016,2024,24,204707.0,11.724073920286067,27,213804.0,12.628388617612393,0.9043146973263259,13.027215481542878,12.648571304344388,-0.3786441771984901,45.0,0.9043146973263259,0
22014,Pio IX,PI,Nordeste,2016,2024,14,59681.0,23.45805197634088,5,57751.0,8.657858738376826,-14.800193237964054,22.900805996659834,13.974409362854272,-8.926396633805561,45.0,-14.800193237964054,0
22015,Alto Médio Canindé,PI,Nordeste,2016,2024,34,268906.0,12.64382349222405,33,270167.0,12.214667224346423,-0.4291562678776266,11.902060916235527,11.84358489107642,-0.058476025159107436,45.0,-0.4291562678776266,0
23001,Litoral de Camocim e Acaraú,CE,Nordeste,2016,2024,93,382297.0,24.326636097065894,158,418523.0,37.751808144355266,13.425172047289372,23.02075966762906,35.25385221781005,12.233092550180988,45.0,13.425172047289372,0
23002,Ibiapaba,CE,Nordeste,2016,2024,69,313467.0,22.01188641866608,113,337595.0,33.472059716524235,11.460173297858155,19.248868730159575,32.225688925121744,12.976820194962169,45.0,11.460173297858155,0
23003,Coreaú,CE,Nordeste,2016,2024,10,58785.0,17.011142298205325,9,60559.0,14.861539985798974,-2.1496023124063512,20.981836534481097,27.412050673133674,6.430214138652577,45.0,-2.1496023124063512,0
23004,Meruoca,CE,Nordeste,2016,2024,1,26205.0,3.8160656363289447,2,27503.0,7.2719339708395445,3.4558683345106,3.816454005368479,9.871241987327792,6.054787981959313,45.0,3.4558683345106,0
23005,Sobral,CE,Nordeste,2016,2024,101,407279.0,24.798725198205652,236,423011.0,55.79051135786067,30.99178615965502,35.196712790730984,44.950765998982355,9.75405320825137,45.0,30.99178615965502,0
23006,Ipu,CE,Nordeste,2016,2024,21,139483.0,15.055598173254088,35,142347.0,24.587803044672526,9.532204871418438,17.92320266123713,20.504897332455915,2.5816946712187843,45.0,9.532204871418438,0
23007,Santa Quitéria,CE,Nordeste,2016,2024,14,73826.0,18.96350879094086,13,70689.0,18.390414350181782,-0.5730944407590783,29.800337737161023,17.72399901320438,-12.076338723956642,45.0,-0.5730944407590783,0
23008,Itapipoca,CE,Nordeste,2016,2024,42,223562.0,18.786734776035285,163,243750.0,66.87179487179488,48.08506009575959,21.47327546484422,50.75957070303408,29.286295238189858,45.0,45.0,1
23009,Baixo Curu,CE,Nordeste,2016,2024,46,113712.0,40.45307443365696,57,132842.0,42.90811640896705,2.4550419753100883,54.237089373928086,42.60576882109838,-11.631320552829706,45.0,2.4550419753100883,0
23010,Uruburetama,CE,Nordeste,2016,2024,37,108319.0,34.15836556836751,39,103626.0,37.63534248161658,3.476976913249075,33.854383065422056,39.05679481562075,5.202411750198692,45.0,3.476976913249075,0
23011,Médio Curu,CE,Nordeste,2016,2024,30,89931.0,33.358908496514,60,88446.0,67.83800284919612,34.47909435268212,30.396150809390186,56.355198767086264,25.95904795769608,45.0,34.47909435268212,0
23012,Canindé,CE,Nordeste,2016,2024,34,131374.0,25.88031117268257,51,125241.0,40.721488969267256,14.841177796584685,27.658446102823444,38.65909705325764,11.000650950434196,45.0,14.841177796584685,0
23013,Baturité,CE,Nordeste,2016,2024,90,195198.0,46.10702978514124,64,192379.0,33.267664350059,-12.839365435082243,48.159027255960105,38.05889084762965,-10.100136408330457,45.0,-12.839365435082243,0
23014,Chorozinho,CE,Nordeste,2016,2024,43,65290.0,65.86000918976872,9,69332.0,12.981018865747417,-52.8789903240213,69.94756485466733,19.064378941193723,-50.88318591347361,45.0,-45.0,1
23015,Cascavel,CE,Nordeste,2016,2024,34,143723.0,23.65661724289084,46,156638.0,29.367075677677192,5.710458434786354,36.64872889218779,31.16863868246023,-5.48009020972756,45.0,5.710458434786354,0
23016,Fortaleza,CE,Nordeste,2016,2024,1782,3593128.0,49.59467071587764,1207,3655441.0,33.01927181973392,-16.575398896143717,67.35831095787971,35.03762181062869,-32.32068914725102,45.0,-16.575398896143717,0
23017,Pacajus,CE,Nordeste,2016,2024,95,134550.0,70.60572277963583,29,154759.0,18.7388132515718,-51.86690952806403,94.65895518319729,33.721911810544974,-60.93704337265232,45.0,-45.0,1
23018,Sertão de Cratéus,CE,Nordeste,2016,2024,60,246215.0,24.368945840017872,54,252319.0,21.401479872700826,-2.9674659673170467,29.514020513598112,25.681103884098892,-3.83291662949922,45.0,-2.9674659673170467,0
23019,Sertão de Quixeramobim,CE,Nordeste,2016,2024,104,281994.0,36.88021730958815,107,285938.0,37.42069959221929,0.540482282631146,39.72049068991892,38.03723131747894,-1.6832593724399771,45.0,0.540482282631146,0
23020,Sertão de Inhamuns,CE,Nordeste,2016,2024,48,149983.0,32.00362707773548,37,142523.0,25.96072212905987,-6.042904948675609,29.782212018233825,18.993555249284476,-10.788656768949348,45.0,-6.042904948675609,0
23021,Sertão de Senador Pompeu,CE,Nordeste,2016,2024,87,223688.0,38.89345874611065,73,212009.0,34.432500507053945,-4.460958239056708,45.153454686347416,28.456620040974336,-16.69683464537308,45.0,-4.460958239056708,0
23022,Litoral de Aracati,CE,Nordeste,2016,2024,26,116555.0,22.307065333962505,50,126950.0,39.38558487593541,17.078519541972902,30.031661952172435,34.363430866414845,4.33176891424241,45.0,17.078519541972902,0
23023,Baixo Jaguaribe,CE,Nordeste,2016,2024,256,327836.0,78.08782440000488,129,330771.0,38.99979139646462,-39.088033003540254,76.26237102762019,51.061084262090276,-25.201286765529915,45.0,-39.088033003540254,0
23024,Médio Jaguaribe,CE,Nordeste,2016,2024,31,63680.0,48.68090452261306,35,63405.0,55.20069395158111,6.519789428968046,47.63375401091912,51.849891890302736,4.216137879383616,45.0,6.519789428968046,0
23025,Serra do Pereiro,CE,Nordeste,2016,2024,8,43708.0,18.30328543973643,13,42802.0,30.372412504088594,12.069127064352163,16.015496899857386,26.027802425317955,10.012305525460569,45.0,12.069127064352163,0
23026,Iguatu,CE,Nordeste,2016,2024,70,230641.0,30.35019792664791,80,226742.0,35.282391440491836,4.932193513843927,32.519338166429634,28.59001100939953,-3.929327157030105,45.0,4.932193513843927,0
23027,Várzea Alegre,CE,Nordeste,2016,2024,36,99730.0,36.097463150506364,24,97805.0,24.538622769797044,-11.55884038070932,25.402937381759354,17.316017316017316,-8.086920065742039,45.0,-11.55884038070932,0
23028,Lavras da Mangabeira,CE,Nordeste,2016,2024,5,57568.0,8.685380767092829,2,57389.0,3.4849884124135286,-5.2003923546793,15.633866428877488,4.726079392226191,-10.907787036651296,45.0,-5.2003923546793,0
23029,Chapada do Araripe,CE,Nordeste,2016,2024,51,98807.0,51.61577621018754,27,94663.0,28.522231494881844,-23.093544715305697,41.15976059863836,23.204672350026417,-17.95508824861194,45.0,-23.093544715305697,0
23030,Caririaçu,CE,Nordeste,2016,2024,21,57537.0,36.49825329787789,13,57969.0,22.42577929583053,-14.072474002047358,31.863739064944095,19.27643280848864,-12.587306256455456,45.0,-14.072474002047358,0
23031,Barro,CE,Nordeste,2016,2024,19,93244.0,20.376646218523444,15,91342.0,16.421799391298634,-3.9548468272248094,24.30985049441946,17.777975310836787,-6.531875183582674,45.0,-3.9548468272248094,0
23032,Cariri,CE,Nordeste,2016,2024,247,567407.0,43.53136284888977,194,640020.0,30.311552763976124,-13.219810084913647,42.24290433774112,27.290407662504343,-14.95249667523678,45.0,-13.219810084913647,0
23033,Brejo Santo,CE,Nordeste,2016,2024,31,104941.0,29.540408419969317,19,108328.0,17.53932501292371,-12.001083407045606,25.730540881382208,14.766709552961432,-10.963831328420776,45.0,-12.001083407045606,0
24001,Mossoró,RN,Nordeste,2016,2024,265,372808.0,71.08216561876354,125,360564.0,34.667909164531125,-36.414256454232415,72.76198785035702,42.95922847496632,-29.8027593753907,45.0,-36.414256454232415,0
24002,Chapada do Apodi,RN,Nordeste,2016,2024,43,76029.0,56.55736626813453,36,76248.0,47.214353163361665,-9.343013104772865,50.858901623100465,52.90652439702123,2.0476227739207644,45.0,-9.343013104772865,0
24003,Médio Oeste,RN,Nordeste,2016,2024,8,41382.0,19.33207674834469,11,40429.0,27.208192139305943,7.876115390961253,33.831951861965635,27.599703930448747,-6.232247931516888,45.0,7.876115390961253,0
24004,Vale do Açu,RN,Nordeste,2016,2024,54,153746.0,35.1228649851053,31,147921.0,20.957132523441565,-14.165732461663737,34.93984270560253,36.19105210595274,1.2512094003502128,45.0,-14.165732461663737,0
24005,Serra de São Miguel,RN,Nordeste,2016,2024,17,67026.0,25.363291856891355,9,65808.0,13.676148796498905,-11.687143060392449,28.348759368767624,24.154030768123874,-4.194728600643749,45.0,-11.687143060392449,0
24006,Pau dos Ferros,RN,Nordeste,2016,2024,29,119170.0,24.33498363682135,39,120733.0,32.30268443590402,7.967700799082671,21.81769359007351,28.348967367812413,6.531273777738903,45.0,7.967700799082671,0
24007,Umarizal,RN,Nordeste,2016,2024,37,67698.0,54.65449496292357,24,63332.0,37.89553464283458,-16.75896032008899,59.086813300441676,37.85273685950237,-21.234076440939305,45.0,-16.75896032008899,0
24008,Macau,RN,Nordeste,2016,2024,17,58698.0,28.961804490783333,14,56391.0,24.826656736003972,-4.135147754779361,32.37201694703484,24.076949931982618,-8.295067015052219,45.0,-4.135147754779361,0
24009,Angicos,RN,Nordeste,2016,2024,9,53263.0,16.897283292341776,15,50955.0,29.43773918163085,12.540455889289074,24.407797978533655,28.490594790859156,4.082796812325501,45.0,12.540455889289074,0
24010,Serra de Santana,RN,Nordeste,2016,2024,14,64070.0,21.851100358982364,10,65717.0,15.216762785884931,-6.634337573097433,18.20934503587241,12.360080031518205,-5.849265004354205,45.0,-6.634337573097433,0
24011,Seridó Ocidental,RN,Nordeste,2016,2024,43,105140.0,40.89785048506753,17,99796.0,17.03475089181931,-23.86309959324822,40.58351484944467,23.42791079059013,-17.15560405885454,45.0,-23.86309959324822,0
24012,Seridó Oriental,RN,Nordeste,2016,2024,30,125086.0,23.983499352445516,13,122481.0,10.613891134135091,-13.369608218310425,24.516923339311553,16.5927597492834,-7.924163590028154,45.0,-13.369608218310425,0
24013,Baixa Verde,RN,Nordeste,2016,2024,46,67747.0,67.8996855949341,6,63995.0,9.375732479099929,-58.52395311583417,58.55377105967564,14.833061835326527,-43.720709224349115,45.0,-45.0,1
24014,Borborema Potiguar,RN,Nordeste,2016,2024,53,143433.0,36.9510503161755,33,134951.0,24.45332009396003,-12.497730222215466,40.90388284756099,25.825021688003652,-15.078861159557341,45.0,-12.497730222215466,0
24015,Agreste Potiguar,RN,Nordeste,2016,2024,85,249855.0,34.01973144423766,48,243226.0,19.734732306579065,-14.284999137658591,38.55847345802797,29.09591070200497,-9.462562756022997,45.0,-14.284999137658591,0
24016,Litoral Nordeste,RN,Nordeste,2016,2024,38,91397.0,41.576857008435724,26,91572.0,28.39295854628052,-13.183898462155202,40.1210927526717,30.02735825974777,-10.093734492923929,45.0,-13.183898462155202,0
24017,Macaíba,RN,Nordeste,2016,2024,302,322897.0,93.52827681892369,98,376291.0,26.043673646194037,-67.48460317272965,96.42863042436856,36.485010438261405,-59.94361998610716,45.0,-45.0,1
24018,Natal,RN,Nordeste,2016,2024,719,1154218.0,62.29325829262756,208,1121659.0,18.543960330189478,-43.749297962438085,60.53777531185186,23.011522524623093,-37.52625278722877,45.0,-43.749297962438085,0
24019,Litoral Sul,RN,Nordeste,2016,2024,45,141335.0,31.83924717868893,44,144002.0,30.555131178733628,-1.2841159999553007,32.78518392724048,29.96594028755505,-2.819243639685432,45.0,-1.2841159999553007,0
25001,Catolé do Rocha,PB,Nordeste,2016,2024,53,122649.0,43.21274531386314,47,122097.0,38.49398429117833,-4.718761022684809,42.67255203605151,57.79150325980198,15.118951223750464,45.0,-4.718761022684809,0
25002,Cajazeiras,PB,Nordeste,2016,2024,31,176608.0,17.552998731654284,30,179110.0,16.749483557590306,-0.8035151740639783,18.12059254337617,18.92407189254912,0.8034793491729495,45.0,-0.8035151740639783,0
25003,Sousa,PB,Nordeste,2016,2024,47,189080.0,24.857203300190395,29,189703.0,15.287053973843323,-9.570149326347073,24.329570477300333,19.829944824518385,-4.499625652781948,45.0,-9.570149326347073,0
25004,Patos,PB,Nordeste,2016,2024,31,134060.0,23.12397433984783,33,133079.0,24.797300851373997,1.6733265115261666,31.352564565132464,32.432377216638066,1.079812651505602,45.0,1.6733265115261666,0
25005,Piancó,PB,Nordeste,2016,2024,12,71256.0,16.84068710003368,6,69117.0,8.680932332132471,-8.159754767901209,18.711611958591202,19.004458738396316,0.29284677980511375,45.0,-8.159754767901209,0
25006,Itaporanga,PB,Nordeste,2016,2024,21,85957.0,24.430820061193387,12,83478.0,14.37504492201538,-10.055775139178007,20.94135257869489,21.406486973344883,0.4651343946499935,45.0,-10.055775139178007,0
25007,Serra do Teixeira,PB,Nordeste,2016,2024,20,121726.0,16.43034355848381,29,117281.0,24.72693786717371,8.296594308689901,17.800806239593374,25.61213727530026,7.8113310357068855,45.0,8.296594308689901,0
25008,Seridó Ocidental Paraibano,PB,Nordeste,2016,2024,4,41036.0,9.747538746466518,7,40500.0,17.28395061728395,7.536411870817432,21.12138296316756,15.02196963058473,-6.099413332582829,45.0,7.536411870817432,0
25009,Seridó Oriental Paraibano,PB,Nordeste,2016,2024,19,78765.0,24.12238938614867,14,77073.0,18.164597200057088,-5.957792186091581,25.817701632017336,19.7399589408854,-6.0777426911319345,45.0,-5.957792186091581,0
25010,Cariri Ocidental,PB,Nordeste,2016,2024,30,127710.0,23.49072116513977,30,129240.0,23.212627669452182,-0.2780934956875889,21.9109476484858,24.914373233046426,3.0034255845606275,45.0,-0.2780934956875889,0
25011,Cariri Oriental,PB,Nordeste,2016,2024,15,66666.0,22.500225002250023,7,68456.0,10.225546336332826,-12.274678665917197,30.501830109806587,13.357079252003562,-17.144750857803025,45.0,-12.274678665917197,0
25012,Curimataú Ocidental,PB,Nordeste,2016,2024,40,127609.0,31.34575147520943,13,121794.0,10.673760612181225,-20.671990863028206,28.2138294787495,13.857997103678604,-14.355832375070895,45.0,-20.671990863028206,0
25013,Curimataú Oriental,PB,Nordeste,2016,2024,27,96262.0,28.048451102200247,12,90158.0,13.309966946915415,-14.738484155284832,19.39179034704379,13.453593510883396,-5.938196836160396,45.0,-14.738484155284832,0
25014,Esperança,PB,Nordeste,2016,2024,14,57342.0,24.414914024624185,2,57363.0,3.4865679967923575,-20.92834602783183,27.90551657180729,5.3298274912501995,-22.57568908055709,45.0,-20.92834602783183,0
25015,Brejo Paraibano,PB,Nordeste,2016,2024,28,116041.0,24.12940253875785,13,116353.0,11.172896272549913,-12.956506266207938,27.57598476426842,12.77139208173691,-14.80459268253151,45.0,-12.956506266207938,0
25016,Guarabira,PB,Nordeste,2016,2024,43,170916.0,25.15855742001919,29,170193.0,17.039478709465136,-8.119078710554053,24.769516721374142,22.664106020302267,-2.1054107010718752,45.0,-8.119078710554053,0
25017,Campina Grande,PB,Nordeste,2016,2024,177,531857.0,33.27962215407525,53,574583.0,9.224080768139677,-24.05554138593557,35.85213376606608,11.705079529182486,-24.147054236883598,45.0,-24.05554138593557,0
25018,Itabaiana,PB,Nordeste,2016,2024,33,111394.0,29.62457582993698,22,111764.0,19.684334848430623,-9.940240981506356,29.026968148139282,25.693808396736586,-3.3331597514026967,45.0,-9.940240981506356,0
25019,Umbuzeiro,PB,Nordeste,2016,2024,19,54547.0,34.83234641685152,9,53890.0,16.700686583781778,-18.131659833069744,32.99886337248384,28.791477722594113,-4.207385649889726,45.0,-18.131659833069744,0
25020,Litoral Norte,PB,Nordeste,2016,2024,42,151525.0,27.718198317109387,59,158867.0,37.137983344558656,9.419785027449269,27.060860535365023,33.58856362893409,6.527703093569066,45.0,9.419785027449269,0
25021,Sapé,PB,Nordeste,2016,2024,42,139528.0,30.10148500659366,63,143130.0,44.01592957451268,13.914444567919023,36.55459775607332,40.52656089471271,3.9719631386393885,45.0,13.914444567919023,0
25022,João Pessoa,PB,Nordeste,2016,2024,542,1138419.0,47.60988704510378,457,1244833.0,36.71175169681395,-10.898135348289834,49.608578359883,33.00110293159798,-16.60747542828502,45.0,-10.898135348289834,0
25023,Litoral Sul,PB,Nordeste,2016,2024,52,88462.0,58.78230200538084,75,92978.0,80.66424315429457,21.881941148913725,59.54220336300394,73.86523616763752,14.323032804633577,45.0,21.881941148913725,0
26001,Araripina,PE,Nordeste,2016,2024,118,328785.0,35.88971516340466,60,335464.0,17.885674766890038,-18.004040396514622,34.57443033302984,20.46107661909721,-14.113353713932629,45.0,-18.004040396514622,0
26002,Salgueiro,PE,Nordeste,2016,2024,48,170461.0,28.158933715043325,46,175092.0,26.271902771114615,-1.8870309439287105,29.92050532408992,17.105031697761866,-12.815473626328053,45.0,-1.8870309439287105,0
26003,Pajeú,PE,Nordeste,2016,2024,81,329371.0,24.592329015001322,63,344414.0,18.291939352058858,-6.3003896629424645,24.188471713657073,21.77908386283731,-2.409387850819762,45.0,-6.3003896629424645,0
26004,Sertão do Moxotó,PE,Nordeste,2016,2024,86,229591.0,37.457914291065414,72,250677.0,28.722220227623595,-8.73569406344182,31.94405724375058,24.685262898049864,-7.258794345700718,45.0,-8.73569406344182,0
26005,Petrolina,PE,Nordeste,2016,2024,182,500416.0,36.369740376007165,215,573882.0,37.46414768192764,1.0944073059204769,37.17519175536859,36.38448345403646,-0.7907083013321241,45.0,1.0944073059204769,0
26006,Itaparica,PE,Nordeste,2016,2024,42,145717.0,28.822992512884564,32,142769.0,22.413829332698274,-6.40916318018629,32.25747412538777,19.536857353542068,-12.720616771845705,45.0,-6.40916318018629,0
26007,Vale do Ipanema,PE,Nordeste,2016,2024,74,193562.0,38.230644444674056,43,200052.0,21.494411453022213,-16.736232991651843,35.47821534243367,23.220535767252265,-12.257679575181406,45.0,-16.736232991651843,0
26008,Vale do Ipojuca,PE,Nordeste,2016,2024,529,923152.0,57.30367263462572,322,985135.0,32.68587553990062,-24.6177970947251,58.82607847810543,35.347811352411426,-23.478267125694003,45.0,-24.6177970947251,0
26009,Alto Capibaribe,PE,Nordeste,2016,2024,159,309912.0,51.304886548439555,101,313754.0,32.19082465880913,-19.114061889630428,55.186272495398455,33.5438536878091,-21.642418807589358,45.0,-19.114061889630428,0
26010,Médio Capibaribe,PE,Nordeste,2016,2024,87,259209.0,33.5636494103214,56,252151.0,22.208914499645054,-11.354734910676349,36.65019765387296,24.903398371586974,-11.746799282285984,45.0,-11.354734910676349,0
26011,Garanhuns,PE,Nordeste,2016,2024,181,465328.0,38.897293951793145,169,481239.0,35.11768580684441,-3.7796081449487318,40.40369306947716,37.535583556156595,-2.8681095133205616,45.0,-3.7796081449487318,0
26012,Brejo Pernambucano,PE,Nordeste,2016,2024,133,223671.0,59.46233530497919,76,216708.0,35.070232755597395,-24.392102549381796,64.9775484686312,37.47370985043305,-27.503838618198145,45.0,-24.392102549381796,0
26013,Mata Setentrional Pernambucana,PE,Nordeste,2016,2024,313,562738.0,55.62091061915137,261,566178.0,46.098576772675735,-9.522333846475632,56.690014027372335,49.07638956549352,-7.613624461878814,45.0,-9.522333846475632,0
26014,Vitória de Santo Antão,PE,Nordeste,2016,2024,101,228636.0,44.175020556692736,96,235701.0,40.729568393854926,-3.4454521628378103,49.7181665223236,45.630945603567035,-4.0872209187565645,45.0,-3.4454521628378103,0
26015,Mata Meridional Pernambucana,PE,Nordeste,2016,2024,374,596357.0,62.714112519849685,202,508174.0,39.75016431379803,-22.963948206051654,59.47666127985502,49.804659865134575,-9.672001414720448,45.0,-22.963948206051654,0
26016,Itamaracá,PE,Nordeste,2016,2024,101,185421.0,54.470637090728665,71,197240.0,35.99675522206449,-18.473881868664172,57.35563550583535,34.20423924215907,-23.151396263676283,45.0,-18.473881868664172,0
26017,Recife,PE,Nordeste,2016,2024,1532,3459434.0,44.28470090772074,1429,3434476.0,41.60751159711118,-2.677189310609563,45.75230599620202,40.55542649890968,-5.196879497292336,45.0,-2.677189310609563,0
26018,Suape,PE,Nordeste,2016,2024,210,295601.0,71.04170824861892,159,322607.0,49.28597333597845,-21.75573491264047,82.668489207984,55.14851965692714,-27.519969551056853,45.0,-21.75573491264047,0
26019,Fernando de Noronha,PE,Nordeste,2016,2024,1,2974.0,33.62474781439139,0,3316.0,0.0,-33.62474781439139,11.210762331838565,0.0,-11.210762331838565,45.0,-33.62474781439139,0
27001,Serrana do Sertão Alagoano,AL,Nordeste,2016,2024,28,93302.0,30.01007481082935,19,83660.0,22.71097298589529,-7.299101824934063,27.15265149214538,28.948622226510906,1.7959707343655253,45.0,-7.299101824934063,0
27002,Alagoana do Sertão do São Francisco,AL,Nordeste,2016,2024,33,86817.0,38.010988631258854,26,84384.0,30.81152825180129,-7.199460379457566,38.016097321209145,24.80099203968159,-13.215105281527556,45.0,-7.199460379457566,0
27003,Santana do Ipanema,AL,Nordeste,2016,2024,80,180328.0,44.36360409919702,36,173698.0,20.725627238079884,-23.637976861117135,38.82044987355625,23.887553710581894,-14.932896162974355,45.0,-23.637976861117135,0
27004,Batalha,AL,Nordeste,2016,2024,39,97307.0,40.07933653282909,34,90613.0,37.52220983744054,-2.557126695388547,35.97073010304758,32.31990014265335,-3.6508299603942262,45.0,-2.557126695388547,0
27005,Palmeira dos Índios,AL,Nordeste,2016,2024,87,181950.0,47.81533388293487,51,175299.0,29.09314941899269,-18.72218446394218,45.98341299516899,32.31092340003231,-13.672489595136682,45.0,-18.72218446394218,0
27006,Arapiraca,AL,Nordeste,2016,2024,271,442594.0,61.2299308169564,140,445782.0,31.405485192313733,-29.824445624642664,53.554642306209026,31.523324791651714,-22.031317514557312,45.0,-29.824445624642664,0
27007,Traipu,AL,Nordeste,2016,2024,11,40171.0,27.382937940305194,9,35065.0,25.66661913589049,-1.7163188044147049,29.044679014804487,24.934666378958976,-4.110012635845511,45.0,-1.7163188044147049,0
27008,Serrana dos Quilombos,AL,Nordeste,2016,2024,98,153723.0,63.751032701677694,35,140846.0,24.849835991082458,-38.90119671059524,61.15093873196373,33.246509714438794,-27.904429017524933,45.0,-38.90119671059524,0
27009,Mata Alagoana,AL,Nordeste,2016,2024,186,320602.0,58.015857667762525,91,272086.0,33.44530773358424,-24.57054993417829,60.620176640747985,35.787501493725735,-24.83267514702225,45.0,-24.57054993417829,0
27010,Litoral Norte Alagoano,AL,Nordeste,2016,2024,30,72418.0,41.426164765665995,53,74946.0,70.71758332666187,29.291418560995872,44.65395486728108,63.09716964124752,18.44321477396644,45.0,29.291418560995872,0
27011,Maceió,AL,Nordeste,2016,2024,727,1248937.0,58.209501359956505,525,1267533.0,41.419039977657384,-16.79046138229912,59.6607266649814,42.81059164558935,-16.85013501939205,45.0,-16.79046138229912,0
27012,São Miguel dos Campos,AL,Nordeste,2016,2024,168,308747.0,54.413484179603365,88,253377.0,34.730855602521146,-19.68262857708222,53.2331872750007,31.939697850458334,-21.29348942454237,45.0,-19.68262857708222,0
27013,Penedo,AL,Nordeste,2016,2024,62,132067.0,46.94586838498641,43,122815.0,35.01200993364003,-11.933858451346381,50.98756862497633,32.95028625561184,-18.03728236936449,45.0,-11.933858451346381,0
28001,Sergipana do Sertão do São Francisco,SE,Nordeste,2016,2024,58,170971.0,33.92388182791234,28,176255.0,15.886074153924712,-18.03780767398763,35.876118204010325,20.21357081391387,-15.662547390096456,45.0,-18.03780767398763,0
28002,Carira,SE,Nordeste,2016,2024,35,73944.0,47.333116953370116,22,70644.0,31.142064435762414,-16.1910525176077,55.45111510840017,27.65203254358175,-27.799082564818416,45.0,-16.1910525176077,0
28003,Nossa Senhora das Dores,SE,Nordeste,2016,2024,17,67143.0,25.319095065755178,14,65165.0,21.48392542008747,-3.8351696456677082,38.228387308175414,33.087503522009655,-5.140883786165759,45.0,-3.8351696456677082,0
28004,Agreste de Itabaiana,SE,Nordeste,2016,2024,165,172695.0,95.54416746286806,54,186204.0,29.000451118128503,-66.54371634473955,83.77488876663675,38.83792550776485,-44.9369632588719,45.0,-45.0,1
28005,Tobias Barreto,SE,Nordeste,2016,2024,54,116034.0,46.53808366513263,17,119112.0,14.272281550137686,-32.26580211499495,44.52935346251634,17.634502187958194,-26.894851274558146,45.0,-32.26580211499495,0
28006,Agreste de Lagarto,SE,Nordeste,2016,2024,58,123183.0,47.08441911627416,18,124137.0,14.500108750815631,-32.584310365458535,40.321598575483925,21.308942789586485,-19.01265578589744,45.0,-32.584310365458535,0
28007,Propriá,SE,Nordeste,2016,2024,41,95315.0,43.015265173372505,18,89192.0,20.181182168804376,-22.83408300456813,47.91248452461723,29.43873911615847,-18.473745408458758,45.0,-22.83408300456813,0
28008,Cotinguiba,SE,Nordeste,2016,2024,27,51381.0,52.54860746190226,9,49171.0,18.30347155843892,-34.245135903463336,55.7963304180832,33.01453671319653,-22.781793704886674,45.0,-34.245135903463336,0
28009,Japaratuba,SE,Nordeste,2016,2024,25,59078.0,42.3169369308372,15,54248.0,27.65078896917859,-14.666147961658613,42.88382433431327,24.801125971119088,-18.08269836319418,45.0,-14.666147961658613,0
28010,Baixo Cotinguiba,SE,Nordeste,2016,2024,87,98604.0,88.23171473773884,32,87106.0,36.73684935595711,-51.49486538178173,68.29215519223227,35.48869280100294,-32.80346239122933,45.0,-45.0,1
28011,Aracaju,SE,Nordeste,2016,2024,752,938550.0,80.12359490703746,241,976043.0,24.69153510654756,-55.432059800489895,73.27641476226722,32.70006650061601,-40.57634826165121,45.0,-45.0,1
28012,Boquim,SE,Nordeste,2016,2024,68,164786.0,41.265641498671,41,160045.0,25.617794995157613,-15.647846503513389,39.24424485172149,29.28958017917216,-9.954664672549331,45.0,-15.647846503513389,0
28013,Estância,SE,Nordeste,2016,2024,67,134095.0,49.9645773518774,17,133755.0,12.709805240925572,-37.25477211095183,43.75268793146738,20.500438481600856,-23.25224944986652,45.0,-37.25477211095183,0
29001,Barreiras,BA,Nordeste,2016,2024,64,337316.0,18.973306928814523,118,389526.0,30.29322817989043,11.319921251075908,18.880756653736807,32.77735517665757,13.896598522920765,45.0,11.319921251075908,0
29002,Cotegipe,BA,Nordeste,2016,2024,16,123104.0,12.997140629061606,17,120655.0,14.089760059674278,1.0926194306126717,12.185743222018825,13.513114054905472,1.327370832886647,45.0,1.0926194306126717,0
29003,Santa Maria da Vitória,BA,Nordeste,2016,2024,36,190215.0,18.925952211970664,31,187971.0,16.491905666299587,-2.4340465456710767,16.99866639328605,23.3259558217246,6.327289428438551,45.0,-2.4340465456710767,0
29004,Juazeiro,BA,Nordeste,2016,2024,185,501662.0,36.87741945772253,296,545818.0,54.23053105613959,17.35311159841706,37.14786778548867,52.13108609992818,14.983218314439512,45.0,17.35311159841706,0
29005,Paulo Afonso,BA,Nordeste,2016,2024,91,184822.0,49.23656274685914,72,182625.0,39.42505133470226,-9.811511412156882,45.45020046784849,35.87433891721155,-9.575861550636937,45.0,-9.811511412156882,0
29006,Barra,BA,Nordeste,2016,2024,70,187403.0,37.35265710794384,34,180100.0,18.878400888395337,-18.474256219548504,31.46778552126298,23.823231621369438,-7.644553899893541,45.0,-18.474256219548504,0
29007,Bom Jesus da Lapa,BA,Nordeste,2016,2024,60,185237.0,32.39093701582297,44,185629.0,23.703192927829164,-8.687744087993806,28.075126158098954,23.16851509125361,-4.906611066845343,45.0,-8.687744087993806,0
29008,Senhor do Bonfim,BA,Nordeste,2016,2024,60,310949.0,19.295768759507187,107,301608.0,35.476512559348556,16.18074379984137,18.75531177222692,40.750969246564246,21.995657474337325,45.0,16.18074379984137,0
29009,Irecê,BA,Nordeste,2016,2024,151,406243.0,37.16987123470435,85,402592.0,21.11318655114856,-16.056684683555794,37.18686687922559,22.863641579093013,-14.323225300132577,45.0,-16.056684683555794,0
29010,Jacobina,BA,Nordeste,2016,2024,119,350433.0,33.957989116321805,142,346551.0,40.97520999795124,7.017220881629434,31.303163046663595,44.54157254316191,13.238409496498317,45.0,7.017220881629434,0
29011,Itaberaba,BA,Nordeste,2016,2024,91,264951.0,34.345973406403445,78,243496.0,32.03338042514046,-2.3125929812629877,29.063952018057396,34.3876560844572,5.323704066399802,45.0,-2.3125929812629877,0
29012,Feira de Santana,BA,Nordeste,2016,2024,398,1091035.0,36.479123034549765,595,1127787.0,52.75818926800894,16.279066233459176,34.48078750695041,56.417232320056144,21.93644481310573,45.0,16.279066233459176,0
29013,Jeremoabo,BA,Nordeste,2016,2024,38,103119.0,36.85062888507453,31,101162.0,30.643917676597933,-6.2067112084765945,26.51953713705426,28.733327987597892,2.2137908505436314,45.0,-6.2067112084765945,0
29014,Euclides da Cunha,BA,Nordeste,2016,2024,75,313827.0,23.898517335984476,60,320307.0,18.73202895971677,-5.166488376267704,22.12953933499146,20.864237153990313,-1.2653021810011467,45.0,-5.166488376267704,0
29015,Ribeira do Pombal,BA,Nordeste,2016,2024,101,340063.0,29.700379047411804,91,314574.0,28.928010579386726,-0.7723684680250784,27.39790597510031,31.44536853485654,4.04746255975623,45.0,-0.7723684680250784,0
29016,Serrinha,BA,Nordeste,2016,2024,80,451299.0,17.726606972317686,111,443438.0,25.03168424898182,7.305077276664132,21.63054439576957,32.087191184773474,10.456646789003905,45.0,7.305077276664132,0
29017,Alagoinhas,BA,Nordeste,2016,2024,217,338298.0,64.1446298825296,106,322546.0,32.86352954307293,-31.28110033945667,59.76826482667203,41.08448208404212,-18.68378274262991,45.0,-31.28110033945667,0
29018,Entre Rios,BA,Nordeste,2016,2024,64,127570.0,50.16853492200361,44,116651.0,37.7193508842616,-12.449184037742008,50.2082859361884,40.243737068418724,-9.964548867769679,45.0,-12.449184037742008,0
29019,Catu,BA,Nordeste,2016,2024,181,234071.0,77.32696489526683,68,213506.0,31.849222035914682,-45.47774285935215,72.47336354717959,45.11786444234001,-27.35549910483958,45.0,-45.0,1
29020,Santo Antônio de Jesus,BA,Nordeste,2016,2024,273,588529.0,46.3868390512617,249,564958.0,44.07407276293105,-2.31276628833065,48.95012186540756,48.32218970616855,-0.627932159239009,45.0,-2.31276628833065,0
29021,Salvador,BA,Nordeste,2016,2024,2503,3854538.0,64.93644633935376,1850,3502264.0,52.82297393914337,-12.113472400210398,63.63278597777999,60.358116328850386,-3.2746696489296028,45.0,-12.113472400210398,0
29022,Boquira,BA,Nordeste,2016,2024,16,200064.0,7.99744081893794,12,186614.0,6.430385715969863,-1.5670551029680766,8.164693532396338,8.54013636962437,0.3754428372280323,45.0,-1.5670551029680766,0
29023,Seabra,BA,Nordeste,2016,2024,48,271594.0,17.67343903031731,63,278550.0,22.617124394184167,4.943685363866855,15.338985442689255,23.91454211582691,8.575556673137656,45.0,4.943685363866855,0
29024,Jequié,BA,Nordeste,2016,2024,209,537482.0,38.88502312635586,270,525768.0,51.353448669375084,12.468425543019222,37.39687950018419,48.44932996778897,11.052450467604778,45.0,12.468425543019222,0
29025,Livramento do Brumado,BA,Nordeste,2016,2024,13,104650.0,12.422360248447205,1,101316.0,0.9870109360811717,-11.435349312366034,10.51782771798198,4.700628709089841,-5.817199008892139,45.0,-11.435349312366034,0
29026,Guanambi,BA,Nordeste,2016,2024,49,406639.0,12.050000122959185,38,395576.0,9.606245070479503,-2.4437550524796823,11.80505912367111,9.199102098856818,-2.605957024814293,45.0,-2.4437550524796823,0
29027,Brumado,BA,Nordeste,2016,2024,34,242336.0,14.030106958933052,29,241206.0,12.022918169531438,-2.0071887894016136,11.965802561506976,12.939003148256363,0.9732005867493871,45.0,-2.0071887894016136,0
29028,Vitória da Conquista,BA,Nordeste,2016,2024,312,669534.0,46.59957522694889,189,707359.0,26.71910585713902,-19.880469369809873,43.95525534415171,27.33509176211612,-16.620163582035588,45.0,-19.880469369809873,0
29029,Itapetinga,BA,Nordeste,2016,2024,65,206947.0,31.40900810352409,53,200122.0,26.48384485463867,-4.925163248885422,35.00439160601112,31.170617627153675,-3.833773978857444,45.0,-4.925163248885422,0
29030,Valença,BA,Nordeste,2016,2024,175,291138.0,60.1089517685771,137,273503.0,50.090858235558656,-10.018093533018444,55.99463184388376,54.001962237199265,-1.992669606684494,45.0,-10.018093533018444,0
29031,Ilhéus-Itabuna,BA,Nordeste,2016,2024,655,1049348.0,62.419712049768044,491,987326.0,49.730281588857174,-12.68943046091087,58.12719882805403,54.62871589795521,-3.4984829300988167,45.0,-12.68943046091087,0
29032,Porto Seguro,BA,Nordeste,2016,2024,612,812150.0,75.35553777011636,482,839409.0,57.42135240389369,-17.934185366222664,69.49832309125914,59.36737456960182,-10.130948521657317,45.0,-17.934185366222664,0
31001,Unaí,MG,Sudeste,2016,2024,33,158634.0,20.80260221642271,14,164283.0,8.521879926711833,-12.280722289710877,24.166822525159763,13.630435523393235,-10.536387001766528,45.0,-12.280722289710877,0
31002,Paracatu,MG,Sudeste,2016,2024,82,233973.0,35.046778901839104,56,239301.0,23.401490173463547,-11.645288728375558,33.34088490128106,21.259949656439215,-12.080935244841843,45.0,-11.645288728375558,0
31003,Januária,MG,Sudeste,2016,2024,61,290597.0,20.9912696965213,33,282351.0,11.68758035211492,-9.30368934440638,15.486304371267513,11.358629599273526,-4.127674771993988,45.0,-9.30368934440638,0
31004,Janaúba,MG,Sudeste,2016,2024,118,259705.0,45.43616795980054,41,257088.0,15.947846651730147,-29.488321308070397,42.10191229966293,15.132524730164056,-26.96938756949887,45.0,-29.488321308070397,0
31005,Salinas,MG,Sudeste,2016,2024,23,222526.0,10.33587086452819,11,217162.0,5.065342923715936,-5.270527940812253,10.486325831116224,7.313575786151044,-3.1727500449651798,45.0,-5.270527940812253,0
31006,Pirapora,MG,Sudeste,2016,2024,103,174782.0,58.93055348948977,32,160601.0,19.92515613227813,-39.005397357211635,43.1047636485703,17.62291986606581,-25.481843782504487,45.0,-39.005397357211635,0
31007,Montes Claros,MG,Sudeste,2016,2024,110,649544.0,16.93495744707056,55,673471.0,8.166647116208418,-8.76831033086214,16.218402343661786,8.373308314291624,-7.845094029370163,45.0,-8.76831033086214,0
31008,Grão Mogol,MG,Sudeste,2016,2024,3,44945.0,6.6748247858493714,1,38054.0,2.627844641824775,-4.046980144024596,8.900360464598815,7.035502906542138,-1.864857558056677,45.0,-4.046980144024596,0
31009,Bocaiúva,MG,Sudeste,2016,2024,8,73308.0,10.912860806460413,10,71366.0,14.01227475268335,3.0994139462229366,14.551804423748544,13.267847031200764,-1.28395739254778,45.0,3.0994139462229366,0
31010,Diamantina,MG,Sudeste,2016,2024,10,85784.0,11.657185489135504,7,86401.0,8.101758081503686,-3.555427407631818,15.931982094006466,12.520443536712287,-3.411538557294179,45.0,-3.555427407631818,0
31011,Capelinha,MG,Sudeste,2016,2024,30,208481.0,14.389800509398938,10,188589.0,5.302536203065927,-9.087264306333012,13.111566640336935,8.029183405283739,-5.082383235053197,45.0,-9.087264306333012,0
31012,Araçuaí,MG,Sudeste,2016,2024,38,163540.0,23.235905588846766,31,145103.0,21.36413444243055,-1.871771146416215,32.205331409166696,19.915083012318405,-12.290248396848291,45.0,-1.871771146416215,0
31013,Pedra Azul,MG,Sudeste,2016,2024,31,84871.0,36.52602184491758,19,80805.0,23.51339644823959,-13.01262539667799,45.16605397932573,25.37036574917442,-19.79568823015131,45.0,-13.01262539667799,0
31014,Almenara,MG,Sudeste,2016,2024,47,188638.0,24.91544651660853,24,181088.0,13.253224951404842,-11.662221565203687,22.08937183127961,16.384636796356652,-5.704735034922958,45.0,-11.662221565203687,0
31015,Teófilo Otoni,MG,Sudeste,2016,2024,81,277875.0,29.149797570850204,62,265576.0,23.3454830255746,-5.804314545275602,27.711298652223203,19.702880561138038,-8.008418091085165,45.0,-5.804314545275602,0
31016,Nanuque,MG,Sudeste,2016,2024,32,122143.0,26.198799767485653,26,109810.0,23.677260723067114,-2.521539044418539,28.109205628390843,38.52769177846577,10.41848615007493,45.0,-2.521539044418539,0
31017,Ituiutaba,MG,Sudeste,2016,2024,21,152603.0,13.761197355228928,12,154413.0,7.771366400497367,-5.989830954731561,16.16528788411673,11.201159649469592,-4.964128234647138,45.0,-5.989830954731561,0
31018,Uberlândia,MG,Sudeste,2016,2024,156,899809.0,17.337012632680935,111,993750.0,11.169811320754716,-6.167201311926219,18.6735897271544,9.499514956831415,-9.174074770322985,45.0,-6.167201311926219,0
31019,Patrocínio,MG,Sudeste,2016,2024,39,210378.0,18.538060063314607,19,216488.0,8.776467979749455,-9.761592083565152,18.85656335171452,11.761357354729595,-7.095205996984925,45.0,-9.761592083565152,0
31020,Patos de Minas,MG,Sudeste,2016,2024,54,270777.0,19.9426096012586,42,302765.0,13.872145063002659,-6.070464538255941,17.236072637734686,14.650900044234449,-2.5851725935002374,45.0,-6.070464538255941,0
31021,Frutal,MG,Sudeste,2016,2024,36,196674.0,18.3044022087312,16,196597.0,8.138476172067733,-10.165926036663468,15.595070601596799,9.650721434510807,-5.944349167085992,45.0,-10.165926036663468,0
31022,Uberaba,MG,Sudeste,2016,2024,80,382056.0,20.93933873568273,45,416441.0,10.80585244968675,-10.133486285995978,21.902880359661,8.847045639696693,-13.055834719964308,45.0,-10.133486285995978,0
31023,Araxá,MG,Sudeste,2016,2024,30,224808.0,13.34472082844027,27,242100.0,11.152416356877323,-2.192304471562947,11.715627609137004,9.138718006578472,-2.5769096025585316,45.0,-2.192304471562947,0
31024,Três Marias,MG,Sudeste,2016,2024,32,103660.0,30.87015242137758,17,102530.0,16.580513020579343,-14.289639400798237,28.300551860761285,25.424876095003185,-2.8756757657581,45.0,-14.289639400798237,0
31025,Curvelo,MG,Sudeste,2016,2024,31,158727.0,19.530388654734228,27,158284.0,17.057946475954612,-2.472442178779616,18.27151470856934,15.16442724385467,-3.107087464714672,45.0,-2.472442178779616,0
31026,Bom Despacho,MG,Sudeste,2016,2024,26,177930.0,14.612488057101107,8,185246.0,4.318581777744189,-10.293906279356918,14.239462797529828,7.323210825170242,-6.9162519723595866,45.0,-10.293906279356918,0
31027,Sete Lagoas,MG,Sudeste,2016,2024,140,427894.0,32.71838352489168,77,438591.0,17.556219803871944,-15.162163721019734,30.38552215572035,16.27437669137272,-14.11114546434763,45.0,-15.162163721019734,0
31028,Conceição do Mato Dentro,MG,Sudeste,2016,2024,8,85684.0,9.336632276737781,6,91794.0,6.536374926465782,-2.800257350271999,10.503384423869914,9.93991871355363,-0.563465710316283,45.0,-2.800257350271999,0
31029,Pará de Minas,MG,Sudeste,2016,2024,36,134698.0,26.7264547357793,27,145857.0,18.511281597729283,-8.215173138050016,21.285390054772755,14.023721124281723,-7.261668930491032,45.0,-8.215173138050016,0
31030,Belo Horizonte,MG,Sudeste,2016,2024,1599,5157141.0,31.005551331638983,687,5232475.0,13.129541947166494,-17.87600938447249,29.419162560363098,13.666835384987197,-15.752327175375902,45.0,-17.87600938447249,0
31031,Itabira,MG,Sudeste,2016,2024,70,403359.0,17.354267538346733,44,408219.0,10.778528191975386,-6.575739346371346,17.603713143775227,10.210625276278352,-7.393087867496876,45.0,-6.575739346371346,0
31032,Itaguara,MG,Sudeste,2016,2024,6,64892.0,9.246132034765456,3,72800.0,4.1208791208791204,-5.125252913886335,11.301466622145737,9.789114504670806,-1.512352117474931,45.0,-5.125252913886335,0
31033,Ouro Preto,MG,Sudeste,2016,2024,27,187922.0,14.367663179404222,19,201132.0,9.446532625340572,-4.92113055406365,14.901649115835486,11.32941369438653,-3.5722354214489567,45.0,-4.92113055406365,0
31034,Conselheiro Lafaiete,MG,Sudeste,2016,2024,44,267370.0,16.456595728765382,20,281725.0,7.09912148371639,-9.357474245048993,12.842764660701638,9.416536887472384,-3.426227773229254,45.0,-9.357474245048993,0
31035,Guanhães,MG,Sudeste,2016,2024,24,136460.0,17.587571449509014,16,127089.0,12.58960256198412,-4.997968887524893,16.12249185325601,10.327788105565883,-5.794703747690129,45.0,-4.997968887524893,0
31036,Peçanha,MG,Sudeste,2016,2024,14,82841.0,16.899844280006278,5,76860.0,6.505334374186833,-10.394509905819444,24.544123090789114,10.478404662890075,-14.06571842789904,45.0,-10.394509905819444,0
31037,Governador Valadares,MG,Sudeste,2016,2024,151,437535.0,34.51152479230233,154,411896.0,37.38807854409851,2.8765537517961803,35.80881445396129,32.34365046528886,-3.4651639886724297,45.0,2.8765537517961803,0
31038,Mantena,MG,Sudeste,2016,2024,13,65857.0,19.739739131755165,11,61688.0,17.83166904422254,-1.908070087532625,32.394401842431606,19.665038838451707,-12.729363003979898,45.0,-1.908070087532625,0
31039,Ipatinga,MG,Sudeste,2016,2024,157,567541.0,27.66319966310804,118,549620.0,21.469378843564645,-6.193820819543394,25.140549180024543,21.410534661773713,-3.7300145182508295,45.0,-6.193820819543394,0
31040,Caratinga,MG,Sudeste,2016,2024,58,267441.0,21.687026297388957,45,266075.0,16.91252466409847,-4.7745016332904875,20.6912884689693,17.28050581057008,-3.4107826583992207,45.0,-4.7745016332904875,0
31041,Aimorés,MG,Sudeste,2016,2024,38,154773.0,24.552085958145156,36,153184.0,23.501148945059537,-1.050937013085619,25.844968953731044,22.040389012866076,-3.8045799408649685,45.0,-1.050937013085619,0
31042,Piuí,MG,Sudeste,2016,2024,6,86257.0,6.95595719767671,5,88499.0,5.649781353461621,-1.3061758442150895,9.275183088249502,8.035309445506254,-1.2398736427432482,45.0,-1.3061758442150895,0
31043,Divinópolis,MG,Sudeste,2016,2024,120,540190.0,22.214406042318444,67,593428.0,11.290333452415457,-10.924072589902988,22.527471171008813,14.625805390991253,-7.901665780017559,45.0,-10.924072589902988,0
31044,Formiga,MG,Sudeste,2016,2024,12,160332.0,7.484469725319961,12,166022.0,7.22795774054041,-0.25651198477955095,9.148198740459364,7.554412185062681,-1.593786555396683,45.0,-0.25651198477955095,0
31045,Campo Belo,MG,Sudeste,2016,2024,18,118175.0,15.231647979691136,14,116857.0,11.980454743832205,-3.2511932358589313,14.386500385050452,11.566092265609527,-2.820408119440925,45.0,-3.2511932358589313,0
31046,Oliveira,MG,Sudeste,2016,2024,13,132998.0,9.77458307643724,11,130103.0,8.454839627064711,-1.3197434493725293,11.279043537108054,8.045229762678698,-3.233813774429356,45.0,-1.3197434493725293,0
31047,Passos,MG,Sudeste,2016,2024,24,241004.0,9.95834094039933,14,242135.0,5.7818985276808395,-4.17644241271849,8.714283540654899,7.272554358847412,-1.4417291818074869,45.0,-4.17644241271849,0
31048,São Sebastião do Paraíso,MG,Sudeste,2016,2024,21,279991.0,7.500241079177545,14,283840.0,4.932356257046223,-2.5678848221313224,7.143520469757906,6.1963184335707,-0.947202036187206,45.0,-2.5678848221313224,0
31049,Alfenas,MG,Sudeste,2016,2024,27,240125.0,11.244143675169182,13,240400.0,5.40765391014975,-5.836489765019432,9.579195652988778,5.488949267330829,-4.090246385657949,45.0,-5.836489765019432,0
31050,Varginha,MG,Sudeste,2016,2024,49,470701.0,10.41000550243148,44,476881.0,9.226620477645367,-1.1833850247861122,10.410993442490593,8.178475674368658,-2.2325177681219355,45.0,-1.1833850247861122,0
31051,Poços de Caldas,MG,Sudeste,2016,2024,18,367325.0,4.900292656366977,27,378254.0,7.138060668228228,2.2377680118612506,5.899153516848436,6.558682010388773,0.6595284935403365,45.0,2.2377680118612506,0
31052,Pouso Alegre,MG,Sudeste,2016,2024,27,357117.0,7.560547383630575,30,415791.0,7.215163387374907,-0.3453839962556682,6.9082242409588615,7.150033592830242,0.24180935187138086,45.0,-0.3453839962556682,0
31053,Santa Rita do Sapucaí,MG,Sudeste,2016,2024,7,150065.0,4.664645320361177,5,150692.0,3.318026172590449,-1.3466191477707277,4.8872489453538925,4.489791336947615,-0.39745760840627753,45.0,-1.3466191477707277,0
31054,São Lourenço,MG,Sudeste,2016,2024,7,220641.0,3.1725744535240503,10,219569.0,4.5543769840004735,1.3818025304764232,5.439134573254567,6.308002855525195,0.8688682822706282,45.0,1.3818025304764232,0
31055,Andrelândia,MG,Sudeste,2016,2024,5,76401.0,6.544416957893222,11,76029.0,14.46816346394139,7.923746506048169,8.289811821271657,12.416053069758265,4.126241248486608,45.0,7.923746506048169,0
31056,Itajubá,MG,Sudeste,2016,2024,18,198802.0,9.054234866852447,9,200761.0,4.482942404152201,-4.571292462700246,8.71937529029651,4.215343343930707,-4.504031946365803,45.0,-4.571292462700246,0
31057,Lavras,MG,Sudeste,2016,2024,14,161245.0,8.682439765574125,9,170859.0,5.267501272979474,-3.4149384925946515,8.269964728600433,7.367780695020675,-0.9021840335797586,45.0,-3.4149384925946515,0
31058,São João Del Rei,MG,Sudeste,2016,2024,23,193783.0,11.868946192390457,24,199084.0,12.055212874967351,0.18626668257689438,13.074189142229976,7.661680615181876,-5.4125085270481,45.0,0.18626668257689438,0
31059,Barbacena,MG,Sudeste,2016,2024,11,236484.0,4.651477478391773,21,228405.0,9.194194522886978,4.5427170444952045,5.35673002644533,6.958834054757141,1.6021040283118104,45.0,4.5427170444952045,0
31060,Ponte Nova,MG,Sudeste,2016,2024,35,191825.0,18.245796950345365,31,187871.0,16.500683979964975,-1.74511297038039,19.11444513372292,14.174624193033262,-4.939820940689659,45.0,-1.74511297038039,0
31061,Manhuaçu,MG,Sudeste,2016,2024,69,293200.0,23.53342428376535,79,308027.0,25.64710236440312,2.113678080637772,18.419326193759943,22.018223382582594,3.598897188822651,45.0,2.113678080637772,0
31062,Viçosa,MG,Sudeste,2016,2024,54,231577.0,23.31837790454147,54,228773.0,23.60418406018193,0.28580615564045786,27.205988196343746,24.790223798172164,-2.415764398171582,45.0,0.28580615564045786,0
31063,Muriaé,MG,Sudeste,2016,2024,66,291416.0,22.648035797622644,26,289220.0,8.989696424866883,-13.65833937275576,21.391181799879202,8.187953298253802,-13.2032285016254,45.0,-13.65833937275576,0
31064,Ubá,MG,Sudeste,2016,2024,35,290926.0,12.030550724239154,71,285906.0,24.833336830986408,12.802786106747254,18.563633155107176,24.03725181981534,5.473618664708162,45.0,12.802786106747254,0
31065,Juiz de Fora,MG,Sudeste,2016,2024,173,781064.0,22.149273298987023,57,783380.0,7.2761622711838445,-14.873111027803178,19.974843647764974,11.49972216237304,-8.475121485391934,45.0,-14.873111027803178,0
31066,Cataguases,MG,Sudeste,2016,2024,21,227740.0,9.221041538596646,28,213237.0,13.130929435323138,3.9098878967264916,9.660690212403448,10.123250575759876,0.4625603633564275,45.0,3.9098878967264916,0
32001,Barra de São Francisco,ES,Sudeste,2016,2024,29,96419.0,30.07705950072081,41,93652.0,43.77909708281724,13.702037582096427,25.58367070358552,36.80342235388859,11.219751650303074,45.0,13.702037582096427,0
32002,Nova Venécia,ES,Sudeste,2016,2024,48,137061.0,35.02090310153873,39,134058.0,29.091885601754466,-5.929017499784262,39.644127075236284,32.398000507653705,-7.246126567582579,45.0,-5.929017499784262,0
32003,Colatina,ES,Sudeste,2016,2024,61,220456.0,27.669920528359402,53,221822.0,23.89303134946038,-3.7768891788990224,28.578989150568933,24.44830768968908,-4.1306814608798526,45.0,-3.7768891788990224,0
32004,Montanha,ES,Sudeste,2016,2024,18,59871.0,30.064638973793656,18,56933.0,31.616110164579418,1.5514711907857617,36.191335237554355,26.258231806476832,-9.933103431077523,45.0,1.5514711907857617,0
32005,São Mateus,ES,Sudeste,2016,2024,105,213276.0,49.23198109491926,72,215592.0,33.39641545140822,-15.835565643511046,52.50393779533465,42.02066681845235,-10.483270976882302,45.0,-15.835565643511046,0
32006,Linhares,ES,Sudeste,2016,2024,122,361010.0,33.794077726378774,103,378480.0,27.2141196364405,-6.579958089938273,39.900912733378775,32.9850712856731,-6.915841447705674,45.0,-6.579958089938273,0
32007,Afonso Cláudio,ES,Sudeste,2016,2024,19,144600.0,13.13969571230982,26,151991.0,17.106276029501746,3.9665803171919265,13.370925613852279,12.856123066929653,-0.5148025469226258,45.0,3.9665803171919265,0
32008,Santa Teresa,ES,Sudeste,2016,2024,13,114729.0,11.33104969101099,20,118925.0,16.817321841496742,5.4862721504857515,15.108900304502452,16.98719194519183,1.8782916406893797,45.0,5.4862721504857515,0
32009,Vitória,ES,Sudeste,2016,2024,673,1793601.0,37.522280596409125,507,1871900.0,27.08478016988087,-10.437500426528256,43.58569980140162,30.692027662713453,-12.893672138688164,45.0,-10.437500426528256,0
32010,Guarapari,ES,Sudeste,2016,2024,60,211630.0,28.351367953503757,43,229855.0,18.707445998564314,-9.643921954939444,27.56691277356223,19.21809383534598,-8.348818938216251,45.0,-9.643921954939444,0
32011,Alegre,ES,Sudeste,2016,2024,21,171426.0,12.250183752756291,26,175327.0,14.829433002332784,2.5792492495764936,14.389636350554875,17.600779127822726,3.2111427772678507,45.0,2.5792492495764936,0
32012,Cachoeiro de Itapemirim,ES,Sudeste,2016,2024,78,365336.0,21.35020912256115,52,350167.0,14.850057258393852,-6.500151864167298,19.526527334857132,17.226124200355486,-2.3004031345016465,45.0,-6.500151864167298,0
32013,Itapemirim,ES,Sudeste,2016,2024,19,84282.0,22.543366317837734,24,103427.0,23.20477244820018,0.6614061303624474,22.940678569450927,21.788245074180594,-1.1524334952703335,45.0,0.6614061303624474,0
33001,Itaperuna,RJ,Sudeste,2016,2024,23,201081.0,11.43817665517876,74,210460.0,35.16107573885774,23.722899083678982,10.2782249174012,27.760731714444347,17.482506797043147,45.0,23.722899083678982,0
33002,Santo Antônio de Pádua,RJ,Sudeste,2016,2024,26,123809.0,21.000088846529735,20,129545.0,15.438650661932147,-5.561438184597588,21.269607077663682,17.62763592354342,-3.641971154120263,45.0,-5.561438184597588,0
33003,Campos dos Goytacazes,RJ,Sudeste,2016,2024,313,613544.0,51.01508612259268,162,659687.0,24.557100564358553,-26.457985558234125,40.96690591194832,27.41275303929109,-13.554152872657227,45.0,-26.457985558234125,0
33004,Macaé,RJ,Sudeste,2016,2024,135,300204.0,44.96942079386017,54,323358.0,16.6997569257603,-28.269663868099872,41.87000086627588,27.53445926946508,-14.335541596810799,45.0,-28.269663868099872,0
33005,Três Rios,RJ,Sudeste,2016,2024,20,159884.0,12.509069075079433,41,166336.0,24.648903424393996,12.139834349314564,14.378055336759061,21.330511142628307,6.952455805869246,45.0,12.139834349314564,0
33006,Cantagalo-Cordeiro,RJ,Sudeste,2016,2024,11,64624.0,17.021539985144837,8,64781.0,12.349299949059137,-4.6722400360857,14.97245584416255,8.361619123022935,-6.610836721139615,45.0,-4.6722400360857,0
33007,Nova Friburgo,RJ,Sudeste,2016,2024,31,237824.0,13.034849300322929,29,260108.0,11.149214941485845,-1.885634358837084,9.81157569700733,11.632479734039213,1.8209040370318839,45.0,-1.885634358837084,0
33008,Santa Maria Madalena,RJ,Sudeste,2016,2024,3,29624.0,10.12692411558196,3,29230.0,10.263427984946972,0.13650386936501135,16.87839677735144,15.068794844153887,-1.8096019331975537,45.0,0.13650386936501135,0
33009,Bacia de São João,RJ,Sudeste,2016,2024,97,199072.0,48.72608905320688,43,238688.0,18.01514948384502,-30.71093956936186,46.22891015344313,22.47963323613774,-23.74927691730539,45.0,-30.71093956936186,0
33010,Lagos,RJ,Sudeste,2016,2024,279,606630.0,45.99179071262549,208,686509.0,30.298218959984503,-15.693571752640985,44.789005315877894,29.655433418918314,-15.13357189695958,45.0,-15.693571752640985,0
33011,Vale do Paraíba Fluminense,RJ,Sudeste,2016,2024,175,702576.0,24.908337318667304,181,739203.0,24.485831361615144,-0.42250595705215943,25.52595082980691,28.583220394755187,3.057269564948278,45.0,-0.42250595705215943,0
33012,Barra do Piraí,RJ,Sudeste,2016,2024,31,180092.0,17.213424249827867,23,179227.0,12.832887901934418,-4.3805363478934485,17.58428890061175,15.275104634466746,-2.309184266145003,45.0,-4.3805363478934485,0
33013,Baía da Ilha Grande,RJ,Sudeste,2016,2024,119,232479.0,51.18741907871249,49,226734.0,21.611227253080703,-29.576191825631785,54.352034831193194,36.10894280449663,-18.243092026696566,45.0,-29.576191825631785,0
33014,Vassouras,RJ,Sudeste,2016,2024,57,169119.0,33.704078193461406,34,169725.0,20.032405361614376,-13.67167283184703,26.41783953331112,18.729929521087787,-7.687910012223334,45.0,-13.67167283184703,0
33015,Serrana,RJ,Sudeste,2016,2024,47,493762.0,9.51875599985418,49,494474.0,9.909520015208079,0.3907640153538985,9.721263035099835,12.631546802310046,2.9102837672102115,45.0,0.3907640153538985,0
33016,Macacu-Caceribu,RJ,Sudeste,2016,2024,16,114566.0,13.965749000576087,20,118950.0,16.813787305590584,2.848038305014496,14.252845478793802,20.100300499492466,5.847455020698664,45.0,2.848038305014496,0
33017,Itaguaí,RJ,Sudeste,2016,2024,117,246079.0,47.54570686649409,54,252341.0,21.399614014369444,-26.14609285212465,46.47110865432947,22.539127790065677,-23.931980864263792,45.0,-26.14609285212465,0
33018,Rio de Janeiro,RJ,Sudeste,2016,2024,4159,11961027.0,34.771261698514685,2363,12270323.0,19.25784675757924,-15.513414940935444,33.97598888911866,21.861311938493724,-12.114676950624936,45.0,-15.513414940935444,0
35001,Jales,SP,Sudeste,2016,2024,12,155532.0,7.715454054471105,5,163205.0,3.0636316289329373,-4.6518224255381675,5.358023103795624,4.961748023828795,-0.39627507996682887,45.0,-4.6518224255381675,0
35002,Fernandópolis,SP,Sudeste,2016,2024,6,110263.0,5.441535238475282,8,118731.0,6.737920172490757,1.2963849340154745,6.34868808895419,5.690029929557429,-0.6586581593967606,45.0,1.2963849340154745,0
35003,Votuporanga,SP,Sudeste,2016,2024,14,150770.0,9.285666909862705,9,160971.0,5.591069198799784,-3.6945977110629213,7.517417192333119,10.510605200647452,2.993188008314333,45.0,-3.6945977110629213,0
35004,São José do Rio Preto,SP,Sudeste,2016,2024,72,835254.0,8.620132319031097,82,925410.0,8.860937314271512,0.2408049952404152,8.421187068089887,9.868233404630402,1.4470463365405148,45.0,0.2408049952404152,0
35005,Catanduva,SP,Sudeste,2016,2024,16,238658.0,6.704154061460333,21,224240.0,9.364966107741706,2.6608120462813734,7.402886008126413,7.059442003679922,-0.34344400444649104,45.0,2.6608120462813734,0
35006,Auriflama,SP,Sudeste,2016,2024,5,48973.0,10.209707389786209,4,43593.0,9.175785103112885,-1.0339222866733238,8.848653983595957,8.45457969209958,-0.39407429149637707,45.0,-1.0339222866733238,0
35007,Nhandeara,SP,Sudeste,2016,2024,8,70730.0,11.310617842499646,4,67427.0,5.932341643555253,-5.378276198944393,8.954661136770666,5.981263691486419,-2.973397445284247,45.0,-5.378276198944393,0
35008,Novo Horizonte,SP,Sudeste,2016,2024,10,85498.0,11.696180027602985,2,87843.0,2.2767892717689513,-9.419390755834034,7.01809107922645,5.763821644303039,-1.2542694349234118,45.0,-9.419390755834034,0
35009,Barretos,SP,Sudeste,2016,2024,9,144477.0,6.229365227683299,7,152223.0,4.598516649914927,-1.630848577768372,9.921207157112699,7.337662554240335,-2.5835446028723634,45.0,-1.630848577768372,0
35010,São Joaquim da Barra,SP,Sudeste,2016,2024,12,228836.0,5.243930150850391,14,217836.0,6.426853229034687,1.182923078184296,6.846670988324241,6.0346808466193025,-0.8119901417049382,45.0,1.182923078184296,0
35011,Ituverava,SP,Sudeste,2016,2024,5,102001.0,4.90191272634582,5,93969.0,5.320903702284796,0.41899097593897583,8.823760098303223,7.1632981257230455,-1.660461972580178,45.0,0.41899097593897583,0
35012,Franca,SP,Sudeste,2016,2024,39,417802.0,9.334565176806239,24,437336.0,5.487771416027951,-3.8467937607782874,9.015923876879182,6.964515792039559,-2.051408084839623,45.0,-3.8467937607782874,0
35013,Jaboticabal,SP,Sudeste,2016,2024,53,433099.0,12.237386833033556,34,420590.0,8.083882165529376,-4.15350466750418,10.236651368132303,8.653367722457652,-1.5832836456746513,45.0,-4.15350466750418,0
35014,Ribeirão Preto,SP,Sudeste,2016,2024,124,1150818.0,10.774944430830939,92,1206706.0,7.624060873153859,-3.15088355767708,10.573145600615502,8.29756590201081,-2.275579698604693,45.0,-3.15088355767708,0
35015,Batatais,SP,Sudeste,2016,2024,6,114173.0,5.255182924158952,5,113180.0,4.4177416504682805,-0.8374412736906711,4.671519207243191,5.061331427890914,0.38981222064772325,45.0,-0.8374412736906711,0
35016,Andradina,SP,Sudeste,2016,2024,29,191692.0,15.128435198130335,21,192245.0,10.923561080912377,-4.204874117217958,18.78064897575905,11.574043628883551,-7.206605346875499,45.0,-4.204874117217958,0
35017,Araçatuba,SP,Sudeste,2016,2024,55,276667.0,19.87949412109142,60,288230.0,20.816708878326338,0.9372147572349192,17.832270626394653,16.930858606167064,-0.901412020227589,45.0,0.9372147572349192,0
35018,Birigui,SP,Sudeste,2016,2024,24,280799.0,8.54703898518157,24,278091.0,8.630268509228994,0.08322952404742345,8.547698532170212,10.076857283170009,1.5291587509997964,45.0,0.08322952404742345,0
35019,Lins,SP,Sudeste,2016,2024,22,172304.0,12.768130745658835,17,166538.0,10.207880483733442,-2.5602502619253933,10.060245392601077,10.117842511734167,0.0575971191330904,45.0,-2.5602502619253933,0
35020,Bauru,SP,Sudeste,2016,2024,51,604497.0,8.436766435565437,64,627513.0,10.198991893395037,1.7622254578296008,8.492353573075048,9.323187764959743,0.8308341918846942,45.0,1.7622254578296008,0
35021,Jaú,SP,Sudeste,2016,2024,23,375578.0,6.123894370809792,20,361840.0,5.527304886137519,-0.5965894846722728,6.390553342037504,5.407690948597566,-0.9828623934399374,45.0,-0.5965894846722728,0
35022,Avaré,SP,Sudeste,2016,2024,15,194592.0,7.7084361124814995,13,206044.0,6.309331987342509,-1.3991041251389902,8.222881194784637,6.403388870417575,-1.8194923243670624,45.0,-1.3991041251389902,0
35023,Botucatu,SP,Sudeste,2016,2024,11,227808.0,4.8286276162382356,17,233071.0,7.29391472984627,2.465287113608034,5.853310193247036,4.936550802915469,-0.916759390331567,45.0,2.465287113608034,0
35024,Araraquara,SP,Sudeste,2016,2024,51,546151.0,9.33807683223138,27,557327.0,4.844552659390268,-4.493524172841112,7.995839721866852,5.283096550411217,-2.712743171455635,45.0,-4.493524172841112,0
35025,São Carlos,SP,Sudeste,2016,2024,41,337492.0,12.148436111078189,31,354975.0,8.733009366856821,-3.4154267442213673,11.754166061672825,12.42639749177946,0.6722314301066348,45.0,-3.4154267442213673,0
35026,Rio Claro,SP,Sudeste,2016,2024,42,263473.0,15.940912351550253,42,270481.0,15.527892901904385,-0.41301944964586745,12.146163899829574,16.030879481601435,3.884715581771861,45.0,-0.41301944964586745,0
35027,Limeira,SP,Sudeste,2016,2024,49,632438.0,7.7477950407787,63,642446.0,9.806271655516573,2.058476614737873,7.853732921425247,9.638082116459632,1.7843491950343848,45.0,2.058476614737873,0
35028,Piracicaba,SP,Sudeste,2016,2024,54,606192.0,8.908068730699185,50,649210.0,7.701668181328076,-1.206400549371109,9.898512748459543,7.724566993655938,-2.173945754803605,45.0,-1.206400549371109,0
35029,Pirassununga,SP,Sudeste,2016,2024,17,198430.0,8.56725293554402,22,191828.0,11.46860729403424,2.9013543584902184,8.231710902313111,10.379338431523633,2.1476275292105225,45.0,2.9013543584902184,0
35030,São João da Boa Vista,SP,Sudeste,2016,2024,16,430164.0,3.7195116281232274,16,423794.0,3.7754191895118856,0.055907561388658156,4.262042789359771,4.2176414392025,-0.04440135015727176,45.0,0.055907561388658156,0
35031,Mogi Mirim,SP,Sudeste,2016,2024,33,417419.0,7.905725422177716,25,437829.0,5.709991800451775,-2.1957336217259416,8.784700565495134,7.582545290233527,-1.2021552752616076,45.0,-2.1957336217259416,0
35032,Campinas,SP,Sudeste,2016,2024,336,2927990.0,11.47544902817291,272,3085646.0,8.815009887718812,-2.6604391404540984,12.20513970729297,8.778930127096217,-3.426209580196753,45.0,-2.6604391404540984,0
35033,Amparo,SP,Sudeste,2016,2024,12,193636.0,6.197194736515937,9,198630.0,4.531037607612143,-1.6661571289037935,5.336785602385371,4.931897300891653,-0.4048883014937177,45.0,-1.6661571289037935,0
35034,Dracena,SP,Sudeste,2016,2024,10,124089.0,8.058732039100969,4,126852.0,3.153280988868918,-4.905451050232051,10.208111150212355,5.048451852383268,-5.159659297829087,45.0,-4.905451050232051,0
35035,Adamantina,SP,Sudeste,2016,2024,4,167490.0,2.388202280733178,8,162435.0,4.925046941853664,2.5368446611204862,4.9755204394379655,4.352029444587785,-0.6234909948501803,45.0,2.5368446611204862,0
35036,Presidente Prudente,SP,Sudeste,2016,2024,109,607231.0,17.9503352101589,58,605882.0,9.572821110381229,-8.377514099777672,15.261032271593674,9.5300195616191,-5.731012709974573,45.0,-8.377514099777672,0
35037,Tupã,SP,Sudeste,2016,2024,11,114144.0,9.63694981777404,4,115486.0,3.463623296330291,-6.173326521443749,9.34500290571184,4.667716902969834,-4.677286002742006,45.0,-6.173326521443749,0
35038,Marília,SP,Sudeste,2016,2024,33,351682.0,9.38347711853322,28,359899.0,7.779960488914946,-1.603516629618274,7.677666899208347,6.583814069328502,-1.093852829879845,45.0,-1.603516629618274,0
35039,Assis,SP,Sudeste,2016,2024,23,281234.0,8.178243028936757,21,275673.0,7.61772099552731,-0.5605220334094474,6.637689989059664,8.564718376765631,1.9270283877059668,45.0,-0.5605220334094474,0
35040,Ourinhos,SP,Sudeste,2016,2024,18,309251.0,5.82051472751907,20,308088.0,6.491651735867674,0.6711370083486043,7.32983728839137,6.350895750046263,-0.978941538345107,45.0,0.6711370083486043,0
35041,Itapeva,SP,Sudeste,2016,2024,19,252384.0,7.528210980093825,22,248619.0,8.848881219858498,1.3206702397646728,6.735910061072251,9.489125800729713,2.7532157396574624,45.0,1.3206702397646728,0
35042,Itapetininga,SP,Sudeste,2016,2024,16,211764.0,7.555580740824691,12,215961.0,5.556558823120842,-1.9990219177038497,9.130393031935911,6.119360479757861,-3.01103255217805,45.0,-1.9990219177038497,0
35043,Tatuí,SP,Sudeste,2016,2024,14,289383.0,4.8378792119785885,29,310066.0,9.352847458283076,4.514968246304488,6.911948685692957,6.997609878875746,0.08566119318278886,45.0,4.514968246304488,0
35044,Capão Bonito,SP,Sudeste,2016,2024,11,136264.0,8.072565020841894,11,136453.0,8.061383773167318,-0.011181247674576511,9.29549902152642,8.622558584126608,-0.6729404373998111,45.0,-0.011181247674576511,0
35045,Piedade,SP,Sudeste,2016,2024,20,201278.0,9.936505728395552,16,201331.0,7.94711196984071,-1.9893937585548418,11.427416857261626,8.049099506992656,-3.3783173502689703,45.0,-1.9893937585548418,0
35046,Sorocaba,SP,Sudeste,2016,2024,168,1466918.0,11.452582898294247,149,1635595.0,9.109834647330176,-2.342748250964071,10.908136447151783,7.856620418608219,-3.0515160285435643,45.0,-2.342748250964071,0
35047,Jundiaí,SP,Sudeste,2016,2024,53,705705.0,7.510220276177723,52,787782.0,6.600810884229394,-0.909409391948329,8.07775047403641,6.119889057616816,-1.9578614164195942,45.0,-0.909409391948329,0
35048,Bragança Paulista,SP,Sudeste,2016,2024,42,554672.0,7.572042576513687,29,629424.0,4.607387071354127,-2.96465550515956,8.354023063113743,5.348096239802153,-3.00592682331159,45.0,-2.96465550515956,0
35049,Campos do Jordão,SP,Sudeste,2016,2024,8,73330.0,10.909586799399973,1,71430.0,1.3999720005599887,-9.509614798839984,9.091818272736365,0.9432916634241015,-8.148526609312263,45.0,-9.509614798839984,0
35050,São José dos Campos,SP,Sudeste,2016,2024,247,1553002.0,15.90468009699923,127,1645926.0,7.716021254904534,-8.188658842094696,13.95249796937491,8.623774529145521,-5.328723440229389,45.0,-8.188658842094696,0
35051,Guaratinguetá,SP,Sudeste,2016,2024,82,429708.0,19.082725944129503,114,417253.0,27.321553110462958,8.238827166333454,19.548962004420236,26.772754718293598,7.223792713873362,45.0,8.238827166333454,0
35052,Bananal,SP,Sudeste,2016,2024,1,27582.0,3.6255528968167647,1,26300.0,3.802281368821293,0.17672847200452813,6.042515136500417,6.383861597880558,0.3413464613801409,45.0,0.17672847200452813,0
35053,Paraibuna/Paraitinga,SP,Sudeste,2016,2024,11,72746.0,15.121106315123855,6,74405.0,8.063974195282576,-7.057132119841279,12.830205970627993,9.492040246250644,-3.3381657243773493,45.0,-7.057132119841279,0
35054,Caraguatatuba,SP,Sudeste,2016,2024,87,319511.0,27.2291094829286,58,358030.0,16.199759796665084,-11.029349686263515,26.18871735800707,19.07709566878745,-7.111621689219621,45.0,-11.029349686263515,0
35055,Registro,SP,Sudeste,2016,2024,26,252187.0,10.309809784009484,26,252074.0,10.314431476471196,0.004621692461711291,11.896028709082618,10.820103752772651,-1.0759249563099669,45.0,0.004621692461711291,0
35056,Itanhaém,SP,Sudeste,2016,2024,38,244696.0,15.529473305652727,18,279798.0,6.433212531898012,-9.096260773754715,14.71353563536589,10.193197496841929,-4.520338138523961,45.0,-9.096260773754715,0
35057,Osasco,SP,Sudeste,2016,2024,225,1922496.0,11.703535403974833,156,2128205.0,7.33012092350126,-4.373414480473572,14.079737437172206,7.966569782641164,-6.113167654531042,45.0,-4.373414480473572,0
35058,Franco da Rocha,SP,Sudeste,2016,2024,56,508589.0,11.010855523811959,26,516549.0,5.033404381772107,-5.977451142039851,11.798497395809436,6.499760690629118,-5.2987367051803185,45.0,-5.977451142039851,0
35059,Guarulhos,SP,Sudeste,2016,2024,221,1477762.0,14.95504688847054,88,1489893.0,5.906464423955278,-9.048582464515261,15.068921139688673,6.252461621523437,-8.816459518165235,45.0,-9.048582464515261,0
35060,Itapecerica da Serra,SP,Sudeste,2016,2024,125,1106685.0,11.294993607033618,52,1159902.0,4.483137368501822,-6.811856238531796,11.898540094314757,5.73621209234482,-6.162328001969938,45.0,-6.811856238531796,0
35061,São Paulo,SP,Sudeste,2016,2024,1449,14774858.0,9.807200854316163,453,14684589.0,3.084866726607057,-6.7223341277091055,10.265647893240871,3.183838806472474,-7.081809086768397,45.0,-6.7223341277091055,0
35062,Mogi das Cruzes,SP,Sudeste,2016,2024,187,1452549.0,12.87392026017711,104,1539817.0,6.754049344824742,-6.119870915352368,13.540485938205354,6.628984961453884,-6.91150097675147,45.0,-6.119870915352368,0
35063,Santos,SP,Sudeste,2016,2024,169,1596303.0,10.586962500227088,195,1610479.0,12.10819886505816,1.521236364831072,11.151445187618888,11.323894583575331,0.17244939595644304,45.0,1.521236364831072,0
41001,Paranavaí,PR,Sul,2016,2024,85,286640.0,29.653921295004185,52,288715.0,18.010841140917513,-11.643080154086672,26.398541218938103,20.895714043904345,-5.502827175033758,45.0,-11.643080154086672,0
41002,Umuarama,PR,Sul,2016,2024,70,277906.0,25.188373047001505,53,298416.0,17.760441799367324,-7.427931247634181,24.58906278487329,19.827781554498074,-4.761281230375214,45.0,-7.427931247634181,0
41003,Cianorte,PR,Sul,2016,2024,46,155856.0,29.514423570475312,19,157993.0,12.025849246485604,-17.48857432398971,22.458163649430205,17.74283365879676,-4.715329990633446,45.0,-17.48857432398971,0
41004,Goioerê,PR,Sul,2016,2024,28,114639.0,24.42449777126458,15,117108.0,12.808689414899067,-11.615808356365513,29.6569389968395,19.20403571377388,-10.45290328306562,45.0,-11.615808356365513,0
41005,Campo Mourão,PR,Sul,2016,2024,62,225148.0,27.537442038126034,46,231688.0,19.854286799488968,-7.683155238637067,23.54028052907891,22.700633216701554,-0.8396473123773553,45.0,-7.683155238637067,0
41006,Astorga,PR,Sul,2016,2024,32,195521.0,16.36652840359859,33,208218.0,15.848773881220644,-0.5177545223779454,16.196595986994986,18.678276433618624,2.4816804466236384,45.0,-0.5177545223779454,0
41007,Porecatu,PR,Sul,2016,2024,18,85057.0,21.16227941262918,25,80664.0,30.992760091242687,9.830480678613508,22.33796160221969,22.003570390667164,-0.33439121155252494,45.0,9.830480678613508,0
41008,Floraí,PR,Sul,2016,2024,3,36294.0,8.265829062654984,5,39854.0,12.545792141315802,4.279963078660819,9.184085816097866,13.56995950215211,4.385873686054245,45.0,4.279963078660819,0
41009,Maringá,PR,Sul,2016,2024,90,603235.0,14.919558712607856,138,682123.0,20.230955414199492,5.311396701591637,16.302305532836712,18.3303315542423,2.028026021405587,45.0,5.311396701591637,0
41010,Apucarana,PR,Sul,2016,2024,63,314606.0,20.025047201896975,55,329772.0,16.678189779605304,-3.34685742229167,18.119090103798015,18.911683977538264,0.7925938737402483,45.0,-3.34685742229167,0
41011,Londrina,PR,Sul,2016,2024,188,791907.0,23.740161407842084,150,830082.0,18.070503877930133,-5.669657529911952,22.436644892316732,18.64709212706276,-3.7895527652539727,45.0,-5.669657529911952,0
41012,Faxinal,PR,Sul,2016,2024,11,47240.0,23.285351397121083,8,46673.0,17.140530927945495,-6.144820469175588,19.756431424015354,16.532252267793734,-3.22417915622162,45.0,-6.144820469175588,0
41013,Ivaiporã,PR,Sul,2016,2024,24,136714.0,17.55489562151645,13,134383.0,9.673842673552459,-7.881052947963992,17.066635459104685,13.466854703860124,-3.599780755244561,45.0,-7.881052947963992,0
41014,Assaí,PR,Sul,2016,2024,16,72582.0,22.04403295582927,17,66190.0,25.683638011784257,3.6396050559549877,27.095043903155883,21.1864406779661,-5.908603225189783,45.0,3.6396050559549877,0
41015,Cornélio Procópio,PR,Sul,2016,2024,32,179059.0,17.871204463333314,38,168902.0,22.498253425063055,4.6270489617297414,15.450915420199745,20.025021363327248,4.574105943127503,45.0,4.6270489617297414,0
41016,Jacarezinho,PR,Sul,2016,2024,20,128315.0,15.586642247593812,18,129366.0,13.914011409489357,-1.672630838104455,13.768558328029407,15.11402620720027,1.3454678791708634,45.0,-1.672630838104455,0
41017,Ibaiti,PR,Sul,2016,2024,9,81513.0,11.041183614883515,5,78999.0,6.329194040430892,-4.711989574452623,11.859291550459242,10.638818495373178,-1.2204730550860639,45.0,-4.711989574452623,0
41018,Wenceslau Braz,PR,Sul,2016,2024,6,103040.0,5.8229813664596275,15,111588.0,13.442305624260673,7.619324257801045,8.734613331607978,12.707979703540987,3.9733663719330092,45.0,7.619324257801045,0
41019,Telêmaco Borba,PR,Sul,2016,2024,96,170773.0,56.21497543522688,44,171558.0,25.6473029529372,-30.567672482289684,42.5534406799181,32.03087540578993,-10.52256527412817,45.0,-30.567672482289684,0
41020,Jaguariaíva,PR,Sul,2016,2024,19,106865.0,17.779441351237544,15,103885.0,14.439043172739087,-3.3403981784984573,14.660789873449309,16.851056107535662,2.1902662340863532,45.0,-3.3403981784984573,0
41021,Ponta Grossa,PR,Sul,2016,2024,103,468117.0,22.003046246985264,126,506818.0,24.86099546582797,2.8579492188427054,20.223987785850756,23.307166350881353,3.0831785650305967,45.0,2.8579492188427054,0
41022,Toledo,PR,Sul,2016,2024,88,407741.0,21.58232799742974,92,456636.0,20.147338361408213,-1.4349896360215268,20.76583415292974,19.202665151293555,-1.5631690016361866,45.0,-1.4349896360215268,0
41023,Cascavel,PR,Sul,2016,2024,121,466570.0,25.933943459716655,111,520587.0,21.32208449308185,-4.611858966634806,25.077787581851112,21.720349521516354,-3.357438060334758,45.0,-4.611858966634806,0
41024,Foz do Iguaçu,PR,Sul,2016,2024,137,427754.0,32.027754269977606,119,479089.0,24.838808655594264,-7.188945614383343,31.95042540822513,28.385783323741627,-3.564642084483502,45.0,-7.188945614383343,0
41025,Capanema,PR,Sul,2016,2024,9,99362.0,9.057788691854029,6,106340.0,5.642279480910288,-3.415509210943741,11.741814278046162,10.470157671056201,-1.2716566069899606,45.0,-3.415509210943741,0
41026,Francisco Beltrão,PR,Sul,2016,2024,44,257934.0,17.058627400807957,41,289163.0,14.178854141089973,-2.879773259717984,16.413061178070084,13.13994155072428,-3.273119627345803,45.0,-2.879773259717984,0
41027,Pato Branco,PR,Sul,2016,2024,26,169315.0,15.355993266987568,22,196842.0,11.17647656496073,-4.179516702026838,14.1751816195145,13.638878746051846,-0.5363028734626543,45.0,-4.179516702026838,0
41028,Pitanga,PR,Sul,2016,2024,8,73952.0,10.817827780181739,12,72521.0,16.546931233711614,5.729103453529875,14.423120261779633,16.17001617001617,1.7468959082365352,45.0,5.729103453529875,0
41029,Guarapuava,PR,Sul,2016,2024,116,398317.0,29.122533057840865,82,398554.0,20.574376370579646,-8.54815668726122,31.048025688684543,22.68751378287626,-8.360511905808284,45.0,-8.54815668726122,0
41030,Palmas,PR,Sul,2016,2024,24,96263.0,24.931697536956047,26,92018.0,28.25534134625834,3.3236438093022933,23.208124922062268,34.69787283777466,11.489747915712393,45.0,3.3236438093022933,0
41031,Prudentópolis,PR,Sul,2016,2024,13,138160.0,9.409380428488708,13,132925.0,9.7799511002445,0.3705706717557913,13.511622408060648,13.167673867105252,-0.3439485409553953,45.0,0.3705706717557913,0
41032,Irati,PR,Sul,2016,2024,8,103719.0,7.713148024952034,4,103419.0,3.8677612430984634,-3.8453867818535703,8.35620576835312,9.447669683405332,1.091463915052211,45.0,-3.8453867818535703,0
41033,União da Vitória,PR,Sul,2016,2024,29,123337.0,23.51281448389372,20,114553.0,17.459167372308016,-6.053647111585704,18.644415862344765,18.73563723122411,0.09122136887934573,45.0,-6.053647111585704,0
41034,São Mateus do Sul,PR,Sul,2016,2024,4,67397.0,5.934982269240471,8,64407.0,12.421010138649526,6.486027869409056,9.892126362022148,10.456122190243915,0.563995828221767,45.0,6.486027869409056,0
41035,Cerro Azul,PR,Sul,2016,2024,6,29908.0,20.061522000802462,7,28340.0,24.700070571630203,4.638548570827741,30.09228300120369,21.266415014089,-8.825867987114691,45.0,4.638548570827741,0
41036,Lapa,PR,Sul,2016,2024,17,52623.0,32.305265758318605,8,49956.0,16.014092401313157,-16.291173357005448,23.437895910403892,18.844369066968177,-4.593526843435715,45.0,-16.291173357005448,0
41037,Curitiba,PR,Sul,2016,2024,1238,3362636.0,36.81635478832678,580,3522146.0,16.46723332877172,-20.349121459555057,34.58819036848269,18.657395851044715,-15.930794517437977,45.0,-20.349121459555057,0
41038,Paranaguá,PR,Sul,2016,2024,113,289169.0,39.0774944755489,128,312589.0,40.94833791336227,1.8708434378133703,38.15746698975628,41.0427463460555,2.885279356299222,45.0,1.8708434378133703,0
41039,Rio Negro,PR,Sul,2016,2024,13,97536.0,13.328412073490814,7,101585.0,6.890781119259733,-6.43763095423108,13.329232031169896,15.641327715767124,2.312095684597228,45.0,-6.43763095423108,0
42001,São Miguel do Oeste,SC,Sul,2016,2024,15,179680.0,8.348174532502226,12,190692.0,6.292870178088226,-2.055304354414,10.388800872659273,6.385237331290058,-4.003563541369215,45.0,-2.055304354414,0
42002,Chapecó,SC,Sul,2016,2024,76,439032.0,17.31081105705279,50,530474.0,9.425532636849308,-7.8852784202034805,15.564935010701841,9.31311869181726,-6.251816318884581,45.0,-7.8852784202034805,0
42003,Xanxerê,SC,Sul,2016,2024,26,161242.0,16.12483099936741,16,173725.0,9.209958267376601,-6.91487273199081,16.12503100967502,14.264094830828812,-1.8609361788462078,45.0,-6.91487273199081,0
42004,Joaçaba,SC,Sul,2016,2024,33,346353.0,9.52785164268824,33,356935.0,9.24538081163237,-0.28247083105587123,9.239333382096481,10.053372977766397,0.8140395956699162,45.0,-0.28247083105587123,0
42005,Concórdia,SC,Sul,2016,2024,11,146847.0,7.490789733532179,9,165710.0,5.431174944179591,-2.0596147893525885,7.263845570643168,5.128915285706226,-2.1349302849369423,45.0,-2.0596147893525885,0
42006,Canoinhas,SC,Sul,2016,2024,26,254609.0,10.211736427227631,26,257551.0,10.095087963160694,-0.11664846406693741,10.211830012306564,12.455030783591873,2.2432007712853093,45.0,-0.11664846406693741,0
42007,São Bento do Sul,SC,Sul,2016,2024,9,135712.0,6.631690639000236,6,139834.0,4.29080195088462,-2.3408886881156157,8.596868283696653,6.5484787520054715,-2.048389531691181,45.0,-2.3408886881156157,0
42008,Joinville,SC,Sul,2016,2024,213,959345.0,22.202648682173773,81,1131955.0,7.155761492285471,-15.046887189888302,20.1188506333442,8.514661410687816,-11.604189222656382,45.0,-15.046887189888302,0
42009,Curitibanos,SC,Sul,2016,2024,21,127994.0,16.407019079019328,12,133578.0,8.983515249517136,-7.423503829502192,14.844561811974092,12.420596898399518,-2.423964913574574,45.0,-7.423503829502192,0
42010,Campos de Lages,SC,Sul,2016,2024,42,287951.0,14.58581494768207,34,302898.0,11.22490079168565,-3.3609141559964204,12.965183850937429,11.176755924239478,-1.7884279266979508,45.0,-3.3609141559964204,0
42011,Rio do Sul,SC,Sul,2016,2024,10,222223.0,4.499984250055125,17,250060.0,6.79836839158602,2.298384141530895,4.5000922518911635,5.7233613301091735,1.22326907821801,45.0,2.298384141530895,0
42012,Blumenau,SC,Sul,2016,2024,57,770178.0,7.400886548304418,42,872583.0,4.813295697945066,-2.5875908503593514,7.704226937093688,4.7135488014329185,-2.9906781356607697,45.0,-2.5875908503593514,0
42013,Itajaí,SC,Sul,2016,2024,148,685117.0,21.60214970581667,107,924351.0,11.575689321480693,-10.026460384335978,22.820085762650674,10.338021344066831,-12.482064418583843,45.0,-10.026460384335978,0
42014,Ituporanga,SC,Sul,2016,2024,6,59470.0,10.089120564990752,6,65195.0,9.203159751514686,-0.8859608134760659,11.21057381322063,10.435091124433244,-0.7754826887873865,45.0,-0.8859608134760659,0
42015,Tijucas,SC,Sul,2016,2024,15,107302.0,13.979236174535423,14,131183.0,10.672114527034752,-3.3071216475006704,16.15478771987598,9.977209952004369,-6.177577767871611,45.0,-3.3071216475006704,0
42016,Florianópolis,SC,Sul,2016,2024,157,998096.0,15.729949824465782,108,1268982.0,8.51075901785841,-7.219190806607372,18.03522279010908,8.421524271364406,-9.613698518744675,45.0,-7.219190806607372,0
42017,Tabuleiro,SC,Sul,2016,2024,2,25144.0,7.954183900731785,2,28091.0,7.119718059164857,-0.8344658415669279,7.954500258521258,4.836788614199603,-3.1177116443216555,45.0,-0.8344658415669279,0
42018,Tubarão,SC,Sul,2016,2024,37,404558.0,9.145783793671118,23,456220.0,5.041427381526456,-4.104356412144662,9.47561142412672,5.5345516826158985,-3.9410597415108217,45.0,-4.104356412144662,0
42019,Criciúma,SC,Sul,2016,2024,55,403016.0,13.647100859519226,28,444035.0,6.305809226750144,-7.341291632769082,15.797997376374466,6.611224629425484,-9.186772746948982,45.0,-7.341291632769082,0
42020,Araranguá,SC,Sul,2016,2024,22,196684.0,11.185454841268227,27,234389.0,11.519311913101724,0.33385707183349744,11.355239341328327,10.22111931477616,-1.134120026552166,45.0,0.33385707183349744,0
43001,Santa Rosa,RS,Sul,2016,2024,11,161787.0,6.799062965504027,24,167789.0,14.30367902544267,7.504616059938642,6.180953597521025,14.081546234242499,7.900592636721473,45.0,7.504616059938642,0
43002,Três Passos,RS,Sul,2016,2024,18,146839.0,12.258323742330035,20,143717.0,13.916238162499914,1.6579144201698792,13.166078733150824,14.30393756917478,1.1378588360239554,45.0,1.6579144201698792,0
43003,Frederico Westphalen,RS,Sul,2016,2024,29,177680.0,16.321476812246736,36,183477.0,19.62098791674161,3.299511104494872,15.382970301487457,17.278967085405892,1.8959967839184344,45.0,3.299511104494872,0
43004,Erechim,RS,Sul,2016,2024,40,219279.0,18.241600882893483,27,219837.0,12.281826989997134,-5.959773892896349,16.569630451636442,14.906954478464062,-1.6626759731723801,45.0,-5.959773892896349,0
43005,Sananduva,RS,Sul,2016,2024,2,62287.0,3.210942893380641,6,60124.0,9.979375956356863,6.7684330629762215,8.562422737513579,11.759073385017262,3.1966506475036827,45.0,6.7684330629762215,0
43006,Cerro Largo,RS,Sul,2016,2024,3,67208.0,4.463754314962505,10,64947.0,15.397170000153972,10.933415685191466,7.439442934513064,15.035449961763295,7.596007027250231,45.0,10.933415685191466,0
43007,Santo Ângelo,RS,Sul,2016,2024,31,200304.0,15.476475756849588,34,196292.0,17.32113382104212,1.844658064192533,14.477511598650096,15.644286740865283,1.1667751422151866,45.0,1.844658064192533,0
43008,Ijuí,RS,Sul,2016,2024,11,192484.0,5.714760707383471,21,197385.0,10.639106315069535,4.924345607686064,8.485906467992546,10.28269704860888,1.7967905806163333,45.0,4.924345607686064,0
43009,Carazinho,RS,Sul,2016,2024,40,166464.0,24.029219530949636,26,167049.0,15.564295506108985,-8.46492402484065,22.42790030798313,18.39548886011646,-4.0324114478666715,45.0,-8.46492402484065,0
43010,Passo Fundo,RS,Sul,2016,2024,56,350264.0,15.987940524861248,83,372720.0,22.26872719467697,6.280786669815722,18.368793988740787,18.274355351658603,-0.09443863708218458,45.0,6.280786669815722,0
43011,Cruz Alta,RS,Sul,2016,2024,23,153983.0,14.936713793081054,25,147375.0,16.963528413910094,2.0268146208290396,16.668145874417426,17.383269060983253,0.7151231865658261,45.0,2.0268146208290396,0
43012,Não-Me-Toque,RS,Sul,2016,2024,2,44184.0,4.526525439072968,6,45638.0,13.146938954380122,8.620413515307154,6.790044286177733,13.292274972861605,6.502230686683872,45.0,8.620413515307154,0
43013,Soledade,RS,Sul,2016,2024,13,74056.0,17.554283245111808,14,67809.0,20.646226902033654,3.0919436569218455,14.85395857996156,25.36385948421846,10.509900904256899,45.0,3.0919436569218455,0
43014,Guaporé,RS,Sul,2016,2024,18,136314.0,13.204806549584049,16,139701.0,11.453031832270348,-1.751774717313701,10.515992868689487,17.406819121390804,6.890826252701316,45.0,-1.751774717313701,0
43015,Vacaria,RS,Sul,2016,2024,45,164683.0,27.325224825877594,36,165391.0,21.766601568404568,-5.558623257473027,19.63455438670356,26.753175407909342,7.118621021205783,45.0,-5.558623257473027,0
43016,Caxias do Sul,RS,Sul,2016,2024,216,840752.0,25.691285896435573,139,865528.0,16.059561331349187,-9.631724565086387,23.196980030770696,18.278233461574516,-4.9187465691961805,45.0,-9.631724565086387,0
43017,Santiago,RS,Sul,2016,2024,19,114761.0,16.556147123151593,8,107349.0,7.4523283868503665,-9.103818736301227,13.361411662188658,11.305396442568586,-2.056015219620072,45.0,-9.103818736301227,0
43018,Santa Maria,RS,Sul,2016,2024,77,381843.0,20.16535591853196,80,377820.0,21.17410407072151,1.008748152189547,19.642592123757062,20.356863895084132,0.7142717713270699,45.0,1.008748152189547,0
43019,Restinga Seca,RS,Sul,2016,2024,8,64568.0,12.390038409119068,7,60488.0,11.572543314376405,-0.8174950947426627,6.711166865420455,10.568413792336232,3.857246926915777,45.0,-0.8174950947426627,0
43020,Santa Cruz do Sul,RS,Sul,2016,2024,75,340361.0,22.03542709064787,46,342213.0,13.441920675135076,-8.593506415512795,21.057703985488793,12.555225692539329,-8.502478292949464,45.0,-8.593506415512795,0
43021,Lajeado-Estrela,RS,Sul,2016,2024,63,327471.0,19.2383447694605,50,348208.0,14.359233561549418,-4.879111207911082,18.934978708329048,12.822810614372914,-6.112168093956134,45.0,-4.879111207911082,0
43022,Cachoeira do Sul,RS,Sul,2016,2024,27,157307.0,17.16388971883006,16,148644.0,10.763972982427815,-6.399916736402245,13.773345821166878,9.54022910178743,-4.2331167193794474,45.0,-6.399916736402245,0
43023,Montenegro,RS,Sul,2016,2024,36,219252.0,16.419462536259648,23,228057.0,10.085197998745928,-6.33426453751372,16.421484775915157,8.73967255853914,-7.681812217376017,45.0,-6.33426453751372,0
43024,Gramado-Canela,RS,Sul,2016,2024,31,321151.0,9.652780156375039,29,338956.0,8.55568274348293,-1.0970974128921096,11.93779474674747,9.876188509503587,-2.0616062372438826,45.0,-1.0970974128921096,0
43025,São Jerônimo,RS,Sul,2016,2024,27,153345.0,17.607355962046366,16,144909.0,11.041412196619948,-6.565943765426418,18.696017965568892,12.807615641125953,-5.888402324442939,45.0,-6.565943765426418,0
43026,Porto Alegre,RS,Sul,2016,2024,1833,3840273.0,47.73098162552506,589,3727767.0,15.800343744660006,-31.930637880865056,46.81420766497798,19.698377137861318,-27.11583052711666,45.0,-31.930637880865056,0
43027,Osório,RS,Sul,2016,2024,145,374061.0,38.763731049213895,79,434330.0,18.188934681002923,-20.574796368210972,35.11567674326162,21.048151153789487,-14.067525589472137,45.0,-20.574796368210972,0
43028,Camaquã,RS,Sul,2016,2024,23,137892.0,16.679720360862124,16,128325.0,12.468342100136372,-4.211378260725752,16.922559948168615,17.081281937069928,0.15872198890131273,45.0,-4.211378260725752,0
43029,Campanha Ocidental,RS,Sul,2016,2024,63,372500.0,16.91275167785235,46,353774.0,13.002651410222345,-3.9101002676300034,16.37556050501155,14.324390139089829,-2.0511703659217204,45.0,-3.9101002676300034,0
43030,Campanha Central,RS,Sul,2016,2024,19,188762.0,10.065585234316229,25,187756.0,13.31515371013443,3.249568475818201,11.30147025064542,15.860571160795551,4.559100910150132,45.0,3.249568475818201,0
43031,Campanha Meridional,RS,Sul,2016,2024,29,180911.0,16.029981593159068,35,177643.0,19.70243690998238,3.6724553168233136,14.372131331799078,13.529027863128158,-0.84310346867092,45.0,3.6724553168233136,0
43032,Serras de Sudeste,RS,Sul,2016,2024,32,120930.0,26.461589349210286,16,112615.0,14.207698796785508,-12.253890552424778,18.468493301725562,15.561500846904758,-2.906992454820804,45.0,-12.253890552424778,0
43033,Pelotas,RS,Sul,2016,2024,101,504900.0,20.00396118043177,45,491113.0,9.16286068582994,-10.841100494601829,23.305868061057414,8.061107327443214,-15.2447607336142,45.0,-10.841100494601829,0
43034,Jaguarão,RS,Sul,2016,2024,5,54143.0,9.234804129804408,1,51600.0,1.937984496124031,-7.296819633680377,9.23446301597562,6.5390249006068215,-2.695438115368799,45.0,-7.296819633680377,0
43035,Litoral Lagunar,RS,Sul,2016,2024,54,273501.0,19.743986310836156,51,263569.0,19.349771786515106,-0.3942145243210504,26.083056251645427,29.59206057880784,3.509004327162412,45.0,-0.3942145243210504,0
50001,Baixo Pantanal,MS,Centro-Oeste,2016,2024,34,148208.0,22.940731944294505,27,134261.0,20.110084089944213,-2.8306478543502926,25.64067961296069,20.384281454078742,-5.256398158881947,45.0,-2.8306478543502926,0
50002,Aquidauana,MS,Centro-Oeste,2016,2024,24,110540.0,21.71159761172426,14,111259.0,12.583251691997951,-9.12834591972631,19.299663462118378,17.67118195833257,-1.6284815037858067,45.0,-9.12834591972631,0
50003,Alto Taquari,MS,Centro-Oeste,2016,2024,36,125714.0,28.63642871915618,29,129550.0,22.385179467387108,-6.251249251769071,23.0689682602816,21.50419200620999,-1.5647762540716101,45.0,-6.251249251769071,0
50004,Campo Grande,MS,Centro-Oeste,2016,2024,194,966860.0,20.064952526736032,191,1052984.0,18.1389270872112,-1.9260254395248317,19.27306415172142,19.324559396786974,0.05149524506555281,45.0,-1.9260254395248317,0
50005,Cassilândia,MS,Centro-Oeste,2016,2024,11,70055.0,15.701948469060024,22,89280.0,24.6415770609319,8.939628591871877,15.702919791389089,23.91864574170949,8.215725950320401,45.0,8.939628591871877,0
50006,Paranaíba,MS,Centro-Oeste,2016,2024,10,80481.0,12.425292926280736,4,89294.0,4.479584294577463,-7.9457086317032735,20.295233519442004,10.699008240146883,-9.59622527929512,45.0,-7.9457086317032735,0
50007,Três Lagoas,MS,Centro-Oeste,2016,2024,48,173387.0,27.683736381620307,34,202092.0,16.824020743027926,-10.85971563859238,25.570579606213073,18.332692537830276,-7.237887068382797,45.0,-10.85971563859238,0
50008,Nova Andradina,MS,Centro-Oeste,2016,2024,20,97531.0,20.506300560847322,11,97032.0,11.33646632038915,-9.169834240458172,14.355048191947501,13.290244960199214,-1.0648032317482876,45.0,-9.169834240458172,0
50009,Bodoquena,MS,Centro-Oeste,2016,2024,15,109097.0,13.749232334527989,18,108746.0,16.552332959373217,2.8031006248452286,22.610470481114145,16.452320863715805,-6.15814961739834,45.0,2.8031006248452286,0
50010,Dourados,MS,Centro-Oeste,2016,2024,190,558403.0,34.02560516329604,106,636020.0,16.666142574132888,-17.359462589163154,33.609692963813764,19.47062551407036,-14.139067449743404,45.0,-17.359462589163154,0
50011,Iguatemi,MS,Centro-Oeste,2016,2024,89,242110.0,36.76015034488456,63,251377.0,25.061958731307957,-11.6981916135766,33.73224582408565,25.518057063236174,-8.214188760849478,45.0,-11.6981916135766,0
51001,Aripuanã,MT,Centro-Oeste,2016,2024,59,158779.0,37.15856630914668,70,148929.0,47.00226282322449,9.843696514077813,37.164964147358035,49.58750666544396,12.422542518085926,45.0,9.843696514077813,0
51002,Alta Floresta,MT,Centro-Oeste,2016,2024,53,103591.0,51.162745798380165,35,114907.0,30.4594150051781,-20.703330793202063,49.556405809040506,32.439621754010346,-17.11678405503016,45.0,-20.703330793202063,0
51003,Colíder,MT,Centro-Oeste,2016,2024,54,150531.0,35.87300954620643,58,151787.0,38.211441032499486,2.3384314862930538,35.210409880173884,43.494807807318004,8.28439792714412,45.0,2.3384314862930538,0
51004,Parecis,MT,Centro-Oeste,2016,2024,37,103492.0,35.75155567580103,29,132080.0,21.956390066626287,-13.795165609174742,39.936745348496416,25.52841208066978,-14.408333267826634,45.0,-13.795165609174742,0
51005,Arinos,MT,Centro-Oeste,2016,2024,19,79669.0,23.848673888212478,29,75241.0,38.54281575205008,14.694141863837604,28.45283524134699,44.54422350509586,16.09138826374887,45.0,14.694141863837604,0
51006,Alto Teles Pires,MT,Centro-Oeste,2016,2024,89,238340.0,37.341612822018966,138,337518.0,40.88670826444812,3.545095442429151,37.07086971058143,47.95630007882946,10.88543036824803,45.0,3.545095442429151,0
51007,Sinop,MT,Centro-Oeste,2016,2024,65,194473.0,33.423662924930454,74,279998.0,26.428760205430038,-6.994902719500416,38.057751781171355,25.598646610683538,-12.459105170487817,45.0,-6.994902719500416,0
51008,Paranatinga,MT,Centro-Oeste,2016,2024,18,35035.0,51.37719423433709,9,44549.0,20.202473680666234,-31.174720553670856,39.0104662226451,20.758372543592582,-18.252093679052518,45.0,-31.174720553670856,0
51009,Norte Araguaia,MT,Centro-Oeste,2016,2024,30,124904.0,24.01844616665599,29,135995.0,21.324313393874775,-2.6941327727812165,24.82257199213151,21.737500936961247,-3.085071055170264,45.0,-2.6941327727812165,0
51010,Canarana,MT,Centro-Oeste,2016,2024,21,109827.0,19.12098117949138,32,145829.0,21.943509178558447,2.8225279990670664,25.194269062651774,21.704383931678375,-3.4898851309733985,45.0,2.8225279990670664,0
51011,Médio Araguaia,MT,Centro-Oeste,2016,2024,16,67282.0,23.780505930263665,23,83072.0,27.68682588597843,3.906319955714764,18.82698005331008,25.467712485956817,6.640732432646736,45.0,3.906319955714764,0
51012,Alto Guaporé,MT,Centro-Oeste,2016,2024,21,72021.0,29.15816220269088,61,85925.0,70.9921443118999,41.833982109209025,25.467207497545886,54.34858068879884,28.881373191252955,45.0,41.833982109209025,0
51013,Tangará da Serra,MT,Centro-Oeste,2016,2024,34,161588.0,21.04116642324925,75,168433.0,44.52809128852422,23.486924865274972,25.170208376315248,38.48556287654396,13.315354500228711,45.0,23.486924865274972,0
51014,Jauru,MT,Centro-Oeste,2016,2024,19,107801.0,17.6250684130945,44,101597.0,43.30836540449029,25.68329699139579,21.337192582078615,40.39030829626784,19.053115714189225,45.0,25.68329699139579,0
51015,Alto Paraguai,MT,Centro-Oeste,2016,2024,13,32538.0,39.953285389390864,12,30537.0,39.296591020728954,-0.6566943686619098,42.00217181961604,50.16959504411653,8.167423224500489,45.0,-0.6566943686619098,0
51016,Rosário Oeste,MT,Centro-Oeste,2016,2024,11,30278.0,36.33000858709294,8,27673.0,28.90904491742854,-7.420963669664399,33.00366340663814,35.993233272144835,2.989569865506695,45.0,-7.420963669664399,0
51017,Cuiabá,MT,Centro-Oeste,2016,2024,362,906316.0,39.94191871267858,192,1045386.0,18.366421589728578,-21.57549712295,37.62683886002816,17.257828863996075,-20.369009996032084,45.0,-21.57549712295,0
51018,Alto Pantanal,MT,Centro-Oeste,2016,2024,41,136000.0,30.147058823529413,58,135066.0,42.94196911139739,12.794910287867978,27.72230590705913,43.76149982594858,16.039193918889453,45.0,12.794910287867978,0
51019,Primavera do Leste,MT,Centro-Oeste,2016,2024,44,97184.0,45.274942377346065,24,140758.0,17.05054064422626,-28.224401733119805,44.205029093077286,20.70324486393162,-23.501784229145667,45.0,-28.224401733119805,0
51020,Tesouro,MT,Centro-Oeste,2016,2024,17,54436.0,31.229333529282094,16,61654.0,25.95127647841178,-5.278057050870313,28.165909452724133,21.916847480658383,-6.24906197206575,45.0,-5.278057050870313,0
51021,Rondonópolis,MT,Centro-Oeste,2016,2024,140,302259.0,46.31789293288207,67,346530.0,19.33454534960898,-26.983347583273087,41.030980596316915,21.08177067171053,-19.949209924606386,45.0,-26.983347583273087,0
51022,Alto Araguaia,MT,Centro-Oeste,2016,2024,12,39187.0,30.622400285809068,18,42935.0,41.9238383603121,11.301438074503029,39.98604742175071,35.678607107178536,-4.307440314572176,45.0,11.301438074503029,0
52001,São Miguel do Araguaia,GO,Centro-Oeste,2016,2024,35,80270.0,43.602840413604085,20,80483.0,24.849968316290397,-18.752872097313688,41.112273882493646,29.218529556629683,-11.893744325863963,45.0,-18.752872097313688,0
52002,Rio Vermelho,GO,Centro-Oeste,2016,2024,19,89406.0,21.25137015412836,22,89977.0,24.450692954866245,3.1993228007378853,30.944977592853576,21.24257907270552,-9.702398520148055,45.0,3.1993228007378853,0
52003,Aragarças,GO,Centro-Oeste,2016,2024,17,58039.0,29.29064939092679,20,55601.0,35.97057606877574,6.67992667784895,28.717642396429824,33.139317691575386,4.421675295145562,45.0,6.67992667784895,0
52004,Porangatu,GO,Centro-Oeste,2016,2024,56,241009.0,23.235646801571725,48,230726.0,20.80389726342068,-2.4317495381510454,26.278918912937943,24.57470492177537,-1.7042139911625718,45.0,-2.4317495381510454,0
52005,Chapada dos Veadeiros,GO,Centro-Oeste,2016,2024,17,67994.0,25.002206077006793,12,70176.0,17.09986320109439,-7.902342875912403,30.397372098154094,15.860085211912367,-14.537286886241727,45.0,-7.902342875912403,0
52006,Ceres,GO,Centro-Oeste,2016,2024,63,247830.0,25.420651252874954,48,258632.0,18.55918834482972,-6.861462908045233,23.40461878045795,21.27469349105321,-2.129925289404742,45.0,-6.861462908045233,0
52007,Anápolis,GO,Centro-Oeste,2016,2024,285,594868.0,47.909788390029384,63,647461.0,9.73031580280511,-38.179472587224275,43.263042097966135,14.888371290816549,-28.374670807149585,45.0,-38.179472587224275,0
52008,Iporá,GO,Centro-Oeste,2016,2024,11,59230.0,18.57166976194496,4,63164.0,6.332721170286872,-12.238948591658088,20.25909126720616,8.001280204832772,-12.257811062373387,45.0,-12.238948591658088,0
52009,Anicuns,GO,Centro-Oeste,2016,2024,15,116745.0,12.848515996402416,8,112241.0,7.1275202466122005,-5.720995749790215,12.278171980069386,14.958079980853658,2.6799080007842715,45.0,-5.720995749790215,0
52010,Goiânia,GO,Centro-Oeste,2016,2024,1165,2396506.0,48.61243827472162,457,2654677.0,17.214900343808306,-31.397537930913312,49.411753904425815,19.624671412058724,-29.78708249236709,45.0,-31.397537930913312,0
52011,Vão do Paranã,GO,Centro-Oeste,2016,2024,54,118384.0,45.614272198945805,25,111479.0,22.425748347222346,-23.18852385172346,36.32595362668184,26.832121365604234,-9.493832261077603,45.0,-23.18852385172346,0
52012,Entorno de Brasília,GO,Centro-Oeste,2016,2024,765,1205123.0,63.47899757950018,308,1423379.0,21.638650001159213,-41.84034757834097,58.31503841931943,25.132190275187874,-33.182848144131555,45.0,-41.84034757834097,0
52013,Sudoeste de Goiás,GO,Centro-Oeste,2016,2024,165,511944.0,32.230087665838454,107,560421.0,19.09278917099823,-13.137298494840223,35.29555796937231,20.654994164964148,-14.640563804408163,45.0,-13.137298494840223,0
52014,Vale do Rio dos Bois,GO,Centro-Oeste,2016,2024,25,123196.0,20.29286665151466,33,133403.0,24.73707487837605,4.444208226861388,30.847327376732455,24.612417852883713,-6.234909523848742,45.0,4.444208226861388,0
52015,Meia Ponte,GO,Centro-Oeste,2016,2024,150,396171.0,37.86243818956966,78,444934.0,17.530689945025554,-20.331748244544105,36.18289020512333,18.329285616093113,-17.853604589030216,45.0,-20.331748244544105,0
52016,Pires do Rio,GO,Centro-Oeste,2016,2024,25,99623.0,25.0946066671351,21,109548.0,19.16967904480228,-5.92492762233282,17.734530804545393,22.247044155747847,4.512513351202454,45.0,-5.92492762233282,0
52017,Catalão,GO,Centro-Oeste,2016,2024,64,166524.0,38.43289856116836,25,187484.0,13.334471208209767,-25.09842735295859,35.83547712235113,22.162093918230955,-13.673383204120174,45.0,-25.09842735295859,0
52018,Quirinópolis,GO,Centro-Oeste,2016,2024,37,122993.0,30.083012854390088,27,116697.0,23.13684156405049,-6.946171290339599,36.04912438574189,27.091015725758226,-8.958108659983665,45.0,-6.946171290339599,0
53001,Brasília,DF,Centro-Oeste,2016,2024,760,2977216.0,25.5272039381758,308,2982818.0,10.325805999561489,-15.20139793861431,23.646670376387366,11.631784817497929,-12.014885558889437,45.0,-15.20139793861431,0
