{"type":"FeatureCollection","features":[{"type":"Feature","id":"11001","properties":{"code":"11001","name":"Porto Velho"},"geometry":{"type":"MultiPolygon","coordinates":[[[[-66.81025,-9.81805],[-66.77536,-9.75309],[-66.72539,-9.75607],[-66.60945,-9.6649],[-66.50061,-9.63356],[-66.39241,-9.50048],[-66.40886,-9.40695],[-66.3075,-9.43685],[-66.2678,-9.40976],[-66.17363,-9.43442],[-66.12389,-9.40878],[-65.9703,-9.41316],[-65.79152,-9.58564],[-65.72355,-9.55906],[-65.67944,-9.45139],[-65.59678,-9.41387],[-65.4928,-9.47366],[-65.43472,-9.46633],[-65.44702,-9.31638],[-65.38521,-9.33803],[-65.24666,-9.25766],[-65.20803,-9.28563],[-65.19616,-9.37526],[-65.17354,-9.38545],[-65.18546,-9.42703],[-65.09785,-9.43252],[-64.93608,-9.25581],[-64.91727,-9.04314],[-64.83932,-8.99411],[-64.79163,-8.9864],[-64.75357,-9.02075],[-64.69927,-8.98826],[-64.61107,-9.01645],[-64.55012,-8.97827],[-64.44657,-8.97687],[-64.3234,-8.92886],[-64.31132,-8.99647],[-64.14945,-8.95894],[-64.13087,-8.72216],[-64.02787,-8.71567],[-63.98621,-8.58563],[-63.94595,-8.60949],[-63.92457,-8.57553],[-63.9745,-8.48724],[-63.94084,-8.45226],[-63.9779,-8.42013],[-63.94537,-8.38783],[-63.94412,-8.33119],[-63.87076,-8.28882],[-63.77351,-8.32073],[-63.72276,-8.2495],[-63.74703,-8.19858],[-63.6699,-8.12174],[-63.62143,-7.97653],[-62.86662,-7.97587],[-62.69228,-8.09291],[-62.683,-8.18057],[-62.64995,-8.23703],[-62.56192,-8.28401],[-62.52614,-8.38305],[-62.46547,-8.33974],[-62.36508,-8.39102],[-62.33578,-8.60948],[-62.2895,-8.6391],[-62.28936,-8.5889],[-62.26889,-8.57576],[-62.2412,-8.60457],[-62.24586,-8.68991],[-62.33078,-8.7093],[-62.36768,-8.67471],[-62.36703,-8.75099],[-62.28978,-8.82984],[-62.33375,-8.88112],[-62.32514,-8.95789],[-62.34978,-8.99477],[-62.30754,-9.30982],[-62.38815,-9.36984],[-62.42246,-9.52502],[-63.07681,-9.52497],[-63.10111,-9.45274],[-63.75683,-9.39517],[-63.70932,-9.45765],[-63.67709,-9.41396],[-63.67095,-9.44251],[-63.58268,-9.4106],[-63.58235,-9.44408],[-63.55506,-9.43825],[-63.54815,-9.55084],[-63.62515,-9.62455],[-63.69318,-9.88125],[-63.76584,-10.00029],[-63.59697,-10.00038],[-63.58934,-10.20878],[-63.56171,-10.24396],[-63.47299,-10.26805],[-63.46094,-10.30794],[-63.47712,-10.33738],[-63.44282,-10.39999],[-63.49107,-10.40104],[-63.5134,-10.43493],[-63.48909,-10.46973],[-63.53293,-10.46493],[-63.53284,-10.52843],[-63.55732,-10.53381],[-63.52927,-10.5918],[-63.56146,-10.64198],[-63.55224,-10.72735],[-63.58043,-10.73136],[-63.57707,-10.83158],[-63.93083,-10.87331],[-64.00057,-10.83627],[-64.02083,-10.86645],[-64.11399,-10.8673],[-64.23616,-10.7532],[-64.38132,-10.76843],[-64.40991,-10.82442],[-64.44751,-10.83584],[-64.54087,-10.79281],[-64.59343,-10.80975],[-64.65904,-10.76878],[-64.74391,-10.45506],[-64.90203,-10.54298],[-64.97508,-10.51268],[-65.18233,-10.53866],[-65.20572,-10.56361],[-65.29836,-10.5423],[-65.39186,-10.37698],[-65.28883,-10.21987],[-65.33355,-9.94251],[-65.28605,-9.84549],[-65.3638,-9.71159],[-65.44344,-9.66932],[-65.50102,-9.72984],[-65.50205,-9.78584],[-65.56432,-9.81025],[-65.55803,-9.84463],[-65.62761,-9.8368],[-65.66889,-9.78114],[-65.71055,-9.80732],[-65.68497,-9.74901],[-65.74424,-9.78208],[-65.77191,-9.7343],[-65.79453,-9.79179],[-65.81694,-9.75466],[-65.86861,-9.79303],[-65.88124,-9.75201],[-65.96716,-9.77065],[-65.98214,-9.80878],[-66.07111,-9.7843],[-66.09246,-9.81414],[-66.10019,-9.78473],[-66.15294,-9.78575],[-66.20367,-9.83462],[-66.23766,-9.8146],[-66.28619,-9.84472],[-66.34619,-9.83937],[-66.42625,-9.89963],[-66.4358,-9.86601],[-66.62672,-9.8981],[-66.81025,-9.81805]]]]}},{"type":"Feature","id":"11002","properties":{"code":"11002","name":"Guajarã-Mirim"},"geometry":{"type":"MultiPolygon","coordinates":[[[[-62.27659,-12.52524],[-62.36174,-12.60005],[-62.42682,-12.71019],[-62.49952,-12.75448],[-62.52194,-12.80959],[-62.57807,-12.80988],[-62.64923,-12.8994],[-62.72452,-12.92789],[-62.74099,-12.88208],[-62.78844,-12.86135],[-62.86582,-12.87925],[-62.92135,-12.84086],[-62.97626,-12.85988],[-63.0071,-12.8396],[-63.04722,-12.74069],[-63.08126,-12.72408],[-63.06138,-12.68654],[-63.09574,-12.68367],[-63.09346,-12.65796],[-63.15838,-12.61414],[-63.16367,-12.64025],[-63.19302,-12.6237],[-63.19616,-12.65447],[-63.24472,-12.66117],[-63.23902,-12.691],[-63.36935,-12.65959],[-63.44038,-12.60621],[-63.43469,-12.56584],[-63.50174,-12.56732],[-63.55049,-12.50844],[-63.69155,-12.44942],[-63.7863,-12.42795],[-63.83397,-12.46343],[-63.88516,-12.44638],[-63.90071,-12.50602],[-63.95297,-12.53177],[-64.09219,-12.48398],[-64.12258,-12.50575],[-64.13388,-12.47645],[-64.16461,-12.51437],[-64.17288,-12.46651],[-64.23055,-12.45508],[-64.28578,-12.50318],[-64.29472,-12.45782],[-64.41621,-12.44146],[-64.51211,-12.35143],[-64.50819,-12.22529],[-64.55224,-12.24195],[-64.69803,-12.1878],[-64.7092,-12.0871],[-64.73855,-12.10008],[-64.74994,-12.15757],[-64.78847,-12.08579],[-64.83261,-12.12171],[-64.84241,-12.0946],[-64.80964,-12.05435],[-64.83959,-12.01068],[-64.91703,-12.02838],[-64.94839,-11.99343],[-64.97514,-12.01873],[-65.03203,-11.99508],[-65.01525,-11.89824],[-65.07069,-11.86911],[-65.05972,-11.79068],[-65.08814,-11.70938],[-65.18297,-11.7217],[-65.18145,-11.75657],[-65.25947,-11.71008],[-65.21791,-11.65209],[-65.23495,-11.57447],[-65.21192,-11.53049],[-65.30914,-11.49364],[-65.33541,-11.35495],[-65.29181,-11.32416],[-65.34692,-11.30287],[-65.3607,-11.22332],[-65.31867,-11.19715],[-65.36392,-11.14512],[-65.28436,-11.08958],[-65.30125,-11.03213],[-65.25055,-10.98563],[-65.28583,-10.92767],[-65.26661,-10.92181],[-65.27655,-10.86936],[-65.36696,-10.79626],[-65.34561,-10.6838],[-65.41647,-10.62077],[-65.3972,-10.58334],[-65.424,-10.46501],[-65.35519,-10.43273],[-65.29836,-10.5423],[-65.20572,-10.56361],[-65.18233,-10.53866],[-64.97508,-10.51268],[-64.90105,-10.54281],[-64.74391,-10.45506],[-64.65904,-10.76878],[-64.59343,-10.80975],[-64.54087,-10.79281],[-64.49019,-10.83239],[-64.40991,-10.82442],[-64.38039,-10.7681],[-64.25171,-10.75293],[-64.11399,-10.8673],[-64.02083,-10.86645],[-64.00057,-10.83627],[-63.93083,-10.87331],[-63.57707,-10.83158],[-63.57141,-10.87559],[-63.60887,-10.91339],[-63.57671,-10.99282],[-63.63013,-11.00554],[-63.58056,-11.03115],[-63.60282,-11.14167],[-63.58843,-11.28293],[-63.5379,-11.30851],[-63.51955,-11.37152],[-63.55505,-11.41856],[-63.60174,-11.41353],[-63.61705,-11.48968],[-63.59452,-11.50447],[-63.62329,-11.53918],[-63.5989,-11.59478],[-63.64531,-11.62633],[-63.65922,-11.60873],[-63.67992,-11.64441],[-63.6523,-11.68981],[-63.5448,-11.73083],[-63.60682,-11.80044],[-63.58109,-11.83904],[-63.36664,-11.83944],[-63.38553,-11.8641],[-63.3594,-11.91109],[-63.2703,-11.96864],[-63.25513,-12.02407],[-63.32374,-12.18626],[-63.33379,-12.29663],[-63.24282,-12.29966],[-63.23563,-12.25207],[-63.15896,-12.23663],[-63.12463,-12.20099],[-62.81394,-12.20216],[-62.73132,-12.10982],[-62.62229,-12.25432],[-62.39468,-12.34348],[-62.29143,-12.31883],[-62.25093,-12.40203],[-62.27659,-12.52524]]]]}},{"type":"Feature","id":"11003","properties":{"code":"11003","name":"Ariquemes"},"geometry":{"type":"MultiPolygon","coordinates":[[[[-63.52996,-10.49261],[-63.53293,-10.46493],[-63.48909,-10.46973],[-63.5134,-10.43493],[-63.49107,-10.40104],[-63.44279,-10.39278],[-63.47712,-10.33738],[-63.47057,-10.2705],[-63.56171,-10.24396],[-63.58934,-10.20878],[-63.58532,-10.02197],[-63.59697,-10.00038],[-63.76584,-10.00029],[-63.69318,-9.88125],[-63.62515,-9.62455],[-63.54815,-9.55084],[-63.55506,-9.43825],[-63.58235,-9.44408],[-63.58268,-9.4106],[-63.67095,-9.44251],[-63.67709,-9.41396],[-63.70932,-9.45765],[-63.75683,-9.39517],[-63.10111,-9.45274],[-63.07681,-9.52497],[-62.42246,-9.52502],[-62.38815,-9.36984],[-62.30754,-9.30982],[-62.34978,-8.99477],[-62.32514,-8.95789],[-62.33375,-8.88112],[-62.28978,-8.82984],[-62.37783,-8.72829],[-62.36597,-8.67234],[-62.33078,-8.7093],[-62.24459,-8.68895],[-62.2412,-8.60457],[-62.26889,-8.57576],[-62.18839,-8.59056],[-62.17664,-8.63692],[-62.20053,-8.64429],[-62.12497,-8.80167],[-62.03106,-8.79971],[-61.98522,-8.87861],[-61.85975,-8.85297],[-61.8365,-8.73272],[-61.77461,-8.74823],[-61.71327,-8.68785],[-61.63055,-8.72196],[-61.60603,-8.79471],[-61.52084,-8.82159],[-61.4685,-8.91737],[-61.55575,-9.0924],[-61.52487,-9.24286],[-61.57698,-9.23753],[-61.63338,-9.27429],[-61.61199,-9.2807],[-61.62593,-9.36301],[-61.5527,-9.38742],[-61.57864,-9.47161],[-61.52581,-9.5018],[-61.54957,-9.51522],[-61.51344,-9.52853],[-61.50303,-9.61535],[-61.47712,-9.62628],[-61.50527,-9.69138],[-61.54609,-9.71541],[-61.60843,-9.68423],[-61.71155,-9.73133],[-61.79217,-9.71968],[-61.80667,-9.79984],[-61.83931,-9.81152],[-61.87664,-9.90481],[-61.86203,-9.98585],[-61.90905,-9.98917],[-61.93714,-9.94785],[-62.01598,-9.94878],[-62.14878,-10.05429],[-62.20951,-10.03322],[-62.29206,-9.93003],[-62.39957,-9.91172],[-62.427,-9.80666],[-62.46308,-9.93051],[-62.50423,-9.96497],[-62.53423,-10.05216],[-62.57253,-10.06784],[-62.59306,-10.18369],[-62.78805,-10.49248],[-63.52996,-10.49261]]]]}},{"type":"Feature","id":"11004","properties":{"code":"11004","name":"Ji-Paranã"},"geometry":{"type":"MultiPolygon","coordinates":[[[[-63.6278,-11.00465],[-63.57671,-10.99282],[-63.60887,-10.91339],[-63.57085,-10.87313],[-63.58612,-10.76787],[-63.58043,-10.73136],[-63.55224,-10.72735],[-63.56146,-10.64198],[-63.52926,-10.59083],[-63.55732,-10.53381],[-63.52996,-10.49261],[-62.78805,-10.49248],[-62.59306,-10.18369],[-62.57253,-10.06784],[-62.53423,-10.05216],[-62.50423,-9.96497],[-62.46308,-9.93051],[-62.42608,-9.80609],[-62.39957,-9.91172],[-62.29206,-9.93003],[-62.20951,-10.03322],[-62.14878,-10.05429],[-62.01598,-9.94878],[-61.93714,-9.94785],[-61.90905,-9.98917],[-61.86203,-9.98585],[-61.87664,-9.90481],[-61.83931,-9.81152],[-61.80667,-9.79984],[-61.79217,-9.71968],[-61.71155,-9.73133],[-61.60843,-9.68423],[-61.5315,-9.73991],[-61.54736,-9.78754],[-61.52491,-9.79573],[-61.50842,-9.8888],[-61.60187,-10.15438],[-61.55172,-10.19778],[-61.57793,-10.23531],[-61.5528,-10.30823],[-61.46179,-10.4199],[-61.49939,-10.69862],[-61.47239,-10.71497],[-61.47383,-10.79751],[-61.5109,-10.79368],[-61.53009,-10.97902],[-61.632,-10.98629],[-61.63236,-11.11816],[-61.66707,-11.11842],[-61.66621,-11.25885],[-61.73075,-11.30373],[-61.78304,-11.40198],[-61.8602,-11.36875],[-61.91798,-11.29245],[-62.05653,-11.30624],[-62.18271,-11.2831],[-62.11709,-11.19112],[-62.14979,-11.15142],[-62.15362,-11.07218],[-62.18804,-11.053],[-62.26484,-11.17234],[-62.44534,-11.17659],[-62.58415,-11.22477],[-62.69817,-11.12785],[-62.76831,-11.19595],[-63.11239,-11.19464],[-63.15671,-11.08597],[-63.19642,-11.08257],[-63.24541,-11.14714],[-63.28871,-11.15323],[-63.34135,-11.06379],[-63.37754,-11.07539],[-63.4331,-11.02995],[-63.52679,-11.04607],[-63.6278,-11.00465]]]]}},{"type":"Feature","id":"11005","properties":{"code":"11005","name":"Alvorada D'Oeste"},"geometry":{"type":"MultiPolygon","coordinates":[[[[-61.95248,-11.29041],[-62.08351,-11.49922],[-62.17145,-11.54439],[-62.21295,-11.71262],[-62.18815,-11.81234],[-62.23249,-11.90878],[-62.29695,-11.89253],[-62.40729,-11.91544],[-62.61021,-12.08324],[-62.60396,-12.15876],[-62.64252,-12.23718],[-62.73132,-12.10982],[-62.81394,-12.20216],[-63.12463,-12.20099],[-63.15896,-12.23663],[-63.23563,-12.25207],[-63.24282,-12.29966],[-63.27604,-12.28113],[-63.29807,-12.30941],[-63.33001,-12.30001],[-63.32374,-12.18626],[-63.25513,-12.02407],[-63.2703,-11.96864],[-63.3594,-11.91109],[-63.38553,-11.8641],[-63.36664,-11.83944],[-63.58109,-11.83904],[-63.60682,-11.80044],[-63.5448,-11.73083],[-63.6523,-11.68981],[-63.67939,-11.64714],[-63.65922,-11.60873],[-63.64531,-11.62633],[-63.5989,-11.59478],[-63.62329,-11.53918],[-63.59452,-11.50447],[-63.61705,-11.48968],[-63.60174,-11.41353],[-63.55304,-11.41752],[-63.51946,-11.37057],[-63.5379,-11.30851],[-63.58843,-11.28293],[-63.60282,-11.14167],[-63.58056,-11.03115],[-63.63013,-11.00554],[-63.52679,-11.04607],[-63.4331,-11.02995],[-63.37754,-11.07539],[-63.34135,-11.06379],[-63.28871,-11.15323],[-63.24541,-11.14714],[-63.19642,-11.08257],[-63.15671,-11.08597],[-63.11239,-11.19464],[-62.76831,-11.19595],[-62.69817,-11.12785],[-62.58415,-11.22477],[-62.44534,-11.17659],[-62.26484,-11.17234],[-62.18804,-11.053],[-62.15362,-11.07218],[-62.14979,-11.15142],[-62.11709,-11.19112],[-62.18271,-11.2831],[-62.05653,-11.30624],[-61.95248,-11.29041]]]]}},{"type":"Feature","id":"11006","properties":{"code":"11006","name":"Cacoal"},"geometry":{"type":"MultiPolygon","coordinates":[[[[-62.78118,-13.00838],[-62.80596,-12.94063],[-62.84585,-12.94872],[-62.89216,-12.85884],[-62.75204,-12.87315],[-62.73043,-12.92731],[-62.65263,-12.90209],[-62.57807,-12.80988],[-62.52194,-12.80959],[-62.49952,-12.75448],[-62.42682,-12.71019],[-62.26782,-12.50977],[-62.25093,-12.40203],[-62.29143,-12.31883],[-62.39468,-12.34348],[-62.64146,-12.23977],[-62.60396,-12.15876],[-62.61146,-12.08498],[-62.39934,-11.91031],[-62.23249,-11.90878],[-62.18815,-11.81234],[-62.21295,-11.71262],[-62.17145,-11.54439],[-62.08351,-11.49922],[-61.95454,-11.29053],[-61.91798,-11.29245],[-61.8412,-11.38158],[-61.78698,-11.40241],[-61.75512,-11.37833],[-61.74191,-11.31836],[-61.66621,-11.25885],[-61.66707,-11.11842],[-61.63236,-11.11816],[-61.632,-10.98629],[-60.45852,-10.98931],[-60.47525,-11.04606],[-60.51283,-11.06635],[-60.53755,-11.21601],[-60.4838,-11.29289],[-60.49677,-11.34445],[-60.46083,-11.35818],[-60.43803,-11.44686],[-60.51161,-11.47901],[-60.59053,-11.62074],[-60.67161,-11.6951],[-60.82192,-11.69805],[-60.84922,-11.72834],[-60.91152,-11.72229],[-60.92113,-11.74921],[-61.22025,-11.51792],[-61.2935,-11.4982],[-61.37286,-11.51025],[-61.3527,-11.61745],[-61.54898,-11.61911],[-61.57581,-11.66943],[-61.52139,-11.75931],[-61.5643,-11.85637],[-61.53069,-11.85617],[-61.53051,-12.08899],[-61.67862,-12.0897],[-61.6779,-12.26421],[-61.67578,-12.42922],[-61.55379,-12.48055],[-61.52773,-12.53747],[-61.53784,-12.66137],[-61.88468,-12.86227],[-61.91563,-12.96928],[-61.9699,-13.01033],[-62.0376,-13.14068],[-62.10657,-13.18198],[-62.12429,-13.14982],[-62.15001,-13.16322],[-62.17048,-13.11392],[-62.19093,-13.15383],[-62.21479,-13.11134],[-62.27218,-13.15585],[-62.34101,-13.14992],[-62.39938,-13.11339],[-62.41399,-13.12838],[-62.45401,-13.06479],[-62.50263,-13.08316],[-62.60915,-13.04405],[-62.59999,-13.01566],[-62.62924,-13.01625],[-62.65082,-12.96558],[-62.72916,-13.02077],[-62.78118,-13.00838]]]]}},{"type":"Feature","id":"11007","properties":{"code":"11007","name":"Vilhena"},"geometry":{"type":"MultiPolygon","coordinates":[[[[-60.33317,-13.25798],[-60.35756,-13.21009],[-60.35089,-13.10932],[-60.40589,-13.07064],[-60.42061,-13.01485],[-60.47219,-13.01061],[-60.50449,-12.94894],[-60.57465,-12.98902],[-60.5894,-12.96761],[-60.61013,-12.9924],[-60.65202,-12.98131],[-60.65344,-12.86687],[-60.726,-12.80558],[-60.77684,-12.85321],[-60.79081,-12.8156],[-60.86887,-12.82247],[-60.97051,-12.93834],[-60.98429,-12.75036],[-61.0297,-12.77033],[-61.07887,-12.70212],[-61.16742,-12.7321],[-61.1939,-12.79268],[-61.19907,-12.74904],[-61.34428,-12.6943],[-61.33186,-12.63683],[-61.38606,-12.48731],[-61.43545,-12.50875],[-61.47607,-12.46432],[-61.58839,-12.47201],[-61.67578,-12.42922],[-61.67862,-12.0897],[-61.53051,-12.08899],[-61.53069,-11.85617],[-61.5643,-11.85637],[-61.52139,-11.75931],[-61.57581,-11.66943],[-61.54898,-11.61911],[-61.3527,-11.61745],[-61.37286,-11.51025],[-61.2935,-11.4982],[-61.22025,-11.51792],[-60.92113,-11.74921],[-60.91152,-11.72229],[-60.84922,-11.72834],[-60.82192,-11.69805],[-60.67161,-11.6951],[-60.59053,-11.62074],[-60.51161,-11.47901],[-60.43803,-11.44686],[-60.46083,-11.35818],[-60.49677,-11.34445],[-60.4838,-11.29289],[-60.53755,-11.21601],[-60.51283,-11.06635],[-60.47525,-11.04606],[-60.46005,-10.98986],[-60.4466,-11.04215],[-60.34797,-11.10904],[-60.34844,-11.07404],[-60.30125,-11.05715],[-60.271,-11.09869],[-60.20336,-11.11346],[-60.08425,-11.09684],[-60.06672,-11.12551],[-59.97678,-11.12239],[-59.99777,-11.15136],[-59.96402,-11.18912],[-59.98203,-11.2335],[-59.92041,-11.32691],[-59.92063,-11.39801],[-60.11414,-11.58749],[-60.10877,-11.83958],[-60.06052,-11.895],[-59.9858,-11.91208],[-59.97936,-12.02955],[-59.8998,-12.11722],[-59.89233,-12.24545],[-59.77435,-12.34096],[-59.94631,-12.59883],[-60.0034,-12.59236],[-60.06509,-12.67098],[-60.08408,-12.89597],[-60.11717,-12.95956],[-60.18928,-12.97114],[-60.28299,-13.08055],[-60.26851,-13.14497],[-60.33317,-13.25798]]]]}},{"type":"Feature","id":"11008","properties":{"code":"11008","name":"Colorado Do Oeste"},"geometry":{"type":"MultiPolygon","coordinates":[[[[-60.38792,-13.4547],[-60.6322,-13.5717],[-60.71753,-13.6937],[-60.87523,-13.62141],[-60.92304,-13.54086],[-61.00562,-13.55028],[-60.98833,-13.50032],[-61.01492,-13.48754],[-61.06037,-13.51185],[-61.09467,-13.49222],[-61.10618,-13.53166],[-61.18407,-13.5079],[-61.19429,-13.53645],[-61.29631,-13.47783],[-61.30623,-13.5031],[-61.46992,-13.55525],[-61.57243,-13.51857],[-61.57673,-13.48862],[-61.84109,-13.54891],[-61.89299,-13.43093],[-61.97062,-13.40617],[-62.01368,-13.33046],[-62.11399,-13.261],[-62.11787,-13.17252],[-62.03662,-13.13968],[-61.9699,-13.01033],[-61.91563,-12.96928],[-61.8814,-12.85941],[-61.56115,-12.69232],[-61.52465,-12.57757],[-61.56615,-12.4674],[-61.47912,-12.46347],[-61.43545,-12.50875],[-61.38606,-12.48731],[-61.33186,-12.63683],[-61.34428,-12.6943],[-61.19907,-12.74904],[-61.1939,-12.79268],[-61.16742,-12.7321],[-61.07887,-12.70212],[-61.0297,-12.77033],[-60.98429,-12.75036],[-60.97051,-12.93834],[-60.86887,-12.82247],[-60.79081,-12.8156],[-60.77684,-12.85321],[-60.72653,-12.80544],[-60.65344,-12.86687],[-60.65202,-12.98131],[-60.61013,-12.9924],[-60.5894,-12.96761],[-60.57465,-12.98902],[-60.50449,-12.94894],[-60.47219,-13.01061],[-60.42061,-13.01485],[-60.40589,-13.07064],[-60.35089,-13.10932],[-60.35756,-13.21009],[-60.33317,-13.25798],[-60.37348,-13.32444],[-60.38792,-13.4547]]]]}},{"type":"Feature","id":"12001","properties":{"code":"12001","name":"Cruzeiro Do Sul"},"geometry":{"type":"MultiPolygon","coordinates":[[[[-72.304,-9.50842],[-72.40776,-9.47662],[-72.51747,-9.4911],[-72.71626,-9.41149],[-73.2119,-9.41167],[-73.18795,-9.36122],[-73.10078,-9.3042],[-73.08659,-9.24448],[-72.99506,-9.19432],[-73.01637,-9.17656],[-72.95268,-9.12857],[-72.93631,-8.98949],[-72.99481,-8.91985],[-73.05622,-8.9069],[-73.15537,-8.70772],[-73.24785,-8.68734],[-73.34145,-8.61574],[-73.33537,-8.46715],[-73.39445,-8.46728],[-73.41237,-8.4106],[-73.53695,-8.34548],[-73.5364,-8.26988],[-73.59525,-8.20658],[-73.58534,-8.12282],[-73.6334,-8.05676],[-73.62689,-8.02149],[-73.67597,-8.00781],[-73.69761,-7.9602],[-73.73126,-7.96801],[-73.77201,-7.90199],[-73.75265,-7.89194],[-73.76721,-7.86091],[-73.71301,-7.87546],[-73.68713,-7.85403],[-73.68381,-7.77605],[-73.82167,-7.7175],[-73.98334,-7.56619],[-73.98761,-7.53126],[-73.94751,-7.52623],[-73.91931,-7.46529],[-73.96345,-7.34725],[-73.8765,-7.38227],[-73.82959,-7.33653],[-73.75539,-7.3465],[-73.69981,-7.30391],[-73.71381,-7.23386],[-73.80156,-7.11182],[-72.58477,-7.552],[-71.94543,-7.62675],[-72.00085,-7.80838],[-72.21613,-7.97607],[-72.2617,-8.0591],[-72.2663,-8.26057],[-72.22563,-8.28089],[-72.26602,-8.39086],[-72.2316,-8.41026],[-72.22833,-8.5168],[-72.20129,-8.5519],[-72.23019,-8.59693],[-72.21398,-8.70082],[-72.14398,-8.71181],[-72.12484,-8.82853],[-72.04401,-8.90041],[-72.02839,-8.97086],[-72.06915,-9.15575],[-72.04545,-9.21344],[-72.16092,-9.39384],[-72.22258,-9.41505],[-72.304,-9.50842]]]]}},{"type":"Feature","id":"12002","properties":{"code":"12002","name":"Tarauacã"},"geometry":{"type":"MultiPolygon","coordinates":[[[[-72.18045,-10.0],[-72.1557,-9.96365],[-72.17409,-9.92159],[-72.14067,-9.87751],[-72.16548,-9.82803],[-72.15098,-9.79893],[-72.26867,-9.74936],[-72.25281,-9.6186],[-72.28874,-9.60248],[-72.28337,-9.54008],[-72.3428,-9.51907],[-72.16092,-9.39384],[-72.04545,-9.21344],[-72.06915,-9.15575],[-72.02839,-8.97086],[-72.04401,-8.90041],[-72.12484,-8.82853],[-72.14398,-8.71181],[-72.21398,-8.70082],[-72.23019,-8.59693],[-72.20129,-8.5519],[-72.22833,-8.5168],[-72.2316,-8.41026],[-72.26602,-8.39086],[-72.22563,-8.28089],[-72.2663,-8.26057],[-72.2617,-8.0591],[-72.21613,-7.97607],[-72.00085,-7.80838],[-71.94543,-7.62675],[-70.05498,-7.84515],[-69.44432,-8.36649],[-69.50893,-8.46136],[-69.5717,-8.64404],[-69.65954,-8.68191],[-69.76315,-8.78495],[-69.83968,-8.94423],[-70.36509,-8.98243],[-70.62724,-9.27019],[-70.63144,-9.37685],[-70.69347,-9.37161],[-70.7908,-9.44886],[-70.85585,-9.44882],[-70.9511,-9.53596],[-70.9568,-9.58627],[-71.0455,-9.64244],[-71.10176,-9.75058],[-71.07847,-9.8304],[-71.16301,-9.87532],[-71.21085,-9.96639],[-71.30796,-9.992],[-71.34846,-9.97311],[-71.37742,-10.0],[-72.18045,-10.0]]]]}},{"type":"Feature","id":"12003","properties":{"code":"12003","name":"Sena Madureira"},"geometry":{"type":"MultiPolygon","coordinates":[[[[-70.61815,-10.71215],[-70.62364,-9.82039],[-70.54488,-9.77783],[-70.52424,-9.71399],[-70.58447,-9.63994],[-70.60015,-9.56149],[-70.55381,-9.57059],[-70.57005,-9.53244],[-70.50433,-9.50402],[-70.52291,-9.45879],[-70.49493,-9.42436],[-70.59473,-9.44107],[-70.66209,-9.52477],[-70.75026,-9.55953],[-70.79276,-9.63715],[-70.83626,-9.64235],[-70.92447,-9.74123],[-70.97384,-9.75843],[-70.99338,-9.81698],[-71.10037,-9.81594],[-71.07924,-9.70005],[-70.85585,-9.44882],[-70.7908,-9.44886],[-70.69347,-9.37161],[-70.63144,-9.37685],[-70.62724,-9.27019],[-70.36509,-8.98243],[-69.83968,-8.94423],[-69.76315,-8.78495],[-69.65954,-8.68191],[-69.5717,-8.64404],[-69.50893,-8.46136],[-69.44432,-8.36649],[-68.64719,-9.04942],[-68.2199,-9.24275],[-68.40075,-9.32384],[-68.3303,-9.44198],[-68.41191,-9.54249],[-68.47179,-9.54782],[-68.51407,-9.58873],[-68.60122,-9.53802],[-68.60777,-9.50523],[-68.63335,-9.51592],[-68.67272,-9.56012],[-68.70006,-9.67927],[-68.66652,-9.84098],[-68.69439,-9.88684],[-69.03728,-10.16443],[-69.12084,-10.26894],[-69.31089,-10.36392],[-69.36378,-10.46308],[-69.34181,-10.48533],[-69.50788,-10.505],[-69.59186,-10.36768],[-69.64833,-10.42945],[-69.6832,-10.4114],[-69.68962,-10.4374],[-69.78667,-10.46226],[-69.83341,-10.54011],[-69.9928,-10.57162],[-70.20627,-10.70431],[-70.22279,-10.67674],[-70.25573,-10.7134],[-70.28188,-10.69099],[-70.36878,-10.72989],[-70.4567,-10.70077],[-70.51204,-10.72572],[-70.5554,-10.68698],[-70.61815,-10.71215]]]]}},{"type":"Feature","id":"12004","properties":{"code":"12004","name":"Rio Branco"},"geometry":{"type":"MultiPolygon","coordinates":[[[[-66.62597,-9.93231],[-66.76447,-9.99839],[-66.83815,-10.08294],[-66.87424,-10.08114],[-66.95453,-10.18981],[-66.99682,-10.19954],[-67.01551,-10.25743],[-67.12731,-10.29103],[-67.17819,-10.33946],[-67.31487,-10.31784],[-67.31138,-10.376],[-67.35124,-10.39229],[-67.40729,-10.37328],[-67.43573,-10.44679],[-67.57904,-10.5034],[-67.64043,-10.59875],[-67.67499,-10.60201],[-67.7284,-10.71259],[-67.86397,-10.64032],[-68.0009,-10.65052],[-68.01627,-10.60257],[-67.98341,-10.5937],[-68.03119,-10.53635],[-68.06381,-10.42513],[-68.04851,-10.38343],[-68.20771,-10.37462],[-68.31378,-10.41821],[-68.38756,-10.37951],[-68.35081,-10.33221],[-68.41576,-10.30719],[-68.45245,-10.18315],[-68.49672,-10.2545],[-68.64174,-10.30594],[-68.71294,-10.38401],[-69.1494,-10.38502],[-69.28801,-10.47025],[-69.34181,-10.48533],[-69.36378,-10.46308],[-69.31089,-10.36392],[-69.12084,-10.26894],[-69.03728,-10.16443],[-68.69439,-9.88684],[-68.66652,-9.84098],[-68.70006,-9.67927],[-68.67272,-9.56012],[-68.63335,-9.51592],[-68.60777,-9.50523],[-68.60122,-9.53802],[-68.51407,-9.58873],[-68.47179,-9.54782],[-68.41191,-9.54249],[-68.3303,-9.44198],[-68.40075,-9.32384],[-68.2199,-9.24275],[-67.51688,-9.56091],[-67.32582,-9.59238],[-66.62672,-9.8981],[-66.62597,-9.93231]]]]}},{"type":"Feature","id":"12005","properties":{"code":"12005","name":"BrasilãIa"},"geometry":{"type":"MultiPolygon","coordinates":[[[[-70.62101,-10.99964],[-70.60233,-10.69597],[-70.37994,-10.73033],[-70.28188,-10.69099],[-70.25573,-10.7134],[-70.22315,-10.67677],[-70.20627,-10.70431],[-69.9928,-10.57162],[-69.83341,-10.54011],[-69.78667,-10.46226],[-69.68962,-10.4374],[-69.6832,-10.4114],[-69.64833,-10.42945],[-69.59186,-10.36768],[-69.50788,-10.505],[-69.28801,-10.47025],[-69.1494,-10.38502],[-68.71294,-10.38401],[-68.64174,-10.30594],[-68.49672,-10.2545],[-68.46182,-10.18403],[-68.41576,-10.30719],[-68.35081,-10.33221],[-68.38756,-10.37951],[-68.31378,-10.41821],[-68.20736,-10.37458],[-68.09198,-10.36372],[-68.04064,-10.38891],[-68.06381,-10.42513],[-68.03061,-10.53801],[-67.98341,-10.5937],[-68.01627,-10.60257],[-68.00334,-10.64991],[-68.10553,-10.7145],[-68.10355,-10.77574],[-68.19622,-10.85903],[-68.27671,-10.98833],[-68.37805,-11.01454],[-68.40287,-11.05374],[-68.43253,-11.03176],[-68.48719,-11.05088],[-68.54297,-11.11136],[-68.71612,-11.14556],[-68.72094,-11.10337],[-68.76529,-11.06586],[-68.75788,-10.99978],[-68.84502,-10.99093],[-68.90988,-11.02088],[-68.9521,-10.98848],[-68.99176,-11.0102],[-69.07342,-10.96522],[-69.12017,-10.97989],[-69.23299,-10.93875],[-69.37562,-10.95332],[-69.41844,-10.9253],[-69.47826,-10.95356],[-69.52678,-10.93517],[-69.73804,-10.97389],[-69.77,-10.92859],[-69.93326,-10.9206],[-70.15878,-11.04079],[-70.3103,-11.06951],[-70.43675,-11.03821],[-70.52944,-10.93108],[-70.62101,-10.99964]]]]}},{"type":"Feature","id":"13001","properties":{"code":"13001","name":"Rio Negro"},"geometry":{"type":"MultiPolygon","coordinates":[[[[-60.75643,-2.82179],[-60.85201,-2.84135],[-60.91357,-2.81187],[-60.98457,-2.88626],[-61.05315,-2.81727],[-61.23518,-2.77542],[-61.25063,-2.74103],[-61.40271,-2.73269],[-61.40426,-2.76155],[-61.46613,-2.76688],[-61.52093,-2.82072],[-61.64876,-2.83014],[-61.6724,-2.85975],[-61.73024,-2.83122],[-61.69929,-2.75167],[-61.77266,-2.62557],[-61.92416,-2.60955],[-62.04819,-2.65358],[-62.10843,-2.71951],[-62.35433,-2.77404],[-62.44174,-2.82472],[-62.47852,-2.86703],[-62.49885,-2.99197],[-62.5508,-3.0911],[-62.70188,-3.09127],[-62.77999,-3.0202],[-62.92883,-3.00807],[-62.91046,-2.92533],[-62.92886,-2.85362],[-63.05749,-2.81406],[-63.18902,-2.83713],[-63.30491,-2.70019],[-63.46308,-2.70344],[-63.71197,-2.83515],[-63.72953,-2.69356],[-63.78847,-2.5572],[-63.98428,-2.5654],[-63.95519,-2.45902],[-64.00684,-2.32846],[-64.0113,-2.1617],[-64.07508,-2.19082],[-64.13486,-2.1795],[-64.21114,-2.10227],[-64.24854,-2.11622],[-64.26003,-2.20516],[-64.33775,-2.27772],[-64.40763,-2.20786],[-64.48727,-2.18082],[-64.52095,-2.24262],[-64.59861,-2.22131],[-64.61608,-2.24133],[-64.70692,-2.155],[-64.70444,-2.01964],[-64.93067,-2.11007],[-64.94372,-1.88709],[-65.01089,-1.90551],[-65.05806,-1.96966],[-65.17145,-1.95975],[-65.1797,-1.83285],[-65.20934,-1.7818],[-65.29089,-1.78577],[-65.43895,-1.73353],[-65.51406,-1.79299],[-65.54245,-1.66793],[-65.64095,-1.63618],[-65.66234,-1.5158],[-65.8605,-1.4716],[-65.93445,-1.41381],[-66.12412,-1.43058],[-66.24151,-1.49195],[-66.31685,-1.56922],[-66.36887,-1.54351],[-66.36379,-1.48501],[-66.38704,-1.46943],[-66.45317,-1.47871],[-66.70517,-1.62388],[-67.07596,-1.57984],[-67.35329,-1.62015],[-67.39393,-1.66531],[-67.6086,-1.61221],[-67.6495,-1.51207],[-67.72174,-1.52767],[-67.83172,-1.48192],[-67.91759,-1.51818],[-68.02683,-1.47439],[-68.08886,-1.49877],[-68.16056,-1.4835],[-68.16787,-0.66507],[-68.2656,-0.66595],[-68.42543,-0.76103],[-68.51596,-0.75825],[-68.61389,-0.70838],[-68.69895,-0.56957],[-68.92127,-0.48413],[-69.01409,-0.48499],[-69.15864,-0.53854],[-69.2864,-0.51683],[-69.40894,-0.40693],[-69.47692,-0.40893],[-69.50177,-0.36098],[-69.59177,-0.32576],[-69.60418,-0.22087],[-69.67687,-0.1676],[-69.74793,-0.15999],[-69.7746,-0.07766],[-69.8835,-0.14335],[-69.94188,-0.08535],[-69.99219,0.05375],[-70.04668,0.0683],[-70.04357,0.55883],[-70.01598,0.53926],[-69.99909,0.57018],[-69.94239,0.5543],[-69.91483,0.58527],[-69.80943,0.5722],[-69.6798,0.67057],[-69.60679,0.62921],[-69.48147,0.73561],[-69.35905,0.61184],[-69.30174,0.64923],[-69.28543,0.60206],[-69.20369,0.60535],[-69.18078,0.65595],[-69.1168,0.63548],[-69.18619,0.73318],[-69.14502,0.78303],[-69.16611,0.85185],[-69.13583,0.87719],[-69.18511,0.9028],[-69.19064,0.93259],[-69.16339,0.94597],[-69.26536,1.06436],[-69.37955,1.09532],[-69.41651,1.05235],[-69.44797,1.08373],[-69.56647,1.08075],[-69.60691,1.10517],[-69.68476,1.07648],[-69.71059,1.12651],[-69.81222,1.06915],[-69.84438,1.08538],[-69.84255,1.72077],[-69.78577,1.70492],[-69.7417,1.74443],[-69.63647,1.73678],[-69.55234,1.79175],[-69.39324,1.72407],[-68.15681,1.73164],[-68.18773,1.78466],[-68.23659,1.77252],[-68.23367,1.82991],[-68.2669,1.82734],[-68.24326,1.92675],[-68.18292,1.9788],[-68.14069,1.98478],[-68.08753,1.90131],[-67.94129,1.83073],[-67.91299,1.89782],[-67.85971,1.92017],[-67.76898,2.03932],[-67.61983,2.02367],[-67.54011,2.15589],[-67.43099,2.24162],[-67.38926,2.24401],[-67.34349,2.20548],[-67.28676,1.8886],[-67.15705,1.84884],[-67.09738,1.7326],[-67.07233,1.4426],[-67.08816,1.1669],[-66.85693,1.23021],[-66.31648,0.73614],[-66.31845,0.7551],[-66.21297,0.78065],[-66.15109,0.74447],[-66.08853,0.75906],[-66.07006,0.80506],[-65.96443,0.80947],[-65.93658,0.88214],[-65.90115,0.88361],[-65.87972,0.93269],[-65.77415,0.95908],[-65.73942,0.99959],[-65.58556,1.00893],[-65.49365,0.8821],[-65.59137,0.72161],[-65.54053,0.64879],[-65.42359,0.70796],[-65.39553,0.75824],[-65.41303,0.81572],[-65.32914,0.93157],[-65.18248,0.92244],[-65.14728,1.00935],[-65.16947,1.01846],[-65.15506,1.12497],[-65.10309,1.15666],[-65.07125,1.15342],[-65.06134,1.11175],[-65.02225,1.11494],[-64.9608,1.18967],[-64.96081,1.23018],[-64.93525,1.2113],[-64.89831,1.25265],[-64.86858,1.23187],[-64.86164,1.26931],[-64.80331,1.3105],[-64.76386,1.23077],[-64.72914,1.23459],[-64.70191,1.29131],[-64.5908,1.33741],[-64.52803,1.44408],[-64.43859,1.47182],[-64.39747,1.52684],[-64.34886,1.50208],[-64.39997,1.39487],[-64.33802,1.36352],[-64.3022,1.46828],[-64.09524,1.61711],[-64.06136,1.70161],[-64.06192,1.93074],[-63.99552,1.9799],[-63.89858,1.99244],[-63.83719,1.96515],[-63.82386,1.99103],[-63.74052,1.99966],[-63.7033,2.04627],[-63.66802,2.01688],[-63.66219,2.06547],[-63.61746,2.10656],[-63.56191,2.13236],[-63.50941,2.11356],[-63.46664,2.14099],[-63.42108,2.13132],[-63.37209,2.21186],[-63.27635,2.15439],[-63.14634,2.17326],[-63.11983,2.09645],[-63.05357,2.02889],[-62.83857,2.01639],[-62.70603,1.93972],[-62.72373,1.7124],[-62.80528,1.59135],[-62.63551,1.43182],[-62.54524,1.12076],[-62.52109,1.08382],[-62.47162,1.08628],[-62.47773,1.02795],[-62.44358,0.96824],[-62.48607,0.86653],[-62.45774,0.7852],[-62.53719,0.68515],[-62.53301,0.50881],[-62.51866,0.4437],[-62.48525,0.45408],[-62.44637,0.37911],[-62.46829,0.27575],[-62.4244,0.09157],[-62.34664,0.02961],[-62.31974,-0.10252],[-62.24199,-0.18166],[-62.24838,-0.30193],[-62.19393,-0.33861],[-62.20226,-0.39304],[-62.3092,-0.51416],[-62.29088,-0.64666],[-62.37079,-0.67675],[-62.36719,-0.71008],[-62.40691,-0.7273],[-62.42858,-0.69286],[-62.48663,-0.68147],[-62.50107,-0.78147],[-62.3958,-0.82036],[-62.29385,-0.94813],[-62.20385,-0.98285],[-62.12552,-1.0373],[-62.09968,-1.09674],[-62.03162,-1.12646],[-61.89662,-1.39536],[-61.79021,-1.37897],[-61.6244,-1.43869],[-61.48274,-1.58063],[-61.47329,-1.52785],[-61.51648,-1.50243],[-61.53829,-1.4334],[-61.61912,-1.3948],[-61.58218,-1.35341],[-61.62885,-1.30147],[-61.57385,-1.18479],[-61.57663,-1.07925],[-61.54412,-1.0623],[-61.58523,-0.93702],[-61.54357,-0.8523],[-61.55218,-0.80174],[-61.46467,-0.6648],[-61.22412,-0.55952],[-61.2169,-0.50008],[-61.08746,-0.50009],[-61.04607,-0.54592],[-60.92079,-0.55536],[-60.90828,-0.62397],[-60.79773,-0.70091],[-60.79717,-0.7448],[-60.76107,-0.76147],[-60.75463,-0.84228],[-60.7994,-0.99952],[-60.756,-1.07802],[-60.82126,-1.08558],[-60.83687,-1.14417],[-60.86271,-1.14007],[-60.85456,-1.25993],[-60.90567,-1.25081],[-60.96424,-1.30968],[-60.88748,-1.3097],[-60.84815,-1.35935],[-60.83695,-1.4075],[-60.86023,-1.42673],[-60.82793,-1.43902],[-60.83657,-1.47582],[-60.75053,-1.44546],[-60.59253,-1.5476],[-60.62681,-1.79177],[-60.61659,-1.86691],[-60.57642,-1.91193],[-60.35776,-1.95446],[-60.48009,-2.01625],[-60.59898,-1.99883],[-60.66817,-2.07461],[-60.66398,-2.13069],[-60.73895,-2.18935],[-60.69206,-2.24267],[-60.71851,-2.27482],[-60.69531,-2.34618],[-60.76893,-2.39948],[-60.74334,-2.44031],[-60.78176,-2.46082],[-60.80273,-2.53923],[-60.75643,-2.82179]]]]}},{"type":"Feature","id":"13002","properties":{"code":"13002","name":"Japurã"},"geometry":{"type":"MultiPolygon","coordinates":[[[[-63.75928,-3.79864],[-63.94211,-3.81287],[-63.98094,-3.71158],[-64.17738,-3.66255],[-64.43813,-3.47399],[-64.52202,-3.327],[-64.67547,-3.26322],[-64.77901,-3.16854],[-64.78254,-3.13843],[-64.71365,-3.10898],[-64.79217,-3.03559],[-64.81675,-2.93684],[-64.89246,-2.875],[-64.86639,-2.73542],[-64.89371,-2.71126],[-65.00129,-2.7134],[-64.98636,-2.5772],[-65.19321,-2.28357],[-65.21861,-2.28604],[-65.22949,-2.38801],[-65.27243,-2.37076],[-65.29145,-2.30801],[-65.3279,-2.35132],[-65.37023,-2.32775],[-65.37836,-2.35893],[-65.4158,-2.35148],[-65.46034,-2.40642],[-65.47784,-2.38028],[-65.45492,-2.33478],[-65.4887,-2.31987],[-65.51935,-2.32824],[-65.48593,-2.35098],[-65.50076,-2.38762],[-65.54455,-2.35691],[-65.6089,-2.38316],[-65.59478,-2.31642],[-65.62832,-2.29076],[-65.5849,-2.2578],[-65.6077,-2.23755],[-65.68498,-2.27838],[-65.85014,-2.24784],[-65.89727,-2.30521],[-65.9013,-2.26053],[-65.9433,-2.24667],[-65.96001,-2.1597],[-66.01823,-2.14155],[-66.04599,-2.08066],[-66.17401,-2.06312],[-66.16402,-1.98544],[-66.30522,-2.02979],[-66.34932,-2.08393],[-66.33737,-2.05639],[-66.43187,-1.93273],[-66.52517,-1.98679],[-66.52918,-2.06431],[-66.61307,-2.14716],[-66.77192,-2.1495],[-66.79107,-2.20245],[-66.9531,-2.24803],[-67.08738,-2.2723],[-67.20409,-2.24586],[-67.30935,-2.17312],[-67.3426,-2.26389],[-67.55646,-2.38549],[-67.57173,-2.47479],[-67.63129,-2.49356],[-67.64649,-2.56966],[-67.74348,-2.63308],[-67.76276,-2.71456],[-67.82387,-2.73305],[-67.9438,-2.6695],[-67.96904,-2.68918],[-68.00729,-2.6704],[-68.05596,-2.60902],[-68.05865,-2.55391],[-68.21402,-2.57167],[-68.29874,-2.52811],[-68.35741,-2.61625],[-68.53946,-2.6042],[-68.56271,-2.65602],[-68.61263,-2.64672],[-68.65335,-2.71187],[-68.76352,-2.77793],[-68.95705,-2.81608],[-69.00049,-2.78136],[-69.06661,-2.83813],[-69.14021,-2.73455],[-69.17346,-2.73581],[-69.20458,-2.60706],[-69.30877,-2.61559],[-69.35638,-2.54177],[-69.44185,-2.53115],[-69.43783,-2.48386],[-69.61341,-2.44025],[-69.4575,-1.49348],[-69.42965,-1.38732],[-69.39999,-1.37073],[-69.43127,-1.23305],[-69.39679,-1.12353],[-69.44341,-1.0366],[-69.42166,-1.00043],[-69.52355,-0.92974],[-69.52327,-0.88628],[-69.57372,-0.84222],[-69.56311,-0.81229],[-69.62638,-0.74975],[-69.5643,-0.63981],[-69.60497,-0.6],[-69.61547,-0.5063],[-69.73327,-0.4462],[-69.84488,-0.3458],[-69.92316,-0.33151],[-70.05743,-0.18678],[-70.04635,0.06831],[-69.99219,0.05375],[-69.94188,-0.08535],[-69.8835,-0.14335],[-69.7746,-0.07766],[-69.74793,-0.15999],[-69.67687,-0.1676],[-69.60418,-0.22087],[-69.59177,-0.32576],[-69.50177,-0.36098],[-69.47692,-0.40893],[-69.40894,-0.40693],[-69.2864,-0.51683],[-69.15864,-0.53854],[-69.01409,-0.48499],[-68.92127,-0.48413],[-68.69895,-0.56957],[-68.61389,-0.70838],[-68.51596,-0.75825],[-68.42543,-0.76103],[-68.2656,-0.66595],[-68.16787,-0.66507],[-68.1607,-1.48343],[-68.12719,-1.49974],[-68.02683,-1.47439],[-67.91759,-1.51818],[-67.83172,-1.48192],[-67.72174,-1.52767],[-67.6495,-1.51207],[-67.6086,-1.61221],[-67.39393,-1.66531],[-67.35329,-1.62015],[-67.07596,-1.57984],[-66.70517,-1.62388],[-66.45317,-1.47871],[-66.38704,-1.46943],[-66.36379,-1.48501],[-66.36887,-1.54351],[-66.31685,-1.56922],[-66.24151,-1.49195],[-66.12412,-1.43058],[-65.9422,-1.41253],[-65.8605,-1.4716],[-65.66234,-1.5158],[-65.64095,-1.63618],[-65.54245,-1.66793],[-65.51406,-1.79299],[-65.43895,-1.73353],[-65.29089,-1.78577],[-65.20934,-1.7818],[-65.1797,-1.83285],[-65.17145,-1.95975],[-65.05806,-1.96966],[-65.01089,-1.90551],[-64.94372,-1.88709],[-64.93067,-2.11007],[-64.70444,-2.01964],[-64.68797,-2.05768],[-64.71186,-2.14247],[-64.66333,-2.2142],[-64.5335,-2.24531],[-64.48727,-2.18082],[-64.40763,-2.20786],[-64.36739,-2.2535],[-64.45033,-2.28372],[-64.45234,-2.32809],[-64.51545,-2.31072],[-64.52933,-2.33679],[-64.49033,-2.46029],[-64.45769,-2.48045],[-64.42764,-2.63533],[-64.35878,-2.64958],[-64.3376,-2.69243],[-64.35785,-2.72093],[-64.50996,-2.74365],[-64.442,-2.85051],[-64.43592,-2.94787],[-64.3337,-3.02233],[-64.32124,-3.09618],[-64.24639,-3.09941],[-64.29032,-3.15887],[-64.19222,-3.25364],[-64.16295,-3.2376],[-64.15466,-3.29427],[-64.13776,-3.26649],[-64.08744,-3.33032],[-64.08379,-3.36015],[-64.12751,-3.36344],[-64.15102,-3.41847],[-64.15951,-3.50947],[-64.0626,-3.54361],[-64.07856,-3.56786],[-64.03745,-3.57961],[-64.01721,-3.6282],[-63.98053,-3.60266],[-63.96301,-3.63321],[-63.94549,-3.60067],[-63.91024,-3.66339],[-63.94771,-3.65993],[-63.91975,-3.69259],[-63.92556,-3.74291],[-63.88159,-3.79204],[-63.75928,-3.79864]]]]}},{"type":"Feature","id":"13003","properties":{"code":"13003","name":"Alto SolimãEs"},"geometry":{"type":"MultiPolygon","coordinates":[[[[-73.80156,-7.11182],[-73.72678,-7.02252],[-73.75289,-6.93307],[-73.64281,-6.76215],[-73.51642,-6.67735],[-73.38069,-6.63502],[-73.35449,-6.59492],[-73.21296,-6.57784],[-73.13842,-6.49798],[-73.10887,-6.41003],[-73.25025,-6.14494],[-73.23747,-6.03219],[-73.18902,-5.99924],[-73.15696,-5.86942],[-73.05549,-5.78911],[-72.96178,-5.65458],[-72.95691,-5.46541],[-72.8643,-5.27328],[-72.88507,-5.16682],[-72.81601,-5.13849],[-72.81458,-5.10974],[-72.73927,-5.0915],[-72.70754,-5.0529],[-72.62952,-5.05202],[-72.60667,-4.99558],[-72.52187,-4.93697],[-72.48168,-4.95358],[-72.46415,-4.89643],[-72.43321,-4.91134],[-72.42711,-4.88113],[-72.38569,-4.87228],[-72.37165,-4.80737],[-72.32068,-4.77786],[-72.27162,-4.79592],[-72.25418,-4.76545],[-72.12714,-4.72335],[-72.03933,-4.62324],[-72.0059,-4.64168],[-71.94546,-4.60491],[-71.927,-4.54514],[-71.8829,-4.51618],[-71.76123,-4.50359],[-71.74856,-4.47258],[-71.71495,-4.51226],[-71.65395,-4.50825],[-71.6194,-4.47025],[-71.6342,-4.51918],[-71.60645,-4.53443],[-71.53756,-4.46738],[-71.49487,-4.48741],[-71.50948,-4.44835],[-71.45999,-4.43945],[-71.41784,-4.46623],[-71.35395,-4.42798],[-71.31465,-4.45857],[-71.32397,-4.42165],[-71.26659,-4.42873],[-71.27811,-4.38804],[-71.22892,-4.38774],[-71.23056,-4.40779],[-71.20712,-4.37986],[-71.20142,-4.42606],[-71.15381,-4.38313],[-71.11767,-4.41054],[-71.10054,-4.37739],[-71.07956,-4.3963],[-71.04814,-4.375],[-71.04328,-4.401],[-70.9957,-4.3845],[-70.99681,-4.34521],[-70.94321,-4.38611],[-70.84989,-4.27865],[-70.86867,-4.2506],[-70.83289,-4.25024],[-70.80817,-4.18353],[-70.75901,-4.15997],[-70.68103,-4.19979],[-70.6535,-4.1272],[-70.62395,-4.13177],[-70.62495,-4.19279],[-70.54934,-4.13719],[-70.52095,-4.14268],[-70.50345,-4.19714],[-70.48773,-4.16188],[-70.44361,-4.1653],[-70.4395,-4.13414],[-70.37584,-4.14183],[-70.34081,-4.18683],[-70.32603,-4.14629],[-70.29236,-4.17652],[-70.28489,-4.23384],[-70.31592,-4.2595],[-70.29835,-4.29075],[-70.25561,-4.27768],[-70.26683,-4.31202],[-70.21655,-4.31909],[-70.19909,-4.36642],[-70.15239,-4.33559],[-70.15825,-4.28445],[-70.11955,-4.29035],[-70.10786,-4.26446],[-70.04369,-4.35238],[-69.98095,-4.32743],[-69.93517,-4.21647],[-69.61341,-2.44025],[-69.43783,-2.48386],[-69.44185,-2.53115],[-69.35638,-2.54177],[-69.30877,-2.61559],[-69.20458,-2.60706],[-69.17346,-2.73581],[-69.14021,-2.73455],[-69.0568,-2.84097],[-69.00049,-2.78136],[-68.95705,-2.81608],[-68.76352,-2.77793],[-68.65335,-2.71187],[-68.61263,-2.64672],[-68.56271,-2.65602],[-68.53946,-2.6042],[-68.35741,-2.61625],[-68.29874,-2.52811],[-68.21402,-2.57167],[-68.05865,-2.55391],[-68.0151,-2.66448],[-67.96904,-2.68918],[-67.9438,-2.6695],[-67.82387,-2.73305],[-67.75679,-2.70964],[-67.74348,-2.63308],[-67.64649,-2.56966],[-67.63129,-2.49356],[-67.57173,-2.47479],[-67.54851,-2.37683],[-67.3426,-2.26389],[-67.30935,-2.17312],[-67.20409,-2.24586],[-67.08738,-2.2723],[-66.9531,-2.24803],[-66.79107,-2.20245],[-66.77192,-2.1495],[-66.61307,-2.14716],[-66.52918,-2.06431],[-66.52517,-1.98679],[-66.44381,-1.93062],[-66.34101,-2.04973],[-66.34932,-2.08393],[-66.30522,-2.02979],[-66.16402,-1.98544],[-66.17401,-2.06312],[-66.04599,-2.08066],[-66.01823,-2.14155],[-65.96001,-2.1597],[-65.9433,-2.24667],[-65.9013,-2.26053],[-65.89727,-2.30521],[-65.85014,-2.24784],[-65.68498,-2.27838],[-65.6077,-2.23755],[-65.5849,-2.2578],[-65.62832,-2.29076],[-65.59478,-2.31642],[-65.6089,-2.38316],[-65.54455,-2.35691],[-65.50076,-2.38762],[-65.48593,-2.35098],[-65.51935,-2.32824],[-65.4887,-2.31987],[-65.45492,-2.33478],[-65.47784,-2.38028],[-65.46034,-2.40642],[-65.4158,-2.35148],[-65.37236,-2.35502],[-65.37171,-2.3281],[-65.3279,-2.35132],[-65.28017,-2.3167],[-65.25539,-2.3826],[-65.37419,-2.37146],[-65.38914,-2.39979],[-65.30699,-2.41384],[-65.34017,-2.47384],[-65.39117,-2.44556],[-65.58937,-2.65737],[-65.68701,-2.64606],[-65.72151,-2.52738],[-65.77876,-2.4801],[-65.81879,-2.51997],[-65.75347,-2.63019],[-65.8049,-2.5889],[-65.95466,-2.60868],[-66.00022,-2.70577],[-66.01776,-2.693],[-66.02991,-2.72945],[-66.05516,-2.72727],[-66.08248,-2.82461],[-66.11597,-2.85005],[-66.10426,-2.87817],[-66.19888,-2.96756],[-66.20948,-3.06819],[-66.25103,-3.13382],[-66.33542,-3.16145],[-66.41111,-3.13042],[-66.52956,-3.15476],[-66.62752,-3.13377],[-66.7727,-3.16849],[-66.85438,-3.13509],[-66.90687,-3.1658],[-66.94171,-3.30374],[-67.03499,-3.41566],[-67.02815,-3.52904],[-66.91038,-3.57757],[-66.98929,-3.70775],[-66.96959,-3.85286],[-67.01207,-3.89196],[-66.98544,-3.97582],[-67.13479,-3.93324],[-67.18599,-3.87729],[-67.20323,-3.91946],[-67.15562,-4.00827],[-67.07568,-4.05844],[-67.04707,-4.14246],[-66.91519,-4.23025],[-66.93472,-4.28279],[-66.88912,-4.37768],[-66.89824,-4.48054],[-67.03352,-4.51388],[-67.05867,-4.48532],[-67.2162,-4.48111],[-67.27075,-4.44811],[-67.35624,-4.55473],[-67.44532,-4.50446],[-67.49693,-4.53965],[-67.56985,-4.54278],[-67.60355,-4.59032],[-67.68135,-4.58004],[-67.81935,-4.68569],[-67.87282,-4.78043],[-67.92519,-4.78788],[-67.98335,-4.7549],[-67.99752,-4.94792],[-68.04596,-4.98539],[-68.04874,-5.0599],[-68.09219,-5.04718],[-68.16983,-5.15486],[-68.22282,-5.36732],[-68.20657,-5.46785],[-68.27438,-5.50305],[-68.27324,-5.57502],[-68.23413,-5.58739],[-68.2816,-5.65377],[-68.22855,-5.69364],[-68.24969,-5.75766],[-68.21869,-5.80589],[-68.21027,-5.91808],[-68.29586,-5.9223],[-68.30661,-6.06138],[-68.36867,-6.08435],[-68.43266,-6.16459],[-68.57303,-6.20856],[-68.68161,-6.30699],[-68.66355,-6.40491],[-68.74064,-6.42549],[-68.7525,-6.39864],[-68.80925,-6.38914],[-68.82336,-6.42456],[-68.87363,-6.42474],[-68.90233,-6.36232],[-68.99475,-6.35942],[-69.02794,-6.39641],[-69.10175,-6.37046],[-69.22558,-6.43164],[-69.21048,-6.34519],[-69.27575,-6.28248],[-69.33353,-6.36135],[-69.41345,-6.35729],[-69.50128,-6.39785],[-69.53922,-6.46413],[-69.73395,-6.4281],[-69.79389,-6.46633],[-69.80883,-6.56515],[-69.88676,-6.54383],[-69.93281,-6.58093],[-69.98231,-6.56358],[-70.01492,-6.58903],[-70.04804,-6.56445],[-70.09209,-6.63193],[-70.19439,-6.61213],[-70.21386,-6.5849],[-70.26137,-6.6348],[-70.29612,-6.61013],[-70.36806,-6.64509],[-70.43137,-6.56879],[-70.50764,-6.57447],[-70.5719,-6.53452],[-70.60001,-6.60153],[-70.66376,-6.59849],[-70.77224,-6.65603],[-70.79043,-6.70722],[-70.8642,-6.72638],[-70.91529,-6.72087],[-70.93153,-6.6719],[-70.99347,-6.64679],[-71.09076,-6.66052],[-71.10662,-6.70969],[-71.12909,-6.69395],[-71.18951,-6.72694],[-71.26424,-6.72804],[-71.34333,-6.68132],[-71.4617,-6.85463],[-71.5363,-6.86438],[-71.5488,-6.94915],[-71.5944,-6.92677],[-71.6384,-6.97443],[-71.63419,-6.91337],[-71.69157,-6.8838],[-71.72081,-6.91767],[-71.7857,-6.90846],[-71.80086,-6.98402],[-71.98308,-7.00726],[-71.98923,-7.0967],[-72.18349,-7.13323],[-72.23171,-7.18817],[-72.28285,-7.17703],[-72.37903,-7.21592],[-72.37101,-7.18299],[-72.43282,-7.11248],[-72.53321,-7.13217],[-72.62193,-7.10874],[-72.69855,-7.00987],[-72.69704,-6.96091],[-72.66358,-6.95046],[-72.69399,-6.9033],[-72.85108,-7.00003],[-73.01011,-7.02829],[-73.19319,-6.9183],[-73.36767,-6.95003],[-73.62792,-6.93658],[-73.68046,-6.95395],[-73.66622,-7.00072],[-73.7088,-7.04115],[-73.7382,-7.13468],[-73.80156,-7.11182]]]]}},{"type":"Feature","id":"13004","properties":{"code":"13004","name":"Juruã"},"geometry":{"type":"MultiPolygon","coordinates":[[[[-73.7382,-7.13468],[-73.7088,-7.04115],[-73.66622,-7.00072],[-73.68046,-6.95395],[-73.62792,-6.93658],[-73.36767,-6.95003],[-73.19319,-6.9183],[-73.01011,-7.02829],[-72.85108,-7.00003],[-72.69399,-6.9033],[-72.66358,-6.95046],[-72.69704,-6.96091],[-72.69855,-7.00987],[-72.62193,-7.10874],[-72.53321,-7.13217],[-72.43282,-7.11248],[-72.37101,-7.18299],[-72.37903,-7.21592],[-72.28285,-7.17703],[-72.23171,-7.18817],[-72.18349,-7.13323],[-71.98923,-7.0967],[-71.98308,-7.00726],[-71.80086,-6.98402],[-71.7857,-6.90846],[-71.72081,-6.91767],[-71.69157,-6.8838],[-71.63419,-6.91337],[-71.6384,-6.97443],[-71.5944,-6.92677],[-71.5488,-6.94915],[-71.5363,-6.86438],[-71.4617,-6.85463],[-71.34333,-6.68132],[-71.26424,-6.72804],[-71.18951,-6.72694],[-71.12909,-6.69395],[-71.10662,-6.70969],[-71.09076,-6.66052],[-70.99347,-6.64679],[-70.93153,-6.6719],[-70.91529,-6.72087],[-70.8642,-6.72638],[-70.79043,-6.70722],[-70.77224,-6.65603],[-70.66376,-6.59849],[-70.60001,-6.60153],[-70.5719,-6.53452],[-70.50764,-6.57447],[-70.43137,-6.56879],[-70.36806,-6.64509],[-70.29612,-6.61013],[-70.26137,-6.6348],[-70.21386,-6.5849],[-70.19439,-6.61213],[-70.09209,-6.63193],[-70.04804,-6.56445],[-70.01492,-6.58903],[-69.98231,-6.56358],[-69.93281,-6.58093],[-69.88676,-6.54383],[-69.80883,-6.56515],[-69.79389,-6.46633],[-69.73395,-6.4281],[-69.53922,-6.46413],[-69.50128,-6.39785],[-69.41345,-6.35729],[-69.33353,-6.36135],[-69.27575,-6.28248],[-69.21048,-6.34519],[-69.22558,-6.43164],[-69.10175,-6.37046],[-69.02794,-6.39641],[-68.99475,-6.35942],[-68.90233,-6.36232],[-68.87363,-6.42474],[-68.82336,-6.42456],[-68.80925,-6.38914],[-68.7525,-6.39864],[-68.74064,-6.42549],[-68.66355,-6.40491],[-68.68161,-6.30699],[-68.57303,-6.20856],[-68.43266,-6.16459],[-68.36867,-6.08435],[-68.30661,-6.06138],[-68.29586,-5.9223],[-68.21027,-5.91808],[-68.21869,-5.80589],[-68.24969,-5.75766],[-68.22855,-5.69364],[-68.2816,-5.65377],[-68.23413,-5.58739],[-68.27324,-5.57502],[-68.27438,-5.50305],[-68.20657,-5.46785],[-68.22282,-5.36732],[-68.16983,-5.15486],[-68.09219,-5.04718],[-68.04874,-5.0599],[-68.04596,-4.98539],[-67.99752,-4.94792],[-67.98335,-4.7549],[-67.92519,-4.78788],[-67.87282,-4.78043],[-67.81935,-4.68569],[-67.68135,-4.58004],[-67.60355,-4.59032],[-67.56985,-4.54278],[-67.49693,-4.53965],[-67.44532,-4.50446],[-67.35624,-4.55473],[-67.27075,-4.44811],[-67.2162,-4.48111],[-67.05867,-4.48532],[-67.03352,-4.51388],[-66.89824,-4.48054],[-66.88912,-4.37768],[-66.93472,-4.28279],[-66.91519,-4.23025],[-67.04707,-4.14246],[-67.07568,-4.05844],[-67.15562,-4.00827],[-67.20323,-3.91946],[-67.18599,-3.87729],[-67.13479,-3.93324],[-66.98544,-3.97582],[-67.01207,-3.89196],[-66.96959,-3.85286],[-66.98929,-3.70775],[-66.91038,-3.57757],[-67.02815,-3.52904],[-67.03499,-3.41566],[-66.94171,-3.30374],[-66.90574,-3.16452],[-66.85438,-3.13509],[-66.7727,-3.16849],[-66.62752,-3.13377],[-66.52956,-3.15476],[-66.41111,-3.13042],[-66.33542,-3.16145],[-66.25076,-3.13367],[-66.20948,-3.06819],[-66.19888,-2.96756],[-66.10426,-2.87817],[-66.11597,-2.85005],[-66.08248,-2.82461],[-66.05516,-2.72727],[-66.02991,-2.72945],[-66.01776,-2.693],[-66.00022,-2.70577],[-65.95466,-2.60868],[-65.8049,-2.5889],[-65.75347,-2.63019],[-65.81879,-2.51997],[-65.78415,-2.47954],[-65.72725,-2.51858],[-65.71417,-2.61207],[-65.66379,-2.66223],[-65.55762,-2.63394],[-65.39117,-2.44556],[-65.31456,-2.47667],[-65.25648,-2.56399],[-65.26187,-2.60673],[-65.38529,-2.6799],[-65.33643,-2.7804],[-65.34612,-2.81985],[-65.42673,-2.87341],[-65.45833,-2.85521],[-65.54648,-2.88691],[-65.59748,-2.87345],[-65.98306,-3.49617],[-65.99462,-3.72058],[-65.94951,-3.7518],[-65.98298,-3.79346],[-65.98426,-3.886],[-65.94965,-4.01084],[-65.86276,-4.1462],[-65.91601,-4.21728],[-65.91406,-4.3013],[-65.95018,-4.29464],[-66.05942,-4.40087],[-66.12507,-4.40367],[-66.21054,-4.49243],[-66.19965,-4.63892],[-66.24226,-4.67516],[-66.26241,-4.77582],[-66.38748,-4.82433],[-66.52415,-4.94497],[-66.61832,-5.08257],[-66.7089,-5.05583],[-66.76371,-5.07843],[-66.79093,-5.1522],[-66.88175,-5.21506],[-66.90101,-5.25961],[-66.93338,-5.26135],[-66.99126,-5.49948],[-67.11102,-5.57384],[-67.12115,-5.62556],[-67.19749,-5.64742],[-67.17999,-5.71651],[-67.28713,-5.84623],[-67.31602,-5.79999],[-67.37433,-5.81419],[-67.36602,-5.90096],[-67.43297,-5.92265],[-67.44794,-5.89082],[-67.50057,-5.89229],[-67.54499,-5.91258],[-67.57263,-5.99276],[-67.65116,-5.93759],[-67.7038,-5.95376],[-67.66924,-6.04359],[-67.6784,-6.14149],[-67.62155,-6.23946],[-67.6665,-6.25452],[-67.74599,-6.36831],[-67.79719,-6.51972],[-67.74141,-6.50944],[-67.71041,-6.54849],[-67.63291,-6.56993],[-67.50933,-6.54257],[-67.45451,-6.5026],[-67.4268,-6.51944],[-67.37326,-6.49261],[-67.31519,-6.42606],[-67.24566,-6.41371],[-67.20819,-6.33298],[-67.10778,-6.32683],[-67.0466,-6.38687],[-66.86332,-6.40742],[-66.78264,-6.48518],[-66.79163,-6.50372],[-66.64841,-6.52551],[-66.57852,-6.57116],[-66.46774,-6.56715],[-66.42485,-6.6297],[-66.35459,-6.63365],[-66.39976,-6.65044],[-66.4574,-6.74252],[-66.57816,-6.7303],[-66.70461,-6.79999],[-66.75636,-6.7809],[-66.81526,-6.81682],[-66.85696,-6.79155],[-66.92195,-6.81273],[-66.92943,-6.7814],[-67.02129,-6.74563],[-67.08876,-6.79142],[-67.09592,-6.76879],[-67.17115,-6.78967],[-67.19017,-6.83443],[-67.34157,-6.81191],[-67.35896,-6.83789],[-67.3769,-6.81175],[-67.37092,-6.8581],[-67.42993,-6.89408],[-67.4133,-6.95448],[-67.44241,-6.98278],[-67.50319,-7.29225],[-67.61247,-7.41081],[-67.69805,-7.33137],[-67.70922,-7.2685],[-67.80928,-7.2489],[-67.88458,-7.27114],[-67.90172,-7.16564],[-68.00052,-7.15067],[-68.04155,-7.11723],[-68.13063,-7.16368],[-68.17253,-7.16863],[-68.19725,-7.13602],[-68.27314,-7.17779],[-68.43264,-7.17457],[-68.4622,-7.14196],[-68.48761,-7.16156],[-68.49869,-7.25377],[-68.575,-7.21958],[-68.60554,-7.14207],[-68.65653,-7.10393],[-68.72978,-7.12208],[-68.89558,-7.10727],[-68.98889,-7.05561],[-69.02544,-7.07619],[-69.0175,-7.02862],[-69.08756,-7.04848],[-69.127,-7.01591],[-69.13264,-6.9615],[-69.19281,-6.94495],[-69.25045,-7.00011],[-69.37683,-7.01747],[-69.41387,-7.07464],[-69.48653,-7.10584],[-69.45386,-7.16252],[-69.49104,-7.20315],[-69.47445,-7.25222],[-69.51176,-7.36021],[-69.49112,-7.4049],[-69.52056,-7.42106],[-69.50876,-7.45893],[-69.59262,-7.61217],[-69.55528,-7.65871],[-69.62522,-7.75239],[-69.798,-7.87417],[-69.80171,-8.06113],[-70.05498,-7.84515],[-72.58477,-7.552],[-73.7382,-7.13468]]]]}},{"type":"Feature","id":"13005","properties":{"code":"13005","name":"Tefã"},"geometry":{"type":"MultiPolygon","coordinates":[[[[-66.85379,-5.52795],[-66.9736,-5.39249],[-66.93338,-5.26135],[-66.90101,-5.25961],[-66.88175,-5.21506],[-66.79093,-5.1522],[-66.76371,-5.07843],[-66.7089,-5.05583],[-66.61832,-5.08257],[-66.52415,-4.94497],[-66.38748,-4.82433],[-66.26241,-4.77582],[-66.24226,-4.67516],[-66.19965,-4.63892],[-66.21054,-4.49243],[-66.12507,-4.40367],[-66.05942,-4.40087],[-65.95018,-4.29464],[-65.90887,-4.29267],[-65.91601,-4.21728],[-65.86276,-4.1462],[-65.94965,-4.01084],[-65.98426,-3.886],[-65.98298,-3.79346],[-65.94951,-3.7518],[-65.99462,-3.72058],[-65.98306,-3.49617],[-65.59748,-2.87345],[-65.54648,-2.88691],[-65.45833,-2.85521],[-65.42673,-2.87341],[-65.34612,-2.81985],[-65.33643,-2.7804],[-65.38529,-2.6799],[-65.25411,-2.58182],[-65.31456,-2.47667],[-65.34017,-2.47384],[-65.30781,-2.41229],[-65.38822,-2.3901],[-65.32626,-2.36137],[-65.22152,-2.38422],[-65.21861,-2.28604],[-65.19321,-2.28357],[-64.98636,-2.5772],[-65.00129,-2.7134],[-64.89371,-2.71126],[-64.86639,-2.73542],[-64.89246,-2.875],[-64.81675,-2.93684],[-64.79217,-3.03559],[-64.71365,-3.10898],[-64.78254,-3.13843],[-64.77901,-3.16854],[-64.67547,-3.26322],[-64.52202,-3.327],[-64.43813,-3.47399],[-64.17738,-3.66255],[-64.0716,-3.70431],[-64.0765,-3.76741],[-64.111,-3.75982],[-64.15989,-3.81165],[-64.16656,-3.86555],[-64.25195,-3.88803],[-64.33626,-3.97187],[-64.44839,-3.98818],[-64.54206,-3.96453],[-64.57678,-4.04852],[-64.65317,-4.12503],[-64.7037,-4.11931],[-64.72483,-4.18862],[-64.78567,-4.21427],[-64.82117,-4.27337],[-64.99429,-4.29448],[-65.0222,-4.42184],[-65.09903,-4.46074],[-65.16581,-4.55166],[-65.26761,-4.62376],[-65.364,-4.60996],[-65.38182,-4.6537],[-65.43971,-4.67288],[-65.46698,-4.77132],[-65.57828,-4.89147],[-65.57696,-4.96062],[-65.62298,-5.02378],[-65.68626,-5.04479],[-65.69784,-5.1054],[-65.64493,-5.11869],[-65.70228,-5.19669],[-65.68179,-5.30757],[-65.7274,-5.28579],[-65.83012,-5.30761],[-65.88546,-5.37039],[-65.90412,-5.4438],[-65.9564,-5.39927],[-66.05779,-5.42224],[-66.08973,-5.40999],[-66.09165,-5.37275],[-66.14407,-5.39046],[-66.2686,-5.35658],[-66.51782,-5.44479],[-66.56991,-5.36717],[-66.58404,-5.46694],[-66.68529,-5.55938],[-66.85379,-5.52795]]]]}},{"type":"Feature","id":"13006","properties":{"code":"13006","name":"Coari"},"geometry":{"type":"MultiPolygon","coordinates":[[[[-60.84896,-4.28219],[-61.16783,-4.54424],[-61.24861,-4.62765],[-61.31871,-4.76306],[-61.44379,-4.89148],[-61.94208,-5.29451],[-62.01494,-5.32566],[-62.10282,-5.45993],[-62.65011,-4.90047],[-62.69366,-4.96243],[-62.73316,-4.96881],[-62.69513,-4.90103],[-62.7111,-4.84385],[-62.76957,-4.84082],[-62.82602,-4.79155],[-62.91474,-4.78436],[-62.963,-4.81703],[-62.99988,-4.79187],[-62.99018,-4.74406],[-63.03115,-4.70517],[-63.20685,-4.78989],[-63.24844,-4.90664],[-63.33603,-4.99025],[-63.37213,-5.12178],[-63.5453,-5.15715],[-63.70228,-5.11002],[-63.8252,-5.15242],[-64.02572,-5.26715],[-64.10372,-5.41882],[-64.43748,-5.55754],[-64.49275,-5.68967],[-64.60378,-5.69841],[-64.73139,-5.80525],[-64.96138,-5.74536],[-65.06929,-5.75217],[-65.13564,-5.697],[-65.23434,-5.74591],[-65.37135,-5.63726],[-65.44507,-5.67513],[-65.52945,-5.64251],[-65.59479,-5.58285],[-65.6157,-5.52119],[-65.68918,-5.54669],[-65.73695,-5.44237],[-65.82123,-5.49779],[-65.90059,-5.43698],[-65.88546,-5.37039],[-65.83012,-5.30761],[-65.67662,-5.29941],[-65.70228,-5.19669],[-65.64493,-5.11869],[-65.69784,-5.1054],[-65.68626,-5.04479],[-65.62298,-5.02378],[-65.57696,-4.96062],[-65.57828,-4.89147],[-65.46698,-4.77132],[-65.44664,-4.68026],[-65.38182,-4.6537],[-65.35359,-4.60595],[-65.25754,-4.62018],[-65.12992,-4.52268],[-65.09903,-4.46074],[-65.0222,-4.42184],[-64.98587,-4.28756],[-64.82117,-4.27337],[-64.78567,-4.21427],[-64.72483,-4.18862],[-64.7037,-4.11931],[-64.65317,-4.12503],[-64.57678,-4.04852],[-64.54206,-3.96453],[-64.44839,-3.98818],[-64.2926,-3.95123],[-64.25195,-3.88803],[-64.16656,-3.86555],[-64.15989,-3.81165],[-64.111,-3.75982],[-64.0765,-3.76741],[-64.07158,-3.70408],[-63.98094,-3.71158],[-63.94211,-3.81287],[-63.75928,-3.79864],[-63.88159,-3.79204],[-63.92556,-3.74291],[-63.91975,-3.69259],[-63.94771,-3.65993],[-63.91024,-3.66339],[-63.94549,-3.60067],[-63.96301,-3.63321],[-63.98053,-3.60266],[-64.01721,-3.6282],[-64.03745,-3.57961],[-64.07856,-3.56786],[-64.0626,-3.54361],[-64.15836,-3.51122],[-64.15102,-3.41847],[-64.12751,-3.36344],[-64.08379,-3.36015],[-64.08744,-3.33032],[-64.13776,-3.26649],[-64.15466,-3.29427],[-64.16295,-3.2376],[-64.19222,-3.25364],[-64.29032,-3.15887],[-64.24769,-3.09707],[-64.32764,-3.09036],[-64.33063,-3.02664],[-64.43759,-2.94552],[-64.442,-2.85051],[-64.50234,-2.77884],[-64.50863,-2.73996],[-64.35785,-2.72093],[-64.33715,-2.67629],[-64.42764,-2.63533],[-64.45769,-2.48045],[-64.49033,-2.46029],[-64.52712,-2.3256],[-64.45234,-2.32809],[-64.44322,-2.28001],[-64.31394,-2.26707],[-64.22344,-2.10391],[-64.13486,-2.1795],[-64.07508,-2.19082],[-64.0113,-2.1617],[-64.00684,-2.32846],[-63.95519,-2.45902],[-63.98428,-2.5654],[-63.78847,-2.5572],[-63.72953,-2.69356],[-63.71197,-2.83515],[-63.46308,-2.70344],[-63.30491,-2.70019],[-63.18902,-2.83713],[-63.05749,-2.81406],[-62.92886,-2.85362],[-62.91046,-2.92533],[-62.92883,-3.00807],[-62.77999,-3.0202],[-62.70188,-3.09127],[-62.5508,-3.0911],[-62.49885,-2.99197],[-62.47852,-2.86703],[-62.44174,-2.82472],[-62.35433,-2.77404],[-62.10843,-2.71951],[-62.04819,-2.65358],[-61.92416,-2.60955],[-61.77266,-2.62557],[-61.69929,-2.75167],[-61.73254,-2.81022],[-61.7169,-2.84373],[-61.66215,-2.86114],[-61.64876,-2.83014],[-61.52993,-2.82478],[-61.48349,-2.78662],[-61.41401,-2.86962],[-61.35649,-3.00481],[-61.31896,-3.19752],[-61.11896,-3.25295],[-61.09842,-3.2922],[-61.11996,-3.32508],[-61.0749,-3.38232],[-61.08518,-3.45004],[-61.15262,-3.40999],[-61.19737,-3.44168],[-61.21148,-3.49488],[-61.30196,-3.50038],[-61.29057,-3.6062],[-61.37746,-3.6022],[-61.40727,-3.62566],[-61.33232,-3.6962],[-61.15048,-3.70085],[-61.15243,-3.78358],[-61.06215,-3.79485],[-61.06085,-3.88708],[-61.16365,-3.97491],[-61.16371,-4.1407],[-61.05485,-4.12969],[-61.01603,-4.07874],[-60.8939,-4.1706],[-60.83565,-4.15269],[-60.8071,-4.1816],[-60.84896,-4.28219]]]]}},{"type":"Feature","id":"13007","properties":{"code":"13007","name":"Manaus"},"geometry":{"type":"MultiPolygon","coordinates":[[[[-60.02822,-4.42209],[-60.05376,-4.38055],[-60.09013,-4.40933],[-60.12896,-4.38815],[-60.12369,-4.33809],[-60.16665,-4.33691],[-60.20541,-4.27382],[-60.21544,-4.29527],[-60.26177,-4.25068],[-60.287,-4.16451],[-60.36747,-4.1902],[-60.4003,-4.15603],[-60.44974,-4.17306],[-60.49357,-4.12881],[-60.52444,-4.16942],[-60.5495,-4.14921],[-60.69032,-4.22284],[-60.70474,-4.1847],[-60.75935,-4.20206],[-60.83602,-4.15257],[-60.89433,-4.17042],[-61.01603,-4.07874],[-61.05485,-4.12969],[-61.16371,-4.1407],[-61.16365,-3.97491],[-61.0751,-3.90703],[-61.04474,-3.82146],[-61.06215,-3.79485],[-61.15243,-3.78358],[-61.15048,-3.70085],[-61.33232,-3.6962],[-61.40727,-3.62566],[-61.37746,-3.6022],[-61.29057,-3.6062],[-61.30196,-3.50038],[-61.21148,-3.49488],[-61.19737,-3.44168],[-61.15262,-3.40999],[-61.08518,-3.45004],[-61.0749,-3.38232],[-61.11996,-3.32508],[-61.09842,-3.2922],[-61.11896,-3.25295],[-61.31896,-3.19752],[-61.35649,-3.00481],[-61.41401,-2.86962],[-61.48349,-2.78662],[-61.40426,-2.76155],[-61.40271,-2.73269],[-61.25063,-2.74103],[-61.23518,-2.77542],[-61.05315,-2.81727],[-60.98457,-2.88626],[-60.91357,-2.81187],[-60.85201,-2.84135],[-60.75643,-2.82179],[-60.80273,-2.53923],[-60.78176,-2.46082],[-60.74334,-2.44031],[-60.76893,-2.39948],[-60.69531,-2.34618],[-60.71851,-2.27482],[-60.69206,-2.24267],[-60.73895,-2.18935],[-60.66398,-2.13069],[-60.66817,-2.07461],[-60.59898,-1.99883],[-60.48009,-2.01625],[-60.28112,-1.9243],[-60.29743,-1.95742],[-60.26706,-1.9865],[-60.00049,-2.12019],[-60.04656,-2.32826],[-60.03667,-2.54205],[-59.94119,-2.57828],[-59.94242,-2.62224],[-59.92021,-2.61052],[-59.87611,-2.71571],[-59.83352,-2.73552],[-59.81116,-2.81725],[-59.75207,-2.82691],[-59.70615,-2.9396],[-59.52509,-2.95388],[-59.30453,-3.1319],[-59.15995,-3.16843],[-59.3519,-3.1456],[-59.38417,-3.18114],[-59.14958,-3.28539],[-59.00618,-3.2439],[-58.85459,-3.40103],[-58.78731,-3.38663],[-58.81662,-3.46134],[-58.8447,-3.44739],[-58.96991,-3.59711],[-59.10139,-3.69296],[-59.05194,-3.77711],[-59.09318,-3.86652],[-59.20823,-3.92007],[-59.52593,-3.92581],[-59.62015,-4.19859],[-59.94183,-4.2198],[-59.94052,-4.24911],[-59.98892,-4.26371],[-59.94872,-4.38194],[-60.02822,-4.42209]]]]}},{"type":"Feature","id":"13008","properties":{"code":"13008","name":"Rio Preto Da Eva"},"geometry":{"type":"MultiPolygon","coordinates":[[[[-59.50031,-2.9719],[-59.70615,-2.9396],[-59.75207,-2.82691],[-59.81116,-2.81725],[-59.83352,-2.73552],[-59.87611,-2.71571],[-59.92021,-2.61052],[-59.94242,-2.62224],[-59.94119,-2.57828],[-60.03328,-2.5493],[-60.04656,-2.32826],[-59.99717,-2.13425],[-60.01484,-2.10185],[-60.26706,-1.9865],[-60.29743,-1.95742],[-60.28112,-1.9243],[-60.35776,-1.95446],[-60.57642,-1.91193],[-60.61659,-1.86691],[-60.62681,-1.79177],[-60.59253,-1.5476],[-60.75053,-1.44546],[-60.83657,-1.47582],[-60.82793,-1.43902],[-60.86023,-1.42673],[-60.83695,-1.4075],[-60.84815,-1.35935],[-60.88748,-1.3097],[-60.96424,-1.30968],[-60.90567,-1.25081],[-60.85456,-1.25993],[-60.86271,-1.14007],[-60.83687,-1.14417],[-60.82126,-1.08558],[-60.756,-1.07802],[-60.7994,-0.99952],[-60.7644,-0.85091],[-60.66801,-0.89452],[-60.59134,-0.85341],[-60.53107,-0.87508],[-60.47912,-0.77092],[-60.42717,-0.77841],[-60.30967,-0.7248],[-60.30745,-0.66619],[-60.38329,-0.59007],[-60.39995,-0.51008],[-60.3447,-0.44061],[-60.2955,-0.29924],[-60.29939,-0.21174],[-60.18004,-0.08553],[-60.0825,-0.04807],[-59.97651,-0.06259],[-59.95281,-0.04991],[-59.97237,-0.03099],[-59.92899,-0.03426],[-59.95719,0.03742],[-59.90326,0.02215],[-59.86454,-0.04664],[-59.87477,-0.11322],[-59.91945,-0.12596],[-59.91341,-0.15005],[-59.84756,-0.18178],[-59.80796,-0.24847],[-59.83874,-0.26757],[-59.86264,-0.36616],[-59.83185,-0.39842],[-59.84803,-0.44252],[-59.92586,-0.48463],[-59.96764,-0.56888],[-60.03565,-0.58901],[-60.02499,-0.66149],[-60.05331,-0.65009],[-60.05427,-0.67599],[-60.02027,-0.78989],[-59.85435,-0.91425],[-59.81579,-1.01135],[-59.70783,-1.10219],[-59.66908,-1.06634],[-59.60442,-1.10964],[-59.38062,-1.10667],[-59.35948,-1.26162],[-59.43534,-1.27962],[-59.51938,-1.43291],[-59.33479,-1.45726],[-59.30539,-1.48391],[-59.27052,-1.43121],[-59.19136,-1.44643],[-59.1273,-1.58937],[-59.19603,-1.71077],[-59.21933,-1.81898],[-59.25175,-1.83318],[-59.20183,-1.94039],[-59.11472,-2.03245],[-59.13844,-2.16577],[-59.18242,-2.2011],[-59.14563,-2.2171],[-59.1538,-2.24851],[-59.11099,-2.22378],[-59.08245,-2.27597],[-59.173,-2.3858],[-59.272,-2.44762],[-59.27594,-2.48834],[-59.19688,-2.47098],[-59.15589,-2.51746],[-59.20088,-2.56431],[-59.18919,-2.59767],[-59.23044,-2.70119],[-59.35392,-2.82163],[-59.36151,-2.88853],[-59.40584,-2.87422],[-59.43114,-2.92745],[-59.50031,-2.9719]]]]}},{"type":"Feature","id":"13009","properties":{"code":"13009","name":"Itacoatiara"},"geometry":{"type":"MultiPolygon","coordinates":[[[[-58.3961,-4.5033],[-58.64488,-4.46087],[-58.65198,-4.34318],[-58.61674,-4.26806],[-58.65496,-4.26684],[-58.69772,-4.11741],[-58.81712,-4.01122],[-58.77478,-3.90529],[-58.84619,-3.87551],[-58.843,-3.84922],[-58.88164,-3.85367],[-58.91706,-3.90899],[-58.9923,-3.89194],[-59.00008,-3.93281],[-59.09556,-3.993],[-59.11556,-3.96695],[-59.21398,-3.95875],[-59.14817,-3.92215],[-59.20823,-3.92007],[-59.09318,-3.86652],[-59.05501,-3.8013],[-59.10139,-3.69296],[-58.96991,-3.59711],[-58.8447,-3.44739],[-58.81662,-3.46134],[-58.78731,-3.38663],[-58.85459,-3.40103],[-59.00618,-3.2439],[-59.14958,-3.28539],[-59.38417,-3.18114],[-59.3519,-3.1456],[-59.15995,-3.16843],[-59.30453,-3.1319],[-59.50048,-2.9883],[-59.40584,-2.87422],[-59.36151,-2.88853],[-59.35392,-2.82163],[-59.23044,-2.70119],[-59.18919,-2.59767],[-59.20088,-2.56431],[-59.15589,-2.51746],[-59.19688,-2.47098],[-59.27594,-2.48834],[-59.272,-2.44762],[-59.16617,-2.379],[-59.06432,-2.27024],[-59.06563,-2.23482],[-58.97631,-2.25389],[-58.95793,-2.28419],[-58.88106,-2.23068],[-58.72415,-2.28641],[-58.74529,-2.33761],[-58.72204,-2.34841],[-58.6104,-2.29502],[-58.56176,-2.31989],[-58.48666,-2.29822],[-58.40424,-2.31905],[-58.36423,-2.34073],[-58.33912,-2.40508],[-58.26004,-2.40313],[-58.28784,-2.47216],[-58.11953,-2.61184],[-58.01652,-2.65371],[-57.96517,-2.63634],[-57.97559,-2.60429],[-57.95542,-2.62558],[-57.9249,-2.58496],[-57.87665,-2.58549],[-57.96223,-2.66584],[-57.93084,-2.67588],[-57.94393,-2.76301],[-57.77463,-2.71828],[-57.68222,-2.61902],[-57.59254,-2.45723],[-57.32899,-2.45539],[-57.28933,-2.48897],[-57.44877,-2.60416],[-57.43191,-2.64336],[-57.45808,-2.69412],[-57.41769,-2.73169],[-57.47972,-2.76442],[-57.49989,-2.81083],[-57.57728,-2.83789],[-57.64757,-2.94217],[-57.74207,-2.95474],[-57.78192,-2.9951],[-57.82006,-2.95562],[-57.89095,-2.95262],[-58.06585,-3.21513],[-58.08783,-3.33489],[-58.17375,-3.36058],[-58.18136,-3.49658],[-58.37035,-3.50035],[-58.37737,-3.56996],[-58.22566,-3.60979],[-58.20021,-3.681],[-58.29645,-3.69437],[-58.2918,-3.8246],[-58.34399,-3.88619],[-58.40868,-3.89528],[-58.46426,-3.94239],[-58.34605,-4.0578],[-58.30845,-4.11782],[-58.32108,-4.14195],[-58.28061,-4.16256],[-58.25188,-4.2282],[-58.16229,-4.2277],[-58.11959,-4.37078],[-58.2212,-4.35905],[-58.29419,-4.42758],[-58.38457,-4.46074],[-58.3961,-4.5033]]]]}},{"type":"Feature","id":"13010","properties":{"code":"13010","name":"Parintins"},"geometry":{"type":"MultiPolygon","coordinates":[[[[-58.14737,-7.34324],[-58.54037,-7.34253],[-58.57404,-7.28761],[-58.52973,-7.23764],[-58.56393,-7.19893],[-58.529,-7.18646],[-58.49667,-7.05207],[-58.55988,-7.03204],[-58.57473,-7.04983],[-58.63282,-7.008],[-58.67557,-6.9284],[-58.7678,-6.8583],[-58.79411,-6.77675],[-58.85883,-6.70547],[-58.87467,-6.58949],[-58.83442,-6.4389],[-58.92013,-6.27929],[-58.84755,-6.21268],[-58.80229,-6.08258],[-58.83655,-5.98942],[-58.80905,-5.90667],[-58.83436,-5.9021],[-58.81118,-5.73873],[-58.84662,-5.66926],[-58.81926,-5.59051],[-58.85496,-5.51399],[-58.83374,-5.50499],[-58.83364,-5.43283],[-58.80416,-5.41486],[-58.82274,-5.40196],[-58.80659,-5.33353],[-58.73645,-5.33875],[-58.73038,-5.26518],[-58.68766,-5.22074],[-58.62254,-5.22001],[-58.64144,-5.18772],[-58.58375,-5.17792],[-58.56228,-5.15493],[-58.57998,-5.13331],[-58.51128,-5.13582],[-58.50574,-5.10337],[-58.47654,-5.10702],[-58.49423,-5.08696],[-58.43618,-5.07],[-58.44984,-5.03811],[-58.42906,-5.04796],[-58.40259,-4.96535],[-58.37391,-4.95359],[-58.39655,-4.92085],[-58.34223,-4.89323],[-58.36551,-4.85159],[-58.30691,-4.81924],[-58.30071,-4.74956],[-58.26954,-4.72268],[-58.28707,-4.71181],[-58.25006,-4.63834],[-58.26322,-4.60213],[-58.22175,-4.59661],[-58.23508,-4.55472],[-58.20282,-4.54813],[-58.20555,-4.49034],[-58.18241,-4.49883],[-58.18252,-4.45445],[-58.12199,-4.41907],[-58.16229,-4.2277],[-58.25188,-4.2282],[-58.28061,-4.16256],[-58.32108,-4.14195],[-58.30845,-4.11782],[-58.34605,-4.0578],[-58.46426,-3.94239],[-58.40868,-3.89528],[-58.34399,-3.88619],[-58.2918,-3.8246],[-58.29645,-3.69437],[-58.20021,-3.681],[-58.22566,-3.60979],[-58.37737,-3.56996],[-58.37035,-3.50035],[-58.18136,-3.49658],[-58.17375,-3.36058],[-58.08783,-3.33489],[-58.06585,-3.21513],[-57.89095,-2.95262],[-57.82006,-2.95562],[-57.78192,-2.9951],[-57.74207,-2.95474],[-57.64757,-2.94217],[-57.57728,-2.83789],[-57.49989,-2.81083],[-57.47972,-2.76442],[-57.41769,-2.73169],[-57.45808,-2.69412],[-57.43191,-2.64336],[-57.44877,-2.60416],[-57.28933,-2.48897],[-57.32899,-2.45539],[-57.59254,-2.45723],[-57.68222,-2.61902],[-57.77463,-2.71828],[-57.94393,-2.76301],[-57.93084,-2.67588],[-57.96223,-2.66584],[-57.87665,-2.58549],[-57.9249,-2.58496],[-57.95542,-2.62558],[-57.97559,-2.60429],[-57.96517,-2.63634],[-58.01652,-2.65371],[-58.11953,-2.61184],[-58.28784,-2.47216],[-58.26004,-2.40313],[-58.33912,-2.40508],[-58.36423,-2.34073],[-58.40424,-2.31905],[-58.48666,-2.29822],[-58.56176,-2.31989],[-58.6104,-2.29502],[-58.72204,-2.34841],[-58.74529,-2.33761],[-58.72415,-2.28641],[-58.88106,-2.23068],[-58.95793,-2.28419],[-58.97631,-2.25389],[-59.04287,-2.25508],[-59.05615,-2.23296],[-59.07214,-2.27619],[-59.11099,-2.22378],[-59.1538,-2.24851],[-59.14563,-2.2171],[-59.1796,-2.18514],[-59.13844,-2.16577],[-59.11472,-2.03245],[-59.20183,-1.94039],[-59.25175,-1.83318],[-59.21933,-1.81898],[-59.19603,-1.71077],[-59.12758,-1.60753],[-59.15141,-1.51591],[-59.20066,-1.46945],[-59.19136,-1.44643],[-59.27052,-1.43121],[-59.30539,-1.48391],[-59.33479,-1.45726],[-59.51938,-1.43291],[-59.43534,-1.27962],[-59.35948,-1.26162],[-59.38062,-1.10667],[-59.60442,-1.10964],[-59.66908,-1.06634],[-59.70783,-1.10219],[-59.81579,-1.01135],[-59.85435,-0.91425],[-60.02027,-0.78989],[-60.05427,-0.67599],[-60.05331,-0.65009],[-60.02499,-0.66149],[-60.03565,-0.58901],[-59.96764,-0.56888],[-59.92586,-0.48463],[-59.84803,-0.44252],[-59.83185,-0.39842],[-59.86264,-0.36616],[-59.80798,-0.2376],[-59.91341,-0.15005],[-59.86211,-0.05975],[-59.91691,0.03354],[-59.95719,0.03742],[-59.92899,-0.03426],[-59.97237,-0.03099],[-59.9628,-0.05856],[-60.0825,-0.04807],[-60.23051,-0.11036],[-60.18518,-0.00035],[-60.13857,0.02877],[-60.13795,0.10269],[-60.05908,0.163],[-60.03797,0.26355],[-58.89546,0.26351],[-58.89833,-0.01791],[-58.86339,-0.08709],[-58.87207,-0.34299],[-58.72977,-0.43529],[-58.71016,-0.53856],[-58.734,-0.61163],[-58.70518,-0.67897],[-58.43605,-0.88347],[-58.45083,-0.92608],[-58.41075,-0.98131],[-58.43008,-1.02712],[-58.36849,-1.06602],[-58.32329,-1.14329],[-58.25477,-1.13259],[-58.16264,-1.22966],[-58.08186,-1.12648],[-58.01754,-1.10615],[-57.97202,-1.16257],[-58.00094,-1.33018],[-57.96035,-1.40157],[-57.82404,-1.43976],[-57.78369,-1.50801],[-57.71316,-1.50415],[-57.70685,-1.57595],[-57.67868,-1.59434],[-57.60258,-1.5703],[-57.59338,-1.5997],[-57.5252,-1.62677],[-57.52879,-1.65272],[-57.43867,-1.66649],[-57.42757,-1.6918],[-57.40346,-1.67553],[-57.39269,-1.72308],[-57.30551,-1.73028],[-57.25389,-1.6963],[-57.23074,-1.72592],[-57.1649,-1.72087],[-57.16321,-1.76858],[-57.12937,-1.76416],[-57.11583,-1.79178],[-57.09786,-1.77511],[-57.0639,-1.8085],[-57.03721,-1.91155],[-56.98835,-1.90716],[-56.95277,-1.96023],[-56.84996,-2.02017],[-56.73897,-2.01701],[-56.72138,-2.05917],[-56.76854,-2.16575],[-56.68985,-2.20894],[-56.61291,-2.21017],[-56.52707,-2.1392],[-56.41388,-2.17595],[-56.37506,-2.13878],[-56.31676,-2.14013],[-56.22838,-2.05622],[-56.09817,-2.02694],[-56.20377,-2.18308],[-56.38432,-2.27048],[-56.46559,-2.42312],[-56.40211,-2.45652],[-58.25526,-6.45412],[-58.32706,-6.50037],[-58.34989,-6.5624],[-58.42731,-6.61617],[-58.47847,-6.69961],[-58.48176,-6.78142],[-58.43456,-6.90881],[-58.20952,-7.13426],[-58.14737,-7.34324]]]]}},{"type":"Feature","id":"13011","properties":{"code":"13011","name":"Boca Do Acre"},"geometry":{"type":"MultiPolygon","coordinates":[[[[-67.32605,-9.59234],[-67.51688,-9.56091],[-68.64719,-9.04942],[-69.80171,-8.06113],[-69.798,-7.87417],[-69.62522,-7.75239],[-69.55528,-7.65871],[-69.59262,-7.61217],[-69.50876,-7.45893],[-69.52056,-7.42106],[-69.49112,-7.4049],[-69.51176,-7.36021],[-69.47445,-7.25222],[-69.49104,-7.20315],[-69.45386,-7.16252],[-69.48653,-7.10584],[-69.41387,-7.07464],[-69.37683,-7.01747],[-69.25045,-7.00011],[-69.18264,-6.94486],[-69.13264,-6.9615],[-69.127,-7.01591],[-69.08756,-7.04848],[-69.0175,-7.02862],[-69.02544,-7.07619],[-68.98889,-7.05561],[-68.89558,-7.10727],[-68.72978,-7.12208],[-68.65653,-7.10393],[-68.60554,-7.14207],[-68.575,-7.21958],[-68.49869,-7.25377],[-68.48761,-7.16156],[-68.4622,-7.14196],[-68.43264,-7.17457],[-68.27314,-7.17779],[-68.19725,-7.13602],[-68.17253,-7.16863],[-68.13063,-7.16368],[-68.04155,-7.11723],[-68.00052,-7.15067],[-67.90172,-7.16564],[-67.88458,-7.27114],[-67.80928,-7.2489],[-67.70922,-7.2685],[-67.69805,-7.33137],[-67.61247,-7.41081],[-67.51839,-7.31884],[-67.50056,-7.24719],[-67.44222,-7.28728],[-67.34838,-7.27604],[-67.34799,-7.17177],[-67.26372,-7.07551],[-67.13934,-7.05284],[-67.09328,-7.00284],[-66.96367,-7.13311],[-66.94817,-7.24496],[-66.72037,-7.37143],[-66.61315,-7.49184],[-66.54482,-7.48796],[-66.48777,-7.51968],[-66.40741,-7.4815],[-66.33894,-7.49621],[-66.37214,-7.51447],[-66.37304,-7.56097],[-66.46888,-7.56635],[-66.50032,-7.59564],[-66.50331,-7.66642],[-66.53614,-7.60084],[-66.58136,-7.6462],[-66.61811,-7.61506],[-66.60835,-7.64159],[-66.63422,-7.65775],[-66.60721,-7.68281],[-66.71002,-7.70239],[-66.76036,-7.78289],[-66.83194,-7.82179],[-66.81416,-7.86919],[-66.87068,-7.93466],[-66.8847,-8.01199],[-66.86095,-8.08118],[-66.88649,-8.14828],[-66.85927,-8.19072],[-66.93694,-8.3018],[-66.90967,-8.39288],[-66.92593,-8.45422],[-67.05775,-8.50517],[-67.09811,-8.58362],[-67.08758,-8.63724],[-67.14597,-8.70905],[-67.08603,-8.80411],[-67.10536,-8.83734],[-67.08767,-8.93564],[-67.19894,-8.98424],[-67.17428,-9.024],[-67.23957,-9.06208],[-67.29271,-9.15039],[-67.28521,-9.24962],[-67.31267,-9.31588],[-67.27367,-9.35897],[-67.28361,-9.51253],[-67.32605,-9.59234]]]]}},{"type":"Feature","id":"13012","properties":{"code":"13012","name":"Purus"},"geometry":{"type":"MultiPolygon","coordinates":[[[[-67.32605,-9.59234],[-67.28361,-9.51253],[-67.27367,-9.35897],[-67.31267,-9.31588],[-67.28521,-9.24962],[-67.29271,-9.15039],[-67.23957,-9.06208],[-67.17428,-9.024],[-67.19894,-8.98424],[-67.08767,-8.93564],[-67.10536,-8.83734],[-67.08603,-8.80411],[-67.14597,-8.70905],[-67.08758,-8.63724],[-67.09811,-8.58362],[-67.05775,-8.50517],[-66.92593,-8.45422],[-66.90967,-8.39288],[-66.93694,-8.3018],[-66.85927,-8.19072],[-66.88649,-8.14828],[-66.86095,-8.08118],[-66.8847,-8.01199],[-66.87068,-7.93466],[-66.81416,-7.86919],[-66.83194,-7.82179],[-66.76036,-7.78289],[-66.71002,-7.70239],[-66.60721,-7.68281],[-66.63422,-7.65775],[-66.60835,-7.64159],[-66.61811,-7.61506],[-66.58136,-7.6462],[-66.53614,-7.60084],[-66.50331,-7.66642],[-66.50032,-7.59564],[-66.46888,-7.56635],[-66.37304,-7.56097],[-66.37214,-7.51447],[-66.3385,-7.49693],[-66.40741,-7.4815],[-66.48777,-7.51968],[-66.54482,-7.48796],[-66.61315,-7.49184],[-66.72037,-7.37143],[-66.94817,-7.24496],[-66.96367,-7.13311],[-67.09328,-7.00284],[-67.13934,-7.05284],[-67.26372,-7.07551],[-67.34799,-7.17177],[-67.34838,-7.27604],[-67.44927,-7.28403],[-67.50056,-7.24719],[-67.50055,-7.20663],[-67.44241,-6.98278],[-67.4136,-6.95594],[-67.42993,-6.89408],[-67.37092,-6.8581],[-67.3769,-6.81175],[-67.35896,-6.83789],[-67.34157,-6.81191],[-67.19017,-6.83443],[-67.17115,-6.78967],[-67.09592,-6.76879],[-67.08876,-6.79142],[-67.02129,-6.74563],[-66.92943,-6.7814],[-66.92828,-6.81107],[-66.85696,-6.79155],[-66.81526,-6.81682],[-66.75636,-6.7809],[-66.73735,-6.8029],[-66.64051,-6.75809],[-66.62187,-6.77237],[-66.57816,-6.7303],[-66.45804,-6.74278],[-66.39976,-6.65044],[-66.35378,-6.63107],[-66.42485,-6.6297],[-66.46774,-6.56715],[-66.57852,-6.57116],[-66.64841,-6.52551],[-66.79163,-6.50372],[-66.78264,-6.48518],[-66.86332,-6.40742],[-67.0466,-6.38687],[-67.10778,-6.32683],[-67.20819,-6.33298],[-67.24566,-6.41371],[-67.31519,-6.42606],[-67.37326,-6.49261],[-67.4268,-6.51944],[-67.45451,-6.5026],[-67.50933,-6.54257],[-67.63291,-6.56993],[-67.71041,-6.54849],[-67.74141,-6.50944],[-67.79719,-6.51972],[-67.74599,-6.36831],[-67.6665,-6.25452],[-67.62155,-6.23946],[-67.6784,-6.14149],[-67.66924,-6.04359],[-67.70283,-5.99766],[-67.69933,-5.94531],[-67.65116,-5.93759],[-67.57263,-5.99276],[-67.54499,-5.91258],[-67.50057,-5.89229],[-67.44794,-5.89082],[-67.43297,-5.92265],[-67.36602,-5.90096],[-67.37433,-5.81419],[-67.31602,-5.79999],[-67.2933,-5.85186],[-67.17999,-5.71651],[-67.19749,-5.64742],[-67.12115,-5.62556],[-67.11102,-5.57384],[-66.99126,-5.49948],[-66.95819,-5.41988],[-66.90755,-5.44409],[-66.90324,-5.49691],[-66.85379,-5.52795],[-66.69357,-5.56143],[-66.58404,-5.46694],[-66.5621,-5.3667],[-66.51782,-5.44479],[-66.2686,-5.35658],[-66.14407,-5.39046],[-66.09165,-5.37275],[-66.08973,-5.40999],[-66.05779,-5.42224],[-65.9564,-5.39927],[-65.83746,-5.49542],[-65.78549,-5.49166],[-65.73695,-5.44237],[-65.68918,-5.54669],[-65.6157,-5.52119],[-65.56926,-5.61343],[-65.45273,-5.67388],[-65.37135,-5.63726],[-65.23434,-5.74591],[-65.13564,-5.697],[-65.06929,-5.75217],[-64.96138,-5.74536],[-64.73139,-5.80525],[-64.60378,-5.69841],[-64.49275,-5.68967],[-64.43748,-5.55754],[-64.10372,-5.41882],[-64.02572,-5.26715],[-63.8252,-5.15242],[-63.70228,-5.11002],[-63.5453,-5.15715],[-63.37213,-5.12178],[-63.33603,-4.99025],[-63.24844,-4.90664],[-63.20685,-4.78989],[-63.03115,-4.70517],[-62.99018,-4.74406],[-62.99988,-4.79187],[-62.963,-4.81703],[-62.91474,-4.78436],[-62.82602,-4.79155],[-62.76957,-4.84082],[-62.7111,-4.84385],[-62.69513,-4.90103],[-62.73316,-4.96881],[-62.69366,-4.96243],[-62.65011,-4.90047],[-62.10282,-5.45993],[-62.33207,-5.81784],[-62.49263,-5.97264],[-62.56746,-6.09505],[-62.88116,-6.45382],[-62.94161,-6.54446],[-62.97019,-6.68812],[-63.04977,-6.84449],[-63.16853,-6.84997],[-63.13532,-6.97747],[-63.21645,-7.01854],[-63.20362,-7.05301],[-63.23852,-7.08641],[-63.30744,-7.10365],[-63.32812,-7.19742],[-63.28009,-7.24564],[-63.30389,-7.34232],[-63.2507,-7.35165],[-63.24392,-7.39882],[-63.34284,-7.4099],[-63.29958,-7.49242],[-63.33313,-7.49213],[-63.42934,-7.60641],[-63.37976,-7.66256],[-63.39577,-7.72358],[-63.47533,-7.74876],[-63.55828,-7.84377],[-63.63428,-7.87282],[-63.62178,-8.02961],[-63.69342,-8.15835],[-63.74703,-8.19858],[-63.72276,-8.2495],[-63.77351,-8.32073],[-63.87076,-8.28882],[-63.94412,-8.33119],[-63.94537,-8.38783],[-63.9779,-8.42013],[-63.94084,-8.45226],[-63.9745,-8.48724],[-63.92457,-8.57553],[-63.94595,-8.60949],[-63.98621,-8.58563],[-64.02787,-8.71567],[-64.13087,-8.72216],[-64.14945,-8.95894],[-64.31132,-8.99647],[-64.3234,-8.92886],[-64.44657,-8.97687],[-64.55012,-8.97827],[-64.61107,-9.01645],[-64.69927,-8.98826],[-64.75357,-9.02075],[-64.79163,-8.9864],[-64.83932,-8.99411],[-64.91727,-9.04314],[-64.93608,-9.25581],[-65.09785,-9.43252],[-65.18546,-9.42703],[-65.17354,-9.38545],[-65.19616,-9.37526],[-65.20803,-9.28563],[-65.24666,-9.25766],[-65.38521,-9.33803],[-65.44702,-9.31638],[-65.43472,-9.46633],[-65.4928,-9.47366],[-65.59678,-9.41387],[-65.67944,-9.45139],[-65.72355,-9.55906],[-65.79152,-9.58564],[-65.9703,-9.41316],[-66.12389,-9.40878],[-66.17363,-9.43442],[-66.2678,-9.40976],[-66.3075,-9.43685],[-66.40886,-9.40695],[-66.39241,-9.50048],[-66.50061,-9.63356],[-66.60945,-9.6649],[-66.72539,-9.75607],[-66.77536,-9.75309],[-66.81025,-9.81805],[-67.32605,-9.59234]]],[[[-63.57983,-7.845],[-63.57683,-7.84555],[-63.57852,-7.84585],[-63.57909,-7.84573],[-63.57962,-7.8453],[-63.57983,-7.845]]],[[[-63.57104,-7.84511],[-63.5653,-7.84603],[-63.56828,-7.84694],[-63.5688,-7.84617],[-63.57104,-7.84511]]]]}},{"type":"Feature","id":"13013","properties":{"code":"13013","name":"Madeira"},"geometry":{"type":"MultiPolygon","coordinates":[[[[-63.62143,-7.97653],[-63.62189,-7.85585],[-63.55828,-7.84377],[-63.47533,-7.74876],[-63.39556,-7.72325],[-63.37976,-7.66256],[-63.42934,-7.60641],[-63.33313,-7.49213],[-63.29958,-7.49242],[-63.34284,-7.4099],[-63.24385,-7.39865],[-63.2507,-7.35165],[-63.30389,-7.34232],[-63.28007,-7.24588],[-63.32809,-7.19786],[-63.30755,-7.10378],[-63.23852,-7.08641],[-63.20362,-7.05301],[-63.21645,-7.01854],[-63.13532,-6.97747],[-63.16853,-6.84997],[-63.04977,-6.84449],[-62.97019,-6.68812],[-62.94161,-6.54446],[-62.8472,-6.40733],[-62.56746,-6.09505],[-62.49263,-5.97264],[-62.33207,-5.81784],[-62.01494,-5.32566],[-61.94208,-5.29451],[-61.44379,-4.89148],[-61.31871,-4.76306],[-61.24861,-4.62765],[-61.16783,-4.54424],[-60.84896,-4.28219],[-60.8071,-4.1816],[-60.75587,-4.20244],[-60.70474,-4.1847],[-60.68953,-4.22284],[-60.5495,-4.14921],[-60.52444,-4.16942],[-60.49357,-4.12881],[-60.44974,-4.17306],[-60.4003,-4.15603],[-60.36747,-4.1902],[-60.287,-4.16451],[-60.26177,-4.25068],[-60.21544,-4.29527],[-60.20541,-4.27382],[-60.16665,-4.33691],[-60.12369,-4.33809],[-60.12896,-4.38815],[-60.09013,-4.40933],[-60.05376,-4.38055],[-60.02822,-4.42209],[-59.94872,-4.38194],[-59.98892,-4.26371],[-59.94052,-4.24911],[-59.94183,-4.2198],[-59.62015,-4.19859],[-59.52593,-3.92581],[-59.14817,-3.92215],[-59.21398,-3.95875],[-59.11556,-3.96695],[-59.09556,-3.993],[-59.00008,-3.93281],[-58.9923,-3.89194],[-58.91706,-3.90899],[-58.88164,-3.85367],[-58.84518,-3.84902],[-58.84619,-3.87551],[-58.77478,-3.90529],[-58.81712,-4.01122],[-58.69772,-4.11741],[-58.65496,-4.26684],[-58.61674,-4.26806],[-58.65198,-4.34318],[-58.639,-4.46683],[-58.3961,-4.5033],[-58.38457,-4.46074],[-58.29419,-4.42758],[-58.2212,-4.35905],[-58.11787,-4.37293],[-58.12687,-4.43072],[-58.18252,-4.45445],[-58.18241,-4.49883],[-58.20753,-4.49422],[-58.20628,-4.55362],[-58.23448,-4.55233],[-58.22037,-4.59461],[-58.26322,-4.60213],[-58.25006,-4.63834],[-58.28707,-4.71181],[-58.26954,-4.72268],[-58.30071,-4.74956],[-58.30691,-4.81924],[-58.36551,-4.85159],[-58.34223,-4.89323],[-58.39655,-4.92085],[-58.37391,-4.95359],[-58.40259,-4.96535],[-58.42906,-5.04796],[-58.44984,-5.03811],[-58.43618,-5.07],[-58.49423,-5.08696],[-58.47654,-5.10702],[-58.50574,-5.10337],[-58.51128,-5.13582],[-58.57998,-5.13331],[-58.56228,-5.15493],[-58.58375,-5.17792],[-58.64144,-5.18772],[-58.62254,-5.22001],[-58.68766,-5.22074],[-58.73038,-5.26518],[-58.73645,-5.33875],[-58.81073,-5.33992],[-58.80416,-5.41486],[-58.83364,-5.43283],[-58.85532,-5.5198],[-58.81926,-5.59051],[-58.84662,-5.66926],[-58.81118,-5.73873],[-58.83436,-5.9021],[-58.80905,-5.90667],[-58.83655,-5.98942],[-58.80229,-6.08258],[-58.84755,-6.21268],[-58.92013,-6.27929],[-58.83442,-6.4389],[-58.87467,-6.58949],[-58.85883,-6.70547],[-58.79411,-6.77675],[-58.7678,-6.8583],[-58.67557,-6.9284],[-58.63282,-7.008],[-58.57473,-7.04983],[-58.55988,-7.03204],[-58.49667,-7.05207],[-58.529,-7.18646],[-58.56393,-7.19893],[-58.52973,-7.23764],[-58.57404,-7.28761],[-58.54037,-7.34253],[-58.13706,-7.35612],[-58.21306,-7.45853],[-58.20217,-7.62085],[-58.28055,-7.70646],[-58.29406,-7.77154],[-58.38474,-7.84399],[-58.28636,-8.08848],[-58.32246,-8.17004],[-58.31489,-8.32306],[-58.41705,-8.49196],[-58.38952,-8.59479],[-58.4373,-8.70335],[-58.32622,-8.72003],[-58.39534,-8.78033],[-59.00031,-8.8031],[-61.58313,-8.79869],[-61.63055,-8.72196],[-61.71327,-8.68785],[-61.77461,-8.74823],[-61.8365,-8.73272],[-61.85975,-8.85297],[-61.98522,-8.87861],[-62.03106,-8.79971],[-62.12497,-8.80167],[-62.20053,-8.64429],[-62.17664,-8.63692],[-62.18839,-8.59056],[-62.26889,-8.57576],[-62.29328,-8.59599],[-62.2813,-8.63859],[-62.33578,-8.60948],[-62.36508,-8.39102],[-62.46547,-8.33974],[-62.52614,-8.38305],[-62.56192,-8.28401],[-62.64995,-8.23703],[-62.683,-8.18057],[-62.69228,-8.09291],[-62.84506,-7.98653],[-63.62143,-7.97653]]],[[[-63.57596,-7.84505],[-63.57416,-7.84362],[-63.57192,-7.84343],[-63.57115,-7.84424],[-63.57107,-7.84506],[-63.57596,-7.84505]]],[[[-63.58421,-7.84265],[-63.58258,-7.84248],[-63.58102,-7.84394],[-63.58417,-7.84481],[-63.58421,-7.84265]]]]}},{"type":"Feature","id":"14001","properties":{"code":"14001","name":"Boa Vista"},"geometry":{"type":"MultiPolygon","coordinates":[[[[-64.82192,4.21185],[-64.81998,4.26156],[-64.78053,4.28656],[-64.6847,4.23934],[-64.62747,4.13851],[-64.5605,4.10157],[-64.43164,4.13462],[-64.16803,4.12795],[-64.11275,4.09129],[-64.0508,3.95017],[-64.00191,3.93296],[-63.96414,3.86795],[-63.9283,3.9249],[-63.85025,3.9499],[-63.68275,3.9074],[-63.6633,3.92239],[-63.70053,3.94434],[-63.68302,4.01851],[-63.59219,3.92823],[-63.59191,3.88545],[-63.55469,3.89101],[-63.49747,3.8399],[-63.49136,3.87351],[-63.43469,3.8649],[-63.41191,3.91323],[-63.45219,3.95545],[-63.42886,3.97712],[-63.20775,3.9524],[-63.22663,3.83545],[-63.1033,3.79323],[-63.05913,3.7474],[-63.08136,3.69323],[-62.96024,3.60768],[-62.8358,3.73851],[-62.74385,3.67323],[-62.72913,3.80462],[-62.77135,3.83407],[-62.75386,3.84963],[-62.78885,3.89323],[-62.7433,3.97212],[-62.76885,4.00628],[-62.74857,4.0349],[-62.60969,4.04406],[-62.5583,4.01601],[-62.53302,4.0474],[-62.55274,4.10878],[-62.53163,4.13629],[-62.46413,4.13906],[-62.4658,4.17462],[-62.43774,4.18295],[-62.19718,4.11295],[-62.14607,4.07406],[-62.11274,4.08934],[-62.11746,4.11739],[-62.07191,4.12518],[-62.07691,4.15378],[-61.98302,4.18045],[-61.93079,4.10323],[-61.92302,4.15572],[-61.82412,4.16351],[-61.80246,4.22823],[-61.72412,4.26934],[-61.72356,4.24434],[-61.5619,4.25102],[-61.50801,4.31989],[-61.51357,4.40545],[-61.44829,4.43907],[-61.34162,4.41962],[-61.28829,4.45739],[-61.32321,4.53489],[-61.21732,4.53526],[-61.1469,4.48157],[-61.09543,4.52198],[-60.99468,4.51851],[-60.93218,4.58629],[-60.94967,4.65267],[-60.91718,4.6649],[-60.90162,4.71462],[-60.85301,4.70351],[-60.80662,4.74823],[-60.75162,4.75545],[-60.65245,4.88462],[-60.61392,4.84294],[-60.65085,4.7255],[-60.61156,4.54579],[-60.65452,4.41021],[-60.59873,4.38939],[-60.55776,4.33315],[-60.54134,4.30129],[-60.56773,4.27545],[-60.50912,4.23351],[-60.53995,4.17268],[-60.47218,4.12823],[-60.43857,4.03267],[-60.45828,3.9549],[-60.48467,3.95462],[-60.50134,3.91351],[-60.47718,3.83963],[-60.50689,3.73434],[-60.47162,3.72296],[-60.40856,3.56851],[-60.33773,3.54545],[-60.28578,3.44962],[-60.32161,3.41463],[-60.34578,3.31768],[-60.41051,3.27963],[-60.37383,3.1649],[-60.54995,2.90296],[-60.6494,2.8349],[-60.69467,2.72823],[-60.77523,2.64352],[-60.84856,2.42824],[-60.8844,2.47157],[-60.91301,2.46796],[-60.89523,2.51018],[-60.94439,2.52129],[-60.91246,2.59657],[-60.94023,2.6499],[-61.02773,2.69657],[-61.04301,2.67407],[-61.09162,2.70713],[-61.12662,2.69768],[-61.13246,2.7199],[-61.22746,2.65379],[-61.28968,2.6574],[-61.37218,2.84046],[-61.45079,2.89518],[-61.52329,2.89574],[-61.57802,2.9474],[-61.62746,2.93212],[-61.70329,2.85074],[-61.7219,2.81185],[-61.69357,2.79435],[-61.74107,2.76434],[-61.73468,2.71602],[-61.86355,2.68241],[-61.92219,2.70574],[-61.97079,2.68713],[-62.00607,2.73351],[-62.40274,2.78268],[-62.61357,2.73991],[-62.6983,2.69629],[-62.7958,2.72741],[-62.84802,2.78518],[-62.86441,2.75824],[-62.91774,2.7638],[-63.0019,2.80956],[-63.13651,2.80189],[-63.25597,2.82935],[-63.38866,2.76934],[-63.46438,2.79077],[-63.5367,2.59334],[-63.65236,2.6055],[-63.95784,2.47044],[-64.0208,2.46657],[-64.05902,2.5081],[-63.98497,2.64851],[-63.99385,2.7699],[-64.05775,2.85045],[-64.07163,2.93768],[-64.23525,3.11435],[-64.20858,3.19435],[-64.25525,3.41101],[-64.18442,3.48934],[-64.1858,3.55962],[-64.28914,3.69962],[-64.48886,3.79045],[-64.82192,4.21185]]]]}},{"type":"Feature","id":"14002","properties":{"code":"14002","name":"Nordeste De Roraima"},"geometry":{"type":"MultiPolygon","coordinates":[[[[-60.57857,1.70635],[-60.54539,1.75339],[-60.57753,1.8335],[-60.65483,1.89777],[-60.75007,1.90581],[-60.7424,1.99948],[-60.92678,1.98449],[-60.97813,1.94579],[-61.05299,2.06294],[-61.01592,2.145],[-60.84578,2.31352],[-60.8244,2.54685],[-60.77523,2.64352],[-60.69467,2.72823],[-60.6494,2.8349],[-60.54995,2.90296],[-60.37383,3.1649],[-60.41051,3.27963],[-60.34578,3.31768],[-60.32161,3.41463],[-60.28578,3.44962],[-60.33773,3.54545],[-60.40856,3.56851],[-60.47162,3.72296],[-60.50689,3.73434],[-60.47718,3.83963],[-60.50134,3.91351],[-60.48467,3.95462],[-60.45828,3.9549],[-60.43857,4.03267],[-60.47218,4.12823],[-60.53995,4.17268],[-60.50912,4.23351],[-60.56773,4.27545],[-60.54134,4.30129],[-60.55776,4.33315],[-60.59873,4.38939],[-60.65452,4.41021],[-60.61156,4.54579],[-60.65085,4.7255],[-60.61392,4.84294],[-60.65245,4.88462],[-60.58412,4.95573],[-60.6444,5.05684],[-60.66123,5.16373],[-60.73634,5.20184],[-60.65218,5.23046],[-60.4344,5.18129],[-60.41357,5.2135],[-60.31996,5.20768],[-60.21245,5.27184],[-60.17245,5.22656],[-60.13606,5.24906],[-60.09578,5.14073],[-59.99684,5.0845],[-59.99023,4.98656],[-60.03995,4.78351],[-60.03023,4.70045],[-60.07883,4.64853],[-60.07523,4.6085],[-60.16023,4.56267],[-60.16329,4.50628],[-60.10495,4.50101],[-60.09162,4.52323],[-60.07106,4.49378],[-59.93439,4.49406],[-59.90495,4.45434],[-59.87161,4.4835],[-59.85883,4.44823],[-59.7969,4.46518],[-59.67411,4.37601],[-59.73189,4.28435],[-59.70801,4.26796],[-59.73662,4.23406],[-59.72551,4.18212],[-59.61662,4.1324],[-59.64967,4.07046],[-59.57494,4.00157],[-59.58495,3.9674],[-59.54605,3.97879],[-59.51633,3.94407],[-59.59244,3.88795],[-59.59605,3.79573],[-59.68023,3.75935],[-59.66856,3.70296],[-59.86634,3.57768],[-59.80411,3.50685],[-59.84217,3.42518],[-59.81411,3.42796],[-59.80384,3.36157],[-59.83435,3.356],[-59.8755,3.22352],[-59.90828,3.21018],[-59.908,3.11407],[-59.95606,3.08101],[-59.94745,2.9974],[-59.98884,2.88157],[-59.99106,2.68713],[-59.97079,2.59352],[-59.928,2.57046],[-59.8955,2.48157],[-59.90328,2.37685],[-59.78578,2.28407],[-59.72245,2.27685],[-59.74134,2.06935],[-59.72133,2.02352],[-59.73353,1.99963],[-60.15664,1.99964],[-60.22561,1.88864],[-60.38912,1.73692],[-60.57857,1.70635]]]]}},{"type":"Feature","id":"14003","properties":{"code":"14003","name":"Caracaraã"},"geometry":{"type":"MultiPolygon","coordinates":[[[[-61.8694,-1.40175],[-61.90218,-1.38702],[-62.03162,-1.12646],[-62.09968,-1.09674],[-62.12552,-1.0373],[-62.20385,-0.98285],[-62.29385,-0.94813],[-62.3958,-0.82036],[-62.51024,-0.75897],[-62.48663,-0.68147],[-62.42858,-0.69286],[-62.40691,-0.7273],[-62.36719,-0.71008],[-62.37079,-0.67675],[-62.29088,-0.64666],[-62.3092,-0.51416],[-62.20226,-0.39304],[-62.19393,-0.33861],[-62.24838,-0.30193],[-62.24199,-0.18166],[-62.31974,-0.10252],[-62.34664,0.02961],[-62.4244,0.09157],[-62.46829,0.27575],[-62.44637,0.37911],[-62.48525,0.45408],[-62.51866,0.4437],[-62.53301,0.50881],[-62.53331,0.7013],[-62.45774,0.7852],[-62.48607,0.85797],[-62.44274,0.95853],[-62.47773,1.02795],[-62.47162,1.08628],[-62.52109,1.08382],[-62.54121,1.11196],[-62.63551,1.43182],[-62.80528,1.59135],[-62.72373,1.7124],[-62.70603,1.93972],[-62.83857,2.01639],[-63.05357,2.02889],[-63.11983,2.09645],[-63.14634,2.17326],[-63.27635,2.15439],[-63.35979,2.1971],[-63.40124,2.24558],[-63.42488,2.35741],[-63.39487,2.40708],[-63.40685,2.43594],[-63.75117,2.38677],[-63.97805,2.46754],[-63.65236,2.6055],[-63.5367,2.59334],[-63.50603,2.62858],[-63.47486,2.78791],[-63.38866,2.76934],[-63.25597,2.82935],[-63.13651,2.80189],[-63.0019,2.80956],[-62.91774,2.7638],[-62.86441,2.75824],[-62.84802,2.78518],[-62.7958,2.72741],[-62.6983,2.69629],[-62.61357,2.73991],[-62.40274,2.78268],[-62.00607,2.73351],[-61.97079,2.68713],[-61.92219,2.70574],[-61.86355,2.68241],[-61.73468,2.71602],[-61.74107,2.76434],[-61.69357,2.79435],[-61.7219,2.81185],[-61.70329,2.85074],[-61.62746,2.93212],[-61.57662,2.94712],[-61.52329,2.89574],[-61.45079,2.89518],[-61.37218,2.84046],[-61.28968,2.6574],[-61.22746,2.65379],[-61.13246,2.7199],[-61.04579,2.67463],[-61.02773,2.69657],[-60.91718,2.62769],[-60.94439,2.52129],[-60.89356,2.50768],[-60.91134,2.46629],[-60.83662,2.43768],[-60.83635,2.35155],[-61.0481,2.08331],[-60.99795,1.95799],[-60.7424,1.99948],[-60.75007,1.90581],[-60.65483,1.89777],[-60.57753,1.8335],[-60.54539,1.75339],[-60.57734,1.70637],[-60.38912,1.73692],[-60.22561,1.88864],[-60.15664,1.99964],[-59.73343,1.99963],[-59.75161,1.85852],[-59.67772,1.83852],[-59.66301,1.87047],[-59.64995,1.84352],[-59.69022,1.7563],[-59.61745,1.71519],[-59.53828,1.72185],[-59.41272,1.55158],[-59.61522,1.62657],[-59.76467,1.6063],[-59.82106,1.47964],[-59.77439,1.38825],[-59.77939,1.27603],[-59.82411,1.2563],[-59.84217,1.19964],[-59.93912,1.19241],[-59.99244,1.12436],[-60.12301,1.09575],[-60.21469,1.12908],[-60.29161,1.11546],[-60.32023,1.14797],[-60.39995,1.13158],[-60.46745,1.0813],[-60.56134,0.93908],[-60.68245,0.87352],[-60.71884,0.86797],[-60.72995,0.93435],[-60.80857,0.97964],[-60.81967,1.06269],[-60.88523,1.13019],[-60.9244,1.07353],[-61.01606,1.10297],[-61.04023,1.08741],[-61.06357,1.01186],[-61.14967,0.93602],[-61.22607,1.00186],[-61.25635,0.96658],[-61.31968,0.99519],[-61.36301,0.96158],[-61.45384,0.78548],[-61.61524,0.60658],[-61.75885,0.30964],[-61.77379,0.05843],[-61.81607,-0.03841],[-61.78996,-0.1012],[-61.84634,-0.36314],[-61.80023,-0.45647],[-61.82496,-0.52591],[-61.80913,-0.59897],[-61.86774,-0.72397],[-61.84802,-0.82174],[-61.88329,-0.88285],[-61.8894,-1.00285],[-61.85802,-1.06452],[-61.88134,-1.12675],[-61.83912,-1.25841],[-61.87245,-1.33036],[-61.83994,-1.40106],[-61.8694,-1.40175]]]]}},{"type":"Feature","id":"14004","properties":{"code":"14004","name":"Sudeste De Roraima"},"geometry":{"type":"MultiPolygon","coordinates":[[[[-61.83994,-1.40106],[-61.87245,-1.33036],[-61.83912,-1.25841],[-61.88134,-1.12675],[-61.85884,-1.0573],[-61.88941,-0.99426],[-61.88218,-0.87786],[-61.84802,-0.82174],[-61.86774,-0.72397],[-61.80913,-0.59897],[-61.82496,-0.52591],[-61.80023,-0.45647],[-61.84634,-0.36314],[-61.78996,-0.1012],[-61.81607,-0.03841],[-61.77379,0.05843],[-61.75885,0.30964],[-61.61524,0.60658],[-61.45384,0.78548],[-61.3494,0.97631],[-61.31746,0.99519],[-61.25635,0.96658],[-61.22607,1.00186],[-61.14967,0.93602],[-61.06357,1.01186],[-61.04023,1.08741],[-61.01606,1.10297],[-60.9244,1.07353],[-60.88523,1.13019],[-60.81967,1.06269],[-60.80857,0.97964],[-60.72995,0.93435],[-60.74189,0.90269],[-60.71384,0.86714],[-60.56134,0.93908],[-60.46745,1.0813],[-60.39995,1.13158],[-60.32023,1.14797],[-60.29161,1.11546],[-60.21469,1.12908],[-60.12301,1.09575],[-59.99703,1.1225],[-59.96133,1.17797],[-59.87828,1.21269],[-59.86161,1.18685],[-59.82411,1.2563],[-59.78328,1.26769],[-59.77245,1.3763],[-59.81772,1.4513],[-59.81578,1.52853],[-59.76745,1.56352],[-59.76467,1.6063],[-59.67077,1.62492],[-59.48576,1.59573],[-59.44773,1.54574],[-59.39828,1.55713],[-59.38328,1.50796],[-59.32994,1.5138],[-59.32716,1.46408],[-59.28717,1.45297],[-59.25328,1.38825],[-58.99383,1.32713],[-58.97883,1.30158],[-58.91661,1.31547],[-58.88688,1.26019],[-58.91216,1.23824],[-58.89546,0.26351],[-60.03797,0.26355],[-60.05908,0.163],[-60.11627,0.13323],[-60.13857,0.02877],[-60.20328,-0.03359],[-60.2244,-0.14286],[-60.29939,-0.21174],[-60.2955,-0.29924],[-60.3447,-0.44061],[-60.39995,-0.51008],[-60.38329,-0.59007],[-60.30745,-0.66619],[-60.30967,-0.7248],[-60.42717,-0.77841],[-60.47912,-0.77092],[-60.53107,-0.87508],[-60.59134,-0.85341],[-60.66801,-0.89452],[-60.75272,-0.86118],[-60.76107,-0.76147],[-60.79717,-0.7448],[-60.79773,-0.70091],[-60.90828,-0.62397],[-60.92079,-0.55536],[-61.04607,-0.54592],[-61.08746,-0.50009],[-61.2169,-0.50008],[-61.22412,-0.55952],[-61.46467,-0.6648],[-61.47968,-0.71452],[-61.54218,-0.76369],[-61.54357,-0.8523],[-61.58523,-0.93702],[-61.54412,-1.0623],[-61.57663,-1.07925],[-61.57385,-1.18479],[-61.62885,-1.30147],[-61.58218,-1.35341],[-61.61912,-1.3948],[-61.53829,-1.4334],[-61.51648,-1.50243],[-61.47329,-1.52785],[-61.47468,-1.57897],[-61.60495,-1.44813],[-61.76968,-1.38286],[-61.83994,-1.40106]]]]}},{"type":"Feature","id":"15001","properties":{"code":"15001","name":"ÃBidos"},"geometry":{"type":"MultiPolygon","coordinates":[[[[-56.7024,-3.35749],[-56.76789,-3.24289],[-56.40211,-2.45652],[-56.46559,-2.42312],[-56.38432,-2.27048],[-56.20377,-2.18308],[-56.09817,-2.02694],[-56.22838,-2.05622],[-56.31676,-2.14013],[-56.37506,-2.13878],[-56.41388,-2.17595],[-56.52707,-2.1392],[-56.61291,-2.21017],[-56.68985,-2.20894],[-56.76854,-2.16575],[-56.72138,-2.05917],[-56.73897,-2.01701],[-56.84996,-2.02017],[-56.95277,-1.96023],[-56.98835,-1.90716],[-57.03721,-1.91155],[-57.0639,-1.8085],[-57.09786,-1.77511],[-57.11583,-1.79178],[-57.12937,-1.76416],[-57.16321,-1.76858],[-57.1649,-1.72087],[-57.23074,-1.72592],[-57.25389,-1.6963],[-57.30551,-1.73028],[-57.39269,-1.72308],[-57.40346,-1.67553],[-57.42757,-1.6918],[-57.43867,-1.66649],[-57.52879,-1.65272],[-57.5252,-1.62677],[-57.59338,-1.5997],[-57.60258,-1.5703],[-57.67868,-1.59434],[-57.70685,-1.57595],[-57.71316,-1.50415],[-57.78369,-1.50801],[-57.82404,-1.43976],[-57.96035,-1.40157],[-58.00094,-1.33018],[-57.97202,-1.16257],[-58.01754,-1.10615],[-58.08186,-1.12648],[-58.16264,-1.22966],[-58.25477,-1.13259],[-58.32329,-1.14329],[-58.39269,-1.03982],[-58.4228,-1.03628],[-58.41075,-0.98131],[-58.45083,-0.92608],[-58.43605,-0.88347],[-58.70518,-0.67897],[-58.734,-0.61163],[-58.71016,-0.53856],[-58.72522,-0.44222],[-58.87459,-0.33579],[-58.86388,-0.07803],[-58.89833,-0.01791],[-58.8955,1.22878],[-58.82133,1.17105],[-58.73966,1.19995],[-58.69467,1.29737],[-58.5855,1.26217],[-58.56466,1.29465],[-58.52299,1.25796],[-58.49633,1.26802],[-58.45797,1.37151],[-58.50522,1.40322],[-58.50883,1.463],[-58.38569,1.47004],[-58.39483,1.52657],[-58.32247,1.59707],[-58.31724,1.56849],[-58.2361,1.54675],[-58.16074,1.56017],[-58.12952,1.49895],[-58.06103,1.5254],[-58.00433,1.50309],[-57.97866,1.57284],[-57.99019,1.6585],[-57.85215,1.66788],[-57.79989,1.68528],[-57.7744,1.72979],[-57.70519,1.731],[-57.65052,1.68244],[-57.55332,1.69251],[-57.51432,1.7231],[-57.49986,1.78887],[-57.43785,1.82689],[-57.43352,1.90605],[-57.36777,1.92379],[-57.36921,1.95645],[-57.30441,1.99754],[-57.23238,1.93685],[-57.19999,1.97874],[-57.08677,2.02652],[-57.06402,1.95604],[-57.01429,1.91497],[-56.9198,1.93044],[-56.7914,1.85253],[-56.72104,1.92589],[-56.67004,1.91331],[-56.62154,1.94596],[-56.57984,1.90596],[-56.45134,1.95623],[-56.39707,1.92337],[-56.33501,1.93718],[-56.24412,1.87816],[-56.17098,1.90056],[-56.1177,1.85106],[-55.95645,1.84518],[-55.90151,1.8968],[-55.93643,1.98655],[-55.90318,2.04116],[-55.96689,2.08851],[-55.99576,2.16126],[-56.05512,2.18473],[-56.04296,2.22787],[-56.13895,2.26583],[-56.0902,2.37237],[-56.05068,2.33507],[-56.02189,2.34256],[-56.04004,2.36636],[-55.98709,2.42042],[-56.01159,2.45291],[-55.97756,2.4897],[-55.98934,2.51775],[-55.93468,2.53354],[-55.7077,2.40321],[-55.60537,2.17063],[-55.615,2.13555],[-55.51235,2.05691],[-55.58358,1.95959],[-55.58571,1.89952],[-55.46189,1.8281],[-55.43801,1.7766],[-55.45723,1.72851],[-55.42748,1.66038],[-55.4699,1.58504],[-55.41326,1.54561],[-55.41342,-1.39984],[-55.17402,-1.67929],[-55.17668,-1.92216],[-55.15255,-1.95257],[-55.17924,-1.96881],[-55.20901,-2.10397],[-55.26301,-2.11848],[-55.0949,-2.16695],[-55.06992,-2.23278],[-55.15351,-2.25957],[-55.29378,-2.21393],[-55.39084,-2.13107],[-55.62164,-2.15831],[-55.62123,-2.19054],[-55.65972,-2.19714],[-55.69226,-2.26232],[-55.81148,-2.33019],[-56.34463,-3.2648],[-56.7024,-3.35749]]]]}},{"type":"Feature","id":"15002","properties":{"code":"15002","name":"SantarãM"},"geometry":{"type":"MultiPolygon","coordinates":[[[[-54.74203,-4.46861],[-54.79675,-4.46371],[-54.87567,-4.34051],[-54.84773,-4.25875],[-54.79245,-4.2232],[-54.81494,-4.14017],[-54.77417,-4.12266],[-54.7852,-4.05165],[-54.74002,-4.02948],[-54.75514,-3.93614],[-54.78645,-3.9334],[-54.74684,-3.88668],[-54.75792,-3.8541],[-54.717,-3.84491],[-54.69512,-3.78958],[-54.82231,-3.77409],[-54.85381,-3.7301],[-54.90559,-3.72581],[-54.91133,-3.78253],[-55.0177,-3.86182],[-55.02379,-3.94809],[-55.02851,-3.92346],[-55.0774,-3.93562],[-55.09323,-3.87267],[-55.15445,-3.85165],[-55.11792,-3.78461],[-55.17423,-3.69675],[-55.15076,-3.67126],[-55.17245,-3.6479],[-55.09595,-3.53177],[-55.12601,-3.4401],[-55.08764,-3.4002],[-55.04734,-3.23378],[-55.14745,-3.24992],[-55.34403,-3.22118],[-56.34463,-3.2648],[-55.81148,-2.33019],[-55.69226,-2.26232],[-55.65972,-2.19714],[-55.62123,-2.19054],[-55.62164,-2.15831],[-55.39084,-2.13107],[-55.29378,-2.21393],[-55.15351,-2.25957],[-55.06992,-2.23278],[-55.0949,-2.16695],[-55.26301,-2.11848],[-55.20901,-2.10397],[-55.17924,-1.96881],[-55.15255,-1.95257],[-55.17668,-1.92216],[-55.17402,-1.67929],[-55.41342,-1.39984],[-55.41363,1.54567],[-55.38731,1.54993],[-55.35582,1.54087],[-55.36679,1.49643],[-55.33361,1.48586],[-55.31847,1.38637],[-55.24698,1.3289],[-55.26557,1.24215],[-55.20348,1.19772],[-55.22336,1.0784],[-55.10245,1.06312],[-55.06569,1.00808],[-55.08893,0.92639],[-55.02128,0.85838],[-55.06705,0.64887],[-54.97769,0.58622],[-55.00742,0.48331],[-54.93653,0.50365],[-54.86876,0.4827],[-54.85935,0.36486],[-54.80207,0.35031],[-54.68992,0.25141],[-54.64072,0.13363],[-54.60217,0.1383],[-54.5308,0.08444],[-54.43233,0.08218],[-54.44464,0.05348],[-54.40436,0.03387],[-54.38711,-0.02788],[-54.39785,-0.06954],[-54.43467,-0.06988],[-54.43309,-0.13494],[-54.37618,-0.18067],[-54.39089,-0.25636],[-54.31911,-0.35768],[-54.34667,-0.4707],[-54.23317,-0.47806],[-54.18333,-0.53509],[-54.17652,-0.5997],[-54.12381,-0.58557],[-54.12975,-0.61796],[-54.02555,-0.62957],[-54.11619,-0.85686],[-54.03502,-0.90171],[-53.95419,-0.9969],[-53.80922,-0.94952],[-53.70047,-0.98576],[-53.63288,-1.18813],[-53.56719,-1.21889],[-53.49521,-1.34179],[-53.48471,-1.43577],[-53.38307,-1.62578],[-53.35854,-1.74926],[-53.11805,-1.78114],[-52.99977,-1.74338],[-52.99393,-1.76205],[-53.03118,-1.78565],[-53.06377,-1.88605],[-53.15739,-1.96843],[-53.21388,-1.99695],[-53.28763,-1.98117],[-53.35963,-2.02545],[-53.27766,-2.08506],[-53.2257,-2.36529],[-53.29383,-2.44961],[-53.38427,-2.50498],[-52.96677,-2.65703],[-53.07613,-2.68824],[-53.14641,-2.66527],[-53.25572,-2.77527],[-53.35803,-2.73733],[-53.52358,-2.77521],[-53.5943,-2.81311],[-53.60838,-2.86515],[-54.10302,-2.88653],[-54.08877,-2.96101],[-54.04605,-2.99877],[-54.049,-3.07875],[-54.10295,-3.13225],[-54.09975,-3.16342],[-54.20234,-3.20375],[-54.25905,-3.2733],[-54.25583,-3.35532],[-54.29825,-3.43186],[-54.25799,-3.44903],[-54.27319,-3.56414],[-54.21917,-3.63223],[-54.26394,-3.66285],[-54.25436,-3.69288],[-54.15264,-3.77746],[-54.16108,-3.83772],[-54.11005,-3.82557],[-54.11019,-3.97396],[-54.15248,-4.01197],[-54.05,-4.07613],[-54.09103,-4.10632],[-54.10006,-4.23192],[-54.13539,-4.22868],[-54.13061,-4.20384],[-54.16189,-4.2058],[-54.19286,-4.16371],[-54.21175,-4.2649],[-54.24375,-4.28494],[-54.22625,-4.30735],[-54.29491,-4.3176],[-54.30476,-4.28052],[-54.36661,-4.26455],[-54.40045,-4.29678],[-54.44828,-4.24469],[-54.48408,-4.2489],[-54.53517,-4.32833],[-54.494,-4.34493],[-54.55244,-4.39563],[-54.67472,-4.31598],[-54.72378,-4.38411],[-54.75033,-4.37659],[-54.74203,-4.46861]]]]}},{"type":"Feature","id":"15003","properties":{"code":"15003","name":"Almeirim"},"geometry":{"type":"MultiPolygon","coordinates":[[[[-52.04385,-2.79251],[-52.27649,-2.83022],[-52.33285,-2.78226],[-52.50129,-2.77367],[-52.55449,-2.72608],[-52.6232,-2.71642],[-52.82946,-2.76209],[-52.98935,-2.68142],[-52.96677,-2.65703],[-53.38427,-2.50498],[-53.29383,-2.44961],[-53.2257,-2.36529],[-53.27766,-2.08506],[-53.35963,-2.02545],[-53.28763,-1.98117],[-53.21388,-1.99695],[-53.15739,-1.96843],[-53.06047,-1.88155],[-52.99977,-1.74338],[-53.11805,-1.78114],[-53.35854,-1.74926],[-53.38307,-1.62578],[-53.48471,-1.43577],[-53.49521,-1.34179],[-53.56719,-1.21889],[-53.63288,-1.18813],[-53.70047,-0.98576],[-53.80922,-0.94952],[-53.9594,-0.99455],[-54.12469,-0.83463],[-54.06916,-0.78016],[-54.02555,-0.62957],[-54.12975,-0.61796],[-54.12381,-0.58557],[-54.17652,-0.5997],[-54.18333,-0.53509],[-54.23317,-0.47806],[-54.34667,-0.4707],[-54.31911,-0.35768],[-54.39089,-0.25636],[-54.37618,-0.18067],[-54.43309,-0.13494],[-54.43467,-0.06988],[-54.39785,-0.06954],[-54.38711,-0.02788],[-54.40436,0.03387],[-54.44464,0.05348],[-54.43233,0.08218],[-54.5308,0.08444],[-54.60217,0.1383],[-54.64072,0.13363],[-54.68992,0.25141],[-54.80207,0.35031],[-54.85935,0.36486],[-54.86876,0.4827],[-54.93653,0.50365],[-55.00742,0.48331],[-54.97769,0.58622],[-55.06705,0.64887],[-55.02128,0.85838],[-55.08893,0.92639],[-55.06569,1.00808],[-55.10245,1.06312],[-55.22336,1.0784],[-55.20348,1.19772],[-55.26557,1.24215],[-55.24342,1.26523],[-55.25031,1.33595],[-55.31847,1.38637],[-55.33361,1.48586],[-55.36679,1.49643],[-55.35582,1.54087],[-55.46439,1.57088],[-55.42748,1.66038],[-55.45723,1.72851],[-55.44749,1.8058],[-55.55784,1.87181],[-55.59206,1.92657],[-55.51235,2.05691],[-55.615,2.13555],[-55.60537,2.17063],[-55.68986,2.3403],[-55.69842,2.42164],[-55.49978,2.44333],[-55.3854,2.41845],[-55.32026,2.51546],[-55.23481,2.50348],[-55.12347,2.56772],[-55.10309,2.52574],[-55.00381,2.59103],[-54.95431,2.58369],[-54.8747,2.41533],[-54.80756,2.34167],[-54.81142,2.26638],[-54.76311,2.20232],[-54.80625,2.13893],[-54.81283,2.06281],[-54.75444,1.9706],[-54.77159,1.9405],[-54.73403,1.83198],[-54.74478,1.7758],[-54.57091,1.78445],[-54.50855,1.74827],[-54.37772,1.76369],[-54.3093,1.74105],[-54.1911,1.62491],[-54.18222,1.65807],[-54.14366,1.64061],[-54.12836,1.59131],[-54.102,1.59063],[-54.11753,1.55817],[-54.08647,1.4883],[-54.00905,1.51966],[-53.99747,1.47577],[-53.92876,1.46918],[-53.9383,1.43546],[-53.896,1.45513],[-53.88563,1.40246],[-53.85034,1.39184],[-53.80705,1.3918],[-53.80399,1.42352],[-53.73233,1.38629],[-53.71719,1.43176],[-53.6958,1.41814],[-53.71146,1.38396],[-53.67055,1.37199],[-53.64683,1.40762],[-53.65097,1.33622],[-53.59522,1.35815],[-53.53855,1.34086],[-53.56263,1.30658],[-53.52333,1.26134],[-53.53899,1.21243],[-53.42652,1.24272],[-53.39988,1.15841],[-53.45955,1.12753],[-53.41149,0.92934],[-53.1063,0.68398],[-53.15349,0.57646],[-53.17405,0.3743],[-53.09488,0.26221],[-53.09429,0.19531],[-52.97729,0.0238],[-52.93274,-0.14231],[-52.85154,-0.15016],[-52.68882,-0.30414],[-52.67915,-0.42367],[-52.70268,-0.45923],[-52.66776,-0.54414],[-52.62919,-0.59385],[-52.52502,-0.58534],[-52.49715,-0.72295],[-52.54384,-0.85154],[-52.45552,-0.83027],[-52.40316,-0.87715],[-52.43954,-0.93475],[-52.42704,-1.05079],[-52.35816,-1.06258],[-52.33299,-1.11589],[-52.12026,-1.1462],[-52.10987,-1.21812],[-52.07046,-1.23598],[-52.04706,-1.21931],[-52.05506,-1.17695],[-51.99112,-1.17182],[-51.98533,-1.12145],[-51.95588,-1.16967],[-51.92596,-1.13232],[-51.88729,-1.1664],[-51.7784,-1.14041],[-51.7907,-1.19861],[-51.86265,-1.24228],[-51.90443,-1.34554],[-51.98756,-1.43267],[-52.25187,-1.50406],[-52.19982,-1.60423],[-51.95673,-1.59175],[-51.99004,-1.74298],[-51.96618,-1.87596],[-51.87437,-1.93734],[-51.93963,-2.10774],[-51.93962,-2.25709],[-51.92054,-2.33155],[-51.86224,-2.3731],[-51.88177,-2.43265],[-51.84823,-2.52435],[-51.86732,-2.55203],[-51.91974,-2.49317],[-51.9574,-2.5221],[-52.05493,-2.68624],[-52.04385,-2.79251]]]]}},{"type":"Feature","id":"15004","properties":{"code":"15004","name":"Portel"},"geometry":{"type":"MultiPolygon","coordinates":[[[[-49.90858,-3.32567],[-50.00641,-3.33159],[-50.11317,-3.26961],[-50.1567,-3.30046],[-50.22939,-3.23385],[-50.36292,-3.38443],[-50.48428,-3.40589],[-50.48592,-3.45833],[-50.80895,-3.49504],[-50.84681,-3.29616],[-50.9362,-3.23118],[-50.97273,-3.12465],[-51.07731,-3.10511],[-51.11428,-3.13647],[-51.15422,-3.11128],[-51.19776,-3.06855],[-51.15136,-3.02224],[-51.39804,-2.88907],[-51.44417,-2.77131],[-51.53303,-2.74424],[-51.68493,-2.77957],[-51.75802,-2.83262],[-51.85662,-2.5912],[-51.84838,-2.50841],[-51.88177,-2.43265],[-51.86224,-2.3731],[-51.92054,-2.33155],[-51.93962,-2.25709],[-51.93963,-2.10774],[-51.87428,-1.94074],[-51.96618,-1.87596],[-51.99004,-1.74298],[-51.95673,-1.59175],[-52.19982,-1.60423],[-52.25187,-1.50406],[-51.99112,-1.4351],[-51.90968,-1.35297],[-51.88732,-1.27222],[-51.7907,-1.19861],[-51.77937,-1.13759],[-51.68819,-1.03925],[-51.6792,-0.78525],[-51.59554,-0.65044],[-51.43248,-0.47334],[-51.15464,-0.41689],[-51.18081,-0.52371],[-51.09892,-0.56125],[-51.12357,-0.63887],[-51.09446,-0.66156],[-51.1502,-0.68265],[-51.18937,-0.74097],[-51.17039,-0.92907],[-51.21687,-1.10799],[-51.13336,-1.1708],[-50.95928,-1.11584],[-50.84895,-1.17667],[-50.80051,-1.2531],[-50.89268,-1.37884],[-50.87431,-1.44871],[-50.79756,-1.43217],[-50.73126,-1.55903],[-50.53257,-1.74704],[-50.35081,-1.80449],[-50.21294,-1.80768],[-50.17953,-1.83118],[-50.1315,-1.815],[-50.05669,-1.90861],[-50.07872,-2.01936],[-50.05672,-2.09532],[-50.11616,-2.1437],[-50.07928,-2.24862],[-50.10953,-2.41062],[-50.05414,-2.51626],[-49.97672,-2.52825],[-49.94222,-2.75955],[-49.84861,-2.86253],[-49.84758,-2.93103],[-49.9075,-3.00677],[-49.91003,-3.0913],[-49.97447,-3.15544],[-49.90858,-3.32567]]]]}},{"type":"Feature","id":"15005","properties":{"code":"15005","name":"Furos De Breves"},"geometry":{"type":"MultiPolygon","coordinates":[[[[-49.41941,-1.72272],[-49.53972,-1.7801],[-49.61824,-1.76305],[-49.71819,-1.8356],[-49.75169,-1.81488],[-49.86788,-1.83039],[-49.99158,-1.7831],[-50.18503,-1.83056],[-50.45511,-1.78488],[-50.57634,-1.71884],[-50.60775,-1.65845],[-50.73126,-1.55903],[-50.79756,-1.43217],[-50.87603,-1.44628],[-50.89644,-1.39022],[-50.80464,-1.27411],[-50.817,-1.20102],[-50.94401,-1.11761],[-51.01101,-1.11758],[-51.13336,-1.1708],[-51.21687,-1.10799],[-51.17039,-0.92907],[-51.18937,-0.74097],[-51.1502,-0.68265],[-51.09446,-0.66156],[-51.12357,-0.63887],[-51.09892,-0.56125],[-51.18081,-0.52371],[-51.15464,-0.41689],[-51.43248,-0.47334],[-51.33901,-0.28458],[-51.21636,-0.11861],[-51.07593,-0.08373],[-50.95947,0.05386],[-50.74351,0.13049],[-50.59967,0.24936],[-50.43288,0.14956],[-50.29867,-0.10159],[-50.19598,-0.21352],[-50.10722,-0.47086],[-49.96525,-0.49346],[-49.80902,-0.60352],[-49.66058,-0.55375],[-49.50047,-0.64948],[-49.4788,-0.6866],[-49.54405,-0.87598],[-49.51784,-0.96002],[-49.54869,-1.00954],[-49.50149,-1.01195],[-49.46689,-1.05275],[-49.50621,-1.06867],[-49.52477,-1.18382],[-49.59016,-1.33228],[-49.62339,-1.34625],[-49.50153,-1.40188],[-49.52333,-1.47386],[-49.49678,-1.50036],[-49.50136,-1.61068],[-49.41941,-1.72272]]]]}},{"type":"Feature","id":"15006","properties":{"code":"15006","name":"Arari"},"geometry":{"type":"MultiPolygon","coordinates":[[[[-49.17169,-1.71612],[-49.41585,-1.71887],[-49.50136,-1.61068],[-49.49678,-1.50036],[-49.52333,-1.47386],[-49.50153,-1.40188],[-49.62339,-1.34625],[-49.59016,-1.33228],[-49.52477,-1.18382],[-49.50621,-1.06867],[-49.46689,-1.05275],[-49.50149,-1.01195],[-49.54869,-1.00954],[-49.51784,-0.96002],[-49.54405,-0.87598],[-49.47965,-0.67635],[-49.65227,-0.55624],[-49.80902,-0.60352],[-49.96525,-0.49346],[-50.10722,-0.47086],[-50.19598,-0.21352],[-50.29867,-0.10159],[-50.43288,0.14956],[-50.59747,0.24402],[-50.43943,0.59527],[-50.34724,0.66684],[-50.09391,0.70209],[-50.03641,0.5407],[-50.06125,0.33843],[-49.91033,0.31056],[-49.76316,0.34907],[-49.73944,0.32238],[-49.74216,0.34952],[-49.67763,0.36597],[-49.61572,0.31305],[-49.4756,0.07897],[-49.39105,0.04587],[-49.39696,0.01575],[-49.00821,-0.1604],[-48.93071,-0.22592],[-48.79285,-0.22],[-48.70285,-0.25712],[-48.47271,-0.23183],[-48.40865,-0.25904],[-48.39049,-0.36327],[-48.4726,-0.49907],[-48.23609,-0.58173],[-48.26076,-0.67342],[-48.44196,-0.98838],[-48.63871,-1.21215],[-48.76841,-1.46584],[-48.84185,-1.52382],[-49.01257,-1.57323],[-49.17169,-1.71612]]]]}},{"type":"Feature","id":"15007","properties":{"code":"15007","name":"BelãM"},"geometry":{"type":"MultiPolygon","coordinates":[[[[-48.8103,-1.60468],[-48.83741,-1.52144],[-48.76841,-1.46584],[-48.62441,-1.19217],[-48.46948,-1.01943],[-48.32376,-1.05966],[-48.30182,-1.10635],[-48.2371,-1.08951],[-48.2166,-1.1445],[-48.15246,-1.16661],[-48.13749,-1.19993],[-48.20318,-1.23653],[-48.26223,-1.46895],[-48.35112,-1.46956],[-48.46068,-1.52235],[-48.49976,-1.50479],[-48.44149,-1.65583],[-48.52279,-1.67551],[-48.53041,-1.69932],[-48.66029,-1.69231],[-48.70212,-1.68067],[-48.7468,-1.60973],[-48.8103,-1.60468]]]]}},{"type":"Feature","id":"15008","properties":{"code":"15008","name":"Castanhal"},"geometry":{"type":"MultiPolygon","coordinates":[[[[-47.88942,-1.76974],[-47.89077,-1.68086],[-47.94604,-1.66708],[-48.00611,-1.76756],[-48.08106,-1.81547],[-48.0751,-1.84132],[-48.1271,-1.77771],[-48.17448,-1.77428],[-48.19477,-1.69806],[-48.23273,-1.68451],[-48.23115,-1.63118],[-48.29123,-1.56965],[-48.27557,-1.54133],[-48.29968,-1.49162],[-48.23249,-1.42377],[-48.20318,-1.23653],[-48.13749,-1.19993],[-48.15502,-1.16344],[-48.22682,-1.13437],[-48.2371,-1.08951],[-48.30182,-1.10635],[-48.32376,-1.05966],[-48.46948,-1.01943],[-48.4393,-0.98248],[-48.30718,-1.01907],[-48.21383,-1.00685],[-48.14485,-1.0341],[-48.11154,-1.01545],[-48.02148,-1.13381],[-47.95095,-1.04115],[-47.81101,-1.06565],[-47.83854,-1.13168],[-47.80807,-1.20791],[-47.84548,-1.28664],[-47.63844,-1.37477],[-47.64051,-1.39451],[-47.6961,-1.48934],[-47.74793,-1.48101],[-47.76001,-1.45259],[-47.94957,-1.57013],[-47.89153,-1.57596],[-47.8577,-1.62927],[-47.88942,-1.76974]]]]}},{"type":"Feature","id":"15009","properties":{"code":"15009","name":"Salgado"},"geometry":{"type":"MultiPolygon","coordinates":[[[[-47.84073,-0.66908],[-47.84356,-0.66247],[-47.83857,-0.6555],[-47.83176,-0.65929],[-47.83695,-0.66158],[-47.84073,-0.66908]]],[[[-48.4393,-0.98248],[-48.26076,-0.67342],[-48.23609,-0.58173],[-48.00042,-0.66429],[-47.98643,-0.70586],[-47.96223,-0.63668],[-47.90257,-0.6026],[-47.8976,-0.5528],[-47.8421,-0.58665],[-47.8712,-0.67745],[-47.84098,-0.68022],[-47.8086,-0.55286],[-47.78718,-0.56127],[-47.79921,-0.58916],[-47.76812,-0.58529],[-47.76648,-0.63825],[-47.76374,-0.56547],[-47.70392,-0.53525],[-47.68355,-0.58916],[-47.63651,-0.60371],[-47.62646,-0.7014],[-47.58293,-0.64656],[-47.57945,-0.58135],[-47.52545,-0.62564],[-47.4192,-0.59203],[-47.42912,-0.65382],[-47.40306,-0.65819],[-47.36675,-0.62598],[-47.3788,-0.60132],[-47.28286,-0.59564],[-47.29238,-0.64271],[-47.27486,-0.62632],[-47.25893,-0.65133],[-47.26072,-0.61911],[-47.20204,-0.64947],[-47.24426,-0.70751],[-47.15876,-0.66999],[-47.16771,-0.77417],[-47.14131,-0.68774],[-47.0887,-0.66264],[-47.0667,-0.77651],[-47.04992,-0.71152],[-47.06083,-0.80439],[-47.11859,-0.89392],[-47.2712,-0.92449],[-47.29415,-0.8429],[-47.35837,-0.8553],[-47.39648,-0.82649],[-47.37929,-0.86411],[-47.42501,-0.89973],[-47.39429,-0.9621],[-47.6104,-1.03151],[-47.6199,-1.06635],[-47.72201,-1.04117],[-47.85365,-1.06473],[-47.94306,-1.03879],[-48.02148,-1.13381],[-48.11154,-1.01545],[-48.14485,-1.0341],[-48.21383,-1.00685],[-48.30718,-1.01907],[-48.4393,-0.98248]]]]}},{"type":"Feature","id":"15010","properties":{"code":"15010","name":"Bragantina"},"geometry":{"type":"MultiPolygon","coordinates":[[[[-46.45095,-1.00943],[-46.44312,-1.00461],[-46.43539,-1.00366],[-46.43614,-1.00968],[-46.44647,-1.01036],[-46.45095,-1.00943]]],[[[-46.37456,-0.98755],[-46.37591,-1.00066],[-46.38125,-1.01333],[-46.38481,-1.00034],[-46.379,-0.99118],[-46.37456,-0.98755]]],[[[-46.47542,-0.96455],[-46.46925,-0.95805],[-46.46547,-0.95986],[-46.46842,-0.96431],[-46.47542,-0.96455]]],[[[-46.36652,-0.95041],[-46.36097,-0.9523],[-46.36626,-0.95667],[-46.36247,-0.96042],[-46.36705,-0.96172],[-46.36652,-0.95041]]],[[[-46.43747,-0.98657],[-46.42611,-0.95881],[-46.41641,-0.93257],[-46.39989,-0.94712],[-46.41222,-0.97094],[-46.43747,-0.98657]]],[[[-46.60007,-0.85094],[-46.5996,-0.85917],[-46.6041,-0.86094],[-46.60678,-0.85715],[-46.60007,-0.85094]]],[[[-46.61358,-0.82267],[-46.59957,-0.82246],[-46.60371,-0.83285],[-46.60889,-0.83266],[-46.61358,-0.82267]]],[[[-46.93927,-0.79992],[-46.94565,-0.79916],[-46.94482,-0.7857],[-46.93527,-0.79026],[-46.93796,-0.79879],[-46.93927,-0.79992]]],[[[-47.04465,-0.71967],[-47.04067,-0.71984],[-47.03751,-0.71698],[-47.03517,-0.72071],[-47.04339,-0.72235],[-47.04465,-0.71967]]],[[[-47.01725,-0.71349],[-47.0192,-0.7179],[-47.0222,-0.71579],[-47.01725,-0.71349]]],[[[-47.84548,-1.28664],[-47.80807,-1.20791],[-47.83854,-1.13168],[-47.81101,-1.06565],[-47.72201,-1.04117],[-47.6199,-1.06635],[-47.6104,-1.03151],[-47.41895,-0.98035],[-47.39406,-0.95783],[-47.42501,-0.89973],[-47.37929,-0.86411],[-47.39648,-0.82649],[-47.35837,-0.8553],[-47.29415,-0.8429],[-47.2712,-0.92449],[-47.12536,-0.89746],[-47.05093,-0.79365],[-47.02842,-0.80285],[-47.04481,-0.73348],[-46.98223,-0.70534],[-46.94967,-0.73908],[-46.98003,-0.77737],[-46.94703,-0.79487],[-46.93258,-0.84633],[-46.95232,-0.86404],[-46.84297,-0.72263],[-46.81463,-0.74791],[-46.79423,-0.89792],[-46.79437,-0.84506],[-46.74703,-0.8286],[-46.74631,-0.92041],[-46.72161,-0.82708],[-46.67406,-0.86162],[-46.68572,-0.80683],[-46.63811,-0.78827],[-46.60678,-0.85137],[-46.6452,-0.86883],[-46.63237,-0.92073],[-46.68373,-0.95224],[-46.67534,-0.97623],[-46.60178,-0.95133],[-46.58595,-0.9771],[-46.55103,-0.90394],[-46.53716,-0.97763],[-46.511,-0.88426],[-46.4668,-0.89515],[-46.427,-0.85791],[-46.42327,-0.89149],[-46.4605,-0.90337],[-46.50028,-0.97337],[-46.46437,-0.97608],[-46.48186,-1.04125],[-46.42711,-1.01386],[-46.42875,-1.06539],[-46.40875,-1.0619],[-46.42414,-1.00636],[-46.39045,-0.98714],[-46.37536,-1.0523],[-46.35786,-0.99853],[-46.33678,-1.01578],[-46.38502,-1.21218],[-46.87521,-1.58032],[-46.84484,-1.4678],[-46.91269,-1.42214],[-46.94129,-1.29424],[-47.01722,-1.33123],[-47.08094,-1.29628],[-47.13274,-1.31168],[-47.32452,-1.56431],[-47.3423,-1.5374],[-47.28588,-1.48618],[-47.34271,-1.50455],[-47.36259,-1.46324],[-47.41862,-1.49539],[-47.65307,-1.43113],[-47.63844,-1.37477],[-47.84548,-1.28664]]],[[[-47.00545,-0.70068],[-47.01956,-0.70407],[-47.03392,-0.70828],[-47.03056,-0.69305],[-47.01409,-0.69482],[-47.00545,-0.70068]]]]}},{"type":"Feature","id":"15011","properties":{"code":"15011","name":"Cametã"},"geometry":{"type":"MultiPolygon","coordinates":[[[[-49.95414,-3.67355],[-49.92908,-3.61749],[-49.80591,-3.53308],[-49.83447,-3.40411],[-49.90725,-3.36182],[-49.93066,-3.22823],[-49.97316,-3.19141],[-49.96941,-3.14023],[-49.91003,-3.0913],[-49.9075,-3.00677],[-49.84758,-2.93103],[-49.84861,-2.86253],[-49.94222,-2.75955],[-49.97672,-2.52825],[-50.05414,-2.51626],[-50.10953,-2.41062],[-50.07928,-2.24862],[-50.11616,-2.1437],[-50.05672,-2.09532],[-50.07872,-2.01936],[-50.05497,-1.91523],[-50.1315,-1.815],[-49.99158,-1.7831],[-49.86788,-1.83039],[-49.75169,-1.81488],[-49.71819,-1.8356],[-49.60778,-1.7604],[-49.53972,-1.7801],[-49.3226,-1.70374],[-49.17169,-1.71612],[-49.01257,-1.57323],[-48.83741,-1.52144],[-48.81289,-1.60201],[-48.7468,-1.60973],[-48.70212,-1.68067],[-48.53041,-1.69932],[-48.90577,-1.95658],[-48.8746,-1.99525],[-48.96318,-2.06196],[-48.95613,-2.15189],[-49.09068,-2.24098],[-49.15771,-2.36662],[-49.23189,-2.41335],[-49.2025,-2.48281],[-49.26549,-2.52803],[-49.31127,-2.66842],[-49.34722,-2.64214],[-49.35969,-2.67597],[-49.38651,-2.66397],[-49.39953,-2.71501],[-49.46518,-2.7397],[-49.45366,-2.89144],[-49.62158,-2.99716],[-49.61625,-3.08873],[-49.52555,-3.171],[-49.52328,-3.26043],[-49.46044,-3.36768],[-49.47255,-3.41525],[-49.60091,-3.41598],[-49.59866,-3.5162],[-49.6573,-3.52926],[-49.6745,-3.58572],[-49.95414,-3.67355]]]]}},{"type":"Feature","id":"15012","properties":{"code":"15012","name":"Tomã-AãU"},"geometry":{"type":"MultiPolygon","coordinates":[[[[-49.47255,-3.41525],[-49.46044,-3.36768],[-49.52328,-3.26043],[-49.52555,-3.171],[-49.61625,-3.08873],[-49.62347,-3.00087],[-49.56253,-2.93947],[-49.45366,-2.89144],[-49.46518,-2.7397],[-49.39953,-2.71501],[-49.38651,-2.66397],[-49.35969,-2.67597],[-49.34722,-2.64214],[-49.31127,-2.66842],[-49.26549,-2.52803],[-49.2025,-2.48281],[-49.23189,-2.41335],[-49.15771,-2.36662],[-49.09068,-2.24098],[-48.95613,-2.15189],[-48.96318,-2.06196],[-48.8746,-1.99525],[-48.90577,-1.95658],[-48.52715,-1.67817],[-48.43904,-1.6531],[-48.49976,-1.50479],[-48.46068,-1.52235],[-48.35499,-1.47068],[-48.29302,-1.47054],[-48.29123,-1.56965],[-48.23115,-1.63118],[-48.2299,-1.69094],[-48.19732,-1.69499],[-48.17448,-1.77428],[-48.1271,-1.77771],[-48.08115,-1.83991],[-47.95587,-1.67331],[-47.89633,-1.67484],[-47.89534,-1.78526],[-47.87262,-1.79295],[-47.91158,-1.96239],[-47.88959,-1.9829],[-47.98118,-2.0703],[-47.99552,-2.15579],[-47.96445,-2.22094],[-47.99715,-2.22686],[-47.98607,-2.25373],[-48.05531,-2.35999],[-48.02176,-2.40502],[-48.04937,-2.428],[-48.03054,-2.44362],[-48.04793,-2.49672],[-48.00451,-2.52054],[-47.93248,-2.49583],[-47.92707,-2.52977],[-48.04611,-2.64366],[-48.03515,-2.69899],[-48.09103,-2.89986],[-48.12868,-2.94729],[-48.19345,-2.95642],[-48.25641,-3.12082],[-48.303,-3.09932],[-48.33237,-3.19753],[-48.39905,-3.21733],[-48.40991,-3.19782],[-48.44835,-3.23765],[-48.53962,-3.1935],[-48.6388,-3.23147],[-48.75703,-3.34352],[-48.83899,-3.38698],[-48.89448,-3.37558],[-48.92561,-3.41294],[-49.47255,-3.41525]]]]}},{"type":"Feature","id":"15013","properties":{"code":"15013","name":"Guamã"},"geometry":{"type":"MultiPolygon","coordinates":[[[[-46.08833,-1.06129],[-46.07549,-1.06719],[-46.06666,-1.10519],[-46.08688,-1.07866],[-46.08833,-1.06129]]],[[[-46.32316,-0.95732],[-46.3271,-0.95062],[-46.31696,-0.94646],[-46.31917,-0.94931],[-46.3187,-0.95421],[-46.32316,-0.95732]]],[[[-46.2041,-0.93345],[-46.19764,-0.93937],[-46.20033,-0.94222],[-46.20302,-0.94508],[-46.20846,-0.93862],[-46.2041,-0.93345]]],[[[-46.26619,-0.93321],[-46.26753,-0.93683],[-46.27056,-0.93383],[-46.26619,-0.93321]]],[[[-49.02906,-3.54714],[-49.0248,-3.51117],[-48.89448,-3.37558],[-48.81953,-3.38007],[-48.6388,-3.23147],[-48.53962,-3.1935],[-48.44835,-3.23765],[-48.40991,-3.19782],[-48.39905,-3.21733],[-48.33237,-3.19753],[-48.30534,-3.10079],[-48.25311,-3.11683],[-48.19345,-2.95642],[-48.12868,-2.94729],[-48.09526,-2.90881],[-48.03515,-2.69899],[-48.04611,-2.64366],[-47.92599,-2.52052],[-47.93248,-2.49583],[-48.00451,-2.52054],[-48.04793,-2.49672],[-48.03054,-2.44362],[-48.04937,-2.428],[-48.02176,-2.40502],[-48.05531,-2.35999],[-47.98607,-2.25373],[-47.99715,-2.22686],[-47.96445,-2.22094],[-47.99552,-2.15579],[-47.98118,-2.0703],[-47.88959,-1.9829],[-47.91163,-1.95977],[-47.8577,-1.62927],[-47.89153,-1.57596],[-47.94957,-1.57013],[-47.76001,-1.45259],[-47.74793,-1.48101],[-47.6961,-1.48934],[-47.65307,-1.43113],[-47.41862,-1.49539],[-47.36259,-1.46324],[-47.33959,-1.50477],[-47.30834,-1.47594],[-47.28588,-1.48618],[-47.3423,-1.5374],[-47.32452,-1.56431],[-47.13274,-1.31168],[-47.08094,-1.29628],[-47.01722,-1.33123],[-46.94129,-1.29424],[-46.91269,-1.42214],[-46.84484,-1.4678],[-46.87521,-1.58032],[-46.38502,-1.21218],[-46.34316,-1.07441],[-46.30369,-1.07967],[-46.33341,-1.06919],[-46.3173,-1.01434],[-46.28381,-1.04792],[-46.30728,-1.00942],[-46.26772,-0.99615],[-46.28708,-0.98267],[-46.24339,-0.9285],[-46.26508,-0.91782],[-46.20466,-0.88635],[-46.18563,-0.9035],[-46.22058,-0.95203],[-46.20381,-0.96863],[-46.25245,-0.9977],[-46.21506,-0.97968],[-46.20675,-1.0513],[-46.27202,-1.17254],[-46.1747,-0.99359],[-46.15611,-1.0497],[-46.20539,-1.13157],[-46.17272,-1.15546],[-46.16578,-1.08345],[-46.14886,-1.13522],[-46.14759,-1.06766],[-46.07294,-1.01856],[-46.10072,-1.07096],[-46.07275,-1.1077],[-46.09817,-1.19606],[-46.1412,-1.21664],[-46.15393,-1.2695],[-46.09527,-1.32712],[-46.16954,-1.47035],[-46.13054,-1.57413],[-46.16175,-1.62884],[-46.15206,-1.6736],[-46.2163,-1.7273],[-46.3051,-1.72773],[-46.32398,-1.76554],[-46.31113,-1.80388],[-46.25176,-1.7941],[-46.20862,-1.83089],[-46.24286,-1.87548],[-46.22045,-1.91481],[-46.26297,-2.12145],[-46.37783,-2.25349],[-46.42821,-2.23973],[-46.41407,-2.28042],[-46.46591,-2.36936],[-46.40752,-2.36868],[-46.44091,-2.41477],[-46.43433,-2.46885],[-46.5215,-2.50762],[-46.73106,-2.41662],[-46.90925,-2.42227],[-47.02717,-2.49711],[-47.05728,-2.61884],[-47.41129,-2.89642],[-47.63087,-2.79722],[-47.68515,-2.73369],[-47.67394,-2.66298],[-47.70593,-2.57775],[-47.76467,-2.52263],[-47.75792,-2.54233],[-47.80226,-2.55735],[-47.79059,-2.59366],[-47.82726,-2.58564],[-47.82809,-2.62218],[-47.8714,-2.61179],[-47.90716,-2.73763],[-47.88001,-2.77912],[-47.84104,-2.77964],[-47.86443,-2.84784],[-47.79512,-2.85009],[-47.77543,-2.91323],[-47.81601,-2.94363],[-47.78803,-2.9714],[-47.82101,-2.96763],[-47.8494,-3.01013],[-47.87757,-2.99961],[-47.87458,-3.02939],[-47.90979,-3.007],[-47.91777,-3.07066],[-47.98654,-3.06977],[-48.0219,-3.10104],[-48.00676,-3.12296],[-48.05568,-3.10529],[-48.09863,-3.15087],[-48.07604,-3.19258],[-48.10191,-3.18212],[-48.11218,-3.2089],[-48.13759,-3.18906],[-48.16796,-3.20679],[-48.16121,-3.23957],[-48.22487,-3.19399],[-48.23126,-3.23512],[-48.25129,-3.20815],[-48.30468,-3.25055],[-48.31579,-3.22433],[-48.3599,-3.25068],[-48.37173,-3.22502],[-48.40515,-3.27996],[-48.41437,-3.25424],[-48.46277,-3.27703],[-48.49691,-3.25783],[-48.57623,-3.2917],[-48.56624,-3.3266],[-48.58159,-3.30512],[-48.61009,-3.33499],[-48.62562,-3.30779],[-48.62302,-3.35702],[-48.69973,-3.33504],[-48.6868,-3.38429],[-48.73027,-3.37845],[-48.81604,-3.43959],[-48.81794,-3.46873],[-48.84946,-3.46005],[-48.83091,-3.48804],[-48.84669,-3.53772],[-48.8726,-3.54073],[-48.85633,-3.5687],[-49.02906,-3.54714]]]]}},{"type":"Feature","id":"15014","properties":{"code":"15014","name":"Itaituba"},"geometry":{"type":"MultiPolygon","coordinates":[[[[-54.61345,-9.53583],[-56.67188,-9.3674],[-56.76111,-9.405],[-56.82011,-9.24634],[-56.99555,-9.23384],[-57.05717,-9.18593],[-57.03924,-9.09829],[-57.195,-8.92751],[-57.38438,-8.87956],[-57.41991,-8.85304],[-57.42758,-8.78324],[-57.53039,-8.74817],[-57.59294,-8.75648],[-57.62225,-8.59119],[-57.64864,-8.57637],[-57.63413,-8.51891],[-57.68694,-8.41625],[-57.64561,-8.20629],[-57.71514,-8.15795],[-57.72844,-8.09422],[-57.82883,-7.9729],[-57.89895,-7.67189],[-57.93956,-7.65313],[-57.97258,-7.53459],[-58.06136,-7.39519],[-58.17001,-7.31322],[-58.181,-7.18174],[-58.33542,-6.98637],[-58.43456,-6.90881],[-58.46289,-6.83728],[-58.46894,-6.67763],[-58.34989,-6.5624],[-58.32706,-6.50037],[-58.26255,-6.46892],[-56.76789,-3.24289],[-56.7024,-3.35749],[-56.34463,-3.2648],[-55.34403,-3.22118],[-55.14745,-3.24992],[-55.05095,-3.23257],[-55.03778,-3.25837],[-55.0877,-3.32903],[-55.08764,-3.4002],[-55.12601,-3.4401],[-55.09595,-3.53177],[-55.17245,-3.6479],[-55.15076,-3.67126],[-55.17423,-3.69675],[-55.11792,-3.78461],[-55.15111,-3.81141],[-55.14864,-3.86317],[-55.09323,-3.87267],[-55.08062,-3.9328],[-55.02851,-3.92346],[-55.02379,-3.94809],[-55.0177,-3.86182],[-54.91133,-3.78253],[-54.90559,-3.72581],[-54.85381,-3.7301],[-54.82231,-3.77409],[-54.69512,-3.78958],[-54.717,-3.84491],[-54.75792,-3.8541],[-54.74684,-3.88668],[-54.78645,-3.9334],[-54.75514,-3.93614],[-54.74081,-4.03754],[-54.78678,-4.05458],[-54.77417,-4.12266],[-54.81292,-4.13724],[-54.81845,-4.17814],[-54.79245,-4.2232],[-54.84773,-4.25875],[-54.87567,-4.34051],[-54.83778,-4.40188],[-54.85592,-4.44003],[-54.92984,-4.45655],[-54.91723,-4.52915],[-54.95859,-4.58397],[-55.13236,-4.60198],[-55.15526,-4.6417],[-55.29103,-4.67812],[-55.33842,-4.63025],[-55.3829,-4.65362],[-55.42718,-4.61569],[-55.49779,-4.62039],[-55.46554,-4.6938],[-55.52912,-4.79707],[-55.44284,-4.84472],[-55.43882,-4.91889],[-55.35148,-5.04668],[-55.38632,-5.07342],[-55.38681,-5.11567],[-55.45485,-5.14919],[-55.45023,-5.17795],[-55.59346,-5.19616],[-55.57395,-5.23212],[-55.62387,-5.2523],[-55.59959,-5.29542],[-55.50345,-5.29768],[-55.48951,-5.37134],[-55.40826,-5.43112],[-55.38626,-5.42629],[-55.3904,-5.38855],[-55.34589,-5.38464],[-55.27495,-5.50043],[-55.28282,-5.60497],[-55.21339,-5.69699],[-55.20685,-5.75957],[-55.0897,-5.82509],[-55.07576,-5.88635],[-55.02359,-5.93061],[-55.04753,-6.02237],[-55.13324,-6.03923],[-55.16412,-6.09504],[-55.26435,-6.07767],[-55.29279,-6.01864],[-55.33901,-6.09645],[-55.29365,-6.15739],[-55.3377,-6.20916],[-55.33528,-6.24919],[-55.24256,-6.35545],[-55.25534,-6.45189],[-55.19198,-6.54852],[-55.16735,-6.68535],[-55.22064,-6.84764],[-55.19388,-6.89108],[-55.25176,-6.97911],[-55.22306,-7.04404],[-55.24939,-7.09547],[-55.2452,-7.21845],[-55.19793,-7.24999],[-55.21037,-7.39828],[-55.14815,-7.44794],[-55.1759,-7.45779],[-55.06467,-7.52582],[-55.06965,-7.63375],[-55.08812,-7.62426],[-55.11214,-7.69534],[-55.01532,-7.752],[-55.00698,-7.81724],[-55.08762,-7.87707],[-55.06915,-7.95486],[-55.13499,-7.98645],[-55.14579,-8.11156],[-55.21126,-8.13965],[-55.238,-8.23695],[-55.2001,-8.2829],[-55.20801,-8.47496],[-55.15976,-8.59802],[-55.18371,-8.61729],[-55.08273,-8.69298],[-55.06596,-8.74764],[-55.11886,-8.77318],[-55.17682,-8.70132],[-55.20843,-8.7323],[-55.25479,-8.69239],[-55.2709,-8.73779],[-55.23551,-8.78118],[-55.2419,-8.82689],[-55.21943,-8.84862],[-55.18046,-8.83625],[-55.17189,-8.96985],[-55.11849,-8.98673],[-55.11157,-9.03807],[-55.03565,-9.02547],[-54.97176,-9.07246],[-54.90347,-9.0545],[-54.89256,-9.0949],[-54.86693,-9.0636],[-54.67356,-9.16011],[-54.70979,-9.20676],[-54.69742,-9.22562],[-54.73665,-9.23391],[-54.72634,-9.25559],[-54.77629,-9.2956],[-54.73229,-9.31649],[-54.68401,-9.40495],[-54.68134,-9.47153],[-54.61345,-9.53583]]]]}},{"type":"Feature","id":"15015","properties":{"code":"15015","name":"Altamira"},"geometry":{"type":"MultiPolygon","coordinates":[[[[-54.61345,-9.53583],[-54.68134,-9.47153],[-54.68401,-9.40495],[-54.73229,-9.31649],[-54.77629,-9.2956],[-54.72634,-9.25559],[-54.73665,-9.23391],[-54.69742,-9.22562],[-54.70979,-9.20676],[-54.67356,-9.16011],[-54.86693,-9.0636],[-54.89256,-9.0949],[-54.90347,-9.0545],[-54.97176,-9.07246],[-55.03565,-9.02547],[-55.11157,-9.03807],[-55.11849,-8.98673],[-55.17189,-8.96985],[-55.18046,-8.83625],[-55.21943,-8.84862],[-55.2419,-8.82689],[-55.23551,-8.78118],[-55.2709,-8.73779],[-55.25479,-8.69239],[-55.20843,-8.7323],[-55.17682,-8.70132],[-55.11886,-8.77318],[-55.06596,-8.74764],[-55.08273,-8.69298],[-55.18371,-8.61729],[-55.15976,-8.59802],[-55.20801,-8.47496],[-55.2001,-8.2829],[-55.238,-8.23695],[-55.21126,-8.13965],[-55.14579,-8.11156],[-55.13499,-7.98645],[-55.06915,-7.95486],[-55.08762,-7.87707],[-55.00698,-7.81724],[-55.01532,-7.752],[-55.11214,-7.69534],[-55.08812,-7.62426],[-55.06965,-7.63375],[-55.06467,-7.52582],[-55.1759,-7.45779],[-55.14815,-7.44794],[-55.21037,-7.39828],[-55.19793,-7.24999],[-55.2452,-7.21845],[-55.24939,-7.09547],[-55.22306,-7.04404],[-55.25176,-6.97911],[-55.19388,-6.89108],[-55.22064,-6.84764],[-55.16735,-6.68535],[-55.19198,-6.54852],[-55.25534,-6.45189],[-55.24256,-6.35545],[-55.33528,-6.24919],[-55.3377,-6.20916],[-55.29365,-6.15739],[-55.33901,-6.09645],[-55.29279,-6.01864],[-55.26435,-6.07767],[-55.16412,-6.09504],[-55.13324,-6.03923],[-55.04753,-6.02237],[-55.02359,-5.93061],[-55.07576,-5.88635],[-55.0897,-5.82509],[-55.20685,-5.75957],[-55.21339,-5.69699],[-55.28282,-5.60497],[-55.27495,-5.50043],[-55.34589,-5.38464],[-55.3904,-5.38855],[-55.38626,-5.42629],[-55.40826,-5.43112],[-55.48951,-5.37134],[-55.50345,-5.29768],[-55.59959,-5.29542],[-55.61963,-5.26428],[-55.61376,-5.23185],[-55.57395,-5.23212],[-55.59346,-5.19616],[-55.45023,-5.17795],[-55.45485,-5.14919],[-55.38681,-5.11567],[-55.38632,-5.07342],[-55.35148,-5.04668],[-55.43882,-4.91889],[-55.44284,-4.84472],[-55.52912,-4.79707],[-55.46554,-4.6938],[-55.49779,-4.62039],[-55.42718,-4.61569],[-55.3829,-4.65362],[-55.33842,-4.63025],[-55.29689,-4.67833],[-55.25945,-4.67347],[-55.22239,-4.64285],[-55.15526,-4.6417],[-55.13236,-4.60198],[-54.96175,-4.58712],[-54.91723,-4.52915],[-54.92984,-4.45655],[-54.85592,-4.44003],[-54.85201,-4.41134],[-54.79675,-4.46371],[-54.73345,-4.46389],[-54.75033,-4.37659],[-54.72378,-4.38411],[-54.67833,-4.31733],[-54.6322,-4.32401],[-54.60623,-4.38013],[-54.56116,-4.37278],[-54.55244,-4.39563],[-54.494,-4.34493],[-54.53517,-4.32833],[-54.48408,-4.2489],[-54.44828,-4.24469],[-54.40045,-4.29678],[-54.36661,-4.26455],[-54.30476,-4.28052],[-54.29491,-4.3176],[-54.22625,-4.30735],[-54.24375,-4.28494],[-54.21175,-4.2649],[-54.19286,-4.16371],[-54.16189,-4.2058],[-54.13061,-4.20384],[-54.13539,-4.22868],[-54.10006,-4.23192],[-54.09103,-4.10632],[-54.05,-4.07613],[-54.15248,-4.01197],[-54.11019,-3.97396],[-54.11005,-3.82557],[-54.16108,-3.83772],[-54.15264,-3.77746],[-54.25436,-3.69288],[-54.26394,-3.66285],[-54.21917,-3.63223],[-54.27319,-3.56414],[-54.25799,-3.44903],[-54.29825,-3.43186],[-54.25583,-3.35532],[-54.25905,-3.2733],[-54.20234,-3.20375],[-54.09975,-3.16342],[-54.10295,-3.13225],[-54.049,-3.07875],[-54.04605,-2.99877],[-54.08877,-2.96101],[-54.10302,-2.88653],[-53.60838,-2.86515],[-53.56489,-2.79179],[-53.41719,-2.7659],[-53.39061,-2.73814],[-53.25294,-2.7743],[-53.14641,-2.66527],[-53.07613,-2.68824],[-53.00153,-2.67162],[-52.82263,-2.76325],[-52.68399,-2.72291],[-52.55699,-2.72498],[-52.50129,-2.77367],[-52.33526,-2.78165],[-52.27649,-2.83022],[-52.04385,-2.79251],[-52.05493,-2.68624],[-51.91974,-2.49317],[-51.85445,-2.55248],[-51.74829,-2.84551],[-51.68493,-2.77957],[-51.50395,-2.74641],[-51.44417,-2.77131],[-51.39442,-2.89195],[-51.15136,-3.02224],[-51.19776,-3.06855],[-51.15422,-3.11128],[-51.11428,-3.13647],[-51.07731,-3.10511],[-50.97517,-3.12235],[-50.9362,-3.23118],[-50.84681,-3.29616],[-50.80895,-3.49504],[-50.48592,-3.45833],[-50.48428,-3.40589],[-50.36292,-3.38443],[-50.22939,-3.23385],[-50.1567,-3.30046],[-50.11317,-3.26961],[-50.00641,-3.33159],[-49.90858,-3.32567],[-49.903,-3.36774],[-49.83447,-3.40411],[-49.80591,-3.53308],[-49.98989,-3.69201],[-49.95752,-3.79141],[-50.01781,-3.90499],[-50.12347,-3.98786],[-50.10106,-4.07545],[-50.88145,-3.85357],[-50.67329,-4.20873],[-50.81842,-4.29495],[-50.97372,-4.25531],[-50.9937,-4.2713],[-50.99498,-4.36069],[-50.87978,-4.44753],[-50.90911,-4.48323],[-50.88998,-4.50036],[-50.92011,-4.62598],[-50.9055,-4.68776],[-50.93315,-4.6955],[-50.90676,-4.7318],[-50.94765,-4.75517],[-50.91228,-4.8647],[-50.85845,-4.86885],[-50.8472,-4.91244],[-50.89531,-5.11268],[-50.9302,-5.15057],[-52.05107,-5.1514],[-52.07001,-5.24658],[-52.11379,-5.29147],[-52.10924,-5.35263],[-52.17957,-5.30014],[-52.27927,-5.27487],[-52.29535,-5.19441],[-52.34338,-5.17932],[-52.3748,-5.20456],[-52.42638,-5.15398],[-52.49435,-5.21816],[-52.61225,-5.24307],[-52.65804,-5.29778],[-52.64171,-5.38117],[-52.69183,-5.51228],[-52.70252,-5.66765],[-52.77643,-5.7244],[-52.83216,-5.68994],[-52.89621,-5.70566],[-52.93938,-5.74403],[-52.93186,-5.79121],[-52.97586,-5.84508],[-53.05913,-5.88605],[-53.11211,-5.87325],[-53.14908,-5.93776],[-53.24186,-5.95005],[-53.27924,-5.98177],[-53.27366,-6.02244],[-53.38274,-6.08163],[-53.34088,-6.13192],[-53.34827,-6.17785],[-53.30694,-6.16568],[-53.26021,-6.28927],[-53.22392,-6.29817],[-53.23685,-6.33761],[-53.19436,-6.37148],[-53.2131,-6.42439],[-53.18177,-6.45871],[-53.23146,-6.50263],[-53.26005,-6.46371],[-53.31372,-6.46336],[-53.37386,-6.59402],[-53.44006,-6.55907],[-53.4697,-6.60048],[-53.46452,-6.67677],[-53.42406,-6.67499],[-53.39492,-6.71763],[-53.24725,-6.78688],[-53.23722,-6.823],[-53.31956,-6.8965],[-53.27712,-6.94979],[-53.31744,-7.02746],[-53.30758,-7.07459],[-53.25302,-7.11775],[-53.3145,-7.21068],[-53.17374,-7.34194],[-53.17835,-7.38043],[-53.12007,-7.39551],[-53.12339,-7.44941],[-53.09102,-7.48572],[-53.16902,-7.55689],[-53.11291,-7.62452],[-53.12364,-7.65598],[-53.02844,-7.72369],[-53.03605,-7.7794],[-52.99591,-7.7967],[-52.99211,-7.82774],[-53.02989,-7.85643],[-53.01766,-7.8816],[-53.06705,-7.91863],[-53.01827,-7.94184],[-53.01477,-7.99802],[-52.98227,-7.99154],[-52.96544,-8.12155],[-52.92574,-8.15854],[-52.92966,-8.22284],[-53.0083,-8.29875],[-52.94119,-8.3467],[-52.94205,-8.39077],[-52.89797,-8.43297],[-52.95519,-8.44128],[-52.88833,-8.58327],[-52.89922,-8.63081],[-52.94816,-8.64928],[-52.93192,-8.73004],[-53.00627,-8.70483],[-53.03694,-8.72863],[-52.99177,-8.83557],[-53.01594,-8.91996],[-53.05525,-8.95403],[-53.01608,-9.06442],[-53.0848,-9.11613],[-52.96452,-9.22455],[-52.92725,-9.45343],[-53.0425,-9.4773],[-53.05672,-9.53051],[-53.12155,-9.56349],[-53.13339,-9.64518],[-54.61345,-9.53583]]]]}},{"type":"Feature","id":"15016","properties":{"code":"15016","name":"Tucuruã"},"geometry":{"type":"MultiPolygon","coordinates":[[[[-50.9302,-5.15057],[-50.89531,-5.11268],[-50.8472,-4.91244],[-50.85845,-4.86885],[-50.91228,-4.8647],[-50.94765,-4.75517],[-50.90676,-4.7318],[-50.93315,-4.6955],[-50.9055,-4.68776],[-50.92011,-4.62598],[-50.88998,-4.50036],[-50.90911,-4.48323],[-50.87978,-4.44753],[-50.99498,-4.36069],[-50.9937,-4.2713],[-50.97372,-4.25531],[-50.81842,-4.29495],[-50.67329,-4.20873],[-50.88145,-3.85357],[-50.1085,-4.07798],[-50.12347,-3.98786],[-50.01781,-3.90499],[-50.01269,-3.8594],[-49.96736,-3.82449],[-49.958,-3.7877],[-49.998,-3.71377],[-49.96866,-3.66412],[-49.87247,-3.66501],[-49.74741,-3.59424],[-49.6745,-3.58572],[-49.6573,-3.52926],[-49.59866,-3.5162],[-49.60091,-3.41598],[-48.92561,-3.41294],[-49.0248,-3.51117],[-49.04094,-3.59263],[-49.17597,-3.53908],[-49.19627,-3.59469],[-49.25713,-3.63517],[-49.27441,-3.70628],[-49.26921,-3.78151],[-49.13636,-3.83663],[-49.13355,-3.93621],[-49.07307,-3.99619],[-49.04941,-4.09812],[-49.084,-4.10051],[-49.14924,-4.02098],[-49.23941,-4.07744],[-49.60685,-4.07293],[-49.50431,-4.38785],[-49.49678,-4.50033],[-49.3226,-4.5007],[-49.22908,-4.40684],[-49.1956,-4.42436],[-49.18866,-4.38424],[-49.10766,-4.32241],[-49.01677,-4.33529],[-49.00033,-4.90693],[-49.14236,-5.07765],[-49.16469,-5.25732],[-49.1276,-5.27805],[-49.16908,-5.33765],[-49.23989,-5.29028],[-49.33263,-5.16825],[-49.33127,-5.26415],[-49.40336,-5.37692],[-49.38375,-5.41888],[-49.42127,-5.44984],[-49.48711,-5.46696],[-49.68995,-5.40576],[-49.77316,-5.4528],[-49.8498,-5.39209],[-49.9885,-5.44159],[-50.26392,-5.36011],[-50.40705,-5.27698],[-50.47683,-5.27688],[-50.50575,-5.17865],[-50.57378,-5.19687],[-50.9302,-5.15057]]]]}},{"type":"Feature","id":"15017","properties":{"code":"15017","name":"Paragominas"},"geometry":{"type":"MultiPolygon","coordinates":[[[[-48.9918,-5.28664],[-49.02388,-5.02066],[-48.99727,-4.97291],[-48.91893,-4.96125],[-49.00047,-4.83299],[-49.01677,-4.33529],[-49.10766,-4.32241],[-49.18866,-4.38424],[-49.1956,-4.42436],[-49.22908,-4.40684],[-49.3226,-4.5007],[-49.49678,-4.50033],[-49.50431,-4.38785],[-49.60685,-4.07293],[-49.23941,-4.07744],[-49.14924,-4.02098],[-49.084,-4.10051],[-49.04941,-4.09812],[-49.07307,-3.99619],[-49.13355,-3.93621],[-49.13636,-3.83663],[-49.27841,-3.76483],[-49.25713,-3.63517],[-49.19627,-3.59469],[-49.17597,-3.53908],[-49.13219,-3.5378],[-49.06815,-3.5926],[-49.00774,-3.54188],[-48.85633,-3.5687],[-48.8726,-3.54073],[-48.84669,-3.53772],[-48.83091,-3.48804],[-48.84946,-3.46005],[-48.81794,-3.46873],[-48.81604,-3.43959],[-48.73027,-3.37845],[-48.6868,-3.38429],[-48.69973,-3.33504],[-48.62302,-3.35702],[-48.6289,-3.31],[-48.61009,-3.33499],[-48.58159,-3.30512],[-48.56624,-3.3266],[-48.57623,-3.2917],[-48.49691,-3.25783],[-48.46277,-3.27703],[-48.41437,-3.25424],[-48.40515,-3.27996],[-48.37173,-3.22502],[-48.3599,-3.25068],[-48.31579,-3.22433],[-48.30468,-3.25055],[-48.25129,-3.20815],[-48.23126,-3.23512],[-48.22487,-3.19399],[-48.16121,-3.23957],[-48.16796,-3.20679],[-48.13759,-3.18906],[-48.11218,-3.2089],[-48.10191,-3.18212],[-48.07604,-3.19258],[-48.09863,-3.15087],[-48.05568,-3.10529],[-48.00676,-3.12296],[-48.0219,-3.10104],[-47.98654,-3.06977],[-47.91777,-3.07066],[-47.90979,-3.007],[-47.87458,-3.02939],[-47.87757,-2.99961],[-47.8494,-3.01013],[-47.82101,-2.96763],[-47.78803,-2.9714],[-47.81601,-2.94363],[-47.77543,-2.91323],[-47.79512,-2.85009],[-47.86443,-2.84784],[-47.84104,-2.77964],[-47.88001,-2.77912],[-47.90716,-2.73763],[-47.8714,-2.61179],[-47.82809,-2.62218],[-47.82726,-2.58564],[-47.79059,-2.59366],[-47.80226,-2.55735],[-47.75792,-2.54233],[-47.76467,-2.52263],[-47.70593,-2.57775],[-47.67394,-2.66298],[-47.68515,-2.73369],[-47.63087,-2.79722],[-47.41129,-2.89642],[-47.05728,-2.61884],[-47.02717,-2.49711],[-46.90925,-2.42227],[-46.73106,-2.41662],[-46.5215,-2.50762],[-46.4365,-2.47064],[-46.42021,-2.53016],[-46.48993,-2.53335],[-46.50501,-2.61492],[-46.57478,-2.62876],[-46.59375,-2.66537],[-46.62192,-2.64452],[-46.67039,-2.70641],[-46.63664,-2.79368],[-46.60234,-2.7892],[-46.57581,-2.84139],[-46.61394,-2.82895],[-46.63885,-2.8846],[-46.67965,-2.88173],[-46.64804,-2.9617],[-46.6758,-3.09366],[-46.7088,-3.12727],[-46.74782,-3.12088],[-46.7207,-3.15696],[-46.75193,-3.18905],[-46.77188,-3.17722],[-46.75479,-3.21572],[-46.80618,-3.24448],[-46.81338,-3.30954],[-46.94411,-3.37687],[-46.94798,-3.47644],[-46.98221,-3.49468],[-46.9773,-3.53038],[-47.03885,-3.5621],[-47.02735,-3.59927],[-47.05705,-3.65458],[-47.03702,-3.66797],[-47.08521,-3.85664],[-47.17315,-3.92382],[-47.19026,-3.9837],[-47.31942,-4.04777],[-47.37177,-4.24559],[-47.47473,-4.31504],[-47.50279,-4.40371],[-47.61194,-4.55736],[-47.67996,-4.60862],[-47.79257,-4.58641],[-48.75515,-5.34917],[-48.86315,-5.34134],[-48.9918,-5.28664]]]]}},{"type":"Feature","id":"15018","properties":{"code":"15018","name":"SãO FãLix Do Xingu"},"geometry":{"type":"MultiPolygon","coordinates":[[[[-53.13339,-9.64533],[-53.12155,-9.56349],[-53.05672,-9.53051],[-53.0425,-9.4773],[-52.92588,-9.45036],[-52.96452,-9.22455],[-53.0848,-9.11613],[-53.01608,-9.06442],[-53.05525,-8.95403],[-53.01594,-8.91996],[-52.99177,-8.83557],[-53.03694,-8.72863],[-53.00627,-8.70483],[-52.93192,-8.73004],[-52.94816,-8.64928],[-52.89922,-8.63081],[-52.88794,-8.57282],[-52.95519,-8.44128],[-52.89936,-8.4298],[-52.94205,-8.39077],[-52.94119,-8.3467],[-53.0083,-8.29875],[-52.92966,-8.22284],[-52.92574,-8.15854],[-52.96544,-8.12155],[-52.98227,-7.99154],[-53.01477,-7.99802],[-53.01827,-7.94184],[-53.06705,-7.91863],[-53.01766,-7.8816],[-53.02989,-7.85643],[-52.99211,-7.82774],[-52.99591,-7.7967],[-53.03605,-7.7794],[-53.02844,-7.72369],[-53.12364,-7.65598],[-53.11291,-7.62452],[-53.16902,-7.55689],[-53.09235,-7.47757],[-53.12339,-7.44941],[-53.12007,-7.39551],[-53.17835,-7.38043],[-53.17374,-7.34194],[-53.3145,-7.21068],[-53.25302,-7.11775],[-53.30758,-7.07459],[-53.31744,-7.02746],[-53.27712,-6.94979],[-53.31956,-6.8965],[-53.23547,-6.82015],[-53.25686,-6.7756],[-53.34419,-6.74942],[-53.42406,-6.67499],[-53.46452,-6.67677],[-53.4697,-6.60048],[-53.44006,-6.55907],[-53.37386,-6.59402],[-53.31372,-6.46336],[-53.26005,-6.46371],[-53.23146,-6.50263],[-53.18177,-6.45871],[-53.2131,-6.42439],[-53.19436,-6.37148],[-53.23685,-6.33761],[-53.22392,-6.29817],[-53.26021,-6.28927],[-53.30694,-6.16568],[-53.34827,-6.17785],[-53.34088,-6.13192],[-53.38274,-6.08163],[-53.27366,-6.02244],[-53.27924,-5.98177],[-53.24186,-5.95005],[-53.14908,-5.93776],[-53.11211,-5.87325],[-53.05913,-5.88605],[-52.97586,-5.84508],[-52.93186,-5.79121],[-52.93938,-5.74403],[-52.89621,-5.70566],[-52.83216,-5.68994],[-52.77643,-5.7244],[-52.70252,-5.66765],[-52.69183,-5.51228],[-52.64171,-5.38117],[-52.65804,-5.29778],[-52.61225,-5.24307],[-52.49435,-5.21816],[-52.42638,-5.15398],[-52.3748,-5.20456],[-52.34338,-5.17932],[-52.29535,-5.19441],[-52.27927,-5.27487],[-52.17957,-5.30014],[-52.10924,-5.35263],[-52.11379,-5.29147],[-52.07001,-5.24658],[-52.05107,-5.1514],[-50.9249,-5.14917],[-50.85739,-5.17759],[-50.81317,-5.15223],[-50.7202,-5.17466],[-50.72492,-5.22037],[-50.77136,-5.23733],[-50.75462,-5.31145],[-50.80061,-5.32776],[-50.78687,-5.39965],[-50.88567,-5.43595],[-50.87431,-5.49153],[-50.95637,-5.54054],[-50.95283,-5.61434],[-50.87817,-5.63253],[-50.84839,-5.70973],[-50.90653,-5.69354],[-50.91378,-5.78115],[-50.93928,-5.80229],[-51.04334,-5.76434],[-51.08645,-5.78097],[-51.11649,-5.82768],[-51.11315,-5.89018],[-51.16282,-5.95394],[-51.22198,-5.96353],[-51.24192,-5.99719],[-51.35742,-5.96686],[-51.40164,-6.04582],[-51.28095,-6.10272],[-51.24573,-6.17238],[-51.14707,-6.20699],[-51.16051,-6.26619],[-51.19884,-6.28352],[-51.14131,-6.38323],[-51.1432,-6.42985],[-51.18348,-6.4672],[-51.08334,-6.49254],[-51.0369,-6.47511],[-51.06215,-6.52545],[-51.00995,-6.58977],[-50.99444,-6.66654],[-50.90134,-6.71017],[-50.82772,-6.82779],[-50.74736,-6.87505],[-50.77257,-7.00444],[-50.55967,-7.077],[-50.50914,-7.19301],[-50.41723,-7.24034],[-50.38509,-7.22753],[-50.39091,-7.43084],[-50.3477,-7.48435],[-50.38553,-7.54231],[-50.34137,-7.60088],[-50.34137,-7.65828],[-50.38706,-7.64552],[-50.61254,-7.89755],[-50.55114,-7.89843],[-50.53642,-7.95938],[-50.51206,-7.96344],[-50.53342,-8.00848],[-50.50558,-8.02297],[-50.52556,-8.09815],[-50.55956,-8.10325],[-50.55226,-8.1445],[-50.65162,-8.24026],[-50.74593,-8.26433],[-50.75848,-8.33914],[-50.8177,-8.29629],[-50.88604,-8.35576],[-50.86962,-8.41264],[-50.95156,-8.50681],[-50.93539,-8.57212],[-51.04645,-8.67053],[-51.03351,-8.8469],[-51.11185,-8.92427],[-51.05137,-8.99125],[-51.08698,-9.00966],[-51.12404,-9.12379],[-51.05248,-9.2077],[-51.08362,-9.26163],[-51.05923,-9.36607],[-51.07918,-9.47408],[-51.12657,-9.50272],[-51.14001,-9.55947],[-51.18623,-9.52398],[-51.2642,-9.5777],[-51.30429,-9.77286],[-53.13339,-9.64533]]]]}},{"type":"Feature","id":"15019","properties":{"code":"15019","name":"Parauapebas"},"geometry":{"type":"MultiPolygon","coordinates":[[[[-50.41723,-7.24034],[-50.50914,-7.19301],[-50.55662,-7.07899],[-50.77257,-7.00444],[-50.74736,-6.87505],[-50.82772,-6.82779],[-50.90134,-6.71017],[-50.99444,-6.66654],[-51.00995,-6.58977],[-51.06215,-6.52545],[-51.0369,-6.47511],[-51.08334,-6.49254],[-51.18348,-6.4672],[-51.1432,-6.42985],[-51.14131,-6.38323],[-51.19884,-6.28352],[-51.16051,-6.26619],[-50.99123,-5.99735],[-50.93248,-5.96971],[-50.77689,-5.98649],[-50.72404,-5.95887],[-50.70573,-5.8989],[-50.58231,-5.92015],[-50.455,-5.85616],[-50.33503,-5.86608],[-50.24692,-5.91725],[-50.2004,-5.88252],[-50.10536,-5.92441],[-50.07092,-5.89221],[-50.05897,-5.94158],[-50.01747,-5.94541],[-50.01566,-5.90893],[-49.97117,-5.91815],[-49.93264,-5.85962],[-49.82591,-5.85567],[-49.84081,-5.8284],[-49.805,-5.83269],[-49.79183,-5.78548],[-49.75541,-5.93066],[-49.71972,-5.95082],[-49.55179,-5.88421],[-49.41502,-5.8989],[-49.23385,-5.79558],[-48.99746,-5.83556],[-48.89357,-5.90462],[-48.85305,-5.9608],[-48.86605,-5.97732],[-50.37639,-7.25279],[-50.38822,-7.22514],[-50.41723,-7.24034]]]]}},{"type":"Feature","id":"15020","properties":{"code":"15020","name":"Marabã"},"geometry":{"type":"MultiPolygon","coordinates":[[[[-51.40164,-6.04582],[-51.35742,-5.96686],[-51.24192,-5.99719],[-51.22198,-5.96353],[-51.16282,-5.95394],[-51.11315,-5.89018],[-51.11649,-5.82768],[-51.08645,-5.78097],[-51.04334,-5.76434],[-50.93928,-5.80229],[-50.91378,-5.78115],[-50.90653,-5.69354],[-50.84839,-5.70973],[-50.87817,-5.63253],[-50.95283,-5.61434],[-50.95637,-5.54054],[-50.87431,-5.49153],[-50.88567,-5.43595],[-50.78687,-5.39965],[-50.80061,-5.32776],[-50.75462,-5.31145],[-50.77136,-5.23733],[-50.72492,-5.22037],[-50.7202,-5.17466],[-50.57045,-5.19694],[-50.50575,-5.17865],[-50.47683,-5.27688],[-50.40705,-5.27698],[-50.26392,-5.36011],[-50.14986,-5.37659],[-50.05977,-5.42907],[-50.02778,-5.41322],[-49.9885,-5.44159],[-49.8498,-5.39209],[-49.78836,-5.45005],[-49.70366,-5.43265],[-49.68995,-5.40576],[-49.48711,-5.46696],[-49.38375,-5.41888],[-49.40336,-5.37692],[-49.33127,-5.26415],[-49.33263,-5.16825],[-49.183,-5.33667],[-49.14383,-5.30949],[-49.1276,-5.27805],[-49.16469,-5.25732],[-49.14236,-5.07765],[-49.00033,-4.90693],[-49.00042,-4.83307],[-48.91893,-4.96125],[-48.99727,-4.97291],[-49.02388,-5.02066],[-48.9918,-5.28664],[-48.65049,-5.38492],[-48.59673,-5.42254],[-48.50519,-5.42934],[-48.38474,-5.39421],[-48.30071,-5.52301],[-48.13225,-5.61813],[-48.17598,-5.7123],[-48.29024,-5.74354],[-48.29197,-5.83684],[-48.23163,-5.94614],[-48.3329,-6.00114],[-48.33516,-6.03572],[-48.28502,-6.09024],[-48.37826,-6.14912],[-48.45093,-6.1231],[-48.58361,-5.99222],[-48.65792,-5.98894],[-48.63277,-5.87563],[-48.68486,-5.89051],[-48.73121,-5.86005],[-48.85224,-5.96514],[-48.91689,-5.88167],[-48.99746,-5.83556],[-49.23385,-5.79558],[-49.41502,-5.8989],[-49.55179,-5.88421],[-49.70894,-5.95066],[-49.75541,-5.93066],[-49.79183,-5.78548],[-49.805,-5.83269],[-49.84081,-5.8284],[-49.82591,-5.85567],[-49.93264,-5.85962],[-49.97117,-5.91815],[-50.01566,-5.90893],[-50.01747,-5.94541],[-50.05897,-5.94158],[-50.07092,-5.89221],[-50.10536,-5.92441],[-50.2004,-5.88252],[-50.24692,-5.91725],[-50.33214,-5.867],[-50.41622,-5.85557],[-50.58231,-5.92015],[-50.70573,-5.8989],[-50.72404,-5.95887],[-50.76363,-5.9829],[-50.93248,-5.96971],[-50.99123,-5.99735],[-50.99862,-6.04039],[-51.092,-6.1255],[-51.1422,-6.21774],[-51.24842,-6.17027],[-51.31331,-6.07664],[-51.40164,-6.04582]]]]}},{"type":"Feature","id":"15021","properties":{"code":"15021","name":"RedenãÃO"},"geometry":{"type":"MultiPolygon","coordinates":[[[[-50.59859,-8.20982],[-50.50558,-8.02297],[-50.53342,-8.00848],[-50.51206,-7.96344],[-50.53642,-7.95938],[-50.55114,-7.89843],[-50.61081,-7.8936],[-50.38706,-7.64552],[-50.34137,-7.65828],[-50.34137,-7.60088],[-50.38553,-7.54231],[-50.34642,-7.50044],[-50.39091,-7.43084],[-50.40406,-7.3188],[-50.37639,-7.25279],[-48.73121,-5.86005],[-48.68486,-5.89051],[-48.62994,-5.8773],[-48.65792,-5.98894],[-48.58361,-5.99222],[-48.45093,-6.1231],[-48.39035,-6.14026],[-48.43643,-6.1934],[-48.38268,-6.37961],[-48.50599,-6.35311],[-48.64399,-6.50427],[-48.67619,-6.67338],[-48.81419,-6.75176],[-49.01888,-6.78421],[-49.20953,-6.92542],[-49.19336,-7.12231],[-49.22236,-7.18308],[-49.32844,-7.17609],[-49.40611,-7.23274],[-49.41949,-7.27542],[-49.43016,-7.25744],[-49.4848,-7.2791],[-49.49189,-7.3062],[-49.57772,-7.29466],[-49.68864,-7.33919],[-49.81003,-7.34356],[-49.85644,-7.97273],[-49.82708,-7.9749],[-49.91409,-8.09657],[-49.86936,-8.1574],[-49.87306,-8.24552],[-49.82678,-8.33182],[-49.84483,-8.35614],[-49.90092,-8.39492],[-49.94848,-8.3769],[-49.99405,-8.39858],[-50.17189,-8.33955],[-50.1965,-8.35849],[-50.34556,-8.18614],[-50.43126,-8.21723],[-50.50045,-8.1754],[-50.59859,-8.20982]]]]}},{"type":"Feature","id":"15022","properties":{"code":"15022","name":"ConceiãÃO Do Araguaia"},"geometry":{"type":"MultiPolygon","coordinates":[[[[-51.30429,-9.77286],[-51.2642,-9.5777],[-51.18623,-9.52398],[-51.14001,-9.55947],[-51.06704,-9.43715],[-51.08362,-9.26163],[-51.05565,-9.18859],[-51.12404,-9.12379],[-51.08698,-9.00966],[-51.05116,-8.98717],[-51.11137,-8.92063],[-51.03465,-8.85076],[-51.04645,-8.67053],[-50.93539,-8.57212],[-50.95156,-8.50681],[-50.86962,-8.41264],[-50.88604,-8.35576],[-50.8177,-8.29629],[-50.75848,-8.33914],[-50.74593,-8.26433],[-50.6617,-8.24647],[-50.60968,-8.18577],[-50.58037,-8.2096],[-50.50045,-8.1754],[-50.43126,-8.21723],[-50.32803,-8.19527],[-50.1965,-8.35849],[-50.17189,-8.33955],[-49.99405,-8.39858],[-49.88136,-8.38563],[-49.82678,-8.33182],[-49.87306,-8.24552],[-49.87356,-8.14507],[-49.91409,-8.09657],[-49.82708,-7.9749],[-49.85644,-7.97273],[-49.82592,-7.70902],[-49.82797,-7.37158],[-49.79686,-7.33323],[-49.68864,-7.33919],[-49.55925,-7.29286],[-49.49189,-7.3062],[-49.4848,-7.2791],[-49.43016,-7.25744],[-49.41949,-7.27542],[-49.40611,-7.23274],[-49.32844,-7.17609],[-49.22236,-7.18308],[-49.1938,-7.12981],[-49.18528,-7.23517],[-49.378,-7.49645],[-49.38405,-7.54349],[-49.32808,-7.67779],[-49.14844,-7.80731],[-49.17672,-8.06151],[-49.27624,-8.36368],[-49.37701,-8.45529],[-49.40633,-8.57375],[-49.59241,-8.83949],[-49.68436,-8.85647],[-49.74509,-8.90616],[-49.84259,-9.02733],[-49.9077,-9.17382],[-50.03778,-9.28941],[-50.10534,-9.47541],[-50.08956,-9.54569],[-50.21762,-9.83457],[-51.30429,-9.77286]]]]}},{"type":"Feature","id":"16001","properties":{"code":"16001","name":"Oiapoque"},"geometry":{"type":"MultiPolygon","coordinates":[[[[-52.00779,1.32026],[-52.04257,1.41416],[-52.01931,1.63569],[-52.05336,1.71067],[-52.06019,1.86847],[-52.01302,1.93273],[-51.99932,2.0335],[-52.0667,2.2747],[-52.04198,2.42174],[-52.01584,2.43654],[-52.04487,2.43808],[-52.0599,2.39138],[-52.11326,2.40104],[-52.15127,2.30306],[-52.24879,2.24155],[-52.22054,2.1853],[-52.35543,2.14157],[-52.41434,2.08765],[-52.41207,2.02936],[-52.49699,2.0415],[-52.59374,2.0035],[-52.68102,2.06922],[-52.82935,2.08343],[-52.83721,2.03638],[-52.90377,2.01642],[-52.92124,1.94162],[-53.0255,1.98094],[-53.07002,1.94309],[-53.13304,2.01897],[-53.13917,2.10094],[-53.27824,2.19214],[-53.09955,2.21428],[-53.04052,2.17341],[-52.95591,2.16368],[-52.9358,2.19297],[-52.90599,2.18552],[-52.85738,2.27743],[-52.71621,2.33561],[-52.6106,2.47505],[-52.5874,2.4734],[-52.5276,2.57682],[-52.55791,2.6368],[-52.4271,2.88632],[-52.38168,2.91348],[-52.40152,2.92428],[-52.32907,3.08015],[-52.35426,3.1283],[-52.33326,3.17224],[-52.30663,3.17577],[-52.29321,3.23392],[-52.23621,3.2446],[-52.19212,3.30135],[-51.99629,3.62635],[-51.97204,3.71891],[-51.92682,3.73116],[-51.92434,3.78344],[-51.8024,3.88132],[-51.75577,3.9881],[-51.64904,4.04064],[-51.55415,4.41473],[-51.51404,4.43675],[-51.25201,4.19142],[-51.1849,4.05078],[-51.17901,3.94484],[-51.07561,3.89062],[-51.08848,3.3999],[-51.02206,3.20808],[-51.03581,3.13713],[-50.94437,2.88419],[-50.94226,2.80337],[-50.90198,2.79461],[-50.8827,2.68576],[-50.84103,2.63872],[-50.83148,2.53318],[-50.8547,2.48692],[-50.80953,2.50973],[-50.78495,2.49],[-50.68211,2.16084],[-50.75054,2.11789],[-50.80029,2.17572],[-50.84986,2.13921],[-50.87785,2.1684],[-50.91461,2.15126],[-50.96368,2.17369],[-50.98613,2.14669],[-51.08482,2.18014],[-51.22473,2.12634],[-51.3747,2.0183],[-51.44649,2.06433],[-51.5049,2.0265],[-51.57362,2.1127],[-51.58912,2.01995],[-51.64446,1.99226],[-51.65903,1.95326],[-51.64707,1.87632],[-51.73336,1.59764],[-51.92369,1.38681],[-51.96681,1.38254],[-51.97389,1.32798],[-52.00779,1.32026]]]]}},{"type":"Feature","id":"16002","properties":{"code":"16002","name":"Amapã"},"geometry":{"type":"MultiPolygon","coordinates":[[[[-50.1569,1.88621],[-50.17427,1.87752],[-50.18818,1.8923],[-50.17688,1.89925],[-50.1569,1.88621]]],[[[-51.99063,1.31674],[-51.954,1.39676],[-51.92369,1.38681],[-51.73336,1.59764],[-51.64707,1.87632],[-51.65903,1.95326],[-51.64446,1.99226],[-51.58912,2.01995],[-51.57362,2.1127],[-51.5049,2.0265],[-51.44649,2.06433],[-51.3747,2.0183],[-51.22473,2.12634],[-51.08482,2.18014],[-50.98613,2.14669],[-50.96368,2.17369],[-50.91461,2.15126],[-50.87785,2.1684],[-50.84986,2.13921],[-50.80029,2.17572],[-50.75054,2.11789],[-50.73359,2.14696],[-50.70916,2.13497],[-50.53003,2.20773],[-50.44614,2.19924],[-50.35244,2.08681],[-50.23814,1.80318],[-50.09175,1.79141],[-49.91505,1.69552],[-49.87622,1.48082],[-49.90089,1.24042],[-50.13025,1.2052],[-50.13191,1.329],[-50.27333,1.31997],[-50.30613,1.27934],[-50.27998,1.21969],[-50.30827,1.17573],[-50.43293,1.18464],[-50.47334,1.08068],[-50.52527,1.04301],[-50.55569,1.0922],[-50.58481,1.07462],[-50.61,1.09482],[-50.64351,1.07747],[-50.63817,1.02673],[-50.69414,1.05822],[-50.79503,1.02994],[-50.8125,0.9697],[-50.85457,0.9539],[-50.88749,0.99216],[-50.94501,0.99394],[-50.9891,0.97576],[-51.00063,0.93179],[-51.03589,1.00605],[-51.17453,1.03567],[-51.23965,0.95281],[-51.30778,0.99194],[-51.38173,0.95133],[-51.4067,1.05056],[-51.48283,1.08752],[-51.43493,1.18927],[-51.45312,1.24339],[-51.40007,1.27573],[-51.38904,1.32281],[-51.99063,1.31674]]]]}},{"type":"Feature","id":"16003","properties":{"code":"16003","name":"Macapã"},"geometry":{"type":"MultiPolygon","coordinates":[[[[-51.08084,-0.08644],[-51.20805,-0.11701],[-51.22239,-0.08581],[-51.40024,-0.06525],[-51.44956,0.01273],[-51.5326,0.05308],[-51.57802,0.16033],[-51.57411,0.2289],[-51.69384,0.3197],[-51.69687,0.3973],[-51.76017,0.40634],[-51.79162,0.4478],[-51.95209,0.44666],[-52.10524,0.50853],[-52.20037,0.45771],[-52.23555,0.36553],[-52.28079,0.368],[-52.29684,0.39681],[-52.33696,0.38406],[-52.33716,0.43947],[-52.37679,0.45144],[-52.41479,0.54894],[-52.46386,0.57711],[-52.54655,0.72092],[-52.61486,0.74046],[-52.66318,0.83392],[-52.74277,0.81453],[-52.7721,0.87611],[-52.82331,0.87562],[-52.82414,0.95679],[-52.86668,0.96676],[-52.8928,1.08591],[-52.96005,1.12673],[-52.97249,1.20612],[-52.9571,1.26164],[-52.92847,1.2707],[-52.86337,1.52021],[-52.89639,1.55618],[-52.97699,1.57403],[-52.9943,1.62673],[-52.97135,1.71035],[-53.01027,1.77367],[-52.99499,1.81977],[-53.0577,1.92841],[-53.04794,1.97197],[-52.92124,1.94162],[-52.90377,2.01642],[-52.83721,2.03638],[-52.82935,2.08343],[-52.68102,2.06922],[-52.59374,2.0035],[-52.49699,2.0415],[-52.4094,2.03022],[-52.41434,2.08765],[-52.35543,2.14157],[-52.22054,2.1853],[-52.24879,2.24155],[-52.15127,2.30306],[-52.11326,2.40104],[-52.0599,2.39138],[-52.04487,2.43808],[-52.01584,2.43654],[-52.04198,2.42174],[-52.0667,2.2747],[-51.99932,2.0335],[-52.01302,1.93273],[-52.06019,1.86847],[-52.05336,1.71067],[-52.01937,1.63646],[-52.03971,1.57554],[-52.01659,1.50572],[-52.04438,1.44835],[-52.01469,1.32608],[-51.38904,1.32281],[-51.40007,1.27573],[-51.45312,1.24339],[-51.43493,1.18927],[-51.48283,1.08752],[-51.4067,1.05056],[-51.38173,0.95133],[-51.30778,0.99194],[-51.23965,0.95281],[-51.18159,1.03535],[-51.05491,1.01703],[-51.00063,0.93179],[-50.9891,0.97576],[-50.94501,0.99394],[-50.88749,0.99216],[-50.85457,0.9539],[-50.8125,0.9697],[-50.79503,1.02994],[-50.69414,1.05822],[-50.63817,1.02673],[-50.64351,1.07747],[-50.61,1.09482],[-50.58481,1.07462],[-50.55569,1.0922],[-50.52705,1.04218],[-50.47334,1.08068],[-50.43293,1.18464],[-50.30827,1.17573],[-50.27998,1.21969],[-50.30114,1.29145],[-50.22128,1.33399],[-50.13191,1.329],[-50.13025,1.2052],[-49.90089,1.24042],[-49.89366,1.19302],[-49.94583,1.10825],[-49.94078,0.99354],[-50.05419,0.85475],[-50.05353,0.80617],[-50.09308,0.78218],[-50.09391,0.70209],[-50.3173,0.67745],[-50.42512,0.61158],[-50.59631,0.25037],[-50.74351,0.13049],[-50.95947,0.05386],[-51.08084,-0.08644]]]]}},{"type":"Feature","id":"16004","properties":{"code":"16004","name":"MazagãO"},"geometry":{"type":"MultiPolygon","coordinates":[[[[-51.7784,-1.14041],[-51.88729,-1.1664],[-51.92596,-1.13232],[-51.95588,-1.16967],[-51.98533,-1.12145],[-51.99112,-1.17182],[-52.05506,-1.17695],[-52.04706,-1.21931],[-52.07046,-1.23598],[-52.10987,-1.21812],[-52.12026,-1.1462],[-52.33299,-1.11589],[-52.35816,-1.06258],[-52.42704,-1.05079],[-52.43954,-0.93475],[-52.40316,-0.87715],[-52.45552,-0.83027],[-52.54384,-0.85154],[-52.49715,-0.72295],[-52.52502,-0.58534],[-52.62919,-0.59385],[-52.66776,-0.54414],[-52.70268,-0.45923],[-52.67915,-0.42367],[-52.68882,-0.30414],[-52.85154,-0.15016],[-52.93274,-0.14231],[-52.97729,0.0238],[-53.09429,0.19531],[-53.09488,0.26221],[-53.17405,0.3743],[-53.15349,0.57646],[-53.1063,0.68398],[-53.41149,0.92934],[-53.45955,1.12753],[-53.39988,1.15841],[-53.42652,1.24272],[-53.53899,1.21243],[-53.52333,1.26134],[-53.56263,1.30658],[-53.53855,1.34086],[-53.59522,1.35815],[-53.65097,1.33622],[-53.64683,1.40762],[-53.67055,1.37199],[-53.71146,1.38396],[-53.6958,1.41814],[-53.71719,1.43176],[-53.73233,1.38629],[-53.80399,1.42352],[-53.80705,1.3918],[-53.85034,1.39184],[-53.88563,1.40246],[-53.896,1.45513],[-53.9383,1.43546],[-53.92876,1.46918],[-53.99747,1.47577],[-54.00905,1.51966],[-54.08647,1.4883],[-54.11753,1.55817],[-54.102,1.59063],[-54.12836,1.59131],[-54.14366,1.64061],[-54.18222,1.65807],[-54.1911,1.62491],[-54.3093,1.74105],[-54.37772,1.76369],[-54.50855,1.74827],[-54.57091,1.78445],[-54.74478,1.7758],[-54.73403,1.83198],[-54.77159,1.9405],[-54.75444,1.9706],[-54.81283,2.06281],[-54.80625,2.13893],[-54.76311,2.20232],[-54.81142,2.26638],[-54.79617,2.31797],[-54.87225,2.43375],[-54.74403,2.47149],[-54.68492,2.44682],[-54.69209,2.3614],[-54.66225,2.32699],[-54.60169,2.33717],[-54.43658,2.20989],[-54.18908,2.17883],[-53.94236,2.2424],[-53.93631,2.29698],[-53.90781,2.274],[-53.88392,2.31634],[-53.81485,2.31702],[-53.835,2.33966],[-53.76722,2.37892],[-53.72347,2.35407],[-53.74878,2.31281],[-53.54991,2.25832],[-53.45868,2.2611],[-53.46966,2.28883],[-53.40508,2.29753],[-53.34391,2.35503],[-53.23471,2.27539],[-53.284,2.18898],[-53.13917,2.10094],[-53.13304,2.01897],[-53.05892,1.94656],[-52.99499,1.81977],[-53.01235,1.78376],[-52.97135,1.71035],[-52.9943,1.62673],[-52.97699,1.57403],[-52.86483,1.52567],[-52.86936,1.44148],[-52.97249,1.20612],[-52.96005,1.12673],[-52.8928,1.08591],[-52.86668,0.96676],[-52.82414,0.95679],[-52.82331,0.87562],[-52.7721,0.87611],[-52.74277,0.81453],[-52.66318,0.83392],[-52.61486,0.74046],[-52.54655,0.72092],[-52.46386,0.57711],[-52.41479,0.54894],[-52.37679,0.45144],[-52.33716,0.43947],[-52.3349,0.38306],[-52.29684,0.39681],[-52.28079,0.368],[-52.23555,0.36553],[-52.20037,0.45771],[-52.10393,0.50859],[-51.95209,0.44666],[-51.85579,0.43229],[-51.80945,0.45226],[-51.76017,0.40634],[-51.7166,0.4096],[-51.68909,0.3831],[-51.69384,0.3197],[-51.57411,0.2289],[-51.57691,0.15573],[-51.53034,0.05011],[-51.44956,0.01273],[-51.39897,-0.06589],[-51.21193,-0.09791],[-51.45148,-0.50405],[-51.59554,-0.65044],[-51.6792,-0.78525],[-51.68723,-1.03601],[-51.7784,-1.14041]]]]}},{"type":"Feature","id":"17001","properties":{"code":"17001","name":"Bico Do Papagaio"},"geometry":{"type":"MultiPolygon","coordinates":[[[[-47.54829,-7.00005],[-47.64034,-6.986],[-47.7109,-6.90942],[-47.84699,-6.89375],[-47.90038,-6.78147],[-48.12551,-6.63517],[-48.14148,-6.52699],[-48.21494,-6.45144],[-48.29407,-6.44763],[-48.30546,-6.40259],[-48.33958,-6.39613],[-48.34618,-6.35704],[-48.41712,-6.29859],[-48.43194,-6.17729],[-48.29724,-6.11048],[-48.28688,-6.06577],[-48.33516,-6.03572],[-48.33472,-6.00427],[-48.23163,-5.94614],[-48.29197,-5.83684],[-48.29351,-5.7512],[-48.17598,-5.7123],[-48.13225,-5.61813],[-48.30071,-5.52301],[-48.38474,-5.39421],[-48.5139,-5.42982],[-48.7493,-5.36739],[-48.67944,-5.30582],[-48.60313,-5.33431],[-48.52977,-5.19662],[-48.36391,-5.16838],[-48.17854,-5.26078],[-48.07927,-5.27506],[-48.00406,-5.23462],[-47.9281,-5.24124],[-47.87292,-5.27236],[-47.84376,-5.37621],[-47.74093,-5.38145],[-47.61862,-5.45973],[-47.55537,-5.46574],[-47.50012,-5.5256],[-47.4737,-5.66198],[-47.49337,-5.73053],[-47.43106,-5.86921],[-47.43023,-6.13097],[-47.37724,-6.26677],[-47.43421,-6.43119],[-47.41665,-6.48568],[-47.49864,-6.67123],[-47.49412,-6.75483],[-47.52965,-6.83139],[-47.50615,-6.90112],[-47.54829,-7.00005]]]]}},{"type":"Feature","id":"17002","properties":{"code":"17002","name":"AraguaãNa"},"geometry":{"type":"MultiPolygon","coordinates":[[[[-48.63713,-8.4005],[-48.70667,-8.18793],[-48.78347,-8.11019],[-48.81955,-7.90562],[-48.90713,-7.84835],[-49.00199,-7.88068],[-49.14742,-7.87039],[-49.15788,-7.79379],[-49.33515,-7.66868],[-49.38198,-7.52638],[-49.18528,-7.23517],[-49.20953,-6.92542],[-49.01888,-6.78421],[-48.81419,-6.75176],[-48.68271,-6.67791],[-48.65196,-6.63995],[-48.66335,-6.5578],[-48.61315,-6.45373],[-48.50599,-6.35311],[-48.38646,-6.38016],[-48.37257,-6.34677],[-48.30546,-6.40259],[-48.29407,-6.44763],[-48.21494,-6.45144],[-48.14148,-6.52699],[-48.12551,-6.63517],[-47.90038,-6.78147],[-47.84699,-6.89375],[-47.7109,-6.90942],[-47.63112,-6.99012],[-47.56493,-7.00672],[-47.53551,-6.98748],[-47.64446,-7.14361],[-47.71066,-7.13765],[-47.74983,-7.19526],[-47.64771,-7.30412],[-47.60012,-7.26673],[-47.54018,-7.26579],[-47.47883,-7.34593],[-47.62831,-7.48903],[-47.65165,-7.6557],[-47.90078,-7.79768],[-47.95904,-7.94136],[-47.95115,-8.05623],[-48.11057,-8.08793],[-48.16682,-8.16365],[-48.23007,-8.12502],[-48.38874,-8.1395],[-48.48985,-8.25692],[-48.53771,-8.23255],[-48.59566,-8.28437],[-48.6351,-8.27675],[-48.61502,-8.29521],[-48.63713,-8.4005]]]]}},{"type":"Feature","id":"17003","properties":{"code":"17003","name":"Miracema Do Tocantins"},"geometry":{"type":"MultiPolygon","coordinates":[[[[-49.1151,-10.14982],[-49.39736,-9.96042],[-49.44491,-10.00817],[-49.5505,-9.9496],[-49.63919,-10.0015],[-49.74582,-9.96882],[-49.80775,-9.89805],[-49.9012,-9.92468],[-50.03288,-9.7593],[-50.0079,-9.74884],[-50.02922,-9.7025],[-49.99489,-9.67544],[-49.98036,-9.56736],[-50.00161,-9.53556],[-49.98233,-9.50472],[-50.00613,-9.50512],[-49.97723,-9.48053],[-50.0014,-9.38967],[-49.97328,-9.37024],[-49.96687,-9.2325],[-49.9077,-9.17382],[-49.84259,-9.02733],[-49.68436,-8.85647],[-49.59241,-8.83949],[-49.40633,-8.57375],[-49.37701,-8.45529],[-49.28332,-8.37956],[-49.17672,-8.06151],[-49.16682,-7.84953],[-49.09244,-7.88893],[-48.90713,-7.84835],[-48.81214,-7.91506],[-48.78347,-8.11019],[-48.70667,-8.18793],[-48.63713,-8.4005],[-48.61502,-8.29521],[-48.6351,-8.27675],[-48.59566,-8.28437],[-48.53771,-8.23255],[-48.48985,-8.25692],[-48.38874,-8.1395],[-48.23835,-8.12428],[-48.18554,-8.16489],[-48.15405,-8.15533],[-48.12738,-8.3669],[-48.08085,-8.42252],[-48.09668,-8.51216],[-48.13296,-8.53867],[-48.11091,-8.78237],[-48.17294,-8.90763],[-48.18791,-9.02431],[-48.30657,-9.17343],[-48.3671,-9.34301],[-48.37086,-9.51306],[-48.4046,-9.62038],[-48.35974,-9.72445],[-48.37636,-9.78773],[-48.33324,-9.82504],[-48.37446,-9.94125],[-48.3393,-9.9992],[-48.34764,-10.05516],[-48.40402,-10.05161],[-48.43599,-10.01746],[-48.5106,-10.0439],[-48.57841,-10.02723],[-48.59827,-10.06432],[-48.67494,-10.09252],[-48.74169,-10.03236],[-48.77799,-10.02807],[-48.8241,-10.07024],[-48.86965,-10.03236],[-48.94602,-10.14046],[-49.00644,-10.12075],[-49.0297,-10.14978],[-49.1151,-10.14982]]]]}},{"type":"Feature","id":"17004","properties":{"code":"17004","name":"Rio Formoso"},"geometry":{"type":"MultiPolygon","coordinates":[[[[-49.36953,-13.27462],[-49.9136,-12.96555],[-50.18343,-12.89677],[-50.29265,-12.83992],[-50.30011,-12.68089],[-50.26682,-12.68245],[-50.23821,-12.57959],[-50.19318,-12.56431],[-50.2294,-12.5339],[-50.21767,-12.4889],[-50.14268,-12.39593],[-50.36593,-12.54607],[-50.41334,-12.65014],[-50.44087,-12.65327],[-50.43538,-12.69431],[-50.47807,-12.70995],[-50.46853,-12.7554],[-50.51107,-12.86077],[-50.52034,-12.83639],[-50.59785,-12.82678],[-50.58192,-12.79938],[-50.62273,-12.81974],[-50.64693,-12.65112],[-50.69969,-12.64778],[-50.70615,-12.61352],[-50.66798,-12.59601],[-50.68648,-12.5692],[-50.61826,-12.42899],[-50.64371,-12.22296],[-50.68687,-12.20215],[-50.68365,-11.99559],[-50.63929,-11.88457],[-50.6863,-11.859],[-50.72204,-11.7397],[-50.6637,-11.67753],[-50.65747,-11.59281],[-50.73468,-11.55146],[-50.74206,-11.45491],[-50.65941,-11.25486],[-50.66104,-11.13472],[-50.60946,-11.06745],[-50.63295,-10.93594],[-50.5994,-10.88446],[-50.62201,-10.83942],[-50.57059,-10.7525],[-50.60339,-10.66001],[-50.53496,-10.60175],[-50.47373,-10.40491],[-50.41829,-10.35628],[-50.38156,-10.21891],[-50.39215,-10.13403],[-50.30265,-10.03541],[-50.08956,-9.54569],[-50.10534,-9.47541],[-50.05075,-9.31307],[-49.98656,-9.23139],[-49.96615,-9.23086],[-49.96248,-9.30419],[-50.0014,-9.38967],[-49.97723,-9.48053],[-50.00626,-9.50347],[-49.98233,-9.50472],[-50.00161,-9.53556],[-49.98036,-9.56736],[-49.99489,-9.67544],[-50.02922,-9.7025],[-50.0079,-9.74884],[-50.03298,-9.7587],[-49.9012,-9.92468],[-49.80775,-9.89805],[-49.74582,-9.96882],[-49.63919,-10.0015],[-49.5505,-9.9496],[-49.44491,-10.00817],[-49.39736,-9.96042],[-49.1151,-10.14982],[-49.0297,-10.14978],[-49.00644,-10.12075],[-48.94602,-10.14046],[-48.88375,-10.03866],[-48.8241,-10.07024],[-48.77799,-10.02807],[-48.74169,-10.03236],[-48.67021,-10.09211],[-48.69222,-10.22366],[-48.59697,-10.29043],[-48.60446,-10.33051],[-48.75958,-10.41467],[-48.76894,-10.46002],[-48.80991,-10.47144],[-48.82783,-10.63309],[-48.76977,-10.74969],[-48.8383,-10.96401],[-48.88711,-10.85074],[-48.99708,-10.84338],[-49.02211,-10.78039],[-49.07547,-10.81656],[-49.14032,-10.81401],[-49.32591,-10.73843],[-49.5133,-10.83803],[-49.5568,-10.8275],[-49.57864,-10.89066],[-49.63125,-10.92889],[-49.75961,-10.90327],[-49.79556,-10.97678],[-49.79373,-11.01551],[-49.77004,-11.00816],[-49.69303,-11.10047],[-49.59758,-11.15783],[-49.50303,-11.18863],[-49.40339,-11.17907],[-49.27198,-11.32206],[-49.20586,-11.34616],[-49.149,-11.32927],[-49.11603,-11.39429],[-49.07328,-11.39785],[-48.95047,-11.51799],[-48.99577,-11.59823],[-49.09741,-11.6032],[-49.10967,-11.65572],[-49.163,-11.67348],[-49.1688,-11.74677],[-49.40652,-11.7611],[-49.33469,-11.85279],[-49.30378,-11.85467],[-49.26617,-11.99608],[-49.32164,-12.03817],[-49.34695,-12.12545],[-49.45692,-12.22218],[-49.64734,-12.2259],[-49.65019,-12.27128],[-49.57922,-12.31176],[-49.61081,-12.34004],[-49.57659,-12.38567],[-49.58894,-12.41937],[-49.55345,-12.40598],[-49.4949,-12.48778],[-49.4681,-12.46785],[-49.42794,-12.51679],[-49.3617,-12.53391],[-49.32956,-12.63265],[-49.34647,-12.79209],[-49.29252,-12.81458],[-49.23425,-12.88873],[-49.3544,-13.10298],[-49.33943,-13.2508],[-49.36953,-13.27462]]]]}},{"type":"Feature","id":"17005","properties":{"code":"17005","name":"Gurupi"},"geometry":{"type":"MultiPolygon","coordinates":[[[[-48.43828,-13.2912],[-48.47528,-13.23573],[-48.47363,-13.13741],[-48.50794,-13.128],[-48.55461,-13.20497],[-48.55361,-13.30198],[-48.58641,-13.31761],[-48.59677,-13.15263],[-48.5771,-13.12567],[-48.60141,-13.06088],[-48.67166,-12.99573],[-48.73075,-12.98979],[-48.73658,-12.92102],[-48.84236,-12.8444],[-48.85225,-12.80693],[-48.97563,-12.95719],[-49.02302,-12.90712],[-49.07884,-12.90356],[-49.06752,-12.84733],[-49.10622,-12.8361],[-49.11908,-12.79036],[-49.21105,-12.87836],[-49.25416,-12.87466],[-49.26378,-12.8407],[-49.34746,-12.78897],[-49.32956,-12.63265],[-49.3617,-12.53391],[-49.42794,-12.51679],[-49.4681,-12.46785],[-49.4949,-12.48778],[-49.55345,-12.40598],[-49.58894,-12.41937],[-49.57659,-12.38567],[-49.61081,-12.34004],[-49.57922,-12.31176],[-49.65019,-12.27128],[-49.64734,-12.2259],[-49.45692,-12.22218],[-49.34695,-12.12545],[-49.32164,-12.03817],[-49.26617,-11.99608],[-49.30378,-11.85467],[-49.33469,-11.85279],[-49.40652,-11.7611],[-49.1688,-11.74677],[-49.163,-11.67348],[-49.10967,-11.65572],[-49.09741,-11.6032],[-48.99916,-11.59996],[-48.94846,-11.53177],[-49.07328,-11.39785],[-49.11603,-11.39429],[-49.149,-11.32927],[-49.20586,-11.34616],[-49.27198,-11.32206],[-49.39233,-11.18393],[-49.54128,-11.18377],[-49.69303,-11.10047],[-49.73744,-11.03544],[-49.79373,-11.01551],[-49.75961,-10.90327],[-49.63125,-10.92889],[-49.57864,-10.89066],[-49.5568,-10.8275],[-49.5133,-10.83803],[-49.32591,-10.73843],[-49.14032,-10.81401],[-49.07547,-10.81656],[-49.01917,-10.78179],[-48.99708,-10.84338],[-48.88488,-10.85318],[-48.85356,-10.96769],[-48.80919,-10.92872],[-48.78879,-10.79622],[-48.64516,-10.8324],[-48.63747,-10.87033],[-48.59702,-10.84379],[-48.58088,-10.87149],[-48.54575,-10.85435],[-48.54465,-10.79666],[-48.40316,-10.7545],[-48.41905,-10.88103],[-48.55788,-11.02444],[-48.45135,-11.27213],[-48.48232,-11.39198],[-48.46438,-11.5284],[-48.38274,-11.64333],[-48.33882,-11.91864],[-48.22104,-11.99942],[-48.21266,-12.05675],[-48.17135,-12.04829],[-48.11617,-12.08766],[-48.10105,-12.12933],[-48.15195,-12.16056],[-48.15874,-12.20876],[-48.22177,-12.16116],[-48.26094,-12.17327],[-48.31202,-12.27041],[-48.25633,-12.31539],[-48.23194,-12.38267],[-48.26642,-12.45045],[-48.20649,-12.47693],[-48.2401,-12.5432],[-48.29021,-12.5627],[-48.25344,-12.59484],[-48.29002,-12.66873],[-48.24046,-12.68472],[-48.26996,-12.73978],[-48.22483,-12.74872],[-48.23958,-12.81121],[-48.14521,-12.97392],[-48.15249,-13.05857],[-48.12835,-13.10198],[-48.14482,-13.15183],[-48.23188,-13.16817],[-48.3071,-13.23544],[-48.34213,-13.2284],[-48.33694,-13.24708],[-48.43828,-13.2912]]]]}},{"type":"Feature","id":"17006","properties":{"code":"17006","name":"Porto Nacional"},"geometry":{"type":"MultiPolygon","coordinates":[[[[-48.09718,-11.3196],[-48.17049,-11.2682],[-48.31809,-11.31],[-48.36044,-11.27565],[-48.45383,-11.26384],[-48.49669,-11.20657],[-48.55788,-11.02444],[-48.41905,-10.88103],[-48.40769,-10.74818],[-48.54465,-10.79666],[-48.54746,-10.85676],[-48.58474,-10.87109],[-48.60102,-10.84397],[-48.63747,-10.87033],[-48.64516,-10.8324],[-48.78577,-10.80476],[-48.7758,-10.71242],[-48.82783,-10.63309],[-48.80908,-10.47008],[-48.59578,-10.32289],[-48.62499,-10.2605],[-48.69222,-10.22366],[-48.67093,-10.09261],[-48.59827,-10.06432],[-48.57841,-10.02723],[-48.5106,-10.0439],[-48.43599,-10.01746],[-48.36819,-10.06357],[-48.33625,-10.03534],[-48.37446,-9.94125],[-48.33324,-9.82504],[-48.37636,-9.78773],[-48.35974,-9.72445],[-48.4046,-9.62038],[-48.37086,-9.51306],[-48.36755,-9.34592],[-48.30657,-9.17343],[-48.18638,-9.02024],[-48.17294,-8.90763],[-48.11091,-8.78237],[-48.12746,-8.63419],[-48.05878,-8.67424],[-48.01204,-8.64692],[-47.90343,-8.73936],[-47.78789,-8.74398],[-47.67896,-8.7005],[-47.70113,-8.75477],[-47.68418,-8.80064],[-47.55655,-8.83778],[-47.47256,-8.79747],[-47.60958,-9.03939],[-47.61741,-9.14115],[-47.69107,-9.18649],[-47.69911,-9.30072],[-47.74235,-9.33485],[-47.81896,-9.31087],[-47.85211,-9.35305],[-47.90512,-9.34014],[-47.93656,-9.5388],[-47.79418,-10.16024],[-47.86801,-10.32932],[-47.82002,-10.48883],[-47.85748,-10.56426],[-47.78505,-10.70946],[-47.82418,-10.75227],[-47.69119,-11.04896],[-47.81251,-11.21665],[-47.8721,-11.20512],[-47.93012,-11.24797],[-47.99335,-11.2474],[-48.09718,-11.3196]]]]}},{"type":"Feature","id":"17007","properties":{"code":"17007","name":"JalapãO"},"geometry":{"type":"MultiPolygon","coordinates":[[[[-46.60905,-11.25573],[-46.68701,-11.20698],[-46.70642,-11.12623],[-46.79543,-11.09093],[-47.02043,-11.16316],[-47.12932,-11.10544],[-47.16001,-11.04406],[-47.26582,-10.97804],[-47.46688,-11.02736],[-47.73666,-10.95146],[-47.82418,-10.75227],[-47.78505,-10.70946],[-47.85748,-10.56426],[-47.82002,-10.48883],[-47.86801,-10.32932],[-47.79329,-10.17261],[-47.80413,-10.04583],[-47.86074,-9.93142],[-47.84069,-9.87978],[-47.89096,-9.79906],[-47.93638,-9.54138],[-47.90512,-9.34014],[-47.85211,-9.35305],[-47.81896,-9.31087],[-47.74235,-9.33485],[-47.69911,-9.30072],[-47.69107,-9.18649],[-47.61741,-9.14115],[-47.60958,-9.03939],[-47.47256,-8.79747],[-47.55655,-8.83778],[-47.68418,-8.80064],[-47.70113,-8.75477],[-47.67896,-8.7005],[-47.85277,-8.74588],[-47.92101,-8.73463],[-47.94152,-8.6874],[-48.01204,-8.64692],[-48.05878,-8.67424],[-48.10749,-8.65604],[-48.13296,-8.53867],[-48.09668,-8.51216],[-48.08085,-8.42252],[-48.12641,-8.36971],[-48.16221,-8.18804],[-48.11057,-8.08793],[-47.94699,-8.05202],[-47.95904,-7.94136],[-47.90078,-7.79768],[-47.65165,-7.6557],[-47.63365,-7.5015],[-47.59094,-7.43951],[-47.50471,-7.43663],[-47.47521,-7.53336],[-47.42673,-7.52658],[-47.43946,-7.55623],[-47.3986,-7.5691],[-47.38062,-7.65514],[-47.35221,-7.64684],[-47.35981,-7.61614],[-47.31504,-7.65954],[-47.33772,-7.66702],[-47.30254,-7.68905],[-47.31426,-7.72912],[-47.24623,-7.75852],[-47.24501,-7.8155],[-47.17451,-7.85631],[-47.0435,-8.05359],[-46.99743,-8.06723],[-46.87276,-7.95556],[-46.78548,-7.95217],[-46.66056,-7.90056],[-46.59703,-7.89934],[-46.49031,-7.98324],[-46.46619,-8.07035],[-46.51523,-8.1684],[-46.48756,-8.19991],[-46.51422,-8.28364],[-46.54815,-8.32194],[-46.63523,-8.31932],[-46.7281,-8.38638],[-46.77971,-8.36749],[-46.80683,-8.39897],[-46.80051,-8.45409],[-46.85109,-8.47616],[-46.84634,-8.53494],[-46.91628,-8.59478],[-46.88695,-8.68649],[-46.93128,-8.72675],[-46.90423,-8.77856],[-46.9149,-8.85306],[-46.99292,-8.87889],[-46.97029,-8.91449],[-47.06748,-9.01039],[-47.04348,-9.02655],[-47.07055,-9.06195],[-47.00734,-9.08219],[-46.92162,-9.06681],[-46.9318,-9.12807],[-46.88992,-9.12436],[-46.82278,-9.19904],[-46.84514,-9.29982],[-46.81106,-9.30675],[-46.76568,-9.40633],[-46.66598,-9.39192],[-46.63278,-9.41159],[-46.64001,-9.45772],[-46.56098,-9.48403],[-46.57569,-9.51755],[-46.53676,-9.55711],[-46.59239,-9.5872],[-46.61306,-9.66581],[-46.65334,-9.69344],[-46.64742,-9.73035],[-46.57509,-9.75858],[-46.57159,-9.80804],[-46.50945,-9.80137],[-46.4729,-9.87744],[-46.45653,-10.04992],[-46.36789,-10.16881],[-46.21087,-10.16973],[-46.1633,-10.21363],[-46.03125,-10.17611],[-46.00405,-10.26166],[-45.87786,-10.23934],[-45.79553,-10.2678],[-45.73385,-10.2286],[-45.72664,-10.15685],[-45.70032,-10.18307],[-45.69727,-10.26019],[-45.73813,-10.34067],[-45.82809,-10.36946],[-45.84263,-10.48477],[-46.2064,-10.65858],[-46.19369,-10.71748],[-46.25677,-10.7599],[-46.23076,-10.79563],[-46.28235,-10.82382],[-46.28522,-10.90845],[-46.40231,-11.00028],[-46.4666,-11.1831],[-46.60905,-11.25573]]]]}},{"type":"Feature","id":"17008","properties":{"code":"17008","name":"DianãPolis"},"geometry":{"type":"MultiPolygon","coordinates":[[[[-46.11995,-12.92587],[-46.36428,-12.99136],[-46.36619,-12.86485],[-46.41762,-12.82346],[-46.45465,-12.97115],[-46.75061,-12.96916],[-46.8197,-13.00247],[-46.85456,-13.06731],[-46.89292,-13.05322],[-46.97887,-13.13158],[-47.13259,-13.1785],[-47.15305,-13.20997],[-47.22823,-13.19432],[-47.28215,-13.26491],[-47.3771,-13.22947],[-47.42707,-13.29066],[-47.4551,-13.24938],[-47.43576,-13.2271],[-47.48712,-13.22025],[-47.47889,-13.18514],[-47.56307,-13.18423],[-47.56252,-13.12262],[-47.63423,-13.10311],[-47.6689,-13.2094],[-47.64049,-13.26321],[-47.65013,-13.35125],[-47.62273,-13.36766],[-47.67899,-13.46771],[-47.82122,-13.31261],[-47.88358,-13.32051],[-47.93588,-13.29072],[-47.96632,-13.31526],[-48.06246,-13.2354],[-48.08302,-13.28878],[-48.1654,-13.30579],[-48.16577,-13.18999],[-48.12835,-13.10198],[-48.15319,-13.05223],[-48.13977,-12.9885],[-48.23527,-12.82493],[-48.22483,-12.74872],[-48.26996,-12.73978],[-48.24046,-12.68472],[-48.29147,-12.6611],[-48.25344,-12.59484],[-48.29021,-12.5627],[-48.2401,-12.5432],[-48.20649,-12.47693],[-48.26642,-12.45045],[-48.23194,-12.38267],[-48.25633,-12.31539],[-48.31202,-12.27041],[-48.26094,-12.17327],[-48.22177,-12.16116],[-48.15874,-12.20876],[-48.15195,-12.16056],[-48.10105,-12.12933],[-48.11617,-12.08766],[-48.17135,-12.04829],[-48.21266,-12.05675],[-48.22104,-11.99942],[-48.34286,-11.91147],[-48.38274,-11.64333],[-48.40877,-11.63467],[-48.47543,-11.47679],[-48.45383,-11.26384],[-48.36044,-11.27565],[-48.31809,-11.31],[-48.16835,-11.26834],[-48.09718,-11.3196],[-47.99335,-11.2474],[-47.93012,-11.24797],[-47.8721,-11.20512],[-47.81251,-11.21665],[-47.69119,-11.04896],[-47.73096,-10.98362],[-47.70946,-10.94437],[-47.60576,-11.00011],[-47.52571,-10.99552],[-47.46688,-11.02736],[-47.26582,-10.97804],[-47.16001,-11.04406],[-47.12932,-11.10544],[-47.02043,-11.16316],[-46.83318,-11.09158],[-46.70642,-11.12623],[-46.68701,-11.20698],[-46.59966,-11.26542],[-46.60168,-11.34718],[-46.54931,-11.38072],[-46.50225,-11.49953],[-46.08668,-11.62214],[-46.087,-11.64263],[-46.154,-11.65698],[-46.25628,-11.62117],[-46.31494,-11.63074],[-46.29406,-11.69276],[-46.37347,-11.75113],[-46.32272,-11.77074],[-46.37328,-11.8723],[-46.31798,-11.89849],[-46.17126,-11.901],[-46.19256,-11.9295],[-46.3257,-11.95849],[-46.39787,-12.04034],[-46.36628,-12.10399],[-46.3899,-12.17053],[-46.35986,-12.22404],[-46.3752,-12.28708],[-46.32342,-12.30354],[-46.3524,-12.3374],[-46.28567,-12.37905],[-46.30103,-12.41578],[-46.25175,-12.42988],[-46.2548,-12.49431],[-46.15389,-12.48335],[-46.16065,-12.52857],[-46.2588,-12.54761],[-46.27994,-12.5849],[-46.29073,-12.63294],[-46.25611,-12.65763],[-46.29325,-12.69282],[-46.26492,-12.71695],[-46.28326,-12.78354],[-46.26231,-12.83167],[-46.29272,-12.85942],[-46.30522,-12.94887],[-46.13896,-12.90939],[-46.11995,-12.92587]]]]}},{"type":"Feature","id":"21001","properties":{"code":"21001","name":"Litoral Ocidental Maranhense"},"geometry":{"type":"MultiPolygon","coordinates":[[[[-44.4585,-2.13339],[-44.45339,-2.13098],[-44.45081,-2.12918],[-44.45161,-2.13422],[-44.4585,-2.13339]]],[[[-44.47238,-2.12619],[-44.48482,-2.11137],[-44.47758,-2.10481],[-44.46527,-2.10651],[-44.47238,-2.12619]]],[[[-44.48314,-2.07457],[-44.45056,-2.05908],[-44.44814,-2.0655],[-44.46238,-2.07296],[-44.48277,-2.07548],[-44.48314,-2.07457]]],[[[-44.44683,-2.00781],[-44.43962,-2.02026],[-44.45679,-2.03148],[-44.45508,-2.02423],[-44.44946,-2.01142],[-44.44683,-2.00781]]],[[[-44.63346,-1.85888],[-44.6062,-1.83263],[-44.59274,-1.84075],[-44.60181,-1.85037],[-44.63346,-1.85888]]],[[[-44.61611,-1.82113],[-44.59898,-1.83277],[-44.6003,-1.83782],[-44.60509,-1.83402],[-44.61611,-1.82113]]],[[[-44.57737,-1.8577],[-44.5966,-1.82517],[-44.57142,-1.79698],[-44.55348,-1.83268],[-44.57737,-1.8577]]],[[[-44.63147,-1.78844],[-44.62263,-1.79819],[-44.62312,-1.81872],[-44.6315,-1.80326],[-44.63147,-1.78844]]],[[[-44.60333,-1.77544],[-44.61067,-1.781],[-44.61707,-1.78522],[-44.61408,-1.77899],[-44.60333,-1.77544]]],[[[-44.59129,-1.76832],[-44.57862,-1.78474],[-44.61718,-1.81895],[-44.59129,-1.76832]]],[[[-44.73525,-1.6825],[-44.72995,-1.69434],[-44.74348,-1.70081],[-44.75032,-1.69088],[-44.73525,-1.6825]]],[[[-44.7409,-1.68011],[-44.74108,-1.68221],[-44.74299,-1.68376],[-44.74457,-1.6835],[-44.74389,-1.68121],[-44.7409,-1.68011]]],[[[-44.73796,-1.67017],[-44.72149,-1.66268],[-44.7231,-1.6772],[-44.73712,-1.6747],[-44.73796,-1.67017]]],[[[-44.75562,-1.58725],[-44.75456,-1.58895],[-44.75519,-1.5917],[-44.75727,-1.59315],[-44.75751,-1.59177],[-44.75562,-1.58725]]],[[[-44.69358,-1.58415],[-44.6915,-1.58946],[-44.69295,-1.59538],[-44.69794,-1.5909],[-44.69479,-1.58439],[-44.69358,-1.58415]]],[[[-44.77489,-1.57633],[-44.7745,-1.57989],[-44.77731,-1.58069],[-44.77819,-1.57746],[-44.7763,-1.5764],[-44.77489,-1.57633]]],[[[-44.77275,-1.56251],[-44.77549,-1.56626],[-44.78332,-1.57096],[-44.78374,-1.56891],[-44.775,-1.563],[-44.77275,-1.56251]]],[[[-44.83156,-1.5605],[-44.8185,-1.56318],[-44.81646,-1.57032],[-44.82022,-1.57163],[-44.8297,-1.56492],[-44.83156,-1.5605]]],[[[-44.73666,-1.53797],[-44.72062,-1.55158],[-44.75593,-1.58326],[-44.73666,-1.53797]]],[[[-45.13413,-1.48542],[-45.13276,-1.48767],[-45.13328,-1.49083],[-45.13556,-1.49406],[-45.1357,-1.48734],[-45.13413,-1.48542]]],[[[-44.81636,-1.56019],[-44.82658,-1.53067],[-44.76377,-1.48425],[-44.80979,-1.53172],[-44.78431,-1.53695],[-44.79189,-1.55844],[-44.81636,-1.56019]]],[[[-45.13736,-1.46471],[-45.13478,-1.46973],[-45.13628,-1.47594],[-45.13924,-1.46945],[-45.13736,-1.46471]]],[[[-44.7723,-1.46229],[-44.74384,-1.46676],[-44.73713,-1.51193],[-44.78086,-1.5303],[-44.7723,-1.46229]]],[[[-45.09725,-1.47064],[-45.09257,-1.45748],[-45.08067,-1.45498],[-45.07313,-1.47337],[-45.09383,-1.47179],[-45.09725,-1.47064]]],[[[-45.16119,-1.45877],[-45.15603,-1.4313],[-45.1523,-1.43716],[-45.15523,-1.44513],[-45.16119,-1.45877]]],[[[-45.08259,-1.44171],[-45.08959,-1.43202],[-45.08646,-1.42076],[-45.08001,-1.4256],[-45.0822,-1.44102],[-45.08259,-1.44171]]],[[[-44.56589,-3.05311],[-44.66783,-2.95583],[-44.64171,-2.89648],[-44.79155,-2.88927],[-44.78654,-2.82005],[-44.82634,-2.79049],[-44.81089,-2.70245],[-44.71203,-2.61918],[-44.74858,-2.58545],[-44.81239,-2.58653],[-44.83358,-2.51509],[-44.93672,-2.5112],[-44.95896,-2.43444],[-44.89831,-2.38481],[-44.93488,-2.32957],[-44.93489,-2.23344],[-44.96586,-2.25105],[-44.96694,-2.17104],[-45.09473,-2.05028],[-45.18979,-2.04044],[-45.19874,-1.9936],[-45.17678,-2.00149],[-45.14421,-1.90386],[-45.17803,-1.85658],[-45.24284,-1.84112],[-45.27116,-1.73576],[-45.34806,-1.73531],[-45.31108,-1.60257],[-45.24798,-1.62268],[-45.2342,-1.54891],[-45.18055,-1.52378],[-45.1512,-1.46094],[-45.12771,-1.50775],[-45.14569,-1.5229],[-45.12638,-1.5116],[-45.10743,-1.54898],[-45.13011,-1.45941],[-45.10559,-1.42031],[-45.09717,-1.51359],[-45.07079,-1.42435],[-45.07752,-1.51733],[-45.05411,-1.47825],[-44.95861,-1.51518],[-44.94577,-1.47671],[-44.94299,-1.51732],[-44.94819,-1.4932],[-44.92688,-1.51112],[-44.94245,-1.49586],[-44.90476,-1.49013],[-44.92113,-1.48018],[-44.88098,-1.44356],[-44.8694,-1.45806],[-44.87057,-1.42483],[-44.81596,-1.41833],[-44.84189,-1.48867],[-44.85637,-1.46223],[-44.91385,-1.51494],[-44.8763,-1.52429],[-44.90702,-1.54804],[-44.90116,-1.61154],[-44.84587,-1.62429],[-44.82237,-1.57486],[-44.80136,-1.62664],[-44.79808,-1.59831],[-44.77762,-1.62497],[-44.79906,-1.66],[-44.7622,-1.56131],[-44.75771,-1.62588],[-44.71415,-1.55901],[-44.73239,-1.62337],[-44.6705,-1.56929],[-44.64275,-1.62426],[-44.6573,-1.6663],[-44.67151,-1.6447],[-44.75329,-1.64585],[-44.75053,-1.67534],[-44.78426,-1.67092],[-44.77322,-1.69179],[-44.80478,-1.70465],[-44.78524,-1.71305],[-44.80654,-1.72456],[-44.75535,-1.73251],[-44.78807,-1.75048],[-44.75306,-1.73959],[-44.76734,-1.70994],[-44.69716,-1.73799],[-44.84608,-1.8287],[-44.72182,-1.78303],[-44.75097,-1.81564],[-44.66495,-1.76308],[-44.69512,-1.80749],[-44.6726,-1.80888],[-44.65034,-1.76231],[-44.64796,-1.79132],[-44.65335,-1.71995],[-44.59503,-1.74265],[-44.63448,-1.7842],[-44.63318,-1.82911],[-44.61086,-1.83174],[-44.63963,-1.85751],[-44.5651,-1.85589],[-44.54577,-1.82151],[-44.52987,-1.83822],[-44.60574,-1.90575],[-44.57419,-1.89464],[-44.56141,-1.92308],[-44.56725,-1.89921],[-44.52861,-1.909],[-44.52014,-1.88594],[-44.48737,-1.95282],[-44.52108,-1.96252],[-44.46596,-2.01609],[-44.50035,-2.05374],[-44.4996,-2.14176],[-44.46076,-2.14462],[-44.42948,-2.1768],[-44.44437,-2.1936],[-44.39596,-2.21354],[-44.4161,-2.2283],[-44.39298,-2.22304],[-44.3926,-2.28369],[-44.35674,-2.32626],[-44.37176,-2.36057],[-44.3982,-2.35475],[-44.37457,-2.39157],[-44.41279,-2.41305],[-44.37414,-2.45417],[-44.42899,-2.60378],[-44.44757,-2.94206],[-44.56589,-3.05311]]],[[[-45.0165,-1.39495],[-45.00082,-1.40236],[-44.99925,-1.4115],[-45.00964,-1.4064],[-45.0165,-1.39495]]],[[[-45.14382,-1.37559],[-45.14154,-1.38107],[-45.14788,-1.39084],[-45.15088,-1.39226],[-45.14425,-1.37623],[-45.14382,-1.37559]]],[[[-45.09346,-1.43187],[-45.08008,-1.37956],[-45.0659,-1.37084],[-45.07903,-1.39285],[-45.09346,-1.43187]]],[[[-45.127,-1.38816],[-45.11392,-1.36303],[-45.0896,-1.38183],[-45.10759,-1.41473],[-45.127,-1.38816]]],[[[-44.97174,-1.40909],[-45.01501,-1.38286],[-45.00495,-1.34469],[-44.95859,-1.3848],[-44.97174,-1.40909]]],[[[-45.05229,-1.34698],[-45.05122,-1.34445],[-45.04866,-1.34466],[-45.05106,-1.34762],[-45.05229,-1.34698]]],[[[-45.04009,-1.39875],[-45.04377,-1.37169],[-45.05085,-1.35058],[-45.04011,-1.35348],[-45.03891,-1.39756],[-45.04009,-1.39875]]],[[[-44.88186,-1.33884],[-44.87594,-1.33974],[-44.877,-1.34506],[-44.879,-1.34542],[-44.88205,-1.34119],[-44.88186,-1.33884]]],[[[-44.96488,-1.32721],[-44.94046,-1.34451],[-44.96138,-1.40324],[-44.96488,-1.32721]]],[[[-45.05489,-1.33011],[-45.0448,-1.33156],[-45.04891,-1.33989],[-45.05441,-1.33812],[-45.05489,-1.33011]]],[[[-44.97865,-1.35433],[-45.02824,-1.33592],[-44.99868,-1.32105],[-44.97865,-1.35433]]],[[[-44.84267,-1.33429],[-44.87587,-1.35564],[-44.86997,-1.3268],[-44.90861,-1.32687],[-44.92604,-1.27821],[-44.8588,-1.29797],[-44.84267,-1.33429]]],[[[-44.95573,-1.2765],[-44.88898,-1.33624],[-44.92468,-1.33959],[-44.88756,-1.34607],[-44.93373,-1.38032],[-44.95834,-1.30956],[-44.98561,-1.30406],[-44.95573,-1.2765]]]]}},{"type":"Feature","id":"21002","properties":{"code":"21002","name":"AglomeraãÃO Urbana De SãO LuãS"},"geometry":{"type":"MultiPolygon","coordinates":[[[[-44.43413,-2.80079],[-44.42823,-2.59921],[-44.37414,-2.45417],[-44.31957,-2.49988],[-44.0194,-2.39953],[-44.02229,-2.45026],[-44.05337,-2.43075],[-44.11881,-2.47288],[-43.95883,-2.48226],[-43.98541,-2.56016],[-44.09665,-2.68801],[-44.31004,-2.77993],[-44.36927,-2.75661],[-44.38904,-2.7971],[-44.43413,-2.80079]]],[[[-44.01675,-2.40743],[-44.01151,-2.39938],[-44.00037,-2.39086],[-44.00548,-2.40062],[-44.01675,-2.40743]]]]}},{"type":"Feature","id":"21003","properties":{"code":"21003","name":"RosãRio"},"geometry":{"type":"MultiPolygon","coordinates":[[[[-44.55577,-3.05038],[-44.44757,-2.94206],[-44.43413,-2.80079],[-44.38904,-2.7971],[-44.36927,-2.75661],[-44.31332,-2.78065],[-44.13637,-2.7178],[-43.92677,-2.5131],[-43.83479,-2.36709],[-43.78532,-2.34022],[-43.74926,-2.37022],[-43.76104,-2.42346],[-43.68859,-2.47357],[-43.71276,-2.52484],[-43.68318,-2.58393],[-43.74553,-2.63751],[-43.54215,-3.12967],[-43.78339,-3.29256],[-43.80059,-3.28438],[-43.75982,-3.18282],[-44.02851,-3.2907],[-44.06479,-3.18747],[-44.11782,-3.2291],[-44.10255,-3.25348],[-44.20909,-3.25324],[-44.2428,-3.30847],[-44.35595,-3.25072],[-44.55577,-3.05038]]]]}},{"type":"Feature","id":"21004","properties":{"code":"21004","name":"LenãÃIs Maranhenses"},"geometry":{"type":"MultiPolygon","coordinates":[[[[-42.12636,-2.79968],[-42.17385,-2.81485],[-42.30928,-3.09248],[-42.5347,-3.0919],[-42.69633,-3.17556],[-42.68695,-3.05972],[-42.75753,-3.05585],[-42.76316,-3.12331],[-42.82476,-3.21613],[-43.15027,-3.08701],[-43.18048,-2.99502],[-43.22171,-3.02226],[-43.24275,-2.99204],[-43.31911,-3.02194],[-43.47486,-2.98122],[-43.57131,-3.03811],[-43.74553,-2.63751],[-43.69001,-2.60399],[-43.71276,-2.52484],[-43.68556,-2.49146],[-43.76104,-2.42346],[-43.76107,-2.35497],[-43.72854,-2.28796],[-43.61054,-2.21958],[-43.56569,-2.24699],[-43.49279,-2.37315],[-43.45311,-2.33652],[-43.38014,-2.32515],[-43.18517,-2.37351],[-42.79317,-2.56],[-42.74986,-2.56549],[-42.75044,-2.54468],[-42.69825,-2.59095],[-42.69405,-2.65113],[-42.69347,-2.58658],[-42.74167,-2.55696],[-42.71081,-2.55729],[-42.59811,-2.66],[-42.50428,-2.68019],[-42.48098,-2.71238],[-42.48409,-2.69247],[-42.36883,-2.71067],[-42.22069,-2.66756],[-42.21286,-2.70163],[-42.11783,-2.74507],[-42.12636,-2.79968]]]]}},{"type":"Feature","id":"21005","properties":{"code":"21005","name":"Baixada Maranhense"},"geometry":{"type":"MultiPolygon","coordinates":[[[[-44.61015,-3.8478],[-44.93201,-3.91829],[-45.05905,-3.70996],[-45.1106,-3.74853],[-45.15401,-3.72992],[-45.20389,-3.78497],[-45.29912,-3.79977],[-45.3404,-3.84912],[-45.31786,-3.77906],[-45.34293,-3.68407],[-45.32374,-3.69572],[-45.27661,-3.57326],[-45.30345,-3.56341],[-45.34247,-3.60363],[-45.39087,-3.56018],[-45.48754,-3.6096],[-45.52864,-3.56378],[-45.54224,-3.48502],[-45.44409,-3.39942],[-45.49032,-3.30682],[-45.57071,-3.25665],[-45.60635,-3.15909],[-45.64181,-2.6536],[-45.5943,-2.60576],[-45.56096,-2.48146],[-45.6416,-2.45848],[-45.64147,-2.36113],[-45.57237,-2.38342],[-45.52682,-2.34993],[-45.50774,-2.36492],[-45.45469,-2.29829],[-45.3904,-2.27633],[-45.34719,-2.33615],[-45.28626,-2.20918],[-45.29358,-2.16448],[-45.20605,-2.0372],[-45.09473,-2.05028],[-44.96694,-2.17104],[-44.96586,-2.25105],[-44.93489,-2.23344],[-44.93488,-2.32957],[-44.89831,-2.38481],[-44.95896,-2.43444],[-44.93672,-2.5112],[-44.83358,-2.51509],[-44.81239,-2.58653],[-44.74858,-2.58545],[-44.71203,-2.61918],[-44.81089,-2.70245],[-44.82634,-2.79049],[-44.78654,-2.82005],[-44.78971,-2.89197],[-44.7386,-2.87518],[-44.64171,-2.89648],[-44.67102,-2.93357],[-44.65323,-2.97902],[-44.399,-3.19051],[-44.44323,-3.221],[-44.41818,-3.24237],[-44.4428,-3.27382],[-44.46683,-3.2644],[-44.45601,-3.29738],[-44.48939,-3.30784],[-44.51806,-3.38369],[-44.62577,-3.49027],[-44.61015,-3.8478]]]]}},{"type":"Feature","id":"21006","properties":{"code":"21006","name":"Itapecuru Mirim"},"geometry":{"type":"MultiPolygon","coordinates":[[[[-44.61015,-3.8478],[-44.62577,-3.49027],[-44.51806,-3.38369],[-44.48939,-3.30784],[-44.45771,-3.2998],[-44.46785,-3.26602],[-44.41818,-3.24237],[-44.44309,-3.22324],[-44.42239,-3.20448],[-44.2428,-3.30847],[-44.20909,-3.25324],[-44.10255,-3.25348],[-44.11782,-3.2291],[-44.06479,-3.18747],[-44.02851,-3.2907],[-43.75982,-3.18282],[-43.80418,-3.31529],[-43.75765,-3.33137],[-43.71406,-3.40096],[-43.73627,-3.43911],[-43.6067,-3.61867],[-43.72839,-3.93493],[-43.89502,-3.96748],[-43.93807,-4.00047],[-43.99276,-3.84244],[-44.1555,-3.83684],[-44.19279,-3.9292],[-44.35367,-3.84893],[-44.41596,-3.93873],[-44.48096,-3.91946],[-44.50626,-3.84868],[-44.61015,-3.8478]]]]}},{"type":"Feature","id":"21007","properties":{"code":"21007","name":"Gurupi"},"geometry":{"type":"MultiPolygon","coordinates":[[[[-45.40677,-1.41863],[-45.41117,-1.40614],[-45.40412,-1.39568],[-45.39691,-1.3984],[-45.40609,-1.41717],[-45.40677,-1.41863]]],[[[-45.50899,-1.39039],[-45.51296,-1.39885],[-45.51861,-1.40295],[-45.51496,-1.39719],[-45.51033,-1.39039],[-45.50899,-1.39039]]],[[[-45.65443,-1.36212],[-45.64889,-1.35995],[-45.63913,-1.36277],[-45.64886,-1.36417],[-45.65443,-1.36212]]],[[[-45.50431,-1.39071],[-45.50116,-1.37121],[-45.48463,-1.36001],[-45.49127,-1.37711],[-45.50256,-1.38983],[-45.50431,-1.39071]]],[[[-45.47971,-1.34007],[-45.47579,-1.3517],[-45.48593,-1.35972],[-45.49031,-1.35048],[-45.48119,-1.34006],[-45.47971,-1.34007]]],[[[-45.63121,-1.31408],[-45.62544,-1.3236],[-45.62853,-1.33974],[-45.63133,-1.32937],[-45.63254,-1.31467],[-45.63121,-1.31408]]],[[[-45.63669,-1.3001],[-45.63456,-1.31247],[-45.63853,-1.31632],[-45.63886,-1.30525],[-45.63669,-1.3001]]],[[[-45.55048,-1.28975],[-45.54108,-1.29381],[-45.54198,-1.30224],[-45.55175,-1.30636],[-45.55048,-1.28975]]],[[[-45.68238,-1.31736],[-45.69394,-1.30421],[-45.68855,-1.29337],[-45.67786,-1.30357],[-45.68238,-1.31736]]],[[[-45.6504,-1.26792],[-45.64806,-1.26757],[-45.64612,-1.27038],[-45.64696,-1.27104],[-45.65051,-1.26873],[-45.6504,-1.26792]]],[[[-45.56,-1.28625],[-45.54189,-1.27014],[-45.53038,-1.26665],[-45.5324,-1.28163],[-45.55727,-1.2885],[-45.56,-1.28625]]],[[[-45.56817,-1.27349],[-45.55807,-1.257],[-45.55946,-1.26158],[-45.56184,-1.26845],[-45.56817,-1.27349]]],[[[-45.81298,-1.25562],[-45.81304,-1.26113],[-45.81695,-1.2628],[-45.81791,-1.25988],[-45.81437,-1.25512],[-45.81298,-1.25562]]],[[[-45.86254,-1.2591],[-45.85846,-1.25317],[-45.85559,-1.25411],[-45.85551,-1.26024],[-45.86206,-1.2598],[-45.86254,-1.2591]]],[[[-45.64879,-1.24297],[-45.64392,-1.24381],[-45.63949,-1.24514],[-45.64619,-1.25067],[-45.64965,-1.24562],[-45.64879,-1.24297]]],[[[-45.8026,-1.24427],[-45.79719,-1.23671],[-45.78917,-1.2346],[-45.79365,-1.24934],[-45.8026,-1.24427]]],[[[-45.59258,-1.24738],[-45.55951,-1.21187],[-45.57042,-1.19009],[-45.52883,-1.20555],[-45.53148,-1.23133],[-45.59258,-1.24738]]],[[[-45.68043,-1.18769],[-45.65823,-1.22467],[-45.68341,-1.26201],[-45.70019,-1.22368],[-45.68867,-1.20106],[-45.673,-1.23136],[-45.68043,-1.18769]]],[[[-45.78656,-1.22794],[-45.79756,-1.19245],[-45.78124,-1.19149],[-45.77677,-1.19653],[-45.78627,-1.22793],[-45.78656,-1.22794]]],[[[-45.76502,-1.18785],[-45.76324,-1.18658],[-45.76169,-1.18652],[-45.76124,-1.18958],[-45.76387,-1.18831],[-45.76502,-1.18785]]],[[[-45.81987,-1.15507],[-45.81877,-1.15646],[-45.819,-1.15841],[-45.82037,-1.15882],[-45.81987,-1.15507]]],[[[-45.81722,-1.15312],[-45.81675,-1.15348],[-45.81691,-1.1559],[-45.81754,-1.15525],[-45.81754,-1.15334],[-45.81722,-1.15312]]],[[[-45.69529,-1.36272],[-45.67314,-1.3458],[-45.68462,-1.2698],[-45.65559,-1.25609],[-45.6537,-1.31138],[-45.63844,-1.27503],[-45.64584,-1.19721],[-45.61585,-1.11588],[-45.63115,-1.34368],[-45.69529,-1.36272]]],[[[-45.82252,-1.1543],[-45.8263,-1.14061],[-45.82497,-1.12937],[-45.79727,-1.1275],[-45.8216,-1.15449],[-45.82252,-1.1543]]],[[[-45.95233,-1.1031],[-45.95456,-1.10481],[-45.95765,-1.10586],[-45.95635,-1.1044],[-45.95258,-1.10299],[-45.95233,-1.1031]]],[[[-46.9271,-4.08665],[-46.91225,-4.0393],[-46.95266,-3.79754],[-47.02935,-3.68115],[-47.03885,-3.5621],[-46.9773,-3.53038],[-46.98221,-3.49468],[-46.94798,-3.47644],[-46.94411,-3.37687],[-46.81338,-3.30954],[-46.80618,-3.24448],[-46.75479,-3.21572],[-46.77188,-3.17722],[-46.75193,-3.18905],[-46.7207,-3.15696],[-46.74782,-3.12088],[-46.7088,-3.12727],[-46.6758,-3.09366],[-46.64804,-2.9617],[-46.67965,-2.88173],[-46.63885,-2.8846],[-46.61394,-2.82895],[-46.57581,-2.84139],[-46.60234,-2.7892],[-46.63664,-2.79368],[-46.67039,-2.70641],[-46.62192,-2.64452],[-46.59375,-2.66537],[-46.57478,-2.62876],[-46.50501,-2.61492],[-46.48993,-2.53335],[-46.42021,-2.53016],[-46.44091,-2.41477],[-46.40752,-2.36868],[-46.46591,-2.36936],[-46.41407,-2.28042],[-46.42821,-2.23973],[-46.37783,-2.25349],[-46.27591,-2.15871],[-46.29285,-2.14864],[-46.26297,-2.12145],[-46.22045,-1.91481],[-46.24286,-1.87548],[-46.20862,-1.83089],[-46.25176,-1.7941],[-46.31113,-1.80388],[-46.32398,-1.76554],[-46.3051,-1.72773],[-46.2163,-1.7273],[-46.15206,-1.6736],[-46.16175,-1.62884],[-46.13054,-1.57413],[-46.16954,-1.47035],[-46.09527,-1.32712],[-46.15276,-1.275],[-46.1412,-1.21664],[-46.07708,-1.19624],[-46.05636,-1.13158],[-46.03851,-1.173],[-46.04606,-1.12114],[-46.01553,-1.06514],[-45.99947,-1.08961],[-45.96495,-1.04659],[-45.95831,-1.08512],[-45.98865,-1.09016],[-45.98156,-1.12333],[-45.95281,-1.12349],[-45.99436,-1.16242],[-45.94225,-1.13854],[-45.94848,-1.23863],[-45.89019,-1.08874],[-45.84145,-1.04461],[-45.85194,-1.12576],[-45.91407,-1.18186],[-45.86561,-1.14693],[-45.88794,-1.18068],[-45.86009,-1.16801],[-45.86485,-1.20053],[-45.91227,-1.23566],[-45.90347,-1.25997],[-45.84735,-1.20916],[-45.88161,-1.26171],[-45.86019,-1.28396],[-45.83433,-1.19679],[-45.8234,-1.24896],[-45.82357,-1.17958],[-45.79198,-1.16243],[-45.79559,-1.22209],[-45.84055,-1.28353],[-45.80117,-1.34443],[-45.83762,-1.28223],[-45.8018,-1.25005],[-45.78062,-1.2651],[-45.81493,-1.27618],[-45.7765,-1.27517],[-45.73508,-1.13266],[-45.67839,-1.14068],[-45.746,-1.23734],[-45.71913,-1.23164],[-45.69479,-1.26958],[-45.73003,-1.34622],[-45.69803,-1.3132],[-45.67799,-1.34476],[-45.74912,-1.36873],[-45.70041,-1.35821],[-45.72572,-1.41736],[-45.68625,-1.39727],[-45.69357,-1.37021],[-45.63072,-1.36751],[-45.614,-1.27842],[-45.58017,-1.25726],[-45.6082,-1.34211],[-45.5762,-1.3522],[-45.58741,-1.30832],[-45.55432,-1.27407],[-45.5755,-1.33787],[-45.52985,-1.31657],[-45.56965,-1.37511],[-45.5009,-1.29297],[-45.51184,-1.35207],[-45.54462,-1.37344],[-45.51166,-1.36114],[-45.51892,-1.41209],[-45.47323,-1.32038],[-45.41016,-1.28964],[-45.41077,-1.34371],[-45.43254,-1.33266],[-45.48848,-1.43159],[-45.45028,-1.51749],[-45.48751,-1.53085],[-45.444,-1.54332],[-45.44847,-1.44889],[-45.41639,-1.41561],[-45.42871,-1.46539],[-45.40522,-1.48725],[-45.42328,-1.46564],[-45.40883,-1.43408],[-45.39688,-1.46311],[-45.40229,-1.42211],[-45.36898,-1.43672],[-45.39103,-1.41252],[-45.36935,-1.37881],[-45.34694,-1.39153],[-45.37298,-1.39155],[-45.37164,-1.36288],[-45.34937,-1.34175],[-45.32972,-1.36274],[-45.35595,-1.31541],[-45.3175,-1.31809],[-45.29299,-1.42161],[-45.31588,-1.41177],[-45.31323,-1.44068],[-45.38741,-1.48036],[-45.37814,-1.5176],[-45.38385,-1.48405],[-45.34572,-1.48566],[-45.39971,-1.57235],[-45.33785,-1.47484],[-45.32746,-1.51708],[-45.32264,-1.47369],[-45.29807,-1.49451],[-45.34107,-1.62489],[-45.36615,-1.62243],[-45.34104,-1.62914],[-45.35593,-1.66982],[-45.4027,-1.70798],[-45.36583,-1.67548],[-45.38611,-1.71125],[-45.35756,-1.67961],[-45.35281,-1.73661],[-45.27116,-1.73576],[-45.24284,-1.84112],[-45.17803,-1.85658],[-45.14421,-1.90386],[-45.17678,-2.00149],[-45.19874,-1.9936],[-45.18095,-2.03058],[-45.2416,-2.06286],[-45.34937,-2.33699],[-45.39269,-2.27669],[-45.57409,-2.38318],[-45.68416,-2.32915],[-45.68393,-2.22685],[-45.70965,-2.24375],[-45.74301,-2.18966],[-45.832,-2.22877],[-45.85241,-2.34544],[-45.90391,-2.42383],[-45.91169,-2.529],[-45.98392,-2.61196],[-45.98997,-2.69591],[-46.06441,-2.68634],[-46.13163,-2.86543],[-46.12256,-2.90723],[-46.17915,-2.95817],[-46.19221,-3.01491],[-46.38914,-3.18003],[-46.39853,-3.3466],[-46.4595,-3.48575],[-46.69332,-3.67642],[-46.73865,-3.78512],[-46.69723,-3.85769],[-46.75739,-3.90505],[-46.76109,-3.97563],[-46.84392,-4.00322],[-46.9271,-4.08665]]]]}},{"type":"Feature","id":"21008","properties":{"code":"21008","name":"Pindarã"},"geometry":{"type":"MultiPolygon","coordinates":[[[[-46.92994,-4.85057],[-46.939,-4.58507],[-46.84134,-4.40037],[-46.93301,-4.44417],[-47.01703,-4.41993],[-47.08793,-4.30852],[-47.07274,-4.23663],[-47.02969,-4.22046],[-46.95752,-4.08691],[-46.9056,-4.0832],[-46.84392,-4.00322],[-46.76109,-3.97563],[-46.75739,-3.90505],[-46.69723,-3.85769],[-46.73865,-3.78512],[-46.69886,-3.68585],[-46.4595,-3.48575],[-46.39853,-3.3466],[-46.38914,-3.18003],[-46.19221,-3.01491],[-46.17915,-2.95817],[-46.12256,-2.90723],[-46.13163,-2.86543],[-46.09169,-2.80776],[-46.07275,-2.69777],[-45.98997,-2.69591],[-45.98392,-2.61196],[-45.91169,-2.529],[-45.90391,-2.42383],[-45.85241,-2.34544],[-45.832,-2.22877],[-45.74301,-2.18966],[-45.70965,-2.24375],[-45.68393,-2.22685],[-45.68416,-2.32915],[-45.6391,-2.36017],[-45.6416,-2.45848],[-45.56096,-2.48146],[-45.5943,-2.60576],[-45.64181,-2.6536],[-45.63797,-2.90266],[-45.57935,-3.24224],[-45.49032,-3.30682],[-45.44409,-3.39942],[-45.54224,-3.48502],[-45.52864,-3.56378],[-45.48754,-3.6096],[-45.39087,-3.56018],[-45.34247,-3.60363],[-45.30345,-3.56341],[-45.27661,-3.57326],[-45.32374,-3.69572],[-45.34293,-3.68407],[-45.31786,-3.77906],[-45.33874,-3.8898],[-45.31232,-3.90981],[-45.32279,-3.9655],[-45.2942,-4.02389],[-45.31968,-4.06807],[-45.19755,-4.18912],[-45.10672,-4.32884],[-45.13041,-4.41125],[-45.04246,-4.48418],[-45.08962,-4.61332],[-45.04002,-4.6912],[-45.14474,-4.74109],[-45.15668,-4.83369],[-45.11852,-4.94025],[-45.04026,-4.92981],[-45.11789,-4.99213],[-45.20972,-4.99973],[-45.27985,-5.05528],[-45.60601,-4.99298],[-45.57144,-4.94403],[-45.58954,-4.89653],[-45.70702,-4.83358],[-45.71225,-4.77517],[-45.84904,-4.74395],[-45.8675,-4.62752],[-45.923,-4.63977],[-45.92213,-4.61567],[-45.92828,-4.66169],[-46.04042,-4.79213],[-46.01737,-4.85371],[-46.92994,-4.85057]]]]}},{"type":"Feature","id":"21009","properties":{"code":"21009","name":"Imperatriz"},"geometry":{"type":"MultiPolygon","coordinates":[[[[-46.96192,-6.23993],[-47.04651,-6.21173],[-47.15779,-6.11089],[-47.23743,-6.11403],[-47.31134,-6.07102],[-47.42223,-6.08346],[-47.44798,-5.99298],[-47.43167,-5.86604],[-47.49337,-5.73053],[-47.4737,-5.66198],[-47.50012,-5.5256],[-47.55537,-5.46574],[-47.61862,-5.45973],[-47.74093,-5.38145],[-47.84376,-5.37621],[-47.88557,-5.2607],[-48.00121,-5.23425],[-48.07927,-5.27506],[-48.17854,-5.26078],[-48.36816,-5.16857],[-48.53301,-5.19872],[-48.60613,-5.3365],[-48.67944,-5.30582],[-48.71213,-5.35301],[-48.75515,-5.34917],[-47.79257,-4.58641],[-47.67996,-4.60862],[-47.61194,-4.55736],[-47.50279,-4.40371],[-47.47473,-4.31504],[-47.37177,-4.24559],[-47.31942,-4.04777],[-47.19026,-3.9837],[-47.17315,-3.92382],[-47.08521,-3.85664],[-47.03527,-3.6046],[-47.02935,-3.68115],[-46.95266,-3.79754],[-46.91226,-4.05956],[-46.96196,-4.09085],[-47.02969,-4.22046],[-47.07274,-4.23663],[-47.0887,-4.30561],[-46.99937,-4.42719],[-46.93301,-4.44417],[-46.84134,-4.40037],[-46.939,-4.58507],[-46.92994,-4.85057],[-46.01137,-4.86333],[-46.0692,-5.00009],[-46.19078,-5.07177],[-46.34798,-5.29629],[-46.33222,-5.6663],[-46.46356,-5.75038],[-46.73467,-5.75036],[-46.786,-5.83842],[-46.79084,-5.92531],[-46.67845,-6.1532],[-46.70158,-6.18948],[-46.85573,-6.18941],[-46.96192,-6.23993]]]]}},{"type":"Feature","id":"21010","properties":{"code":"21010","name":"MãDio Mearim"},"geometry":{"type":"MultiPolygon","coordinates":[[[[-45.02038,-5.20906],[-45.12324,-5.12093],[-45.33069,-5.12176],[-45.34882,-5.09064],[-45.20972,-4.99973],[-45.11789,-4.99213],[-45.04026,-4.92981],[-45.11852,-4.94025],[-45.15668,-4.83369],[-45.14474,-4.74109],[-45.04002,-4.6912],[-45.08962,-4.61332],[-45.04246,-4.48418],[-45.13041,-4.41125],[-45.10672,-4.32884],[-45.19755,-4.18912],[-45.31352,-4.09433],[-45.2942,-4.02389],[-45.3411,-3.85666],[-45.29912,-3.79977],[-45.20389,-3.78497],[-45.15401,-3.72992],[-45.1106,-3.74853],[-45.05905,-3.70996],[-44.93201,-3.91829],[-44.61387,-3.84314],[-44.50626,-3.84868],[-44.48096,-3.91946],[-44.41596,-3.93873],[-44.35367,-3.84893],[-44.31904,-3.8807],[-44.36762,-3.93175],[-44.3547,-3.9748],[-44.40724,-4.04318],[-44.40209,-4.08604],[-44.46291,-4.08588],[-44.44379,-4.12703],[-44.48679,-4.1297],[-44.4731,-4.30486],[-44.39586,-4.31808],[-44.4308,-4.48081],[-44.34757,-4.55822],[-44.41519,-4.61656],[-44.39703,-4.66532],[-44.45039,-4.69723],[-44.32217,-4.84227],[-44.41171,-4.97575],[-44.51416,-4.97593],[-44.64557,-4.85672],[-44.70165,-4.90527],[-44.86818,-4.93895],[-44.95172,-5.0237],[-44.96854,-5.12732],[-45.02038,-5.20906]]]]}},{"type":"Feature","id":"21011","properties":{"code":"21011","name":"Alto Mearim E Grajaã"},"geometry":{"type":"MultiPolygon","coordinates":[[[[-46.34438,-6.91266],[-46.37096,-6.84233],[-46.45112,-6.79602],[-46.49477,-6.8091],[-46.57567,-6.70596],[-46.65036,-6.72946],[-46.74146,-6.67259],[-46.72719,-6.65567],[-46.76231,-6.59739],[-46.71892,-6.5049],[-46.7171,-6.41621],[-46.6789,-6.37333],[-46.68999,-6.29917],[-46.60949,-6.22427],[-46.70166,-6.18963],[-46.67171,-6.13025],[-46.7266,-6.08714],[-46.73534,-6.00981],[-46.78495,-5.96347],[-46.79471,-5.87178],[-46.73093,-5.74767],[-46.67067,-5.76834],[-46.58741,-5.73271],[-46.46356,-5.75038],[-46.33222,-5.6663],[-46.34798,-5.29629],[-46.19078,-5.07177],[-46.114,-5.04607],[-46.02601,-4.9337],[-46.01137,-4.86333],[-46.04042,-4.79213],[-45.92828,-4.66169],[-45.92213,-4.61567],[-45.923,-4.63977],[-45.8675,-4.62752],[-45.84904,-4.74395],[-45.71225,-4.77517],[-45.70702,-4.83358],[-45.58954,-4.89653],[-45.57144,-4.94403],[-45.60601,-4.99298],[-45.27985,-5.05528],[-45.34846,-5.08019],[-45.33069,-5.12176],[-45.12324,-5.12093],[-45.02038,-5.20906],[-44.96854,-5.12732],[-44.95172,-5.0237],[-44.8851,-4.94952],[-44.70165,-4.90527],[-44.643,-4.85702],[-44.60281,-4.99837],[-44.66645,-5.0652],[-44.6277,-5.12597],[-44.53759,-5.18211],[-44.58538,-5.29449],[-44.53915,-5.3309],[-44.56088,-5.38223],[-44.52835,-5.47144],[-44.46113,-5.45217],[-44.44885,-5.49743],[-44.47718,-5.49653],[-44.48827,-5.52805],[-44.44735,-5.61405],[-44.46473,-5.73555],[-44.52733,-5.7551],[-44.54101,-5.82002],[-44.60211,-5.8285],[-44.6015,-6.01697],[-44.86963,-6.15749],[-44.95052,-6.33578],[-45.07354,-6.35203],[-45.09002,-6.31543],[-45.16466,-6.30196],[-45.27985,-6.3419],[-45.2678,-6.3619],[-45.30274,-6.39283],[-45.3956,-6.43152],[-45.49779,-6.41886],[-45.62833,-6.47704],[-45.7144,-6.46839],[-45.7224,-6.52989],[-45.77613,-6.58834],[-45.85003,-6.60016],[-45.89416,-6.64394],[-45.98944,-6.63489],[-45.99139,-6.67355],[-46.04089,-6.69501],[-46.05291,-6.66627],[-46.0773,-6.69439],[-46.10591,-6.66658],[-46.13412,-6.72035],[-46.15495,-6.71202],[-46.15102,-6.76772],[-46.21224,-6.77368],[-46.22758,-6.7499],[-46.2407,-6.85014],[-46.29025,-6.85104],[-46.30226,-6.90539],[-46.34438,-6.91266]]]]}},{"type":"Feature","id":"21012","properties":{"code":"21012","name":"Presidente Dutra"},"geometry":{"type":"MultiPolygon","coordinates":[[[[-44.09045,-5.84019],[-44.23258,-5.76406],[-44.4984,-5.801],[-44.4569,-5.82827],[-44.49649,-5.8756],[-44.53932,-5.8338],[-44.54249,-5.77801],[-44.46473,-5.73555],[-44.45459,-5.69932],[-44.44735,-5.61405],[-44.48827,-5.52805],[-44.47718,-5.49653],[-44.44885,-5.49743],[-44.46113,-5.45217],[-44.52835,-5.47144],[-44.56088,-5.38223],[-44.53915,-5.3309],[-44.58538,-5.29449],[-44.53759,-5.18211],[-44.6277,-5.12597],[-44.66645,-5.0652],[-44.60281,-4.99837],[-44.643,-4.85702],[-44.51416,-4.97593],[-44.41171,-4.97575],[-44.35793,-4.89496],[-44.26436,-4.92662],[-44.19417,-4.87902],[-44.17036,-4.91222],[-44.12051,-4.90225],[-44.14279,-4.96459],[-44.06361,-4.99699],[-44.02082,-4.98006],[-43.9599,-5.0505],[-44.01686,-5.16672],[-43.78412,-5.2737],[-43.88353,-5.33907],[-43.86554,-5.50055],[-43.81762,-5.54231],[-43.88543,-5.58959],[-43.89774,-5.6482],[-44.09045,-5.84019]]]]}},{"type":"Feature","id":"21013","properties":{"code":"21013","name":"Baixo ParnaãBa Maranhense"},"geometry":{"type":"MultiPolygon","coordinates":[[[[-43.12922,-3.4785],[-43.16301,-3.43314],[-43.16014,-3.36013],[-43.12653,-3.33964],[-43.1281,-3.26313],[-43.03059,-3.17261],[-43.04115,-3.13029],[-42.82476,-3.21613],[-42.76316,-3.12331],[-42.75753,-3.05585],[-42.68695,-3.05972],[-42.69633,-3.17556],[-42.5347,-3.0919],[-42.30928,-3.09248],[-42.17385,-2.81485],[-42.12764,-2.80118],[-42.11649,-2.7568],[-42.21742,-2.68542],[-42.0503,-2.68917],[-42.02435,-2.75926],[-42.01386,-2.71625],[-41.82077,-2.72093],[-41.86549,-2.87488],[-41.79661,-2.95981],[-41.82427,-3.0245],[-41.91844,-3.10252],[-41.93905,-3.18736],[-41.96445,-3.17898],[-42.00022,-3.24109],[-42.13386,-3.27765],[-42.09632,-3.30643],[-42.20437,-3.43577],[-42.29542,-3.45341],[-42.33081,-3.43386],[-42.39266,-3.44758],[-42.40494,-3.47553],[-42.43227,-3.45461],[-42.46143,-3.48601],[-42.49836,-3.44773],[-42.56716,-3.55832],[-42.75294,-3.41399],[-42.93196,-3.38759],[-43.12922,-3.4785]]]]}},{"type":"Feature","id":"21014","properties":{"code":"21014","name":"Chapadinha"},"geometry":{"type":"MultiPolygon","coordinates":[[[[-43.59457,-4.22842],[-43.60217,-4.04371],[-43.72935,-3.93512],[-43.6067,-3.61867],[-43.73627,-3.43911],[-43.71773,-3.39275],[-43.80498,-3.30107],[-43.54215,-3.12967],[-43.57131,-3.03811],[-43.54727,-3.00438],[-43.50184,-3.01729],[-43.47486,-2.98122],[-43.29785,-3.02147],[-43.24275,-2.99204],[-43.22171,-3.02226],[-43.18048,-2.99502],[-43.15027,-3.08701],[-43.04115,-3.13029],[-43.03059,-3.1726],[-43.13519,-3.27511],[-43.12653,-3.33964],[-43.16014,-3.36013],[-43.16301,-3.43314],[-43.12922,-3.4785],[-42.93196,-3.38759],[-42.75294,-3.41399],[-42.56246,-3.55593],[-42.67791,-3.67744],[-42.66899,-3.79235],[-42.73217,-3.91871],[-42.79792,-3.99661],[-42.82365,-3.9922],[-42.85577,-4.07729],[-43.20881,-4.01841],[-43.42924,-4.22332],[-43.51569,-4.18675],[-43.59457,-4.22842]]]]}},{"type":"Feature","id":"21015","properties":{"code":"21015","name":"Codã"},"geometry":{"type":"MultiPolygon","coordinates":[[[[-43.9599,-5.0505],[-44.02082,-4.98006],[-44.06361,-4.99699],[-44.14279,-4.96459],[-44.12051,-4.90225],[-44.17036,-4.91222],[-44.19417,-4.87902],[-44.26436,-4.92662],[-44.35793,-4.89496],[-44.32272,-4.83224],[-44.45039,-4.69723],[-44.39703,-4.66532],[-44.41519,-4.61656],[-44.34757,-4.55822],[-44.4308,-4.48081],[-44.39586,-4.31808],[-44.4731,-4.30486],[-44.48679,-4.1297],[-44.44379,-4.12703],[-44.46291,-4.08588],[-44.40209,-4.08604],[-44.40724,-4.04318],[-44.3547,-3.9748],[-44.36762,-3.93175],[-44.32294,-3.86447],[-44.19279,-3.9292],[-44.1555,-3.83684],[-43.99276,-3.84244],[-43.93807,-4.00047],[-43.89502,-3.96748],[-43.72935,-3.93512],[-43.60217,-4.04371],[-43.59457,-4.22842],[-43.50038,-4.19018],[-43.42951,-4.22298],[-43.36817,-4.30177],[-43.69601,-4.49248],[-43.75062,-4.46881],[-43.58426,-4.6587],[-43.64249,-4.75086],[-43.70047,-4.73159],[-43.84053,-4.76152],[-43.85283,-4.8821],[-43.83102,-4.93171],[-43.8709,-5.00066],[-43.9599,-5.0505]]]]}},{"type":"Feature","id":"21016","properties":{"code":"21016","name":"Coelho Neto"},"geometry":{"type":"MultiPolygon","coordinates":[[[[-43.75298,-4.47208],[-43.69601,-4.49248],[-43.36817,-4.30177],[-43.42924,-4.22332],[-43.20881,-4.01841],[-42.85577,-4.07729],[-42.90306,-4.12435],[-42.88818,-4.15561],[-42.932,-4.15867],[-42.98542,-4.22071],[-42.9508,-4.38684],[-43.08267,-4.44616],[-43.13414,-4.56254],[-43.25359,-4.71732],[-43.40295,-4.63037],[-43.47851,-4.64775],[-43.49979,-4.68269],[-43.55831,-4.67486],[-43.75298,-4.47208]]]]}},{"type":"Feature","id":"21017","properties":{"code":"21017","name":"Caxias"},"geometry":{"type":"MultiPolygon","coordinates":[[[[-44.06382,-5.86964],[-44.0753,-5.81622],[-43.97591,-5.73853],[-43.89774,-5.6482],[-43.88613,-5.59042],[-43.81693,-5.5403],[-43.86554,-5.50055],[-43.88353,-5.33907],[-43.78412,-5.2737],[-44.01686,-5.16672],[-43.9601,-5.05063],[-43.8709,-5.00066],[-43.83102,-4.93171],[-43.85283,-4.8821],[-43.84053,-4.76152],[-43.70047,-4.73159],[-43.6532,-4.7547],[-43.58426,-4.6587],[-43.49979,-4.68269],[-43.42123,-4.62966],[-43.25359,-4.71732],[-43.13414,-4.56254],[-43.08267,-4.44616],[-42.93686,-4.3814],[-42.89245,-4.40673],[-42.84973,-4.48827],[-42.86908,-4.57228],[-42.95371,-4.6857],[-42.92027,-4.73535],[-42.95101,-4.7846],[-42.85411,-4.9375],[-42.79795,-5.18322],[-42.82867,-5.23993],[-42.81303,-5.30727],[-42.828,-5.34955],[-42.9685,-5.4513],[-43.03455,-5.59219],[-43.09344,-5.60985],[-43.07678,-5.73511],[-43.10153,-5.7664],[-43.07656,-5.86708],[-43.09536,-5.9104],[-43.56555,-5.91306],[-43.53506,-5.83515],[-43.6061,-5.73747],[-43.71682,-5.80238],[-43.72878,-5.8475],[-43.67041,-5.88996],[-43.73895,-5.98227],[-43.90538,-6.00478],[-44.06382,-5.86964]]]]}},{"type":"Feature","id":"21018","properties":{"code":"21018","name":"Chapadas Do Alto Itapecuru"},"geometry":{"type":"MultiPolygon","coordinates":[[[[-45.94808,-6.67402],[-45.85003,-6.60016],[-45.76761,-6.58267],[-45.7224,-6.52989],[-45.7144,-6.46839],[-45.62833,-6.47704],[-45.49779,-6.41886],[-45.3956,-6.43152],[-45.30274,-6.39283],[-45.2678,-6.3619],[-45.27985,-6.3419],[-45.16466,-6.30196],[-45.09002,-6.31543],[-45.07354,-6.35203],[-44.95052,-6.33578],[-44.86963,-6.15749],[-44.6015,-6.01697],[-44.60211,-5.8285],[-44.54142,-5.81894],[-44.49649,-5.8756],[-44.4569,-5.82827],[-44.4984,-5.801],[-44.23258,-5.76406],[-44.09045,-5.84019],[-44.07493,-5.81627],[-44.06382,-5.86964],[-43.90538,-6.00478],[-43.72189,-5.97199],[-43.67015,-5.88728],[-43.72878,-5.8475],[-43.71682,-5.80238],[-43.61235,-5.73747],[-43.59732,-5.77336],[-43.56026,-5.77189],[-43.53506,-5.83515],[-43.56555,-5.91306],[-43.09536,-5.9104],[-43.04895,-5.99601],[-43.07661,-6.04401],[-43.04998,-6.09975],[-42.99065,-6.11862],[-42.96859,-6.17825],[-42.86505,-6.23607],[-42.86019,-6.33054],[-42.82933,-6.33742],[-42.87775,-6.41787],[-42.87123,-6.51208],[-42.91978,-6.67031],[-43.00239,-6.75559],[-43.08211,-6.74808],[-43.14603,-6.7831],[-43.24469,-6.76635],[-43.45776,-6.84659],[-43.56134,-6.74937],[-43.67057,-6.70662],[-43.79506,-6.70207],[-43.93237,-6.772],[-43.96121,-6.7419],[-44.05337,-6.76831],[-44.0697,-6.82138],[-44.11401,-6.80346],[-44.10065,-6.85114],[-44.1199,-6.83279],[-44.16348,-6.87452],[-44.2359,-6.99874],[-44.32893,-6.93714],[-44.42137,-6.79771],[-44.63055,-6.67997],[-45.0108,-6.73119],[-45.11936,-6.81539],[-45.29755,-6.7956],[-45.38335,-6.75725],[-45.57278,-6.81987],[-45.7465,-6.70013],[-45.84686,-6.72293],[-45.94808,-6.67402]]]]}},{"type":"Feature","id":"21019","properties":{"code":"21019","name":"Porto Franco"},"geometry":{"type":"MultiPolygon","coordinates":[[[[-46.99743,-8.06723],[-47.10648,-7.9908],[-47.10723,-7.93698],[-47.24501,-7.8155],[-47.26126,-7.74116],[-47.31243,-7.73156],[-47.30198,-7.69131],[-47.33152,-7.68522],[-47.31421,-7.66062],[-47.33579,-7.63703],[-47.36363,-7.61705],[-47.35221,-7.64684],[-47.38191,-7.65406],[-47.3986,-7.5691],[-47.43946,-7.55623],[-47.42765,-7.52576],[-47.47521,-7.53336],[-47.50471,-7.43663],[-47.59029,-7.44089],[-47.48588,-7.3671],[-47.49979,-7.29386],[-47.5919,-7.264],[-47.64771,-7.30412],[-47.74983,-7.19526],[-47.71066,-7.13765],[-47.64446,-7.14361],[-47.54829,-7.01889],[-47.50762,-6.90719],[-47.52965,-6.83139],[-47.49412,-6.75483],[-47.49864,-6.67123],[-47.41665,-6.48568],[-47.43421,-6.43119],[-47.37724,-6.26677],[-47.43023,-6.06835],[-47.15779,-6.11089],[-46.98308,-6.2369],[-46.85573,-6.18941],[-46.61337,-6.21021],[-46.64368,-6.27577],[-46.68999,-6.29917],[-46.6789,-6.37333],[-46.7171,-6.41621],[-46.71892,-6.5049],[-46.76231,-6.59739],[-46.72719,-6.65567],[-46.74146,-6.67259],[-46.65036,-6.72946],[-46.57567,-6.70596],[-46.49477,-6.8091],[-46.45112,-6.79602],[-46.36968,-6.84358],[-46.35793,-6.90391],[-46.3065,-6.90749],[-46.34017,-6.9394],[-46.41586,-6.93232],[-46.42581,-6.86448],[-46.61486,-6.81867],[-46.83856,-6.93002],[-46.85548,-6.98275],[-46.88537,-6.98999],[-46.86487,-7.04608],[-46.77926,-7.07945],[-46.72385,-7.201],[-46.81873,-7.29039],[-46.96173,-7.32758],[-47.08748,-7.40651],[-47.12528,-7.5209],[-47.21964,-7.63313],[-47.1507,-7.66323],[-47.04773,-7.65327],[-47.03392,-7.6975],[-46.95192,-7.69914],[-46.8957,-7.74753],[-46.80304,-7.74741],[-46.79448,-7.78809],[-46.8465,-7.88034],[-46.80653,-7.95121],[-46.91829,-7.98176],[-46.99743,-8.06723]]]]}},{"type":"Feature","id":"21020","properties":{"code":"21020","name":"Gerais De Balsas"},"geometry":{"type":"MultiPolygon","coordinates":[[[[-45.94627,-10.25855],[-46.00632,-10.25963],[-46.03125,-10.17611],[-46.1633,-10.21363],[-46.21087,-10.16973],[-46.36789,-10.16881],[-46.45653,-10.04992],[-46.4729,-9.87744],[-46.50945,-9.80137],[-46.57159,-9.80804],[-46.57509,-9.75858],[-46.64742,-9.73035],[-46.65334,-9.69344],[-46.61306,-9.66581],[-46.59239,-9.5872],[-46.53676,-9.55711],[-46.57569,-9.51755],[-46.56098,-9.48403],[-46.64001,-9.45772],[-46.63278,-9.41159],[-46.66598,-9.39192],[-46.76568,-9.40633],[-46.81106,-9.30675],[-46.84514,-9.29982],[-46.82278,-9.19904],[-46.88992,-9.12436],[-46.9318,-9.12807],[-46.92162,-9.06681],[-47.00734,-9.08219],[-47.07055,-9.06195],[-47.04348,-9.02655],[-47.06748,-9.01039],[-46.97029,-8.91449],[-46.99292,-8.87889],[-46.9149,-8.85306],[-46.90423,-8.77856],[-46.93128,-8.72675],[-46.88695,-8.68649],[-46.91628,-8.59478],[-46.84634,-8.53494],[-46.85109,-8.47616],[-46.80051,-8.45409],[-46.80683,-8.39897],[-46.77971,-8.36749],[-46.7281,-8.38638],[-46.63523,-8.31932],[-46.54414,-8.31961],[-46.50759,-8.27077],[-46.48756,-8.19991],[-46.51523,-8.1684],[-46.46662,-8.06619],[-46.49031,-7.98324],[-46.60467,-7.89618],[-46.80653,-7.95121],[-46.8465,-7.88034],[-46.79448,-7.78809],[-46.80412,-7.74569],[-46.8957,-7.74753],[-46.95192,-7.69914],[-47.03392,-7.6975],[-47.04773,-7.65327],[-47.1507,-7.66323],[-47.21964,-7.63313],[-47.12528,-7.5209],[-47.08748,-7.40651],[-46.96173,-7.32758],[-46.81873,-7.29039],[-46.74272,-7.23149],[-46.72995,-7.16028],[-46.77492,-7.12904],[-46.77926,-7.07945],[-46.88481,-7.02505],[-46.88537,-6.98999],[-46.85548,-6.98275],[-46.83856,-6.93002],[-46.61486,-6.81867],[-46.42581,-6.86448],[-46.41723,-6.93188],[-46.34017,-6.9394],[-46.45105,-7.06645],[-46.29314,-7.19985],[-46.31247,-7.28391],[-46.29342,-7.33846],[-46.245,-7.34092],[-46.19809,-7.25796],[-46.0718,-7.15989],[-45.67963,-7.3927],[-45.70575,-7.44428],[-45.81317,-7.45119],[-45.83124,-7.47836],[-45.8208,-7.56142],[-45.79255,-7.58343],[-45.79177,-7.70321],[-45.86093,-7.82112],[-45.84127,-7.97962],[-45.79398,-8.02099],[-45.77186,-7.99229],[-45.78533,-7.94283],[-45.82758,-7.92306],[-45.83539,-7.84646],[-45.76205,-7.78276],[-45.61971,-7.80731],[-45.52069,-7.88481],[-45.56729,-7.9936],[-45.54984,-8.01449],[-45.57629,-8.02909],[-45.58147,-8.15604],[-45.66156,-8.25002],[-45.75352,-8.54226],[-45.79378,-8.5844],[-45.76564,-8.60958],[-45.81555,-8.63323],[-45.83995,-8.71528],[-45.93831,-8.78281],[-45.99429,-8.92687],[-45.89751,-9.18431],[-45.89368,-9.34218],[-45.82416,-9.37495],[-45.78314,-9.47978],[-45.84142,-9.5623],[-45.82142,-9.77313],[-45.86628,-9.87072],[-45.84229,-9.94156],[-45.87854,-10.1103],[-45.95529,-10.21844],[-45.94627,-10.25855]]]]}},{"type":"Feature","id":"21021","properties":{"code":"21021","name":"Chapadas Das Mangabeiras"},"geometry":{"type":"MultiPolygon","coordinates":[[[[-44.24887,-6.99872],[-44.3062,-7.11717],[-44.38706,-7.12094],[-44.56359,-7.22695],[-44.68798,-7.39453],[-44.72989,-7.39104],[-44.74206,-7.36183],[-44.81673,-7.36121],[-44.92692,-7.47162],[-45.04718,-7.51258],[-45.15457,-7.51276],[-45.21858,-7.56831],[-45.23391,-7.54906],[-45.39408,-7.61301],[-45.47021,-7.69136],[-45.52601,-7.85797],[-45.68605,-7.78719],[-45.76205,-7.78276],[-45.82183,-7.81325],[-45.82758,-7.92306],[-45.7706,-7.98263],[-45.79398,-8.02099],[-45.84514,-7.97549],[-45.82797,-7.9487],[-45.86145,-7.82736],[-45.79177,-7.70321],[-45.79255,-7.58343],[-45.8208,-7.56142],[-45.83124,-7.47836],[-45.81317,-7.45119],[-45.70575,-7.44428],[-45.67963,-7.3927],[-46.0718,-7.15989],[-46.19809,-7.25796],[-46.245,-7.34092],[-46.28508,-7.34307],[-46.31237,-7.28921],[-46.29314,-7.19985],[-46.45105,-7.06645],[-46.30226,-6.90539],[-46.29505,-6.85405],[-46.2407,-6.85014],[-46.22758,-6.7499],[-46.21224,-6.77368],[-46.15102,-6.76772],[-46.15495,-6.71202],[-46.13412,-6.72035],[-46.11843,-6.67503],[-46.0773,-6.69439],[-46.0532,-6.66617],[-46.04089,-6.69501],[-45.99139,-6.67355],[-45.98869,-6.6348],[-45.92852,-6.64258],[-45.94808,-6.67402],[-45.84788,-6.72268],[-45.7465,-6.70013],[-45.67819,-6.72806],[-45.57278,-6.81987],[-45.38335,-6.75725],[-45.29755,-6.7956],[-45.11936,-6.81539],[-45.0108,-6.73119],[-44.63055,-6.67997],[-44.42137,-6.79771],[-44.32893,-6.93714],[-44.27314,-6.9561],[-44.24887,-6.99872]]]]}},{"type":"Feature","id":"22001","properties":{"code":"22001","name":"Baixo ParnaãBa Piauiense"},"geometry":{"type":"MultiPolygon","coordinates":[[[[-42.96346,-4.35398],[-42.98542,-4.22071],[-42.932,-4.15867],[-42.88818,-4.15561],[-42.90306,-4.12435],[-42.86294,-4.09287],[-42.82365,-3.9922],[-42.79792,-3.99661],[-42.7262,-3.91001],[-42.66899,-3.79235],[-42.67791,-3.67744],[-42.56773,-3.5663],[-42.50297,-3.45287],[-42.46143,-3.48601],[-42.43227,-3.45461],[-42.40494,-3.47553],[-42.39266,-3.44758],[-42.33081,-3.43386],[-42.29542,-3.45341],[-42.20437,-3.43577],[-42.1252,-3.34559],[-42.06381,-3.39518],[-42.09863,-3.4389],[-42.05055,-3.44863],[-42.05372,-3.49055],[-41.90812,-3.53467],[-41.94027,-3.60531],[-41.92241,-3.67591],[-41.97277,-3.69028],[-41.98144,-3.77752],[-41.8984,-3.79672],[-41.91076,-3.94077],[-41.84777,-3.97383],[-41.85582,-4.04228],[-41.73829,-4.04513],[-41.77491,-4.10036],[-41.63192,-4.13559],[-41.62212,-4.06036],[-41.33596,-4.05148],[-41.31292,-4.14754],[-41.41032,-4.14937],[-41.44944,-4.19373],[-41.49755,-4.18103],[-41.56108,-4.31072],[-41.59732,-4.29606],[-41.61796,-4.33884],[-41.66858,-4.34787],[-41.6624,-4.40289],[-41.60511,-4.40912],[-41.73942,-4.57034],[-41.84308,-4.46443],[-41.95876,-4.42609],[-42.02715,-4.35431],[-42.07928,-4.37422],[-42.06099,-4.43401],[-42.29575,-4.55107],[-42.43539,-4.47759],[-42.44475,-4.44055],[-42.54623,-4.36243],[-42.58132,-4.38558],[-42.5816,-4.42705],[-42.96346,-4.35398]]]]}},{"type":"Feature","id":"22002","properties":{"code":"22002","name":"Litoral Piauiense"},"geometry":{"type":"MultiPolygon","coordinates":[[[[-41.09909,-4.18184],[-41.16477,-4.18823],[-41.19676,-4.14821],[-41.24897,-4.13913],[-41.29418,-4.16785],[-41.33603,-4.05147],[-41.62212,-4.06036],[-41.63192,-4.13559],[-41.77491,-4.10036],[-41.73829,-4.04513],[-41.85582,-4.04228],[-41.84777,-3.97383],[-41.91076,-3.94077],[-41.8984,-3.79672],[-41.98158,-3.77534],[-41.97277,-3.69028],[-41.92241,-3.67591],[-41.94027,-3.60531],[-41.90812,-3.53467],[-42.05372,-3.49055],[-42.05055,-3.44863],[-42.09863,-3.4389],[-42.06381,-3.39518],[-42.12843,-3.34298],[-42.09665,-3.2992],[-42.13518,-3.28091],[-42.00022,-3.24109],[-41.96445,-3.17898],[-41.93905,-3.18736],[-41.91844,-3.10252],[-41.82427,-3.0245],[-41.79661,-2.95981],[-41.86549,-2.87488],[-41.84905,-2.77352],[-41.81411,-2.73931],[-41.60699,-2.90008],[-41.39977,-2.904],[-41.32268,-2.92132],[-41.31705,-2.96038],[-41.27126,-2.97161],[-41.25665,-3.08801],[-41.31916,-3.14534],[-41.42352,-3.36801],[-41.39909,-3.36359],[-41.38699,-3.4093],[-41.32405,-3.38592],[-41.30303,-3.49218],[-41.37131,-3.57263],[-41.33132,-3.62468],[-41.34175,-3.68077],[-41.23828,-3.71577],[-41.30081,-3.8263],[-41.27686,-3.82562],[-41.22024,-3.94151],[-41.25673,-4.03485],[-41.18552,-4.01722],[-41.11287,-4.04174],[-41.14314,-4.12423],[-41.09909,-4.18184]]]]}},{"type":"Feature","id":"22003","properties":{"code":"22003","name":"Teresina"},"geometry":{"type":"MultiPolygon","coordinates":[[[[-42.22843,-5.67127],[-42.35216,-5.6384],[-42.35933,-5.59584],[-42.48507,-5.64297],[-42.52572,-5.6811],[-42.52161,-5.72637],[-42.5599,-5.74009],[-42.60282,-5.7131],[-42.61643,-5.75851],[-42.63339,-5.72819],[-42.69864,-5.72836],[-42.67281,-5.70469],[-42.71955,-5.73597],[-42.72282,-5.70695],[-42.81405,-5.67837],[-42.93643,-5.70447],[-42.97548,-5.68271],[-42.95327,-5.65248],[-42.97192,-5.62854],[-42.91456,-5.62602],[-43.00528,-5.5419],[-43.00013,-5.5167],[-42.91233,-5.39608],[-42.82462,-5.34564],[-42.82867,-5.23993],[-42.79795,-5.18322],[-42.85462,-4.93611],[-42.95136,-4.78017],[-42.92027,-4.73535],[-42.95371,-4.6857],[-42.86908,-4.57228],[-42.84936,-4.4826],[-42.88008,-4.41709],[-42.95867,-4.38323],[-42.96384,-4.35154],[-42.5816,-4.42705],[-42.58132,-4.38558],[-42.54623,-4.36243],[-42.44475,-4.44055],[-42.43539,-4.47759],[-42.29575,-4.55107],[-42.37041,-4.83199],[-42.31289,-4.93853],[-42.15077,-5.0653],[-42.36883,-5.32061],[-42.22843,-5.67127]]]]}},{"type":"Feature","id":"22004","properties":{"code":"22004","name":"Campo Maior"},"geometry":{"type":"MultiPolygon","coordinates":[[[[-41.36321,-6.17752],[-41.36807,-6.1471],[-41.41641,-6.1286],[-41.50916,-6.14983],[-41.50013,-6.11294],[-41.63918,-6.07383],[-41.67826,-6.03286],[-41.65602,-5.93555],[-41.71812,-5.78867],[-41.84298,-5.81938],[-41.94996,-5.80694],[-42.00673,-5.76036],[-42.10569,-5.74259],[-42.11539,-5.66854],[-42.17478,-5.64812],[-42.22843,-5.67127],[-42.36883,-5.32061],[-42.15077,-5.0653],[-42.31289,-4.93853],[-42.37041,-4.83199],[-42.29575,-4.55107],[-42.06099,-4.43401],[-42.07928,-4.37422],[-42.02715,-4.35431],[-41.95876,-4.42609],[-41.84308,-4.46443],[-41.73942,-4.57034],[-41.60511,-4.40912],[-41.6624,-4.40289],[-41.66887,-4.34824],[-41.61796,-4.33884],[-41.59732,-4.29606],[-41.56108,-4.31072],[-41.49755,-4.18103],[-41.44859,-4.19357],[-41.41032,-4.14937],[-41.34691,-4.13764],[-41.28015,-4.16946],[-41.24897,-4.13913],[-41.19676,-4.14821],[-41.16477,-4.18823],[-41.09909,-4.18184],[-41.1359,-4.23351],[-41.12017,-4.33057],[-41.16001,-4.3815],[-41.19078,-4.51553],[-41.24226,-4.56995],[-41.22122,-4.57894],[-41.22933,-4.62009],[-41.17385,-4.66694],[-41.25034,-4.75663],[-41.20802,-4.77677],[-41.24957,-4.86969],[-41.22137,-4.93823],[-41.13752,-4.98497],[-41.13202,-5.04857],[-40.92561,-5.17685],[-40.94223,-5.24047],[-40.91171,-5.26665],[-40.91212,-5.3142],[-40.9361,-5.36597],[-40.91155,-5.40738],[-40.9438,-5.42359],[-40.91619,-5.46382],[-40.93645,-5.52639],[-40.90105,-5.61591],[-40.93877,-5.67334],[-40.87359,-5.97305],[-40.90631,-6.04652],[-41.2591,-6.11045],[-41.33048,-6.13311],[-41.31837,-6.15863],[-41.36321,-6.17752]]]]}},{"type":"Feature","id":"22005","properties":{"code":"22005","name":"MãDio ParnaãBa Piauiense"},"geometry":{"type":"MultiPolygon","coordinates":[[[[-42.66587,-6.85219],[-42.79328,-6.77457],[-42.85694,-6.66228],[-42.91539,-6.64607],[-42.87123,-6.51208],[-42.87775,-6.41787],[-42.82933,-6.33742],[-42.86019,-6.33054],[-42.86505,-6.23607],[-42.96859,-6.17825],[-42.98508,-6.12403],[-43.04492,-6.10512],[-43.075,-6.05471],[-43.04795,-6.00221],[-43.10025,-5.90233],[-43.07656,-5.86708],[-43.09914,-5.63028],[-43.00528,-5.5419],[-42.91456,-5.62602],[-42.97192,-5.62854],[-42.95327,-5.65248],[-42.97548,-5.68271],[-42.95173,-5.69595],[-42.81405,-5.67837],[-42.72282,-5.70695],[-42.71955,-5.73597],[-42.67281,-5.70469],[-42.69864,-5.72836],[-42.63339,-5.72819],[-42.61643,-5.75851],[-42.60282,-5.7131],[-42.5599,-5.74009],[-42.52161,-5.72637],[-42.52572,-5.6811],[-42.48507,-5.64297],[-42.38294,-5.60221],[-42.35933,-5.59584],[-42.35352,-5.63732],[-42.30445,-5.65213],[-42.35191,-5.79149],[-42.31214,-5.84101],[-42.39145,-5.97388],[-42.30336,-6.03637],[-42.31379,-6.07063],[-42.35487,-6.06948],[-42.3926,-6.10762],[-42.38548,-6.15547],[-42.32791,-6.21283],[-42.31146,-6.29722],[-42.28238,-6.30407],[-42.29056,-6.39664],[-42.34903,-6.507],[-42.30946,-6.51401],[-42.35648,-6.52851],[-42.37544,-6.6767],[-42.47818,-6.66788],[-42.48956,-6.70858],[-42.55854,-6.72255],[-42.57054,-6.789],[-42.62339,-6.79793],[-42.66587,-6.85219]]]]}},{"type":"Feature","id":"22006","properties":{"code":"22006","name":"ValenãA Do Piauã"},"geometry":{"type":"MultiPolygon","coordinates":[[[[-40.78994,-6.50063],[-41.09536,-6.75669],[-41.14312,-6.75047],[-41.13035,-6.65519],[-41.29309,-6.6746],[-41.28191,-6.65113],[-41.37107,-6.59392],[-41.50846,-6.55688],[-41.47962,-6.74493],[-41.54271,-6.73831],[-41.6066,-6.83353],[-41.66067,-6.82997],[-41.66053,-6.79601],[-41.76343,-6.79167],[-41.81637,-6.71498],[-41.99816,-6.617],[-42.18275,-6.64722],[-42.30548,-6.58985],[-42.30982,-6.5072],[-42.34903,-6.507],[-42.29056,-6.39664],[-42.28238,-6.30407],[-42.31146,-6.29722],[-42.32791,-6.21283],[-42.38548,-6.15547],[-42.3926,-6.10762],[-42.35487,-6.06948],[-42.31379,-6.07063],[-42.30336,-6.03637],[-42.39145,-5.97388],[-42.31214,-5.84101],[-42.35191,-5.79149],[-42.30677,-5.65497],[-42.22843,-5.67127],[-42.1557,-5.6513],[-42.11094,-5.67388],[-42.10569,-5.74259],[-42.00673,-5.76036],[-41.94996,-5.80694],[-41.84298,-5.81938],[-41.71812,-5.78867],[-41.65602,-5.93555],[-41.67826,-6.03286],[-41.63918,-6.07383],[-41.50013,-6.11294],[-41.50916,-6.14983],[-41.41641,-6.1286],[-41.36807,-6.1471],[-41.36321,-6.17752],[-41.31837,-6.15863],[-41.33048,-6.13311],[-41.2591,-6.11045],[-40.88068,-6.04948],[-40.84574,-6.13499],[-40.85222,-6.22422],[-40.78201,-6.31656],[-40.80515,-6.39313],[-40.78994,-6.50063]]]]}},{"type":"Feature","id":"22007","properties":{"code":"22007","name":"Alto ParnaãBa Piauiense"},"geometry":{"type":"MultiPolygon","coordinates":[[[[-45.71158,-9.55664],[-45.78856,-9.48347],[-45.82416,-9.37495],[-45.89368,-9.34218],[-45.89751,-9.18431],[-45.99429,-8.92687],[-45.93831,-8.78281],[-45.83995,-8.71528],[-45.81555,-8.63323],[-45.76564,-8.60958],[-45.79378,-8.5844],[-45.73846,-8.50117],[-45.73108,-8.41272],[-45.66156,-8.25002],[-45.58147,-8.15604],[-45.57629,-8.02909],[-45.54984,-8.01449],[-45.56729,-7.9936],[-45.52363,-7.91219],[-45.54038,-7.8647],[-45.47021,-7.69136],[-45.33197,-7.57703],[-45.23391,-7.54906],[-45.21858,-7.56831],[-45.15457,-7.51276],[-45.04718,-7.51258],[-44.92692,-7.47162],[-44.81673,-7.36121],[-44.74206,-7.36183],[-44.72989,-7.39104],[-44.68798,-7.39453],[-44.56359,-7.22695],[-44.32764,-7.11029],[-44.35169,-7.22777],[-44.29754,-7.26349],[-44.3553,-7.32884],[-44.35314,-7.42569],[-44.14483,-7.54496],[-44.40843,-8.46183],[-44.84235,-8.26531],[-44.81524,-8.39344],[-44.87689,-8.53269],[-44.88689,-8.74355],[-44.92337,-8.84432],[-45.31194,-9.24282],[-45.51159,-9.17196],[-45.41,-9.45883],[-45.51342,-9.45879],[-45.56469,-9.51334],[-45.71158,-9.55664]]]]}},{"type":"Feature","id":"22008","properties":{"code":"22008","name":"BertolãNia"},"geometry":{"type":"MultiPolygon","coordinates":[[[[-44.38352,-8.36614],[-44.14483,-7.54496],[-44.35314,-7.42569],[-44.3553,-7.32884],[-44.29754,-7.26349],[-44.35169,-7.22777],[-44.26198,-6.99872],[-44.20787,-6.96657],[-44.12512,-6.83559],[-44.10065,-6.85114],[-44.11628,-6.80579],[-44.0697,-6.82138],[-44.05337,-6.76831],[-43.96121,-6.7419],[-43.83253,-6.84268],[-43.89938,-6.90036],[-43.91462,-6.96569],[-43.81864,-6.93356],[-43.7243,-6.95442],[-43.7971,-7.06637],[-43.68435,-7.13308],[-43.73254,-7.30058],[-43.78433,-7.36586],[-43.6924,-7.32733],[-43.66308,-7.43522],[-43.74055,-7.51649],[-43.75372,-7.57419],[-43.70178,-7.6444],[-43.76474,-7.7237],[-43.54995,-7.88305],[-43.49227,-8.12057],[-43.57972,-8.25601],[-43.82228,-8.25352],[-43.82499,-8.31434],[-43.87911,-8.31357],[-43.91929,-8.38734],[-44.01333,-8.40306],[-44.1067,-8.36941],[-44.38352,-8.36614]]]]}},{"type":"Feature","id":"22009","properties":{"code":"22009","name":"Floriano"},"geometry":{"type":"MultiPolygon","coordinates":[[[[-43.49227,-8.12057],[-43.54995,-7.88305],[-43.76474,-7.7237],[-43.70178,-7.6444],[-43.75372,-7.57419],[-43.74055,-7.51649],[-43.66308,-7.43522],[-43.6924,-7.32733],[-43.78433,-7.36586],[-43.73254,-7.30058],[-43.68435,-7.13308],[-43.7971,-7.06637],[-43.7243,-6.95442],[-43.81864,-6.93356],[-43.91462,-6.96569],[-43.89938,-6.90036],[-43.83253,-6.84268],[-43.93047,-6.77105],[-43.79506,-6.70207],[-43.70717,-6.69982],[-43.56134,-6.74937],[-43.48195,-6.8351],[-43.42004,-6.84383],[-43.24469,-6.76635],[-43.14603,-6.7831],[-43.08211,-6.74808],[-43.01109,-6.75919],[-42.91539,-6.64607],[-42.85694,-6.66228],[-42.79328,-6.77457],[-42.66587,-6.85219],[-42.62339,-6.79793],[-42.60646,-6.80858],[-42.5666,-6.86913],[-42.62542,-6.99753],[-42.4208,-6.96715],[-42.40384,-7.16982],[-42.31024,-7.22326],[-42.3607,-7.41775],[-42.21851,-7.43801],[-42.17038,-7.52149],[-42.21931,-7.62945],[-42.29919,-7.62745],[-42.18922,-7.72242],[-42.35538,-7.72397],[-42.41581,-7.75715],[-42.4765,-7.70174],[-42.4824,-7.83604],[-42.50869,-7.84251],[-42.58414,-7.68016],[-42.58091,-7.58393],[-42.67854,-7.59146],[-42.75624,-7.70196],[-42.80333,-7.64928],[-42.89849,-7.88414],[-43.05933,-7.91069],[-43.07169,-7.95702],[-43.13771,-7.9369],[-43.12624,-7.96928],[-43.32092,-8.07883],[-43.41256,-8.03864],[-43.49227,-8.12057]]]]}},{"type":"Feature","id":"22010","properties":{"code":"22010","name":"Alto MãDio GurguãIa"},"geometry":{"type":"MultiPolygon","coordinates":[[[[-45.94632,-10.25883],[-45.95529,-10.21844],[-45.87854,-10.1103],[-45.84229,-9.94156],[-45.86628,-9.87072],[-45.82142,-9.77313],[-45.83194,-9.53679],[-45.78991,-9.48168],[-45.69591,-9.55816],[-45.53107,-9.49596],[-45.51342,-9.45879],[-45.41,-9.45883],[-45.51159,-9.17196],[-45.31194,-9.24282],[-45.12968,-9.03312],[-44.97871,-8.91692],[-44.88689,-8.74355],[-44.87777,-8.53657],[-44.81373,-8.38081],[-44.84235,-8.26531],[-44.40843,-8.46183],[-44.38352,-8.36614],[-44.1067,-8.36941],[-44.01333,-8.40306],[-43.91929,-8.38734],[-43.87911,-8.31357],[-43.82499,-8.31434],[-43.82228,-8.25352],[-43.63063,-8.26383],[-43.70196,-8.71714],[-43.79252,-8.81415],[-43.95665,-9.17407],[-43.78618,-9.45765],[-44.30625,-9.71944],[-44.44063,-9.69891],[-44.59744,-9.76642],[-44.63013,-9.75866],[-44.63555,-9.62299],[-44.60664,-9.54527],[-44.62967,-9.53786],[-44.80662,-9.68052],[-44.83467,-9.65275],[-44.84528,-9.72646],[-44.9566,-9.82426],[-45.10615,-10.13842],[-45.19222,-10.14463],[-45.49069,-10.30102],[-45.56252,-10.21085],[-45.56746,-10.13952],[-45.59837,-10.10833],[-45.72664,-10.15685],[-45.73385,-10.2286],[-45.79374,-10.26767],[-45.87786,-10.23934],[-45.94632,-10.25883]]]]}},{"type":"Feature","id":"22011","properties":{"code":"22011","name":"SãO Raimundo Nonato"},"geometry":{"type":"MultiPolygon","coordinates":[[[[-43.78217,-9.45265],[-43.95665,-9.17407],[-43.79252,-8.81415],[-43.70196,-8.71714],[-43.63063,-8.26383],[-43.57972,-8.25601],[-43.41256,-8.03864],[-43.32092,-8.07883],[-43.12624,-7.96928],[-43.13771,-7.9369],[-43.07169,-7.95702],[-43.05933,-7.91069],[-42.89849,-7.88414],[-42.80333,-7.64928],[-42.68631,-7.77898],[-42.71189,-8.01989],[-42.65924,-8.03135],[-42.58301,-8.12729],[-42.63803,-8.49339],[-42.7066,-8.57762],[-42.73349,-8.80064],[-42.47515,-8.65731],[-42.31075,-8.66258],[-42.29144,-8.63011],[-42.21006,-8.64919],[-42.18941,-8.58398],[-42.12571,-8.56657],[-42.02404,-8.58652],[-41.84926,-8.70052],[-41.80668,-8.685],[-41.76159,-8.73126],[-41.70559,-8.72939],[-41.60139,-8.79534],[-41.54735,-8.77995],[-41.4983,-8.80671],[-41.44929,-8.75423],[-41.41139,-8.77437],[-41.50273,-8.86407],[-41.5458,-8.96168],[-41.60579,-8.9574],[-41.72648,-9.01636],[-41.73518,-9.0947],[-41.80007,-9.14803],[-41.83797,-9.24227],[-41.91793,-9.27847],[-42.02468,-9.24976],[-42.31608,-9.31661],[-42.44058,-9.45617],[-42.48907,-9.46204],[-42.49309,-9.4949],[-42.58863,-9.49735],[-42.62172,-9.54134],[-42.71988,-9.53069],[-42.76996,-9.61918],[-42.82055,-9.61923],[-42.83714,-9.55037],[-42.8733,-9.56387],[-42.94625,-9.51841],[-42.97342,-9.40713],[-43.05694,-9.41914],[-43.11962,-9.3719],[-43.1917,-9.42043],[-43.21429,-9.39965],[-43.27877,-9.42457],[-43.45178,-9.26226],[-43.78217,-9.45265]]]]}},{"type":"Feature","id":"22012","properties":{"code":"22012","name":"Chapadas Do Extremo Sul Piauiense"},"geometry":{"type":"MultiPolygon","coordinates":[[[[-45.43243,-10.63056],[-45.44726,-10.50742],[-45.39544,-10.44802],[-45.4245,-10.42649],[-45.43032,-10.35946],[-45.49069,-10.30102],[-45.19222,-10.14463],[-45.10615,-10.13842],[-44.9566,-9.82426],[-44.84528,-9.72646],[-44.83467,-9.65275],[-44.80662,-9.68052],[-44.62967,-9.53786],[-44.60664,-9.54527],[-44.63555,-9.62299],[-44.62427,-9.76712],[-44.44063,-9.69891],[-44.34842,-9.72945],[-43.78618,-9.45765],[-43.85135,-9.55213],[-43.84195,-9.63743],[-43.78492,-9.76239],[-43.65324,-9.83906],[-43.70904,-9.91322],[-43.66213,-10.00954],[-43.69291,-10.0774],[-43.76603,-10.08006],[-43.77909,-10.18047],[-43.83727,-10.25007],[-43.83829,-10.30463],[-43.91479,-10.38415],[-43.91831,-10.42904],[-44.02777,-10.41247],[-44.07211,-10.57993],[-44.13437,-10.6371],[-44.26402,-10.62467],[-44.33684,-10.54854],[-44.50051,-10.6497],[-44.5849,-10.62935],[-44.66662,-10.68234],[-44.66768,-10.76006],[-44.74609,-10.77758],[-44.8443,-10.90003],[-44.85966,-10.88318],[-44.93122,-10.92876],[-45.07324,-10.84042],[-45.24805,-10.82197],[-45.26847,-10.77623],[-45.35822,-10.73221],[-45.38522,-10.65163],[-45.43243,-10.63056]]]]}},{"type":"Feature","id":"22013","properties":{"code":"22013","name":"Picos"},"geometry":{"type":"MultiPolygon","coordinates":[[[[-41.20854,-7.27539],[-41.28346,-7.26699],[-41.31048,-7.30696],[-41.39083,-7.25982],[-41.47818,-7.3188],[-41.59392,-7.29128],[-41.62519,-7.39116],[-41.7804,-7.4244],[-41.87297,-7.29176],[-42.18813,-7.44005],[-42.31951,-7.4341],[-42.3607,-7.41775],[-42.31024,-7.22326],[-42.40384,-7.16982],[-42.4208,-6.96715],[-42.62542,-6.99753],[-42.5666,-6.86913],[-42.60632,-6.80795],[-42.57001,-6.78813],[-42.55854,-6.72255],[-42.48956,-6.70858],[-42.47746,-6.66746],[-42.37544,-6.6767],[-42.35648,-6.52851],[-42.30946,-6.51401],[-42.30548,-6.58985],[-42.18275,-6.64722],[-41.99816,-6.617],[-41.81637,-6.71498],[-41.76343,-6.79167],[-41.66053,-6.79601],[-41.66067,-6.82997],[-41.6066,-6.83353],[-41.54271,-6.73831],[-41.47962,-6.74493],[-41.50846,-6.55688],[-41.42645,-6.56587],[-41.28191,-6.65113],[-41.29309,-6.6746],[-41.1969,-6.67948],[-41.19751,-6.76837],[-41.2298,-6.79286],[-41.19562,-6.89208],[-41.24743,-6.95253],[-41.29909,-6.95523],[-41.31727,-7.007],[-41.2333,-7.11014],[-41.19233,-7.11469],[-41.26405,-7.22568],[-41.20854,-7.27539]]]]}},{"type":"Feature","id":"22014","properties":{"code":"22014","name":"Pio Ix"},"geometry":{"type":"MultiPolygon","coordinates":[[[[-41.26405,-7.22568],[-41.19233,-7.11469],[-41.2333,-7.11014],[-41.31727,-7.007],[-41.29909,-6.95523],[-41.24743,-6.95253],[-41.19562,-6.89208],[-41.2298,-6.79286],[-41.19751,-6.76837],[-41.19006,-6.66375],[-41.13035,-6.65519],[-41.14312,-6.75047],[-41.09536,-6.75669],[-40.78994,-6.50063],[-40.71781,-6.67141],[-40.47693,-6.73283],[-40.43217,-6.81298],[-40.37051,-6.80307],[-40.43018,-6.86782],[-40.43358,-6.94052],[-40.59925,-6.95334],[-40.69486,-7.02956],[-40.77218,-6.98769],[-40.79029,-7.00145],[-40.67124,-7.20971],[-40.73003,-7.24468],[-40.84827,-7.28535],[-40.8831,-7.24114],[-40.86368,-7.17542],[-40.90974,-7.12656],[-40.95991,-7.10764],[-40.99759,-7.13732],[-41.0011,-7.08884],[-41.06617,-7.0698],[-41.1033,-7.12428],[-41.13138,-7.12111],[-41.14324,-7.2065],[-41.19638,-7.21812],[-41.20503,-7.25784],[-41.26405,-7.22568]]]]}},{"type":"Feature","id":"22015","properties":{"code":"22015","name":"Alto MãDio Canindã"},"geometry":{"type":"MultiPolygon","coordinates":[[[[-42.73349,-8.80064],[-42.70942,-8.58803],[-42.63803,-8.49339],[-42.64231,-8.40626],[-42.58417,-8.23186],[-42.58337,-8.12416],[-42.65924,-8.03135],[-42.71189,-8.01989],[-42.68631,-7.77898],[-42.75624,-7.70196],[-42.67854,-7.59146],[-42.58091,-7.58393],[-42.58414,-7.68016],[-42.50869,-7.84251],[-42.4824,-7.83604],[-42.4765,-7.70174],[-42.41581,-7.75715],[-42.35538,-7.72397],[-42.18922,-7.72242],[-42.29919,-7.62745],[-42.21931,-7.62945],[-42.17038,-7.52149],[-42.21851,-7.43801],[-41.87297,-7.29176],[-41.7804,-7.4244],[-41.62519,-7.39116],[-41.59392,-7.29128],[-41.47818,-7.3188],[-41.39083,-7.25982],[-41.31048,-7.30696],[-41.28346,-7.26699],[-41.20854,-7.27539],[-41.19638,-7.21812],[-41.14324,-7.2065],[-41.13138,-7.12111],[-41.1033,-7.12428],[-41.06617,-7.0698],[-41.0011,-7.08884],[-40.99759,-7.13732],[-40.95991,-7.10764],[-40.90974,-7.12656],[-40.86368,-7.17542],[-40.8831,-7.24114],[-40.84827,-7.28535],[-40.67124,-7.20971],[-40.78393,-6.9945],[-40.69486,-7.02956],[-40.59925,-6.95334],[-40.42502,-6.93527],[-40.42987,-6.99334],[-40.40625,-7.00533],[-40.43868,-7.01646],[-40.48974,-7.11869],[-40.54846,-7.39269],[-40.71514,-7.48141],[-40.62199,-7.65136],[-40.67357,-7.76167],[-40.55909,-7.81485],[-40.53812,-7.85694],[-40.54422,-7.9646],[-40.60312,-8.09533],[-40.5897,-8.13881],[-40.63395,-8.13945],[-40.70726,-8.22349],[-40.78248,-8.2533],[-40.77988,-8.30193],[-40.81951,-8.32191],[-40.83657,-8.3808],[-40.89347,-8.35731],[-40.92515,-8.44633],[-41.00068,-8.40073],[-41.0511,-8.48047],[-41.07893,-8.4725],[-41.09558,-8.51853],[-41.14838,-8.53303],[-41.16875,-8.58309],[-41.21229,-8.60182],[-41.21354,-8.64416],[-41.38125,-8.70727],[-41.41118,-8.77452],[-41.45266,-8.75475],[-41.4983,-8.80671],[-41.54735,-8.77995],[-41.60139,-8.79534],[-41.70559,-8.72939],[-41.76159,-8.73126],[-41.80668,-8.685],[-41.84926,-8.70052],[-41.99555,-8.59976],[-42.12571,-8.56657],[-42.18941,-8.58398],[-42.21006,-8.64919],[-42.29144,-8.63011],[-42.31075,-8.66258],[-42.47515,-8.65731],[-42.73349,-8.80064]]]]}},{"type":"Feature","id":"23001","properties":{"code":"23001","name":"Litoral De Camocim E Acaraã"},"geometry":{"type":"MultiPolygon","coordinates":[[[[-41.42352,-3.36801],[-41.31916,-3.14534],[-41.25665,-3.08801],[-41.27126,-2.97161],[-41.32329,-2.94795],[-41.26574,-2.88501],[-41.10171,-2.90095],[-40.8631,-2.85591],[-40.84212,-2.88479],[-40.76843,-2.85128],[-40.57356,-2.83962],[-40.49782,-2.78423],[-40.4359,-2.81127],[-39.9877,-2.84249],[-39.70693,-3.00493],[-39.86846,-3.12392],[-39.90871,-3.28327],[-39.98584,-3.36607],[-40.07156,-3.36719],[-40.09279,-3.35718],[-40.08319,-3.31501],[-40.1459,-3.3036],[-40.3414,-3.31993],[-40.34151,-3.28881],[-40.38726,-3.27185],[-40.45445,-3.14892],[-40.51022,-3.10828],[-40.5744,-3.13845],[-40.53943,-3.24359],[-40.66954,-3.24764],[-40.83332,-3.21136],[-40.83926,-3.26756],[-40.81518,-3.2848],[-40.88045,-3.36461],[-40.82574,-3.37831],[-40.88885,-3.52244],[-41.0489,-3.39148],[-41.14917,-3.3632],[-41.17006,-3.28762],[-41.25137,-3.48725],[-41.31974,-3.48409],[-41.32405,-3.38592],[-41.38699,-3.4093],[-41.39909,-3.36359],[-41.42352,-3.36801]]]]}},{"type":"Feature","id":"23002","properties":{"code":"23002","name":"Ibiapaba"},"geometry":{"type":"MultiPolygon","coordinates":[[[[-40.8255,-4.45894],[-41.17757,-4.46768],[-41.12017,-4.33057],[-41.1359,-4.23351],[-41.09089,-4.17033],[-41.14314,-4.12423],[-41.11287,-4.04174],[-41.18552,-4.01722],[-41.25673,-4.03485],[-41.22024,-3.94151],[-41.27686,-3.82562],[-41.30081,-3.8263],[-41.23828,-3.71577],[-41.34175,-3.68077],[-41.33132,-3.62468],[-41.37131,-3.57263],[-41.32059,-3.49786],[-41.22585,-3.4669],[-41.17006,-3.28762],[-41.14917,-3.3632],[-41.0489,-3.39148],[-40.88885,-3.52244],[-40.85229,-3.41943],[-40.8217,-3.47136],[-40.90383,-3.57492],[-40.87539,-3.72324],[-40.89545,-3.7814],[-40.77514,-3.79644],[-40.82474,-3.86805],[-40.877,-3.87196],[-40.85394,-3.89514],[-40.77741,-3.88614],[-40.83384,-3.92442],[-40.85777,-4.07442],[-40.83641,-4.11231],[-40.71787,-4.14],[-40.71009,-4.16344],[-40.80301,-4.26672],[-40.80349,-4.35634],[-40.7644,-4.35838],[-40.8255,-4.45894]]]]}},{"type":"Feature","id":"23003","properties":{"code":"23003","name":"Coreaã"},"geometry":{"type":"MultiPolygon","coordinates":[[[[-40.76583,-3.86446],[-40.79364,-3.83245],[-40.77971,-3.78655],[-40.89545,-3.7814],[-40.87539,-3.72324],[-40.90383,-3.57492],[-40.8217,-3.47138],[-40.85304,-3.4113],[-40.82392,-3.36226],[-40.88045,-3.36461],[-40.81518,-3.2848],[-40.8389,-3.22475],[-40.52178,-3.24082],[-40.48115,-3.2623],[-40.48632,-3.33487],[-40.56173,-3.40692],[-40.53436,-3.50285],[-40.61818,-3.60793],[-40.54999,-3.65419],[-40.61131,-3.65099],[-40.65704,-3.7984],[-40.71412,-3.80504],[-40.76583,-3.86446]]]]}},{"type":"Feature","id":"23004","properties":{"code":"23004","name":"Meruoca"},"geometry":{"type":"MultiPolygon","coordinates":[[[[-40.60933,-3.62126],[-40.60036,-3.56886],[-40.47788,-3.4952],[-40.41261,-3.53852],[-40.41872,-3.56606],[-40.36399,-3.61726],[-40.54431,-3.65664],[-40.60933,-3.62126]]]]}},{"type":"Feature","id":"23005","properties":{"code":"23005","name":"Sobral"},"geometry":{"type":"MultiPolygon","coordinates":[[[[-39.77391,-4.1737],[-39.80978,-4.11716],[-39.89408,-4.14439],[-39.95528,-4.12992],[-39.98961,-4.08666],[-40.14023,-4.0323],[-40.18892,-3.95775],[-40.30549,-3.93408],[-40.3749,-4.09157],[-40.47269,-4.08651],[-40.51213,-4.04798],[-40.65512,-4.00889],[-40.71787,-4.14],[-40.84802,-4.10359],[-40.83384,-3.92442],[-40.77741,-3.88614],[-40.85394,-3.89514],[-40.87663,-3.87082],[-40.79423,-3.83685],[-40.76583,-3.86446],[-40.71412,-3.80504],[-40.65704,-3.7984],[-40.61131,-3.65099],[-40.40934,-3.64415],[-40.36399,-3.61726],[-40.47694,-3.49558],[-40.54158,-3.5231],[-40.53696,-3.44816],[-40.57012,-3.43908],[-40.48662,-3.3356],[-40.48115,-3.2623],[-40.5386,-3.23843],[-40.57355,-3.13644],[-40.51022,-3.10828],[-40.48202,-3.12247],[-40.3414,-3.31993],[-40.08319,-3.31501],[-40.09279,-3.35718],[-39.98884,-3.36656],[-40.028,-3.43815],[-39.78452,-3.46484],[-39.75669,-3.55912],[-39.77617,-3.58788],[-39.71309,-3.65512],[-39.70262,-3.61847],[-39.70912,-3.68849],[-39.64187,-3.82106],[-39.72181,-3.87402],[-39.70911,-4.01609],[-39.66495,-4.08167],[-39.74015,-4.11019],[-39.77391,-4.1737]]]]}},{"type":"Feature","id":"23006","properties":{"code":"23006","name":"Ipu"},"geometry":{"type":"MultiPolygon","coordinates":[[[[-41.12118,-5.02387],[-41.18022,-4.94754],[-41.22137,-4.93823],[-41.24969,-4.86856],[-41.20802,-4.77677],[-41.25034,-4.75663],[-41.17385,-4.66694],[-41.22933,-4.62009],[-41.22122,-4.57894],[-41.24226,-4.56995],[-41.17757,-4.46768],[-40.8255,-4.45894],[-40.7644,-4.35838],[-40.80349,-4.35634],[-40.80301,-4.26672],[-40.71612,-4.18888],[-40.65512,-4.00889],[-40.43172,-4.09169],[-40.43957,-4.25221],[-40.56087,-4.4012],[-40.59672,-4.61171],[-40.67093,-4.70338],[-40.87268,-4.71372],[-40.87212,-4.86319],[-40.9922,-4.91554],[-41.05182,-5.02407],[-41.12118,-5.02387]]]]}},{"type":"Feature","id":"23007","properties":{"code":"23007","name":"Santa QuitãRia"},"geometry":{"type":"MultiPolygon","coordinates":[[[[-39.79087,-4.75353],[-39.85923,-4.73738],[-39.88104,-4.78768],[-39.91379,-4.78914],[-39.92491,-4.73526],[-40.05945,-4.71789],[-40.15556,-4.80973],[-40.26837,-4.77411],[-40.31442,-4.72741],[-40.38033,-4.55042],[-40.50949,-4.50772],[-40.58867,-4.55818],[-40.5532,-4.38428],[-40.43957,-4.25221],[-40.43411,-4.09643],[-40.3749,-4.09157],[-40.30549,-3.93408],[-40.18892,-3.95775],[-40.14023,-4.0323],[-39.98961,-4.08666],[-39.95528,-4.12992],[-39.89408,-4.14439],[-39.80978,-4.11716],[-39.77391,-4.1737],[-39.77747,-4.2364],[-39.73051,-4.27568],[-39.70972,-4.36574],[-39.75539,-4.39976],[-39.7212,-4.48301],[-39.76592,-4.52902],[-39.68525,-4.5751],[-39.77681,-4.62643],[-39.71459,-4.67823],[-39.74099,-4.72068],[-39.80603,-4.70811],[-39.79087,-4.75353]]]]}},{"type":"Feature","id":"23008","properties":{"code":"23008","name":"Itapipoca"},"geometry":{"type":"MultiPolygon","coordinates":[[[[-39.31542,-3.58073],[-39.37516,-3.57891],[-39.33216,-3.50081],[-39.46754,-3.40185],[-39.40178,-3.54989],[-39.45467,-3.58526],[-39.55489,-3.58263],[-39.64816,-3.65271],[-39.68045,-3.6483],[-39.69648,-3.60981],[-39.71309,-3.65512],[-39.77617,-3.58788],[-39.75669,-3.55912],[-39.78452,-3.46484],[-40.028,-3.43815],[-39.90871,-3.28327],[-39.86846,-3.12392],[-39.68958,-2.99482],[-39.46269,-3.1438],[-39.25253,-3.22211],[-39.16,-3.32782],[-39.25554,-3.35997],[-39.26222,-3.49012],[-39.30991,-3.52818],[-39.31542,-3.58073]]]]}},{"type":"Feature","id":"23009","properties":{"code":"23009","name":"Baixo Curu"},"geometry":{"type":"MultiPolygon","coordinates":[[[[-38.88285,-3.68629],[-38.91996,-3.66649],[-38.96126,-3.71154],[-39.00173,-3.68599],[-39.21681,-3.69338],[-39.21918,-3.60761],[-39.31542,-3.58073],[-39.30991,-3.52818],[-39.26222,-3.49012],[-39.25554,-3.35997],[-39.17545,-3.32991],[-39.11399,-3.34659],[-39.07146,-3.40302],[-38.977,-3.40914],[-38.91057,-3.50243],[-38.80645,-3.54677],[-38.88285,-3.68629]]]]}},{"type":"Feature","id":"23010","properties":{"code":"23010","name":"Uruburetama"},"geometry":{"type":"MultiPolygon","coordinates":[[[[-39.63486,-3.82869],[-39.70912,-3.68849],[-39.70262,-3.61847],[-39.64816,-3.65271],[-39.55489,-3.58263],[-39.45467,-3.58526],[-39.40178,-3.54989],[-39.46236,-3.4027],[-39.33216,-3.50081],[-39.37516,-3.57891],[-39.31542,-3.58073],[-39.27677,-3.73688],[-39.35178,-3.73362],[-39.36534,-3.76764],[-39.43226,-3.78474],[-39.41596,-3.83243],[-39.45489,-3.86133],[-39.51554,-3.7463],[-39.58228,-3.8212],[-39.63486,-3.82869]]]]}},{"type":"Feature","id":"23011","properties":{"code":"23011","name":"MãDio Curu"},"geometry":{"type":"MultiPolygon","coordinates":[[[[-39.66495,-4.08167],[-39.70911,-4.01609],[-39.72148,-3.87194],[-39.66031,-3.82389],[-39.58228,-3.8212],[-39.51554,-3.7463],[-39.47651,-3.85764],[-39.42937,-3.85445],[-39.43479,-3.78667],[-39.36534,-3.76764],[-39.35178,-3.73362],[-39.27677,-3.73688],[-39.31542,-3.58073],[-39.21918,-3.60761],[-39.21681,-3.69338],[-39.00173,-3.68599],[-38.95211,-3.72384],[-38.99902,-3.83609],[-38.94333,-3.94529],[-39.00514,-3.99293],[-39.02836,-4.06308],[-39.20372,-4.04695],[-39.37392,-4.1108],[-39.5179,-4.11484],[-39.53325,-4.08298],[-39.55692,-4.10253],[-39.6282,-4.0698],[-39.66495,-4.08167]]]]}},{"type":"Feature","id":"23012","properties":{"code":"23012","name":"Canindã"},"geometry":{"type":"MultiPolygon","coordinates":[[[[-39.77579,-4.64221],[-39.68525,-4.5751],[-39.76592,-4.52902],[-39.7212,-4.48301],[-39.75539,-4.39976],[-39.70967,-4.37764],[-39.73051,-4.27568],[-39.79048,-4.19467],[-39.74015,-4.11019],[-39.66647,-4.06854],[-39.55692,-4.10253],[-39.53325,-4.08298],[-39.5179,-4.11484],[-39.37203,-4.11049],[-39.36714,-4.08911],[-39.2383,-4.0783],[-39.20372,-4.04695],[-39.02836,-4.06308],[-39.00514,-3.99293],[-38.93996,-4.1256],[-38.95214,-4.18361],[-39.02685,-4.22773],[-38.99224,-4.26115],[-39.04139,-4.28912],[-39.0251,-4.33108],[-39.07053,-4.35279],[-39.06264,-4.39668],[-39.0961,-4.38197],[-39.0311,-4.46384],[-39.08503,-4.47185],[-39.06631,-4.56165],[-39.12978,-4.62836],[-39.17945,-4.6545],[-39.28211,-4.65176],[-39.30345,-4.70514],[-39.36008,-4.73867],[-39.50742,-4.72644],[-39.5746,-4.74885],[-39.7293,-4.69684],[-39.71476,-4.65577],[-39.77579,-4.64221]]]]}},{"type":"Feature","id":"23013","properties":{"code":"23013","name":"Baturitã"},"geometry":{"type":"MultiPolygon","coordinates":[[[[-38.94343,-4.74122],[-38.95387,-4.66736],[-39.12978,-4.62836],[-39.06631,-4.56165],[-39.08503,-4.47185],[-39.0311,-4.46384],[-39.0961,-4.38197],[-39.06298,-4.39714],[-39.07053,-4.35279],[-39.0251,-4.33108],[-39.04139,-4.28912],[-38.99224,-4.26115],[-39.02685,-4.22773],[-38.95214,-4.18361],[-38.94194,-4.10128],[-38.8537,-4.13816],[-38.83097,-4.06928],[-38.77706,-4.09868],[-38.76073,-4.07281],[-38.75529,-4.1283],[-38.79111,-4.13641],[-38.77737,-4.17036],[-38.71586,-4.19121],[-38.62058,-4.16412],[-38.57082,-4.23503],[-38.68413,-4.27824],[-38.70062,-4.33073],[-38.66429,-4.41813],[-38.61044,-4.3795],[-38.5343,-4.37134],[-38.63753,-4.45388],[-38.61874,-4.52291],[-38.6509,-4.55585],[-38.60731,-4.66254],[-38.57333,-4.67103],[-38.63758,-4.70104],[-38.70774,-4.6115],[-38.77831,-4.62667],[-38.81528,-4.67267],[-38.86003,-4.66481],[-38.94343,-4.74122]]]]}},{"type":"Feature","id":"23014","properties":{"code":"23014","name":"Chorozinho"},"geometry":{"type":"MultiPolygon","coordinates":[[[[-38.59819,-4.66768],[-38.6509,-4.55585],[-38.61874,-4.52291],[-38.63753,-4.45388],[-38.5343,-4.37134],[-38.66558,-4.41781],[-38.70062,-4.33073],[-38.68413,-4.27824],[-38.56709,-4.23261],[-38.39362,-4.22506],[-38.38568,-4.33372],[-38.45195,-4.36817],[-38.36204,-4.47091],[-38.36913,-4.57673],[-38.45545,-4.65352],[-38.53179,-4.681],[-38.59819,-4.66768]]]]}},{"type":"Feature","id":"23015","properties":{"code":"23015","name":"Cascavel"},"geometry":{"type":"MultiPolygon","coordinates":[[[[-38.00227,-4.59812],[-38.08357,-4.58988],[-38.10749,-4.61749],[-38.1836,-4.62289],[-38.35857,-4.50478],[-38.45195,-4.36817],[-38.38568,-4.33372],[-38.37055,-4.06495],[-38.30992,-4.01205],[-38.25326,-4.02869],[-38.22182,-4.00748],[-38.11403,-4.1507],[-37.81832,-4.40033],[-37.94944,-4.39927],[-37.96372,-4.53218],[-38.00227,-4.59812]]]]}},{"type":"Feature","id":"23016","properties":{"code":"23016","name":"Fortaleza"},"geometry":{"type":"MultiPolygon","coordinates":[[[[-38.23219,-4.02148],[-38.30992,-4.01205],[-38.37258,-4.07898],[-38.53585,-4.04135],[-38.55911,-4.12097],[-38.71586,-4.19121],[-38.79102,-4.1522],[-38.75529,-4.1283],[-38.76073,-4.07281],[-38.77706,-4.09868],[-38.83097,-4.06928],[-38.8537,-4.13816],[-38.95132,-4.10335],[-39.00514,-3.99293],[-38.94333,-3.94529],[-38.99864,-3.84426],[-38.95772,-3.76915],[-38.96126,-3.71154],[-38.91996,-3.66649],[-38.88285,-3.68629],[-38.806,-3.54794],[-38.64475,-3.68558],[-38.49539,-3.72475],[-38.4603,-3.70506],[-38.3695,-3.87249],[-38.27286,-3.94468],[-38.23219,-4.02148]]]]}},{"type":"Feature","id":"23017","properties":{"code":"23017","name":"Pacajus"},"geometry":{"type":"MultiPolygon","coordinates":[[[[-38.39362,-4.22506],[-38.57005,-4.23542],[-38.61977,-4.16438],[-38.55847,-4.12021],[-38.53585,-4.04135],[-38.38383,-4.07156],[-38.39362,-4.22506]]]]}},{"type":"Feature","id":"23018","properties":{"code":"23018","name":"SertãO De CratãUs"},"geometry":{"type":"MultiPolygon","coordinates":[[[[-40.85767,-6.10538],[-40.8736,-6.0554],[-40.90755,-6.04466],[-40.87363,-5.96676],[-40.93877,-5.67334],[-40.90105,-5.61591],[-40.93645,-5.52639],[-40.91619,-5.46382],[-40.9438,-5.42359],[-40.91155,-5.40738],[-40.9361,-5.36597],[-40.91212,-5.3142],[-40.91171,-5.26665],[-40.94223,-5.24047],[-40.92561,-5.17685],[-41.034,-5.09106],[-41.08013,-5.09109],[-41.09701,-5.05315],[-41.13202,-5.04857],[-41.12118,-5.02387],[-41.05182,-5.02407],[-40.9922,-4.91554],[-40.87212,-4.86319],[-40.87268,-4.71372],[-40.67093,-4.70338],[-40.58829,-4.59805],[-40.58822,-4.55791],[-40.50949,-4.50772],[-40.37476,-4.55391],[-40.31442,-4.72741],[-40.26287,-4.77661],[-40.1417,-4.80846],[-40.05945,-4.71789],[-39.92491,-4.73526],[-39.94937,-4.82658],[-39.89235,-4.89289],[-39.96843,-4.94048],[-39.96031,-5.02896],[-40.00216,-5.08505],[-40.16561,-5.1654],[-40.03551,-5.18318],[-40.02125,-5.20585],[-40.05601,-5.28978],[-40.01826,-5.32138],[-40.10707,-5.45248],[-40.12331,-5.55409],[-40.16718,-5.5452],[-40.22704,-5.59339],[-40.21163,-5.69347],[-40.28463,-5.75799],[-40.36848,-5.74578],[-40.44792,-5.82746],[-40.51621,-5.81298],[-40.55966,-5.84304],[-40.65749,-5.84628],[-40.68299,-5.8773],[-40.66271,-5.91325],[-40.74657,-5.98332],[-40.7158,-6.04054],[-40.73649,-6.0772],[-40.85767,-6.10538]]]]}},{"type":"Feature","id":"23019","properties":{"code":"23019","name":"SertãO De Quixeramobim"},"geometry":{"type":"MultiPolygon","coordinates":[[[[-40.16561,-5.1654],[-39.9709,-5.04747],[-39.96843,-4.94048],[-39.89235,-4.89289],[-39.9471,-4.83458],[-39.93966,-4.77055],[-39.88337,-4.78951],[-39.86187,-4.73899],[-39.82403,-4.7309],[-39.79087,-4.75353],[-39.80603,-4.70811],[-39.74099,-4.72068],[-39.7293,-4.69684],[-39.5746,-4.74885],[-39.50742,-4.72644],[-39.36253,-4.73919],[-39.30345,-4.70514],[-39.28211,-4.65176],[-39.17945,-4.6545],[-39.12064,-4.62595],[-38.95387,-4.66736],[-38.96542,-4.70524],[-38.93113,-4.74075],[-38.86003,-4.66481],[-38.81528,-4.67267],[-38.77831,-4.62667],[-38.70774,-4.6115],[-38.63598,-4.70166],[-38.57578,-4.67],[-38.52888,-4.68028],[-38.52774,-4.74654],[-38.66641,-4.87122],[-38.63806,-4.92531],[-38.68643,-5.0567],[-38.62746,-5.05981],[-38.61311,-5.15055],[-38.67786,-5.22819],[-38.76773,-5.20179],[-38.91637,-5.32083],[-38.90717,-5.4521],[-38.97767,-5.52175],[-39.03105,-5.48619],[-39.07479,-5.53368],[-39.09132,-5.50683],[-39.14321,-5.50759],[-39.21919,-5.53759],[-39.24683,-5.59248],[-39.30236,-5.51032],[-39.36839,-5.52658],[-39.46415,-5.47589],[-39.53252,-5.37484],[-39.58239,-5.40806],[-39.69053,-5.3574],[-39.79979,-5.40004],[-39.84542,-5.36776],[-39.89757,-5.39741],[-39.93446,-5.37623],[-39.93148,-5.33714],[-40.00087,-5.34724],[-40.05559,-5.29145],[-40.02125,-5.20585],[-40.03551,-5.18318],[-40.16561,-5.1654]]]]}},{"type":"Feature","id":"23020","properties":{"code":"23020","name":"SertãO De Inhamuns"},"geometry":{"type":"MultiPolygon","coordinates":[[[[-40.43217,-6.81298],[-40.47693,-6.73283],[-40.60221,-6.71601],[-40.73147,-6.65697],[-40.722,-6.61768],[-40.79212,-6.51286],[-40.80515,-6.39313],[-40.78013,-6.32769],[-40.85222,-6.22422],[-40.85767,-6.10538],[-40.73649,-6.0772],[-40.7158,-6.04054],[-40.74657,-5.98332],[-40.66271,-5.91325],[-40.68299,-5.8773],[-40.65749,-5.84628],[-40.55966,-5.84304],[-40.51621,-5.81298],[-40.44792,-5.82746],[-40.36848,-5.74578],[-40.28463,-5.75799],[-40.22597,-5.70972],[-40.22704,-5.59339],[-40.16718,-5.5452],[-40.12331,-5.55409],[-40.10707,-5.45248],[-40.05867,-5.39686],[-40.05395,-5.48794],[-40.01369,-5.51983],[-40.07777,-5.58262],[-40.04989,-5.61924],[-40.07153,-5.67461],[-40.00729,-5.71598],[-39.98602,-5.81372],[-39.92038,-5.83259],[-39.95983,-5.8731],[-39.91451,-5.90137],[-39.87073,-5.88254],[-39.87762,-5.91009],[-39.83515,-5.93832],[-39.842,-5.98551],[-39.96365,-6.0935],[-39.91149,-6.08022],[-39.89387,-6.11369],[-39.8026,-6.13749],[-39.79907,-6.20959],[-39.76898,-6.20523],[-39.75601,-6.2405],[-39.7178,-6.21121],[-39.73497,-6.25396],[-39.71004,-6.35099],[-39.77684,-6.41467],[-39.77428,-6.46073],[-39.72513,-6.49553],[-39.7509,-6.5114],[-39.72998,-6.54258],[-39.77792,-6.62086],[-39.73389,-6.60002],[-39.71954,-6.61856],[-39.77411,-6.62796],[-39.78253,-6.6685],[-39.83264,-6.69986],[-39.87456,-6.67057],[-39.94222,-6.71259],[-39.98573,-6.67231],[-40.06774,-6.79097],[-40.11799,-6.81985],[-40.18266,-6.75951],[-40.29185,-6.80798],[-40.31043,-6.78652],[-40.43217,-6.81298]]]]}},{"type":"Feature","id":"23021","properties":{"code":"23021","name":"SertãO De Senador Pompeu"},"geometry":{"type":"MultiPolygon","coordinates":[[[[-38.97222,-6.10303],[-39.01612,-6.00088],[-39.09172,-6.08427],[-39.0803,-6.11954],[-39.1425,-6.15388],[-39.26006,-6.12784],[-39.35883,-6.22455],[-39.46378,-6.27959],[-39.4755,-6.3377],[-39.5907,-6.30727],[-39.71004,-6.35099],[-39.73497,-6.25396],[-39.7178,-6.21121],[-39.75601,-6.2405],[-39.76898,-6.20523],[-39.79907,-6.20959],[-39.8026,-6.13749],[-39.89387,-6.11369],[-39.91149,-6.08022],[-39.96365,-6.0935],[-39.842,-5.98551],[-39.8343,-5.9449],[-39.87762,-5.91009],[-39.87073,-5.88254],[-39.91451,-5.90137],[-39.95983,-5.8731],[-39.92038,-5.83259],[-39.98602,-5.81372],[-40.00729,-5.71598],[-40.07153,-5.67461],[-40.04989,-5.61924],[-40.07777,-5.58262],[-40.01369,-5.51983],[-40.05395,-5.48794],[-40.0562,-5.35916],[-40.0209,-5.32797],[-39.99302,-5.34905],[-39.93712,-5.33444],[-39.92148,-5.39011],[-39.84542,-5.36776],[-39.79979,-5.40004],[-39.69053,-5.3574],[-39.58239,-5.40806],[-39.53252,-5.37484],[-39.46415,-5.47589],[-39.36839,-5.52658],[-39.30236,-5.51032],[-39.24653,-5.59251],[-39.21919,-5.53759],[-39.14321,-5.50759],[-39.09132,-5.50683],[-39.07479,-5.53368],[-39.03105,-5.48619],[-38.97767,-5.52175],[-38.90791,-5.45762],[-38.9098,-5.5956],[-38.80439,-5.78766],[-38.94692,-5.96935],[-38.97222,-6.10303]]]]}},{"type":"Feature","id":"23022","properties":{"code":"23022","name":"Litoral De Aracati"},"geometry":{"type":"MultiPolygon","coordinates":[[[[-37.25329,-4.83156],[-37.64034,-4.9264],[-37.58869,-4.80828],[-37.61627,-4.71801],[-37.9349,-4.7639],[-37.95035,-4.65997],[-37.99505,-4.6526],[-37.97347,-4.61548],[-37.99277,-4.56254],[-37.95484,-4.48109],[-37.97027,-4.43045],[-37.94807,-4.39862],[-37.77009,-4.40127],[-37.72938,-4.49719],[-37.60868,-4.61469],[-37.54687,-4.64438],[-37.49543,-4.62693],[-37.33525,-4.69544],[-37.25329,-4.83156]]]]}},{"type":"Feature","id":"23023","properties":{"code":"23023","name":"Baixo Jaguaribe"},"geometry":{"type":"MultiPolygon","coordinates":[[[[-38.08284,-5.67244],[-38.13934,-5.67512],[-38.20566,-5.63143],[-38.24858,-5.64724],[-38.26806,-5.60185],[-38.4334,-5.62712],[-38.46008,-5.49827],[-38.41288,-5.37428],[-38.51564,-5.44249],[-38.71519,-5.27436],[-38.71891,-5.20088],[-38.67786,-5.22819],[-38.61091,-5.1447],[-38.62746,-5.05981],[-38.68643,-5.0567],[-38.63806,-4.92531],[-38.66586,-4.86916],[-38.52774,-4.74654],[-38.52944,-4.68078],[-38.44994,-4.65124],[-38.36913,-4.57673],[-38.383,-4.5209],[-38.36063,-4.50087],[-38.1836,-4.62289],[-37.98529,-4.58272],[-37.99324,-4.66074],[-37.95035,-4.65997],[-37.9349,-4.7639],[-37.61627,-4.71801],[-37.58869,-4.80828],[-37.67762,-5.05409],[-37.72509,-5.07062],[-37.76496,-5.13962],[-37.78311,-5.29482],[-37.85766,-5.35672],[-37.90225,-5.50066],[-37.99004,-5.5558],[-38.08284,-5.67244]]]]}},{"type":"Feature","id":"23024","properties":{"code":"23024","name":"MãDio Jaguaribe"},"geometry":{"type":"MultiPolygon","coordinates":[[[[-38.68163,-6.21163],[-38.73352,-6.18298],[-38.71091,-6.11043],[-38.87908,-6.14777],[-38.9044,-6.13965],[-38.90769,-6.08523],[-38.97443,-6.10184],[-38.94692,-5.96935],[-38.80439,-5.78766],[-38.9098,-5.5956],[-38.92191,-5.32994],[-38.84808,-5.28607],[-38.81063,-5.2234],[-38.73978,-5.19803],[-38.71891,-5.20088],[-38.71961,-5.252],[-38.69887,-5.245],[-38.71519,-5.27436],[-38.51564,-5.44249],[-38.41288,-5.37428],[-38.46008,-5.49827],[-38.43343,-5.62754],[-38.45237,-5.71514],[-38.4931,-5.7491],[-38.48941,-5.87369],[-38.51314,-5.87757],[-38.48676,-5.9169],[-38.51319,-5.98985],[-38.45045,-5.93628],[-38.53124,-6.04231],[-38.52894,-6.00143],[-38.58807,-6.16663],[-38.68163,-6.21163]]]]}},{"type":"Feature","id":"23025","properties":{"code":"23025","name":"Serra Do Pereiro"},"geometry":{"type":"MultiPolygon","coordinates":[[[[-38.56103,-6.22971],[-38.60147,-6.17666],[-38.52894,-6.00143],[-38.53124,-6.04231],[-38.45045,-5.93628],[-38.51319,-5.98985],[-38.48676,-5.9169],[-38.51314,-5.87757],[-38.48941,-5.87369],[-38.4931,-5.7491],[-38.45237,-5.71514],[-38.4334,-5.62712],[-38.26806,-5.60185],[-38.24858,-5.64724],[-38.20566,-5.63143],[-38.13934,-5.67512],[-38.08284,-5.67244],[-38.08824,-5.73004],[-38.04688,-5.73294],[-38.16378,-5.94544],[-38.2445,-5.99946],[-38.25918,-6.05378],[-38.30378,-6.08652],[-38.41319,-6.05832],[-38.50133,-6.19095],[-38.5272,-6.19338],[-38.51971,-6.22304],[-38.56103,-6.22971]]]]}},{"type":"Feature","id":"23026","properties":{"code":"23026","name":"Iguatu"},"geometry":{"type":"MultiPolygon","coordinates":[[[[-39.1248,-6.71281],[-39.1445,-6.67189],[-39.17469,-6.67116],[-39.17858,-6.61331],[-39.29463,-6.56272],[-39.28225,-6.52556],[-39.34278,-6.5347],[-39.35179,-6.4693],[-39.40064,-6.46601],[-39.40739,-6.40783],[-39.47325,-6.37495],[-39.46378,-6.27959],[-39.35883,-6.22455],[-39.26006,-6.12784],[-39.1425,-6.15388],[-39.08158,-6.12037],[-39.07414,-6.05184],[-39.01612,-6.00088],[-38.98688,-6.02881],[-38.98091,-6.10396],[-38.90769,-6.08523],[-38.89994,-6.14232],[-38.71091,-6.11043],[-38.72642,-6.20079],[-38.68163,-6.21163],[-38.61528,-6.1692],[-38.56103,-6.22971],[-38.51971,-6.22304],[-38.57955,-6.27963],[-38.56251,-6.35565],[-38.60221,-6.3909],[-38.51791,-6.40873],[-38.61052,-6.53229],[-38.73556,-6.57066],[-38.7742,-6.61251],[-38.91971,-6.56546],[-38.969,-6.65896],[-39.05355,-6.65995],[-39.04508,-6.69597],[-39.1248,-6.71281]]]]}},{"type":"Feature","id":"23027","properties":{"code":"23027","name":"VãRzea Alegre"},"geometry":{"type":"MultiPolygon","coordinates":[[[[-40.14733,-6.83086],[-40.06774,-6.79097],[-39.98573,-6.67231],[-39.94222,-6.71259],[-39.87456,-6.67057],[-39.83264,-6.69986],[-39.78253,-6.6685],[-39.77411,-6.62796],[-39.71954,-6.61856],[-39.73389,-6.60002],[-39.77792,-6.62086],[-39.72513,-6.49553],[-39.77428,-6.46073],[-39.77631,-6.41112],[-39.69317,-6.3314],[-39.5907,-6.30727],[-39.52247,-6.33848],[-39.45973,-6.32514],[-39.47325,-6.37495],[-39.40739,-6.40783],[-39.40064,-6.46601],[-39.35179,-6.4693],[-39.34278,-6.5347],[-39.28225,-6.52556],[-39.29463,-6.56272],[-39.17858,-6.61331],[-39.17469,-6.67116],[-39.10939,-6.71454],[-39.18654,-6.86536],[-39.38578,-6.92452],[-39.41856,-6.89538],[-39.48325,-6.89785],[-39.51236,-6.77803],[-39.54461,-6.76925],[-39.58744,-6.84971],[-39.61685,-6.79037],[-39.66578,-6.79328],[-39.65473,-6.82074],[-39.68779,-6.83085],[-39.70814,-6.78522],[-39.8814,-6.83268],[-39.90962,-6.76353],[-39.98692,-6.81508],[-40.04342,-6.81699],[-40.07682,-6.85659],[-40.14733,-6.83086]]]]}},{"type":"Feature","id":"23028","properties":{"code":"23028","name":"Lavras Da Mangabeira"},"geometry":{"type":"MultiPolygon","coordinates":[[[[-39.16755,-6.93499],[-39.18077,-6.82541],[-39.12958,-6.72261],[-39.04508,-6.69597],[-39.06144,-6.66388],[-38.969,-6.65896],[-38.91971,-6.56546],[-38.7742,-6.61251],[-38.73556,-6.57066],[-38.60708,-6.52951],[-38.67373,-6.70799],[-38.61368,-6.78303],[-38.67542,-6.86183],[-38.76518,-6.91094],[-38.78635,-6.86342],[-38.97976,-6.86126],[-39.1068,-6.96368],[-39.16755,-6.93499]]]]}},{"type":"Feature","id":"23029","properties":{"code":"23029","name":"Chapada Do Araripe"},"geometry":{"type":"MultiPolygon","coordinates":[[[[-40.44906,-7.36113],[-40.52372,-7.31845],[-40.51356,-7.2397],[-40.48974,-7.11869],[-40.43868,-7.01646],[-40.40625,-7.00533],[-40.42987,-6.99334],[-40.43018,-6.86782],[-40.37051,-6.80316],[-40.30808,-6.78644],[-40.29185,-6.80798],[-40.18049,-6.75968],[-40.13094,-6.80379],[-40.14733,-6.83086],[-40.07682,-6.85659],[-40.04342,-6.81699],[-39.98692,-6.81508],[-39.90962,-6.76353],[-39.8814,-6.83268],[-39.70814,-6.78522],[-39.69225,-6.82999],[-39.6371,-6.8375],[-39.66841,-6.86336],[-39.66472,-6.9067],[-39.59635,-6.89877],[-39.64016,-6.94636],[-39.69079,-6.97045],[-39.70922,-6.95344],[-39.79833,-7.0109],[-39.74757,-7.02353],[-39.77291,-7.06133],[-39.78931,-7.03026],[-39.87339,-7.06823],[-39.88937,-7.05324],[-39.89009,-7.33982],[-40.12775,-7.38191],[-40.28388,-7.29917],[-40.37277,-7.36244],[-40.44906,-7.36113]]]]}},{"type":"Feature","id":"23030","properties":{"code":"23030","name":"CaririaãU"},"geometry":{"type":"MultiPolygon","coordinates":[[[[-39.13471,-7.13222],[-39.19497,-7.15154],[-39.2673,-7.09474],[-39.34083,-7.10934],[-39.35148,-7.0566],[-39.42272,-7.05553],[-39.45382,-7.00818],[-39.55806,-7.01351],[-39.5804,-7.04397],[-39.629,-7.01507],[-39.79833,-7.0109],[-39.62067,-6.93491],[-39.59635,-6.89877],[-39.66472,-6.9067],[-39.66841,-6.86336],[-39.6369,-6.83824],[-39.66578,-6.79328],[-39.60957,-6.79194],[-39.57054,-6.84647],[-39.54461,-6.76925],[-39.51236,-6.77803],[-39.48325,-6.89785],[-39.41856,-6.89538],[-39.39517,-6.92345],[-39.18645,-6.86473],[-39.16755,-6.93499],[-39.10855,-6.96309],[-39.16257,-7.00324],[-39.11114,-7.08877],[-39.13471,-7.13222]]]]}},{"type":"Feature","id":"23031","properties":{"code":"23031","name":"Barro"},"geometry":{"type":"MultiPolygon","coordinates":[[[[-38.71759,-7.62689],[-38.77506,-7.60313],[-38.88248,-7.45781],[-38.78486,-7.21829],[-38.91516,-7.24333],[-38.95046,-7.13763],[-38.90897,-7.0827],[-38.95866,-7.08271],[-39.02519,-7.15132],[-39.09228,-7.16186],[-39.13541,-7.13802],[-39.11114,-7.08877],[-39.16178,-6.99886],[-38.98118,-6.86171],[-38.77494,-6.86858],[-38.78505,-6.90523],[-38.74225,-6.97428],[-38.765,-6.9939],[-38.66985,-7.0477],[-38.65641,-7.09243],[-38.68783,-7.19016],[-38.6248,-7.19132],[-38.61537,-7.23019],[-38.54215,-7.2659],[-38.58425,-7.43318],[-38.64492,-7.46002],[-38.65533,-7.56554],[-38.71103,-7.58663],[-38.71759,-7.62689]]]]}},{"type":"Feature","id":"23032","properties":{"code":"23032","name":"Cariri"},"geometry":{"type":"MultiPolygon","coordinates":[[[[-39.02782,-7.63381],[-39.06941,-7.6218],[-39.14655,-7.71822],[-39.20834,-7.68948],[-39.25256,-7.70493],[-39.27032,-7.6599],[-39.30557,-7.66593],[-39.43493,-7.57372],[-39.47245,-7.57518],[-39.46075,-7.47122],[-39.54843,-7.48313],[-39.57159,-7.42983],[-39.62891,-7.42563],[-39.65309,-7.37226],[-39.73605,-7.32841],[-39.89009,-7.33982],[-39.88937,-7.05324],[-39.87339,-7.06823],[-39.78931,-7.03026],[-39.77291,-7.06133],[-39.75923,-7.01367],[-39.71669,-7.00263],[-39.5804,-7.04397],[-39.55806,-7.01351],[-39.45382,-7.00818],[-39.42272,-7.05553],[-39.35148,-7.0566],[-39.34083,-7.10934],[-39.2673,-7.09474],[-39.19497,-7.15154],[-39.15239,-7.13018],[-39.09228,-7.16186],[-39.02519,-7.15132],[-39.02582,-7.19438],[-39.09219,-7.25598],[-39.07618,-7.44799],[-39.14605,-7.45527],[-39.0367,-7.53197],[-39.02782,-7.63381]]]]}},{"type":"Feature","id":"23033","properties":{"code":"23033","name":"Brejo Santo"},"geometry":{"type":"MultiPolygon","coordinates":[[[[-39.0913,-7.85818],[-39.10635,-7.76023],[-39.14655,-7.71822],[-39.06941,-7.6218],[-39.02782,-7.63381],[-39.0367,-7.53197],[-39.14605,-7.45527],[-39.07618,-7.44799],[-39.10202,-7.32801],[-39.08613,-7.23494],[-39.02582,-7.19438],[-39.02519,-7.15132],[-38.95866,-7.08271],[-38.90897,-7.0827],[-38.95046,-7.13763],[-38.91516,-7.24333],[-38.78476,-7.21871],[-38.88248,-7.45781],[-38.77506,-7.60313],[-38.71778,-7.62687],[-38.74366,-7.66067],[-38.81969,-7.66483],[-38.82811,-7.71961],[-38.86885,-7.71118],[-38.8814,-7.74743],[-38.93958,-7.75877],[-38.96286,-7.84482],[-39.01637,-7.81218],[-39.0913,-7.85818]]]]}},{"type":"Feature","id":"24001","properties":{"code":"24001","name":"Mossorã"},"geometry":{"type":"MultiPolygon","coordinates":[[[[-37.17276,-5.49049],[-37.29467,-5.4779],[-37.29578,-5.3914],[-37.42598,-5.31122],[-37.78816,-5.2192],[-37.72509,-5.07062],[-37.67762,-5.05409],[-37.64034,-4.9264],[-37.25329,-4.83156],[-37.16409,-4.93416],[-37.10448,-4.92337],[-37.03879,-4.95106],[-36.96255,-4.91971],[-36.85508,-4.97199],[-36.91189,-5.01619],[-36.9112,-5.07608],[-36.97224,-5.10298],[-36.97213,-5.13169],[-36.92907,-5.13127],[-36.92805,-5.29378],[-37.12614,-5.29342],[-37.17276,-5.49049]]]]}},{"type":"Feature","id":"24002","properties":{"code":"24002","name":"Chapada Do Apodi"},"geometry":{"type":"MultiPolygon","coordinates":[[[[-38.08824,-5.73004],[-38.08199,-5.67012],[-37.99318,-5.55929],[-37.90158,-5.49979],[-37.85766,-5.35672],[-37.78311,-5.29482],[-37.78816,-5.2192],[-37.42598,-5.31122],[-37.29578,-5.3914],[-37.29467,-5.4779],[-37.38235,-5.47819],[-37.44212,-5.58693],[-37.44975,-5.66696],[-37.41369,-5.70646],[-37.41714,-5.73952],[-37.46745,-5.75228],[-37.44751,-5.90272],[-37.49412,-5.89417],[-37.58603,-5.98085],[-37.73379,-5.91187],[-37.89553,-5.94165],[-37.91315,-5.90354],[-37.87225,-5.87865],[-37.87986,-5.75432],[-37.85608,-5.74738],[-37.88132,-5.69695],[-38.05859,-5.75485],[-38.04701,-5.73026],[-38.08824,-5.73004]]]]}},{"type":"Feature","id":"24003","properties":{"code":"24003","name":"MãDio Oeste"},"geometry":{"type":"MultiPolygon","coordinates":[[[[-37.52188,-6.15179],[-37.57738,-6.03399],[-37.55739,-6.01598],[-37.5931,-5.98192],[-37.49412,-5.89417],[-37.44751,-5.90272],[-37.46745,-5.75228],[-37.41714,-5.73952],[-37.41369,-5.70646],[-37.44975,-5.66696],[-37.44212,-5.58693],[-37.38235,-5.47819],[-37.17276,-5.49049],[-37.05456,-5.74579],[-36.9941,-5.77171],[-37.06692,-5.9846],[-37.12869,-5.9564],[-37.17676,-6.04952],[-37.25379,-6.02657],[-37.27248,-6.0557],[-37.44569,-6.1122],[-37.45895,-6.145],[-37.52188,-6.15179]]]]}},{"type":"Feature","id":"24004","properties":{"code":"24004","name":"Vale Do AãU"},"geometry":{"type":"MultiPolygon","coordinates":[[[[-37.08163,-6.24064],[-37.13195,-6.20843],[-37.12668,-6.15688],[-37.17355,-6.14531],[-37.17555,-6.05293],[-37.12869,-5.9564],[-37.06692,-5.9846],[-36.9941,-5.77171],[-37.05456,-5.74579],[-37.17276,-5.49049],[-37.12614,-5.29342],[-36.92805,-5.29378],[-36.92907,-5.13127],[-36.97213,-5.13169],[-36.97224,-5.10298],[-36.9112,-5.07608],[-36.91189,-5.01619],[-36.85508,-4.97199],[-36.79937,-5.03875],[-36.71241,-5.0733],[-36.75147,-5.09581],[-36.71647,-5.11487],[-36.72758,-5.15382],[-36.74944,-5.14407],[-36.73303,-5.17309],[-36.55755,-5.22082],[-36.5421,-5.30151],[-36.51477,-5.30189],[-36.51563,-5.40224],[-36.83799,-5.39223],[-36.86041,-5.44234],[-36.69972,-5.46381],[-36.69905,-5.52615],[-36.77179,-5.61462],[-36.70268,-5.70143],[-36.75547,-5.75901],[-36.78974,-5.75517],[-36.77356,-5.86104],[-36.89373,-5.97496],[-36.85871,-5.98456],[-36.84788,-6.03465],[-36.93405,-6.08896],[-36.89215,-6.17662],[-37.08163,-6.24064]]]]}},{"type":"Feature","id":"24005","properties":{"code":"24005","name":"Serra De SãO Miguel"},"geometry":{"type":"MultiPolygon","coordinates":[[[[-38.36098,-6.46199],[-38.39932,-6.40979],[-38.48623,-6.39875],[-38.45839,-6.33021],[-38.50542,-6.35651],[-38.58154,-6.33105],[-38.5272,-6.19338],[-38.40154,-6.05349],[-38.36525,-6.08846],[-38.2639,-6.07134],[-38.24957,-6.13593],[-38.27755,-6.18104],[-38.24764,-6.28972],[-38.29757,-6.27807],[-38.33336,-6.31155],[-38.33658,-6.3742],[-38.27526,-6.37835],[-38.36098,-6.46199]]]]}},{"type":"Feature","id":"24006","properties":{"code":"24006","name":"Pau Dos Ferros"},"geometry":{"type":"MultiPolygon","coordinates":[[[[-38.31409,-6.48733],[-38.34758,-6.44801],[-38.27526,-6.37835],[-38.33658,-6.3742],[-38.33336,-6.31155],[-38.29757,-6.27807],[-38.24764,-6.28972],[-38.27755,-6.18104],[-38.24912,-6.16379],[-38.2749,-6.0658],[-38.25217,-6.01016],[-38.16378,-5.94544],[-38.05859,-5.75485],[-37.88132,-5.69695],[-37.85608,-5.74738],[-37.87986,-5.75432],[-37.87225,-5.87865],[-37.91315,-5.90354],[-37.89608,-5.94102],[-37.93488,-6.0172],[-38.04378,-6.12599],[-38.06354,-6.25361],[-37.88179,-6.2731],[-37.9081,-6.28519],[-37.90082,-6.31832],[-37.8432,-6.33309],[-37.84153,-6.36303],[-37.88822,-6.36437],[-37.88625,-6.397],[-37.92605,-6.42114],[-37.9554,-6.39821],[-38.0137,-6.42743],[-38.02713,-6.47506],[-38.04971,-6.44105],[-38.11706,-6.52267],[-38.14788,-6.49149],[-38.31409,-6.48733]]]]}},{"type":"Feature","id":"24007","properties":{"code":"24007","name":"Umarizal"},"geometry":{"type":"MultiPolygon","coordinates":[[[[-38.06354,-6.25361],[-38.04378,-6.12599],[-37.97242,-6.06584],[-37.89608,-5.94102],[-37.73379,-5.91187],[-37.55739,-6.01598],[-37.57738,-6.03399],[-37.52188,-6.15179],[-37.74237,-6.18898],[-37.77562,-6.23134],[-37.75766,-6.29077],[-37.81042,-6.29166],[-37.8432,-6.33309],[-37.90082,-6.31832],[-37.9081,-6.28519],[-37.88179,-6.2731],[-38.06354,-6.25361]]]]}},{"type":"Feature","id":"24008","properties":{"code":"24008","name":"Macau"},"geometry":{"type":"MultiPolygon","coordinates":[[[[-36.74906,-5.15139],[-36.71647,-5.11487],[-36.75147,-5.09581],[-36.70687,-5.06436],[-36.69152,-5.09328],[-36.49269,-5.0617],[-36.30842,-5.10286],[-36.13764,-5.09338],[-35.98145,-5.0415],[-35.90825,-5.05945],[-35.95215,-5.23738],[-36.05082,-5.29876],[-36.1568,-5.25553],[-36.27584,-5.28948],[-36.36819,-5.25078],[-36.38334,-5.31801],[-36.51563,-5.40224],[-36.51477,-5.30189],[-36.5421,-5.30151],[-36.55755,-5.22082],[-36.74906,-5.15139]]]]}},{"type":"Feature","id":"24009","properties":{"code":"24009","name":"Angicos"},"geometry":{"type":"MultiPolygon","coordinates":[[[[-36.86041,-5.44234],[-36.83799,-5.39223],[-36.53738,-5.4128],[-36.38334,-5.31801],[-36.36819,-5.25078],[-36.27584,-5.28948],[-36.22323,-5.43387],[-36.12855,-5.45682],[-36.0633,-5.4054],[-35.99241,-5.46379],[-35.91128,-5.62966],[-35.94167,-5.66878],[-35.92567,-5.8075],[-35.97562,-5.79466],[-36.0638,-5.85875],[-36.09958,-5.82991],[-36.11861,-5.85931],[-36.18002,-5.85347],[-36.22418,-5.89995],[-36.25396,-5.83104],[-36.28475,-5.85929],[-36.35636,-5.84904],[-36.38922,-5.79538],[-36.50917,-5.75594],[-36.64398,-5.75893],[-36.77179,-5.61462],[-36.69905,-5.52615],[-36.69972,-5.46381],[-36.86041,-5.44234]]]]}},{"type":"Feature","id":"24010","properties":{"code":"24010","name":"Serra De Santana"},"geometry":{"type":"MultiPolygon","coordinates":[[[[-36.75415,-6.32054],[-36.92405,-6.23895],[-36.95732,-6.19076],[-36.89215,-6.17662],[-36.93405,-6.08896],[-36.84806,-6.03621],[-36.85871,-5.98456],[-36.89373,-5.97496],[-36.77356,-5.86104],[-36.78974,-5.75517],[-36.75547,-5.75901],[-36.69919,-5.69579],[-36.64398,-5.75893],[-36.50917,-5.75594],[-36.38922,-5.79538],[-36.35636,-5.84904],[-36.28475,-5.85929],[-36.25396,-5.83104],[-36.22418,-5.89995],[-36.2957,-6.12217],[-36.34337,-6.09795],[-36.4117,-6.1042],[-36.42907,-6.14179],[-36.42898,-6.11268],[-36.5033,-6.13743],[-36.50267,-6.09841],[-36.54723,-6.14375],[-36.60597,-6.12447],[-36.62794,-6.15534],[-36.59188,-6.24529],[-36.60459,-6.29037],[-36.68159,-6.26981],[-36.75415,-6.32054]]]]}},{"type":"Feature","id":"24011","properties":{"code":"24011","name":"Seridã Ocidental"},"geometry":{"type":"MultiPolygon","coordinates":[[[[-37.2346,-6.82464],[-37.28372,-6.69391],[-37.4847,-6.71004],[-37.48236,-6.54771],[-37.39689,-6.51421],[-37.36653,-6.32558],[-37.31698,-6.27867],[-37.27473,-6.28143],[-37.25153,-6.22646],[-37.15692,-6.15249],[-37.12668,-6.15688],[-37.13195,-6.20843],[-37.08163,-6.24064],[-36.95732,-6.19076],[-36.92405,-6.23895],[-36.89442,-6.23893],[-36.92972,-6.28061],[-36.86082,-6.38878],[-36.95773,-6.49167],[-36.9369,-6.57768],[-36.98062,-6.61714],[-37.00359,-6.70961],[-37.12894,-6.76598],[-37.19067,-6.82537],[-37.2346,-6.82464]]]]}},{"type":"Feature","id":"24012","properties":{"code":"24012","name":"Seridã Oriental"},"geometry":{"type":"MultiPolygon","coordinates":[[[[-36.72437,-6.98038],[-36.76654,-6.93587],[-36.7302,-6.8364],[-36.76947,-6.83875],[-36.77273,-6.78707],[-36.83503,-6.73107],[-36.95714,-6.79048],[-37.00359,-6.70961],[-36.98062,-6.61714],[-36.9369,-6.57768],[-36.95773,-6.49167],[-36.86082,-6.38878],[-36.92929,-6.27538],[-36.89532,-6.2394],[-36.75415,-6.32054],[-36.68159,-6.26981],[-36.60459,-6.29037],[-36.62231,-6.13176],[-36.54723,-6.14375],[-36.50267,-6.09841],[-36.5033,-6.13743],[-36.42898,-6.11268],[-36.42907,-6.14179],[-36.4117,-6.1042],[-36.34337,-6.09795],[-36.25685,-6.15802],[-36.25867,-6.24581],[-36.29498,-6.29211],[-36.39456,-6.29397],[-36.43031,-6.36226],[-36.49985,-6.35817],[-36.52585,-6.50116],[-36.44439,-6.55832],[-36.43628,-6.62822],[-36.52454,-6.59965],[-36.55888,-6.70911],[-36.50256,-6.75762],[-36.50694,-6.81301],[-36.5698,-6.84801],[-36.60979,-6.93684],[-36.68722,-6.92596],[-36.72437,-6.98038]]]]}},{"type":"Feature","id":"24013","properties":{"code":"24013","name":"Baixa Verde"},"geometry":{"type":"MultiPolygon","coordinates":[[[[-35.63182,-5.71439],[-35.93964,-5.73301],[-35.94167,-5.66878],[-35.91128,-5.62966],[-35.99241,-5.46379],[-36.0633,-5.4054],[-36.12855,-5.45682],[-36.22323,-5.43387],[-36.27584,-5.28948],[-36.1568,-5.25553],[-36.06237,-5.30401],[-36.00195,-5.25611],[-35.83186,-5.21002],[-35.81421,-5.46478],[-35.77248,-5.44273],[-35.62564,-5.49226],[-35.66818,-5.49635],[-35.63182,-5.71439]]]]}},{"type":"Feature","id":"24014","properties":{"code":"24014","name":"Borborema Potiguar"},"geometry":{"type":"MultiPolygon","coordinates":[[[[-35.71126,-6.47109],[-35.97765,-6.48891],[-36.07772,-6.40509],[-36.24977,-6.43736],[-36.25116,-6.40442],[-36.29522,-6.39456],[-36.25685,-6.15802],[-36.30222,-6.11537],[-36.21288,-5.87373],[-36.11784,-5.85905],[-36.10177,-5.83008],[-36.0638,-5.85875],[-35.97562,-5.79466],[-35.92552,-5.80025],[-35.77834,-6.01587],[-35.82217,-6.07339],[-35.81166,-6.11856],[-35.73181,-6.14164],[-35.71746,-6.17119],[-35.74065,-6.18268],[-35.66332,-6.1979],[-35.64323,-6.32576],[-35.66905,-6.30946],[-35.6823,-6.35257],[-35.6636,-6.44683],[-35.71126,-6.47109]]]]}},{"type":"Feature","id":"24015","properties":{"code":"24015","name":"Agreste Potiguar"},"geometry":{"type":"MultiPolygon","coordinates":[[[[-35.34126,-6.53862],[-35.44265,-6.47937],[-35.56167,-6.49264],[-35.666,-6.44465],[-35.6823,-6.35257],[-35.66905,-6.30946],[-35.64323,-6.32576],[-35.66332,-6.1979],[-35.74065,-6.18268],[-35.71746,-6.17119],[-35.73181,-6.14164],[-35.81166,-6.11856],[-35.82217,-6.07339],[-35.77834,-6.01587],[-35.93855,-5.79475],[-35.93964,-5.73301],[-35.45821,-5.71784],[-35.47159,-5.83482],[-35.57223,-5.93231],[-35.5374,-5.99568],[-35.55773,-6.04678],[-35.37344,-5.98738],[-35.36909,-6.05355],[-35.29644,-6.06839],[-35.35238,-6.18197],[-35.31896,-6.19096],[-35.34654,-6.35842],[-35.30032,-6.41887],[-35.34126,-6.53862]]]]}},{"type":"Feature","id":"24016","properties":{"code":"24016","name":"Litoral Nordeste"},"geometry":{"type":"MultiPolygon","coordinates":[[[[-35.25648,-5.53026],[-35.28207,-5.49334],[-35.3722,-5.46441],[-35.49256,-5.48734],[-35.52141,-5.57767],[-35.49445,-5.666],[-35.54819,-5.68808],[-35.55769,-5.72113],[-35.63182,-5.71439],[-35.66818,-5.49635],[-35.62564,-5.49226],[-35.77248,-5.44273],[-35.81421,-5.46478],[-35.83186,-5.21002],[-35.95215,-5.23738],[-35.90825,-5.05945],[-35.48911,-5.15836],[-35.39046,-5.25384],[-35.25648,-5.53026]]]]}},{"type":"Feature","id":"24017","properties":{"code":"24017","name":"MacaãBa"},"geometry":{"type":"MultiPolygon","coordinates":[[[[-35.28568,-6.20532],[-35.35238,-6.18197],[-35.29644,-6.06839],[-35.36909,-6.05355],[-35.37137,-5.98796],[-35.55773,-6.04678],[-35.5374,-5.99568],[-35.57223,-5.93231],[-35.47159,-5.83482],[-35.44686,-5.73336],[-35.5519,-5.70335],[-35.49445,-5.666],[-35.52141,-5.57767],[-35.50181,-5.4923],[-35.41699,-5.45721],[-35.28207,-5.49334],[-35.22595,-5.58049],[-35.2277,-5.61225],[-35.28481,-5.62429],[-35.36103,-5.72851],[-35.31321,-5.73797],[-35.26554,-5.70405],[-35.28813,-5.75879],[-35.24756,-5.78225],[-35.28152,-5.82204],[-35.29609,-5.95824],[-35.18272,-5.93778],[-35.11312,-5.9876],[-35.09643,-6.0564],[-35.09843,-6.13934],[-35.16048,-6.1355],[-35.21353,-6.17435],[-35.29808,-6.16125],[-35.28568,-6.20532]]]]}},{"type":"Feature","id":"24018","properties":{"code":"24018","name":"Natal"},"geometry":{"type":"MultiPolygon","coordinates":[[[[-35.1227,-5.98466],[-35.20405,-5.93349],[-35.29609,-5.95824],[-35.28152,-5.82204],[-35.24756,-5.78225],[-35.28813,-5.75879],[-35.26554,-5.70405],[-35.31321,-5.73797],[-35.36103,-5.72851],[-35.28481,-5.62429],[-35.21746,-5.63126],[-35.17907,-5.86823],[-35.1227,-5.98466]]]]}},{"type":"Feature","id":"24019","properties":{"code":"24019","name":"Litoral Sul"},"geometry":{"type":"MultiPolygon","coordinates":[[[[-35.33677,-6.54203],[-35.30032,-6.41887],[-35.34654,-6.35842],[-35.32013,-6.19272],[-35.28568,-6.20532],[-35.29808,-6.16125],[-35.21353,-6.17435],[-35.16048,-6.1355],[-35.09894,-6.13901],[-35.07381,-6.2198],[-35.03726,-6.23603],[-35.03025,-6.34441],[-34.99209,-6.37332],[-34.96854,-6.48726],[-35.05773,-6.52779],[-35.09808,-6.49776],[-35.16885,-6.55826],[-35.22288,-6.51613],[-35.33677,-6.54203]]]]}},{"type":"Feature","id":"25001","properties":{"code":"25001","name":"Catolã Do Rocha"},"geometry":{"type":"MultiPolygon","coordinates":[[[[-37.96227,-6.62614],[-37.97932,-6.53204],[-38.02734,-6.5252],[-38.01485,-6.42878],[-37.9554,-6.39821],[-37.92605,-6.42114],[-37.88625,-6.397],[-37.88822,-6.36437],[-37.84153,-6.36303],[-37.81212,-6.29273],[-37.75766,-6.29077],[-37.77562,-6.23134],[-37.74579,-6.19103],[-37.45895,-6.145],[-37.44569,-6.1122],[-37.27248,-6.0557],[-37.25379,-6.02657],[-37.17393,-6.04802],[-37.16345,-6.16617],[-37.25153,-6.22646],[-37.27473,-6.28143],[-37.31698,-6.27867],[-37.36653,-6.32558],[-37.4117,-6.52953],[-37.49286,-6.50997],[-37.57449,-6.55085],[-37.61829,-6.51558],[-37.78811,-6.59658],[-37.78483,-6.64297],[-37.96227,-6.62614]]]]}},{"type":"Feature","id":"25002","properties":{"code":"25002","name":"Cajazeiras"},"geometry":{"type":"MultiPolygon","coordinates":[[[[-38.48064,-7.38204],[-38.54938,-7.335],[-38.55483,-7.24049],[-38.59511,-7.24653],[-38.64363,-7.18394],[-38.68783,-7.19016],[-38.65641,-7.09243],[-38.66985,-7.0477],[-38.765,-6.9939],[-38.74225,-6.97428],[-38.76518,-6.91094],[-38.67542,-6.86183],[-38.61368,-6.78303],[-38.65268,-6.75976],[-38.67315,-6.69722],[-38.61229,-6.51319],[-38.51791,-6.40873],[-38.60205,-6.38962],[-38.54501,-6.34459],[-38.50542,-6.35651],[-38.45839,-6.33021],[-38.48623,-6.39875],[-38.39932,-6.40979],[-38.2831,-6.52121],[-38.35336,-6.61547],[-38.37265,-6.77336],[-38.35373,-6.77193],[-38.37044,-6.86431],[-38.34919,-6.88104],[-38.36991,-6.92034],[-38.42778,-6.93089],[-38.42303,-6.96646],[-38.28859,-7.01709],[-38.3357,-7.06426],[-38.30985,-7.08273],[-38.3313,-7.14259],[-38.28431,-7.1295],[-38.29583,-7.15683],[-38.38475,-7.1666],[-38.41982,-7.27031],[-38.40882,-7.33165],[-38.48064,-7.38204]]]]}},{"type":"Feature","id":"25003","properties":{"code":"25003","name":"Sousa"},"geometry":{"type":"MultiPolygon","coordinates":[[[[-37.45424,-6.96295],[-37.50793,-6.95961],[-37.51821,-7.00043],[-37.83946,-7.02212],[-38.00642,-6.9443],[-38.09002,-7.01284],[-38.26241,-6.99277],[-38.29632,-7.02185],[-38.42303,-6.96646],[-38.42778,-6.93089],[-38.36991,-6.92034],[-38.34919,-6.88104],[-38.37044,-6.86431],[-38.35373,-6.77193],[-38.37265,-6.77336],[-38.35336,-6.61547],[-38.30221,-6.57054],[-38.30522,-6.52673],[-38.23923,-6.4803],[-38.14788,-6.49149],[-38.11706,-6.52267],[-38.04635,-6.44093],[-38.01731,-6.47973],[-38.02599,-6.528],[-37.97932,-6.53204],[-37.96057,-6.62795],[-37.78483,-6.64297],[-37.78811,-6.59658],[-37.61829,-6.51558],[-37.57449,-6.55085],[-37.49286,-6.50997],[-37.46472,-6.53266],[-37.47098,-6.68034],[-37.54078,-6.7241],[-37.55251,-6.77491],[-37.50657,-6.78067],[-37.52626,-6.82944],[-37.45424,-6.96295]]]]}},{"type":"Feature","id":"25004","properties":{"code":"25004","name":"Patos"},"geometry":{"type":"MultiPolygon","coordinates":[[[[-37.56672,-7.31531],[-37.49467,-7.23085],[-37.54322,-7.10966],[-37.51236,-7.11062],[-37.52199,-6.97278],[-37.45224,-6.95989],[-37.52626,-6.82944],[-37.50657,-6.78067],[-37.55251,-6.77491],[-37.51861,-6.71243],[-37.28372,-6.69391],[-37.17301,-6.98221],[-36.99744,-7.06127],[-36.93903,-7.04568],[-36.91663,-7.08063],[-36.93129,-7.15007],[-36.99262,-7.18012],[-37.06473,-7.15516],[-37.0906,-7.18718],[-37.17222,-7.19912],[-37.17631,-7.23066],[-37.30371,-7.19179],[-37.40902,-7.26749],[-37.38099,-7.29504],[-37.39767,-7.308],[-37.56672,-7.31531]]]]}},{"type":"Feature","id":"25005","properties":{"code":"25005","name":"Piancã"},"geometry":{"type":"MultiPolygon","coordinates":[[[[-37.98244,-7.53971],[-38.0467,-7.5147],[-38.08292,-7.37998],[-38.05287,-7.31747],[-38.08507,-7.32403],[-38.09186,-7.23535],[-38.15613,-7.22146],[-38.17211,-7.16095],[-38.29157,-7.17525],[-38.28431,-7.1295],[-38.3313,-7.14259],[-38.30985,-7.08273],[-38.3357,-7.06426],[-38.26241,-6.99277],[-38.09002,-7.01284],[-38.00642,-6.9443],[-37.87154,-7.01893],[-37.51961,-7.00055],[-37.51236,-7.11062],[-37.54322,-7.10966],[-37.49443,-7.22729],[-37.50706,-7.25919],[-37.58432,-7.33198],[-37.72211,-7.34333],[-37.74019,-7.36609],[-37.72046,-7.38484],[-37.88621,-7.44455],[-37.98244,-7.53971]]]]}},{"type":"Feature","id":"25006","properties":{"code":"25006","name":"Itaporanga"},"geometry":{"type":"MultiPolygon","coordinates":[[[[-38.59363,-7.75435],[-38.7183,-7.60936],[-38.65533,-7.56554],[-38.64492,-7.46002],[-38.5853,-7.43482],[-38.54938,-7.335],[-38.48064,-7.38204],[-38.41523,-7.34353],[-38.38475,-7.1666],[-38.17211,-7.16095],[-38.15613,-7.22146],[-38.09186,-7.23535],[-38.08507,-7.32403],[-38.05287,-7.31747],[-38.08292,-7.37998],[-38.03634,-7.49289],[-38.04931,-7.5483],[-38.18351,-7.61335],[-38.17829,-7.64054],[-38.24174,-7.65499],[-38.31088,-7.73908],[-38.3575,-7.67716],[-38.40951,-7.73049],[-38.45502,-7.71758],[-38.50055,-7.75148],[-38.59363,-7.75435]]]]}},{"type":"Feature","id":"25007","properties":{"code":"25007","name":"Serra Do Teixeira"},"geometry":{"type":"MultiPolygon","coordinates":[[[[-38.29335,-7.82305],[-38.31088,-7.73908],[-38.24174,-7.65499],[-38.05146,-7.55088],[-38.0467,-7.5147],[-37.97423,-7.53828],[-37.88621,-7.44455],[-37.72046,-7.38484],[-37.74019,-7.36609],[-37.72211,-7.34333],[-37.39767,-7.308],[-37.38099,-7.29504],[-37.40902,-7.26749],[-37.30371,-7.19179],[-37.17631,-7.23066],[-37.17222,-7.19912],[-37.0906,-7.18718],[-37.06473,-7.15516],[-37.00027,-7.17431],[-37.03464,-7.18992],[-37.01202,-7.28346],[-37.05318,-7.3795],[-37.16534,-7.3366],[-37.23418,-7.27389],[-37.33059,-7.28828],[-37.37242,-7.35056],[-37.49604,-7.36482],[-37.48696,-7.39505],[-37.53307,-7.47295],[-37.70651,-7.55058],[-37.75693,-7.66652],[-37.7856,-7.62583],[-37.85716,-7.65197],[-37.9706,-7.77758],[-38.03958,-7.74812],[-38.06948,-7.77232],[-38.07707,-7.83058],[-38.15573,-7.78015],[-38.23857,-7.83073],[-38.29335,-7.82305]]]]}},{"type":"Feature","id":"25008","properties":{"code":"25008","name":"Seridã Ocidental Paraibano"},"geometry":{"type":"MultiPolygon","coordinates":[[[[-36.81011,-7.15044],[-36.93103,-7.15345],[-36.91663,-7.08063],[-36.93903,-7.04568],[-36.99744,-7.06127],[-37.17301,-6.98221],[-37.17777,-6.92049],[-37.21255,-6.90639],[-37.2346,-6.82464],[-37.19067,-6.82537],[-37.12894,-6.76598],[-36.99983,-6.70771],[-36.95714,-6.79048],[-36.83503,-6.73107],[-36.77273,-6.78707],[-36.76947,-6.83875],[-36.73052,-6.83544],[-36.7665,-6.93435],[-36.74411,-6.96777],[-36.71587,-6.98256],[-36.68926,-6.92696],[-36.65488,-6.92824],[-36.70181,-6.98602],[-36.68651,-7.00954],[-36.72559,-7.00386],[-36.81011,-7.15044]]]]}},{"type":"Feature","id":"25009","properties":{"code":"25009","name":"Seridã Oriental Paraibano"},"geometry":{"type":"MultiPolygon","coordinates":[[[[-36.59164,-7.17261],[-36.61333,-7.12903],[-36.66232,-7.13065],[-36.65761,-7.04996],[-36.70181,-6.98602],[-36.65488,-6.92824],[-36.60979,-6.93684],[-36.5698,-6.84801],[-36.50694,-6.81301],[-36.50256,-6.75762],[-36.55888,-6.70911],[-36.52454,-6.59965],[-36.43628,-6.62822],[-36.44439,-6.55832],[-36.52585,-6.50116],[-36.52893,-6.44334],[-36.49985,-6.35817],[-36.43031,-6.36226],[-36.39456,-6.29397],[-36.35758,-6.30999],[-36.30488,-6.28219],[-36.27675,-6.34043],[-36.29597,-6.39323],[-36.22653,-6.43403],[-36.26144,-6.84553],[-36.30236,-6.93493],[-36.47671,-6.99421],[-36.48633,-7.18998],[-36.59164,-7.17261]]]]}},{"type":"Feature","id":"25010","properties":{"code":"25010","name":"Cariri Ocidental"},"geometry":{"type":"MultiPolygon","coordinates":[[[[-36.99116,-8.30296],[-37.0812,-8.26637],[-37.06742,-8.2301],[-37.10043,-8.23371],[-37.11826,-8.17535],[-37.16362,-8.16576],[-37.15034,-8.01526],[-37.19268,-7.9606],[-37.35715,-7.974],[-37.30898,-7.93418],[-37.32217,-7.9105],[-37.24465,-7.8749],[-37.24715,-7.8468],[-37.22209,-7.84225],[-37.24366,-7.819],[-37.15195,-7.77984],[-37.14,-7.74193],[-37.19795,-7.6353],[-37.16357,-7.57471],[-36.98423,-7.48226],[-37.02123,-7.4402],[-37.01947,-7.39432],[-37.05318,-7.3795],[-37.01202,-7.28346],[-37.03464,-7.18992],[-36.95671,-7.14881],[-36.81011,-7.15044],[-36.72559,-7.00386],[-36.6889,-7.0088],[-36.65761,-7.04996],[-36.65659,-7.18655],[-36.70741,-7.27025],[-36.61136,-7.28354],[-36.55929,-7.3211],[-36.6344,-7.39168],[-36.53079,-7.52807],[-36.60033,-7.58232],[-36.54727,-7.67183],[-36.62468,-7.72984],[-36.55572,-7.80726],[-36.56797,-7.86171],[-36.53646,-7.90161],[-36.57481,-7.9075],[-36.57348,-7.95743],[-36.62144,-7.96601],[-36.62785,-8.05575],[-36.65868,-8.07981],[-36.62861,-8.11105],[-36.99116,-8.30296]]]]}},{"type":"Feature","id":"25011","properties":{"code":"25011","name":"Cariri Oriental"},"geometry":{"type":"MultiPolygon","coordinates":[[[[-36.48014,-7.92476],[-36.53646,-7.90161],[-36.56797,-7.86171],[-36.55572,-7.80726],[-36.62118,-7.75214],[-36.61726,-7.70509],[-36.57887,-7.71788],[-36.54727,-7.67183],[-36.60033,-7.58232],[-36.53079,-7.52807],[-36.6344,-7.39168],[-36.55929,-7.3211],[-36.61136,-7.28354],[-36.70741,-7.27025],[-36.65679,-7.18752],[-36.66232,-7.13065],[-36.40606,-7.2183],[-36.32611,-7.18876],[-36.34572,-7.36787],[-36.1504,-7.34539],[-36.03949,-7.36766],[-35.99902,-7.38832],[-36.02057,-7.44489],[-35.92114,-7.51396],[-35.87423,-7.51232],[-35.88224,-7.54408],[-35.82777,-7.56326],[-35.87877,-7.60768],[-35.86593,-7.66332],[-35.92597,-7.68316],[-35.95988,-7.65269],[-36.03157,-7.79496],[-36.20096,-7.7899],[-36.21663,-7.7641],[-36.26133,-7.83208],[-36.30913,-7.80669],[-36.42405,-7.81578],[-36.43039,-7.88902],[-36.48014,-7.92476]]]]}},{"type":"Feature","id":"25012","properties":{"code":"25012","name":"Curimataã Ocidental"},"geometry":{"type":"MultiPolygon","coordinates":[[[[-36.48633,-7.18998],[-36.47671,-6.99421],[-36.30236,-6.93493],[-36.26144,-6.84553],[-36.22653,-6.43403],[-36.07772,-6.40509],[-35.99935,-6.48354],[-35.85309,-6.48761],[-35.86706,-6.6796],[-35.9242,-6.72482],[-35.89629,-6.74909],[-35.90617,-6.78639],[-35.81089,-6.86384],[-35.78957,-6.82453],[-35.70088,-6.81472],[-35.7095,-6.84066],[-35.65718,-6.86892],[-35.65007,-6.91003],[-35.80227,-6.86525],[-35.78241,-7.01895],[-35.86554,-6.9546],[-35.94121,-6.93798],[-35.97921,-6.98465],[-35.95862,-7.0598],[-36.03383,-7.17392],[-36.10839,-7.15167],[-36.17072,-7.20183],[-36.32611,-7.18876],[-36.40606,-7.2183],[-36.48633,-7.18998]]]]}},{"type":"Feature","id":"25013","properties":{"code":"25013","name":"Curimataã Oriental"},"geometry":{"type":"MultiPolygon","coordinates":[[[[-35.82505,-6.85981],[-35.90617,-6.78639],[-35.89629,-6.74909],[-35.9244,-6.72678],[-35.86706,-6.6796],[-35.85309,-6.48761],[-35.66016,-6.44528],[-35.56167,-6.49264],[-35.44265,-6.47937],[-35.42595,-6.51397],[-35.45546,-6.61338],[-35.51106,-6.64815],[-35.52629,-6.60727],[-35.5605,-6.60005],[-35.61043,-6.65261],[-35.66751,-6.63544],[-35.68225,-6.65463],[-35.63678,-6.80071],[-35.67951,-6.82744],[-35.78957,-6.82453],[-35.82505,-6.85981]]]]}},{"type":"Feature","id":"25014","properties":{"code":"25014","name":"EsperanãA"},"geometry":{"type":"MultiPolygon","coordinates":[[[[-35.82995,-7.12608],[-35.89549,-7.08517],[-35.93699,-7.10948],[-35.98368,-7.09785],[-35.95044,-7.02964],[-35.97921,-6.98465],[-35.9384,-6.93624],[-35.86554,-6.9546],[-35.77889,-7.02108],[-35.85574,-7.05072],[-35.81644,-7.07529],[-35.82995,-7.12608]]]]}},{"type":"Feature","id":"25015","properties":{"code":"25015","name":"Brejo Paraibano"},"geometry":{"type":"MultiPolygon","coordinates":[[[[-35.82843,-7.13428],[-35.81644,-7.07529],[-35.85574,-7.05072],[-35.77952,-7.02775],[-35.77506,-6.99591],[-35.80683,-6.87086],[-35.65007,-6.91003],[-35.65718,-6.86892],[-35.7095,-6.84066],[-35.70088,-6.81472],[-35.63678,-6.80071],[-35.68786,-6.66732],[-35.66751,-6.63544],[-35.61832,-6.6554],[-35.57722,-6.60775],[-35.53276,-6.60198],[-35.54709,-6.71558],[-35.52159,-6.75853],[-35.58782,-6.83928],[-35.56378,-6.90801],[-35.58112,-6.9485],[-35.52369,-7.0317],[-35.50015,-7.02703],[-35.50029,-7.09486],[-35.64788,-7.14549],[-35.68054,-7.14876],[-35.70794,-7.10426],[-35.78404,-7.15125],[-35.82843,-7.13428]]]]}},{"type":"Feature","id":"25016","properties":{"code":"25016","name":"Guarabira"},"geometry":{"type":"MultiPolygon","coordinates":[[[[-35.45225,-7.07392],[-35.49116,-7.06677],[-35.50052,-7.02657],[-35.52369,-7.0317],[-35.57394,-6.96988],[-35.58782,-6.83928],[-35.52159,-6.75853],[-35.54709,-6.71558],[-35.52598,-6.64465],[-35.44842,-6.60388],[-35.4421,-6.48659],[-35.36451,-6.51204],[-35.38966,-6.59888],[-35.3309,-6.58906],[-35.32012,-6.70822],[-35.37238,-6.7557],[-35.31592,-6.78842],[-35.31744,-6.86968],[-35.26353,-6.95611],[-35.45225,-7.07392]]]]}},{"type":"Feature","id":"25017","properties":{"code":"25017","name":"Campina Grande"},"geometry":{"type":"MultiPolygon","coordinates":[[[[-36.34572,-7.36787],[-36.32611,-7.18876],[-36.17072,-7.20183],[-36.10839,-7.15167],[-36.03383,-7.17392],[-35.97949,-7.10088],[-35.89549,-7.08517],[-35.7861,-7.15105],[-35.70794,-7.10426],[-35.68054,-7.14876],[-35.62445,-7.13285],[-35.60847,-7.16503],[-35.69849,-7.21882],[-35.74515,-7.34228],[-35.70268,-7.3381],[-35.75703,-7.47644],[-35.82486,-7.46032],[-35.87232,-7.51335],[-35.92114,-7.51396],[-36.02057,-7.44489],[-35.99902,-7.38832],[-36.03949,-7.36766],[-36.1504,-7.34539],[-36.34572,-7.36787]]]]}},{"type":"Feature","id":"25018","properties":{"code":"25018","name":"Itabaiana"},"geometry":{"type":"MultiPolygon","coordinates":[[[[-35.75342,-7.47157],[-35.70268,-7.3381],[-35.74515,-7.34228],[-35.69849,-7.21882],[-35.60792,-7.16868],[-35.62445,-7.13285],[-35.53004,-7.11977],[-35.50029,-7.09486],[-35.5146,-7.06245],[-35.45225,-7.07392],[-35.37587,-7.0326],[-35.31583,-7.11834],[-35.28782,-7.10896],[-35.33733,-7.18703],[-35.3847,-7.20894],[-35.37586,-7.23934],[-35.44994,-7.255],[-35.41782,-7.27634],[-35.35335,-7.25528],[-35.27105,-7.3641],[-35.2908,-7.39755],[-35.42471,-7.47442],[-35.45037,-7.45341],[-35.51829,-7.48221],[-35.56605,-7.43863],[-35.75342,-7.47157]]]]}},{"type":"Feature","id":"25019","properties":{"code":"25019","name":"Umbuzeiro"},"geometry":{"type":"MultiPolygon","coordinates":[[[[-36.03541,-7.79619],[-35.99632,-7.76263],[-35.95988,-7.65269],[-35.92597,-7.68316],[-35.86593,-7.66332],[-35.87877,-7.60768],[-35.82615,-7.57116],[-35.88461,-7.53772],[-35.83204,-7.4637],[-35.68866,-7.47759],[-35.56605,-7.43863],[-35.49493,-7.48391],[-35.53728,-7.58067],[-35.51519,-7.58502],[-35.53281,-7.65482],[-35.60966,-7.65378],[-35.65223,-7.69637],[-35.87212,-7.74954],[-35.90441,-7.79224],[-35.99822,-7.81376],[-36.03541,-7.79619]]]]}},{"type":"Feature","id":"25020","properties":{"code":"25020","name":"Litoral Norte"},"geometry":{"type":"MultiPolygon","coordinates":[[[[-35.28653,-6.94436],[-35.31788,-6.86823],[-35.30502,-6.83316],[-35.32794,-6.82528],[-35.31592,-6.78842],[-35.37238,-6.7557],[-35.32012,-6.70822],[-35.3309,-6.58906],[-35.39244,-6.58854],[-35.36451,-6.51204],[-35.33077,-6.54434],[-35.22288,-6.51613],[-35.1703,-6.55839],[-35.09808,-6.49776],[-35.05773,-6.52779],[-34.97103,-6.4854],[-34.96227,-6.64018],[-34.90276,-6.86527],[-35.05923,-6.93511],[-35.28653,-6.94436]]]]}},{"type":"Feature","id":"25021","properties":{"code":"25021","name":"Sapã"},"geometry":{"type":"MultiPolygon","coordinates":[[[[-35.28057,-7.38759],[-35.29129,-7.3211],[-35.35335,-7.25528],[-35.41782,-7.27634],[-35.44994,-7.255],[-35.37586,-7.23934],[-35.3847,-7.20894],[-35.33733,-7.18703],[-35.28782,-7.10896],[-35.32354,-7.10967],[-35.37132,-7.00844],[-35.25787,-6.95131],[-35.13264,-6.94083],[-35.12771,-7.00983],[-35.16206,-7.03157],[-35.05922,-7.0811],[-35.0393,-7.12921],[-35.0675,-7.22929],[-35.15122,-7.21318],[-35.19682,-7.3183],[-35.15379,-7.39246],[-35.28057,-7.38759]]]]}},{"type":"Feature","id":"25022","properties":{"code":"25022","name":"JoãO Pessoa"},"geometry":{"type":"MultiPolygon","coordinates":[[[[-34.85916,-7.01562],[-34.86748,-6.98769],[-34.85693,-6.98429],[-34.84732,-6.98594],[-34.85916,-7.01562]]],[[[-34.8023,-7.38348],[-34.91857,-7.30356],[-34.9412,-7.24915],[-34.96382,-7.2828],[-35.0557,-7.26716],[-35.0393,-7.12921],[-35.05922,-7.0811],[-35.16206,-7.03157],[-35.12771,-7.00983],[-35.13668,-6.94346],[-34.91258,-6.86576],[-34.85612,-6.90107],[-34.86833,-7.00692],[-34.85513,-7.02752],[-34.82934,-6.96785],[-34.84233,-7.05775],[-34.79288,-7.15501],[-34.8023,-7.38348]]]]}},{"type":"Feature","id":"25023","properties":{"code":"25023","name":"Litoral Sul"},"geometry":{"type":"MultiPolygon","coordinates":[[[[-34.82628,-7.55011],[-34.96079,-7.53877],[-34.98435,-7.46353],[-35.02956,-7.42582],[-35.15374,-7.39273],[-35.19682,-7.3183],[-35.15122,-7.21318],[-35.0673,-7.22932],[-35.04381,-7.27878],[-34.95865,-7.28157],[-34.9412,-7.24915],[-34.91857,-7.30356],[-34.81577,-7.35411],[-34.82628,-7.55011]]]]}},{"type":"Feature","id":"26001","properties":{"code":"26001","name":"Araripina"},"geometry":{"type":"MultiPolygon","coordinates":[[[[-40.33349,-8.5189],[-40.36551,-8.43244],[-40.4528,-8.36353],[-40.65566,-8.3807],[-40.75522,-8.34227],[-40.78168,-8.29312],[-40.78248,-8.2533],[-40.70726,-8.22349],[-40.63395,-8.13945],[-40.5897,-8.13881],[-40.60312,-8.09533],[-40.54365,-7.95843],[-40.54751,-7.82747],[-40.67357,-7.76167],[-40.62199,-7.65136],[-40.7012,-7.52579],[-40.70609,-7.46005],[-40.54846,-7.39269],[-40.52372,-7.31845],[-40.39388,-7.36817],[-40.28388,-7.29917],[-40.12775,-7.38191],[-39.74132,-7.32682],[-39.65309,-7.37226],[-39.62662,-7.42704],[-39.57159,-7.42983],[-39.54843,-7.48313],[-39.46075,-7.47122],[-39.47307,-7.57402],[-39.39187,-7.60819],[-39.49294,-7.6695],[-39.5171,-7.74378],[-39.56799,-7.73656],[-39.59031,-7.76574],[-39.56214,-7.8132],[-39.57364,-7.8708],[-39.76265,-7.91255],[-39.94304,-8.14259],[-39.90505,-8.21744],[-39.95615,-8.22627],[-40.00053,-8.17347],[-40.0779,-8.15265],[-40.17735,-8.17878],[-40.18948,-8.15153],[-40.20068,-8.25595],[-40.08734,-8.33721],[-40.18136,-8.42096],[-40.19659,-8.51261],[-40.25756,-8.49653],[-40.33349,-8.5189]]]]}},{"type":"Feature","id":"26002","properties":{"code":"26002","name":"Salgueiro"},"geometry":{"type":"MultiPolygon","coordinates":[[[[-40.20068,-8.25595],[-40.18948,-8.15153],[-40.17735,-8.17878],[-40.0779,-8.15265],[-40.00053,-8.17347],[-39.95615,-8.22627],[-39.90505,-8.21744],[-39.94304,-8.14259],[-39.76265,-7.91255],[-39.57364,-7.8708],[-39.56214,-7.8132],[-39.59031,-7.76574],[-39.56799,-7.73656],[-39.5171,-7.74378],[-39.49294,-7.6695],[-39.39187,-7.60819],[-39.30557,-7.66593],[-39.27032,-7.6599],[-39.25256,-7.70493],[-39.20834,-7.68948],[-39.13564,-7.72338],[-39.0913,-7.85818],[-39.01637,-7.81218],[-38.96286,-7.84482],[-38.93958,-7.75877],[-38.8814,-7.74743],[-38.86885,-7.71118],[-38.82811,-7.71961],[-38.81969,-7.66483],[-38.7428,-7.66032],[-38.71511,-7.62192],[-38.59716,-7.74285],[-38.62756,-7.82204],[-38.55533,-7.90531],[-38.6205,-8.09882],[-38.5259,-8.23748],[-38.5687,-8.29866],[-38.63032,-8.3104],[-38.73931,-8.24502],[-38.81253,-8.23521],[-38.92795,-8.35637],[-39.04652,-8.37966],[-39.20873,-8.22721],[-39.3018,-8.22733],[-39.30683,-8.05163],[-39.4371,-8.05943],[-39.43128,-8.12685],[-39.5222,-8.16927],[-39.37905,-8.25956],[-39.56608,-8.24707],[-39.68373,-8.35052],[-39.67233,-8.45658],[-39.75073,-8.34399],[-39.83436,-8.3296],[-39.89805,-8.3737],[-40.08241,-8.37144],[-40.11105,-8.34321],[-40.08734,-8.33721],[-40.20068,-8.25595]]]]}},{"type":"Feature","id":"26003","properties":{"code":"26003","name":"Pajeã"},"geometry":{"type":"MultiPolygon","coordinates":[[[[-38.51847,-8.44159],[-38.48668,-8.31474],[-38.54945,-8.28832],[-38.5259,-8.23748],[-38.6205,-8.09882],[-38.55533,-7.90531],[-38.62756,-7.82204],[-38.59363,-7.75435],[-38.50055,-7.75148],[-38.45502,-7.71758],[-38.40951,-7.73049],[-38.3575,-7.67716],[-38.31203,-7.71631],[-38.28571,-7.83092],[-38.23857,-7.83073],[-38.16422,-7.77991],[-38.07707,-7.83058],[-38.06948,-7.77232],[-38.03958,-7.74812],[-37.9706,-7.77758],[-37.85716,-7.65197],[-37.78583,-7.6258],[-37.75065,-7.66289],[-37.75585,-7.61952],[-37.70651,-7.55058],[-37.53307,-7.47295],[-37.48696,-7.39505],[-37.49604,-7.36482],[-37.37242,-7.35056],[-37.33059,-7.28828],[-37.23418,-7.27389],[-37.16534,-7.3366],[-37.01947,-7.39432],[-37.02123,-7.4402],[-36.98423,-7.48226],[-37.12152,-7.53612],[-37.17323,-7.5879],[-37.19732,-7.64544],[-37.14,-7.74193],[-37.15195,-7.77984],[-37.24366,-7.819],[-37.22209,-7.84225],[-37.32217,-7.9105],[-37.31762,-7.94277],[-37.46897,-7.9424],[-37.48156,-7.97229],[-37.56132,-7.99157],[-37.58679,-7.97131],[-37.55157,-7.92371],[-37.58893,-7.8741],[-37.70461,-8.0038],[-37.78443,-8.03165],[-37.80327,-8.08277],[-37.93599,-8.06424],[-37.98204,-8.08326],[-38.11696,-8.22023],[-38.15236,-8.22339],[-38.17867,-8.27667],[-38.26317,-8.25336],[-38.29499,-8.28773],[-38.36768,-8.28079],[-38.51847,-8.44159]]]]}},{"type":"Feature","id":"26004","properties":{"code":"26004","name":"SertãO Do Moxotã"},"geometry":{"type":"MultiPolygon","coordinates":[[[[-37.97809,-9.01971],[-38.00549,-8.96284],[-38.02473,-8.65231],[-37.95285,-8.65205],[-37.93204,-8.61763],[-37.85292,-8.59498],[-37.78511,-8.38342],[-37.89413,-8.39284],[-37.96665,-8.45858],[-38.04643,-8.45659],[-38.08787,-8.41616],[-38.16858,-8.3967],[-38.19503,-8.31384],[-38.1741,-8.24722],[-37.98204,-8.08326],[-37.93599,-8.06424],[-37.80327,-8.08277],[-37.78443,-8.03165],[-37.70461,-8.0038],[-37.58893,-7.8741],[-37.55157,-7.92371],[-37.58679,-7.97131],[-37.56132,-7.99157],[-37.48156,-7.97229],[-37.46897,-7.9424],[-37.35022,-7.9486],[-37.33978,-7.9798],[-37.1942,-7.95933],[-37.15034,-8.01526],[-37.16362,-8.16576],[-37.11826,-8.17535],[-37.10043,-8.23371],[-37.06742,-8.2301],[-37.0812,-8.26637],[-36.99116,-8.30296],[-36.90826,-8.25309],[-36.94843,-8.39664],[-36.89687,-8.4419],[-36.9244,-8.46421],[-36.99398,-8.43669],[-37.02291,-8.4987],[-37.14904,-8.40346],[-37.3631,-8.40567],[-37.42161,-8.87124],[-37.44865,-8.88024],[-37.48123,-8.84341],[-37.52531,-8.96336],[-37.59705,-8.96907],[-37.63836,-9.0038],[-37.69825,-8.99067],[-37.67192,-8.9745],[-37.75549,-8.84638],[-37.82463,-8.88596],[-37.82623,-8.93272],[-37.97809,-9.01971]]]]}},{"type":"Feature","id":"26005","properties":{"code":"26005","name":"Petrolina"},"geometry":{"type":"MultiPolygon","coordinates":[[[[-41.35834,-8.70762],[-41.21354,-8.64416],[-41.21229,-8.60182],[-41.16875,-8.58309],[-41.14838,-8.53303],[-41.09558,-8.51853],[-41.07893,-8.4725],[-41.0511,-8.48047],[-41.00068,-8.40073],[-40.92515,-8.44633],[-40.89347,-8.35731],[-40.83657,-8.3808],[-40.81951,-8.32191],[-40.78009,-8.29627],[-40.75522,-8.34227],[-40.65566,-8.3807],[-40.4528,-8.36353],[-40.36551,-8.43244],[-40.33349,-8.5189],[-40.25756,-8.49653],[-40.19659,-8.51261],[-40.18136,-8.42096],[-40.09989,-8.34683],[-40.08241,-8.37144],[-40.00377,-8.35449],[-39.96058,-8.37861],[-39.78778,-8.33266],[-39.74872,-8.34544],[-39.67233,-8.45658],[-39.68373,-8.35052],[-39.56608,-8.24707],[-39.37905,-8.25956],[-39.5222,-8.16927],[-39.43128,-8.12685],[-39.4371,-8.05943],[-39.30683,-8.05163],[-39.3018,-8.22733],[-39.20873,-8.22721],[-39.04652,-8.37966],[-39.13347,-8.50682],[-39.20275,-8.51226],[-39.27262,-8.58379],[-39.38637,-8.53349],[-39.59523,-8.65121],[-39.69113,-8.66231],[-39.67463,-8.78716],[-39.89296,-8.82879],[-39.87346,-8.93404],[-39.95803,-9.04859],[-40.06556,-9.06307],[-40.12989,-9.1103],[-40.24786,-9.05774],[-40.28671,-9.11735],[-40.33887,-9.35989],[-40.37142,-9.37872],[-40.42366,-9.35347],[-40.46776,-9.42057],[-40.52911,-9.4139],[-40.55576,-9.45794],[-40.62317,-9.4829],[-40.72218,-9.44595],[-40.77675,-9.45445],[-40.74267,-9.40071],[-40.75642,-9.31503],[-40.68599,-9.27637],[-40.6674,-9.15906],[-40.82007,-9.08126],[-40.8516,-8.9525],[-40.91924,-8.83718],[-41.02124,-8.84356],[-41.03623,-8.78588],[-41.10176,-8.78196],[-41.12457,-8.75267],[-41.11276,-8.70397],[-41.22698,-8.7047],[-41.28154,-8.7361],[-41.35834,-8.70762]]]]}},{"type":"Feature","id":"26006","properties":{"code":"26006","name":"Itaparica"},"geometry":{"type":"MultiPolygon","coordinates":[[[[-38.23759,-9.32979],[-38.3213,-9.1299],[-38.2964,-9.02285],[-38.32354,-8.99001],[-38.40846,-9.0385],[-38.48404,-9.00102],[-38.51991,-8.94353],[-38.47329,-8.88955],[-38.47983,-8.85009],[-38.57043,-8.83037],[-38.61028,-8.95733],[-38.6576,-8.98248],[-38.70654,-8.86226],[-38.80407,-8.78918],[-38.95193,-8.80467],[-39.03758,-8.73469],[-39.16871,-8.6915],[-39.23055,-8.70881],[-39.2727,-8.59649],[-39.24093,-8.54038],[-39.16654,-8.49821],[-39.13468,-8.50772],[-39.06663,-8.38573],[-38.92795,-8.35637],[-38.81253,-8.23521],[-38.73931,-8.24502],[-38.62856,-8.31083],[-38.53993,-8.28738],[-38.48668,-8.31474],[-38.51847,-8.44159],[-38.40661,-8.3058],[-38.36368,-8.27969],[-38.29499,-8.28773],[-38.26317,-8.25336],[-38.17776,-8.27789],[-38.19503,-8.31384],[-38.16776,-8.39787],[-38.03673,-8.45996],[-37.96665,-8.45858],[-37.89413,-8.39284],[-37.78511,-8.38342],[-37.85292,-8.59498],[-37.93204,-8.61763],[-37.95285,-8.65205],[-38.02473,-8.65231],[-37.99371,-8.99663],[-37.97809,-9.01971],[-37.82533,-8.93243],[-37.8391,-8.97838],[-37.97935,-9.14836],[-38.09229,-9.17272],[-38.23759,-9.32979]]]]}},{"type":"Feature","id":"26007","properties":{"code":"26007","name":"Vale Do Ipanema"},"geometry":{"type":"MultiPolygon","coordinates":[[[[-37.05759,-9.31754],[-37.09067,-9.24636],[-37.16433,-9.27571],[-37.15895,-9.2391],[-37.19831,-9.21548],[-37.23434,-9.24018],[-37.24708,-9.17902],[-37.31745,-9.0924],[-37.41099,-9.00928],[-37.52599,-8.96225],[-37.48123,-8.84341],[-37.44865,-8.88024],[-37.41945,-8.86479],[-37.3631,-8.40567],[-37.14904,-8.40346],[-37.02291,-8.4987],[-36.99398,-8.43669],[-36.9244,-8.46421],[-36.82109,-8.41737],[-36.82627,-8.50375],[-36.7783,-8.60267],[-36.73082,-8.60545],[-36.69001,-8.67019],[-36.70222,-8.72386],[-36.7732,-8.73191],[-36.7592,-8.77466],[-36.78024,-8.79862],[-36.75471,-8.82808],[-36.77693,-8.88629],[-36.74798,-8.88747],[-36.77805,-8.92745],[-36.87809,-8.88286],[-36.88799,-8.96904],[-36.98609,-9.13062],[-36.94366,-9.18045],[-36.95255,-9.212],[-37.05759,-9.31754]]]]}},{"type":"Feature","id":"26008","properties":{"code":"26008","name":"Vale Do Ipojuca"},"geometry":{"type":"MultiPolygon","coordinates":[[[[-35.44242,-8.14683],[-35.51301,-8.22229],[-35.50975,-8.30053],[-35.55787,-8.32956],[-35.54934,-8.35165],[-35.62803,-8.37428],[-35.61353,-8.34446],[-35.65704,-8.20364],[-35.71837,-8.21947],[-35.76987,-8.31434],[-35.84557,-8.37869],[-35.96414,-8.35742],[-35.99339,-8.39878],[-36.00892,-8.36176],[-36.13099,-8.40137],[-36.2671,-8.5624],[-36.50867,-8.70814],[-36.51595,-8.7702],[-36.48972,-8.79747],[-36.70222,-8.72386],[-36.69001,-8.67019],[-36.73082,-8.60545],[-36.7783,-8.60267],[-36.82627,-8.50375],[-36.82109,-8.41737],[-36.87255,-8.4578],[-36.94843,-8.39664],[-36.9,-8.24366],[-36.76157,-8.19629],[-36.62861,-8.11105],[-36.65868,-8.07981],[-36.62785,-8.05575],[-36.62144,-7.96601],[-36.57348,-7.95743],[-36.5782,-7.91525],[-36.55202,-7.89871],[-36.32715,-7.96862],[-36.29194,-7.94363],[-36.12464,-7.96667],[-36.08212,-8.02222],[-36.01126,-8.00402],[-36.00541,-7.97634],[-35.90663,-8.00618],[-35.77554,-7.96976],[-35.75949,-8.0118],[-35.83349,-8.06023],[-35.83576,-8.11444],[-35.63033,-8.10408],[-35.5108,-8.05761],[-35.44242,-8.14683]]]]}},{"type":"Feature","id":"26009","properties":{"code":"26009","name":"Alto Capibaribe"},"geometry":{"type":"MultiPolygon","coordinates":[[[[-36.4463,-7.91638],[-36.42405,-7.81578],[-36.30913,-7.80669],[-36.26133,-7.83208],[-36.21663,-7.7641],[-36.20096,-7.7899],[-36.08093,-7.77906],[-35.99822,-7.81376],[-35.70008,-7.69186],[-35.63964,-7.75783],[-35.71117,-7.79196],[-35.69392,-7.89998],[-35.65418,-7.94431],[-35.88692,-8.00535],[-36.00541,-7.97634],[-36.01126,-8.00402],[-36.08212,-8.02222],[-36.12464,-7.96667],[-36.29194,-7.94363],[-36.32715,-7.96862],[-36.4463,-7.91638]]]]}},{"type":"Feature","id":"26010","properties":{"code":"26010","name":"MãDio Capibaribe"},"geometry":{"type":"MultiPolygon","coordinates":[[[[-35.83576,-8.11444],[-35.84016,-8.07131],[-35.75949,-8.0118],[-35.75776,-7.97494],[-35.65418,-7.94431],[-35.69392,-7.89998],[-35.70575,-7.77556],[-35.63964,-7.75783],[-35.68149,-7.70932],[-35.61462,-7.65631],[-35.51558,-7.64408],[-35.51519,-7.58502],[-35.5379,-7.58422],[-35.50193,-7.51251],[-35.48969,-7.55594],[-35.45541,-7.55865],[-35.46114,-7.63112],[-35.40563,-7.82504],[-35.30446,-7.94165],[-35.38762,-8.00345],[-35.45724,-7.98896],[-35.46671,-8.02922],[-35.42942,-8.081],[-35.46251,-8.09383],[-35.5108,-8.05761],[-35.63033,-8.10408],[-35.83576,-8.11444]]]]}},{"type":"Feature","id":"26011","properties":{"code":"26011","name":"Garanhuns"},"geometry":{"type":"MultiPolygon","coordinates":[[[[-37.05534,-9.30745],[-36.95255,-9.212],[-36.94366,-9.18045],[-36.98609,-9.13062],[-36.88799,-8.96904],[-36.87809,-8.88286],[-36.77805,-8.92745],[-36.74798,-8.88747],[-36.77693,-8.88629],[-36.75471,-8.82808],[-36.78024,-8.79862],[-36.7592,-8.77466],[-36.7732,-8.73191],[-36.70222,-8.72386],[-36.48899,-8.79731],[-36.51595,-8.7702],[-36.50867,-8.70814],[-36.27513,-8.56201],[-36.29279,-8.63126],[-36.26833,-8.6244],[-36.19481,-8.71241],[-36.18174,-8.66483],[-36.07603,-8.72091],[-36.09419,-8.73139],[-36.07546,-8.77053],[-36.12549,-8.84235],[-36.03326,-8.90842],[-36.12728,-8.95611],[-36.10433,-8.99893],[-36.12728,-9.03367],[-36.19572,-9.04479],[-36.23646,-9.10349],[-36.26839,-9.10392],[-36.2635,-9.17201],[-36.30979,-9.17236],[-36.3536,-9.22012],[-36.43701,-9.2121],[-36.57184,-9.29258],[-36.56658,-9.33144],[-36.60362,-9.34151],[-36.76177,-9.27146],[-36.8379,-9.28842],[-36.87126,-9.26808],[-36.91582,-9.29902],[-36.94649,-9.38302],[-37.05534,-9.30745]]]]}},{"type":"Feature","id":"26012","properties":{"code":"26012","name":"Brejo Pernambucano"},"geometry":{"type":"MultiPolygon","coordinates":[[[[-36.29279,-8.63126],[-36.27332,-8.56064],[-36.13099,-8.40137],[-36.00892,-8.36176],[-35.99339,-8.39878],[-35.96414,-8.35742],[-35.84557,-8.37869],[-35.76987,-8.31434],[-35.71837,-8.21947],[-35.65513,-8.20361],[-35.61353,-8.34446],[-35.62803,-8.37428],[-35.54761,-8.35583],[-35.59712,-8.41024],[-35.5546,-8.42477],[-35.54292,-8.48625],[-35.63428,-8.55145],[-35.69815,-8.54721],[-35.68856,-8.59616],[-35.72351,-8.57897],[-35.79301,-8.59904],[-35.81364,-8.58488],[-35.80076,-8.54657],[-35.85332,-8.53579],[-35.85552,-8.61249],[-35.80727,-8.64986],[-35.86106,-8.75128],[-35.96506,-8.74168],[-36.02498,-8.79034],[-36.05579,-8.75508],[-36.07546,-8.77053],[-36.09419,-8.73139],[-36.07603,-8.72091],[-36.18174,-8.66483],[-36.19481,-8.71241],[-36.26833,-8.6244],[-36.29279,-8.63126]]]]}},{"type":"Feature","id":"26013","properties":{"code":"26013","name":"Mata Setentrional Pernambucana"},"geometry":{"type":"MultiPolygon","coordinates":[[[[-35.0981,-7.97289],[-35.18043,-7.97776],[-35.32389,-7.93173],[-35.43783,-7.75035],[-35.41284,-7.74048],[-35.49431,-7.48221],[-35.45037,-7.45341],[-35.41461,-7.4719],[-35.33502,-7.4068],[-35.24022,-7.37539],[-35.07052,-7.39876],[-34.98542,-7.46201],[-34.96079,-7.53877],[-34.83587,-7.54573],[-34.80743,-7.62408],[-34.86418,-7.71335],[-34.89903,-7.68331],[-34.98193,-7.73525],[-35.10687,-7.72852],[-35.14006,-7.79445],[-35.12318,-7.85038],[-35.02859,-7.93428],[-35.0981,-7.97289]]]]}},{"type":"Feature","id":"26014","properties":{"code":"26014","name":"VitãRia De Santo AntãO"},"geometry":{"type":"MultiPolygon","coordinates":[[[[-35.50934,-8.31117],[-35.51301,-8.22229],[-35.449,-8.16986],[-35.43886,-8.12696],[-35.47927,-8.10446],[-35.42942,-8.081],[-35.46671,-8.02922],[-35.45724,-7.98896],[-35.38762,-8.00345],[-35.293,-7.93626],[-35.17168,-7.97283],[-35.22363,-8.02085],[-35.19577,-8.07954],[-35.26912,-8.29607],[-35.36908,-8.29935],[-35.38757,-8.2607],[-35.44523,-8.25024],[-35.50934,-8.31117]]]]}},{"type":"Feature","id":"26015","properties":{"code":"26015","name":"Mata Meridional Pernambucana"},"geometry":{"type":"MultiPolygon","coordinates":[[[[-36.12549,-8.84235],[-36.05579,-8.75508],[-36.02498,-8.79034],[-35.96506,-8.74168],[-35.86106,-8.75128],[-35.82103,-8.70899],[-35.80727,-8.64986],[-35.85569,-8.61107],[-35.83998,-8.52611],[-35.80076,-8.54657],[-35.80331,-8.59436],[-35.72236,-8.57897],[-35.69939,-8.5993],[-35.69815,-8.54721],[-35.63428,-8.55145],[-35.54292,-8.48625],[-35.5546,-8.42477],[-35.59699,-8.40948],[-35.54786,-8.35683],[-35.55787,-8.32956],[-35.45462,-8.25401],[-35.3005,-8.30809],[-35.26912,-8.29607],[-35.26483,-8.24285],[-35.23712,-8.29303],[-35.14584,-8.28919],[-35.17072,-8.35512],[-35.23805,-8.41745],[-35.203,-8.47902],[-35.0775,-8.52932],[-35.04472,-8.61133],[-35.15253,-8.91384],[-35.17674,-8.88884],[-35.45581,-8.84096],[-35.47012,-8.81313],[-35.7484,-8.91715],[-35.79621,-8.8474],[-35.84252,-8.87293],[-35.8962,-8.85427],[-36.00539,-8.913],[-36.12549,-8.84235]]]]}},{"type":"Feature","id":"26016","properties":{"code":"26016","name":"Itamaracã"},"geometry":{"type":"MultiPolygon","coordinates":[[[[-35.14006,-7.79445],[-35.09813,-7.71518],[-35.0452,-7.74448],[-34.89903,-7.68331],[-34.88482,-7.71457],[-34.83067,-7.70022],[-34.86354,-7.89072],[-35.05411,-7.88004],[-35.06838,-7.81172],[-35.10407,-7.80199],[-35.10157,-7.83063],[-35.14006,-7.79445]]]]}},{"type":"Feature","id":"26017","properties":{"code":"26017","name":"Recife"},"geometry":{"type":"MultiPolygon","coordinates":[[[[-34.94024,-8.242],[-35.00705,-8.20604],[-35.07234,-8.22199],[-35.12004,-8.1841],[-35.15079,-8.18632],[-35.16211,-8.22477],[-35.22202,-8.18466],[-35.19577,-8.07954],[-35.22363,-8.02085],[-35.16422,-7.97183],[-35.0981,-7.97289],[-35.02859,-7.93428],[-35.09742,-7.88448],[-35.14006,-7.79445],[-35.10157,-7.83063],[-35.10407,-7.80199],[-35.06838,-7.81172],[-35.05411,-7.88004],[-34.97724,-7.90003],[-34.86354,-7.89072],[-34.83653,-7.84325],[-34.82338,-7.94479],[-34.94024,-8.242]]]]}},{"type":"Feature","id":"26018","properties":{"code":"26018","name":"Suape"},"geometry":{"type":"MultiPolygon","coordinates":[[[[-35.04472,-8.61133],[-35.0775,-8.52932],[-35.203,-8.47902],[-35.23028,-8.43527],[-35.14015,-8.30993],[-35.15174,-8.27919],[-35.23804,-8.29227],[-35.26597,-8.25025],[-35.24854,-8.18591],[-35.24108,-8.21282],[-35.21525,-8.18756],[-35.16211,-8.22477],[-35.15079,-8.18632],[-35.12004,-8.1841],[-35.07234,-8.22199],[-34.92011,-8.22536],[-34.95136,-8.29087],[-34.9377,-8.3519],[-35.04472,-8.61133]]]]}},{"type":"Feature","id":"26019","properties":{"code":"26019","name":"Fernando De Noronha"},"geometry":{"type":"MultiPolygon","coordinates":[[[[-32.47625,-3.87562],[-32.39881,-3.82896],[-32.42448,-3.87735],[-32.47625,-3.87562]]]]}},{"type":"Feature","id":"27001","properties":{"code":"27001","name":"Serrana Do SertãO Alagoano"},"geometry":{"type":"MultiPolygon","coordinates":[[[[-38.15637,-9.25007],[-38.09229,-9.17272],[-37.97856,-9.14766],[-37.8391,-8.97838],[-37.82463,-8.88596],[-37.75549,-8.84638],[-37.67192,-8.9745],[-37.69774,-8.99121],[-37.63767,-9.00378],[-37.52933,-8.96009],[-37.39614,-9.02011],[-37.43523,-9.18284],[-37.58823,-9.28683],[-37.65416,-9.4088],[-37.76882,-9.28878],[-37.87228,-9.40663],[-38.15637,-9.25007]]]]}},{"type":"Feature","id":"27002","properties":{"code":"27002","name":"Alagoana Do SertãO Do SãO Francisco"},"geometry":{"type":"MultiPolygon","coordinates":[[[[-37.66033,-9.67726],[-37.71177,-9.6313],[-37.78523,-9.63858],[-37.89247,-9.5398],[-37.98933,-9.52736],[-38.01093,-9.47873],[-38.07776,-9.44111],[-38.20476,-9.41867],[-38.19448,-9.38493],[-38.23759,-9.32979],[-38.15637,-9.25007],[-37.87228,-9.40663],[-37.76882,-9.28878],[-37.65416,-9.4088],[-37.6762,-9.52391],[-37.63759,-9.60372],[-37.66033,-9.67726]]]]}},{"type":"Feature","id":"27003","properties":{"code":"27003","name":"Santana Do Ipanema"},"geometry":{"type":"MultiPolygon","coordinates":[[[[-37.2972,-9.8276],[-37.42805,-9.75887],[-37.57819,-9.73641],[-37.66033,-9.67727],[-37.63759,-9.60372],[-37.6762,-9.52391],[-37.65779,-9.41095],[-37.58823,-9.28683],[-37.43523,-9.18284],[-37.39242,-9.02676],[-37.24708,-9.17902],[-37.23434,-9.24018],[-37.19831,-9.21548],[-37.15895,-9.2391],[-37.16433,-9.27571],[-37.09067,-9.24636],[-37.05759,-9.31754],[-37.02429,-9.31572],[-36.94649,-9.38302],[-37.02278,-9.3696],[-37.03859,-9.41684],[-37.1032,-9.45633],[-37.2012,-9.43272],[-37.38029,-9.50288],[-37.31358,-9.55315],[-37.35848,-9.64362],[-37.30306,-9.63603],[-37.23967,-9.73684],[-37.30128,-9.7886],[-37.2972,-9.8276]]]]}},{"type":"Feature","id":"27004","properties":{"code":"27004","name":"Batalha"},"geometry":{"type":"MultiPolygon","coordinates":[[[[-37.23554,-9.89604],[-37.30981,-9.80371],[-37.23967,-9.73684],[-37.30306,-9.63603],[-37.35848,-9.64362],[-37.31358,-9.55315],[-37.38029,-9.50288],[-37.2012,-9.43272],[-37.1032,-9.45633],[-37.03022,-9.39234],[-36.98064,-9.48685],[-36.83184,-9.5536],[-36.90292,-9.62597],[-36.94517,-9.63083],[-36.99834,-9.76313],[-37.10548,-9.84794],[-37.13342,-9.91321],[-37.23554,-9.89604]]]]}},{"type":"Feature","id":"27005","properties":{"code":"27005","name":"Palmeira Dos ÃNdios"},"geometry":{"type":"MultiPolygon","coordinates":[[[[-37.01819,-9.43506],[-37.02417,-9.37107],[-36.94027,-9.38028],[-36.91582,-9.29902],[-36.87126,-9.26808],[-36.8379,-9.28842],[-36.76177,-9.27146],[-36.60362,-9.34151],[-36.56658,-9.33144],[-36.57184,-9.29258],[-36.43701,-9.2121],[-36.35593,-9.21839],[-36.32434,-9.28045],[-36.38936,-9.42538],[-36.33942,-9.46458],[-36.33624,-9.51334],[-36.25557,-9.51881],[-36.22095,-9.48426],[-36.19166,-9.60015],[-36.24004,-9.59347],[-36.24993,-9.62333],[-36.35074,-9.59235],[-36.3921,-9.6029],[-36.39491,-9.64827],[-36.41177,-9.61366],[-36.49525,-9.60388],[-36.53845,-9.53307],[-36.6237,-9.57997],[-36.62358,-9.65521],[-36.68607,-9.63545],[-36.69523,-9.57912],[-36.9052,-9.5239],[-37.01819,-9.43506]]]]}},{"type":"Feature","id":"27006","properties":{"code":"27006","name":"Arapiraca"},"geometry":{"type":"MultiPolygon","coordinates":[[[[-36.83961,-10.01256],[-36.79819,-9.95806],[-36.94954,-9.85864],[-36.88552,-9.74591],[-36.96943,-9.69369],[-36.94311,-9.62869],[-36.90292,-9.62597],[-36.83145,-9.55193],[-36.78556,-9.55022],[-36.69519,-9.57915],[-36.68607,-9.63545],[-36.6064,-9.65347],[-36.63112,-9.63032],[-36.6237,-9.57997],[-36.53845,-9.53307],[-36.49525,-9.60388],[-36.40113,-9.61907],[-36.34314,-9.71321],[-36.35884,-9.76821],[-36.52604,-9.80325],[-36.5532,-9.83908],[-36.50364,-9.85648],[-36.471,-9.93898],[-36.48849,-10.01962],[-36.45495,-10.03227],[-36.49136,-10.07109],[-36.51722,-10.04052],[-36.65779,-10.03421],[-36.64351,-9.99232],[-36.68569,-9.96268],[-36.71312,-10.04573],[-36.83961,-10.01256]]]]}},{"type":"Feature","id":"27007","properties":{"code":"27007","name":"Traipu"},"geometry":{"type":"MultiPolygon","coordinates":[[[[-36.84726,-10.17627],[-36.92156,-10.12831],[-36.97262,-9.98789],[-37.04969,-9.98661],[-37.13342,-9.91321],[-37.10548,-9.84794],[-36.99834,-9.76313],[-36.97678,-9.69336],[-36.88552,-9.74591],[-36.94954,-9.85864],[-36.79819,-9.95806],[-36.84308,-10.0102],[-36.71395,-10.04549],[-36.84726,-10.17627]]]]}},{"type":"Feature","id":"27008","properties":{"code":"27008","name":"Serrana Dos Quilombos"},"geometry":{"type":"MultiPolygon","coordinates":[[[[-36.3397,-9.51143],[-36.33942,-9.46458],[-36.38936,-9.42538],[-36.32434,-9.28045],[-36.35392,-9.20119],[-36.26244,-9.17128],[-36.26839,-9.10392],[-36.23646,-9.10349],[-36.19572,-9.04479],[-36.12728,-9.03367],[-36.10433,-8.99893],[-36.12825,-8.95772],[-36.06394,-8.91534],[-35.9653,-8.90314],[-35.8962,-8.85427],[-35.82739,-8.86971],[-35.83457,-8.98429],[-35.88857,-9.13831],[-36.05904,-9.21596],[-36.18648,-9.21375],[-36.15438,-9.30534],[-36.22095,-9.48426],[-36.25557,-9.51881],[-36.3397,-9.51143]]]]}},{"type":"Feature","id":"27009","properties":{"code":"27009","name":"Mata Alagoana"},"geometry":{"type":"MultiPolygon","coordinates":[[[[-36.18092,-9.61225],[-36.22684,-9.5145],[-36.15438,-9.30534],[-36.18648,-9.21375],[-36.05904,-9.21596],[-35.88857,-9.13831],[-35.82298,-8.85742],[-35.77598,-8.85846],[-35.78298,-8.89754],[-35.7484,-8.91715],[-35.51777,-8.81676],[-35.35075,-8.86071],[-35.37096,-8.92886],[-35.34441,-9.0032],[-35.30299,-9.02847],[-35.33607,-9.03189],[-35.33841,-9.07324],[-35.30213,-9.13744],[-35.43888,-9.06711],[-35.49477,-9.07769],[-35.52655,-9.11831],[-35.43632,-9.17935],[-35.55498,-9.19129],[-35.62366,-9.13006],[-35.59472,-9.23274],[-35.51367,-9.30773],[-35.51602,-9.35387],[-35.87742,-9.41669],[-35.92889,-9.37557],[-35.93724,-9.49249],[-36.00568,-9.58572],[-36.18092,-9.61225]]]]}},{"type":"Feature","id":"27010","properties":{"code":"27010","name":"Litoral Norte Alagoano"},"geometry":{"type":"MultiPolygon","coordinates":[[[[-35.47246,-9.35807],[-35.59472,-9.23274],[-35.62366,-9.13006],[-35.55498,-9.19129],[-35.43632,-9.17935],[-35.52655,-9.11831],[-35.49477,-9.07769],[-35.43888,-9.06711],[-35.36607,-9.08599],[-35.31225,-9.14701],[-35.33719,-9.04295],[-35.30299,-9.02847],[-35.34441,-9.0032],[-35.37096,-8.92886],[-35.35075,-8.86071],[-35.16825,-8.89247],[-35.15195,-8.91639],[-35.30432,-9.19055],[-35.47246,-9.35807]]]]}},{"type":"Feature","id":"27011","properties":{"code":"27011","name":"Maceiã"},"geometry":{"type":"MultiPolygon","coordinates":[[[[-36.18175,-9.61281],[-36.00568,-9.58572],[-35.93724,-9.49249],[-35.92889,-9.37557],[-35.87742,-9.41669],[-35.51783,-9.355],[-35.5144,-9.3143],[-35.47246,-9.35807],[-35.51297,-9.43986],[-35.68674,-9.61394],[-35.69483,-9.66479],[-35.79688,-9.71385],[-35.90279,-9.87008],[-35.91788,-9.83874],[-36.02805,-9.80857],[-35.99266,-9.69358],[-36.18175,-9.61281]]]]}},{"type":"Feature","id":"27012","properties":{"code":"27012","name":"SãO Miguel Dos Campos"},"geometry":{"type":"MultiPolygon","coordinates":[[[[-36.2607,-10.26373],[-36.37132,-10.23025],[-36.33677,-10.17416],[-36.37358,-10.1076],[-36.48685,-10.02381],[-36.47092,-9.94006],[-36.49655,-9.86696],[-36.5532,-9.83908],[-36.52604,-9.80325],[-36.3596,-9.76929],[-36.34314,-9.71321],[-36.39416,-9.64837],[-36.3921,-9.6029],[-36.3504,-9.59227],[-36.24993,-9.62333],[-36.24004,-9.59347],[-36.19166,-9.60015],[-36.13216,-9.65112],[-36.03157,-9.66942],[-35.98746,-9.70328],[-36.02638,-9.81164],[-35.90297,-9.86029],[-36.04493,-10.07481],[-36.2607,-10.26373]]]]}},{"type":"Feature","id":"27013","properties":{"code":"27013","name":"Penedo"},"geometry":{"type":"MultiPolygon","coordinates":[[[[-36.38536,-10.49933],[-36.45654,-10.40745],[-36.51003,-10.43282],[-36.56323,-10.4195],[-36.56611,-10.32822],[-36.62553,-10.25628],[-36.71452,-10.2672],[-36.84585,-10.18883],[-36.73561,-10.08405],[-36.68569,-9.96268],[-36.64351,-9.99232],[-36.65779,-10.03421],[-36.51722,-10.04052],[-36.49136,-10.07109],[-36.45495,-10.03227],[-36.33677,-10.17416],[-36.37132,-10.23025],[-36.2607,-10.26373],[-36.38536,-10.49933]]]]}},{"type":"Feature","id":"28001","properties":{"code":"28001","name":"Sergipana Do SertãO Do SãO Francisco"},"geometry":{"type":"MultiPolygon","coordinates":[[[[-37.16353,-10.33935],[-37.26702,-10.23922],[-37.29291,-10.25581],[-37.23958,-10.29799],[-37.34865,-10.3846],[-37.4084,-10.24565],[-37.40967,-10.30465],[-37.46201,-10.27778],[-37.5113,-10.29741],[-37.58197,-10.24021],[-37.78016,-10.18787],[-37.82881,-10.00247],[-37.96009,-9.97028],[-37.99766,-9.91671],[-37.96667,-9.81605],[-38.03157,-9.77104],[-38.04393,-9.69802],[-37.98788,-9.64739],[-38.04051,-9.60258],[-38.00329,-9.51503],[-37.89247,-9.5398],[-37.78523,-9.63858],[-37.70609,-9.63393],[-37.57819,-9.73641],[-37.35462,-9.78908],[-37.23554,-9.89604],[-37.15297,-9.90085],[-37.04969,-9.98661],[-36.97262,-9.98789],[-36.9564,-10.0237],[-37.06202,-10.06155],[-37.06496,-10.1364],[-37.15216,-10.16531],[-37.13785,-10.27428],[-37.16353,-10.33935]]]]}},{"type":"Feature","id":"28002","properties":{"code":"28002","name":"Carira"},"geometry":{"type":"MultiPolygon","coordinates":[[[[-37.32212,-10.54274],[-37.46201,-10.59558],[-37.47429,-10.56653],[-37.53046,-10.6458],[-37.64028,-10.60472],[-37.66286,-10.71728],[-37.68327,-10.71124],[-37.71504,-10.66892],[-37.6943,-10.63851],[-37.80991,-10.59925],[-37.84025,-10.5549],[-37.81305,-10.50848],[-37.85338,-10.40651],[-37.73488,-10.33281],[-37.7657,-10.19622],[-37.70309,-10.19198],[-37.6128,-10.2491],[-37.53891,-10.25852],[-37.5113,-10.29741],[-37.40378,-10.291],[-37.41108,-10.41674],[-37.32212,-10.54274]]]]}},{"type":"Feature","id":"28003","properties":{"code":"28003","name":"Nossa Senhora Das Dores"},"geometry":{"type":"MultiPolygon","coordinates":[[[[-37.20567,-10.6246],[-37.30398,-10.57395],[-37.41108,-10.41674],[-37.4084,-10.24565],[-37.34365,-10.38552],[-37.2958,-10.32012],[-37.23958,-10.29799],[-37.29291,-10.25581],[-37.26766,-10.23939],[-37.22523,-10.29688],[-37.1723,-10.31095],[-37.17381,-10.33954],[-37.15193,-10.32647],[-37.15216,-10.16531],[-36.99479,-10.1776],[-36.96119,-10.23566],[-36.92903,-10.22283],[-36.95237,-10.26652],[-36.90266,-10.32421],[-36.9049,-10.41688],[-36.93666,-10.45148],[-36.96186,-10.44286],[-37.0001,-10.32868],[-37.06542,-10.33038],[-37.13275,-10.38273],[-37.10842,-10.41905],[-37.20567,-10.6246]]]]}},{"type":"Feature","id":"28004","properties":{"code":"28004","name":"Agreste De Itabaiana"},"geometry":{"type":"MultiPolygon","coordinates":[[[[-37.61022,-10.81228],[-37.59989,-10.77878],[-37.63348,-10.74845],[-37.61862,-10.70835],[-37.66635,-10.70799],[-37.64028,-10.60472],[-37.53046,-10.6458],[-37.47429,-10.56653],[-37.46201,-10.59558],[-37.39494,-10.58248],[-37.34553,-10.53932],[-37.24856,-10.59323],[-37.2964,-10.60103],[-37.22899,-10.67532],[-37.22572,-10.70749],[-37.2826,-10.71784],[-37.24451,-10.77838],[-37.34001,-10.8477],[-37.39754,-10.84791],[-37.40317,-10.82576],[-37.45577,-10.88175],[-37.49029,-10.83037],[-37.57427,-10.83939],[-37.61022,-10.81228]]]]}},{"type":"Feature","id":"28005","properties":{"code":"28005","name":"Tobias Barreto"},"geometry":{"type":"MultiPolygon","coordinates":[[[[-37.98248,-11.34818],[-38.01489,-11.28566],[-37.98667,-11.27106],[-37.97438,-11.19425],[-38.06174,-11.17209],[-38.10173,-11.01505],[-38.17269,-10.98664],[-38.18171,-10.94287],[-38.22634,-10.91657],[-38.24503,-10.82274],[-38.19411,-10.70867],[-38.06763,-10.71566],[-38.04709,-10.6935],[-37.98519,-10.75908],[-37.81393,-10.69105],[-37.81862,-10.58547],[-37.6943,-10.63851],[-37.71504,-10.66892],[-37.68288,-10.68544],[-37.67858,-10.72659],[-37.81383,-10.86983],[-37.97289,-10.88037],[-37.93337,-10.96914],[-37.94611,-10.99615],[-37.79297,-11.13368],[-37.87638,-11.18659],[-37.86844,-11.22226],[-37.90479,-11.22196],[-37.98248,-11.34818]]]]}},{"type":"Feature","id":"28006","properties":{"code":"28006","name":"Agreste De Lagarto"},"geometry":{"type":"MultiPolygon","coordinates":[[[[-37.70691,-11.17565],[-37.84354,-11.10895],[-37.94611,-10.99615],[-37.93337,-10.96914],[-37.97289,-10.88037],[-37.81383,-10.86983],[-37.64593,-10.69641],[-37.61599,-10.71365],[-37.63348,-10.74845],[-37.59456,-10.8266],[-37.49126,-10.83012],[-37.46264,-10.85927],[-37.46401,-10.89253],[-37.50361,-10.9011],[-37.45564,-10.97755],[-37.51966,-10.96034],[-37.70691,-11.17565]]]]}},{"type":"Feature","id":"28007","properties":{"code":"28007","name":"Propriã"},"geometry":{"type":"MultiPolygon","coordinates":[[[[-36.39995,-10.51993],[-36.49768,-10.53847],[-36.49941,-10.51299],[-36.60015,-10.49684],[-36.59881,-10.41509],[-36.70206,-10.4059],[-36.73958,-10.32146],[-36.79939,-10.28253],[-36.83334,-10.29193],[-36.84445,-10.2619],[-36.90266,-10.32421],[-36.95237,-10.26652],[-36.92903,-10.22283],[-36.96119,-10.23566],[-36.99479,-10.1776],[-37.15194,-10.16523],[-37.06496,-10.1364],[-37.06202,-10.06155],[-36.9564,-10.0237],[-36.91417,-10.13629],[-36.72125,-10.26462],[-36.62553,-10.25628],[-36.56611,-10.32822],[-36.56323,-10.4195],[-36.45072,-10.41018],[-36.39995,-10.51993]]]]}},{"type":"Feature","id":"28008","properties":{"code":"28008","name":"Cotinguiba"},"geometry":{"type":"MultiPolygon","coordinates":[[[[-37.16137,-10.75142],[-37.17915,-10.71746],[-37.20693,-10.72515],[-37.19902,-10.67722],[-37.2964,-10.60103],[-37.26459,-10.58676],[-37.20413,-10.62421],[-37.10842,-10.41905],[-37.13229,-10.38206],[-37.06262,-10.32908],[-37.0001,-10.32868],[-36.9813,-10.409],[-36.93537,-10.45045],[-36.95635,-10.52374],[-37.01111,-10.6409],[-37.07364,-10.61584],[-37.16137,-10.75142]]]]}},{"type":"Feature","id":"28009","properties":{"code":"28009","name":"Japaratuba"},"geometry":{"type":"MultiPolygon","coordinates":[[[[-36.86853,-10.74392],[-36.8703,-10.70615],[-36.93411,-10.65456],[-37.01111,-10.6409],[-36.93355,-10.42902],[-36.9049,-10.41688],[-36.90266,-10.32421],[-36.84445,-10.2619],[-36.8357,-10.29074],[-36.79939,-10.28253],[-36.73958,-10.32146],[-36.70206,-10.4059],[-36.59881,-10.41509],[-36.60015,-10.49684],[-36.48464,-10.52862],[-36.86853,-10.74392]]]]}},{"type":"Feature","id":"28010","properties":{"code":"28010","name":"Baixo Cotinguiba"},"geometry":{"type":"MultiPolygon","coordinates":[[[[-37.31767,-10.83164],[-37.24451,-10.77838],[-37.2761,-10.71116],[-37.19902,-10.67722],[-37.20693,-10.72515],[-37.17915,-10.71746],[-37.16137,-10.75142],[-37.07364,-10.61584],[-36.96889,-10.63096],[-36.87016,-10.70641],[-36.89942,-10.77257],[-37.02997,-10.88612],[-37.05726,-10.82299],[-37.1791,-10.85518],[-37.31767,-10.83164]]]]}},{"type":"Feature","id":"28011","properties":{"code":"28011","name":"Aracaju"},"geometry":{"type":"MultiPolygon","coordinates":[[[[-37.32793,-10.97629],[-37.31767,-10.83164],[-37.1791,-10.85518],[-37.05726,-10.82299],[-37.02997,-10.88612],[-36.93732,-10.78727],[-36.85377,-10.74332],[-37.01033,-10.92394],[-37.15239,-11.16273],[-37.16639,-11.10536],[-37.21922,-11.07651],[-37.22718,-11.04061],[-37.27972,-11.02917],[-37.32793,-10.97629]]]]}},{"type":"Feature","id":"28012","properties":{"code":"28012","name":"Boquim"},"geometry":{"type":"MultiPolygon","coordinates":[[[[-37.63906,-11.35545],[-37.63544,-11.34098],[-37.63481,-11.34118],[-37.63496,-11.34693],[-37.63875,-11.35548],[-37.63906,-11.35545]]],[[[-37.65144,-11.32061],[-37.64689,-11.32387],[-37.65443,-11.33323],[-37.66276,-11.33096],[-37.65144,-11.32061]]],[[[-37.97793,-11.39355],[-37.98248,-11.34818],[-37.92212,-11.24146],[-37.86844,-11.22226],[-37.87638,-11.18659],[-37.84633,-11.16111],[-37.77873,-11.13257],[-37.70691,-11.17565],[-37.51966,-10.96034],[-37.42646,-10.98835],[-37.38881,-11.05296],[-37.43821,-11.087],[-37.43729,-11.12683],[-37.55599,-11.17905],[-37.50598,-11.27328],[-37.52326,-11.29929],[-37.60327,-11.34302],[-37.66344,-11.28997],[-37.69212,-11.30813],[-37.60236,-11.38886],[-37.65271,-11.48258],[-37.63193,-11.51878],[-37.6729,-11.56822],[-37.81231,-11.51604],[-37.86792,-11.42625],[-37.89935,-11.43791],[-37.90624,-11.40855],[-37.94352,-11.42419],[-37.97793,-11.39355]]]]}},{"type":"Feature","id":"28013","properties":{"code":"28013","name":"EstãNcia"},"geometry":{"type":"MultiPolygon","coordinates":[[[[-37.57886,-11.55199],[-37.65271,-11.48258],[-37.60236,-11.38886],[-37.69212,-11.30813],[-37.66344,-11.28997],[-37.60327,-11.34302],[-37.52326,-11.29929],[-37.50598,-11.27328],[-37.55588,-11.1788],[-37.45898,-11.14633],[-37.43821,-11.087],[-37.38881,-11.05296],[-37.50361,-10.9011],[-37.40317,-10.82576],[-37.37555,-10.85264],[-37.32003,-10.83262],[-37.32793,-10.97629],[-37.27972,-11.02917],[-37.22718,-11.04061],[-37.21922,-11.07651],[-37.16639,-11.10536],[-37.15239,-11.16273],[-37.2689,-11.30217],[-37.32996,-11.4451],[-37.45017,-11.52038],[-37.57886,-11.55199]],[[-37.63906,-11.35545],[-37.63498,-11.34699],[-37.63495,-11.34688],[-37.63538,-11.341],[-37.63911,-11.35471],[-37.63906,-11.35545]],[[-37.66312,-11.33175],[-37.6466,-11.32488],[-37.64742,-11.32349],[-37.65945,-11.32366],[-37.66312,-11.33175]]]]}},{"type":"Feature","id":"29001","properties":{"code":"29001","name":"Barreiras"},"geometry":{"type":"MultiPolygon","coordinates":[[[[-46.20656,-13.46499],[-46.24228,-13.42827],[-46.13403,-13.37523],[-46.04108,-13.27667],[-46.06387,-13.26129],[-46.27939,-13.3479],[-46.31592,-13.30317],[-46.29859,-13.25368],[-46.33081,-13.25171],[-46.29164,-13.14359],[-46.32266,-13.09828],[-46.27338,-13.01495],[-46.12584,-12.96148],[-46.11164,-12.92559],[-46.13896,-12.90939],[-46.30522,-12.94887],[-46.29272,-12.85942],[-46.26231,-12.83167],[-46.28326,-12.78354],[-46.26492,-12.71695],[-46.29325,-12.69282],[-46.25611,-12.65763],[-46.29073,-12.63294],[-46.27994,-12.5849],[-46.2588,-12.54761],[-46.16065,-12.52857],[-46.15389,-12.48335],[-46.2548,-12.49431],[-46.25175,-12.42988],[-46.30103,-12.41578],[-46.28567,-12.37905],[-46.3524,-12.3374],[-46.32342,-12.30354],[-46.3752,-12.28708],[-46.35986,-12.22404],[-46.3899,-12.17053],[-46.36628,-12.10399],[-46.39787,-12.04034],[-46.3257,-11.95849],[-46.19256,-11.9295],[-46.17126,-11.901],[-46.31798,-11.89849],[-46.37328,-11.8723],[-46.32272,-11.77074],[-46.37347,-11.75113],[-46.29406,-11.69276],[-46.31494,-11.63074],[-46.25628,-11.62117],[-46.154,-11.65698],[-46.08319,-11.63613],[-46.31345,-11.53949],[-46.47931,-11.51639],[-46.6171,-11.28945],[-46.60963,-11.25592],[-46.47236,-11.19118],[-46.40231,-11.00028],[-46.28587,-10.90972],[-46.28235,-10.82382],[-46.23076,-10.79563],[-46.25677,-10.7599],[-46.19369,-10.71748],[-46.2064,-10.65858],[-45.84465,-10.48697],[-45.82722,-10.36784],[-45.745,-10.34845],[-45.69771,-10.26181],[-45.724,-10.1557],[-45.59837,-10.10833],[-45.52111,-10.2803],[-45.43032,-10.35946],[-45.4245,-10.42649],[-45.39599,-10.44502],[-45.44726,-10.50742],[-45.44713,-10.55879],[-45.43243,-10.63056],[-45.38522,-10.65163],[-45.35822,-10.73221],[-45.26847,-10.77623],[-45.24805,-10.82197],[-45.07324,-10.84042],[-44.94458,-10.91918],[-44.98076,-10.96798],[-44.96132,-11.07653],[-45.00878,-11.12295],[-44.97695,-11.18919],[-44.94188,-11.2011],[-44.98117,-11.38484],[-44.94128,-11.33967],[-44.86937,-11.34747],[-44.78644,-11.42044],[-44.68538,-11.40783],[-44.68537,-11.65961],[-44.64161,-11.72947],[-44.68561,-11.80892],[-44.71685,-11.80935],[-44.76391,-11.87226],[-44.81981,-11.88161],[-44.93456,-12.03268],[-44.87055,-12.06272],[-44.83919,-12.14763],[-44.78747,-12.10283],[-44.72871,-12.11446],[-44.70202,-12.17294],[-44.61784,-12.14079],[-44.46605,-12.14408],[-44.53477,-12.30349],[-44.31241,-12.30622],[-44.3149,-12.52339],[-44.23339,-12.57062],[-44.26522,-12.63455],[-44.15389,-12.80359],[-44.18195,-12.87649],[-44.24217,-12.88926],[-44.2402,-12.95127],[-44.34211,-13.11831],[-44.55059,-12.94284],[-44.57835,-12.98161],[-44.61901,-12.96117],[-44.62027,-13.01386],[-44.70663,-13.08342],[-44.79818,-12.9897],[-45.20534,-13.12779],[-45.60864,-13.18482],[-45.8428,-13.2581],[-46.20656,-13.46499]]]]}},{"type":"Feature","id":"29002","properties":{"code":"29002","name":"Cotegipe"},"geometry":{"type":"MultiPolygon","coordinates":[[[[-44.08138,-12.77015],[-44.17917,-12.74122],[-44.26522,-12.63455],[-44.23339,-12.57062],[-44.3149,-12.52339],[-44.33032,-12.46702],[-44.31241,-12.30622],[-44.39642,-12.2877],[-44.53306,-12.30647],[-44.46605,-12.14408],[-44.61784,-12.14079],[-44.70202,-12.17294],[-44.72871,-12.11446],[-44.78747,-12.10283],[-44.83919,-12.14763],[-44.87055,-12.06272],[-44.9348,-12.03196],[-44.81981,-11.88161],[-44.76391,-11.87226],[-44.71685,-11.80935],[-44.68561,-11.80892],[-44.64175,-11.70977],[-44.68537,-11.65961],[-44.68538,-11.40783],[-44.78644,-11.42044],[-44.87246,-11.34644],[-44.94207,-11.33975],[-44.97539,-11.38684],[-44.99295,-11.36172],[-44.95062,-11.29254],[-44.96309,-11.22444],[-44.94188,-11.2011],[-44.97695,-11.18919],[-45.00875,-11.1237],[-44.95931,-11.06963],[-44.97915,-10.95723],[-44.94469,-10.919],[-44.85966,-10.88318],[-44.8443,-10.90003],[-44.74609,-10.77758],[-44.66768,-10.76006],[-44.66662,-10.68234],[-44.5849,-10.62935],[-44.50051,-10.6497],[-44.33684,-10.54854],[-44.26402,-10.62467],[-44.20865,-10.61532],[-44.15984,-10.64415],[-44.08343,-10.58909],[-43.99703,-10.64053],[-43.90685,-10.79867],[-43.92439,-10.89926],[-44.02529,-10.95373],[-43.91464,-11.10499],[-43.76279,-11.61064],[-43.65891,-11.86004],[-43.71327,-11.875],[-43.69252,-11.90775],[-43.76067,-12.00693],[-43.72355,-12.01606],[-43.73175,-12.04813],[-43.82321,-12.12196],[-43.82437,-12.1505],[-43.88755,-12.1718],[-43.92817,-12.24766],[-43.80052,-12.24592],[-43.73666,-12.28417],[-43.73075,-12.31017],[-43.68532,-12.31899],[-43.70541,-12.38435],[-43.55354,-12.5065],[-43.4436,-12.55144],[-43.53637,-12.63686],[-43.94515,-12.70483],[-44.08138,-12.77015]]]]}},{"type":"Feature","id":"29003","properties":{"code":"29003","name":"Santa Maria Da VitãRia"},"geometry":{"type":"MultiPolygon","coordinates":[[[[-46.07708,-15.26468],[-46.12072,-15.19519],[-46.05042,-15.16768],[-45.96625,-14.97707],[-46.05283,-14.83137],[-46.00734,-14.79245],[-46.00189,-14.71126],[-46.02931,-14.68076],[-45.98975,-14.65919],[-45.99664,-14.54297],[-45.97708,-14.53884],[-46.00427,-14.51581],[-46.01758,-14.41898],[-45.93535,-14.41534],[-45.9073,-14.35323],[-45.94267,-14.34377],[-45.99605,-14.25722],[-46.06103,-14.23252],[-46.06116,-14.19437],[-46.09622,-14.20549],[-46.11814,-14.16036],[-46.18564,-14.15186],[-46.26578,-14.09796],[-46.22686,-14.0733],[-46.24842,-14.05654],[-46.21001,-14.01285],[-46.21873,-13.97405],[-46.26813,-13.94376],[-46.23366,-13.84562],[-46.28244,-13.79522],[-46.22359,-13.76946],[-46.26689,-13.74032],[-46.23564,-13.71097],[-46.26135,-13.68766],[-46.16196,-13.59093],[-46.2355,-13.56291],[-46.22923,-13.4789],[-45.8428,-13.2581],[-45.60864,-13.18482],[-45.20534,-13.12779],[-44.82531,-12.99478],[-44.78726,-12.98995],[-44.70663,-13.08342],[-44.62027,-13.01386],[-44.61901,-12.96117],[-44.57835,-12.98161],[-44.55059,-12.94284],[-44.34211,-13.11831],[-44.2402,-12.95127],[-44.24217,-12.88926],[-44.16833,-12.86028],[-44.15186,-12.77663],[-44.17917,-12.74122],[-44.08138,-12.77015],[-43.94515,-12.70483],[-43.53642,-12.63686],[-43.54964,-12.8866],[-43.58626,-12.92648],[-43.68636,-12.93319],[-43.68155,-13.11588],[-43.6456,-13.13857],[-43.64024,-13.18475],[-43.69297,-13.16931],[-43.80604,-13.22101],[-43.85717,-13.26205],[-43.89301,-13.36452],[-43.8979,-13.47038],[-43.80593,-13.50682],[-43.93314,-13.65628],[-43.81429,-13.70835],[-43.81507,-13.73435],[-43.83933,-13.75836],[-43.87715,-13.74218],[-43.91266,-13.7677],[-43.89992,-13.79608],[-43.94825,-13.79678],[-43.98375,-13.84108],[-44.02964,-13.79285],[-44.00364,-13.84368],[-44.03177,-13.889],[-44.07302,-13.86979],[-44.02944,-13.90771],[-44.07177,-13.95025],[-44.09177,-13.90788],[-44.10725,-13.98509],[-44.19785,-13.92667],[-44.27713,-14.03148],[-44.37959,-14.0444],[-44.42641,-14.08164],[-44.44008,-14.18848],[-44.46874,-14.21636],[-44.41178,-14.28158],[-44.56557,-14.34006],[-44.70129,-14.44979],[-44.83324,-14.49983],[-44.84339,-14.58084],[-45.03951,-14.67985],[-45.08277,-14.74877],[-45.20557,-14.74474],[-45.45599,-14.95426],[-45.56425,-14.9436],[-45.72218,-15.11277],[-45.82539,-15.11638],[-45.87125,-15.15881],[-45.95375,-15.13953],[-46.07708,-15.26468]]]]}},{"type":"Feature","id":"29004","properties":{"code":"29004","name":"Juazeiro"},"geometry":{"type":"MultiPolygon","coordinates":[[[[-43.91589,-10.39308],[-43.83692,-10.3022],[-43.83727,-10.25007],[-43.77487,-10.1683],[-43.76603,-10.08006],[-43.69291,-10.0774],[-43.66213,-10.00954],[-43.70904,-9.91322],[-43.65324,-9.83906],[-43.78492,-9.76239],[-43.85048,-9.5497],[-43.77829,-9.4487],[-43.68576,-9.41779],[-43.48546,-9.26529],[-43.42782,-9.27259],[-43.27877,-9.42457],[-43.21429,-9.39965],[-43.1917,-9.42043],[-43.11962,-9.3719],[-43.05694,-9.41914],[-42.97342,-9.40713],[-42.94625,-9.51841],[-42.8733,-9.56387],[-42.83714,-9.55037],[-42.82055,-9.61923],[-42.76996,-9.61918],[-42.71988,-9.53069],[-42.62172,-9.54134],[-42.58863,-9.49735],[-42.49309,-9.4949],[-42.48907,-9.46204],[-42.44058,-9.45617],[-42.31608,-9.31661],[-42.02468,-9.24976],[-41.91793,-9.27847],[-41.83797,-9.24227],[-41.80007,-9.14803],[-41.73518,-9.0947],[-41.72648,-9.01636],[-41.60579,-8.9574],[-41.54452,-8.96055],[-41.38125,-8.70727],[-41.28154,-8.7361],[-41.22698,-8.7047],[-41.11371,-8.7038],[-41.12457,-8.75267],[-41.10176,-8.78196],[-41.03623,-8.78588],[-41.02124,-8.84356],[-40.91924,-8.83718],[-40.80887,-9.09369],[-40.6674,-9.15906],[-40.68599,-9.27637],[-40.75642,-9.31503],[-40.74267,-9.40071],[-40.77675,-9.45445],[-40.72218,-9.44595],[-40.62068,-9.48253],[-40.55576,-9.45794],[-40.52911,-9.4139],[-40.46776,-9.42057],[-40.42366,-9.35347],[-40.37142,-9.37872],[-40.33887,-9.35989],[-40.25579,-9.06322],[-40.12989,-9.1103],[-40.06556,-9.06307],[-39.95803,-9.04859],[-39.87346,-8.93404],[-39.89296,-8.82879],[-39.6932,-8.79868],[-39.67171,-8.77758],[-39.69113,-8.66231],[-39.59523,-8.65121],[-39.40952,-8.5389],[-39.35681,-8.5449],[-39.49158,-8.83586],[-39.35124,-9.15725],[-39.37264,-9.22509],[-39.35738,-9.2874],[-39.39583,-9.32886],[-39.40431,-9.4451],[-39.44659,-9.50036],[-39.35494,-9.62354],[-39.6441,-9.70683],[-39.79576,-9.84381],[-39.90228,-9.78752],[-40.31638,-9.9079],[-40.64333,-9.8868],[-40.99031,-9.96592],[-41.0087,-9.90159],[-41.08353,-9.94586],[-41.11183,-9.90629],[-41.18216,-9.95567],[-41.23652,-9.92626],[-41.25314,-9.97942],[-41.1694,-10.01404],[-41.19739,-10.06316],[-41.15998,-10.10976],[-41.17142,-10.19629],[-41.14399,-10.22301],[-41.24333,-10.32379],[-41.36017,-10.36914],[-41.37724,-10.41654],[-41.47319,-10.46195],[-41.38152,-10.51874],[-41.39098,-10.56583],[-41.4741,-10.63],[-41.49565,-10.61831],[-41.51435,-10.6624],[-41.4919,-10.73356],[-41.5602,-10.7448],[-41.60354,-10.81004],[-41.65945,-10.80628],[-41.81044,-10.71296],[-41.88988,-10.83868],[-42.06599,-10.52898],[-42.09186,-10.382],[-42.13251,-10.34693],[-42.15965,-10.25794],[-42.40547,-10.18512],[-42.40302,-10.24911],[-42.45626,-10.30036],[-42.4619,-10.37755],[-42.57,-10.47035],[-42.58167,-10.53753],[-42.61921,-10.56864],[-43.28056,-10.23754],[-43.58463,-10.24823],[-43.66468,-10.32399],[-43.663,-10.3759],[-43.722,-10.35469],[-43.77079,-10.39309],[-43.91589,-10.39308]]]]}},{"type":"Feature","id":"29005","properties":{"code":"29005","name":"Paulo Afonso"},"geometry":{"type":"MultiPolygon","coordinates":[[[[-38.02679,-9.57488],[-38.11554,-9.61435],[-38.15665,-9.67752],[-38.27805,-9.65404],[-38.35685,-9.7208],[-38.8463,-9.62765],[-39.14516,-9.65325],[-39.28718,-9.63396],[-39.33004,-9.59446],[-39.35957,-9.61569],[-39.44659,-9.50036],[-39.40431,-9.4451],[-39.39583,-9.32886],[-39.35738,-9.2874],[-39.37264,-9.22509],[-39.35124,-9.15725],[-39.49158,-8.83586],[-39.36797,-8.55525],[-39.28411,-8.56587],[-39.22852,-8.71032],[-39.16871,-8.6915],[-39.03758,-8.73469],[-38.95193,-8.80467],[-38.80407,-8.78918],[-38.70654,-8.86226],[-38.68923,-8.9474],[-38.65373,-8.9839],[-38.61028,-8.95733],[-38.57043,-8.83037],[-38.48081,-8.84933],[-38.47329,-8.88955],[-38.51937,-8.93935],[-38.50351,-8.98141],[-38.41402,-9.03868],[-38.31918,-8.99206],[-38.28888,-9.04034],[-38.32587,-9.07799],[-38.30442,-9.09821],[-38.31949,-9.13823],[-38.19448,-9.38493],[-38.20476,-9.41867],[-38.01093,-9.47873],[-38.02679,-9.57488]]]]}},{"type":"Feature","id":"29006","properties":{"code":"29006","name":"Barra"},"geometry":{"type":"MultiPolygon","coordinates":[[[[-43.92706,-12.24888],[-43.88755,-12.1718],[-43.82437,-12.1505],[-43.82321,-12.12196],[-43.73175,-12.04813],[-43.72355,-12.01606],[-43.76067,-12.00693],[-43.69252,-11.90775],[-43.71327,-11.875],[-43.65891,-11.86004],[-43.76279,-11.61064],[-43.91464,-11.10499],[-44.02529,-10.95373],[-43.95744,-10.92824],[-43.90071,-10.85707],[-43.9456,-10.7088],[-43.99896,-10.6386],[-44.08266,-10.59453],[-44.02584,-10.47547],[-44.02777,-10.41247],[-43.93673,-10.43613],[-43.91589,-10.39308],[-43.77079,-10.39309],[-43.722,-10.35469],[-43.663,-10.3759],[-43.66468,-10.32399],[-43.58463,-10.24823],[-43.28056,-10.23754],[-42.61921,-10.56864],[-42.58167,-10.53753],[-42.57,-10.47035],[-42.4619,-10.37755],[-42.45626,-10.30036],[-42.40302,-10.24911],[-42.40547,-10.18512],[-42.15965,-10.25794],[-42.13251,-10.34693],[-42.09186,-10.382],[-42.06599,-10.52898],[-41.88988,-10.83868],[-42.00554,-11.02171],[-42.14526,-11.02331],[-42.25827,-11.14231],[-42.24029,-11.26124],[-42.32625,-11.29001],[-42.42783,-11.28525],[-42.44601,-11.26173],[-42.48074,-11.16025],[-42.51646,-11.13281],[-42.51723,-11.0096],[-42.6201,-11.08754],[-42.67131,-11.01461],[-42.76114,-11.00176],[-42.75427,-11.03949],[-42.79059,-11.05832],[-42.76616,-11.09197],[-42.83837,-11.15651],[-42.8419,-11.25125],[-42.81324,-11.31079],[-42.91261,-11.27727],[-42.74763,-11.73077],[-42.86119,-11.79396],[-42.81354,-11.94105],[-43.13655,-12.01949],[-43.14336,-12.0449],[-43.05806,-12.09531],[-43.05589,-12.1551],[-42.97926,-12.19221],[-42.96278,-12.30119],[-42.97234,-12.33249],[-43.05868,-12.34946],[-43.10661,-12.30996],[-43.25274,-12.38009],[-43.25839,-12.42751],[-43.18843,-12.61345],[-43.19942,-12.67168],[-43.22404,-12.69027],[-43.23685,-12.63054],[-43.55354,-12.5065],[-43.70541,-12.38435],[-43.68532,-12.31899],[-43.79465,-12.24838],[-43.92706,-12.24888]]]]}},{"type":"Feature","id":"29007","properties":{"code":"29007","name":"Bom Jesus Da Lapa"},"geometry":{"type":"MultiPolygon","coordinates":[[[[-44.42813,-14.28015],[-44.46874,-14.21593],[-44.44008,-14.18848],[-44.42641,-14.08164],[-44.37959,-14.0444],[-44.27713,-14.03148],[-44.19785,-13.92667],[-44.10725,-13.98509],[-44.09177,-13.90788],[-44.07177,-13.95025],[-44.02944,-13.90771],[-44.07302,-13.86979],[-44.03177,-13.889],[-44.00364,-13.84368],[-44.02964,-13.79285],[-43.98375,-13.84108],[-43.94825,-13.79678],[-43.89992,-13.79608],[-43.91266,-13.7677],[-43.87715,-13.74218],[-43.83933,-13.75836],[-43.81457,-13.73381],[-43.81429,-13.70835],[-43.93314,-13.65628],[-43.80593,-13.50682],[-43.8979,-13.47038],[-43.89301,-13.36452],[-43.85717,-13.26205],[-43.80604,-13.22101],[-43.69297,-13.16931],[-43.64024,-13.18475],[-43.6456,-13.13857],[-43.68155,-13.11588],[-43.68636,-12.93319],[-43.58626,-12.92648],[-43.54964,-12.8866],[-43.53642,-12.63686],[-43.4436,-12.55144],[-43.23685,-12.63054],[-43.2156,-12.68839],[-43.18758,-12.62005],[-43.25274,-12.38009],[-43.10661,-12.30996],[-43.05913,-12.34947],[-42.97153,-12.33293],[-42.92788,-12.43643],[-42.94972,-12.48476],[-42.88863,-12.54165],[-42.8913,-12.88928],[-42.98069,-12.97101],[-42.90356,-13.15932],[-42.91256,-13.29509],[-42.94755,-13.29052],[-42.96006,-13.33406],[-43.11652,-13.32391],[-43.12943,-13.4276],[-43.16307,-13.44153],[-43.24132,-13.61039],[-43.43946,-13.87617],[-43.51671,-13.79288],[-43.54519,-13.79393],[-43.49933,-13.73335],[-43.44139,-13.54525],[-43.51819,-13.58315],[-43.55734,-13.6512],[-43.55134,-13.73633],[-43.59053,-13.75982],[-43.58804,-13.81363],[-43.6195,-13.84906],[-43.62766,-13.97293],[-43.69676,-14.20676],[-43.78319,-14.33923],[-43.89195,-14.29329],[-43.94214,-14.3051],[-43.99765,-14.2654],[-44.03462,-14.28903],[-44.11259,-14.25873],[-44.13562,-14.28219],[-44.21533,-14.23318],[-44.23985,-14.25888],[-44.31648,-14.24035],[-44.42813,-14.28015]]]]}},{"type":"Feature","id":"29008","properties":{"code":"29008","name":"Senhor Do Bonfim"},"geometry":{"type":"MultiPolygon","coordinates":[[[[-41.50269,-10.74885],[-41.50236,-10.63068],[-41.39289,-10.56891],[-41.38085,-10.52203],[-41.47319,-10.46195],[-41.37724,-10.41654],[-41.36017,-10.36914],[-41.24333,-10.32379],[-41.14399,-10.22301],[-41.17142,-10.19629],[-41.15998,-10.10976],[-41.19739,-10.06316],[-41.1694,-10.01404],[-41.25314,-9.97942],[-41.23652,-9.92626],[-41.18216,-9.95567],[-41.11183,-9.90629],[-41.08353,-9.94586],[-41.0087,-9.90159],[-40.99031,-9.96592],[-40.64333,-9.8868],[-40.31638,-9.9079],[-39.90228,-9.78752],[-39.74499,-9.88482],[-39.75806,-9.96383],[-39.80543,-9.94404],[-39.73128,-10.40949],[-39.77294,-10.55029],[-39.74639,-10.63996],[-39.69616,-10.67432],[-39.70965,-10.72042],[-39.66591,-10.83784],[-39.62602,-10.87466],[-39.66495,-10.98483],[-40.10763,-10.84223],[-40.16841,-10.85745],[-40.19137,-10.81761],[-40.25979,-10.85341],[-40.28562,-10.81364],[-40.3385,-10.82943],[-40.44538,-10.75214],[-40.47569,-10.76368],[-40.47849,-10.69076],[-40.94541,-10.60661],[-41.18977,-10.70245],[-41.18094,-10.64799],[-41.28106,-10.64235],[-41.31863,-10.75316],[-41.44323,-10.80187],[-41.50269,-10.74885]]]]}},{"type":"Feature","id":"29009","properties":{"code":"29009","name":"Irecã"},"geometry":{"type":"MultiPolygon","coordinates":[[[[-41.44148,-12.41321],[-41.4525,-12.38271],[-41.53253,-12.35481],[-41.61842,-12.38029],[-41.72871,-12.36917],[-41.76514,-12.2726],[-41.74281,-12.23683],[-41.78336,-12.1606],[-41.9607,-12.09152],[-41.98329,-12.12536],[-41.98487,-12.29145],[-42.05627,-12.2205],[-42.03982,-12.29112],[-42.11419,-12.30655],[-42.16317,-12.23801],[-42.07722,-12.24669],[-42.24603,-12.04704],[-42.23483,-11.96271],[-42.34338,-11.72425],[-42.36002,-11.71399],[-42.36861,-11.76076],[-42.41911,-11.76514],[-42.47214,-11.72524],[-42.48761,-11.77538],[-42.59437,-11.70848],[-42.74763,-11.73077],[-42.91261,-11.27727],[-42.81324,-11.31079],[-42.8419,-11.25125],[-42.83837,-11.15651],[-42.76616,-11.09197],[-42.79059,-11.05832],[-42.75427,-11.03949],[-42.76114,-11.00176],[-42.67131,-11.01461],[-42.6201,-11.08754],[-42.51723,-11.0096],[-42.51646,-11.13281],[-42.48074,-11.16025],[-42.44601,-11.26173],[-42.42783,-11.28525],[-42.32625,-11.29001],[-42.24029,-11.26124],[-42.25827,-11.14231],[-42.14526,-11.02331],[-42.00554,-11.02171],[-41.81044,-10.71296],[-41.65945,-10.80628],[-41.53983,-10.96788],[-41.4297,-10.98528],[-41.35584,-11.22887],[-41.39363,-11.42736],[-41.5575,-11.55879],[-41.36426,-11.69776],[-41.45566,-11.96964],[-41.36823,-12.08296],[-41.35487,-12.1684],[-41.44207,-12.28255],[-41.44148,-12.41321]]]]}},{"type":"Feature","id":"29010","properties":{"code":"29010","name":"Jacobina"},"geometry":{"type":"MultiPolygon","coordinates":[[[[-41.25552,-11.90237],[-41.24938,-11.81396],[-41.39304,-11.77157],[-41.36509,-11.69571],[-41.5575,-11.55879],[-41.39377,-11.42774],[-41.36617,-11.15248],[-41.43612,-11.02543],[-41.42961,-10.98538],[-41.53983,-10.96788],[-41.65943,-10.80626],[-41.59854,-10.80777],[-41.53538,-10.73499],[-41.44323,-10.80187],[-41.31863,-10.75316],[-41.28106,-10.64235],[-41.18094,-10.64799],[-41.18977,-10.70245],[-40.94541,-10.60661],[-40.47849,-10.69076],[-40.47519,-10.76406],[-40.44538,-10.75214],[-40.33822,-10.82951],[-40.28523,-10.81378],[-40.26066,-10.85338],[-40.20241,-10.81634],[-40.16841,-10.85745],[-40.05759,-10.85769],[-39.96604,-11.23045],[-39.75606,-11.427],[-39.77169,-11.46652],[-39.81905,-11.50396],[-39.94366,-11.47853],[-40.0955,-11.53903],[-40.16466,-11.51483],[-40.23051,-11.56819],[-40.23914,-11.61184],[-40.32597,-11.61093],[-40.33831,-11.58752],[-40.45001,-11.69897],[-40.43358,-11.74896],[-40.48443,-11.8246],[-40.58164,-11.83931],[-40.80117,-11.74292],[-40.84851,-11.77649],[-40.88379,-11.75711],[-40.90159,-11.81075],[-40.9442,-11.82028],[-40.98092,-11.88521],[-40.89956,-11.97814],[-40.92052,-12.01437],[-41.02489,-12.00224],[-41.08612,-11.91918],[-41.0999,-11.95681],[-41.25552,-11.90237]]]]}},{"type":"Feature","id":"29011","properties":{"code":"29011","name":"Itaberaba"},"geometry":{"type":"MultiPolygon","coordinates":[[[[-40.94695,-13.03737],[-40.9589,-12.97704],[-40.99433,-12.97207],[-40.98204,-12.91256],[-41.01998,-12.9154],[-40.96733,-12.79304],[-41.00744,-12.62111],[-40.96357,-12.49323],[-40.9949,-12.45888],[-41.20704,-12.50276],[-41.14741,-12.40609],[-41.1586,-12.386],[-41.06135,-12.26532],[-40.98349,-12.26261],[-41.04077,-12.21115],[-41.04088,-12.1476],[-40.97212,-12.12905],[-40.89401,-12.15492],[-40.87359,-12.12574],[-40.90897,-12.05958],[-40.89956,-11.97814],[-40.98092,-11.88521],[-40.95942,-11.84237],[-40.90159,-11.81075],[-40.88482,-11.75763],[-40.84851,-11.77649],[-40.80117,-11.74292],[-40.58164,-11.83931],[-40.48443,-11.8246],[-40.43358,-11.74896],[-40.45001,-11.69897],[-40.33831,-11.58752],[-40.32597,-11.61093],[-40.23902,-11.61181],[-40.23051,-11.56819],[-40.16466,-11.51483],[-40.0955,-11.53903],[-39.95828,-11.48596],[-39.90983,-11.72927],[-40.04721,-11.87256],[-39.95504,-11.96225],[-40.05068,-12.1517],[-40.16989,-12.22787],[-40.13638,-12.25179],[-40.11551,-12.32885],[-40.03544,-12.3606],[-39.9284,-12.52039],[-39.80384,-12.53694],[-39.79731,-12.70493],[-39.83073,-12.77489],[-39.8557,-12.7956],[-39.8942,-12.75339],[-39.92812,-12.81708],[-39.8998,-12.87464],[-39.98811,-12.93063],[-39.99378,-12.96631],[-40.06544,-12.99272],[-40.14402,-12.9823],[-40.19918,-13.04868],[-40.32114,-13.04036],[-40.34594,-13.06255],[-40.32992,-13.09126],[-40.40015,-13.06621],[-40.4158,-13.0875],[-40.48176,-12.94181],[-40.57418,-13.00282],[-40.65235,-13.00014],[-40.75243,-13.0443],[-40.87396,-13.00411],[-40.91911,-13.04644],[-40.94695,-13.03737]]]]}},{"type":"Feature","id":"29012","properties":{"code":"29012","name":"Feira De Santana"},"geometry":{"type":"MultiPolygon","coordinates":[[[[-39.8397,-12.81623],[-39.8557,-12.7956],[-39.79731,-12.70493],[-39.79255,-12.55624],[-39.85261,-12.51253],[-39.9284,-12.52039],[-40.03544,-12.3606],[-40.11551,-12.32885],[-40.13638,-12.25179],[-40.16989,-12.22787],[-40.05068,-12.1517],[-39.95504,-11.96225],[-40.04721,-11.87256],[-39.90983,-11.72927],[-39.72455,-11.90645],[-39.64558,-11.94825],[-39.5986,-12.05258],[-39.17497,-11.98138],[-39.08099,-11.83098],[-38.99778,-11.80585],[-38.93493,-11.83714],[-38.91488,-11.89955],[-38.865,-11.80084],[-38.76397,-11.70076],[-38.63881,-11.69401],[-38.59705,-11.95304],[-38.61761,-11.97563],[-38.5704,-12.12434],[-38.60207,-12.20517],[-38.52556,-12.26874],[-38.5324,-12.34286],[-38.61816,-12.28298],[-38.63987,-12.37361],[-38.83694,-12.36859],[-38.83923,-12.51453],[-39.00731,-12.56915],[-39.1135,-12.49441],[-39.20481,-12.51239],[-39.22651,-12.54646],[-39.32272,-12.54801],[-39.43972,-12.61468],[-39.43498,-12.67595],[-39.50447,-12.76137],[-39.45894,-12.94956],[-39.51518,-13.01755],[-39.62281,-12.91322],[-39.65989,-12.92691],[-39.71268,-12.86214],[-39.72747,-12.87699],[-39.8397,-12.81623]]]]}},{"type":"Feature","id":"29013","properties":{"code":"29013","name":"Jeremoabo"},"geometry":{"type":"MultiPolygon","coordinates":[[[[-39.11628,-9.64261],[-38.8463,-9.62765],[-38.35685,-9.7208],[-38.27805,-9.65404],[-38.15665,-9.67752],[-38.11554,-9.61435],[-38.03908,-9.58348],[-37.98788,-9.64739],[-38.04225,-9.68992],[-38.03157,-9.77104],[-37.96667,-9.81605],[-37.99766,-9.91671],[-37.96009,-9.97028],[-37.82881,-10.00247],[-37.73578,-10.33466],[-37.83899,-10.37921],[-37.84906,-10.4435],[-38.07276,-10.43549],[-38.1429,-10.45863],[-38.23732,-10.38057],[-38.25281,-10.31421],[-38.43618,-10.3219],[-38.61329,-10.20974],[-38.87866,-9.96736],[-38.9849,-9.76784],[-39.11628,-9.64261]]]]}},{"type":"Feature","id":"29014","properties":{"code":"29014","name":"Euclides Da Cunha"},"geometry":{"type":"MultiPolygon","coordinates":[[[[-38.78533,-11.35461],[-38.87234,-11.34624],[-38.94935,-11.04874],[-39.0023,-11.05784],[-39.04559,-11.02055],[-39.07921,-11.04291],[-39.34355,-10.97154],[-39.66063,-11.2108],[-39.83972,-11.30735],[-39.86611,-11.31384],[-39.96604,-11.23045],[-40.05759,-10.85769],[-39.92363,-10.9176],[-39.88744,-10.89955],[-39.77447,-10.95911],[-39.73353,-10.95192],[-39.7174,-10.9804],[-39.66425,-10.98448],[-39.62448,-10.91334],[-39.70952,-10.72098],[-39.69621,-10.67419],[-39.74639,-10.63996],[-39.77271,-10.5517],[-39.73128,-10.40949],[-39.80542,-9.94546],[-39.76699,-9.9702],[-39.74931,-9.95245],[-39.73939,-9.89737],[-39.79576,-9.84381],[-39.6441,-9.70683],[-39.35494,-9.62354],[-39.33082,-9.59436],[-39.26395,-9.6407],[-39.11048,-9.64294],[-38.9849,-9.76784],[-38.87866,-9.96736],[-38.61329,-10.20974],[-38.43618,-10.3219],[-38.58136,-10.30504],[-38.57864,-10.33409],[-38.65221,-10.37333],[-38.63271,-10.46715],[-38.70105,-10.50592],[-38.7051,-10.56497],[-38.78665,-10.63344],[-38.74198,-10.64362],[-38.73331,-10.71774],[-38.64337,-10.7184],[-38.53071,-10.96047],[-38.55799,-11.0206],[-38.59377,-11.02024],[-38.55609,-11.07616],[-38.55924,-11.12797],[-38.60985,-11.13602],[-38.60549,-11.16196],[-38.78533,-11.35461]]]]}},{"type":"Feature","id":"29015","properties":{"code":"29015","name":"Ribeira Do Pombal"},"geometry":{"type":"MultiPolygon","coordinates":[[[[-38.29606,-11.57484],[-38.4991,-11.49072],[-38.52025,-11.45199],[-38.78533,-11.35461],[-38.60549,-11.16196],[-38.60985,-11.13602],[-38.55893,-11.12724],[-38.55609,-11.07616],[-38.59377,-11.02024],[-38.55799,-11.0206],[-38.53071,-10.96047],[-38.64337,-10.7184],[-38.73331,-10.71774],[-38.74198,-10.64362],[-38.78665,-10.63401],[-38.7051,-10.56497],[-38.70105,-10.50592],[-38.63271,-10.46715],[-38.65221,-10.37333],[-38.57864,-10.33409],[-38.58136,-10.30504],[-38.26216,-10.3102],[-38.23732,-10.38057],[-38.14979,-10.45729],[-37.86276,-10.44033],[-37.81305,-10.50848],[-37.84058,-10.54956],[-37.81393,-10.69105],[-37.98519,-10.75908],[-38.04709,-10.6935],[-38.06734,-10.71562],[-38.2152,-10.72423],[-38.24505,-10.82297],[-38.22725,-10.91522],[-38.18171,-10.94287],[-38.17269,-10.98664],[-38.10173,-11.01505],[-38.06174,-11.17209],[-37.97411,-11.19561],[-37.98667,-11.27106],[-38.01489,-11.28566],[-37.98967,-11.34176],[-38.08034,-11.46513],[-38.18476,-11.36193],[-38.26353,-11.38402],[-38.29606,-11.57484]]]]}},{"type":"Feature","id":"29016","properties":{"code":"29016","name":"Serrinha"},"geometry":{"type":"MultiPolygon","coordinates":[[[[-39.5986,-12.05258],[-39.64558,-11.94825],[-39.72455,-11.90645],[-39.90983,-11.72927],[-39.95828,-11.48596],[-39.84826,-11.48067],[-39.81905,-11.50396],[-39.75606,-11.427],[-39.86611,-11.31384],[-39.66185,-11.21161],[-39.34701,-10.97248],[-39.07165,-11.04437],[-39.04559,-11.02055],[-39.0023,-11.05784],[-38.94966,-11.04853],[-38.87234,-11.34624],[-38.78533,-11.35461],[-38.67424,-11.69291],[-38.78075,-11.71341],[-38.91488,-11.89955],[-38.93493,-11.83714],[-38.99778,-11.80585],[-39.08099,-11.83098],[-39.17497,-11.98138],[-39.5986,-12.05258]]]]}},{"type":"Feature","id":"29017","properties":{"code":"29017","name":"Alagoinhas"},"geometry":{"type":"MultiPolygon","coordinates":[[[[-38.52502,-12.2692],[-38.60207,-12.20517],[-38.5704,-12.12434],[-38.61765,-11.97537],[-38.59705,-11.95304],[-38.62937,-11.70637],[-38.67424,-11.69291],[-38.78533,-11.35461],[-38.52025,-11.45199],[-38.4991,-11.49072],[-38.29606,-11.57484],[-38.26592,-11.38862],[-38.23932,-11.36306],[-38.17928,-11.36457],[-38.08034,-11.46513],[-37.98798,-11.34144],[-37.94472,-11.42362],[-37.91702,-11.403],[-37.89983,-11.43766],[-37.84894,-11.44153],[-37.86369,-11.46662],[-37.79996,-11.52137],[-37.82583,-11.58949],[-37.75299,-11.65708],[-37.79399,-11.73124],[-37.83705,-11.73444],[-37.8649,-11.68422],[-37.9118,-11.68055],[-38.04474,-11.76492],[-38.05145,-11.66833],[-38.14485,-11.76372],[-38.18293,-11.89055],[-38.27311,-11.96288],[-38.28282,-12.03952],[-38.20186,-12.01232],[-38.19923,-12.11035],[-38.17254,-12.14498],[-38.09108,-12.14634],[-38.06596,-12.18612],[-38.07731,-12.23873],[-38.039,-12.24943],[-38.27306,-12.27837],[-38.38053,-12.23529],[-38.46973,-12.28225],[-38.52502,-12.2692]]]]}},{"type":"Feature","id":"29018","properties":{"code":"29018","name":"Entre Rios"},"geometry":{"type":"MultiPolygon","coordinates":[[[[-38.28224,-12.04152],[-38.27311,-11.96288],[-38.18293,-11.89055],[-38.14485,-11.76372],[-38.05145,-11.66833],[-38.04474,-11.76492],[-37.9118,-11.68055],[-37.86574,-11.68374],[-37.85169,-11.72481],[-37.81132,-11.73694],[-37.75299,-11.65708],[-37.82612,-11.58879],[-37.80269,-11.52181],[-37.67592,-11.56866],[-37.65086,-11.51715],[-37.5199,-11.54884],[-37.34115,-11.44234],[-37.68504,-12.09836],[-37.89277,-12.40793],[-37.89427,-12.38066],[-37.97105,-12.36987],[-37.92156,-12.2642],[-38.01753,-12.21818],[-38.04442,-12.15778],[-38.17523,-12.14312],[-38.21039,-12.07489],[-38.20186,-12.01232],[-38.28224,-12.04152]]]]}},{"type":"Feature","id":"29019","properties":{"code":"29019","name":"Catu"},"geometry":{"type":"MultiPolygon","coordinates":[[[[-38.81084,-12.39388],[-38.7752,-12.36418],[-38.63987,-12.37361],[-38.61816,-12.28298],[-38.5324,-12.34286],[-38.52577,-12.26882],[-38.46973,-12.28225],[-38.38053,-12.23529],[-38.27306,-12.27837],[-38.039,-12.24943],[-38.08112,-12.21477],[-38.08251,-12.15791],[-38.04442,-12.15778],[-38.01753,-12.21818],[-37.92156,-12.2642],[-37.97105,-12.36987],[-37.89136,-12.39169],[-38.03061,-12.59706],[-38.06936,-12.53616],[-38.06712,-12.46796],[-38.11137,-12.51125],[-38.17721,-12.4881],[-38.19459,-12.45306],[-38.24435,-12.47125],[-38.21521,-12.56912],[-38.26097,-12.60601],[-38.34635,-12.57436],[-38.3632,-12.53578],[-38.40671,-12.55105],[-38.37092,-12.6005],[-38.46517,-12.61149],[-38.48762,-12.58909],[-38.57934,-12.63184],[-38.62083,-12.55426],[-38.64705,-12.56818],[-38.65613,-12.48422],[-38.7423,-12.47325],[-38.81084,-12.39388]]]]}},{"type":"Feature","id":"29020","properties":{"code":"29020","name":"Santo AntãNio De Jesus"},"geometry":{"type":"MultiPolygon","coordinates":[[[[-39.25487,-13.20299],[-39.3118,-13.16588],[-39.29072,-13.138],[-39.12283,-13.10125],[-39.16935,-13.08257],[-39.18937,-13.10911],[-39.20156,-13.07801],[-39.24641,-13.09533],[-39.26252,-13.05806],[-39.34061,-13.06105],[-39.45698,-12.97693],[-39.50447,-12.76137],[-39.43498,-12.67595],[-39.44324,-12.61809],[-39.32272,-12.54801],[-39.22651,-12.54646],[-39.20481,-12.51239],[-39.1135,-12.49441],[-39.00731,-12.56915],[-38.83923,-12.51453],[-38.83857,-12.37136],[-38.79519,-12.3695],[-38.81084,-12.39388],[-38.7423,-12.47325],[-38.65613,-12.48422],[-38.64433,-12.51307],[-38.65172,-12.55399],[-38.68831,-12.55163],[-38.71795,-12.61433],[-38.68365,-12.69084],[-38.72152,-12.84735],[-38.70316,-12.88397],[-38.78769,-13.02217],[-38.79497,-13.14101],[-38.99027,-13.25502],[-39.00789,-13.2261],[-39.10269,-13.25742],[-39.20418,-13.19671],[-39.25487,-13.20299]]]]}},{"type":"Feature","id":"29021","properties":{"code":"29021","name":"Salvador"},"geometry":{"type":"MultiPolygon","coordinates":[[[[-38.79497,-13.14101],[-38.78769,-13.02217],[-38.70316,-12.88397],[-38.72152,-12.84735],[-38.68365,-12.69084],[-38.71799,-12.61487],[-38.68831,-12.55163],[-38.62083,-12.55426],[-38.57934,-12.63184],[-38.48762,-12.58909],[-38.46517,-12.61149],[-38.37092,-12.6005],[-38.40671,-12.55105],[-38.36295,-12.53576],[-38.34675,-12.57407],[-38.27488,-12.61169],[-38.21521,-12.56912],[-38.243,-12.46983],[-38.19403,-12.45306],[-38.17721,-12.4881],[-38.11137,-12.51125],[-38.06712,-12.46796],[-38.06936,-12.53616],[-38.03061,-12.59706],[-38.04511,-12.63214],[-38.33439,-12.94475],[-38.4686,-13.01498],[-38.64397,-13.01531],[-38.79497,-13.14101]]]]}},{"type":"Feature","id":"29022","properties":{"code":"29022","name":"Boquira"},"geometry":{"type":"MultiPolygon","coordinates":[[[[-42.37366,-13.70004],[-42.41407,-13.66824],[-42.54032,-13.67419],[-42.57715,-13.59528],[-42.67874,-13.62172],[-42.71969,-13.56274],[-42.70943,-13.49763],[-42.68008,-13.47982],[-42.71591,-13.41658],[-42.74745,-13.41868],[-42.79448,-13.35425],[-42.91415,-13.29298],[-42.90356,-13.15932],[-42.98069,-12.97101],[-42.8913,-12.88928],[-42.88863,-12.54165],[-42.94972,-12.48476],[-42.92788,-12.43643],[-42.97034,-12.37724],[-42.97762,-12.19497],[-43.05589,-12.1551],[-43.05744,-12.09691],[-43.0922,-12.056],[-43.14372,-12.04437],[-43.13655,-12.01949],[-42.81354,-11.94105],[-42.86119,-11.79396],[-42.78781,-11.7392],[-42.66752,-11.70959],[-42.59048,-11.70976],[-42.48761,-11.77538],[-42.47214,-11.72524],[-42.41954,-11.76514],[-42.3632,-11.75612],[-42.36002,-11.71399],[-42.33816,-11.73036],[-42.23182,-11.97293],[-42.24603,-12.04704],[-42.07722,-12.24669],[-42.16317,-12.23801],[-42.12412,-12.27768],[-42.27025,-12.31108],[-42.25211,-12.38528],[-42.07889,-12.40849],[-41.98376,-12.60089],[-42.03068,-12.62419],[-42.01354,-12.92021],[-42.05286,-12.91222],[-42.05019,-12.94329],[-42.12529,-13.01834],[-42.17688,-12.95747],[-42.25772,-12.98181],[-42.28923,-13.03387],[-42.38125,-13.04837],[-42.29975,-13.13502],[-42.24441,-13.10705],[-42.20275,-13.12527],[-42.1581,-13.22599],[-42.21532,-13.29222],[-42.25189,-13.2828],[-42.26562,-13.3695],[-42.46303,-13.43954],[-42.40483,-13.58128],[-42.36032,-13.60262],[-42.34668,-13.69454],[-42.37366,-13.70004]]]]}},{"type":"Feature","id":"29023","properties":{"code":"29023","name":"Seabra"},"geometry":{"type":"MultiPolygon","coordinates":[[[[-41.0076,-14.04722],[-41.12131,-14.0352],[-41.14163,-13.9767],[-41.21567,-13.91017],[-41.20514,-13.8214],[-41.24156,-13.74046],[-41.22131,-13.69464],[-41.24918,-13.71814],[-41.28772,-13.68108],[-41.29392,-13.70765],[-41.42382,-13.66169],[-41.60806,-13.66018],[-41.57724,-13.75209],[-41.53129,-13.78182],[-41.49214,-13.91312],[-41.55916,-13.94431],[-41.57835,-13.86601],[-41.70977,-13.68712],[-41.87519,-13.56068],[-41.96809,-13.52745],[-41.90486,-13.28684],[-42.10035,-13.13698],[-42.12586,-13.00613],[-42.07649,-12.98041],[-42.05286,-12.91222],[-42.01354,-12.92021],[-42.03068,-12.62419],[-41.98376,-12.60089],[-42.07223,-12.41402],[-42.19932,-12.37722],[-42.24925,-12.38957],[-42.27099,-12.33797],[-42.27025,-12.31108],[-42.12412,-12.27768],[-42.11037,-12.30798],[-42.03982,-12.29112],[-42.05627,-12.2205],[-41.98487,-12.29145],[-41.98329,-12.12536],[-41.9607,-12.09152],[-41.78336,-12.1606],[-41.74281,-12.23683],[-41.76514,-12.2726],[-41.72871,-12.36917],[-41.61842,-12.38029],[-41.53253,-12.35481],[-41.4525,-12.38271],[-41.44148,-12.41321],[-41.44207,-12.28255],[-41.35487,-12.1684],[-41.36823,-12.08296],[-41.45566,-11.96964],[-41.39095,-11.77026],[-41.24938,-11.81396],[-41.25638,-11.90056],[-41.22333,-11.91865],[-41.0999,-11.95681],[-41.08612,-11.91918],[-41.02489,-12.00224],[-40.97253,-12.01642],[-40.89708,-11.99028],[-40.90897,-12.05958],[-40.87359,-12.12574],[-40.89401,-12.15492],[-40.97212,-12.12905],[-41.04088,-12.1476],[-41.04077,-12.21115],[-40.98349,-12.26261],[-41.06135,-12.26532],[-41.1586,-12.386],[-41.14741,-12.40609],[-41.20704,-12.50276],[-40.98095,-12.46044],[-40.96381,-12.49623],[-41.00744,-12.62111],[-40.96733,-12.79304],[-41.01998,-12.9154],[-40.98204,-12.91256],[-40.99433,-12.97207],[-40.9589,-12.97704],[-40.94526,-13.03824],[-40.91911,-13.04644],[-40.87396,-13.00411],[-40.75102,-13.04354],[-40.91833,-13.22957],[-41.09011,-13.25683],[-41.16061,-13.40328],[-41.23034,-13.42681],[-41.25827,-13.4734],[-41.22746,-13.52061],[-41.22038,-13.47024],[-41.03825,-13.55633],[-40.95534,-13.54547],[-40.85842,-13.58252],[-40.71476,-13.84104],[-40.88089,-13.8447],[-40.93635,-13.89497],[-40.91158,-13.91387],[-40.95037,-13.90657],[-40.98239,-13.94626],[-41.00157,-14.00894],[-40.97824,-14.0252],[-41.0076,-14.04722]]]]}},{"type":"Feature","id":"29024","properties":{"code":"29024","name":"Jequiã"},"geometry":{"type":"MultiPolygon","coordinates":[[[[-41.25459,-13.48267],[-41.23308,-13.42896],[-41.13126,-13.36409],[-41.09011,-13.25683],[-40.91833,-13.22957],[-40.71644,-13.01774],[-40.57418,-13.00282],[-40.48176,-12.94181],[-40.4158,-13.0875],[-40.40015,-13.06621],[-40.32992,-13.09126],[-40.34594,-13.06255],[-40.32114,-13.04036],[-40.19918,-13.04868],[-40.14402,-12.9823],[-40.06544,-12.99272],[-39.99284,-12.96569],[-39.98811,-12.93063],[-39.8998,-12.87464],[-39.92812,-12.81708],[-39.8942,-12.75339],[-39.81485,-12.83357],[-39.67875,-12.88726],[-39.65989,-12.92691],[-39.62281,-12.91322],[-39.53183,-13.02224],[-39.46435,-12.95253],[-39.34211,-13.06045],[-39.26252,-13.05806],[-39.24641,-13.09533],[-39.20156,-13.07801],[-39.18937,-13.10911],[-39.16935,-13.08257],[-39.12278,-13.10144],[-39.21421,-13.10727],[-39.31158,-13.16248],[-39.1723,-13.2314],[-39.21562,-13.23249],[-39.2104,-13.29542],[-39.33611,-13.19906],[-39.34914,-13.25292],[-39.43682,-13.23603],[-39.42883,-13.29825],[-39.47782,-13.29743],[-39.46486,-13.37375],[-39.56219,-13.47684],[-39.63149,-13.47105],[-39.66859,-13.53698],[-39.72714,-13.50304],[-39.79122,-13.53044],[-39.81358,-13.56357],[-39.71362,-13.73512],[-39.74078,-13.77538],[-39.69711,-13.78808],[-39.68225,-13.88248],[-39.79448,-14.01262],[-39.79405,-14.06668],[-39.83121,-14.08248],[-39.8123,-14.10237],[-39.86061,-14.14614],[-39.88529,-14.12757],[-39.91764,-14.18364],[-39.97575,-14.16131],[-40.01415,-14.28877],[-40.05237,-14.28522],[-40.06832,-14.2435],[-40.09711,-14.28033],[-40.10987,-14.22938],[-40.16205,-14.25336],[-40.1921,-14.22353],[-40.1754,-14.13424],[-40.22228,-14.10475],[-40.21527,-14.03644],[-40.31782,-14.00584],[-40.34932,-14.0329],[-40.51264,-13.94809],[-40.50542,-13.88669],[-40.53033,-13.86768],[-40.71476,-13.84104],[-40.85842,-13.58252],[-40.95534,-13.54547],[-41.03825,-13.55633],[-41.22038,-13.47024],[-41.22746,-13.52061],[-41.25459,-13.48267]]]]}},{"type":"Feature","id":"29025","properties":{"code":"29025","name":"Livramento Do Brumado"},"geometry":{"type":"MultiPolygon","coordinates":[[[[-41.66044,-14.00104],[-41.83595,-13.97393],[-41.90215,-14.05495],[-42.08699,-14.05686],[-42.15208,-13.92751],[-42.15464,-13.8567],[-42.2105,-13.8526],[-42.24671,-13.80384],[-42.33854,-13.77014],[-42.22126,-13.70001],[-42.1269,-13.70076],[-42.14751,-13.66963],[-42.2432,-13.6401],[-42.25914,-13.60027],[-42.26619,-13.62542],[-42.30916,-13.60186],[-42.35724,-13.62859],[-42.44023,-13.51276],[-42.46303,-13.43954],[-42.26562,-13.3695],[-42.25189,-13.2828],[-42.21532,-13.29222],[-42.15815,-13.22666],[-42.20275,-13.12527],[-42.24441,-13.10705],[-42.29975,-13.13502],[-42.38125,-13.04837],[-42.28923,-13.03387],[-42.25772,-12.98181],[-42.16844,-12.95953],[-42.16186,-13.00103],[-42.11241,-13.03224],[-42.10035,-13.13698],[-41.91257,-13.26406],[-41.90043,-13.30498],[-41.96809,-13.52745],[-41.87519,-13.56068],[-41.7114,-13.68549],[-41.57835,-13.86601],[-41.55916,-13.94431],[-41.66044,-14.00104]]]]}},{"type":"Feature","id":"29026","properties":{"code":"29026","name":"Guanambi"},"geometry":{"type":"MultiPolygon","coordinates":[[[[-42.28262,-15.11789],[-42.33352,-15.07905],[-42.35491,-15.0982],[-42.44294,-15.06132],[-42.4368,-15.02272],[-42.59897,-14.9241],[-42.62649,-14.94515],[-42.72336,-14.88561],[-42.92705,-14.74414],[-42.93966,-14.70762],[-43.24505,-14.65651],[-43.43489,-14.72304],[-43.48125,-14.7679],[-43.4697,-14.78735],[-43.52976,-14.81594],[-43.58062,-14.75081],[-43.71986,-14.72954],[-43.72329,-14.69953],[-43.88351,-14.65323],[-43.87388,-14.52058],[-43.68147,-14.16287],[-43.6195,-13.84906],[-43.58804,-13.81363],[-43.59261,-13.76328],[-43.54975,-13.7314],[-43.54143,-13.61894],[-43.44139,-13.54525],[-43.49933,-13.73335],[-43.54519,-13.79393],[-43.51671,-13.79288],[-43.43946,-13.87617],[-43.24132,-13.61039],[-43.16307,-13.44153],[-43.12943,-13.4276],[-43.11652,-13.32391],[-42.96006,-13.33406],[-42.94755,-13.29052],[-42.79448,-13.35425],[-42.6858,-13.46313],[-42.71969,-13.56274],[-42.67051,-13.6274],[-42.57715,-13.59528],[-42.54032,-13.67419],[-42.41407,-13.66824],[-42.37366,-13.70004],[-42.34668,-13.69454],[-42.35841,-13.62629],[-42.30916,-13.60186],[-42.26619,-13.62542],[-42.25947,-13.60018],[-42.2432,-13.6401],[-42.14751,-13.66963],[-42.1269,-13.70076],[-42.22126,-13.70001],[-42.33883,-13.76907],[-42.24671,-13.80384],[-42.2105,-13.8526],[-42.15464,-13.8567],[-42.13068,-13.99051],[-41.99429,-14.16728],[-42.22383,-14.17123],[-42.22903,-14.19995],[-42.17217,-14.24751],[-42.20472,-14.31614],[-42.19416,-14.37536],[-42.23093,-14.37763],[-42.17337,-14.40811],[-42.15691,-14.59704],[-42.0488,-14.69478],[-42.06885,-14.71845],[-42.04649,-14.80504],[-42.06074,-14.85028],[-42.09726,-14.81901],[-42.17642,-14.82206],[-42.23903,-14.94221],[-42.2087,-15.02175],[-42.27919,-15.05569],[-42.28262,-15.11789]]]]}},{"type":"Feature","id":"29027","properties":{"code":"29027","name":"Brumado"},"geometry":{"type":"MultiPolygon","coordinates":[[[[-41.4561,-15.41034],[-41.80341,-15.09974],[-41.87043,-15.11518],[-41.93254,-15.1745],[-41.9975,-15.15889],[-42.08657,-15.18707],[-42.17332,-15.08595],[-42.2648,-15.12518],[-42.29306,-15.08692],[-42.2118,-15.0294],[-42.23903,-14.94221],[-42.17642,-14.82206],[-42.09726,-14.81901],[-42.06074,-14.85028],[-42.04649,-14.80504],[-42.06885,-14.71845],[-42.0488,-14.69478],[-42.15691,-14.59704],[-42.17337,-14.40811],[-42.23093,-14.37763],[-42.19416,-14.37536],[-42.20472,-14.31614],[-42.17217,-14.24751],[-42.22903,-14.19995],[-42.22383,-14.17123],[-41.99429,-14.16728],[-42.08168,-14.05348],[-41.9969,-14.07382],[-41.90215,-14.05495],[-41.83595,-13.97393],[-41.66044,-14.00104],[-41.49388,-13.91649],[-41.53129,-13.78182],[-41.57724,-13.75209],[-41.60806,-13.66018],[-41.42382,-13.66169],[-41.29392,-13.70765],[-41.28772,-13.68108],[-41.24918,-13.71814],[-41.22131,-13.69464],[-41.24156,-13.74046],[-41.20514,-13.8214],[-41.21567,-13.91017],[-41.14163,-13.9767],[-41.12131,-14.0352],[-41.06791,-14.02637],[-40.99984,-14.06761],[-41.02278,-14.0727],[-41.01458,-14.13141],[-41.0403,-14.14577],[-41.00134,-14.16883],[-41.00739,-14.21136],[-41.04685,-14.22773],[-41.02557,-14.24709],[-41.09109,-14.28617],[-41.10338,-14.32896],[-41.06913,-14.46567],[-41.14308,-14.58547],[-41.1314,-14.60726],[-41.18243,-14.61406],[-41.22958,-14.68573],[-41.22273,-14.74579],[-41.24477,-14.72211],[-41.28196,-14.75028],[-41.26355,-14.9124],[-41.21856,-14.99773],[-41.30217,-15.02396],[-41.28902,-15.07142],[-41.31877,-15.11048],[-41.41319,-15.16469],[-41.38512,-15.27773],[-41.42381,-15.30719],[-41.4561,-15.41034]]]]}},{"type":"Feature","id":"29028","properties":{"code":"29028","name":"VitãRia Da Conquista"},"geometry":{"type":"MultiPolygon","coordinates":[[[[-41.35703,-15.49973],[-41.4561,-15.41034],[-41.42381,-15.30719],[-41.38512,-15.27773],[-41.41319,-15.16469],[-41.31877,-15.11048],[-41.28902,-15.07142],[-41.30217,-15.02396],[-41.21856,-14.99773],[-41.26355,-14.9124],[-41.28196,-14.75028],[-41.24477,-14.72211],[-41.22273,-14.74579],[-41.22958,-14.68573],[-41.18779,-14.61964],[-41.1308,-14.60641],[-41.14308,-14.58547],[-41.06882,-14.46445],[-41.09353,-14.44233],[-41.06784,-14.39778],[-41.10855,-14.3662],[-41.102,-14.32127],[-41.02557,-14.24709],[-41.04685,-14.22773],[-41.00739,-14.21136],[-41.00134,-14.16883],[-41.04022,-14.14458],[-41.01478,-14.13223],[-41.0161,-14.05198],[-40.97824,-14.0252],[-41.00157,-14.00894],[-40.98309,-13.94758],[-40.95037,-13.90657],[-40.91158,-13.91387],[-40.93635,-13.89497],[-40.88089,-13.8447],[-40.73007,-13.82845],[-40.53264,-13.86665],[-40.50542,-13.88669],[-40.50989,-13.94982],[-40.34932,-14.0329],[-40.31782,-14.00584],[-40.2111,-14.03916],[-40.22228,-14.10475],[-40.1754,-14.13424],[-40.19234,-14.22311],[-40.16902,-14.25059],[-40.11297,-14.22797],[-40.09711,-14.28033],[-40.06832,-14.2435],[-40.0504,-14.28639],[-40.00547,-14.26617],[-39.94833,-14.36295],[-39.87479,-14.38555],[-39.78089,-14.34974],[-39.69657,-14.36958],[-39.74941,-14.74332],[-39.78499,-14.73032],[-39.8738,-14.81723],[-39.91264,-14.81322],[-39.98345,-14.96926],[-40.04804,-14.95052],[-40.10154,-15.04504],[-40.13851,-15.00829],[-40.09732,-15.11201],[-40.13502,-15.10911],[-40.13453,-15.06345],[-40.30134,-15.08825],[-40.5509,-15.03711],[-40.7028,-15.07573],[-40.81988,-15.20268],[-40.84757,-15.26941],[-40.81839,-15.30228],[-40.88215,-15.29355],[-40.93306,-15.33772],[-40.92612,-15.42275],[-40.95861,-15.46707],[-41.03384,-15.47249],[-41.05216,-15.50902],[-41.1459,-15.54501],[-41.20499,-15.49168],[-41.23437,-15.51441],[-41.35703,-15.49973]]]]}},{"type":"Feature","id":"29029","properties":{"code":"29029","name":"Itapetinga"},"geometry":{"type":"MultiPolygon","coordinates":[[[[-41.33121,-15.74467],[-41.36192,-15.49503],[-41.23437,-15.51441],[-41.20499,-15.49168],[-41.1459,-15.54501],[-41.05216,-15.50902],[-41.03384,-15.47249],[-40.95861,-15.46707],[-40.92612,-15.42275],[-40.93306,-15.33772],[-40.88215,-15.29355],[-40.81839,-15.30228],[-40.84757,-15.26941],[-40.81988,-15.20268],[-40.7028,-15.07573],[-40.5509,-15.03711],[-40.30134,-15.08825],[-40.13453,-15.06345],[-40.13502,-15.10911],[-40.09788,-15.11227],[-40.13851,-15.00829],[-40.1005,-15.04459],[-40.04476,-14.9497],[-40.0009,-14.97495],[-39.97655,-14.95891],[-39.89613,-15.05329],[-39.84769,-15.31104],[-39.80961,-15.32541],[-39.78851,-15.37461],[-39.76582,-15.36695],[-39.84195,-15.48241],[-39.83018,-15.53178],[-39.77256,-15.56645],[-39.71824,-15.55677],[-39.68867,-15.63701],[-39.65146,-15.59067],[-39.63275,-15.61934],[-39.58294,-15.59269],[-39.52517,-15.61443],[-39.53663,-15.75189],[-39.62033,-15.77417],[-39.6322,-15.7434],[-39.66326,-15.74669],[-39.78785,-15.81228],[-39.83609,-15.88422],[-39.94717,-15.86797],[-39.9091,-15.94664],[-39.84332,-15.97658],[-39.96396,-16.00533],[-40.06619,-15.96021],[-40.085,-15.89712],[-40.17072,-15.90753],[-40.1661,-15.86838],[-40.20007,-15.86251],[-40.23111,-15.80385],[-40.37686,-15.82352],[-40.46143,-15.75323],[-40.56251,-15.80326],[-40.70458,-15.6664],[-40.76766,-15.71408],[-40.81903,-15.64634],[-40.88156,-15.69447],[-40.96161,-15.64793],[-41.00606,-15.71384],[-41.07756,-15.71929],[-41.14253,-15.77205],[-41.2154,-15.73717],[-41.33121,-15.74467]]]]}},{"type":"Feature","id":"29030","properties":{"code":"29030","name":"ValenãA"},"geometry":{"type":"MultiPolygon","coordinates":[[[[-39.26301,-14.29068],[-39.32343,-14.25458],[-39.44419,-14.24154],[-39.44382,-14.1999],[-39.37239,-14.17488],[-39.33066,-14.09378],[-39.34804,-14.04898],[-39.41264,-14.00954],[-39.37546,-13.91457],[-39.44805,-13.89164],[-39.43873,-13.80226],[-39.37988,-13.7145],[-39.43977,-13.72447],[-39.44677,-13.68949],[-39.42003,-13.64941],[-39.35464,-13.6682],[-39.34921,-13.57349],[-39.37966,-13.57828],[-39.37522,-13.53206],[-39.44357,-13.51034],[-39.49551,-13.53155],[-39.57455,-13.48737],[-39.46486,-13.37375],[-39.47782,-13.29743],[-39.42883,-13.29825],[-39.43682,-13.23603],[-39.34914,-13.25292],[-39.33611,-13.19906],[-39.2104,-13.29542],[-39.20708,-13.22244],[-39.07026,-13.26],[-39.00828,-13.22611],[-38.99012,-13.25498],[-38.93475,-13.20672],[-38.9665,-13.33896],[-38.94352,-13.39784],[-38.90248,-13.38443],[-38.88764,-13.45818],[-38.93398,-13.55854],[-38.89119,-13.59008],[-38.88699,-13.6377],[-38.91241,-13.67501],[-38.93062,-13.65657],[-38.96974,-13.67502],[-39.00094,-13.76416],[-38.92836,-13.91341],[-38.98912,-14.2184],[-39.04355,-14.25211],[-39.22268,-14.26422],[-39.26301,-14.29068]]]]}},{"type":"Feature","id":"29031","properties":{"code":"29031","name":"IlhãUs-Itabuna"},"geometry":{"type":"MultiPolygon","coordinates":[[[[-38.94858,-16.09173],[-39.15052,-16.05224],[-39.2795,-16.13219],[-39.30309,-16.11099],[-39.37081,-16.12375],[-39.41224,-16.08278],[-39.46953,-16.09437],[-39.4865,-16.05988],[-39.61577,-16.00722],[-39.84533,-15.9762],[-39.94911,-15.89709],[-39.94717,-15.86797],[-39.83544,-15.88389],[-39.78785,-15.81228],[-39.66326,-15.74669],[-39.5703,-15.77565],[-39.53091,-15.73054],[-39.52517,-15.61443],[-39.58294,-15.59269],[-39.63275,-15.61934],[-39.65146,-15.59067],[-39.68867,-15.63701],[-39.71824,-15.55677],[-39.77256,-15.56645],[-39.83393,-15.5259],[-39.84195,-15.48241],[-39.76582,-15.36695],[-39.78851,-15.37461],[-39.80961,-15.32541],[-39.84769,-15.31104],[-39.89558,-15.0542],[-39.97655,-14.95891],[-39.91264,-14.81322],[-39.8738,-14.81723],[-39.78499,-14.73032],[-39.74941,-14.74332],[-39.69614,-14.37119],[-39.74555,-14.37002],[-39.74149,-14.34753],[-39.86494,-14.38755],[-39.94833,-14.36295],[-40.00547,-14.26617],[-39.97575,-14.16131],[-39.91764,-14.18364],[-39.88529,-14.12757],[-39.86061,-14.14614],[-39.8123,-14.10237],[-39.83121,-14.08248],[-39.79405,-14.06668],[-39.79448,-14.01262],[-39.68225,-13.88248],[-39.69711,-13.78808],[-39.74078,-13.77538],[-39.71362,-13.73512],[-39.81358,-13.56357],[-39.74564,-13.50352],[-39.66859,-13.53698],[-39.63149,-13.47105],[-39.56938,-13.47732],[-39.57544,-13.50388],[-39.51266,-13.50362],[-39.49551,-13.53155],[-39.44357,-13.51034],[-39.37522,-13.53206],[-39.37966,-13.57828],[-39.34921,-13.57349],[-39.35464,-13.6682],[-39.42003,-13.64941],[-39.44677,-13.68949],[-39.43977,-13.72447],[-39.37988,-13.7145],[-39.43873,-13.80226],[-39.44805,-13.89164],[-39.37546,-13.91457],[-39.41264,-14.00954],[-39.34804,-14.04898],[-39.33066,-14.09378],[-39.37239,-14.17488],[-39.44382,-14.1999],[-39.44419,-14.24154],[-39.32343,-14.25458],[-39.26301,-14.29068],[-39.22268,-14.26422],[-39.04355,-14.25211],[-38.9894,-14.21899],[-38.98022,-14.29542],[-39.07149,-14.63463],[-39.06476,-14.7245],[-39.02738,-14.78289],[-38.9961,-15.00081],[-38.99112,-15.29234],[-38.93435,-15.66829],[-38.85625,-15.8554],[-38.94858,-16.09173]]]]}},{"type":"Feature","id":"29032","properties":{"code":"29032","name":"Porto Seguro"},"geometry":{"type":"MultiPolygon","coordinates":[[[[-38.65354,-18.02439],[-38.64895,-18.0361],[-38.66097,-18.03967],[-38.66781,-18.03249],[-38.65354,-18.02439]]],[[[-38.69129,-18.02227],[-38.69183,-18.01254],[-38.68525,-18.00672],[-38.67627,-18.01616],[-38.68724,-18.02237],[-38.69129,-18.02227]]],[[[-38.66037,-18.00542],[-38.65765,-17.99458],[-38.64977,-17.99419],[-38.64788,-18.00313],[-38.65604,-18.0072],[-38.66037,-18.00542]]],[[[-38.65329,-17.99126],[-38.66082,-17.98925],[-38.66052,-17.98594],[-38.65601,-17.98247],[-38.65329,-17.99126]]],[[[-38.63193,-17.98301],[-38.64182,-17.98269],[-38.6387,-17.97364],[-38.63014,-17.97438],[-38.63193,-17.98301]]],[[[-38.66594,-17.97132],[-38.66114,-17.96822],[-38.65239,-17.97634],[-38.66008,-17.97807],[-38.66477,-17.97559],[-38.66594,-17.97132]]],[[[-38.65179,-17.92262],[-38.64252,-17.93971],[-38.65296,-17.94832],[-38.66241,-17.94046],[-38.66027,-17.93071],[-38.65179,-17.92262]]],[[[-39.67016,-18.34856],[-40.22235,-17.98042],[-40.26355,-17.92202],[-40.17413,-17.85156],[-40.21808,-17.79566],[-40.2208,-17.73725],[-40.28036,-17.72279],[-40.34715,-17.612],[-40.35571,-17.64391],[-40.37196,-17.61246],[-40.41447,-17.6101],[-40.41068,-17.56823],[-40.46041,-17.5685],[-40.52058,-17.44481],[-40.62348,-17.40598],[-40.59866,-17.38964],[-40.60903,-17.32697],[-40.54775,-17.28371],[-40.57225,-17.25137],[-40.55238,-17.19915],[-40.57775,-17.16796],[-40.57141,-17.06389],[-40.49121,-16.88449],[-40.41572,-16.8995],[-40.36649,-16.87417],[-40.33152,-16.90803],[-40.28164,-16.90118],[-40.24691,-16.84574],[-40.2578,-16.80654],[-40.34549,-16.78727],[-40.31017,-16.73622],[-40.28619,-16.59254],[-40.23413,-16.55793],[-40.1579,-16.57945],[-40.17078,-16.52362],[-40.09866,-16.42121],[-40.06918,-16.46073],[-39.9911,-16.31273],[-39.96667,-16.32721],[-39.91668,-16.28384],[-39.93652,-16.24578],[-39.88339,-16.19469],[-39.89696,-16.1416],[-39.85683,-16.11382],[-39.93457,-16.02071],[-39.78739,-15.9687],[-39.61577,-16.00722],[-39.4865,-16.05988],[-39.46953,-16.09437],[-39.41224,-16.08278],[-39.37081,-16.12375],[-39.30309,-16.11099],[-39.2795,-16.13219],[-39.15052,-16.05224],[-38.94974,-16.09264],[-38.94916,-16.15571],[-39.02123,-16.26024],[-39.00791,-16.37429],[-39.06115,-16.4336],[-39.10368,-16.69837],[-39.14155,-16.75945],[-39.14182,-16.868],[-39.11088,-16.89634],[-39.18099,-17.00309],[-39.16572,-17.06179],[-39.21269,-17.16493],[-39.19343,-17.58216],[-39.13618,-17.68901],[-39.26879,-17.86974],[-39.41868,-17.92856],[-39.50026,-18.00777],[-39.63542,-18.2323],[-39.67016,-18.34856]]]]}},{"type":"Feature","id":"31001","properties":{"code":"31001","name":"Unaã"},"geometry":{"type":"MultiPolygon","coordinates":[[[[-46.23726,-16.98359],[-46.28597,-16.9472],[-46.34064,-16.96269],[-46.41264,-16.89065],[-46.58732,-16.8733],[-46.65246,-16.79373],[-46.74084,-16.8636],[-46.80497,-16.87481],[-46.84031,-16.92078],[-46.91939,-16.84383],[-46.94335,-16.65922],[-46.97943,-16.66556],[-46.99942,-16.60322],[-47.06648,-16.61556],[-47.21111,-16.73575],[-47.25148,-16.7055],[-47.25821,-16.65562],[-47.31854,-16.60356],[-47.41287,-16.57586],[-47.46007,-16.5051],[-47.42718,-16.39416],[-47.328,-16.24922],[-47.35273,-16.13283],[-47.31134,-16.08813],[-47.3005,-16.01705],[-47.21953,-16.01424],[-47.14195,-15.92664],[-47.08517,-15.96149],[-46.8075,-15.88078],[-46.85488,-15.6183],[-46.94869,-15.55784],[-46.92931,-15.43994],[-46.84948,-15.37316],[-46.86948,-15.36147],[-46.83568,-15.32513],[-46.88932,-15.28225],[-46.89148,-15.23526],[-46.92766,-15.2551],[-46.94087,-15.2307],[-46.88844,-15.11564],[-46.9266,-15.06169],[-46.84434,-15.00908],[-46.62806,-15.08949],[-46.50361,-15.05343],[-46.54654,-14.92544],[-46.52156,-14.85118],[-46.56628,-14.7884],[-46.50111,-14.70303],[-46.3222,-14.81458],[-46.30047,-14.85808],[-46.31934,-14.90044],[-46.28686,-14.92815],[-46.17555,-14.94943],[-46.16295,-14.90611],[-46.09822,-14.93898],[-46.04856,-14.87828],[-46.00388,-14.90229],[-45.96608,-14.96565],[-45.97549,-15.03888],[-46.04372,-15.11813],[-46.05428,-15.17197],[-46.12072,-15.19519],[-46.07708,-15.26468],[-46.02952,-15.20181],[-45.98451,-15.19596],[-45.95591,-15.14067],[-45.87125,-15.15881],[-45.81167,-15.11284],[-45.73984,-15.12038],[-45.76809,-15.18253],[-45.7199,-15.24146],[-45.5937,-15.19595],[-45.67488,-15.30932],[-45.719,-15.32286],[-45.71051,-15.34277],[-45.81826,-15.40506],[-45.79378,-15.4309],[-45.75925,-15.40871],[-45.7269,-15.4383],[-45.66102,-15.41664],[-45.59967,-15.44198],[-45.58926,-15.65677],[-45.55994,-15.6933],[-45.73618,-15.88542],[-45.81969,-16.07562],[-45.90612,-16.10702],[-45.90656,-16.07505],[-45.94897,-16.08477],[-45.93021,-16.0607],[-45.99708,-16.01545],[-46.04434,-16.05089],[-46.08169,-16.21013],[-46.12662,-16.24512],[-46.22808,-16.23136],[-46.21888,-16.26779],[-46.27631,-16.32019],[-46.06104,-16.39519],[-45.95237,-16.39794],[-45.92299,-16.37073],[-45.89289,-16.44653],[-45.92146,-16.49302],[-45.91001,-16.53995],[-46.01599,-16.63648],[-45.99227,-16.69654],[-46.05764,-16.72287],[-46.09309,-16.70082],[-46.091,-16.75132],[-46.19446,-16.8014],[-46.20634,-16.85805],[-46.18059,-16.91252],[-46.23726,-16.98359]]]]}},{"type":"Feature","id":"31002","properties":{"code":"31002","name":"Paracatu"},"geometry":{"type":"MultiPolygon","coordinates":[[[[-45.26004,-18.21427],[-45.31737,-18.21926],[-45.40785,-18.31795],[-45.49446,-18.31269],[-45.55734,-18.34425],[-45.63231,-18.4202],[-45.63985,-18.4824],[-45.725,-18.50741],[-45.77325,-18.46702],[-45.80332,-18.48211],[-45.80642,-18.56695],[-45.83849,-18.5954],[-45.93652,-18.56918],[-45.96736,-18.53046],[-45.99823,-18.56236],[-46.13922,-18.51128],[-46.21554,-18.55492],[-46.24355,-18.50608],[-46.25527,-18.54578],[-46.30046,-18.5497],[-46.33954,-18.59685],[-46.38304,-18.51294],[-46.53484,-18.46059],[-46.60908,-18.40231],[-46.64969,-18.40889],[-46.67491,-18.35801],[-46.74208,-18.35117],[-46.78578,-18.29106],[-46.81576,-18.31984],[-46.91434,-18.27844],[-46.93435,-18.20221],[-46.9833,-18.22724],[-47.00048,-18.19356],[-47.08643,-18.20624],[-47.11525,-18.03931],[-47.14898,-18.04972],[-47.18322,-18.00047],[-47.15424,-17.92993],[-47.26689,-18.00178],[-47.28677,-18.04279],[-47.35707,-17.89779],[-47.37306,-17.82995],[-47.34273,-17.74446],[-47.26998,-17.67421],[-47.28261,-17.57962],[-47.33315,-17.52345],[-47.49563,-17.52638],[-47.5143,-17.46081],[-47.54119,-17.4543],[-47.51326,-17.32748],[-47.44156,-17.34838],[-47.43446,-17.27622],[-47.36265,-17.22271],[-47.35199,-17.1665],[-47.28271,-17.1441],[-47.27465,-17.1041],[-47.13176,-17.01043],[-47.16007,-16.9206],[-47.19779,-16.91002],[-47.22589,-16.72051],[-47.20793,-16.73468],[-47.01726,-16.59694],[-46.97943,-16.66556],[-46.94509,-16.65554],[-46.92076,-16.84099],[-46.84031,-16.92078],[-46.80497,-16.87481],[-46.74084,-16.8636],[-46.65246,-16.79373],[-46.58732,-16.8733],[-46.41264,-16.89065],[-46.34064,-16.96269],[-46.28528,-16.94734],[-46.23782,-16.98362],[-46.18059,-16.91252],[-46.20634,-16.85805],[-46.19446,-16.8014],[-46.091,-16.75132],[-46.09309,-16.70082],[-46.05764,-16.72287],[-46.00952,-16.6943],[-45.93952,-16.72126],[-45.88924,-16.70273],[-45.83167,-16.83001],[-45.77802,-16.83136],[-45.718,-16.89937],[-45.5977,-16.88155],[-45.56615,-16.94039],[-45.52017,-16.93913],[-45.51031,-17.03303],[-45.55835,-17.04067],[-45.55205,-17.08166],[-45.43581,-17.11807],[-45.48542,-17.17791],[-45.50532,-17.32264],[-45.56025,-17.40072],[-45.38176,-17.52819],[-45.38233,-17.58016],[-45.45538,-17.60446],[-45.40285,-17.66596],[-45.44504,-17.73686],[-45.41677,-17.78405],[-45.46005,-17.79928],[-45.46983,-17.90423],[-45.35002,-17.906],[-45.26957,-17.9883],[-45.22369,-17.97653],[-45.18329,-18.00705],[-45.20957,-18.05354],[-45.18756,-18.12338],[-45.24518,-18.11731],[-45.22687,-18.15018],[-45.26004,-18.21427]]]]}},{"type":"Feature","id":"31003","properties":{"code":"31003","name":"JanuãRia"},"geometry":{"type":"MultiPolygon","coordinates":[[[[-45.89673,-16.14698],[-45.91649,-16.10963],[-45.80574,-16.06211],[-45.73618,-15.88542],[-45.55971,-15.69284],[-45.58926,-15.65677],[-45.59967,-15.44198],[-45.66102,-15.41664],[-45.7269,-15.4383],[-45.75925,-15.40871],[-45.79378,-15.4309],[-45.81826,-15.40506],[-45.71051,-15.34277],[-45.719,-15.32286],[-45.60812,-15.23491],[-45.5946,-15.19404],[-45.7199,-15.24146],[-45.76843,-15.17974],[-45.56674,-14.94485],[-45.45599,-14.95426],[-45.20557,-14.74474],[-45.08277,-14.74877],[-45.03951,-14.67985],[-44.84339,-14.58084],[-44.83324,-14.49983],[-44.70129,-14.44979],[-44.56557,-14.34006],[-44.48718,-14.32852],[-44.31785,-14.24074],[-44.24751,-14.26012],[-44.21533,-14.23318],[-44.13562,-14.28219],[-44.11259,-14.25873],[-44.03462,-14.28903],[-43.99765,-14.2654],[-43.94214,-14.3051],[-43.89195,-14.29329],[-43.78402,-14.33718],[-43.87388,-14.52058],[-43.88351,-14.65323],[-43.53992,-14.78037],[-43.49799,-14.94099],[-43.53832,-14.95681],[-43.52664,-14.9889],[-43.57146,-14.97762],[-43.53679,-15.02312],[-43.57924,-15.00307],[-43.55625,-15.0409],[-43.58619,-15.02428],[-43.58977,-15.0603],[-43.61992,-15.04138],[-43.64293,-15.07543],[-43.61346,-15.09421],[-43.65979,-15.11329],[-44.01872,-15.07018],[-44.07184,-15.20488],[-43.92622,-15.31103],[-43.9304,-15.43746],[-44.0018,-15.50519],[-44.06961,-15.48199],[-44.12235,-15.67247],[-44.17848,-15.63434],[-44.1874,-15.67897],[-44.23283,-15.67479],[-44.24877,-15.72821],[-44.31208,-15.76882],[-44.29636,-15.84143],[-44.36785,-15.78526],[-44.4272,-15.80541],[-44.41144,-15.92925],[-44.49633,-16.02023],[-44.50784,-16.0709],[-44.58421,-16.0832],[-45.03567,-16.38445],[-45.06168,-16.31717],[-45.05205,-16.20812],[-45.10266,-16.09613],[-45.10414,-16.15475],[-45.17355,-16.16055],[-45.16936,-16.20261],[-45.2329,-16.26527],[-45.30332,-16.26737],[-45.36432,-16.32534],[-45.42334,-16.27933],[-45.48381,-16.30081],[-45.61182,-16.17901],[-45.69786,-16.17084],[-45.70758,-16.13265],[-45.75439,-16.12984],[-45.80469,-16.17638],[-45.89673,-16.14698]]]]}},{"type":"Feature","id":"31004","properties":{"code":"31004","name":"JanaãBa"},"geometry":{"type":"MultiPolygon","coordinates":[[[[-43.1573,-16.28915],[-43.13256,-16.23227],[-43.26866,-16.11542],[-43.37148,-16.12187],[-43.43894,-16.07237],[-43.48956,-16.09738],[-43.53242,-16.08424],[-43.53608,-16.01648],[-43.56351,-15.99606],[-43.54707,-15.92288],[-43.61854,-15.85525],[-43.63298,-15.80246],[-43.58564,-15.73575],[-43.60262,-15.72059],[-43.50853,-15.66243],[-43.39312,-15.5306],[-43.36315,-15.46696],[-43.3912,-15.39856],[-43.44259,-15.35899],[-43.67189,-15.41425],[-43.64583,-15.40212],[-43.687,-15.3819],[-43.67737,-15.34423],[-43.97234,-15.53137],[-44.0018,-15.50519],[-43.9304,-15.43746],[-43.92496,-15.31415],[-44.07184,-15.20488],[-44.01872,-15.07018],[-43.78998,-15.11222],[-43.61778,-15.09888],[-43.64293,-15.07543],[-43.62619,-15.0467],[-43.58577,-15.05836],[-43.58619,-15.02428],[-43.55663,-15.04133],[-43.58453,-15.00805],[-43.53729,-15.00738],[-43.57175,-14.97799],[-43.52664,-14.9889],[-43.53832,-14.95681],[-43.49799,-14.94099],[-43.53104,-14.81544],[-43.4697,-14.78735],[-43.48125,-14.7679],[-43.43489,-14.72304],[-43.1962,-14.64953],[-43.08394,-14.69827],[-43.06639,-14.68056],[-42.93966,-14.70762],[-42.92705,-14.74414],[-42.72336,-14.88561],[-42.51568,-14.98292],[-42.59649,-15.06361],[-42.65605,-15.03544],[-42.68256,-15.09744],[-42.78257,-15.16343],[-42.81951,-15.23814],[-42.76886,-15.30769],[-42.74407,-15.46394],[-42.7824,-15.48474],[-42.77986,-15.56887],[-42.805,-15.59147],[-42.76146,-15.78637],[-42.81306,-15.90031],[-42.75863,-15.9323],[-42.7258,-16.0053],[-42.70439,-16.15566],[-42.76143,-16.13309],[-42.99082,-16.15824],[-43.1573,-16.28915]]]]}},{"type":"Feature","id":"31005","properties":{"code":"31005","name":"Salinas"},"geometry":{"type":"MultiPolygon","coordinates":[[[[-42.17842,-16.47862],[-42.26631,-16.46829],[-42.30326,-16.495],[-42.38921,-16.46714],[-42.47218,-16.48839],[-42.47475,-16.36676],[-42.51117,-16.26517],[-42.59945,-16.17118],[-42.70207,-16.17282],[-42.7258,-16.0053],[-42.75863,-15.9323],[-42.81306,-15.90031],[-42.76146,-15.78637],[-42.805,-15.59147],[-42.77986,-15.56887],[-42.7824,-15.48474],[-42.74407,-15.46394],[-42.76886,-15.30769],[-42.81951,-15.23814],[-42.78257,-15.16343],[-42.68256,-15.09744],[-42.65605,-15.03544],[-42.59649,-15.06361],[-42.51568,-14.98292],[-42.4368,-15.02272],[-42.44294,-15.06132],[-42.35491,-15.0982],[-42.33352,-15.07905],[-42.2648,-15.12518],[-42.17332,-15.08595],[-42.09162,-15.18661],[-41.9975,-15.15889],[-41.93254,-15.1745],[-41.87043,-15.11518],[-41.80341,-15.09974],[-41.35642,-15.50029],[-41.34167,-15.80049],[-41.45348,-15.88324],[-41.49163,-15.85829],[-41.52959,-15.91167],[-41.58774,-15.90288],[-41.70597,-16.04568],[-41.71771,-16.10291],[-41.68177,-16.1109],[-41.71002,-16.17573],[-41.76615,-16.18516],[-41.80691,-16.15014],[-41.88989,-16.20098],[-41.9325,-16.28141],[-41.898,-16.36764],[-41.95302,-16.40327],[-42.08829,-16.3835],[-42.11515,-16.45258],[-42.17842,-16.47862]]]]}},{"type":"Feature","id":"31006","properties":{"code":"31006","name":"Pirapora"},"geometry":{"type":"MultiPolygon","coordinates":[[[[-44.42561,-18.07491],[-44.53626,-18.05455],[-44.52592,-18.00264],[-44.55387,-17.94554],[-44.62095,-18.05574],[-44.6665,-18.08743],[-44.69523,-18.07362],[-44.74954,-18.15184],[-44.78989,-18.14986],[-45.00892,-18.06128],[-45.02088,-18.00517],[-45.11643,-17.93078],[-45.20778,-17.99508],[-45.24152,-17.97595],[-45.25688,-17.99366],[-45.35002,-17.906],[-45.46969,-17.90469],[-45.46005,-17.79928],[-45.41677,-17.78405],[-45.44504,-17.73686],[-45.40285,-17.66596],[-45.45538,-17.60446],[-45.38233,-17.58016],[-45.38176,-17.52819],[-45.56025,-17.40072],[-45.50532,-17.32264],[-45.48542,-17.17791],[-45.43581,-17.11807],[-45.52932,-17.09851],[-45.5618,-17.06038],[-45.54868,-17.03167],[-45.51115,-17.03593],[-45.50489,-16.96087],[-45.56651,-16.9401],[-45.5977,-16.88155],[-45.72179,-16.89801],[-45.77802,-16.83136],[-45.85423,-16.81437],[-45.88874,-16.70284],[-45.93952,-16.72126],[-45.99153,-16.69406],[-46.01599,-16.63648],[-45.91001,-16.53995],[-45.92146,-16.49302],[-45.89289,-16.44653],[-45.92076,-16.37155],[-45.95237,-16.39794],[-46.06104,-16.39519],[-46.27616,-16.32082],[-46.21888,-16.26779],[-46.22808,-16.23136],[-46.12662,-16.24512],[-46.08169,-16.21013],[-46.04434,-16.05089],[-46.00934,-16.02296],[-45.94582,-16.04037],[-45.94854,-16.085],[-45.90656,-16.07505],[-45.91709,-16.11656],[-45.86321,-16.16912],[-45.83255,-16.15235],[-45.80469,-16.17638],[-45.75439,-16.12984],[-45.70758,-16.13265],[-45.69786,-16.17084],[-45.61182,-16.17901],[-45.48381,-16.30081],[-45.42334,-16.27933],[-45.3648,-16.32534],[-45.30332,-16.26737],[-45.2329,-16.26527],[-45.16936,-16.20261],[-45.17355,-16.16055],[-45.10414,-16.15475],[-45.10216,-16.09636],[-45.04719,-16.23549],[-45.07426,-16.38957],[-45.03812,-16.42388],[-45.12053,-16.50049],[-45.07653,-16.67289],[-45.00303,-16.71022],[-45.0203,-16.75407],[-44.80371,-16.68604],[-44.77608,-16.70584],[-44.80419,-16.71516],[-44.79311,-16.73726],[-44.68711,-16.67377],[-44.68522,-16.79871],[-44.6243,-16.77754],[-44.61948,-16.87008],[-44.56456,-16.85902],[-44.48024,-16.99301],[-44.56816,-17.04461],[-44.57385,-17.07648],[-44.44786,-17.06982],[-44.33811,-16.94592],[-44.27581,-16.99543],[-44.34136,-17.05791],[-44.35058,-17.11079],[-44.27081,-17.17703],[-44.35711,-17.2577],[-44.34828,-17.27968],[-44.40505,-17.30714],[-44.41673,-17.44109],[-44.46699,-17.55096],[-44.46908,-17.60349],[-44.39767,-17.69025],[-44.29328,-17.70118],[-44.27646,-17.7602],[-44.30038,-17.90755],[-44.38448,-17.93088],[-44.42561,-18.07491]]]]}},{"type":"Feature","id":"31007","properties":{"code":"31007","name":"Montes Claros"},"geometry":{"type":"MultiPolygon","coordinates":[[[[-44.30898,-17.29567],[-44.33716,-17.26881],[-44.32975,-17.23253],[-44.26897,-17.1596],[-44.35058,-17.11079],[-44.34136,-17.05791],[-44.27581,-16.99543],[-44.296,-16.97091],[-44.33811,-16.94592],[-44.44786,-17.06982],[-44.57248,-17.07711],[-44.56816,-17.04461],[-44.48024,-16.99301],[-44.56456,-16.85902],[-44.61948,-16.87008],[-44.6243,-16.77754],[-44.68522,-16.79871],[-44.67489,-16.67955],[-44.71628,-16.67813],[-44.79311,-16.73726],[-44.80419,-16.71516],[-44.77608,-16.70584],[-44.80371,-16.68604],[-45.0203,-16.75407],[-45.00303,-16.71022],[-45.07653,-16.67289],[-45.12053,-16.50049],[-45.04212,-16.4441],[-45.07325,-16.38282],[-44.96103,-16.35418],[-44.62334,-16.1068],[-44.50784,-16.0709],[-44.49633,-16.02023],[-44.41144,-15.92925],[-44.43689,-15.81787],[-44.36837,-15.78514],[-44.29636,-15.84143],[-44.31208,-15.76882],[-44.24877,-15.72821],[-44.23283,-15.67479],[-44.1874,-15.67897],[-44.17848,-15.63434],[-44.12235,-15.67247],[-44.06216,-15.47666],[-43.95722,-15.53132],[-43.86169,-15.44312],[-43.76309,-15.41428],[-43.67737,-15.34423],[-43.687,-15.3819],[-43.64583,-15.40212],[-43.67189,-15.41425],[-43.44259,-15.35899],[-43.38444,-15.40939],[-43.36692,-15.48124],[-43.50853,-15.66243],[-43.60262,-15.72059],[-43.58564,-15.73575],[-43.63298,-15.802],[-43.61923,-15.85398],[-43.54707,-15.92288],[-43.56351,-15.99606],[-43.53608,-16.01648],[-43.53123,-16.08521],[-43.43894,-16.07237],[-43.37148,-16.12187],[-43.26866,-16.11542],[-43.15317,-16.20777],[-43.13164,-16.23945],[-43.16485,-16.35957],[-43.28274,-16.42027],[-43.38459,-16.4119],[-43.40568,-16.45052],[-43.44255,-16.638],[-43.49453,-16.73964],[-43.48691,-16.81598],[-43.44146,-16.88426],[-43.46789,-16.9191],[-43.43425,-16.95311],[-43.52904,-16.97029],[-43.54507,-16.95072],[-43.61917,-16.9914],[-43.6859,-16.92788],[-43.70143,-16.85099],[-43.72093,-16.90327],[-43.85066,-16.89798],[-43.85972,-16.94511],[-43.94172,-16.97716],[-44.01615,-17.05156],[-44.0256,-17.12096],[-44.10566,-17.14579],[-44.19345,-17.21848],[-44.20945,-17.28328],[-44.25769,-17.24962],[-44.30898,-17.29567]]]]}},{"type":"Feature","id":"31008","properties":{"code":"31008","name":"GrãO Mogol"},"geometry":{"type":"MultiPolygon","coordinates":[[[[-43.48834,-17.17833],[-43.56747,-17.07157],[-43.56658,-16.96569],[-43.43367,-16.95235],[-43.46789,-16.9191],[-43.44146,-16.88426],[-43.48691,-16.81598],[-43.49429,-16.73635],[-43.44255,-16.638],[-43.38826,-16.4135],[-43.32434,-16.42978],[-43.19269,-16.38945],[-43.1116,-16.2309],[-42.99082,-16.15824],[-42.76093,-16.13309],[-42.68016,-16.18174],[-42.6162,-16.16345],[-42.57991,-16.2095],[-42.54434,-16.21009],[-42.47475,-16.36676],[-42.46585,-16.52415],[-42.3996,-16.64092],[-42.56941,-16.73991],[-42.66206,-16.75757],[-42.6822,-16.80978],[-42.7357,-16.83002],[-42.73034,-16.87553],[-42.75736,-16.88613],[-42.74421,-16.90784],[-42.79477,-17.0191],[-42.86694,-17.05573],[-42.92407,-17.03977],[-42.98804,-17.17404],[-43.06685,-17.2242],[-43.10875,-17.1947],[-43.10466,-17.13386],[-43.20769,-17.1055],[-43.22977,-17.13749],[-43.27586,-17.11811],[-43.29289,-17.14247],[-43.48834,-17.17833]]]]}},{"type":"Feature","id":"31009","properties":{"code":"31009","name":"BocaiãVa"},"geometry":{"type":"MultiPolygon","coordinates":[[[[-44.39582,-17.69202],[-44.47046,-17.59108],[-44.41673,-17.44109],[-44.40505,-17.30714],[-44.34201,-17.25031],[-44.30898,-17.29567],[-44.25769,-17.24962],[-44.20981,-17.28358],[-44.19345,-17.21848],[-44.10566,-17.14579],[-44.0256,-17.12096],[-44.01615,-17.05156],[-43.94172,-16.97716],[-43.85972,-16.94511],[-43.87355,-16.92313],[-43.8497,-16.89762],[-43.72093,-16.90327],[-43.69707,-16.85304],[-43.6859,-16.92788],[-43.64542,-16.97343],[-43.60992,-16.994],[-43.56609,-16.96378],[-43.56747,-17.07157],[-43.48834,-17.17833],[-43.29289,-17.14247],[-43.27586,-17.11811],[-43.22977,-17.13749],[-43.20822,-17.10545],[-43.10466,-17.13386],[-43.10875,-17.1947],[-43.06735,-17.21777],[-43.13074,-17.30381],[-43.18669,-17.28939],[-43.21771,-17.31791],[-43.19734,-17.40546],[-43.23584,-17.43003],[-43.29592,-17.37991],[-43.28745,-17.45916],[-43.33896,-17.48789],[-43.30736,-17.52695],[-43.35536,-17.49683],[-43.39713,-17.51784],[-43.38087,-17.5496],[-43.41419,-17.52255],[-43.4598,-17.55641],[-43.49597,-17.50484],[-43.52581,-17.52708],[-43.50409,-17.56095],[-43.56455,-17.54582],[-43.567,-17.60968],[-43.61164,-17.63032],[-43.58738,-17.6773],[-43.61507,-17.69999],[-43.60471,-17.75629],[-43.696,-17.87658],[-43.74988,-17.88074],[-43.76006,-17.92524],[-43.90129,-17.7281],[-43.88744,-17.63445],[-43.91772,-17.57192],[-44.00433,-17.52325],[-44.085,-17.42732],[-44.11554,-17.61269],[-44.15947,-17.65552],[-44.31097,-17.70655],[-44.39582,-17.69202]]]]}},{"type":"Feature","id":"31010","properties":{"code":"31010","name":"Diamantina"},"geometry":{"type":"MultiPolygon","coordinates":[[[[-44.02169,-18.67673],[-44.05654,-18.60445],[-44.0739,-18.61422],[-44.05193,-18.59161],[-44.06925,-18.56827],[-43.87821,-18.50171],[-43.89047,-18.45475],[-43.81481,-18.40608],[-43.8823,-18.3608],[-43.95371,-18.37698],[-44.01015,-18.35256],[-43.97685,-18.33363],[-44.00242,-18.28762],[-44.05314,-18.27778],[-44.08165,-18.20569],[-43.99279,-18.20044],[-43.91773,-18.11889],[-43.9377,-18.06031],[-43.82206,-18.02879],[-43.74988,-17.88074],[-43.6765,-17.85914],[-43.60437,-17.75542],[-43.61507,-17.69999],[-43.58738,-17.6773],[-43.61164,-17.63032],[-43.567,-17.60968],[-43.56455,-17.54582],[-43.50409,-17.56095],[-43.52581,-17.52708],[-43.49597,-17.50484],[-43.4598,-17.55641],[-43.41419,-17.52255],[-43.38087,-17.5496],[-43.39713,-17.51784],[-43.35536,-17.49683],[-43.30787,-17.52724],[-43.33896,-17.48789],[-43.28745,-17.45916],[-43.29592,-17.37991],[-43.23584,-17.43003],[-43.2176,-17.41428],[-43.22744,-17.56273],[-43.11121,-17.87892],[-43.10774,-18.00664],[-43.14511,-18.03751],[-43.10686,-18.07641],[-43.19364,-18.21613],[-43.24273,-18.1931],[-43.22114,-18.24526],[-43.23864,-18.27493],[-43.27301,-18.25249],[-43.26281,-18.30344],[-43.30573,-18.28075],[-43.33913,-18.3263],[-43.44519,-18.28789],[-43.53063,-18.43434],[-43.5812,-18.45158],[-43.60909,-18.51811],[-43.52218,-18.59909],[-43.48698,-18.71233],[-43.79746,-18.61083],[-43.84401,-18.66589],[-43.94022,-18.62851],[-44.02169,-18.67673]]]]}},{"type":"Feature","id":"31011","properties":{"code":"31011","name":"Capelinha"},"geometry":{"type":"MultiPolygon","coordinates":[[[[-43.13692,-18.10813],[-43.10686,-18.07641],[-43.14511,-18.03751],[-43.10774,-18.00664],[-43.11121,-17.87892],[-43.22744,-17.56273],[-43.22807,-17.43324],[-43.19641,-17.40423],[-43.21787,-17.31825],[-43.18669,-17.28939],[-43.13074,-17.30381],[-43.053,-17.20643],[-43.00499,-17.19333],[-42.92407,-17.03977],[-42.86694,-17.05573],[-42.79477,-17.0191],[-42.74421,-16.90784],[-42.75736,-16.88613],[-42.73034,-16.87553],[-42.7357,-16.83002],[-42.6822,-16.80978],[-42.66206,-16.75757],[-42.56941,-16.73991],[-42.47482,-16.66949],[-42.4925,-16.74037],[-42.47051,-16.77389],[-42.39592,-16.77616],[-42.42366,-16.84355],[-42.40386,-16.90552],[-42.36861,-16.90813],[-42.34641,-16.86049],[-42.25791,-16.85468],[-42.18913,-16.8913],[-42.18147,-16.85969],[-42.15355,-16.89964],[-42.25682,-16.99279],[-42.17604,-17.16237],[-42.07977,-17.21211],[-42.11505,-17.3137],[-42.08613,-17.37967],[-42.20859,-17.41164],[-42.19024,-17.44212],[-42.28823,-17.59567],[-42.25044,-17.616],[-42.21429,-17.771],[-42.27109,-17.79004],[-42.3741,-17.7664],[-42.3789,-17.81079],[-42.46834,-17.81242],[-42.48725,-17.92812],[-42.52151,-17.96331],[-42.56195,-17.94789],[-42.5683,-17.98638],[-42.60528,-17.98959],[-42.70458,-18.09296],[-42.82048,-18.08917],[-42.88133,-18.12572],[-42.91819,-18.10199],[-42.98029,-18.15356],[-43.06175,-18.07087],[-43.13692,-18.10813]]]]}},{"type":"Feature","id":"31012","properties":{"code":"31012","name":"AraãUaã"},"geometry":{"type":"MultiPolygon","coordinates":[[[[-41.99153,-17.65641],[-42.03518,-17.6035],[-42.12251,-17.5852],[-42.17124,-17.45125],[-42.21093,-17.42855],[-42.08613,-17.37967],[-42.11505,-17.3137],[-42.07977,-17.21211],[-42.17604,-17.16237],[-42.25682,-16.99279],[-42.15399,-16.89874],[-42.18517,-16.85876],[-42.18913,-16.8913],[-42.2563,-16.8548],[-42.34543,-16.86029],[-42.38713,-16.91689],[-42.42354,-16.84916],[-42.39716,-16.77278],[-42.46906,-16.77521],[-42.49251,-16.73989],[-42.46871,-16.67265],[-42.39911,-16.64013],[-42.46787,-16.48852],[-42.38921,-16.46714],[-42.30326,-16.495],[-42.26631,-16.46829],[-42.17842,-16.47862],[-42.11515,-16.45258],[-42.0887,-16.3837],[-41.95252,-16.40321],[-41.88712,-16.331],[-41.8718,-16.37525],[-41.8331,-16.34985],[-41.70601,-16.44346],[-41.71252,-16.50596],[-41.67575,-16.57725],[-41.65174,-16.57288],[-41.63741,-16.67949],[-41.56465,-16.72942],[-41.46513,-16.7236],[-41.4515,-16.67926],[-41.36445,-16.62267],[-41.31459,-16.63447],[-41.28532,-16.6756],[-41.29229,-16.74845],[-41.32926,-16.76321],[-41.30111,-16.82142],[-41.37025,-16.88343],[-41.3281,-16.92922],[-41.35347,-16.97391],[-41.27213,-17.00873],[-41.32412,-17.05874],[-41.34133,-17.12268],[-41.32107,-17.12965],[-41.34393,-17.16114],[-41.31565,-17.27407],[-41.34906,-17.3452],[-41.36487,-17.29452],[-41.45257,-17.32487],[-41.67181,-17.23534],[-41.76297,-17.39562],[-41.7539,-17.44207],[-41.81333,-17.50255],[-41.91242,-17.53206],[-41.99153,-17.65641]]]]}},{"type":"Feature","id":"31013","properties":{"code":"31013","name":"Pedra Azul"},"geometry":{"type":"MultiPolygon","coordinates":[[[[-41.56465,-16.72942],[-41.63741,-16.67949],[-41.65174,-16.57288],[-41.67575,-16.57725],[-41.71252,-16.50596],[-41.70601,-16.44346],[-41.8331,-16.34985],[-41.8718,-16.37525],[-41.91027,-16.32327],[-41.9325,-16.28141],[-41.89945,-16.21547],[-41.81213,-16.15127],[-41.76615,-16.18516],[-41.6916,-16.16138],[-41.68233,-16.10811],[-41.71976,-16.09139],[-41.70597,-16.04568],[-41.58774,-15.90288],[-41.52959,-15.91167],[-41.49163,-15.85829],[-41.44765,-15.88031],[-41.34167,-15.80049],[-41.32937,-15.74222],[-41.2154,-15.73717],[-41.14253,-15.77205],[-41.14806,-15.80064],[-41.03108,-15.79942],[-41.00318,-15.86405],[-40.96399,-15.88414],[-40.98091,-15.93671],[-40.91855,-15.97782],[-40.91652,-16.07142],[-40.94162,-16.09892],[-41.15172,-16.05525],[-41.2172,-16.07156],[-41.25201,-16.14905],[-41.29775,-16.16503],[-41.27737,-16.18617],[-41.3087,-16.24106],[-41.27761,-16.27612],[-41.30687,-16.28813],[-41.30241,-16.3326],[-41.36374,-16.33755],[-41.47141,-16.44114],[-41.42016,-16.48455],[-41.46311,-16.51968],[-41.46008,-16.56556],[-41.40025,-16.57093],[-41.35447,-16.62382],[-41.4515,-16.67926],[-41.46463,-16.72341],[-41.56465,-16.72942]]]]}},{"type":"Feature","id":"31014","properties":{"code":"31014","name":"Almenara"},"geometry":{"type":"MultiPolygon","coordinates":[[[[-41.25688,-17.04812],[-41.27267,-17.00747],[-41.35376,-16.97349],[-41.3281,-16.92922],[-41.37025,-16.88343],[-41.30111,-16.82142],[-41.32926,-16.76321],[-41.29229,-16.74845],[-41.28556,-16.67375],[-41.40025,-16.57093],[-41.46008,-16.56556],[-41.46311,-16.51968],[-41.42021,-16.48402],[-41.47178,-16.44305],[-41.36374,-16.33755],[-41.30241,-16.3326],[-41.30687,-16.28813],[-41.27761,-16.27612],[-41.3087,-16.24106],[-41.27737,-16.18617],[-41.29775,-16.16503],[-41.25201,-16.14905],[-41.21653,-16.07094],[-41.15172,-16.05525],[-40.9435,-16.09892],[-40.91652,-16.07142],[-40.91855,-15.97782],[-40.9811,-15.93625],[-40.96482,-15.88209],[-41.00318,-15.86405],[-41.03108,-15.79942],[-41.15042,-15.79962],[-41.12863,-15.74677],[-41.00606,-15.71384],[-40.96161,-15.64793],[-40.88156,-15.69447],[-40.81903,-15.64634],[-40.76766,-15.71408],[-40.70458,-15.6664],[-40.56347,-15.8029],[-40.46143,-15.75323],[-40.37686,-15.82352],[-40.23111,-15.80385],[-40.20007,-15.86251],[-40.1661,-15.86838],[-40.17072,-15.90753],[-40.085,-15.89712],[-40.06619,-15.96021],[-40.00444,-16.00184],[-39.9148,-15.99999],[-39.93569,-16.02375],[-39.85683,-16.11382],[-39.89696,-16.1416],[-39.88339,-16.19469],[-39.93652,-16.24578],[-39.91668,-16.28384],[-39.96667,-16.32721],[-39.9911,-16.31273],[-40.06918,-16.46073],[-40.09866,-16.42121],[-40.17078,-16.52362],[-40.1579,-16.57945],[-40.23413,-16.55793],[-40.28619,-16.59254],[-40.31017,-16.73622],[-40.34549,-16.78727],[-40.2578,-16.80654],[-40.24691,-16.84574],[-40.28164,-16.90118],[-40.33152,-16.90803],[-40.36649,-16.87417],[-40.41761,-16.89927],[-40.46635,-16.83712],[-40.55559,-16.79523],[-40.58608,-16.80722],[-40.58931,-16.78181],[-40.69551,-16.84311],[-40.76746,-16.82111],[-40.84401,-16.86679],[-40.8939,-16.80464],[-40.99311,-16.92743],[-41.03891,-16.92657],[-41.05785,-16.96065],[-41.09522,-16.94456],[-41.15411,-17.01697],[-41.25688,-17.04812]]]]}},{"type":"Feature","id":"31015","properties":{"code":"31015","name":"TeãFilo Otoni"},"geometry":{"type":"MultiPolygon","coordinates":[[[[-41.26959,-18.50248],[-41.28332,-18.44748],[-41.32958,-18.46826],[-41.30709,-18.37612],[-41.3249,-18.34101],[-41.28735,-18.31628],[-41.32797,-18.27545],[-41.42593,-18.28097],[-41.43361,-18.24018],[-41.45434,-18.26297],[-41.56795,-18.26448],[-41.6432,-18.20427],[-41.66196,-18.12752],[-41.61174,-18.11417],[-41.61826,-18.07118],[-41.56771,-18.02157],[-41.59572,-17.96753],[-41.69454,-17.89548],[-41.79926,-17.93959],[-41.83476,-18.04146],[-41.91522,-18.11722],[-41.99381,-18.10935],[-42.04796,-18.14841],[-42.07226,-18.08631],[-42.17761,-18.00118],[-42.2816,-17.85164],[-42.26669,-17.78835],[-42.21429,-17.771],[-42.21226,-17.73711],[-42.25044,-17.616],[-42.28823,-17.59567],[-42.19118,-17.44162],[-42.12251,-17.5852],[-42.03518,-17.6035],[-41.98437,-17.65501],[-41.99655,-17.63838],[-41.91242,-17.53206],[-41.81333,-17.50255],[-41.7539,-17.44207],[-41.76297,-17.39562],[-41.66985,-17.23457],[-41.45257,-17.32487],[-41.36487,-17.29452],[-41.35017,-17.34619],[-41.3183,-17.30361],[-41.34393,-17.16114],[-41.32435,-17.05915],[-41.20657,-17.03364],[-41.15931,-17.04342],[-41.12078,-17.11527],[-41.15376,-17.12928],[-41.1687,-17.20281],[-41.20826,-17.1941],[-41.20662,-17.24785],[-41.07691,-17.34532],[-41.02547,-17.32207],[-41.03484,-17.35946],[-40.95519,-17.3293],[-40.94379,-17.41214],[-40.97472,-17.43479],[-40.91891,-17.50317],[-40.96679,-17.60087],[-40.99031,-17.57919],[-41.05874,-17.61933],[-41.08658,-17.60372],[-41.13427,-17.64949],[-41.19837,-17.608],[-41.21588,-17.62557],[-41.12681,-17.70972],[-41.1491,-17.78135],[-41.07995,-17.85577],[-41.09933,-17.84489],[-41.13965,-17.88363],[-41.15044,-17.93084],[-41.06605,-18.00712],[-41.00871,-17.95093],[-40.92407,-17.96027],[-40.7733,-18.10756],[-40.77097,-18.15381],[-40.84508,-18.14981],[-40.89311,-18.10788],[-40.95454,-18.15449],[-40.98032,-18.14136],[-40.98948,-18.17065],[-41.05608,-18.16662],[-41.10445,-18.21328],[-41.09719,-18.25658],[-41.15892,-18.30824],[-41.14489,-18.40948],[-41.26959,-18.50248]]]]}},{"type":"Feature","id":"31016","properties":{"code":"31016","name":"Nanuque"},"geometry":{"type":"MultiPolygon","coordinates":[[[[-41.06651,-18.00697],[-41.15044,-17.93084],[-41.13965,-17.88363],[-41.09933,-17.84489],[-41.0798,-17.85691],[-41.1491,-17.78135],[-41.12681,-17.70972],[-41.21603,-17.62603],[-41.19837,-17.608],[-41.13427,-17.64949],[-41.08658,-17.60372],[-41.05874,-17.61933],[-40.99031,-17.57919],[-40.96679,-17.60087],[-40.91891,-17.50317],[-40.97472,-17.43479],[-40.94379,-17.41214],[-40.95519,-17.3293],[-41.03484,-17.35946],[-41.02547,-17.32207],[-41.07691,-17.34532],[-41.20662,-17.24785],[-41.20826,-17.1941],[-41.1687,-17.20281],[-41.15376,-17.12928],[-41.12078,-17.11527],[-41.19707,-17.02285],[-41.15411,-17.01697],[-41.09522,-16.94456],[-41.05785,-16.96065],[-41.03891,-16.92657],[-40.99311,-16.92743],[-40.8939,-16.80464],[-40.84458,-16.86683],[-40.76746,-16.82111],[-40.69551,-16.84311],[-40.61282,-16.78301],[-40.53455,-16.80164],[-40.43362,-16.88741],[-40.48794,-16.88122],[-40.54851,-16.99062],[-40.57916,-17.14825],[-40.54775,-17.28371],[-40.60903,-17.32697],[-40.59866,-17.38964],[-40.62348,-17.40598],[-40.52058,-17.44481],[-40.46041,-17.5685],[-40.41068,-17.56823],[-40.41447,-17.6101],[-40.37196,-17.61246],[-40.35571,-17.64391],[-40.34715,-17.612],[-40.28036,-17.72279],[-40.2208,-17.73725],[-40.21808,-17.79566],[-40.17413,-17.85156],[-40.26355,-17.92202],[-40.22235,-17.98042],[-40.34552,-17.92378],[-40.46419,-17.9282],[-40.52704,-17.89194],[-40.61345,-17.93973],[-40.62615,-17.99105],[-40.70368,-18.02373],[-40.77177,-18.00339],[-40.80816,-17.95205],[-40.91007,-17.98797],[-40.92407,-17.96027],[-41.00627,-17.95031],[-41.06651,-18.00697]]]]}},{"type":"Feature","id":"31017","properties":{"code":"31017","name":"Ituiutaba"},"geometry":{"type":"MultiPolygon","coordinates":[[[[-50.74208,-19.21384],[-50.73348,-19.18581],[-50.6778,-19.17251],[-50.67805,-19.13811],[-50.58502,-19.13739],[-50.53945,-19.10236],[-50.49607,-19.01915],[-50.51055,-18.93866],[-50.44344,-18.89412],[-50.42349,-18.83265],[-50.3756,-18.8115],[-50.30627,-18.69547],[-50.08004,-18.67224],[-50.02006,-18.59936],[-49.78482,-18.64225],[-49.76853,-18.61099],[-49.63971,-18.60014],[-49.65171,-18.56112],[-49.55238,-18.54412],[-49.53391,-18.49252],[-49.4917,-18.49637],[-49.48183,-18.56103],[-49.41304,-18.64227],[-49.37276,-18.63572],[-49.43342,-18.8454],[-49.33027,-18.86736],[-49.33883,-18.95318],[-49.22568,-18.93582],[-49.22763,-18.9961],[-49.18167,-19.07394],[-49.22614,-19.07421],[-49.22652,-19.12586],[-49.25242,-19.14052],[-49.37675,-19.12452],[-49.4074,-19.24884],[-49.42558,-19.26583],[-49.47746,-19.24119],[-49.53631,-19.35461],[-49.57034,-19.33709],[-49.62235,-19.36142],[-49.67893,-19.2774],[-49.74632,-19.28439],[-49.78427,-19.33033],[-49.86737,-19.27543],[-49.96526,-19.30045],[-50.04861,-19.27296],[-50.12164,-19.19816],[-50.20117,-19.29206],[-50.35512,-19.22674],[-50.4664,-19.23345],[-50.51853,-19.27616],[-50.57835,-19.22284],[-50.74208,-19.21384]]]]}},{"type":"Feature","id":"31018","properties":{"code":"31018","name":"UberlãNdia"},"geometry":{"type":"MultiPolygon","coordinates":[[[[-47.67089,-19.03651],[-47.79809,-19.03698],[-47.81944,-19.08921],[-47.91346,-19.09659],[-47.90331,-19.26791],[-47.9296,-19.26611],[-47.95915,-19.33704],[-47.99983,-19.2554],[-48.08078,-19.24439],[-48.10756,-19.17882],[-48.1871,-19.14846],[-48.22636,-19.21809],[-48.30871,-19.28411],[-48.34298,-19.28235],[-48.31866,-19.3188],[-48.3468,-19.34645],[-48.33973,-19.39923],[-48.40131,-19.41105],[-48.41797,-19.4568],[-48.39469,-19.47845],[-48.44377,-19.51606],[-48.5167,-19.52023],[-48.56342,-19.55438],[-48.69009,-19.53413],[-48.74859,-19.55455],[-48.72781,-19.58286],[-48.745,-19.60005],[-48.844,-19.5905],[-48.8625,-19.619],[-48.96815,-19.57355],[-49.16348,-19.60345],[-49.29702,-19.53799],[-49.36566,-19.53841],[-49.36813,-19.49499],[-49.30222,-19.44223],[-49.31376,-19.4064],[-49.36962,-19.41075],[-49.34833,-19.39704],[-49.35092,-19.31578],[-49.4252,-19.261],[-49.37756,-19.12594],[-49.25242,-19.14052],[-49.22652,-19.12586],[-49.22614,-19.07421],[-49.18167,-19.07394],[-49.22763,-18.9961],[-49.22568,-18.93582],[-49.33883,-18.95318],[-49.33027,-18.86736],[-49.43458,-18.84074],[-49.36988,-18.62601],[-49.19411,-18.45245],[-49.2101,-18.41478],[-49.1613,-18.41694],[-49.12628,-18.38251],[-49.07704,-18.41678],[-48.93317,-18.30545],[-48.83713,-18.34148],[-48.81636,-18.37966],[-48.75772,-18.34476],[-48.56141,-18.32389],[-48.51565,-18.36642],[-48.48481,-18.35363],[-48.48124,-18.38014],[-48.40977,-18.35539],[-48.30808,-18.38496],[-48.27598,-18.33],[-48.16136,-18.37223],[-48.10934,-18.42913],[-48.05583,-18.41324],[-48.00933,-18.45427],[-47.98091,-18.44286],[-47.95691,-18.50021],[-47.91427,-18.46658],[-47.86818,-18.4744],[-47.8637,-18.44913],[-47.77877,-18.52195],[-47.76227,-18.58101],[-47.79567,-18.59435],[-47.80782,-18.64193],[-47.8926,-18.67603],[-47.88556,-18.79725],[-47.83845,-18.83946],[-47.72101,-18.83086],[-47.69012,-18.89034],[-47.72096,-18.93415],[-47.66987,-18.98762],[-47.67089,-19.03651]]]]}},{"type":"Feature","id":"31019","properties":{"code":"31019","name":"PatrocãNio"},"geometry":{"type":"MultiPolygon","coordinates":[[[[-46.51681,-19.32974],[-46.6523,-19.32861],[-46.74856,-19.28528],[-46.76014,-19.31216],[-46.82214,-19.31658],[-46.89693,-19.27061],[-46.9305,-19.29086],[-47.00897,-19.26157],[-47.03438,-19.21212],[-47.0813,-19.21549],[-47.08335,-19.18409],[-47.14247,-19.18765],[-47.21437,-19.1404],[-47.31246,-19.16923],[-47.33162,-19.12314],[-47.45604,-19.13951],[-47.49596,-19.13173],[-47.49974,-19.1019],[-47.57031,-19.10602],[-47.59757,-19.06317],[-47.57303,-19.01289],[-47.60951,-19.01499],[-47.70558,-18.92979],[-47.69014,-18.88981],[-47.72101,-18.83086],[-47.87374,-18.82921],[-47.8926,-18.67603],[-47.80782,-18.64193],[-47.79567,-18.59435],[-47.75793,-18.57394],[-47.86045,-18.44019],[-47.83458,-18.45127],[-47.81212,-18.40097],[-47.77902,-18.42414],[-47.7468,-18.40994],[-47.74057,-18.36384],[-47.70424,-18.38007],[-47.65757,-18.3278],[-47.62618,-18.3343],[-47.61061,-18.31334],[-47.63877,-18.28768],[-47.56757,-18.20386],[-47.53624,-18.19488],[-47.53374,-18.23071],[-47.51559,-18.19638],[-47.43004,-18.16581],[-47.42879,-18.13928],[-47.30243,-18.07374],[-47.26689,-18.00178],[-47.22305,-17.99283],[-47.15953,-17.92509],[-47.18322,-18.00047],[-47.14898,-18.04972],[-47.11525,-18.03931],[-47.08757,-18.20503],[-47.00048,-18.19356],[-46.98383,-18.22725],[-46.93435,-18.20221],[-46.92,-18.26338],[-46.97348,-18.26798],[-47.00504,-18.31409],[-46.88847,-18.48663],[-46.80277,-18.52786],[-46.81223,-18.6594],[-46.84893,-18.6686],[-46.86483,-18.71217],[-46.86023,-18.73631],[-46.81798,-18.74075],[-46.84422,-18.80174],[-46.78133,-18.82525],[-46.81614,-18.86424],[-46.79477,-18.91916],[-46.70687,-18.93901],[-46.64187,-18.87188],[-46.60919,-19.00696],[-46.50405,-18.9161],[-46.43312,-19.01318],[-46.44401,-19.03844],[-46.41255,-19.0774],[-46.47454,-19.10383],[-46.48472,-19.14856],[-46.54102,-19.18585],[-46.49624,-19.31373],[-46.51681,-19.32974]]]]}},{"type":"Feature","id":"31020","properties":{"code":"31020","name":"Patos De Minas"},"geometry":{"type":"MultiPolygon","coordinates":[[[[-45.98657,-19.64389],[-46.06266,-19.65645],[-46.10684,-19.61094],[-46.14058,-19.55237],[-46.10722,-19.52818],[-46.13412,-19.50094],[-46.10582,-19.46668],[-46.15546,-19.41024],[-46.25105,-19.44684],[-46.31076,-19.3842],[-46.39149,-19.40123],[-46.44292,-19.31253],[-46.50534,-19.30487],[-46.53982,-19.18243],[-46.41156,-19.0663],[-46.50313,-18.91668],[-46.59941,-19.00901],[-46.64134,-18.87202],[-46.70687,-18.93901],[-46.7945,-18.91955],[-46.81614,-18.86424],[-46.78133,-18.82525],[-46.84422,-18.80174],[-46.81798,-18.74075],[-46.86023,-18.73631],[-46.86483,-18.71217],[-46.84845,-18.66814],[-46.81402,-18.66468],[-46.80238,-18.52917],[-46.87128,-18.50473],[-46.93139,-18.39885],[-46.96841,-18.39755],[-46.97077,-18.3442],[-47.00504,-18.31409],[-46.97348,-18.26798],[-46.91431,-18.26343],[-46.81576,-18.31984],[-46.78578,-18.29106],[-46.74208,-18.35117],[-46.67491,-18.35801],[-46.64969,-18.40889],[-46.60908,-18.40231],[-46.53484,-18.46059],[-46.36352,-18.5263],[-46.34001,-18.5968],[-46.30046,-18.5497],[-46.25527,-18.54578],[-46.24355,-18.50608],[-46.21554,-18.55492],[-46.13922,-18.51128],[-45.99823,-18.56236],[-45.96736,-18.53046],[-45.93652,-18.56918],[-45.84587,-18.59584],[-45.80642,-18.56695],[-45.80625,-18.48504],[-45.77911,-18.4679],[-45.72611,-18.50734],[-45.63362,-18.4901],[-45.62572,-18.62086],[-45.7021,-18.76057],[-45.64342,-18.77385],[-45.63334,-18.81983],[-45.67181,-18.84749],[-45.6624,-18.897],[-45.71558,-18.96852],[-45.71206,-19.02965],[-45.74026,-19.04389],[-45.81301,-19.25858],[-45.89259,-19.39146],[-45.90261,-19.53803],[-45.98657,-19.64389]]]]}},{"type":"Feature","id":"31021","properties":{"code":"31021","name":"Frutal"},"geometry":{"type":"MultiPolygon","coordinates":[[[[-48.53744,-20.13363],[-48.64213,-20.1665],[-48.73546,-20.14959],[-48.85278,-20.17751],[-48.88876,-20.29485],[-48.86723,-20.40246],[-48.8982,-20.44187],[-48.97035,-20.38979],[-48.96179,-20.2633],[-49.00043,-20.16075],[-49.06748,-20.15474],[-49.12241,-20.27355],[-49.17256,-20.31254],[-49.2452,-20.28214],[-49.30854,-20.10389],[-49.29631,-20.01557],[-49.24762,-19.99775],[-49.25951,-19.96384],[-49.44452,-19.98051],[-49.55149,-19.90584],[-49.85557,-19.94682],[-50.01529,-19.92636],[-50.09724,-19.87548],[-50.34566,-19.86756],[-50.47192,-19.77966],[-50.57795,-19.81637],[-50.66132,-19.909],[-50.90813,-19.99426],[-51.00048,-20.08538],[-51.02115,-19.96403],[-50.99947,-19.90638],[-51.04594,-19.72905],[-50.98755,-19.58951],[-50.92439,-19.58088],[-50.96238,-19.4819],[-50.82669,-19.48747],[-50.87457,-19.41001],[-50.82266,-19.29513],[-50.73388,-19.2104],[-50.57835,-19.22284],[-50.53403,-19.27553],[-50.4664,-19.23345],[-50.35512,-19.22674],[-50.20117,-19.29206],[-50.12164,-19.19816],[-50.04861,-19.27296],[-49.96526,-19.30045],[-49.86737,-19.27543],[-49.78427,-19.33033],[-49.74632,-19.28439],[-49.67825,-19.27752],[-49.62182,-19.36155],[-49.57034,-19.33709],[-49.53062,-19.35197],[-49.47552,-19.24088],[-49.35147,-19.31486],[-49.36424,-19.41749],[-49.30722,-19.41761],[-49.30826,-19.45766],[-49.36813,-19.49499],[-49.36392,-19.5399],[-49.29702,-19.53799],[-49.16348,-19.60345],[-49.06687,-19.57164],[-48.93265,-19.57603],[-48.87774,-19.61878],[-48.844,-19.5905],[-48.82497,-19.66077],[-48.86062,-19.70455],[-48.83087,-19.81848],[-48.66083,-19.89525],[-48.59936,-19.85993],[-48.54436,-19.88993],[-48.56379,-19.97184],[-48.5285,-20.06761],[-48.53744,-20.13363]]]]}},{"type":"Feature","id":"31022","properties":{"code":"31022","name":"Uberaba"},"geometry":{"type":"MultiPolygon","coordinates":[[[[-48.53744,-20.13363],[-48.5285,-20.06761],[-48.56379,-19.97184],[-48.54436,-19.88993],[-48.59936,-19.85993],[-48.66083,-19.89525],[-48.83087,-19.81848],[-48.86062,-19.70455],[-48.82497,-19.66077],[-48.844,-19.5905],[-48.745,-19.60005],[-48.72781,-19.58286],[-48.74859,-19.55455],[-48.69009,-19.53413],[-48.56342,-19.55438],[-48.5167,-19.52023],[-48.44329,-19.51581],[-48.39469,-19.47845],[-48.41797,-19.4568],[-48.40131,-19.41105],[-48.33973,-19.39923],[-48.3468,-19.34645],[-48.31866,-19.3188],[-48.34298,-19.28235],[-48.30871,-19.28411],[-48.22636,-19.21809],[-48.1871,-19.14846],[-48.10756,-19.17882],[-48.08078,-19.24439],[-47.99983,-19.2554],[-47.95803,-19.33652],[-47.9296,-19.26611],[-47.90331,-19.26791],[-47.91346,-19.09659],[-47.86443,-19.08334],[-47.78786,-19.25406],[-47.77958,-19.49631],[-47.70193,-19.56334],[-47.615,-19.56533],[-47.5826,-19.62725],[-47.60564,-19.65411],[-47.5763,-19.76332],[-47.52573,-19.77396],[-47.51401,-19.81762],[-47.54382,-19.83537],[-47.54639,-19.89371],[-47.50269,-19.92157],[-47.48959,-19.9693],[-47.58382,-19.99666],[-47.63476,-20.04925],[-47.70841,-19.9787],[-47.85615,-19.99054],[-47.89546,-20.12526],[-47.97597,-20.03537],[-48.02016,-20.12403],[-48.10549,-20.14636],[-48.23483,-20.02828],[-48.25343,-20.07792],[-48.21775,-20.12529],[-48.24133,-20.14018],[-48.32899,-20.11273],[-48.53744,-20.13363]]]]}},{"type":"Feature","id":"31023","properties":{"code":"31023","name":"Araxã"},"geometry":{"type":"MultiPolygon","coordinates":[[[[-46.13106,-19.80113],[-46.23927,-19.78394],[-46.33444,-19.81004],[-46.31822,-19.8725],[-46.46099,-19.88435],[-46.5302,-19.85838],[-46.54658,-19.90573],[-46.58215,-19.89519],[-46.62945,-19.94219],[-46.59953,-19.9938],[-46.62838,-19.99551],[-46.62943,-20.04043],[-46.80424,-20.02555],[-46.85243,-20.11303],[-46.82171,-20.15505],[-46.91878,-20.13436],[-46.90179,-20.18161],[-47.10921,-20.2038],[-47.11595,-20.25631],[-47.07707,-20.27647],[-47.12791,-20.28621],[-47.14869,-20.23505],[-47.23107,-20.21915],[-47.26178,-20.15992],[-47.40813,-20.0802],[-47.4403,-20.04883],[-47.42955,-20.00697],[-47.5397,-19.90554],[-47.54382,-19.83537],[-47.51401,-19.81762],[-47.52573,-19.77396],[-47.5763,-19.76332],[-47.60564,-19.65411],[-47.5826,-19.62725],[-47.615,-19.56533],[-47.70193,-19.56334],[-47.77977,-19.49583],[-47.78786,-19.25406],[-47.85264,-19.09389],[-47.81944,-19.08921],[-47.79872,-19.03716],[-47.67189,-19.03799],[-47.70879,-18.92284],[-47.60951,-19.01499],[-47.57303,-19.01289],[-47.59757,-19.06317],[-47.57031,-19.10602],[-47.48829,-19.10567],[-47.49303,-19.13315],[-47.33162,-19.12314],[-47.29732,-19.1704],[-47.21437,-19.1404],[-47.14247,-19.18765],[-47.08335,-19.18409],[-47.0813,-19.21549],[-47.03438,-19.21212],[-47.00897,-19.26157],[-46.9305,-19.29086],[-46.89693,-19.27061],[-46.82214,-19.31658],[-46.76014,-19.31216],[-46.74856,-19.28528],[-46.6523,-19.32861],[-46.44335,-19.31225],[-46.39149,-19.40123],[-46.31076,-19.3842],[-46.25105,-19.44684],[-46.15546,-19.41024],[-46.10582,-19.46668],[-46.13412,-19.50094],[-46.10722,-19.52818],[-46.14046,-19.55454],[-46.06656,-19.63712],[-46.13315,-19.68025],[-46.09808,-19.70873],[-46.13106,-19.80113]]]]}},{"type":"Feature","id":"31024","properties":{"code":"31024","name":"TrãS Marias"},"geometry":{"type":"MultiPolygon","coordinates":[[[[-44.90823,-19.48652],[-44.9154,-19.45561],[-44.97971,-19.45547],[-45.05314,-19.39399],[-45.06382,-19.31393],[-45.03873,-19.29812],[-45.12832,-19.28051],[-45.15583,-19.19837],[-45.17271,-19.24156],[-45.21327,-19.2207],[-45.2357,-19.26899],[-45.347,-19.31878],[-45.42203,-19.25933],[-45.51739,-19.25454],[-45.50039,-19.22355],[-45.53267,-19.19824],[-45.62176,-19.22771],[-45.71011,-19.20104],[-45.7536,-19.22743],[-45.78407,-19.15716],[-45.71206,-19.02965],[-45.69124,-18.91591],[-45.66255,-18.89755],[-45.67181,-18.84749],[-45.63334,-18.81983],[-45.64342,-18.77385],[-45.7021,-18.76057],[-45.61552,-18.57243],[-45.64578,-18.48976],[-45.63231,-18.4202],[-45.51398,-18.31815],[-45.40785,-18.31795],[-45.31737,-18.21926],[-45.26004,-18.21427],[-45.22687,-18.15018],[-45.24518,-18.11731],[-45.18756,-18.12338],[-45.20957,-18.05354],[-45.18008,-18.03046],[-45.1926,-17.96935],[-45.11643,-17.93078],[-45.02088,-18.00517],[-45.00892,-18.06128],[-44.78989,-18.14986],[-44.73015,-18.14552],[-44.8163,-18.17791],[-44.84065,-18.24924],[-44.81109,-18.29831],[-44.86748,-18.44257],[-44.84955,-18.54586],[-44.93313,-18.50123],[-44.99485,-18.52242],[-45.04424,-18.50192],[-45.15482,-18.59542],[-45.15054,-18.66325],[-45.21023,-18.64863],[-45.23747,-18.59337],[-45.24602,-18.63182],[-45.19216,-18.71956],[-45.18592,-18.80948],[-45.1358,-18.83795],[-45.10899,-18.81504],[-45.08416,-18.85467],[-45.0502,-18.81765],[-44.98821,-18.82271],[-44.9168,-18.88472],[-44.87292,-18.84386],[-44.7883,-18.8664],[-44.75795,-18.96221],[-44.7859,-18.95425],[-44.79695,-19.00296],[-44.74974,-18.98646],[-44.68041,-19.06123],[-44.70974,-19.11054],[-44.67816,-19.14121],[-44.70695,-19.16599],[-44.67004,-19.17299],[-44.7106,-19.20981],[-44.74657,-19.34707],[-44.84726,-19.46143],[-44.90823,-19.48652]]]]}},{"type":"Feature","id":"31025","properties":{"code":"31025","name":"Curvelo"},"geometry":{"type":"MultiPolygon","coordinates":[[[[-44.68645,-19.22225],[-44.67108,-19.16601],[-44.70684,-19.16412],[-44.67741,-19.13543],[-44.70974,-19.11054],[-44.67891,-19.06959],[-44.70966,-19.04733],[-44.69384,-19.02982],[-44.7334,-19.02303],[-44.75234,-18.98545],[-44.79729,-19.00213],[-44.7859,-18.95425],[-44.75795,-18.96221],[-44.77955,-18.87374],[-44.87183,-18.84376],[-44.9168,-18.88472],[-44.98821,-18.82271],[-45.0502,-18.81765],[-45.08416,-18.85467],[-45.10899,-18.81504],[-45.13359,-18.83803],[-45.18095,-18.81263],[-45.1927,-18.71798],[-45.24391,-18.64359],[-45.238,-18.5946],[-45.21023,-18.64863],[-45.16238,-18.66726],[-45.15482,-18.59542],[-45.04424,-18.50192],[-44.99485,-18.52242],[-44.93313,-18.50123],[-44.84947,-18.54578],[-44.86756,-18.44331],[-44.81158,-18.30222],[-44.84068,-18.25064],[-44.8023,-18.19127],[-44.81813,-18.1799],[-44.74445,-18.16627],[-44.7044,-18.08181],[-44.62095,-18.05574],[-44.55387,-17.94554],[-44.52592,-18.00264],[-44.53626,-18.05455],[-44.42486,-18.07425],[-44.38448,-17.93088],[-44.30038,-17.90755],[-44.28758,-17.68379],[-44.15947,-17.65552],[-44.11605,-17.61347],[-44.085,-17.42732],[-44.00433,-17.52325],[-43.91772,-17.57192],[-43.88744,-17.63445],[-43.90129,-17.7281],[-43.76365,-17.92457],[-43.82206,-18.02879],[-43.9377,-18.06031],[-43.91773,-18.11889],[-43.99279,-18.20044],[-44.07035,-18.19587],[-44.08835,-18.22044],[-44.05281,-18.27815],[-44.00081,-18.28896],[-43.97643,-18.34197],[-44.01015,-18.35256],[-43.95371,-18.37698],[-43.8823,-18.3608],[-43.81535,-18.40307],[-43.89176,-18.45672],[-43.87821,-18.50171],[-44.06968,-18.56911],[-44.05193,-18.59161],[-44.0739,-18.61422],[-44.05654,-18.60445],[-44.02169,-18.67673],[-43.98957,-18.67316],[-43.97632,-18.74574],[-43.96036,-18.73551],[-43.97028,-18.84258],[-43.93463,-18.84261],[-43.9889,-18.87877],[-43.99572,-18.91989],[-44.0581,-18.88507],[-44.12532,-18.94774],[-44.24948,-18.96784],[-44.46004,-19.16877],[-44.52223,-19.16322],[-44.63362,-19.23215],[-44.68645,-19.22225]]]]}},{"type":"Feature","id":"31026","properties":{"code":"31026","name":"Bom Despacho"},"geometry":{"type":"MultiPolygon","coordinates":[[[[-45.45643,-20.20676],[-45.59225,-20.16522],[-45.64006,-20.05278],[-45.68912,-20.0541],[-45.7421,-19.98752],[-45.73016,-19.96858],[-45.78952,-19.95754],[-45.77974,-19.93384],[-45.82563,-19.88411],[-45.80895,-19.8462],[-45.94099,-19.69332],[-45.94963,-19.60688],[-45.88423,-19.48873],[-45.90747,-19.46611],[-45.89259,-19.39146],[-45.78407,-19.15716],[-45.7536,-19.22743],[-45.71011,-19.20104],[-45.62176,-19.22771],[-45.53267,-19.19824],[-45.50039,-19.22355],[-45.51739,-19.25454],[-45.42203,-19.25933],[-45.347,-19.31878],[-45.2357,-19.26899],[-45.21327,-19.2207],[-45.17271,-19.24156],[-45.15631,-19.1982],[-45.12832,-19.28051],[-45.03873,-19.29812],[-45.06382,-19.31393],[-45.05565,-19.39015],[-44.99109,-19.43721],[-45.00704,-19.56872],[-44.97658,-19.67138],[-44.94502,-19.67611],[-44.96379,-19.75383],[-44.9909,-19.79323],[-45.01065,-19.777],[-45.11025,-19.80586],[-45.10297,-19.90682],[-45.14858,-19.9314],[-45.14531,-19.98794],[-45.22128,-19.97236],[-45.26648,-19.90644],[-45.34069,-19.9315],[-45.39314,-19.87709],[-45.50362,-19.85444],[-45.50193,-19.89249],[-45.38026,-20.02627],[-45.40289,-20.06717],[-45.36708,-20.12674],[-45.40602,-20.15177],[-45.46,-20.12558],[-45.43951,-20.17532],[-45.45643,-20.20676]]]]}},{"type":"Feature","id":"31027","properties":{"code":"31027","name":"Sete Lagoas"},"geometry":{"type":"MultiPolygon","coordinates":[[[[-44.6465,-19.71195],[-44.66569,-19.66001],[-44.75465,-19.60627],[-44.7726,-19.54319],[-44.87675,-19.47778],[-44.74657,-19.34707],[-44.7106,-19.20981],[-44.63362,-19.23215],[-44.52223,-19.16322],[-44.46048,-19.16896],[-44.22098,-18.95106],[-44.12532,-18.94774],[-44.05759,-18.88499],[-43.99396,-18.91903],[-43.9889,-18.87877],[-43.93456,-18.84206],[-43.97028,-18.84258],[-43.96036,-18.73551],[-43.97632,-18.74574],[-44.00582,-18.65098],[-43.9216,-18.63113],[-43.84438,-18.70896],[-43.81306,-18.79734],[-43.7903,-18.77195],[-43.71374,-18.97389],[-43.73657,-19.02092],[-43.65984,-19.03004],[-43.54957,-19.1645],[-43.50746,-19.16828],[-43.50088,-19.22368],[-43.53666,-19.28368],[-43.47805,-19.41531],[-43.5135,-19.50775],[-43.54254,-19.54068],[-43.56853,-19.48376],[-43.63772,-19.56158],[-43.75555,-19.55333],[-43.78366,-19.61314],[-43.81118,-19.61307],[-43.86653,-19.55937],[-43.88169,-19.58214],[-43.91056,-19.56121],[-43.89324,-19.54151],[-43.92693,-19.53319],[-43.94276,-19.4843],[-43.98262,-19.53791],[-44.04863,-19.56242],[-44.0458,-19.59343],[-44.17667,-19.66538],[-44.24338,-19.57721],[-44.39038,-19.57895],[-44.40868,-19.63772],[-44.49637,-19.64026],[-44.49113,-19.61466],[-44.56522,-19.60424],[-44.6465,-19.71195]]]]}},{"type":"Feature","id":"31028","properties":{"code":"31028","name":"ConceiãÃO Do Mato Dentro"},"geometry":{"type":"MultiPolygon","coordinates":[[[[-43.3267,-19.51144],[-43.35634,-19.43237],[-43.44025,-19.46168],[-43.48207,-19.41916],[-43.53666,-19.28368],[-43.50088,-19.22368],[-43.50746,-19.16828],[-43.54957,-19.1645],[-43.65984,-19.03004],[-43.73657,-19.02092],[-43.71346,-18.97635],[-43.74617,-18.87572],[-43.86936,-18.6725],[-43.8234,-18.65858],[-43.79746,-18.61083],[-43.49091,-18.71813],[-43.52167,-18.59991],[-43.60909,-18.51811],[-43.57958,-18.44954],[-43.53909,-18.44311],[-43.47568,-18.3623],[-43.45005,-18.29202],[-43.33913,-18.3263],[-43.30573,-18.28075],[-43.26281,-18.30344],[-43.27301,-18.25249],[-43.23864,-18.27493],[-43.22114,-18.24526],[-43.24273,-18.1931],[-43.19405,-18.21645],[-43.13322,-18.09552],[-43.08841,-18.09916],[-43.07568,-18.06804],[-42.98029,-18.15356],[-42.91819,-18.10199],[-42.87561,-18.11433],[-42.94575,-18.23389],[-42.91155,-18.29044],[-42.87074,-18.28506],[-42.86888,-18.36404],[-43.03259,-18.40548],[-43.07946,-18.38831],[-43.11129,-18.41796],[-43.1016,-18.46839],[-43.16774,-18.48205],[-43.15258,-18.55376],[-43.2152,-18.59773],[-43.18676,-18.72278],[-43.22328,-18.72591],[-43.24659,-18.7722],[-43.21287,-18.77224],[-43.20885,-18.87261],[-43.156,-18.97087],[-43.21786,-18.97844],[-43.24488,-19.01798],[-43.23153,-19.08383],[-43.29498,-19.09771],[-43.25469,-19.13994],[-43.15858,-19.11893],[-43.09873,-19.24859],[-43.12525,-19.23712],[-43.14871,-19.31971],[-43.10789,-19.33762],[-43.10246,-19.3813],[-43.1434,-19.40196],[-43.1937,-19.38701],[-43.19969,-19.42203],[-43.29419,-19.45916],[-43.28709,-19.48475],[-43.3267,-19.51144]]]]}},{"type":"Feature","id":"31029","properties":{"code":"31029","name":"Parã De Minas"},"geometry":{"type":"MultiPolygon","coordinates":[[[[-44.34246,-19.89791],[-44.38559,-19.92443],[-44.50889,-19.92778],[-44.55162,-19.98744],[-44.63903,-19.93654],[-44.68646,-19.86995],[-44.75667,-19.89057],[-44.78599,-19.85876],[-44.78163,-19.76864],[-44.97658,-19.67138],[-45.00704,-19.56872],[-44.99345,-19.44216],[-44.92585,-19.4499],[-44.90869,-19.48655],[-44.83496,-19.48972],[-44.75031,-19.56619],[-44.75444,-19.6065],[-44.66535,-19.6604],[-44.64551,-19.71236],[-44.56522,-19.60424],[-44.49067,-19.61491],[-44.51311,-19.6352],[-44.50805,-19.66547],[-44.47759,-19.66774],[-44.49738,-19.70981],[-44.43466,-19.73963],[-44.42159,-19.80779],[-44.36964,-19.88325],[-44.3398,-19.87025],[-44.34246,-19.89791]]]]}},{"type":"Feature","id":"31030","properties":{"code":"31030","name":"Belo Horizonte"},"geometry":{"type":"MultiPolygon","coordinates":[[[[-44.11966,-20.3165],[-44.11718,-20.25075],[-44.14684,-20.22667],[-44.26675,-20.25065],[-44.27704,-20.17129],[-44.35079,-20.15973],[-44.3378,-20.11955],[-44.44499,-20.14769],[-44.50509,-20.06673],[-44.49877,-20.01274],[-44.53398,-19.95497],[-44.47948,-19.91608],[-44.38559,-19.92443],[-44.33872,-19.87562],[-44.37032,-19.88257],[-44.44502,-19.76518],[-44.43466,-19.73963],[-44.49738,-19.70981],[-44.47759,-19.66774],[-44.50834,-19.65023],[-44.40637,-19.6366],[-44.39061,-19.57898],[-44.24436,-19.57698],[-44.17667,-19.66538],[-44.0458,-19.59343],[-44.04863,-19.56242],[-43.98262,-19.53791],[-43.94128,-19.48425],[-43.88739,-19.58009],[-43.8671,-19.55916],[-43.81422,-19.61229],[-43.75967,-19.61184],[-43.77183,-19.72495],[-43.70843,-19.7466],[-43.65199,-19.73256],[-43.62886,-19.69458],[-43.59172,-19.7188],[-43.60115,-19.76414],[-43.57094,-19.73042],[-43.53815,-19.75435],[-43.51809,-19.91321],[-43.58561,-19.92516],[-43.66227,-19.99274],[-43.69517,-20.06307],[-43.66268,-20.13235],[-43.97608,-20.22269],[-43.96457,-20.25944],[-44.03516,-20.26331],[-44.0298,-20.29867],[-44.11966,-20.3165]]]]}},{"type":"Feature","id":"31031","properties":{"code":"31031","name":"Itabira"},"geometry":{"type":"MultiPolygon","coordinates":[[[[-43.58325,-20.21753],[-43.69508,-20.06159],[-43.63104,-19.95735],[-43.51868,-19.91502],[-43.53619,-19.75762],[-43.57094,-19.73042],[-43.60115,-19.76414],[-43.59172,-19.7188],[-43.62886,-19.69458],[-43.65199,-19.73256],[-43.70843,-19.7466],[-43.77183,-19.72495],[-43.76787,-19.56884],[-43.63772,-19.56158],[-43.56804,-19.48365],[-43.54227,-19.54067],[-43.47985,-19.4179],[-43.44025,-19.46168],[-43.35634,-19.43237],[-43.35985,-19.47382],[-43.31957,-19.51179],[-43.29419,-19.45916],[-43.19932,-19.42168],[-43.1937,-19.38701],[-43.11113,-19.39052],[-43.10766,-19.33803],[-43.14938,-19.31278],[-43.12525,-19.23712],[-43.09879,-19.24813],[-43.16779,-19.12925],[-43.11311,-19.12307],[-43.08339,-19.0618],[-42.9482,-19.15207],[-42.90207,-19.10958],[-42.82132,-19.1601],[-42.74737,-19.14999],[-42.79733,-19.16318],[-42.7429,-19.22905],[-42.72665,-19.32186],[-42.76485,-19.39255],[-42.8741,-19.42593],[-42.88246,-19.48073],[-42.94262,-19.53232],[-42.97896,-19.52471],[-43.01653,-19.43588],[-43.05684,-19.42513],[-43.04561,-19.56344],[-43.0169,-19.56266],[-43.00533,-19.63606],[-42.9502,-19.7141],[-42.92442,-19.69994],[-42.91075,-19.74834],[-42.79783,-19.71228],[-42.80329,-19.7881],[-42.73877,-19.79273],[-42.70413,-19.75753],[-42.6616,-19.78996],[-42.5298,-19.80879],[-42.47897,-19.75186],[-42.54971,-19.8844],[-42.63694,-19.92731],[-42.6315,-19.96196],[-42.7125,-20.0154],[-42.94404,-20.04043],[-42.98932,-20.14943],[-43.06333,-20.19199],[-43.15094,-20.16642],[-43.21859,-20.21319],[-43.25333,-20.18902],[-43.33396,-20.21145],[-43.36102,-20.20414],[-43.34509,-20.13971],[-43.42386,-20.12153],[-43.45827,-20.14357],[-43.51094,-20.12858],[-43.53817,-20.20204],[-43.58325,-20.21753]]]]}},{"type":"Feature","id":"31032","properties":{"code":"31032","name":"Itaguara"},"geometry":{"type":"MultiPolygon","coordinates":[[[[-43.91262,-20.58348],[-43.96532,-20.5971],[-44.00573,-20.56558],[-44.04304,-20.62554],[-44.13585,-20.60231],[-44.13706,-20.55581],[-44.22096,-20.51474],[-44.30301,-20.55165],[-44.31559,-20.58551],[-44.34651,-20.54158],[-44.32597,-20.50389],[-44.3804,-20.48387],[-44.3983,-20.42541],[-44.53928,-20.48646],[-44.5941,-20.45731],[-44.6589,-20.33775],[-44.56119,-20.27307],[-44.57258,-20.22849],[-44.54397,-20.16675],[-44.3378,-20.11955],[-44.35079,-20.15973],[-44.27704,-20.17129],[-44.26675,-20.25065],[-44.16421,-20.21697],[-44.11735,-20.25057],[-44.11991,-20.31642],[-44.0298,-20.29867],[-44.03516,-20.26331],[-43.96457,-20.25944],[-43.91479,-20.4284],[-43.98311,-20.52969],[-43.90871,-20.54115],[-43.91262,-20.58348]]]]}},{"type":"Feature","id":"31033","properties":{"code":"31033","name":"Ouro Preto"},"geometry":{"type":"MultiPolygon","coordinates":[[[[-43.93188,-20.41919],[-43.97608,-20.22269],[-43.65895,-20.12584],[-43.58075,-20.21776],[-43.53817,-20.20204],[-43.51094,-20.12858],[-43.45827,-20.14357],[-43.42272,-20.12154],[-43.40403,-20.143],[-43.39001,-20.12262],[-43.34509,-20.13971],[-43.36102,-20.20414],[-43.33396,-20.21145],[-43.25333,-20.18902],[-43.21882,-20.21324],[-43.19234,-20.17434],[-43.16277,-20.17723],[-43.14573,-20.23355],[-43.17779,-20.31443],[-43.13289,-20.34066],[-43.15839,-20.34554],[-43.16829,-20.40028],[-43.12494,-20.4487],[-43.07695,-20.43204],[-43.05165,-20.45154],[-43.10985,-20.50008],[-43.25085,-20.54781],[-43.30098,-20.49435],[-43.36764,-20.54963],[-43.40345,-20.54713],[-43.45852,-20.63228],[-43.60135,-20.5841],[-43.58515,-20.494],[-43.6596,-20.43375],[-43.74781,-20.46028],[-43.77582,-20.50547],[-43.8021,-20.50285],[-43.80227,-20.45309],[-43.93188,-20.41919]]]]}},{"type":"Feature","id":"31034","properties":{"code":"31034","name":"Conselheiro Lafaiete"},"geometry":{"type":"MultiPolygon","coordinates":[[[[-44.42012,-20.71633],[-44.35723,-20.60808],[-44.29998,-20.6036],[-44.30369,-20.55223],[-44.22119,-20.51476],[-44.13706,-20.55581],[-44.13585,-20.60231],[-44.04304,-20.62554],[-44.00573,-20.56558],[-43.96532,-20.5971],[-43.91283,-20.58367],[-43.90831,-20.54149],[-43.97708,-20.53883],[-43.98642,-20.50677],[-43.90416,-20.41709],[-43.80122,-20.45382],[-43.79846,-20.50425],[-43.6596,-20.43375],[-43.58515,-20.494],[-43.60135,-20.5841],[-43.44892,-20.63591],[-43.43226,-20.6814],[-43.43986,-20.71968],[-43.49685,-20.72942],[-43.49491,-20.76033],[-43.56158,-20.75414],[-43.55274,-20.77894],[-43.60732,-20.85499],[-43.64042,-20.83552],[-43.76516,-20.85037],[-43.79701,-20.88385],[-43.89435,-20.88513],[-43.92196,-20.92759],[-43.97451,-20.88135],[-44.00234,-20.80006],[-44.13771,-20.78652],[-44.1397,-20.74591],[-44.18604,-20.75456],[-44.23722,-20.72235],[-44.36011,-20.71112],[-44.38284,-20.75686],[-44.42012,-20.71633]]]]}},{"type":"Feature","id":"31035","properties":{"code":"31035","name":"GuanhãEs"},"geometry":{"type":"MultiPolygon","coordinates":[[[[-43.26773,-19.13751],[-43.29498,-19.09771],[-43.23153,-19.08383],[-43.24452,-19.0171],[-43.21673,-18.97755],[-43.156,-18.97087],[-43.20885,-18.87261],[-43.21287,-18.77224],[-43.24659,-18.7722],[-43.22328,-18.72591],[-43.18676,-18.72278],[-43.2152,-18.59773],[-43.15237,-18.5533],[-43.16774,-18.48205],[-43.1016,-18.46839],[-43.11129,-18.41796],[-43.079,-18.3881],[-43.03259,-18.40548],[-42.86888,-18.36404],[-42.86714,-18.29119],[-42.91198,-18.29014],[-42.94565,-18.22144],[-42.83368,-18.09439],[-42.81977,-18.19041],[-42.76062,-18.21603],[-42.80668,-18.24043],[-42.72446,-18.28941],[-42.69544,-18.41493],[-42.70824,-18.54504],[-42.68555,-18.58714],[-42.71877,-18.65373],[-42.63389,-18.66377],[-42.61789,-18.7097],[-42.53012,-18.73358],[-42.30128,-18.73957],[-42.32827,-18.75188],[-42.3595,-18.92363],[-42.48469,-18.96266],[-42.48749,-18.93745],[-42.59575,-18.96241],[-42.61801,-18.99538],[-42.59332,-19.05058],[-42.70937,-19.10525],[-42.73666,-19.16793],[-42.7581,-19.14469],[-42.82132,-19.1601],[-42.90207,-19.10958],[-42.9482,-19.15207],[-43.07291,-19.05943],[-43.11311,-19.12307],[-43.26773,-19.13751]]]]}},{"type":"Feature","id":"31036","properties":{"code":"31036","name":"PeãAnha"},"geometry":{"type":"MultiPolygon","coordinates":[[[[-42.53012,-18.73358],[-42.61789,-18.7097],[-42.63389,-18.66377],[-42.71968,-18.65199],[-42.68555,-18.58714],[-42.70824,-18.54504],[-42.69544,-18.41493],[-42.72446,-18.28941],[-42.80668,-18.24043],[-42.76062,-18.21603],[-42.81977,-18.19041],[-42.82891,-18.09784],[-42.70415,-18.0928],[-42.60528,-17.98959],[-42.5683,-17.98638],[-42.56195,-17.94789],[-42.52059,-17.96293],[-42.48449,-17.9235],[-42.46834,-17.81242],[-42.3789,-17.81079],[-42.3741,-17.7664],[-42.2897,-17.77976],[-42.2637,-17.79234],[-42.26944,-17.87679],[-42.17761,-18.00118],[-42.07226,-18.08631],[-42.04516,-18.19093],[-42.08874,-18.21126],[-42.06606,-18.26142],[-42.20013,-18.22015],[-42.19031,-18.31317],[-42.1273,-18.39838],[-42.20313,-18.41101],[-42.21163,-18.38381],[-42.2876,-18.38422],[-42.32605,-18.35545],[-42.38567,-18.37457],[-42.40932,-18.477],[-42.37088,-18.52215],[-42.4445,-18.52549],[-42.4579,-18.56698],[-42.4347,-18.56107],[-42.41913,-18.61027],[-42.36212,-18.64619],[-42.35177,-18.74425],[-42.53012,-18.73358]]]]}},{"type":"Feature","id":"31037","properties":{"code":"31037","name":"Governador Valadares"},"geometry":{"type":"MultiPolygon","coordinates":[[[[-42.1483,-19.32827],[-42.23236,-19.15596],[-42.15269,-19.09521],[-42.13555,-19.0363],[-42.19709,-18.98244],[-42.24549,-18.99376],[-42.30191,-18.9611],[-42.31541,-18.98704],[-42.35538,-18.96046],[-42.36742,-18.90172],[-42.32677,-18.81937],[-42.32827,-18.75188],[-42.30128,-18.73957],[-42.35177,-18.74425],[-42.36212,-18.64619],[-42.45773,-18.56455],[-42.4331,-18.51987],[-42.37088,-18.52215],[-42.40932,-18.477],[-42.38484,-18.37339],[-42.32605,-18.35545],[-42.2876,-18.38422],[-42.21163,-18.38381],[-42.20313,-18.41101],[-42.12672,-18.39805],[-42.19031,-18.31317],[-42.19985,-18.2198],[-42.06606,-18.26142],[-42.09111,-18.22204],[-42.04516,-18.19093],[-42.059,-18.1482],[-41.99381,-18.10935],[-41.91522,-18.11722],[-41.83476,-18.04146],[-41.79926,-17.93959],[-41.69502,-17.89528],[-41.59572,-17.96753],[-41.56771,-18.02157],[-41.61826,-18.07118],[-41.61174,-18.11417],[-41.66196,-18.12752],[-41.63708,-18.21152],[-41.56795,-18.26448],[-41.45434,-18.26297],[-41.43361,-18.24018],[-41.42593,-18.28097],[-41.34498,-18.26628],[-41.28787,-18.31279],[-41.32514,-18.34195],[-41.32057,-18.50512],[-41.36569,-18.49912],[-41.38235,-18.53472],[-41.47951,-18.51333],[-41.53973,-18.58151],[-41.46337,-18.69005],[-41.37782,-18.70123],[-41.39591,-18.73733],[-41.34446,-18.77328],[-41.36046,-18.82874],[-41.29985,-18.82649],[-41.26779,-18.88284],[-41.35909,-19.024],[-41.47475,-19.00674],[-41.53188,-19.03759],[-41.52379,-19.06713],[-41.56189,-19.06191],[-41.54984,-19.09953],[-41.61707,-19.11478],[-41.63583,-19.19505],[-41.69245,-19.20573],[-41.67647,-19.23991],[-41.70393,-19.27325],[-41.76997,-19.26409],[-41.78775,-19.21693],[-41.94519,-19.24187],[-41.95793,-19.21896],[-41.92246,-19.17089],[-41.96694,-19.14007],[-42.00793,-19.17018],[-42.01507,-19.23255],[-42.08669,-19.24421],[-42.1483,-19.32827]]]]}},{"type":"Feature","id":"31038","properties":{"code":"31038","name":"Mantena"},"geometry":{"type":"MultiPolygon","coordinates":[[[[-40.93666,-18.83105],[-41.09747,-18.84231],[-41.13413,-18.79604],[-41.23254,-18.79728],[-41.25999,-18.868],[-41.30079,-18.82609],[-41.35665,-18.83178],[-41.34592,-18.76692],[-41.39591,-18.73733],[-41.37782,-18.70123],[-41.46413,-18.68947],[-41.53814,-18.57498],[-41.47951,-18.51333],[-41.38235,-18.53472],[-41.36569,-18.49912],[-41.32057,-18.50512],[-41.29796,-18.44858],[-41.26959,-18.50248],[-41.18184,-18.43958],[-41.02303,-18.45726],[-41.05292,-18.6312],[-40.9415,-18.68929],[-40.91592,-18.81266],[-40.93666,-18.83105]]]]}},{"type":"Feature","id":"31039","properties":{"code":"31039","name":"Ipatinga"},"geometry":{"type":"MultiPolygon","coordinates":[[[[-42.91075,-19.74834],[-42.92442,-19.69994],[-42.9502,-19.7141],[-43.00533,-19.63606],[-43.0169,-19.56266],[-43.04541,-19.5639],[-43.05776,-19.42624],[-43.01653,-19.43588],[-42.97896,-19.52471],[-42.94262,-19.53232],[-42.88246,-19.48073],[-42.8741,-19.42593],[-42.76519,-19.39292],[-42.72665,-19.32186],[-42.7429,-19.22905],[-42.79733,-19.16318],[-42.719,-19.16278],[-42.70937,-19.10525],[-42.59332,-19.05058],[-42.61112,-18.97399],[-42.55597,-18.93957],[-42.48703,-18.9376],[-42.4852,-18.96272],[-42.36747,-18.92455],[-42.31541,-18.98704],[-42.30191,-18.9611],[-42.24549,-18.99376],[-42.19709,-18.98244],[-42.13555,-19.0363],[-42.15269,-19.09521],[-42.35194,-19.26857],[-42.3685,-19.32849],[-42.41858,-19.33205],[-42.43779,-19.46208],[-42.5212,-19.49979],[-42.50089,-19.52689],[-42.52247,-19.57517],[-42.49184,-19.57855],[-42.48131,-19.64381],[-42.50156,-19.68142],[-42.48844,-19.78313],[-42.57172,-19.80837],[-42.70627,-19.75751],[-42.77738,-19.79484],[-42.8061,-19.78577],[-42.80009,-19.71153],[-42.91075,-19.74834]]]]}},{"type":"Feature","id":"31040","properties":{"code":"31040","name":"Caratinga"},"geometry":{"type":"MultiPolygon","coordinates":[[[[-42.55074,-19.88576],[-42.47446,-19.77428],[-42.52167,-19.50086],[-42.43779,-19.46208],[-42.41858,-19.33205],[-42.3685,-19.32849],[-42.35194,-19.26857],[-42.23236,-19.15596],[-42.14772,-19.3284],[-42.08669,-19.24421],[-42.01507,-19.23255],[-42.00793,-19.17018],[-41.96694,-19.14007],[-41.92246,-19.17089],[-41.95793,-19.21896],[-41.94519,-19.24187],[-41.78424,-19.21741],[-41.76997,-19.26409],[-41.68815,-19.27782],[-41.69331,-19.32088],[-41.83533,-19.45912],[-41.76277,-19.47432],[-41.78017,-19.49705],[-41.75536,-19.5085],[-41.69915,-19.49839],[-41.6636,-19.45469],[-41.65239,-19.5102],[-41.66764,-19.55083],[-41.74661,-19.59592],[-41.81115,-19.58013],[-41.80172,-19.62154],[-41.83814,-19.63533],[-41.80982,-19.65795],[-41.84045,-19.68776],[-41.77818,-19.75289],[-41.80243,-19.83295],[-41.89205,-19.88684],[-41.9736,-19.88036],[-41.97017,-19.93805],[-42.01484,-19.91601],[-42.05639,-19.95063],[-42.07552,-19.93713],[-42.12556,-20.01908],[-42.16313,-19.99006],[-42.17642,-19.92515],[-42.35287,-19.92881],[-42.37158,-19.85934],[-42.43732,-19.85445],[-42.47382,-19.90897],[-42.55074,-19.88576]]]]}},{"type":"Feature","id":"31041","properties":{"code":"31041","name":"AimorãS"},"geometry":{"type":"MultiPolygon","coordinates":[[[[-41.41186,-20.2061],[-41.45327,-20.12155],[-41.50241,-20.10869],[-41.50373,-20.05717],[-41.55966,-20.03311],[-41.54801,-19.99493],[-41.63015,-19.9929],[-41.66015,-19.94103],[-41.71982,-19.99778],[-41.801,-19.9924],[-41.80695,-19.94848],[-41.84204,-19.94148],[-41.77818,-19.75289],[-41.84045,-19.68776],[-41.80982,-19.65795],[-41.83814,-19.63533],[-41.80172,-19.62154],[-41.81115,-19.58013],[-41.74661,-19.59592],[-41.65189,-19.52891],[-41.6636,-19.45469],[-41.69915,-19.49839],[-41.75536,-19.5085],[-41.78017,-19.49705],[-41.76277,-19.47432],[-41.83533,-19.45912],[-41.69302,-19.32048],[-41.70379,-19.27116],[-41.67647,-19.23991],[-41.69683,-19.21424],[-41.63583,-19.19505],[-41.61707,-19.11478],[-41.54984,-19.09953],[-41.56189,-19.06191],[-41.52379,-19.06713],[-41.53188,-19.03759],[-41.47373,-19.00655],[-41.35957,-19.02426],[-41.26968,-18.86808],[-41.16636,-18.85823],[-41.0615,-18.96769],[-41.01691,-18.97464],[-41.06705,-19.00699],[-41.06556,-19.05133],[-40.944,-19.144],[-40.92267,-19.20409],[-40.93902,-19.24848],[-40.91618,-19.25893],[-40.94444,-19.28063],[-40.90769,-19.30881],[-40.96824,-19.42574],[-40.94469,-19.46096],[-40.97224,-19.50529],[-41.04669,-19.4874],[-41.03686,-19.57046],[-41.16847,-19.67222],[-41.18519,-19.88993],[-41.24447,-19.93734],[-41.30269,-19.93806],[-41.34752,-20.12391],[-41.41186,-20.2061]]]]}},{"type":"Feature","id":"31042","properties":{"code":"31042","name":"Piuã"},"geometry":{"type":"MultiPolygon","coordinates":[[[[-46.92994,-20.15627],[-46.91794,-20.13431],[-46.82171,-20.15505],[-46.85243,-20.11303],[-46.80424,-20.02555],[-46.62921,-20.04027],[-46.62838,-19.99551],[-46.59953,-19.9938],[-46.62945,-19.94219],[-46.58215,-19.89519],[-46.54658,-19.90573],[-46.52961,-19.8581],[-46.46099,-19.88435],[-46.3187,-19.87256],[-46.33444,-19.81004],[-46.23927,-19.78394],[-46.1394,-19.81081],[-46.09808,-19.70873],[-46.13335,-19.68166],[-46.11869,-19.66329],[-46.00975,-19.65573],[-45.94659,-19.60639],[-45.94083,-19.69378],[-45.80895,-19.8462],[-45.82563,-19.88411],[-45.77974,-19.93384],[-45.78952,-19.95754],[-45.73016,-19.96858],[-45.7421,-19.98752],[-45.68912,-20.0541],[-45.64027,-20.05263],[-45.62976,-20.08123],[-45.65759,-20.11767],[-45.65872,-20.29475],[-45.82133,-20.28957],[-45.79995,-20.31051],[-45.83457,-20.34701],[-45.83563,-20.42423],[-45.88856,-20.4534],[-45.89006,-20.54084],[-45.92623,-20.5359],[-45.96079,-20.58891],[-46.04407,-20.53846],[-46.05634,-20.55673],[-46.10443,-20.53266],[-46.15019,-20.56946],[-46.22191,-20.50548],[-46.28879,-20.56015],[-46.34459,-20.55203],[-46.41734,-20.48396],[-46.42273,-20.4142],[-46.52094,-20.3576],[-46.56489,-20.3664],[-46.70386,-20.27195],[-46.77437,-20.2771],[-46.7775,-20.21562],[-46.87034,-20.17657],[-46.89697,-20.19238],[-46.92994,-20.15627]]]]}},{"type":"Feature","id":"31043","properties":{"code":"31043","name":"DivinãPolis"},"geometry":{"type":"MultiPolygon","coordinates":[[[[-44.73854,-20.55545],[-44.89252,-20.4715],[-44.90407,-20.2592],[-44.96285,-20.32324],[-45.09503,-20.38412],[-45.12747,-20.36379],[-45.11793,-20.25622],[-45.15433,-20.18099],[-45.19279,-20.23726],[-45.24874,-20.20282],[-45.30777,-20.22677],[-45.35117,-20.26921],[-45.33686,-20.33361],[-45.38573,-20.31899],[-45.45965,-20.21905],[-45.4395,-20.1756],[-45.46,-20.12558],[-45.40602,-20.15177],[-45.36708,-20.12674],[-45.40289,-20.06717],[-45.38026,-20.02627],[-45.50193,-19.89249],[-45.50362,-19.85444],[-45.39314,-19.87709],[-45.34069,-19.9315],[-45.26648,-19.90644],[-45.22128,-19.97236],[-45.15067,-19.99044],[-45.13876,-19.91296],[-45.10297,-19.90682],[-45.11025,-19.80586],[-45.01065,-19.777],[-44.99044,-19.79297],[-44.93907,-19.6887],[-44.78163,-19.76864],[-44.78599,-19.85876],[-44.75667,-19.89057],[-44.68646,-19.86995],[-44.63765,-19.93755],[-44.51503,-19.98192],[-44.50509,-20.06673],[-44.44499,-20.14769],[-44.54397,-20.16675],[-44.57258,-20.22849],[-44.56119,-20.27307],[-44.6589,-20.33775],[-44.62964,-20.38669],[-44.63949,-20.44653],[-44.71777,-20.48165],[-44.69984,-20.53688],[-44.73854,-20.55545]]]]}},{"type":"Feature","id":"31044","properties":{"code":"31044","name":"Formiga"},"geometry":{"type":"MultiPolygon","coordinates":[[[[-45.08523,-20.74435],[-45.13699,-20.71281],[-45.14674,-20.6683],[-45.26683,-20.65022],[-45.29182,-20.67063],[-45.47734,-20.66565],[-45.49663,-20.69542],[-45.57935,-20.68516],[-45.72896,-20.73637],[-45.96763,-20.58812],[-45.92623,-20.5359],[-45.89005,-20.54082],[-45.88856,-20.4534],[-45.83573,-20.42444],[-45.83457,-20.34701],[-45.80076,-20.31377],[-45.82133,-20.28957],[-45.65872,-20.29475],[-45.65759,-20.11767],[-45.62684,-20.07047],[-45.59319,-20.16442],[-45.45643,-20.20676],[-45.38573,-20.31899],[-45.33686,-20.33361],[-45.35127,-20.26967],[-45.32618,-20.24096],[-45.24902,-20.20281],[-45.18912,-20.23615],[-45.15433,-20.18099],[-45.11793,-20.25622],[-45.12747,-20.36379],[-45.09503,-20.38412],[-44.96285,-20.32324],[-44.90389,-20.25938],[-44.89216,-20.47072],[-45.01055,-20.4983],[-45.01687,-20.61738],[-45.04759,-20.63399],[-45.08523,-20.74435]]]]}},{"type":"Feature","id":"31045","properties":{"code":"31045","name":"Campo Belo"},"geometry":{"type":"MultiPolygon","coordinates":[[[[-44.96834,-21.12693],[-45.04469,-21.14527],[-45.04043,-21.10342],[-45.07507,-21.10805],[-45.14355,-21.18727],[-45.15638,-21.11335],[-45.21173,-21.06865],[-45.23244,-21.08215],[-45.2045,-21.13627],[-45.22925,-21.14052],[-45.27844,-21.12739],[-45.25563,-21.08536],[-45.2843,-21.04504],[-45.39442,-21.07777],[-45.41902,-21.02257],[-45.47294,-21.01929],[-45.53912,-20.93643],[-45.59723,-20.93165],[-45.61405,-20.86803],[-45.67994,-20.861],[-45.67554,-20.80429],[-45.73372,-20.73472],[-45.57935,-20.68516],[-45.49663,-20.69542],[-45.48529,-20.66824],[-45.40409,-20.65274],[-45.35749,-20.67387],[-45.26683,-20.65022],[-45.14674,-20.6683],[-45.13844,-20.71084],[-45.10495,-20.71636],[-45.06465,-20.80953],[-44.99959,-20.87068],[-45.02044,-20.90693],[-45.07584,-20.92022],[-45.06801,-21.01883],[-45.04253,-21.04364],[-44.97417,-21.02923],[-44.93707,-21.075],[-44.96834,-21.12693]]]]}},{"type":"Feature","id":"31046","properties":{"code":"31046","name":"Oliveira"},"geometry":{"type":"MultiPolygon","coordinates":[[[[-44.75774,-21.2358],[-44.83597,-21.20347],[-44.86202,-21.15604],[-44.91139,-21.17725],[-44.97523,-21.02837],[-45.04253,-21.04364],[-45.06755,-21.02048],[-45.07584,-20.92022],[-44.99713,-20.88057],[-45.02716,-20.8214],[-45.06465,-20.80953],[-45.08532,-20.74403],[-45.04759,-20.63399],[-45.01687,-20.61738],[-45.01055,-20.4983],[-44.88591,-20.47082],[-44.73942,-20.55558],[-44.69984,-20.53688],[-44.71777,-20.48165],[-44.65641,-20.46946],[-44.62813,-20.40518],[-44.53748,-20.48669],[-44.39854,-20.4253],[-44.3804,-20.48387],[-44.32597,-20.50389],[-44.34646,-20.5418],[-44.29955,-20.60279],[-44.35723,-20.60808],[-44.4333,-20.77337],[-44.5122,-20.83362],[-44.56112,-20.80393],[-44.61728,-20.81451],[-44.65156,-20.87183],[-44.70881,-20.84842],[-44.6585,-20.90089],[-44.66349,-20.98288],[-44.61825,-21.0913],[-44.70521,-21.11983],[-44.70758,-21.19682],[-44.75774,-21.2358]]]]}},{"type":"Feature","id":"31047","properties":{"code":"31047","name":"Passos"},"geometry":{"type":"MultiPolygon","coordinates":[[[[-45.96819,-20.59146],[-46.02236,-20.69173],[-46.09479,-20.6949],[-46.16681,-20.80092],[-46.24671,-20.83217],[-46.28766,-20.94541],[-46.34755,-20.93655],[-46.3583,-20.9896],[-46.41118,-20.96207],[-46.4574,-20.97373],[-46.42491,-21.02765],[-46.43695,-21.05602],[-46.54961,-21.08704],[-46.64182,-21.00422],[-46.61281,-20.97245],[-46.65412,-20.92575],[-46.63071,-20.91137],[-46.64534,-20.8921],[-46.79811,-20.97572],[-46.80455,-20.91923],[-46.84511,-20.91548],[-46.98502,-20.75966],[-47.07661,-20.71315],[-47.15115,-20.52205],[-47.29212,-20.44904],[-47.29821,-20.34844],[-47.23075,-20.21838],[-47.15083,-20.2335],[-47.12026,-20.28675],[-47.07707,-20.27647],[-47.11595,-20.25631],[-47.10921,-20.2038],[-46.87034,-20.17657],[-46.77688,-20.2162],[-46.77437,-20.2771],[-46.70386,-20.27195],[-46.56489,-20.3664],[-46.52094,-20.3576],[-46.42273,-20.4142],[-46.41734,-20.48396],[-46.34459,-20.55203],[-46.28879,-20.56015],[-46.22191,-20.50548],[-46.15019,-20.56946],[-46.10443,-20.53266],[-46.05634,-20.55673],[-46.04407,-20.53846],[-45.96819,-20.59146]]]]}},{"type":"Feature","id":"31048","properties":{"code":"31048","name":"SãO SebastiãO Do ParaãSo"},"geometry":{"type":"MultiPolygon","coordinates":[[[[-46.3225,-21.57319],[-46.41939,-21.57055],[-46.42866,-21.54167],[-46.49501,-21.58931],[-46.51905,-21.44895],[-46.61526,-21.44147],[-46.6504,-21.36292],[-46.70596,-21.40484],[-46.76471,-21.36006],[-46.83215,-21.36654],[-46.92078,-21.42713],[-47.01151,-21.42227],[-46.99727,-21.35123],[-47.07729,-21.24022],[-47.06221,-21.20917],[-47.09926,-21.21419],[-47.11879,-21.18575],[-47.14781,-20.97249],[-47.24004,-20.88528],[-47.16891,-20.70302],[-47.1153,-20.7072],[-47.10098,-20.68204],[-47.01801,-20.73447],[-46.84532,-20.91532],[-46.80455,-20.91923],[-46.79811,-20.97572],[-46.64534,-20.8921],[-46.63071,-20.91137],[-46.65412,-20.92575],[-46.61281,-20.97245],[-46.64182,-21.00422],[-46.55036,-21.08684],[-46.43695,-21.05602],[-46.42491,-21.02765],[-46.4574,-20.97373],[-46.41118,-20.96207],[-46.3583,-20.9896],[-46.35614,-21.06343],[-46.28686,-21.1195],[-46.30509,-21.17909],[-46.34927,-21.17936],[-46.24092,-21.25537],[-46.24214,-21.32475],[-46.20142,-21.34475],[-46.24041,-21.42174],[-46.20935,-21.44781],[-46.29912,-21.47074],[-46.3583,-21.52848],[-46.3225,-21.57319]]]]}},{"type":"Feature","id":"31049","properties":{"code":"31049","name":"Alfenas"},"geometry":{"type":"MultiPolygon","coordinates":[[[[-45.87961,-21.9085],[-45.95762,-21.92516],[-45.98667,-21.88464],[-46.07962,-21.86868],[-46.08018,-21.83935],[-46.14534,-21.78976],[-46.1023,-21.74316],[-46.11665,-21.70072],[-46.084,-21.65248],[-46.13803,-21.63241],[-46.16254,-21.57974],[-46.2299,-21.59078],[-46.25296,-21.55412],[-46.33206,-21.57189],[-46.35826,-21.52898],[-46.29912,-21.47074],[-46.20935,-21.44781],[-46.24041,-21.42174],[-46.20141,-21.34553],[-46.24214,-21.32475],[-46.24077,-21.25555],[-46.34927,-21.17936],[-46.30509,-21.17909],[-46.28686,-21.1195],[-46.35614,-21.06343],[-46.3583,-20.9896],[-46.34773,-20.93675],[-46.28766,-20.94541],[-46.251,-20.89216],[-46.25739,-20.84415],[-46.19131,-20.79716],[-46.16681,-20.80092],[-46.16957,-20.84422],[-46.1255,-20.81589],[-46.06346,-20.82295],[-46.05066,-20.86319],[-45.94486,-20.88635],[-45.93928,-20.92966],[-45.89487,-20.9219],[-45.92828,-20.99966],[-45.9035,-21.0221],[-45.96176,-21.08303],[-45.97342,-21.14004],[-45.94779,-21.16497],[-45.95327,-21.23909],[-45.84705,-21.29188],[-45.82932,-21.3968],[-45.72809,-21.42337],[-45.70916,-21.45234],[-45.68428,-21.43396],[-45.66012,-21.46288],[-45.65705,-21.60071],[-45.69133,-21.61325],[-45.68592,-21.65624],[-45.72329,-21.65601],[-45.70513,-21.67804],[-45.729,-21.7074],[-45.707,-21.75245],[-45.72598,-21.76131],[-45.69304,-21.77567],[-45.78614,-21.82324],[-45.83882,-21.7894],[-45.87961,-21.9085]]]]}},{"type":"Feature","id":"31050","properties":{"code":"31050","name":"Varginha"},"geometry":{"type":"MultiPolygon","coordinates":[[[[-44.8848,-21.83679],[-44.97441,-21.85293],[-45.03865,-21.78013],[-45.08071,-21.77191],[-45.12325,-21.78149],[-45.11041,-21.84594],[-45.1417,-21.86768],[-45.2138,-21.76682],[-45.26719,-21.82306],[-45.32677,-21.79521],[-45.36376,-21.84549],[-45.34151,-21.93553],[-45.43624,-21.97736],[-45.4876,-21.9077],[-45.4989,-21.79697],[-45.68727,-21.71773],[-45.72328,-21.6575],[-45.68592,-21.65624],[-45.69133,-21.61325],[-45.65705,-21.60071],[-45.66082,-21.46146],[-45.82932,-21.3968],[-45.84705,-21.29188],[-45.95327,-21.23909],[-45.94779,-21.16497],[-45.97342,-21.14004],[-45.96176,-21.08303],[-45.9035,-21.0221],[-45.92828,-20.99966],[-45.89487,-20.9219],[-45.93928,-20.92966],[-45.94486,-20.88635],[-46.05066,-20.86319],[-46.06346,-20.82295],[-46.1255,-20.81589],[-46.17087,-20.84337],[-46.12944,-20.71779],[-46.02546,-20.69433],[-45.96763,-20.58812],[-45.92139,-20.60635],[-45.73372,-20.73472],[-45.67554,-20.80429],[-45.68195,-20.85875],[-45.61405,-20.86803],[-45.59571,-20.93304],[-45.53912,-20.93643],[-45.47294,-21.01929],[-45.41902,-21.02257],[-45.39442,-21.07777],[-45.34211,-21.06866],[-45.30532,-21.17663],[-45.34848,-21.18804],[-45.39942,-21.29765],[-45.27265,-21.37674],[-45.12852,-21.34525],[-45.10644,-21.39314],[-45.04616,-21.41859],[-45.06592,-21.50653],[-45.03687,-21.63192],[-44.87811,-21.62774],[-44.88865,-21.75612],[-44.85446,-21.79741],[-44.89184,-21.8103],[-44.8848,-21.83679]]]]}},{"type":"Feature","id":"31051","properties":{"code":"31051","name":"PoãOs De Caldas"},"geometry":{"type":"MultiPolygon","coordinates":[[[[-46.46492,-22.5228],[-46.54215,-22.49436],[-46.55481,-22.44665],[-46.6664,-22.41524],[-46.66092,-22.36604],[-46.72326,-22.30662],[-46.67384,-22.17562],[-46.59853,-22.13639],[-46.64675,-22.09189],[-46.72342,-22.0769],[-46.66479,-22.06886],[-46.67557,-22.02237],[-46.61326,-22.01496],[-46.67378,-21.91105],[-46.64754,-21.88046],[-46.69097,-21.83696],[-46.62603,-21.76623],[-46.62159,-21.67554],[-46.56463,-21.67868],[-46.51184,-21.56538],[-46.48137,-21.58846],[-46.42787,-21.54171],[-46.41983,-21.57032],[-46.35439,-21.58808],[-46.2527,-21.55416],[-46.2299,-21.59078],[-46.16254,-21.57974],[-46.13803,-21.63241],[-46.084,-21.65248],[-46.11665,-21.70072],[-46.1023,-21.74316],[-46.14534,-21.78976],[-46.08029,-21.85804],[-46.13712,-21.9433],[-46.13016,-21.97594],[-46.23983,-22.07398],[-46.23748,-22.181],[-46.29951,-22.22714],[-46.22176,-22.2365],[-46.23534,-22.26733],[-46.21049,-22.28502],[-46.24842,-22.40692],[-46.27139,-22.42419],[-46.2842,-22.381],[-46.30055,-22.41222],[-46.37758,-22.37441],[-46.41563,-22.39356],[-46.41944,-22.46862],[-46.46492,-22.5228]]]]}},{"type":"Feature","id":"31052","properties":{"code":"31052","name":"Pouso Alegre"},"geometry":{"type":"MultiPolygon","coordinates":[[[[-46.34522,-22.90468],[-46.38419,-22.86997],[-46.33454,-22.7603],[-46.47889,-22.69828],[-46.47042,-22.67324],[-46.39306,-22.66297],[-46.43373,-22.57457],[-46.40615,-22.54146],[-46.46087,-22.51094],[-46.41944,-22.46862],[-46.42875,-22.40726],[-46.37782,-22.3745],[-46.30142,-22.4122],[-46.28204,-22.38148],[-46.27116,-22.42428],[-46.24842,-22.40692],[-46.21049,-22.28502],[-46.23534,-22.26733],[-46.22176,-22.2365],[-46.29951,-22.22714],[-46.23748,-22.181],[-46.23983,-22.07398],[-46.13016,-21.97594],[-46.13712,-21.9433],[-46.08052,-21.85824],[-45.98757,-21.90929],[-45.96457,-21.98496],[-45.90407,-22.00088],[-45.92909,-22.08646],[-45.89601,-22.08826],[-45.89791,-22.11751],[-45.81665,-22.11634],[-45.84785,-22.13257],[-45.84811,-22.18968],[-45.87543,-22.19593],[-45.84577,-22.23746],[-45.84861,-22.34292],[-45.92586,-22.41321],[-45.96339,-22.60295],[-45.93172,-22.64696],[-45.95884,-22.69144],[-45.87921,-22.66988],[-45.88317,-22.60601],[-45.83885,-22.62865],[-45.71916,-22.62001],[-45.69483,-22.65261],[-45.81993,-22.72272],[-45.72814,-22.72368],[-45.71302,-22.81303],[-45.75492,-22.79291],[-45.78188,-22.85526],[-45.83967,-22.83252],[-45.88852,-22.87601],[-45.9123,-22.81638],[-46.00795,-22.8895],[-46.13909,-22.92276],[-46.14502,-22.85719],[-46.34522,-22.90468]]]]}},{"type":"Feature","id":"31053","properties":{"code":"31053","name":"Santa Rita Do Sapucaã"},"geometry":{"type":"MultiPolygon","coordinates":[[[[-45.8833,-22.50035],[-45.88921,-22.46375],[-45.93209,-22.46203],[-45.92586,-22.41321],[-45.85064,-22.35336],[-45.84577,-22.23746],[-45.8771,-22.20355],[-45.81669,-22.1161],[-45.89699,-22.11793],[-45.89601,-22.08826],[-45.92892,-22.087],[-45.90394,-22.00108],[-45.96781,-21.98232],[-45.98727,-21.9097],[-46.03209,-21.88625],[-45.98667,-21.88464],[-45.95762,-21.92516],[-45.87817,-21.90796],[-45.83882,-21.7894],[-45.78614,-21.82324],[-45.69571,-21.78039],[-45.72603,-21.76108],[-45.7045,-21.67816],[-45.61951,-21.75969],[-45.56737,-21.75058],[-45.56809,-21.78513],[-45.4989,-21.79697],[-45.4876,-21.9077],[-45.43624,-21.97736],[-45.49007,-22.00774],[-45.45308,-22.0419],[-45.4586,-22.08193],[-45.37168,-22.07132],[-45.32463,-22.10463],[-45.3938,-22.16798],[-45.37017,-22.26045],[-45.44948,-22.32564],[-45.44989,-22.35832],[-45.54261,-22.37175],[-45.60422,-22.29343],[-45.65912,-22.27547],[-45.70039,-22.4998],[-45.7727,-22.46614],[-45.82284,-22.50879],[-45.8833,-22.50035]]]]}},{"type":"Feature","id":"31054","properties":{"code":"31054","name":"SãO LourenãO"},"geometry":{"type":"MultiPolygon","coordinates":[[[[-44.65629,-22.36921],[-44.72599,-22.35902],[-44.83365,-22.43126],[-45.10283,-22.48991],[-45.00902,-22.30944],[-45.0245,-22.26227],[-45.07361,-22.23687],[-45.06493,-22.17498],[-45.17944,-22.19885],[-45.23379,-22.15346],[-45.23163,-22.11488],[-45.29265,-22.13244],[-45.37119,-22.07142],[-45.4586,-22.08193],[-45.45308,-22.0419],[-45.48999,-22.00751],[-45.34439,-21.93997],[-45.35286,-21.81212],[-45.31084,-21.79524],[-45.26719,-21.82306],[-45.2138,-21.76682],[-45.1417,-21.86768],[-45.11041,-21.84594],[-45.12325,-21.78149],[-45.08042,-21.77188],[-45.03865,-21.78013],[-44.97441,-21.85293],[-44.8847,-21.83684],[-44.8356,-21.90948],[-44.75476,-21.85685],[-44.74692,-21.95641],[-44.67267,-22.05753],[-44.67925,-22.13555],[-44.55976,-22.16005],[-44.6066,-22.22553],[-44.60553,-22.27841],[-44.6661,-22.3202],[-44.65629,-22.36921]]]]}},{"type":"Feature","id":"31055","properties":{"code":"31055","name":"AndrelãNdia"},"geometry":{"type":"MultiPolygon","coordinates":[[[[-44.6623,-22.38038],[-44.6661,-22.3202],[-44.60553,-22.27841],[-44.6066,-22.22553],[-44.55976,-22.16005],[-44.67925,-22.13555],[-44.67267,-22.05753],[-44.74692,-21.95641],[-44.7543,-21.85708],[-44.83537,-21.90953],[-44.89633,-21.82934],[-44.85446,-21.79741],[-44.88865,-21.75612],[-44.87103,-21.60551],[-44.80432,-21.58645],[-44.65302,-21.64084],[-44.49662,-21.57652],[-44.44236,-21.51785],[-44.38143,-21.5926],[-44.27039,-21.57673],[-44.23972,-21.61242],[-44.22085,-21.56677],[-44.16071,-21.54008],[-44.15337,-21.65951],[-44.06926,-21.67277],[-44.09866,-21.87701],[-44.07036,-21.92611],[-44.00086,-21.91016],[-43.97693,-21.95666],[-44.0002,-22.02233],[-44.05141,-22.03236],[-44.07983,-21.99524],[-44.12327,-21.99588],[-44.20763,-22.07067],[-44.18798,-22.09378],[-44.22295,-22.12749],[-44.19325,-22.13631],[-44.17937,-22.22851],[-44.20124,-22.2512],[-44.45664,-22.25723],[-44.53258,-22.3307],[-44.61004,-22.32656],[-44.6623,-22.38038]]]]}},{"type":"Feature","id":"31056","properties":{"code":"31056","name":"Itajubã"},"geometry":{"type":"MultiPolygon","coordinates":[[[[-45.95872,-22.69167],[-45.93172,-22.64696],[-45.96336,-22.61724],[-45.94523,-22.50191],[-45.89371,-22.46229],[-45.8833,-22.50035],[-45.82284,-22.50879],[-45.7727,-22.46614],[-45.70039,-22.4998],[-45.65912,-22.27547],[-45.60422,-22.29343],[-45.54261,-22.37175],[-45.48247,-22.37841],[-45.3744,-22.26962],[-45.3638,-22.22377],[-45.3938,-22.16798],[-45.35121,-22.12341],[-45.23163,-22.11488],[-45.23379,-22.15346],[-45.17865,-22.19911],[-45.06493,-22.17498],[-45.07361,-22.23687],[-45.0245,-22.26227],[-45.00899,-22.30832],[-45.06273,-22.38839],[-45.05354,-22.42795],[-45.27424,-22.61624],[-45.40608,-22.65331],[-45.47386,-22.58889],[-45.4888,-22.62879],[-45.53991,-22.65258],[-45.58437,-22.65169],[-45.55536,-22.62644],[-45.57652,-22.6017],[-45.66618,-22.6512],[-45.67872,-22.57329],[-45.71845,-22.57799],[-45.74728,-22.62493],[-45.88317,-22.60601],[-45.87921,-22.66988],[-45.95872,-22.69167]]]]}},{"type":"Feature","id":"31057","properties":{"code":"31057","name":"Lavras"},"geometry":{"type":"MultiPolygon","coordinates":[[[[-44.43853,-21.50665],[-44.49662,-21.57652],[-44.65302,-21.64084],[-44.80774,-21.58619],[-44.90989,-21.64194],[-45.03687,-21.63192],[-45.06592,-21.50653],[-45.04634,-21.41841],[-45.10644,-21.39314],[-45.12852,-21.34525],[-45.27265,-21.37674],[-45.39942,-21.29765],[-45.34848,-21.18804],[-45.30532,-21.17663],[-45.33925,-21.12947],[-45.34047,-21.06482],[-45.28234,-21.04597],[-45.25563,-21.08536],[-45.27844,-21.12739],[-45.23041,-21.14053],[-45.2045,-21.13627],[-45.23244,-21.08215],[-45.21129,-21.06888],[-45.15638,-21.11335],[-45.14355,-21.18727],[-45.07507,-21.10805],[-45.04058,-21.10324],[-45.03424,-21.14569],[-44.94756,-21.10904],[-44.93178,-21.15258],[-44.89972,-21.15985],[-44.91139,-21.17725],[-44.86202,-21.15604],[-44.80897,-21.22149],[-44.6909,-21.21702],[-44.65574,-21.28211],[-44.59762,-21.30823],[-44.61363,-21.34249],[-44.57386,-21.30914],[-44.52699,-21.33566],[-44.51128,-21.35593],[-44.5337,-21.39137],[-44.44724,-21.4378],[-44.46652,-21.45708],[-44.43853,-21.50665]]]]}},{"type":"Feature","id":"31058","properties":{"code":"31058","name":"SãO JoãO Del Rei"},"geometry":{"type":"MultiPolygon","coordinates":[[[[-44.06736,-21.72957],[-44.07578,-21.66251],[-44.15337,-21.65951],[-44.15429,-21.54496],[-44.22085,-21.56677],[-44.23972,-21.61242],[-44.27039,-21.57673],[-44.38143,-21.5926],[-44.46157,-21.51634],[-44.43841,-21.50637],[-44.46652,-21.45708],[-44.44707,-21.43801],[-44.53355,-21.39164],[-44.52699,-21.33566],[-44.57386,-21.30914],[-44.61312,-21.34281],[-44.59762,-21.30823],[-44.65574,-21.28211],[-44.69069,-21.21715],[-44.72383,-21.2249],[-44.70521,-21.11983],[-44.61825,-21.0913],[-44.66349,-20.98288],[-44.6585,-20.90089],[-44.70845,-20.84801],[-44.65156,-20.87183],[-44.61728,-20.81451],[-44.56112,-20.80393],[-44.5122,-20.83362],[-44.43352,-20.77369],[-44.42132,-20.71252],[-44.38284,-20.75686],[-44.36011,-20.71112],[-44.23722,-20.72235],[-44.18604,-20.75456],[-44.1397,-20.74591],[-44.13771,-20.78652],[-44.00234,-20.80006],[-43.97451,-20.88135],[-43.92225,-20.92819],[-43.99511,-20.99025],[-43.92636,-21.08789],[-43.95704,-21.15416],[-44.01339,-21.16083],[-44.00163,-21.22048],[-44.02858,-21.25553],[-43.98841,-21.29742],[-44.02337,-21.33618],[-44.00381,-21.36784],[-44.08535,-21.42463],[-44.05095,-21.4509],[-44.05049,-21.49421],[-44.06007,-21.52754],[-44.0913,-21.53146],[-44.03884,-21.60049],[-43.94767,-21.65042],[-44.01023,-21.65915],[-43.98762,-21.6969],[-44.06736,-21.72957]]]]}},{"type":"Feature","id":"31059","properties":{"code":"31059","name":"Barbacena"},"geometry":{"type":"MultiPolygon","coordinates":[[[[-44.04181,-21.52798],[-44.05095,-21.4509],[-44.08911,-21.43537],[-44.00381,-21.36784],[-44.02337,-21.33618],[-43.98825,-21.29576],[-44.02875,-21.25376],[-44.00163,-21.22048],[-44.01339,-21.16083],[-43.95704,-21.15416],[-43.92636,-21.08789],[-43.99348,-20.9826],[-43.89861,-20.91692],[-43.89553,-20.88576],[-43.79701,-20.88385],[-43.781,-20.8541],[-43.64042,-20.83552],[-43.56377,-20.87041],[-43.52256,-20.93629],[-43.58066,-20.94471],[-43.5316,-20.99637],[-43.51815,-21.04545],[-43.54155,-21.05867],[-43.51044,-21.06161],[-43.51661,-21.0931],[-43.46868,-21.14406],[-43.41723,-21.15814],[-43.4523,-21.17576],[-43.44119,-21.25067],[-43.5064,-21.3156],[-43.55653,-21.30655],[-43.63948,-21.38203],[-43.70774,-21.40312],[-43.64892,-21.49721],[-43.69216,-21.52525],[-43.69337,-21.58589],[-43.74013,-21.5313],[-43.81462,-21.52616],[-43.83361,-21.50042],[-43.92267,-21.5026],[-43.97979,-21.54377],[-44.04181,-21.52798]]]]}},{"type":"Feature","id":"31060","properties":{"code":"31060","name":"Ponte Nova"},"geometry":{"type":"MultiPolygon","coordinates":[[[[-43.12139,-20.60328],[-43.15676,-20.51],[-43.05165,-20.45154],[-43.07695,-20.43204],[-43.12494,-20.4487],[-43.16829,-20.40028],[-43.15839,-20.34554],[-43.13289,-20.34066],[-43.18209,-20.28882],[-43.14573,-20.23355],[-43.15481,-20.16827],[-43.06259,-20.19173],[-42.98932,-20.14943],[-42.94404,-20.04043],[-42.7125,-20.0154],[-42.6315,-19.96196],[-42.63694,-19.92731],[-42.55094,-19.88554],[-42.46666,-19.9073],[-42.42941,-19.8521],[-42.37041,-19.85978],[-42.35287,-19.92881],[-42.17642,-19.92515],[-42.16027,-19.98272],[-42.20065,-20.00809],[-42.21009,-20.0896],[-42.24794,-20.08384],[-42.31071,-20.14279],[-42.39354,-20.12469],[-42.43825,-20.19361],[-42.50669,-20.19702],[-42.55497,-20.26594],[-42.55558,-20.35565],[-42.5135,-20.36996],[-42.5266,-20.42495],[-42.4914,-20.40677],[-42.40326,-20.44961],[-42.38557,-20.50851],[-42.40813,-20.57832],[-42.48632,-20.55727],[-42.54154,-20.6082],[-42.60877,-20.60593],[-42.64216,-20.55228],[-42.76271,-20.51698],[-42.74822,-20.47678],[-42.77193,-20.45168],[-42.81359,-20.46792],[-42.82579,-20.51347],[-42.86418,-20.48523],[-42.8697,-20.56055],[-42.94717,-20.61641],[-42.93559,-20.66752],[-43.02034,-20.65551],[-43.01971,-20.60026],[-43.07955,-20.58154],[-43.12139,-20.60328]]]]}},{"type":"Feature","id":"31061","properties":{"code":"31061","name":"ManhuaãU"},"geometry":{"type":"MultiPolygon","coordinates":[[[[-42.40368,-20.58197],[-42.40326,-20.44961],[-42.4914,-20.40677],[-42.5266,-20.42495],[-42.5135,-20.36996],[-42.55558,-20.35565],[-42.55406,-20.26414],[-42.50669,-20.19702],[-42.43825,-20.19361],[-42.39354,-20.12469],[-42.31071,-20.14279],[-42.24794,-20.08384],[-42.21027,-20.08976],[-42.19634,-20.00234],[-42.16322,-19.98985],[-42.12556,-20.01908],[-42.07552,-19.93713],[-42.05639,-19.95063],[-42.01484,-19.91601],[-41.96975,-19.93784],[-41.9736,-19.88036],[-41.89205,-19.88684],[-41.80085,-19.8323],[-41.80869,-19.89411],[-41.84386,-19.92511],[-41.80296,-19.95408],[-41.80749,-19.98952],[-41.71982,-19.99778],[-41.66015,-19.94103],[-41.63015,-19.9929],[-41.54801,-19.99493],[-41.55966,-20.03311],[-41.50373,-20.05717],[-41.50241,-20.10869],[-41.45327,-20.12155],[-41.41114,-20.20737],[-41.75675,-20.20687],[-41.77998,-20.29229],[-41.84851,-20.33048],[-41.85951,-20.37284],[-41.80339,-20.42224],[-41.79944,-20.47728],[-41.8476,-20.49063],[-41.87092,-20.57027],[-41.89892,-20.58064],[-41.95957,-20.53636],[-41.97928,-20.57449],[-42.20744,-20.43123],[-42.27706,-20.54804],[-42.34329,-20.54267],[-42.36987,-20.58667],[-42.40368,-20.58197]]]]}},{"type":"Feature","id":"31062","properties":{"code":"31062","name":"ViãOsa"},"geometry":{"type":"MultiPolygon","coordinates":[[[[-43.49804,-21.11499],[-43.51028,-21.06181],[-43.54155,-21.05867],[-43.51815,-21.04545],[-43.5317,-20.99617],[-43.58092,-20.94937],[-43.52264,-20.93606],[-43.56377,-20.87041],[-43.6188,-20.85709],[-43.55274,-20.77894],[-43.56158,-20.75414],[-43.5195,-20.77164],[-43.49287,-20.72571],[-43.43665,-20.71647],[-43.45063,-20.59526],[-43.30098,-20.49435],[-43.2511,-20.54778],[-43.15729,-20.51161],[-43.12098,-20.60366],[-43.07955,-20.58154],[-43.01946,-20.60036],[-43.02107,-20.65485],[-42.96669,-20.67842],[-42.92818,-20.65975],[-42.93683,-20.59808],[-42.8697,-20.56055],[-42.86418,-20.48523],[-42.82579,-20.51347],[-42.81359,-20.46792],[-42.77216,-20.45171],[-42.74985,-20.46526],[-42.76271,-20.51698],[-42.64216,-20.55228],[-42.60877,-20.60593],[-42.54154,-20.6082],[-42.48632,-20.55727],[-42.3791,-20.58896],[-42.41715,-20.66692],[-42.46955,-20.69016],[-42.49526,-20.84064],[-42.60639,-20.98425],[-42.65764,-20.89501],[-42.72093,-20.89542],[-42.73038,-20.86115],[-42.85121,-20.88064],[-42.88444,-20.84585],[-42.94749,-20.92426],[-42.94694,-20.98575],[-42.99228,-20.9274],[-43.03689,-20.92942],[-43.07996,-20.8158],[-43.15195,-20.84901],[-43.1519,-20.91866],[-43.24306,-20.97134],[-43.24338,-21.08353],[-43.29824,-21.06168],[-43.35543,-21.09422],[-43.36053,-21.14899],[-43.39537,-21.16679],[-43.49804,-21.11499]]]]}},{"type":"Feature","id":"31063","properties":{"code":"31063","name":"Muriaã"},"geometry":{"type":"MultiPolygon","coordinates":[[[[-42.7505,-21.20649],[-42.49526,-20.84064],[-42.46955,-20.69016],[-42.41715,-20.66692],[-42.34848,-20.54432],[-42.27706,-20.54804],[-42.2084,-20.43139],[-41.97399,-20.57593],[-41.95957,-20.53636],[-41.89892,-20.58064],[-41.87092,-20.57027],[-41.82542,-20.48326],[-41.80445,-20.54341],[-41.85669,-20.61577],[-41.8073,-20.64369],[-41.88032,-20.7806],[-41.92874,-20.79433],[-41.97593,-20.93555],[-42.09379,-20.93563],[-42.15095,-20.97403],[-42.07992,-21.0351],[-42.16369,-21.10068],[-42.20807,-21.17822],[-42.18972,-21.25051],[-42.22849,-21.28165],[-42.22423,-21.33781],[-42.25575,-21.34991],[-42.39907,-21.30062],[-42.42751,-21.25412],[-42.46329,-21.26949],[-42.53265,-21.23046],[-42.5288,-21.20268],[-42.62157,-21.24396],[-42.7505,-21.20649]]]]}},{"type":"Feature","id":"31064","properties":{"code":"31064","name":"Ubã"},"geometry":{"type":"MultiPolygon","coordinates":[[[[-43.29516,-21.43474],[-43.35285,-21.35775],[-43.3242,-21.2965],[-43.44477,-21.24807],[-43.4523,-21.17576],[-43.36202,-21.15092],[-43.35597,-21.09486],[-43.29824,-21.06168],[-43.24338,-21.08353],[-43.24857,-20.98321],[-43.20468,-20.93048],[-43.1519,-20.91866],[-43.15195,-20.84901],[-43.0633,-20.82313],[-43.08173,-20.85948],[-43.04248,-20.88186],[-43.03689,-20.92942],[-42.99228,-20.9274],[-42.94663,-20.98581],[-42.94749,-20.92426],[-42.88498,-20.84587],[-42.85121,-20.88064],[-42.73038,-20.86115],[-42.72093,-20.89542],[-42.65764,-20.89501],[-42.6115,-20.98681],[-42.62195,-21.03588],[-42.69069,-21.09408],[-42.77076,-21.26934],[-42.81375,-21.2607],[-42.84034,-21.40277],[-42.90887,-21.36514],[-42.96484,-21.39734],[-43.03692,-21.39455],[-43.07862,-21.44056],[-43.15859,-21.3912],[-43.1668,-21.42657],[-43.25842,-21.41234],[-43.25971,-21.43862],[-43.29516,-21.43474]]]]}},{"type":"Feature","id":"31065","properties":{"code":"31065","name":"Juiz De Fora"},"geometry":{"type":"MultiPolygon","coordinates":[[[[-44.18535,-22.22464],[-44.19325,-22.13631],[-44.22295,-22.12749],[-44.18798,-22.09378],[-44.20763,-22.07067],[-44.12327,-21.99588],[-44.07983,-21.99524],[-44.05141,-22.03236],[-44.0002,-22.02233],[-43.97693,-21.95666],[-44.0066,-21.90669],[-44.07056,-21.92596],[-44.09984,-21.80321],[-44.07653,-21.79682],[-44.06343,-21.71766],[-43.98749,-21.69672],[-44.01317,-21.66138],[-43.9488,-21.64211],[-44.05423,-21.58697],[-44.08601,-21.5186],[-43.97979,-21.54377],[-43.92267,-21.5026],[-43.83361,-21.50042],[-43.81462,-21.52616],[-43.74013,-21.5313],[-43.69337,-21.58589],[-43.69216,-21.52525],[-43.64892,-21.49721],[-43.70774,-21.40312],[-43.63948,-21.38203],[-43.55653,-21.30655],[-43.50661,-21.31572],[-43.42943,-21.24774],[-43.3242,-21.2965],[-43.35285,-21.35775],[-43.29516,-21.43474],[-43.25971,-21.43862],[-43.25842,-21.41234],[-43.1668,-21.42657],[-43.15859,-21.3912],[-43.07862,-21.44056],[-43.03692,-21.39455],[-42.89426,-21.37252],[-42.9126,-21.40451],[-42.87564,-21.46088],[-42.90971,-21.51586],[-42.86025,-21.50926],[-42.8467,-21.53523],[-42.86844,-21.61563],[-42.91963,-21.67147],[-42.86833,-21.70333],[-42.88314,-21.7281],[-42.84973,-21.75933],[-42.89444,-21.8124],[-42.88502,-21.901],[-42.9325,-21.97027],[-42.90963,-21.99072],[-43.13556,-22.10988],[-43.15474,-22.07754],[-43.12854,-22.02931],[-43.20295,-22.03744],[-43.24547,-22.00657],[-43.34831,-22.00211],[-43.44825,-22.06709],[-43.51236,-22.05919],[-43.56114,-22.08844],[-43.58567,-22.05153],[-43.61289,-22.0823],[-43.64643,-22.06485],[-43.73414,-22.09709],[-43.76571,-22.06218],[-44.18535,-22.22464]]]]}},{"type":"Feature","id":"31066","properties":{"code":"31066","name":"Cataguases"},"geometry":{"type":"MultiPolygon","coordinates":[[[[-42.90963,-21.99072],[-42.9325,-21.97027],[-42.88502,-21.901],[-42.89444,-21.8124],[-42.84974,-21.75887],[-42.88314,-21.7281],[-42.86833,-21.70333],[-42.91964,-21.67066],[-42.86844,-21.61563],[-42.8467,-21.53498],[-42.86025,-21.50926],[-42.90971,-21.51586],[-42.87564,-21.46065],[-42.91258,-21.40378],[-42.88748,-21.36885],[-42.84034,-21.40277],[-42.81375,-21.2607],[-42.77076,-21.26934],[-42.76024,-21.20774],[-42.62157,-21.24396],[-42.5288,-21.20268],[-42.53603,-21.22664],[-42.47804,-21.26343],[-42.42774,-21.25404],[-42.39907,-21.30062],[-42.23556,-21.34293],[-42.23752,-21.40216],[-42.27531,-21.40418],[-42.29212,-21.45924],[-42.25462,-21.48698],[-42.36912,-21.61946],[-42.34007,-21.66201],[-42.27376,-21.67741],[-42.26665,-21.71447],[-42.90963,-21.99072]]]]}},{"type":"Feature","id":"32001","properties":{"code":"32001","name":"Barra De SãO Francisco"},"geometry":{"type":"MultiPolygon","coordinates":[[[[-41.07862,-18.94769],[-41.16348,-18.8595],[-41.20843,-18.85505],[-41.21478,-18.87764],[-41.23936,-18.85865],[-41.23254,-18.79728],[-41.13413,-18.79604],[-41.09747,-18.84231],[-40.96391,-18.84117],[-40.91592,-18.81266],[-40.9415,-18.68929],[-41.05292,-18.6312],[-41.02065,-18.4586],[-41.18209,-18.43925],[-41.14375,-18.40646],[-41.15892,-18.30824],[-41.09719,-18.25658],[-41.10445,-18.21328],[-41.05608,-18.16662],[-40.98948,-18.17065],[-40.98032,-18.14136],[-40.95454,-18.15449],[-40.89311,-18.10788],[-40.84508,-18.14981],[-40.7715,-18.15594],[-40.7733,-18.10756],[-40.90282,-17.98771],[-40.80816,-17.95205],[-40.77177,-18.00339],[-40.66339,-18.01183],[-40.61323,-18.10622],[-40.55751,-18.11574],[-40.54947,-18.22862],[-40.61884,-18.2875],[-40.60207,-18.34483],[-40.57368,-18.34524],[-40.60802,-18.41525],[-40.51546,-18.48562],[-40.61842,-18.49769],[-40.77039,-18.59498],[-40.8052,-18.58588],[-40.78016,-18.62045],[-40.73284,-18.58738],[-40.72552,-18.67533],[-40.6829,-18.68941],[-40.7233,-18.70538],[-40.71911,-18.75717],[-40.77453,-18.79679],[-40.76402,-18.85115],[-40.8594,-18.86021],[-40.906,-18.94046],[-41.07862,-18.94769]]]]}},{"type":"Feature","id":"32002","properties":{"code":"32002","name":"Nova VenãCia"},"geometry":{"type":"MultiPolygon","coordinates":[[[[-40.69125,-19.14994],[-40.68571,-19.11041],[-40.71751,-19.09744],[-40.70358,-19.06096],[-40.75754,-18.99844],[-40.78887,-19.02578],[-40.85875,-19.02167],[-40.85785,-18.94037],[-40.906,-18.94046],[-40.8594,-18.86021],[-40.76402,-18.85115],[-40.77453,-18.79679],[-40.71911,-18.75717],[-40.7233,-18.70538],[-40.6829,-18.68941],[-40.72552,-18.67533],[-40.73284,-18.58738],[-40.78016,-18.62045],[-40.8052,-18.58588],[-40.77039,-18.59498],[-40.61842,-18.49769],[-40.51546,-18.48562],[-40.60778,-18.41635],[-40.57035,-18.3598],[-40.52652,-18.36541],[-40.48507,-18.41333],[-40.45091,-18.40672],[-40.48629,-18.36639],[-40.35489,-18.37776],[-40.26781,-18.49584],[-40.17651,-18.47137],[-40.12473,-18.48778],[-40.20757,-18.58274],[-40.28427,-18.5768],[-40.33608,-18.72818],[-40.39452,-18.78177],[-40.40107,-18.8513],[-40.26302,-18.83701],[-40.20556,-18.88518],[-40.29037,-19.07782],[-40.39532,-19.08578],[-40.46582,-19.04431],[-40.55089,-19.04304],[-40.68354,-19.10388],[-40.69125,-19.14994]]]]}},{"type":"Feature","id":"32003","properties":{"code":"32003","name":"Colatina"},"geometry":{"type":"MultiPolygon","coordinates":[[[[-41.11552,-19.79447],[-41.18821,-19.75669],[-41.16847,-19.67222],[-41.03686,-19.57046],[-41.04669,-19.4874],[-40.97224,-19.50529],[-40.94469,-19.46096],[-40.96824,-19.42574],[-40.90769,-19.30881],[-40.94444,-19.28063],[-40.91618,-19.25893],[-40.93902,-19.24848],[-40.92267,-19.20409],[-40.944,-19.144],[-41.06556,-19.05133],[-41.06705,-19.00699],[-41.01683,-18.97632],[-41.06486,-18.94504],[-40.85785,-18.94037],[-40.85875,-19.02167],[-40.78887,-19.02578],[-40.75754,-18.99844],[-40.70358,-19.06096],[-40.71751,-19.09744],[-40.68571,-19.11041],[-40.69125,-19.14994],[-40.68354,-19.10388],[-40.55089,-19.04304],[-40.3696,-19.08195],[-40.41102,-19.14029],[-40.39554,-19.15844],[-40.43746,-19.28845],[-40.4898,-19.2884],[-40.53059,-19.34269],[-40.48007,-19.36455],[-40.43352,-19.43467],[-40.43136,-19.49311],[-40.37566,-19.53122],[-40.37096,-19.61836],[-40.48458,-19.63949],[-40.52734,-19.7156],[-40.55252,-19.71266],[-40.67277,-19.62248],[-40.76978,-19.65034],[-40.78309,-19.58057],[-40.85298,-19.6174],[-40.84903,-19.55946],[-40.93874,-19.61786],[-40.92116,-19.69551],[-40.98303,-19.73505],[-40.99577,-19.80398],[-41.05388,-19.76251],[-41.11552,-19.79447]]]]}},{"type":"Feature","id":"32004","properties":{"code":"32004","name":"Montanha"},"geometry":{"type":"MultiPolygon","coordinates":[[[[-39.94653,-18.42381],[-40.04301,-18.44478],[-40.09062,-18.48825],[-40.17651,-18.47137],[-40.26471,-18.49613],[-40.35489,-18.37776],[-40.48629,-18.36639],[-40.45091,-18.40672],[-40.48507,-18.41333],[-40.53761,-18.3604],[-40.58185,-18.37034],[-40.61884,-18.2875],[-40.54947,-18.22862],[-40.55695,-18.11717],[-40.61323,-18.10622],[-40.66177,-18.01291],[-40.61345,-17.93973],[-40.52704,-17.89194],[-40.46419,-17.9282],[-40.34552,-17.92378],[-40.22235,-17.98042],[-40.20793,-18.02418],[-40.0942,-18.10739],[-40.08741,-18.17867],[-40.12991,-18.27418],[-39.96541,-18.29752],[-39.94653,-18.42381]]]]}},{"type":"Feature","id":"32005","properties":{"code":"32005","name":"SãO Mateus"},"geometry":{"type":"MultiPolygon","coordinates":[[[[-39.75149,-19.15861],[-39.87411,-19.11191],[-39.8814,-19.04722],[-39.92873,-19.0605],[-39.99993,-18.99587],[-40.17959,-18.94984],[-40.26263,-18.83711],[-40.40169,-18.85092],[-40.39452,-18.78177],[-40.33608,-18.72818],[-40.28427,-18.5768],[-40.20757,-18.58274],[-40.12471,-18.48859],[-39.93683,-18.41192],[-39.96541,-18.29752],[-40.12991,-18.27418],[-40.08741,-18.17867],[-40.0942,-18.10739],[-40.20793,-18.02418],[-40.22196,-17.98066],[-39.66663,-18.33154],[-39.72856,-18.50039],[-39.75032,-18.84172],[-39.71897,-19.09702],[-39.75149,-19.15861]]]]}},{"type":"Feature","id":"32006","properties":{"code":"32006","name":"Linhares"},"geometry":{"type":"MultiPolygon","coordinates":[[[[-40.35667,-20.04879],[-40.44725,-19.9949],[-40.5327,-19.79767],[-40.5151,-19.67507],[-40.46852,-19.63216],[-40.37105,-19.61844],[-40.38907,-19.56446],[-40.36821,-19.55028],[-40.43136,-19.49311],[-40.43352,-19.43467],[-40.48007,-19.36455],[-40.53059,-19.34269],[-40.4898,-19.2884],[-40.43746,-19.28845],[-40.37433,-19.07711],[-40.29099,-19.0785],[-40.20543,-18.90667],[-40.17959,-18.94984],[-39.99993,-18.99587],[-39.93004,-19.05998],[-39.87754,-19.04959],[-39.88482,-19.09707],[-39.83536,-19.13998],[-39.75149,-19.15861],[-39.71897,-19.09702],[-39.69278,-19.34126],[-39.80763,-19.6486],[-39.91164,-19.68704],[-40.03403,-19.78812],[-40.13967,-19.94917],[-40.15897,-20.03858],[-40.19357,-20.05551],[-40.22415,-20.02304],[-40.24033,-20.0452],[-40.30269,-20.02253],[-40.35667,-20.04879]]]]}},{"type":"Feature","id":"32007","properties":{"code":"32007","name":"Afonso ClãUdio"},"geometry":{"type":"MultiPolygon","coordinates":[[[[-40.54376,-20.40286],[-40.6152,-20.41388],[-40.63281,-20.47137],[-40.70259,-20.43208],[-40.76072,-20.50452],[-40.81582,-20.52314],[-40.81226,-20.48284],[-40.85524,-20.49179],[-40.96097,-20.43006],[-41.00182,-20.42668],[-41.00533,-20.46967],[-41.05102,-20.48106],[-41.10639,-20.40303],[-41.21753,-20.44684],[-41.20974,-20.48648],[-41.27947,-20.48669],[-41.30963,-20.51613],[-41.31038,-20.42533],[-41.36186,-20.32098],[-41.31719,-20.30109],[-41.31163,-20.26519],[-41.35034,-20.23901],[-41.34726,-20.19848],[-41.39903,-20.23419],[-41.41558,-20.20736],[-41.34752,-20.12391],[-41.30269,-19.93806],[-41.24447,-19.93734],[-41.18519,-19.88993],[-41.17424,-19.76266],[-41.11552,-19.79447],[-41.04319,-19.76413],[-41.00874,-19.80444],[-40.94098,-19.80501],[-40.95967,-19.85307],[-40.92445,-19.90188],[-40.94904,-19.90486],[-40.97054,-19.97704],[-40.94588,-20.08322],[-41.03634,-20.13239],[-41.00266,-20.21444],[-40.98066,-20.22744],[-40.96714,-20.19116],[-40.8971,-20.20318],[-40.76635,-20.15278],[-40.74528,-20.18884],[-40.68169,-20.18845],[-40.59606,-20.24346],[-40.5949,-20.36268],[-40.54376,-20.40286]]]]}},{"type":"Feature","id":"32008","properties":{"code":"32008","name":"Santa Teresa"},"geometry":{"type":"MultiPolygon","coordinates":[[[[-40.37335,-20.21488],[-40.46346,-20.21777],[-40.59293,-20.27143],[-40.63385,-20.21588],[-40.74528,-20.18884],[-40.76635,-20.15278],[-40.8971,-20.20318],[-40.96714,-20.19116],[-40.98066,-20.22744],[-41.00266,-20.21444],[-41.03634,-20.13239],[-40.94645,-20.08503],[-40.97054,-19.97704],[-40.94904,-19.90486],[-40.92445,-19.90188],[-40.95967,-19.85307],[-40.94098,-19.80501],[-40.99656,-19.79548],[-40.98303,-19.73505],[-40.92116,-19.69551],[-40.93847,-19.6175],[-40.84301,-19.56012],[-40.85298,-19.6174],[-40.78309,-19.58057],[-40.76978,-19.65034],[-40.67277,-19.62248],[-40.52545,-19.71623],[-40.53031,-19.80636],[-40.41623,-20.01664],[-40.43618,-20.13648],[-40.37335,-20.21488]]]]}},{"type":"Feature","id":"32009","properties":{"code":"32009","name":"VitãRia"},"geometry":{"type":"MultiPolygon","coordinates":[[[[-40.3582,-20.52463],[-40.35808,-20.52418],[-40.35741,-20.52393],[-40.35675,-20.52412],[-40.35707,-20.52469],[-40.3577,-20.52479],[-40.3582,-20.52463]]],[[[-29.3464,-20.50158],[-29.32528,-20.49159],[-29.29936,-20.50807],[-29.32836,-20.51086],[-29.3464,-20.50158]]],[[[-28.84099,-20.47115],[-28.83807,-20.47411],[-28.84079,-20.47594],[-28.84368,-20.47519],[-28.84268,-20.47155],[-28.84099,-20.47115]]],[[[-28.83796,-20.46041],[-28.83609,-20.46319],[-28.83843,-20.46525],[-28.83976,-20.46236],[-28.83796,-20.46041]]],[[[-28.84223,-20.45681],[-28.84172,-20.45895],[-28.84391,-20.45977],[-28.84435,-20.45805],[-28.84223,-20.45681]]],[[[-40.31232,-20.42145],[-40.3119,-20.4208],[-40.3109,-20.42108],[-40.31158,-20.42211],[-40.31232,-20.42145]]],[[[-40.29835,-20.38085],[-40.29649,-20.37984],[-40.29535,-20.38145],[-40.29626,-20.38207],[-40.29779,-20.38268],[-40.29835,-20.38085]]],[[[-40.27933,-20.36441],[-40.27847,-20.36425],[-40.27802,-20.36493],[-40.27888,-20.36533],[-40.27949,-20.36487],[-40.27933,-20.36441]]],[[[-40.28102,-20.36308],[-40.28059,-20.36242],[-40.2796,-20.3627],[-40.28022,-20.36356],[-40.28102,-20.36308]]],[[[-40.28209,-20.35444],[-40.28167,-20.35379],[-40.28067,-20.35407],[-40.28135,-20.3551],[-40.28208,-20.35447],[-40.28209,-20.35444]]],[[[-40.25433,-20.35357],[-40.25391,-20.35291],[-40.25291,-20.35319],[-40.25359,-20.35423],[-40.25433,-20.35357]]],[[[-40.25219,-20.35139],[-40.25133,-20.35124],[-40.25088,-20.35192],[-40.2516,-20.35251],[-40.25234,-20.35185],[-40.25219,-20.35139]]],[[[-40.27256,-20.33462],[-40.2717,-20.33447],[-40.27125,-20.33515],[-40.27197,-20.33574],[-40.27271,-20.33508],[-40.27256,-20.33462]]],[[[-40.27187,-20.3325],[-40.27101,-20.33235],[-40.27056,-20.33303],[-40.27128,-20.33362],[-40.27202,-20.33296],[-40.27187,-20.3325]]],[[[-40.2697,-20.33162],[-40.26884,-20.33146],[-40.26839,-20.33214],[-40.26912,-20.33273],[-40.26986,-20.33207],[-40.2697,-20.33162]]],[[[-40.26981,-20.32066],[-40.26895,-20.3205],[-40.2685,-20.32118],[-40.26922,-20.32178],[-40.26996,-20.32112],[-40.26981,-20.32066]]],[[[-40.27307,-20.3206],[-40.27188,-20.32083],[-40.27096,-20.32184],[-40.27223,-20.32231],[-40.27296,-20.32108],[-40.27307,-20.3206]]],[[[-40.37723,-20.53561],[-40.63244,-20.4623],[-40.6152,-20.41388],[-40.53429,-20.3898],[-40.59291,-20.36722],[-40.58107,-20.29723],[-40.60616,-20.25232],[-40.55778,-20.27026],[-40.50253,-20.22902],[-40.37335,-20.21488],[-40.43618,-20.13648],[-40.41609,-20.01643],[-40.35667,-20.04879],[-40.30269,-20.02253],[-40.23982,-20.0452],[-40.22415,-20.02304],[-40.17336,-20.07676],[-40.19201,-20.19952],[-40.23005,-20.29513],[-40.25847,-20.26584],[-40.28912,-20.28378],[-40.26783,-20.32897],[-40.37723,-20.53561]]]]}},{"type":"Feature","id":"32010","properties":{"code":"32010","name":"Guarapari"},"geometry":{"type":"MultiPolygon","coordinates":[[[[-40.39647,-20.62216],[-40.3964,-20.622],[-40.39616,-20.62189],[-40.39595,-20.62216],[-40.39617,-20.62224],[-40.39647,-20.62216]]],[[[-40.38399,-20.61517],[-40.38292,-20.61429],[-40.37989,-20.61361],[-40.38041,-20.61494],[-40.38399,-20.61517]]],[[[-40.37816,-20.6134],[-40.37683,-20.61284],[-40.37613,-20.61316],[-40.37644,-20.61405],[-40.37744,-20.61402],[-40.37816,-20.6134]]],[[[-40.37356,-20.61262],[-40.37391,-20.61294],[-40.37424,-20.61281],[-40.37389,-20.61255],[-40.37356,-20.61262]]],[[[-40.38266,-20.6116],[-40.38119,-20.61154],[-40.38102,-20.61245],[-40.38244,-20.61351],[-40.3828,-20.61206],[-40.38266,-20.6116]]],[[[-40.38865,-20.61071],[-40.38852,-20.61051],[-40.38822,-20.6105],[-40.38801,-20.61056],[-40.38803,-20.61074],[-40.38837,-20.61078],[-40.38865,-20.61071]]],[[[-40.37444,-20.6085],[-40.37358,-20.61047],[-40.37408,-20.61192],[-40.37592,-20.611],[-40.37477,-20.6089],[-40.37444,-20.6085]]],[[[-40.39185,-20.597],[-40.39044,-20.59732],[-40.39125,-20.59878],[-40.39241,-20.59859],[-40.39185,-20.597]]],[[[-40.37495,-20.53075],[-40.42364,-20.63699],[-40.46413,-20.62416],[-40.46659,-20.65914],[-40.49449,-20.66077],[-40.52095,-20.7307],[-40.62791,-20.84211],[-40.65297,-20.80668],[-40.7271,-20.85754],[-40.86602,-20.89298],[-40.98696,-20.86187],[-40.99433,-20.77944],[-40.90935,-20.62416],[-40.96262,-20.60167],[-40.98671,-20.43502],[-40.92998,-20.43685],[-40.85489,-20.4919],[-40.81226,-20.48284],[-40.81582,-20.52314],[-40.76072,-20.50452],[-40.70143,-20.43197],[-40.60436,-20.48751],[-40.53763,-20.47285],[-40.37495,-20.53075]]]]}},{"type":"Feature","id":"32011","properties":{"code":"32011","name":"Alegre"},"geometry":{"type":"MultiPolygon","coordinates":[[[[-41.73377,-20.94334],[-41.71146,-20.87188],[-41.74302,-20.86983],[-41.73985,-20.8175],[-41.8798,-20.75957],[-41.8073,-20.64369],[-41.85669,-20.61577],[-41.80445,-20.54341],[-41.82542,-20.48326],[-41.79944,-20.47728],[-41.80339,-20.42224],[-41.85951,-20.37284],[-41.8475,-20.32801],[-41.77998,-20.29229],[-41.75675,-20.20687],[-41.41558,-20.20736],[-41.39903,-20.23419],[-41.34726,-20.19848],[-41.35034,-20.23901],[-41.31047,-20.26938],[-41.36186,-20.32098],[-41.31038,-20.42533],[-41.31953,-20.50601],[-41.37712,-20.50825],[-41.37205,-20.53586],[-41.41471,-20.57291],[-41.35502,-20.71831],[-41.45341,-20.80557],[-41.46135,-20.90091],[-41.53857,-20.88275],[-41.57975,-20.9114],[-41.63867,-20.84419],[-41.6872,-20.92973],[-41.73377,-20.94334]]]]}},{"type":"Feature","id":"32012","properties":{"code":"32012","name":"Cachoeiro De Itapemirim"},"geometry":{"type":"MultiPolygon","coordinates":[[[[-41.71959,-21.12352],[-41.70518,-21.10947],[-41.73628,-21.10143],[-41.71001,-20.99103],[-41.73377,-20.94334],[-41.6872,-20.92973],[-41.63867,-20.84419],[-41.57975,-20.9114],[-41.53857,-20.88275],[-41.46135,-20.90091],[-41.45341,-20.80557],[-41.35502,-20.71831],[-41.41471,-20.57291],[-41.37205,-20.53586],[-41.37712,-20.50825],[-41.24209,-20.50001],[-41.20736,-20.48373],[-41.21753,-20.44684],[-41.10773,-20.40326],[-41.05102,-20.48106],[-41.01882,-20.48397],[-40.98929,-20.43248],[-40.95949,-20.49925],[-40.96262,-20.60167],[-40.90935,-20.62416],[-40.99433,-20.77944],[-40.9784,-20.8665],[-41.0511,-20.87562],[-41.11991,-20.96636],[-41.10618,-21.00544],[-41.16061,-21.06147],[-41.23371,-21.07615],[-41.18381,-21.22867],[-41.14117,-21.23905],[-41.19101,-21.24871],[-41.24178,-21.22035],[-41.27713,-21.24016],[-41.37884,-21.19559],[-41.44617,-21.21548],[-41.48652,-21.17989],[-41.56462,-21.18374],[-41.58675,-21.14947],[-41.71959,-21.12352]]]]}},{"type":"Feature","id":"32013","properties":{"code":"32013","name":"Itapemirim"},"geometry":{"type":"MultiPolygon","coordinates":[[[[-41.18244,-21.23045],[-41.23371,-21.07615],[-41.16061,-21.06147],[-41.10618,-21.00544],[-41.11991,-20.96636],[-41.0511,-20.87562],[-40.86602,-20.89298],[-40.75951,-20.86588],[-40.85637,-21.12806],[-40.95381,-21.23799],[-40.95791,-21.30178],[-41.00474,-21.2511],[-41.09202,-21.21819],[-41.18244,-21.23045]]]]}},{"type":"Feature","id":"33001","properties":{"code":"33001","name":"Itaperuna"},"geometry":{"type":"MultiPolygon","coordinates":[[[[-41.6271,-21.59526],[-41.74297,-21.46426],[-41.70996,-21.45632],[-41.77992,-21.39941],[-41.83901,-21.288],[-41.98656,-21.31307],[-42.05027,-21.35422],[-42.09401,-21.35026],[-42.13168,-21.30773],[-42.23712,-21.32415],[-42.18972,-21.25051],[-42.19194,-21.14764],[-42.07992,-21.0351],[-42.14697,-20.9675],[-42.09379,-20.93563],[-41.97615,-20.93579],[-41.92874,-20.79433],[-41.86829,-20.76395],[-41.81392,-20.80545],[-41.74583,-20.81278],[-41.74147,-20.87259],[-41.71179,-20.869],[-41.73735,-20.92794],[-41.71001,-20.99103],[-41.71993,-21.1232],[-41.47162,-21.20121],[-41.46954,-21.23208],[-41.58728,-21.31004],[-41.55177,-21.42997],[-41.60027,-21.48116],[-41.65756,-21.4787],[-41.6271,-21.59526]]]]}},{"type":"Feature","id":"33002","properties":{"code":"33002","name":"Santo AntãNio De PãDua"},"geometry":{"type":"MultiPolygon","coordinates":[[[[-42.16716,-21.85923],[-42.23784,-21.69778],[-42.27185,-21.71453],[-42.30089,-21.65514],[-42.36989,-21.63943],[-42.25462,-21.48698],[-42.29208,-21.45998],[-42.2756,-21.40467],[-42.23833,-21.40351],[-42.23665,-21.34447],[-42.19423,-21.31464],[-42.13168,-21.30773],[-42.09401,-21.35026],[-42.05027,-21.35422],[-41.98656,-21.31307],[-41.83901,-21.288],[-41.77992,-21.39941],[-41.70996,-21.45632],[-41.82402,-21.48207],[-41.86932,-21.57458],[-41.93773,-21.59736],[-41.93732,-21.74126],[-42.01178,-21.74498],[-42.01386,-21.77213],[-42.16716,-21.85923]]]]}},{"type":"Feature","id":"33003","properties":{"code":"33003","name":"Campos Dos Goytacazes"},"geometry":{"type":"MultiPolygon","coordinates":[[[[-41.75052,-22.08636],[-41.774,-22.02212],[-41.71735,-21.98474],[-41.70571,-21.89243],[-41.94939,-21.85973],[-41.97111,-21.80313],[-41.92984,-21.74241],[-41.93773,-21.59736],[-41.86932,-21.57458],[-41.82402,-21.48207],[-41.74297,-21.46426],[-41.6271,-21.59526],[-41.65756,-21.4787],[-41.60027,-21.48116],[-41.55177,-21.42997],[-41.58728,-21.31004],[-41.46954,-21.23208],[-41.47188,-21.20253],[-41.37665,-21.1958],[-41.1906,-21.24875],[-41.09233,-21.21812],[-41.00474,-21.2511],[-40.9597,-21.30243],[-40.9606,-21.36145],[-41.0725,-21.52188],[-41.01021,-21.60882],[-41.02468,-21.71772],[-40.97336,-21.94744],[-40.98971,-22.01061],[-41.14485,-22.09931],[-41.25607,-22.09957],[-41.45062,-21.97295],[-41.54632,-22.055],[-41.69986,-22.04942],[-41.75052,-22.08636]]]]}},{"type":"Feature","id":"33004","properties":{"code":"33004","name":"Macaã"},"geometry":{"type":"MultiPolygon","coordinates":[[[[-41.69793,-22.4186],[-41.70631,-22.41203],[-41.69803,-22.40326],[-41.69629,-22.41015],[-41.69793,-22.4186]]],[[[-41.69077,-22.40283],[-41.69078,-22.39913],[-41.68907,-22.39726],[-41.68724,-22.39893],[-41.68943,-22.40288],[-41.69077,-22.40283]]],[[[-42.2662,-22.31686],[-42.15914,-22.21523],[-42.0932,-22.20202],[-42.08836,-22.16966],[-41.96409,-22.12878],[-41.93472,-22.05669],[-41.86942,-22.05148],[-41.79189,-22.10058],[-41.69986,-22.04942],[-41.54632,-22.055],[-41.45062,-21.97295],[-41.257,-22.09943],[-41.1338,-22.09547],[-41.64308,-22.27569],[-41.81766,-22.41701],[-41.87903,-22.418],[-41.9395,-22.37734],[-42.02461,-22.3891],[-42.06878,-22.43572],[-42.10619,-22.4364],[-42.11764,-22.40242],[-42.1905,-22.43303],[-42.21928,-22.40714],[-42.21648,-22.34237],[-42.2662,-22.31686]]]]}},{"type":"Feature","id":"33005","properties":{"code":"33005","name":"TrãS Rios"},"geometry":{"type":"MultiPolygon","coordinates":[[[[-43.40152,-22.21659],[-43.4373,-22.06013],[-43.34887,-22.00231],[-43.12895,-22.02896],[-43.15474,-22.07754],[-43.13556,-22.10988],[-43.11683,-22.08514],[-43.06311,-22.08798],[-43.03915,-22.04459],[-42.88143,-21.95927],[-42.66878,-21.87449],[-42.66438,-21.91617],[-42.71367,-22.0468],[-42.74435,-22.04753],[-42.73199,-22.08559],[-42.75571,-22.11818],[-42.86382,-22.1653],[-42.87208,-22.10122],[-42.96834,-22.08698],[-42.95578,-22.13796],[-43.01725,-22.14837],[-43.15188,-22.3076],[-43.24205,-22.30311],[-43.28344,-22.364],[-43.40152,-22.21659]]]]}},{"type":"Feature","id":"33006","properties":{"code":"33006","name":"Cantagalo-Cordeiro"},"geometry":{"type":"MultiPolygon","coordinates":[[[[-42.69187,-21.96828],[-42.66878,-21.87449],[-42.23784,-21.69778],[-42.16716,-21.85923],[-42.21101,-21.88001],[-42.24317,-21.95252],[-42.21945,-22.00966],[-42.26293,-22.05037],[-42.26508,-22.12192],[-42.34348,-22.12474],[-42.51017,-21.90834],[-42.54641,-21.92961],[-42.54749,-21.99818],[-42.57248,-22.01912],[-42.69187,-21.96828]]]]}},{"type":"Feature","id":"33007","properties":{"code":"33007","name":"Nova Friburgo"},"geometry":{"type":"MultiPolygon","coordinates":[[[[-42.20554,-22.36878],[-42.25842,-22.36654],[-42.31487,-22.42444],[-42.5118,-22.43478],[-42.54239,-22.4579],[-42.5764,-22.44168],[-42.56201,-22.36127],[-42.64951,-22.39577],[-42.71179,-22.37794],[-42.7611,-22.10149],[-42.73402,-22.09457],[-42.74435,-22.04753],[-42.71723,-22.05259],[-42.69722,-21.97636],[-42.57248,-22.01912],[-42.54749,-21.99818],[-42.54641,-21.92961],[-42.51017,-21.90834],[-42.34348,-22.12474],[-42.27912,-22.12375],[-42.28601,-22.20084],[-42.23423,-22.23156],[-42.29521,-22.28607],[-42.20554,-22.36878]]]]}},{"type":"Feature","id":"33008","properties":{"code":"33008","name":"Santa Maria Madalena"},"geometry":{"type":"MultiPolygon","coordinates":[[[[-42.26584,-22.30746],[-42.29506,-22.28502],[-42.2342,-22.23098],[-42.28338,-22.20608],[-42.2941,-22.11477],[-42.26401,-22.12126],[-42.26293,-22.05037],[-42.21967,-22.01051],[-42.24418,-21.95858],[-42.2073,-21.87717],[-42.13732,-21.83665],[-42.12033,-21.85031],[-42.12518,-21.82366],[-41.95277,-21.72837],[-41.93426,-21.76682],[-41.9703,-21.81127],[-41.9378,-21.8717],[-41.70581,-21.89228],[-41.71735,-21.98474],[-41.774,-22.02212],[-41.75052,-22.08636],[-41.8157,-22.10091],[-41.86942,-22.05148],[-41.93525,-22.05681],[-41.96409,-22.12878],[-42.08836,-22.16966],[-42.0932,-22.20202],[-42.15914,-22.21523],[-42.26584,-22.30746]]]]}},{"type":"Feature","id":"33009","properties":{"code":"33009","name":"Bacia De SãO JoãO"},"geometry":{"type":"MultiPolygon","coordinates":[[[[-42.53041,-22.71738],[-42.528,-22.63169],[-42.56456,-22.62013],[-42.60287,-22.54108],[-42.51567,-22.4358],[-42.31487,-22.42444],[-42.22553,-22.35236],[-42.1905,-22.43303],[-42.11764,-22.40242],[-42.10619,-22.4364],[-42.06878,-22.43572],[-42.02461,-22.3891],[-41.9395,-22.37734],[-41.87903,-22.418],[-41.81766,-22.41701],[-41.93266,-22.53755],[-41.96378,-22.53657],[-41.98947,-22.59902],[-42.03444,-22.55977],[-42.08065,-22.57498],[-42.17684,-22.54573],[-42.23654,-22.60944],[-42.29548,-22.62382],[-42.36863,-22.72421],[-42.53041,-22.71738]]]]}},{"type":"Feature","id":"33010","properties":{"code":"33010","name":"Lagos"},"geometry":{"type":"MultiPolygon","coordinates":[[[[-42.00496,-23.02338],[-42.01363,-22.99966],[-41.97868,-22.97793],[-42.00496,-23.02338]]],[[[-41.99263,-22.96293],[-41.98591,-22.96458],[-41.99063,-22.96968],[-41.99402,-22.96721],[-41.99263,-22.96293]]],[[[-41.9468,-22.7375],[-41.94375,-22.73906],[-41.94245,-22.73988],[-41.94517,-22.74008],[-41.94695,-22.73785],[-41.9468,-22.7375]]],[[[-41.87543,-22.73096],[-41.87434,-22.72956],[-41.87315,-22.73013],[-41.87326,-22.73091],[-41.87488,-22.73129],[-41.87543,-22.73096]]],[[[-41.9268,-22.72373],[-41.92142,-22.72149],[-41.92019,-22.72362],[-41.92249,-22.72546],[-41.92656,-22.72422],[-41.9268,-22.72373]]],[[[-42.67987,-22.90889],[-42.67606,-22.87345],[-42.58135,-22.80574],[-42.45058,-22.82009],[-42.44184,-22.73004],[-42.33193,-22.70429],[-42.30135,-22.62939],[-42.23654,-22.60944],[-42.17684,-22.54573],[-41.99528,-22.57468],[-41.97953,-22.72544],[-41.92517,-22.77047],[-41.87224,-22.73726],[-41.86353,-22.7548],[-41.97062,-22.82314],[-41.98006,-22.8736],[-42.02889,-22.89972],[-42.03311,-22.9455],[-41.99471,-22.96195],[-42.01326,-22.99794],[-42.07702,-22.95524],[-42.63395,-22.93661],[-42.65213,-22.90448],[-42.67987,-22.90889]]]]}},{"type":"Feature","id":"33011","properties":{"code":"33011","name":"Vale Do ParaãBa Fluminense"},"geometry":{"type":"MultiPolygon","coordinates":[[[[-44.21498,-22.93187],[-44.2412,-22.91477],[-44.23254,-22.87047],[-44.3181,-22.84159],[-44.26768,-22.82924],[-44.24014,-22.79266],[-44.25711,-22.76628],[-44.16137,-22.67826],[-44.20743,-22.61202],[-44.34499,-22.58785],[-44.35602,-22.6149],[-44.35991,-22.58102],[-44.39201,-22.57236],[-44.40179,-22.60669],[-44.48482,-22.60387],[-44.50859,-22.64095],[-44.55028,-22.60376],[-44.58378,-22.62622],[-44.64025,-22.60806],[-44.64443,-22.5556],[-44.67743,-22.5615],[-44.67101,-22.53666],[-44.71622,-22.51424],[-44.73394,-22.4329],[-44.80367,-22.39381],[-44.72545,-22.35893],[-44.6607,-22.38052],[-44.62202,-22.33195],[-44.53258,-22.3307],[-44.43321,-22.25141],[-44.38759,-22.2725],[-44.26351,-22.24344],[-44.24296,-22.26763],[-44.17447,-22.24197],[-44.14053,-22.33876],[-44.02485,-22.29641],[-44.08514,-22.3827],[-44.00258,-22.40803],[-44.0714,-22.45989],[-43.99253,-22.51746],[-43.81156,-22.51132],[-43.81939,-22.54602],[-43.78842,-22.55058],[-43.77222,-22.6068],[-43.83978,-22.64909],[-43.78553,-22.69257],[-43.83296,-22.72994],[-43.81305,-22.77249],[-43.91278,-22.8363],[-43.93864,-22.8872],[-43.99589,-22.84711],[-44.04264,-22.88294],[-44.11367,-22.85996],[-44.17656,-22.93028],[-44.21498,-22.93187]]]]}},{"type":"Feature","id":"33012","properties":{"code":"33012","name":"Barra Do Piraã"},"geometry":{"type":"MultiPolygon","coordinates":[[[[-44.05705,-22.47873],[-44.07122,-22.4589],[-44.00258,-22.40803],[-44.08508,-22.37505],[-44.02485,-22.29641],[-44.14053,-22.33876],[-44.15706,-22.25251],[-44.18928,-22.24036],[-44.12302,-22.18735],[-43.76571,-22.06218],[-43.73524,-22.09714],[-43.64643,-22.06485],[-43.61289,-22.0823],[-43.58567,-22.05153],[-43.56454,-22.08861],[-43.4373,-22.06013],[-43.40152,-22.21659],[-43.42954,-22.23784],[-43.47148,-22.21632],[-43.48084,-22.2497],[-43.51496,-22.23666],[-43.52616,-22.27681],[-43.5608,-22.26479],[-43.66572,-22.32118],[-43.67451,-22.35749],[-43.73128,-22.37837],[-43.77934,-22.43866],[-43.75574,-22.45934],[-43.79746,-22.55186],[-43.81939,-22.54602],[-43.81156,-22.51132],[-43.99184,-22.51758],[-44.05705,-22.47873]]]]}},{"type":"Feature","id":"33013","properties":{"code":"33013","name":"BaãA Da Ilha Grande"},"geometry":{"type":"MultiPolygon","coordinates":[[[[-44.71856,-23.35684],[-44.71775,-23.35768],[-44.71892,-23.35908],[-44.72014,-23.35913],[-44.72065,-23.35812],[-44.71856,-23.35684]]],[[[-44.67187,-23.35538],[-44.67159,-23.35623],[-44.67292,-23.35757],[-44.67331,-23.35632],[-44.67187,-23.35538]]],[[[-44.57115,-23.35353],[-44.57014,-23.34933],[-44.56867,-23.3488],[-44.56756,-23.35022],[-44.56989,-23.35283],[-44.57115,-23.35353]]],[[[-44.56773,-23.26503],[-44.57045,-23.26781],[-44.5717,-23.26767],[-44.56901,-23.26515],[-44.56773,-23.26503]]],[[[-44.67159,-23.23989],[-44.67018,-23.23916],[-44.66843,-23.24014],[-44.6712,-23.24075],[-44.67159,-23.23989]]],[[[-44.64954,-23.23127],[-44.64448,-23.22755],[-44.63695,-23.22434],[-44.64026,-23.2297],[-44.64909,-23.23146],[-44.64954,-23.23127]]],[[[-44.55443,-23.22074],[-44.55436,-23.22205],[-44.55665,-23.2245],[-44.55784,-23.22396],[-44.55651,-23.22132],[-44.55443,-23.22074]]],[[[-44.69315,-23.21522],[-44.6902,-23.21643],[-44.69126,-23.21855],[-44.69309,-23.21706],[-44.69315,-23.21522]]],[[[-44.36107,-23.21453],[-44.3586,-23.21259],[-44.35735,-23.21219],[-44.35688,-23.21381],[-44.36042,-23.21503],[-44.36107,-23.21453]]],[[[-44.58498,-23.2124],[-44.58442,-23.21126],[-44.58242,-23.21101],[-44.58339,-23.21251],[-44.58473,-23.21258],[-44.58498,-23.2124]]],[[[-44.71065,-23.20481],[-44.70945,-23.20455],[-44.70909,-23.20543],[-44.71003,-23.2054],[-44.71065,-23.20481]]],[[[-44.62101,-23.2238],[-44.6,-23.20827],[-44.58592,-23.2052],[-44.59862,-23.21662],[-44.62003,-23.22391],[-44.62101,-23.2238]]],[[[-44.58395,-23.20321],[-44.58339,-23.20046],[-44.57995,-23.20013],[-44.57948,-23.20354],[-44.58251,-23.20257],[-44.58395,-23.20321]]],[[[-44.5735,-23.18402],[-44.57296,-23.18883],[-44.57718,-23.18994],[-44.57648,-23.186],[-44.5735,-23.18402]]],[[[-44.6579,-23.18866],[-44.65984,-23.18586],[-44.6594,-23.18242],[-44.65703,-23.18341],[-44.6574,-23.18848],[-44.6579,-23.18866]]],[[[-44.68409,-23.17721],[-44.68254,-23.17752],[-44.6827,-23.17908],[-44.6847,-23.17948],[-44.68431,-23.1779],[-44.68409,-23.17721]]],[[[-44.664,-23.15903],[-44.66217,-23.16068],[-44.66437,-23.16375],[-44.66604,-23.16116],[-44.664,-23.15903]]],[[[-44.69274,-23.16967],[-44.6947,-23.15651],[-44.68395,-23.1525],[-44.68542,-23.15959],[-44.69228,-23.16997],[-44.69274,-23.16967]]],[[[-44.67537,-23.13202],[-44.67518,-23.13294],[-44.67568,-23.13348],[-44.67618,-23.13354],[-44.67679,-23.13314],[-44.67537,-23.13202]]],[[[-44.68417,-23.12852],[-44.68481,-23.1302],[-44.68651,-23.13136],[-44.68784,-23.13009],[-44.68539,-23.12838],[-44.68417,-23.12852]]],[[[-44.67811,-23.12482],[-44.6782,-23.12662],[-44.67943,-23.12746],[-44.6802,-23.12679],[-44.67811,-23.12482]]],[[[-44.6781,-23.11497],[-44.6775,-23.1114],[-44.67417,-23.11139],[-44.6744,-23.11353],[-44.67793,-23.11498],[-44.6781,-23.11497]]],[[[-44.67956,-23.11035],[-44.68101,-23.10976],[-44.6811,-23.1087],[-44.68012,-23.10857],[-44.67914,-23.10963],[-44.67956,-23.11035]]],[[[-44.68615,-23.10667],[-44.68764,-23.10898],[-44.68918,-23.10967],[-44.68723,-23.10735],[-44.68615,-23.10667]]],[[[-44.66953,-23.09704],[-44.67117,-23.09891],[-44.67385,-23.09862],[-44.67198,-23.09732],[-44.66953,-23.09704]]],[[[-44.68256,-23.08677],[-44.68374,-23.08797],[-44.6847,-23.08875],[-44.68468,-23.0881],[-44.684,-23.08694],[-44.68256,-23.08677]]],[[[-44.59506,-23.08579],[-44.59387,-23.08726],[-44.59617,-23.08974],[-44.59645,-23.08912],[-44.59537,-23.0867],[-44.59506,-23.08579]]],[[[-44.34925,-23.22668],[-44.34186,-23.18193],[-44.37764,-23.17174],[-44.29556,-23.11452],[-44.28481,-23.13664],[-44.23528,-23.08506],[-44.16424,-23.14198],[-44.12749,-23.12006],[-44.14081,-23.15831],[-44.09192,-23.16689],[-44.18628,-23.18096],[-44.19706,-23.20416],[-44.30256,-23.17806],[-44.34925,-23.22668]]],[[[-44.63226,-23.07269],[-44.63323,-23.07047],[-44.63228,-23.0683],[-44.63084,-23.07047],[-44.63164,-23.07256],[-44.63226,-23.07269]]],[[[-44.64498,-23.07556],[-44.6429,-23.06948],[-44.63857,-23.06962],[-44.63811,-23.07149],[-44.64498,-23.07556]]],[[[-44.39609,-23.07185],[-44.39523,-23.068],[-44.39272,-23.06719],[-44.39392,-23.07074],[-44.39609,-23.07185]]],[[[-44.60518,-23.06843],[-44.60355,-23.06725],[-44.6021,-23.06746],[-44.60257,-23.06925],[-44.60423,-23.06855],[-44.60518,-23.06843]]],[[[-44.59508,-23.0653],[-44.59512,-23.06663],[-44.59625,-23.06721],[-44.59701,-23.06645],[-44.59574,-23.06533],[-44.59508,-23.0653]]],[[[-44.41197,-23.06391],[-44.41116,-23.06221],[-44.40988,-23.06261],[-44.40997,-23.06353],[-44.41174,-23.06398],[-44.41197,-23.06391]]],[[[-44.33894,-23.06207],[-44.33912,-23.06132],[-44.33863,-23.06107],[-44.33809,-23.06099],[-44.33815,-23.06195],[-44.33894,-23.06207]]],[[[-44.63012,-23.06307],[-44.62856,-23.06093],[-44.62687,-23.06111],[-44.62726,-23.06237],[-44.62815,-23.0635],[-44.63012,-23.06307]]],[[[-44.40895,-23.06033],[-44.40565,-23.05866],[-44.40679,-23.06003],[-44.40731,-23.06095],[-44.40895,-23.06033]]],[[[-44.37668,-23.05786],[-44.37627,-23.05827],[-44.37655,-23.05869],[-44.37677,-23.05827],[-44.37668,-23.05786]]],[[[-44.62492,-23.05914],[-44.62164,-23.05737],[-44.62053,-23.05916],[-44.62292,-23.05972],[-44.62471,-23.06017],[-44.62492,-23.05914]]],[[[-44.37705,-23.05685],[-44.3772,-23.05724],[-44.37756,-23.05757],[-44.37773,-23.0573],[-44.37705,-23.05685]]],[[[-44.31607,-23.06535],[-44.31793,-23.05929],[-44.3104,-23.05758],[-44.31305,-23.06028],[-44.31607,-23.06535]]],[[[-44.42004,-23.05962],[-44.41545,-23.05695],[-44.41192,-23.05845],[-44.41565,-23.06048],[-44.41924,-23.05998],[-44.42004,-23.05962]]],[[[-44.60156,-23.05636],[-44.60406,-23.05992],[-44.60792,-23.06417],[-44.60923,-23.06213],[-44.60259,-23.05686],[-44.60156,-23.05636]]],[[[-44.37722,-23.05645],[-44.37724,-23.05594],[-44.37678,-23.05574],[-44.37644,-23.05624],[-44.3771,-23.05645],[-44.37722,-23.05645]]],[[[-44.56462,-23.06707],[-44.55914,-23.05888],[-44.55372,-23.05867],[-44.55723,-23.06329],[-44.56372,-23.06757],[-44.56462,-23.06707]]],[[[-44.41149,-23.05528],[-44.4122,-23.05601],[-44.41272,-23.05621],[-44.41298,-23.05593],[-44.41212,-23.05515],[-44.41149,-23.05528]]],[[[-44.33253,-23.05465],[-44.33248,-23.05569],[-44.33341,-23.056],[-44.33348,-23.05492],[-44.33253,-23.05465]]],[[[-44.40472,-23.059],[-44.40475,-23.05626],[-44.40313,-23.05454],[-44.40139,-23.05736],[-44.40428,-23.0587],[-44.40472,-23.059]]],[[[-44.33129,-23.0561],[-44.32906,-23.05506],[-44.32752,-23.05419],[-44.32837,-23.05613],[-44.33083,-23.05649],[-44.33129,-23.0561]]],[[[-44.31825,-23.05463],[-44.31529,-23.05431],[-44.31316,-23.05307],[-44.3151,-23.05562],[-44.31825,-23.05463]]],[[[-44.42158,-23.05353],[-44.42121,-23.05292],[-44.42084,-23.05321],[-44.4212,-23.05353],[-44.42158,-23.05353]]],[[[-44.33476,-23.05489],[-44.33444,-23.05363],[-44.33335,-23.05216],[-44.33206,-23.05345],[-44.33436,-23.05502],[-44.33476,-23.05489]]],[[[-44.56367,-23.05344],[-44.56103,-23.05179],[-44.55995,-23.05264],[-44.56117,-23.05397],[-44.56367,-23.05344]]],[[[-44.30945,-23.05047],[-44.30885,-23.05002],[-44.30806,-23.05038],[-44.30842,-23.05129],[-44.30945,-23.05047]]],[[[-44.54648,-23.05014],[-44.54603,-23.04821],[-44.54459,-23.04756],[-44.54598,-23.05015],[-44.54648,-23.05014]]],[[[-44.39968,-23.04531],[-44.39926,-23.04602],[-44.39962,-23.04671],[-44.40013,-23.0462],[-44.39968,-23.04531]]],[[[-44.4934,-23.0444],[-44.49261,-23.04337],[-44.49204,-23.04363],[-44.49252,-23.04452],[-44.4934,-23.0444]]],[[[-44.50358,-23.05492],[-44.4987,-23.04809],[-44.48756,-23.0426],[-44.48972,-23.04809],[-44.5034,-23.0552],[-44.50358,-23.05492]]],[[[-44.39114,-23.04156],[-44.39435,-23.04213],[-44.39539,-23.03919],[-44.39296,-23.03934],[-44.39112,-23.04119],[-44.39114,-23.04156]]],[[[-44.29862,-23.03933],[-44.29887,-23.0378],[-44.29785,-23.03741],[-44.29822,-23.03855],[-44.29862,-23.03933]]],[[[-44.34375,-23.03965],[-44.34307,-23.03761],[-44.34077,-23.03718],[-44.3409,-23.03973],[-44.34375,-23.03965]]],[[[-44.39765,-23.03685],[-44.39759,-23.03729],[-44.39804,-23.03747],[-44.39812,-23.03723],[-44.39765,-23.03685]]],[[[-44.52078,-23.03856],[-44.51915,-23.03609],[-44.51654,-23.03588],[-44.51703,-23.03703],[-44.52046,-23.03877],[-44.52078,-23.03856]]],[[[-44.30065,-23.03544],[-44.30034,-23.03501],[-44.29972,-23.03491],[-44.30033,-23.03542],[-44.30065,-23.03544]]],[[[-44.4003,-23.03711],[-44.40094,-23.03581],[-44.39941,-23.03462],[-44.39768,-23.03611],[-44.4003,-23.03711]]],[[[-44.27976,-23.03364],[-44.27911,-23.03483],[-44.27939,-23.03592],[-44.2806,-23.03564],[-44.28088,-23.0345],[-44.27976,-23.03364]]],[[[-44.41261,-23.03328],[-44.41159,-23.03395],[-44.41145,-23.03514],[-44.4129,-23.03492],[-44.41261,-23.03328]]],[[[-44.38357,-23.03433],[-44.38421,-23.03376],[-44.38403,-23.03349],[-44.38333,-23.03341],[-44.38351,-23.03426],[-44.38357,-23.03433]]],[[[-44.28469,-23.03336],[-44.28341,-23.03339],[-44.28309,-23.03446],[-44.28418,-23.03429],[-44.28469,-23.03336]]],[[[-44.3455,-23.06951],[-44.39109,-23.04197],[-44.34718,-23.03814],[-44.3455,-23.06951]]],[[[-44.29746,-23.03271],[-44.29703,-23.03113],[-44.29577,-23.03165],[-44.29643,-23.03277],[-44.29746,-23.03271]]],[[[-44.48337,-23.03211],[-44.48146,-23.02989],[-44.4802,-23.03024],[-44.48157,-23.03137],[-44.48337,-23.03211]]],[[[-44.32761,-23.02952],[-44.32686,-23.02844],[-44.32563,-23.02808],[-44.32651,-23.02923],[-44.32761,-23.02952]]],[[[-44.45031,-23.03426],[-44.44652,-23.02841],[-44.44487,-23.03026],[-44.44693,-23.03309],[-44.45004,-23.03434],[-44.45031,-23.03426]]],[[[-44.31296,-23.02768],[-44.31266,-23.02679],[-44.31225,-23.02645],[-44.31256,-23.02735],[-44.31296,-23.02768]]],[[[-44.40533,-23.03281],[-44.40315,-23.02816],[-44.39938,-23.02623],[-44.40106,-23.03201],[-44.40533,-23.03281]]],[[[-44.32885,-23.0268],[-44.3315,-23.02825],[-44.33305,-23.02558],[-44.33097,-23.0261],[-44.32931,-23.02652],[-44.32885,-23.0268]]],[[[-44.2812,-23.02692],[-44.27983,-23.02699],[-44.27825,-23.02532],[-44.27979,-23.02773],[-44.28102,-23.02729],[-44.2812,-23.02692]]],[[[-44.437,-23.02612],[-44.43675,-23.0249],[-44.43605,-23.02516],[-44.43581,-23.02606],[-44.437,-23.02612]]],[[[-44.30999,-23.0276],[-44.3107,-23.02474],[-44.3099,-23.02498],[-44.30911,-23.02539],[-44.30969,-23.02746],[-44.30999,-23.0276]]],[[[-44.28848,-23.02701],[-44.28497,-23.02583],[-44.28425,-23.02539],[-44.28555,-23.02692],[-44.28848,-23.02701]]],[[[-44.26899,-23.02408],[-44.2692,-23.02552],[-44.26988,-23.02527],[-44.26937,-23.02457],[-44.26899,-23.02408]]],[[[-44.33232,-23.02363],[-44.33165,-23.02307],[-44.33117,-23.02279],[-44.33139,-23.02355],[-44.33221,-23.02375],[-44.33232,-23.02363]]],[[[-44.32009,-23.02012],[-44.31957,-23.01854],[-44.3187,-23.01834],[-44.31889,-23.01965],[-44.31993,-23.02018],[-44.32009,-23.02012]]],[[[-44.27658,-23.01848],[-44.27732,-23.0179],[-44.27683,-23.01746],[-44.27616,-23.01783],[-44.27658,-23.01848]]],[[[-44.32076,-23.0162],[-44.3208,-23.0172],[-44.32126,-23.01745],[-44.32171,-23.01722],[-44.32099,-23.01632],[-44.32076,-23.0162]]],[[[-44.42615,-23.01538],[-44.42611,-23.01508],[-44.42582,-23.01511],[-44.42591,-23.01548],[-44.42615,-23.01538]]],[[[-44.4264,-23.0147],[-44.42617,-23.01466],[-44.42626,-23.0148],[-44.42642,-23.01478],[-44.4264,-23.0147]]],[[[-44.4263,-23.01403],[-44.42619,-23.01403],[-44.42615,-23.01408],[-44.42622,-23.01414],[-44.42633,-23.01414],[-44.42634,-23.01409],[-44.4263,-23.01403]]],[[[-44.27009,-23.01508],[-44.26976,-23.01378],[-44.26767,-23.01341],[-44.26802,-23.01473],[-44.26946,-23.01473],[-44.27009,-23.01508]]],[[[-44.36981,-23.01244],[-44.3695,-23.01183],[-44.36873,-23.01166],[-44.36897,-23.01231],[-44.3696,-23.01243],[-44.36981,-23.01244]]],[[[-44.3689,-23.01146],[-44.36925,-23.01156],[-44.36932,-23.01133],[-44.369,-23.01132],[-44.3689,-23.01146]]],[[[-44.36922,-23.00999],[-44.36972,-23.01036],[-44.3701,-23.01056],[-44.37018,-23.00997],[-44.36927,-23.00997],[-44.36922,-23.00999]]],[[[-44.30254,-23.01054],[-44.30233,-23.01008],[-44.3018,-23.00987],[-44.3021,-23.01028],[-44.30247,-23.01061],[-44.30254,-23.01054]]],[[[-44.30229,-23.00985],[-44.30214,-23.00969],[-44.30192,-23.00964],[-44.30196,-23.00978],[-44.30217,-23.00981],[-44.30229,-23.00985]]],[[[-44.30121,-23.00937],[-44.3011,-23.00933],[-44.30107,-23.00938],[-44.30109,-23.00945],[-44.30116,-23.00944],[-44.30121,-23.00937]]],[[[-44.30241,-23.0093],[-44.30223,-23.00942],[-44.3024,-23.00981],[-44.30258,-23.00963],[-44.30241,-23.0093]]],[[[-44.30212,-23.0094],[-44.30193,-23.00892],[-44.30148,-23.00888],[-44.30165,-23.00912],[-44.30201,-23.00946],[-44.30212,-23.0094]]],[[[-44.30203,-23.00848],[-44.30185,-23.00859],[-44.30195,-23.00881],[-44.30211,-23.00881],[-44.30202,-23.00864],[-44.30203,-23.00848]]],[[[-44.30247,-23.00898],[-44.30238,-23.00847],[-44.30216,-23.00823],[-44.30206,-23.00841],[-44.30234,-23.00879],[-44.30247,-23.00898]]],[[[-44.30875,-23.00996],[-44.30889,-23.00797],[-44.30772,-23.00844],[-44.30818,-23.00908],[-44.30866,-23.00999],[-44.30875,-23.00996]]],[[[-44.38262,-23.00697],[-44.38363,-23.00734],[-44.38441,-23.00688],[-44.38344,-23.0067],[-44.38262,-23.00697]]],[[[-44.42264,-23.00388],[-44.42251,-23.00364],[-44.42212,-23.0037],[-44.42236,-23.00393],[-44.42264,-23.00388]]],[[[-44.42249,-23.00349],[-44.42272,-23.00329],[-44.42258,-23.00309],[-44.42248,-23.00323],[-44.42236,-23.00338],[-44.42249,-23.00349]]],[[[-44.42338,-23.00202],[-44.42341,-23.00231],[-44.42352,-23.00247],[-44.42373,-23.00238],[-44.42352,-23.00209],[-44.42338,-23.00202]]],[[[-44.42192,-22.99414],[-44.42183,-22.9949],[-44.42273,-22.99565],[-44.4231,-22.99497],[-44.42192,-22.99414]]],[[[-44.40058,-22.99339],[-44.4001,-22.99345],[-44.3996,-22.99384],[-44.40022,-22.99395],[-44.40058,-22.99339]]],[[[-44.35334,-22.99353],[-44.35262,-22.99271],[-44.35195,-22.993],[-44.35215,-22.99358],[-44.35334,-22.99353]]],[[[-44.40701,-22.99698],[-44.40905,-22.99468],[-44.40832,-22.99246],[-44.40541,-22.994],[-44.40701,-22.99698]]],[[[-44.40112,-22.99282],[-44.40304,-22.99249],[-44.40426,-22.99074],[-44.40144,-22.99005],[-44.4006,-22.99248],[-44.40112,-22.99282]]],[[[-44.41696,-22.98657],[-44.41235,-22.99007],[-44.41117,-22.9933],[-44.41374,-22.98996],[-44.41696,-22.98657]]],[[[-44.3421,-22.98673],[-44.34218,-22.98559],[-44.34109,-22.98524],[-44.34072,-22.98645],[-44.34179,-22.98683],[-44.3421,-22.98673]]],[[[-44.36329,-22.9875],[-44.36192,-22.98569],[-44.35983,-22.98465],[-44.35893,-22.98471],[-44.36275,-22.9876],[-44.36329,-22.9875]]],[[[-44.4142,-22.98417],[-44.41295,-22.98367],[-44.41081,-22.98383],[-44.41246,-22.98421],[-44.4142,-22.98417]]],[[[-44.35767,-22.9872],[-44.35513,-22.98439],[-44.35191,-22.98107],[-44.35136,-22.984],[-44.35715,-22.98725],[-44.35767,-22.9872]]],[[[-44.32927,-22.97818],[-44.32975,-22.97998],[-44.3309,-22.98054],[-44.33085,-22.97966],[-44.32989,-22.97837],[-44.32927,-22.97818]]],[[[-44.40842,-22.9783],[-44.40733,-22.97775],[-44.40696,-22.97802],[-44.40765,-22.97833],[-44.40842,-22.9783]]],[[[-44.40518,-22.98517],[-44.40471,-22.97775],[-44.39789,-22.97875],[-44.39871,-22.9844],[-44.40484,-22.98512],[-44.40518,-22.98517]]],[[[-44.34109,-22.97958],[-44.34181,-22.97728],[-44.34053,-22.97549],[-44.33927,-22.9775],[-44.34072,-22.97948],[-44.34109,-22.97958]]],[[[-44.34477,-22.9753],[-44.34644,-22.97751],[-44.34793,-22.97858],[-44.34835,-22.97784],[-44.34501,-22.97526],[-44.34477,-22.9753]]],[[[-44.39182,-22.97473],[-44.39132,-22.97465],[-44.39124,-22.9749],[-44.39171,-22.97498],[-44.39182,-22.97473]]],[[[-44.37725,-22.97598],[-44.37597,-22.97479],[-44.37493,-22.9736],[-44.37476,-22.97509],[-44.37678,-22.97618],[-44.37725,-22.97598]]],[[[-44.32983,-22.9726],[-44.32875,-22.97199],[-44.32774,-22.97196],[-44.32849,-22.97279],[-44.32983,-22.9726]]],[[[-44.3912,-22.97269],[-44.38967,-22.97149],[-44.38727,-22.97199],[-44.38946,-22.97388],[-44.3912,-22.97269]]],[[[-44.31646,-22.96949],[-44.316,-22.96892],[-44.31539,-22.96862],[-44.31504,-22.96937],[-44.31646,-22.96949]]],[[[-44.42503,-22.97344],[-44.42141,-22.96873],[-44.41506,-22.96736],[-44.41813,-22.97122],[-44.42456,-22.97387],[-44.42503,-22.97344]]],[[[-44.37263,-22.97065],[-44.37108,-22.96826],[-44.36791,-22.967],[-44.36904,-22.96954],[-44.37263,-22.97065]]],[[[-44.31263,-22.96752],[-44.31283,-22.96658],[-44.31214,-22.96646],[-44.31165,-22.96734],[-44.31263,-22.96752]]],[[[-44.31931,-22.96763],[-44.31901,-22.96631],[-44.31724,-22.9659],[-44.31684,-22.96654],[-44.31931,-22.96763]]],[[[-44.36416,-22.96528],[-44.36473,-22.9644],[-44.36462,-22.96392],[-44.36315,-22.96367],[-44.36389,-22.96527],[-44.36416,-22.96528]]],[[[-44.34256,-22.96382],[-44.34096,-22.96209],[-44.34067,-22.96305],[-44.34147,-22.96384],[-44.34256,-22.96382]]],[[[-44.40609,-22.96273],[-44.40821,-22.96331],[-44.40861,-22.96263],[-44.40734,-22.962],[-44.40609,-22.96273]]],[[[-44.34428,-22.96261],[-44.34331,-22.96116],[-44.34184,-22.96012],[-44.34207,-22.96202],[-44.34421,-22.96263],[-44.34428,-22.96261]]],[[[-44.32232,-22.9617],[-44.32145,-22.96005],[-44.3201,-22.96097],[-44.32012,-22.9618],[-44.32223,-22.96188],[-44.32232,-22.9617]]],[[[-44.35164,-22.96473],[-44.34868,-22.96067],[-44.34583,-22.96169],[-44.34793,-22.9641],[-44.3515,-22.96477],[-44.35164,-22.96473]]],[[[-44.39839,-22.9564],[-44.39724,-22.95751],[-44.39848,-22.95923],[-44.39924,-22.95774],[-44.39877,-22.95655],[-44.39839,-22.9564]]],[[[-44.35369,-22.95535],[-44.35302,-22.95395],[-44.35235,-22.95303],[-44.35158,-22.95385],[-44.35359,-22.95538],[-44.35369,-22.95535]]],[[[-44.33583,-22.94733],[-44.33477,-22.95274],[-44.33849,-22.9552],[-44.33681,-22.95153],[-44.33583,-22.94733]]],[[[-44.34298,-22.94282],[-44.34379,-22.9382],[-44.34145,-22.93578],[-44.33627,-22.93676],[-44.34298,-22.94282]]],[[[-44.3491,-22.93243],[-44.34877,-22.93212],[-44.3486,-22.93236],[-44.34901,-22.93253],[-44.3491,-22.93243]]],[[[-44.34627,-22.93228],[-44.34756,-22.93128],[-44.34622,-22.93041],[-44.34581,-22.93083],[-44.34627,-22.93228]]],[[[-44.88595,-23.23579],[-44.87475,-23.1847],[-44.82114,-23.15605],[-44.80143,-22.99665],[-44.71343,-22.92988],[-44.54365,-22.88495],[-44.49541,-22.84696],[-44.46619,-22.88537],[-44.4182,-22.84811],[-44.32527,-22.83776],[-44.25217,-22.85361],[-44.2412,-22.91477],[-44.19,-22.93459],[-44.16298,-23.00979],[-44.18656,-23.05405],[-44.25117,-23.05066],[-44.22213,-23.01541],[-44.25174,-22.99924],[-44.35259,-23.0306],[-44.35441,-22.99652],[-44.30597,-22.96197],[-44.33399,-22.96751],[-44.32003,-22.93623],[-44.34528,-22.92183],[-44.37717,-22.96965],[-44.41228,-22.94186],[-44.43433,-22.9632],[-44.43997,-23.02724],[-44.47791,-23.0061],[-44.59709,-23.06421],[-44.6173,-23.04408],[-44.67785,-23.06314],[-44.71265,-23.23377],[-44.64323,-23.1858],[-44.62565,-23.2233],[-44.66296,-23.21466],[-44.69258,-23.25243],[-44.61426,-23.23376],[-44.648,-23.30187],[-44.56033,-23.22759],[-44.58273,-23.26919],[-44.5029,-23.29444],[-44.55625,-23.3055],[-44.5915,-23.36272],[-44.64028,-23.3312],[-44.73576,-23.36564],[-44.88595,-23.23579]]]]}},{"type":"Feature","id":"33014","properties":{"code":"33014","name":"Vassouras"},"geometry":{"type":"MultiPolygon","coordinates":[[[[-43.81561,-22.687],[-43.83985,-22.64859],[-43.77222,-22.6068],[-43.79746,-22.55186],[-43.75574,-22.45934],[-43.77934,-22.43866],[-43.73128,-22.37837],[-43.70349,-22.38617],[-43.66572,-22.32118],[-43.56119,-22.26498],[-43.52524,-22.27631],[-43.5143,-22.23626],[-43.4819,-22.25006],[-43.47148,-22.21632],[-43.42954,-22.23784],[-43.40152,-22.21659],[-43.28344,-22.364],[-43.37757,-22.44247],[-43.28902,-22.45945],[-43.33082,-22.51816],[-43.55816,-22.56734],[-43.62271,-22.64223],[-43.66063,-22.61874],[-43.67089,-22.6527],[-43.7111,-22.6402],[-43.75792,-22.70247],[-43.81561,-22.687]]]]}},{"type":"Feature","id":"33015","properties":{"code":"33015","name":"Serrana"},"geometry":{"type":"MultiPolygon","coordinates":[[[[-43.25468,-22.57516],[-43.24648,-22.52694],[-43.22168,-22.52125],[-43.30343,-22.47466],[-43.29879,-22.45196],[-43.37768,-22.44316],[-43.25894,-22.3169],[-43.10802,-22.28166],[-43.01725,-22.14837],[-42.95578,-22.13796],[-42.96834,-22.08698],[-42.87208,-22.10122],[-42.86382,-22.1653],[-42.7464,-22.12362],[-42.7449,-22.2334],[-42.7114,-22.28781],[-42.72498,-22.35417],[-42.8037,-22.37783],[-42.89239,-22.45775],[-43.04079,-22.45593],[-43.10831,-22.5342],[-43.25468,-22.57516]]]]}},{"type":"Feature","id":"33016","properties":{"code":"33016","name":"Macacu-Caceribu"},"geometry":{"type":"MultiPolygon","coordinates":[[[[-42.45058,-22.82009],[-42.56954,-22.80401],[-42.66876,-22.84504],[-42.65815,-22.80105],[-42.68821,-22.79274],[-42.70035,-22.7269],[-42.78963,-22.63465],[-42.90745,-22.65531],[-42.90713,-22.60136],[-42.86615,-22.56898],[-42.9199,-22.45884],[-42.72795,-22.35543],[-42.64951,-22.39577],[-42.56201,-22.36127],[-42.57648,-22.44116],[-42.55245,-22.46617],[-42.60287,-22.54108],[-42.56456,-22.62013],[-42.528,-22.63169],[-42.53077,-22.71703],[-42.44184,-22.73004],[-42.45058,-22.82009]]]]}},{"type":"Feature","id":"33017","properties":{"code":"33017","name":"Itaguaã"},"geometry":{"type":"MultiPolygon","coordinates":[[[[-44.13985,-23.04314],[-44.13716,-23.04018],[-44.13639,-23.04333],[-44.13851,-23.04355],[-44.13985,-23.04314]]],[[[-44.15992,-23.03639],[-44.15838,-23.04063],[-44.16045,-23.04118],[-44.16189,-23.04001],[-44.15992,-23.03639]]],[[[-44.12381,-23.03917],[-44.1297,-23.04227],[-44.13103,-23.03935],[-44.12919,-23.03599],[-44.12497,-23.03848],[-44.12381,-23.03917]]],[[[-43.95372,-23.02278],[-43.95161,-23.02387],[-43.95147,-23.02576],[-43.95411,-23.02554],[-43.95372,-23.0237],[-43.95372,-23.02278]]],[[[-44.11019,-23.02211],[-44.10957,-23.02332],[-44.11008,-23.02399],[-44.1112,-23.02361],[-44.11019,-23.02211]]],[[[-44.01256,-23.07832],[-43.95517,-23.04013],[-43.88283,-23.06638],[-43.91217,-23.02032],[-43.80633,-23.06133],[-43.66664,-23.04258],[-43.98725,-23.10238],[-44.01256,-23.07832]]],[[[-43.94775,-23.02453],[-43.94586,-23.02106],[-43.94411,-23.02012],[-43.94384,-23.02341],[-43.94658,-23.0247],[-43.94775,-23.02453]]],[[[-43.9553,-23.00622],[-43.95172,-23.00502],[-43.95078,-23.00892],[-43.95411,-23.00786],[-43.9553,-23.00622]]],[[[-43.95311,-23.00065],[-43.95275,-23.00164],[-43.95358,-23.00369],[-43.95478,-23.00262],[-43.95372,-23.00157],[-43.95311,-23.00065]]],[[[-44.05283,-23.00665],[-44.03866,-22.99842],[-44.03191,-23.00558],[-44.04227,-23.00811],[-44.05283,-23.00665]]],[[[-43.91311,-22.99527],[-43.91224,-22.99262],[-43.9108,-22.99101],[-43.9083,-22.98917],[-43.91119,-22.99492],[-43.91311,-22.99527]]],[[[-43.93544,-23.0151],[-43.93766,-22.99929],[-43.92166,-22.98971],[-43.92711,-23.00431],[-43.93544,-23.0151]]],[[[-44.04192,-22.98644],[-44.0405,-22.98925],[-44.04214,-22.99083],[-44.04416,-22.98946],[-44.04395,-22.9874],[-44.04192,-22.98644]]],[[[-43.91975,-22.98436],[-43.91886,-22.98568],[-43.9228,-22.98793],[-43.92397,-22.987],[-43.92194,-22.98481],[-43.91975,-22.98436]]],[[[-43.91505,-22.98248],[-43.90936,-22.97922],[-43.90791,-22.98156],[-43.9119,-22.98362],[-43.91505,-22.98248]]],[[[-43.94746,-22.96152],[-43.95161,-22.9609],[-43.95183,-22.96011],[-43.94933,-22.95983],[-43.94753,-22.96003],[-43.94746,-22.96152]]],[[[-43.86458,-22.95549],[-43.86203,-22.95002],[-43.85733,-22.94507],[-43.85714,-22.95138],[-43.86391,-22.95589],[-43.86458,-22.95549]]],[[[-43.86594,-22.94388],[-43.86416,-22.94501],[-43.86592,-22.94589],[-43.86628,-22.94467],[-43.86594,-22.94388]]],[[[-43.96769,-22.94358],[-43.96628,-22.94316],[-43.96601,-22.94471],[-43.96745,-22.94541],[-43.96705,-22.94404],[-43.96769,-22.94358]]],[[[-43.96115,-22.94273],[-43.96219,-22.94478],[-43.96383,-22.94478],[-43.96372,-22.94356],[-43.96115,-22.94273]]],[[[-43.91503,-22.93929],[-43.91856,-22.94372],[-43.92052,-22.94214],[-43.91648,-22.94022],[-43.91503,-22.93929]]],[[[-43.86629,-22.92535],[-43.86472,-22.92445],[-43.86341,-22.9254],[-43.86499,-22.92611],[-43.86603,-22.92567],[-43.86629,-22.92535]]],[[[-43.90989,-22.95591],[-43.91217,-22.93467],[-43.86891,-22.92476],[-43.90989,-22.95591]]],[[[-43.81062,-22.91938],[-43.81241,-22.92075],[-43.81426,-22.9211],[-43.81341,-22.91992],[-43.81162,-22.91883],[-43.81062,-22.91938]]],[[[-44.16566,-23.03401],[-44.19259,-22.92891],[-44.118,-22.86142],[-44.04264,-22.88294],[-43.99589,-22.84711],[-43.93864,-22.8872],[-43.91278,-22.8363],[-43.81305,-22.77249],[-43.83978,-22.75643],[-43.81327,-22.7118],[-43.75367,-22.69968],[-43.7104,-22.63992],[-43.63703,-22.65454],[-43.62223,-22.82309],[-43.67372,-22.86478],[-43.74823,-22.87793],[-43.80116,-22.92462],[-43.8423,-22.93229],[-43.85691,-22.90184],[-43.98111,-22.93271],[-44.04251,-22.98478],[-44.05284,-22.94219],[-44.1129,-23.02309],[-44.16566,-23.03401]]]]}},{"type":"Feature","id":"33018","properties":{"code":"33018","name":"Rio De Janeiro"},"geometry":{"type":"MultiPolygon","coordinates":[[[[-43.56385,-23.08215],[-43.56259,-23.08059],[-43.55958,-23.08029],[-43.56115,-23.0824],[-43.56385,-23.08215]]],[[[-43.57418,-23.07318],[-43.57353,-23.07274],[-43.5731,-23.07293],[-43.57349,-23.07337],[-43.5741,-23.07327],[-43.57418,-23.07318]]],[[[-43.1977,-23.07439],[-43.1995,-23.07417],[-43.20031,-23.07262],[-43.19842,-23.07373],[-43.1977,-23.07439]]],[[[-43.19266,-23.07379],[-43.19841,-23.06897],[-43.19418,-23.06687],[-43.19138,-23.0701],[-43.19266,-23.07379]]],[[[-43.5139,-23.06579],[-43.51284,-23.0629],[-43.51114,-23.06191],[-43.5081,-23.06441],[-43.5139,-23.06579]]],[[[-43.51266,-23.06133],[-43.5122,-23.06066],[-43.51156,-23.06053],[-43.51144,-23.0607],[-43.51265,-23.06132],[-43.51266,-23.06133]]],[[[-43.56757,-23.05968],[-43.56742,-23.05978],[-43.56751,-23.06001],[-43.56766,-23.05992],[-43.56757,-23.05968]]],[[[-43.14121,-23.06552],[-43.14793,-23.06269],[-43.15001,-23.05914],[-43.14554,-23.06154],[-43.14121,-23.06552]]],[[[-43.56579,-23.05869],[-43.56571,-23.05876],[-43.56578,-23.05885],[-43.56581,-23.05876],[-43.56579,-23.05869]]],[[[-43.56653,-23.05907],[-43.56628,-23.0586],[-43.56609,-23.05884],[-43.56588,-23.05896],[-43.56641,-23.05915],[-43.56653,-23.05907]]],[[[-43.56752,-23.05954],[-43.56736,-23.05813],[-43.56603,-23.058],[-43.56666,-23.05887],[-43.5674,-23.05953],[-43.56752,-23.05954]]],[[[-43.56344,-23.05731],[-43.56294,-23.0581],[-43.56337,-23.05846],[-43.56378,-23.05909],[-43.56367,-23.05743],[-43.56344,-23.05731]]],[[[-43.56555,-23.05542],[-43.56492,-23.05718],[-43.56541,-23.05808],[-43.56579,-23.05721],[-43.56555,-23.05542]]],[[[-43.56517,-23.05325],[-43.56364,-23.0538],[-43.56358,-23.05483],[-43.56433,-23.0543],[-43.56521,-23.05332],[-43.56517,-23.05325]]],[[[-43.50945,-23.05415],[-43.5094,-23.05309],[-43.50807,-23.05269],[-43.50805,-23.05367],[-43.50945,-23.05415]]],[[[-43.56949,-23.05099],[-43.56606,-23.05146],[-43.56626,-23.05253],[-43.56712,-23.05227],[-43.56946,-23.05106],[-43.56949,-23.05099]]],[[[-43.56906,-23.05074],[-43.56935,-23.0509],[-43.5696,-23.05079],[-43.56943,-23.05071],[-43.56906,-23.05074]]],[[[-43.56921,-23.05045],[-43.57011,-23.05047],[-43.5705,-23.05024],[-43.57077,-23.04966],[-43.56921,-23.05044],[-43.56921,-23.05045]]],[[[-43.58461,-23.04411],[-43.58394,-23.04421],[-43.58305,-23.04505],[-43.5832,-23.04546],[-43.58435,-23.0446],[-43.58461,-23.04411]]],[[[-43.58833,-23.04218],[-43.58648,-23.04293],[-43.58563,-23.04477],[-43.58714,-23.04395],[-43.58839,-23.04265],[-43.58833,-23.04218]]],[[[-43.59417,-23.04207],[-43.59166,-23.04133],[-43.58859,-23.04223],[-43.59044,-23.04252],[-43.59417,-23.04207]]],[[[-43.59346,-23.04127],[-43.59297,-23.04103],[-43.59273,-23.04122],[-43.59316,-23.04144],[-43.59346,-23.04127]]],[[[-43.30796,-23.03868],[-43.30508,-23.03729],[-43.30313,-23.03726],[-43.30416,-23.0383],[-43.30793,-23.03871],[-43.30796,-23.03868]]],[[[-43.5883,-23.03565],[-43.57801,-23.04247],[-43.57858,-23.04416],[-43.58044,-23.04039],[-43.5883,-23.03565]]],[[[-43.20858,-23.04007],[-43.20365,-23.03755],[-43.19845,-23.03486],[-43.20172,-23.03794],[-43.20847,-23.04006],[-43.20858,-23.04007]]],[[[-43.19668,-23.03434],[-43.19578,-23.03362],[-43.1955,-23.0329],[-43.19546,-23.03361],[-43.19656,-23.03434],[-43.19668,-23.03434]]],[[[-43.1942,-23.03218],[-43.19353,-23.03146],[-43.19292,-23.03138],[-43.19309,-23.03182],[-43.19415,-23.03221],[-43.1942,-23.03218]]],[[[-43.30126,-23.03347],[-43.30028,-23.03165],[-43.29909,-23.03232],[-43.29891,-23.03417],[-43.30126,-23.03347]]],[[[-43.6678,-23.05308],[-43.614,-23.03098],[-43.56592,-23.05754],[-43.6678,-23.05308]]],[[[-43.61177,-23.03048],[-43.60761,-23.02963],[-43.60405,-23.03136],[-43.60669,-23.03206],[-43.61103,-23.03119],[-43.61177,-23.03048]]],[[[-43.19297,-23.03049],[-43.193,-23.02934],[-43.19207,-23.02917],[-43.1917,-23.02965],[-43.19297,-23.03049]]],[[[-43.27861,-23.03027],[-43.27656,-23.02897],[-43.27547,-23.0302],[-43.27739,-23.03032],[-43.27858,-23.03028],[-43.27861,-23.03027]]],[[[-43.57848,-23.04609],[-43.60118,-23.03945],[-43.60379,-23.0288],[-43.588,-23.0368],[-43.5789,-23.04574],[-43.57848,-23.04609]]],[[[-43.60013,-23.02735],[-43.60265,-23.02891],[-43.60429,-23.02789],[-43.60347,-23.02645],[-43.6005,-23.02694],[-43.60013,-23.02735]]],[[[-43.20661,-23.02612],[-43.20306,-23.02555],[-43.20119,-23.02608],[-43.20293,-23.02752],[-43.20652,-23.02624],[-43.20661,-23.02612]]],[[[-43.19572,-23.02752],[-43.194,-23.02614],[-43.19114,-23.02568],[-43.1912,-23.02752],[-43.19572,-23.02752]]],[[[-43.18248,-23.02351],[-43.18248,-23.02369],[-43.18265,-23.02375],[-43.1826,-23.02363],[-43.18248,-23.02351]]],[[[-43.1841,-23.02266],[-43.184,-23.02186],[-43.18344,-23.02226],[-43.18351,-23.02279],[-43.18406,-23.02264],[-43.1841,-23.02266]]],[[[-43.66097,-22.99986],[-43.66078,-22.99962],[-43.66048,-22.99951],[-43.66046,-22.99978],[-43.66092,-22.9999],[-43.66097,-22.99986]]],[[[-43.6614,-22.99878],[-43.66062,-22.99852],[-43.65992,-22.99836],[-43.6607,-22.99888],[-43.66136,-22.99888],[-43.6614,-22.99878]]],[[[-43.6964,-22.98689],[-43.6961,-22.98655],[-43.6954,-22.98637],[-43.69585,-22.98673],[-43.69634,-22.98692],[-43.6964,-22.98689]]],[[[-43.1818,-22.98607],[-43.18238,-22.98645],[-43.18264,-22.98636],[-43.18246,-22.98616],[-43.18199,-22.98598],[-43.1818,-22.98607]]],[[[-43.0886,-22.98888],[-43.08814,-22.98736],[-43.08115,-22.98563],[-43.08214,-22.98831],[-43.0886,-22.98888]]],[[[-43.70743,-22.98666],[-43.70528,-22.98573],[-43.70314,-22.98514],[-43.70507,-22.98633],[-43.70743,-22.98666]]],[[[-43.06851,-22.98594],[-43.06748,-22.98266],[-43.06449,-22.9823],[-43.06245,-22.98274],[-43.06778,-22.98617],[-43.06851,-22.98594]]],[[[-43.05308,-22.97731],[-43.05339,-22.97996],[-43.05484,-22.98075],[-43.05468,-22.97861],[-43.0534,-22.97733],[-43.05308,-22.97731]]],[[[-43.15104,-22.96699],[-43.15075,-22.96473],[-43.14776,-22.96179],[-43.14889,-22.96504],[-43.15104,-22.96699]]],[[[-43.10544,-22.9573],[-43.10473,-22.9559],[-43.10232,-22.95553],[-43.10253,-22.95697],[-43.10443,-22.95743],[-43.10544,-22.9573]]],[[[-43.11678,-22.95212],[-43.1162,-22.95177],[-43.11559,-22.95179],[-43.11538,-22.95233],[-43.11678,-22.95212]]],[[[-43.14849,-22.93554],[-43.14688,-22.93431],[-43.14626,-22.9344],[-43.14758,-22.93502],[-43.14845,-22.93556],[-43.14849,-22.93554]]],[[[-43.19782,-22.88777],[-43.19662,-22.88723],[-43.19564,-22.8875],[-43.19704,-22.88805],[-43.19782,-22.88777]]],[[[-43.20904,-22.89195],[-43.20959,-22.88833],[-43.20937,-22.8865],[-43.20819,-22.88661],[-43.20898,-22.89194],[-43.20904,-22.89195]]],[[[-43.1769,-22.8843],[-43.17553,-22.8828],[-43.17337,-22.88301],[-43.17507,-22.88395],[-43.1769,-22.8843]]],[[[-43.12515,-22.87453],[-43.12033,-22.87465],[-43.11824,-22.8758],[-43.12167,-22.87651],[-43.12515,-22.87453]]],[[[-43.13106,-22.86651],[-43.1267,-22.86225],[-43.1229,-22.85872],[-43.11874,-22.86314],[-43.131,-22.8665],[-43.13106,-22.86651]]],[[[-43.11703,-22.85426],[-43.11652,-22.85393],[-43.11591,-22.854],[-43.11604,-22.85456],[-43.11702,-22.8545],[-43.11703,-22.85426]]],[[[-43.1079,-22.8465],[-43.1076,-22.84685],[-43.10819,-22.84734],[-43.1085,-22.84709],[-43.10808,-22.84654],[-43.1079,-22.8465]]],[[[-43.1064,-22.84802],[-43.10595,-22.84645],[-43.10376,-22.84578],[-43.10458,-22.84798],[-43.1064,-22.84802]]],[[[-43.17578,-22.83671],[-43.17326,-22.83796],[-43.17362,-22.8387],[-43.17485,-22.83835],[-43.1758,-22.8372],[-43.17578,-22.83671]]],[[[-43.2155,-22.87049],[-43.24183,-22.83996],[-43.2211,-22.84631],[-43.22002,-22.85883],[-43.2155,-22.87049]]],[[[-43.10781,-22.84079],[-43.11277,-22.83484],[-43.11151,-22.83039],[-43.10474,-22.83477],[-43.10781,-22.84079]]],[[[-43.1676,-22.82924],[-43.16719,-22.82913],[-43.16717,-22.82933],[-43.16745,-22.8293],[-43.1676,-22.82924]]],[[[-43.25414,-22.82574],[-43.2543,-22.82564],[-43.25453,-22.82551],[-43.25432,-22.8255],[-43.25414,-22.82574]]],[[[-43.2592,-22.82662],[-43.25993,-22.82512],[-43.25868,-22.8246],[-43.25749,-22.82554],[-43.25911,-22.8266],[-43.2592,-22.82662]]],[[[-43.25466,-22.82532],[-43.25519,-22.82479],[-43.25536,-22.82417],[-43.25469,-22.82461],[-43.25463,-22.82528],[-43.25466,-22.82532]]],[[[-43.16279,-22.82032],[-43.16299,-22.81973],[-43.16269,-22.81951],[-43.16254,-22.81989],[-43.16279,-22.82032]]],[[[-43.10439,-22.82938],[-43.10129,-22.82436],[-43.09639,-22.81979],[-43.09632,-22.82362],[-43.10286,-22.83003],[-43.10439,-22.82938]]],[[[-43.1614,-22.81509],[-43.16297,-22.81455],[-43.16474,-22.81188],[-43.1616,-22.81338],[-43.1614,-22.81509]]],[[[-43.12256,-22.80445],[-43.12324,-22.80637],[-43.12376,-22.80712],[-43.12342,-22.8048],[-43.12256,-22.80445]]],[[[-43.11961,-22.80385],[-43.11886,-22.80262],[-43.11738,-22.80248],[-43.11686,-22.80321],[-43.11786,-22.80443],[-43.11961,-22.80385]]],[[[-43.11197,-22.80319],[-43.11167,-22.80167],[-43.10888,-22.80004],[-43.10954,-22.80187],[-43.11138,-22.80307],[-43.11197,-22.80319]]],[[[-43.1575,-22.80034],[-43.15778,-22.80006],[-43.15761,-22.79986],[-43.15733,-22.80013],[-43.1575,-22.80034]]],[[[-43.16929,-22.80068],[-43.16903,-22.7999],[-43.16849,-22.79995],[-43.16869,-22.80047],[-43.16929,-22.80068]]],[[[-43.12356,-22.79778],[-43.12307,-22.79841],[-43.12373,-22.7993],[-43.12388,-22.79861],[-43.12367,-22.79794],[-43.12356,-22.79778]]],[[[-43.11377,-22.79639],[-43.11127,-22.79662],[-43.11201,-22.797],[-43.11244,-22.79725],[-43.11294,-22.79727],[-43.11377,-22.79639]]],[[[-43.12275,-22.79636],[-43.12142,-22.79595],[-43.12201,-22.79679],[-43.12247,-22.79699],[-43.12275,-22.79636]]],[[[-43.15579,-22.79473],[-43.15582,-22.79466],[-43.15584,-22.79463],[-43.15577,-22.79467],[-43.15579,-22.79473]]],[[[-43.15554,-22.79463],[-43.15548,-22.79463],[-43.15546,-22.79459],[-43.15546,-22.79464],[-43.15554,-22.79463]]],[[[-43.15593,-22.79451],[-43.15599,-22.79444],[-43.15596,-22.79434],[-43.15587,-22.79438],[-43.15592,-22.79448],[-43.15593,-22.79451]]],[[[-43.15494,-22.79417],[-43.15491,-22.79417],[-43.15488,-22.79419],[-43.1549,-22.79421],[-43.15494,-22.79419],[-43.15494,-22.79417]]],[[[-43.15488,-22.79413],[-43.15496,-22.79416],[-43.15499,-22.79413],[-43.15494,-22.7941],[-43.15488,-22.79412],[-43.15488,-22.79413]]],[[[-43.15486,-22.7941],[-43.15482,-22.79409],[-43.15481,-22.79411],[-43.15484,-22.79412],[-43.15486,-22.79411],[-43.15486,-22.7941]]],[[[-43.15581,-22.79402],[-43.1558,-22.79404],[-43.15581,-22.79405],[-43.15582,-22.79404],[-43.15581,-22.79403],[-43.15581,-22.79402]]],[[[-43.15597,-22.7946],[-43.1558,-22.7941],[-43.15503,-22.79415],[-43.15544,-22.79455],[-43.15597,-22.7946]]],[[[-43.15577,-22.79206],[-43.15571,-22.79207],[-43.15571,-22.79209],[-43.15573,-22.79208],[-43.15577,-22.79208],[-43.15577,-22.79206]]],[[[-43.15554,-22.79204],[-43.15548,-22.79199],[-43.15542,-22.79201],[-43.15543,-22.79207],[-43.1555,-22.79208],[-43.15554,-22.79204]]],[[[-43.15559,-22.79194],[-43.15554,-22.79192],[-43.1555,-22.79194],[-43.15553,-22.79197],[-43.15557,-22.79196],[-43.15559,-22.79194]]],[[[-43.15554,-22.79189],[-43.15551,-22.79189],[-43.15552,-22.7919],[-43.15554,-22.7919],[-43.15554,-22.79189]]],[[[-43.1557,-22.79195],[-43.15569,-22.79188],[-43.15564,-22.7919],[-43.15563,-22.79192],[-43.15565,-22.79194],[-43.1557,-22.79195]]],[[[-43.15563,-22.79188],[-43.15558,-22.79184],[-43.15553,-22.79185],[-43.15554,-22.7919],[-43.15561,-22.7919],[-43.15563,-22.79188]]],[[[-43.15552,-22.79182],[-43.1555,-22.79183],[-43.15549,-22.79185],[-43.15552,-22.79184],[-43.15552,-22.79182]]],[[[-43.15582,-22.79183],[-43.1558,-22.79181],[-43.15577,-22.79182],[-43.15578,-22.79186],[-43.15582,-22.79184],[-43.15582,-22.79183]]],[[[-43.15537,-22.79173],[-43.15537,-22.79175],[-43.1554,-22.79177],[-43.1554,-22.79175],[-43.15537,-22.79173]]],[[[-43.15569,-22.79168],[-43.15568,-22.79173],[-43.15571,-22.79178],[-43.15571,-22.79173],[-43.15569,-22.79168]]],[[[-43.10463,-22.79199],[-43.105,-22.79114],[-43.10399,-22.79065],[-43.10455,-22.79124],[-43.10463,-22.79199]]],[[[-43.15224,-22.79018],[-43.15216,-22.7903],[-43.15228,-22.79039],[-43.15232,-22.79036],[-43.15224,-22.79018]]],[[[-43.10659,-22.79138],[-43.10507,-22.79036],[-43.10535,-22.7907],[-43.10584,-22.79116],[-43.10652,-22.79143],[-43.10659,-22.79138]]],[[[-43.10093,-22.78936],[-43.10095,-22.78965],[-43.10146,-22.78993],[-43.10159,-22.78981],[-43.10104,-22.78932],[-43.10093,-22.78936]]],[[[-43.15183,-22.79072],[-43.15171,-22.78986],[-43.15123,-22.78959],[-43.15169,-22.79011],[-43.15183,-22.79072]]],[[[-43.14859,-22.78946],[-43.1494,-22.78935],[-43.14909,-22.78891],[-43.14866,-22.7892],[-43.14859,-22.78946]]],[[[-43.10058,-22.78896],[-43.09991,-22.78863],[-43.09935,-22.78831],[-43.09963,-22.78879],[-43.10055,-22.78899],[-43.10058,-22.78896]]],[[[-43.15162,-22.78747],[-43.15022,-22.78679],[-43.14875,-22.78691],[-43.14977,-22.78772],[-43.15159,-22.78749],[-43.15162,-22.78747]]],[[[-43.13718,-22.78305],[-43.13802,-22.7833],[-43.1382,-22.78288],[-43.13797,-22.78264],[-43.13717,-22.78302],[-43.13718,-22.78305]]],[[[-43.14083,-22.78206],[-43.14053,-22.78168],[-43.14048,-22.78209],[-43.14055,-22.78206],[-43.14083,-22.78206]]],[[[-43.107,-22.77693],[-43.10646,-22.77658],[-43.10503,-22.77762],[-43.10577,-22.77767],[-43.107,-22.77693]]],[[[-43.13852,-22.77727],[-43.13854,-22.77636],[-43.13783,-22.77631],[-43.1377,-22.7767],[-43.13848,-22.77729],[-43.13852,-22.77727]]],[[[-43.13916,-22.77689],[-43.14041,-22.77672],[-43.14156,-22.77632],[-43.14039,-22.7764],[-43.13916,-22.77684],[-43.13916,-22.77689]]],[[[-43.26568,-22.81285],[-43.15625,-22.77963],[-43.17029,-22.83128],[-43.26568,-22.81285]]],[[[-43.15195,-22.77393],[-43.15946,-22.77557],[-43.16207,-22.77182],[-43.15887,-22.77058],[-43.15195,-22.77393]]],[[[-43.11534,-22.77042],[-43.11512,-22.77008],[-43.11464,-22.76951],[-43.11489,-22.7699],[-43.11532,-22.77042],[-43.11534,-22.77042]]],[[[-43.1171,-22.76947],[-43.11685,-22.76892],[-43.11649,-22.76911],[-43.11658,-22.76936],[-43.11709,-22.76947],[-43.1171,-22.76947]]],[[[-43.169,-22.76869],[-43.16894,-22.76873],[-43.16896,-22.76875],[-43.16902,-22.76879],[-43.16903,-22.76873],[-43.169,-22.76869]]],[[[-43.1686,-22.76797],[-43.16863,-22.76807],[-43.16863,-22.76816],[-43.16867,-22.76804],[-43.1686,-22.76797]]],[[[-43.1681,-22.76907],[-43.16832,-22.76836],[-43.16791,-22.76791],[-43.1675,-22.76848],[-43.1681,-22.76907]]],[[[-43.16828,-22.7679],[-43.16847,-22.76792],[-43.16859,-22.76785],[-43.1685,-22.76781],[-43.16831,-22.76787],[-43.16828,-22.7679]]],[[[-43.16831,-22.76756],[-43.16827,-22.76766],[-43.16821,-22.76775],[-43.16831,-22.76765],[-43.16831,-22.76756]]],[[[-43.16937,-22.76776],[-43.16935,-22.76764],[-43.16915,-22.76755],[-43.16919,-22.76771],[-43.16935,-22.76777],[-43.16937,-22.76776]]],[[[-43.16805,-22.76769],[-43.16802,-22.7674],[-43.16781,-22.76757],[-43.16787,-22.76769],[-43.16801,-22.7677],[-43.16805,-22.76769]]],[[[-43.16876,-22.76739],[-43.16866,-22.7675],[-43.16878,-22.76764],[-43.16884,-22.76754],[-43.16882,-22.76743],[-43.16876,-22.76739]]],[[[-43.16866,-22.76733],[-43.16851,-22.76738],[-43.16855,-22.7675],[-43.16864,-22.76743],[-43.16866,-22.76733]]],[[[-43.16837,-22.7672],[-43.16827,-22.76719],[-43.16826,-22.76726],[-43.16834,-22.76726],[-43.16837,-22.7672]]],[[[-43.1692,-22.76744],[-43.169,-22.76726],[-43.16882,-22.76715],[-43.16894,-22.76739],[-43.16917,-22.76747],[-43.1692,-22.76744]]],[[[-43.16917,-22.76701],[-43.1691,-22.767],[-43.1691,-22.76704],[-43.16915,-22.76703],[-43.16917,-22.76701]]],[[[-43.16892,-22.76696],[-43.16887,-22.767],[-43.16888,-22.76708],[-43.16896,-22.76706],[-43.16896,-22.76698],[-43.16892,-22.76696]]],[[[-43.1692,-22.76694],[-43.16917,-22.76697],[-43.16919,-22.76699],[-43.16921,-22.767],[-43.16923,-22.76696],[-43.1692,-22.76694]]],[[[-43.16923,-22.76678],[-43.16914,-22.76682],[-43.16915,-22.76691],[-43.16922,-22.76685],[-43.16923,-22.76678]]],[[[-43.16868,-22.76672],[-43.16867,-22.76677],[-43.16871,-22.7668],[-43.16875,-22.76679],[-43.16873,-22.76673],[-43.16868,-22.76672]]],[[[-43.16919,-22.76664],[-43.16909,-22.76662],[-43.16909,-22.76671],[-43.16917,-22.76671],[-43.16919,-22.76664]]],[[[-43.10215,-22.76328],[-43.10206,-22.76266],[-43.10163,-22.76259],[-43.10169,-22.76297],[-43.1021,-22.76329],[-43.10215,-22.76328]]],[[[-43.12008,-22.75846],[-43.12078,-22.75642],[-43.11776,-22.75374],[-43.1148,-22.75642],[-43.12008,-22.75846]]],[[[-43.11116,-22.76949],[-43.10703,-22.74941],[-43.10221,-22.75147],[-43.10734,-22.75584],[-43.11116,-22.76949]]],[[[-43.1241,-22.74832],[-43.12707,-22.74784],[-43.12909,-22.74737],[-43.12639,-22.74649],[-43.12409,-22.7483],[-43.1241,-22.74832]]],[[[-43.79654,-22.91943],[-43.62281,-22.82596],[-43.65245,-22.68048],[-43.63326,-22.6615],[-43.66961,-22.65479],[-43.66063,-22.61874],[-43.62271,-22.64223],[-43.55816,-22.56734],[-43.33197,-22.51922],[-43.29671,-22.47575],[-43.22168,-22.52125],[-43.24648,-22.52694],[-43.25468,-22.57516],[-43.10831,-22.5342],[-43.04079,-22.45593],[-42.97032,-22.47111],[-42.92851,-22.44986],[-42.86615,-22.56898],[-42.90713,-22.60136],[-42.90745,-22.65531],[-42.78484,-22.63928],[-42.70035,-22.7269],[-42.68821,-22.79274],[-42.65903,-22.7991],[-42.66926,-22.84435],[-42.64244,-22.85119],[-42.67987,-22.90889],[-42.65213,-22.90448],[-42.63395,-22.93661],[-42.6899,-22.96211],[-43.05165,-22.98231],[-43.11437,-22.95154],[-43.13546,-22.93793],[-43.09545,-22.91665],[-43.13166,-22.91142],[-43.13481,-22.88175],[-43.02622,-22.72588],[-43.0329,-22.69439],[-43.08554,-22.68049],[-43.12705,-22.71532],[-43.21299,-22.7258],[-43.27851,-22.78038],[-43.2332,-22.86906],[-43.20239,-22.8726],[-43.21078,-22.89764],[-43.15774,-22.91262],[-43.18031,-22.94816],[-43.15015,-22.95085],[-43.18963,-22.99074],[-43.44262,-23.02198],[-43.56439,-23.07554],[-43.59955,-23.02289],[-43.79654,-22.91943]]]]}},{"type":"Feature","id":"35001","properties":{"code":"35001","name":"Jales"},"geometry":{"type":"MultiPolygon","coordinates":[[[[-50.96031,-20.55712],[-50.99858,-20.41443],[-51.10939,-20.28009],[-51.05893,-20.23516],[-50.99653,-20.07731],[-50.90813,-19.99426],[-50.6581,-19.90715],[-50.57454,-19.8145],[-50.45411,-19.78623],[-50.48146,-19.84366],[-50.43221,-19.98263],[-50.51967,-20.03456],[-50.48236,-20.1521],[-50.45066,-20.15889],[-50.4809,-20.30007],[-50.46866,-20.39047],[-50.43018,-20.41235],[-50.44518,-20.48264],[-50.54477,-20.50362],[-50.55429,-20.52852],[-50.64462,-20.50654],[-50.76483,-20.55298],[-50.81324,-20.53108],[-50.96031,-20.55712]]]]}},{"type":"Feature","id":"35002","properties":{"code":"35002","name":"FernandãPolis"},"geometry":{"type":"MultiPolygon","coordinates":[[[[-50.22619,-20.49559],[-50.29779,-20.46041],[-50.44825,-20.47558],[-50.43018,-20.41235],[-50.46866,-20.39047],[-50.4809,-20.30007],[-50.45066,-20.15889],[-50.48236,-20.1521],[-50.51967,-20.03456],[-50.43221,-19.98263],[-50.48146,-19.84366],[-50.45411,-19.78623],[-50.34566,-19.86756],[-50.09724,-19.87548],[-50.04413,-19.91642],[-50.05509,-19.98046],[-50.11157,-20.03394],[-50.02802,-20.07881],[-50.02915,-20.19669],[-50.07144,-20.24549],[-50.09221,-20.37467],[-50.14179,-20.3844],[-50.15308,-20.45318],[-50.22619,-20.49559]]]]}},{"type":"Feature","id":"35003","properties":{"code":"35003","name":"Votuporanga"},"geometry":{"type":"MultiPolygon","coordinates":[[[[-49.86979,-20.59088],[-50.20234,-20.48542],[-50.13633,-20.42595],[-50.14179,-20.3844],[-50.09137,-20.37338],[-50.07144,-20.24549],[-50.02915,-20.19669],[-50.02802,-20.07881],[-50.08437,-20.06729],[-50.11076,-20.01961],[-50.05509,-19.98046],[-50.04413,-19.91642],[-49.85557,-19.94682],[-49.61323,-19.91997],[-49.55018,-20.02315],[-49.55124,-20.06935],[-49.5991,-20.07742],[-49.62725,-20.17937],[-49.69204,-20.19321],[-49.61256,-20.32154],[-49.66776,-20.36723],[-49.74177,-20.53497],[-49.80119,-20.53162],[-49.86979,-20.59088]]]]}},{"type":"Feature","id":"35004","properties":{"code":"35004","name":"SãO Josã Do Rio Preto"},"geometry":{"type":"MultiPolygon","coordinates":[[[[-49.69275,-21.36439],[-49.74536,-21.29713],[-49.77182,-21.30618],[-49.92112,-21.22594],[-50.09424,-21.21922],[-50.15132,-21.13989],[-49.97156,-20.90826],[-49.94347,-20.93543],[-49.87205,-20.91785],[-49.8273,-20.95369],[-49.72644,-20.93208],[-49.70553,-20.95062],[-49.72074,-20.97597],[-49.66807,-20.9652],[-49.65373,-20.99461],[-49.63428,-20.97086],[-49.62685,-20.87997],[-49.57345,-20.86385],[-49.56312,-20.82197],[-49.62594,-20.75813],[-49.60523,-20.70741],[-49.64291,-20.70914],[-49.78757,-20.5943],[-49.83856,-20.61436],[-49.87074,-20.5908],[-49.80119,-20.53162],[-49.74177,-20.53497],[-49.66776,-20.36723],[-49.61256,-20.32154],[-49.69204,-20.19321],[-49.62725,-20.17937],[-49.5991,-20.07742],[-49.55124,-20.06935],[-49.55018,-20.02315],[-49.61323,-19.91997],[-49.514,-19.91431],[-49.43454,-19.98239],[-49.26517,-19.96204],[-49.24762,-19.99775],[-49.29631,-20.01557],[-49.30854,-20.10389],[-49.25251,-20.27116],[-49.17256,-20.31254],[-49.12241,-20.27355],[-49.06484,-20.15261],[-48.98605,-20.17077],[-48.97035,-20.38979],[-48.88212,-20.44087],[-48.88726,-20.4903],[-48.83124,-20.56889],[-48.84069,-20.65216],[-48.79294,-20.66133],[-48.79242,-20.72531],[-48.8917,-20.8238],[-48.92085,-20.81391],[-48.94938,-20.86957],[-49.07899,-20.81177],[-49.1325,-20.96774],[-49.10628,-21.02247],[-49.15331,-21.18469],[-49.22692,-21.12449],[-49.32686,-21.12855],[-49.38363,-21.17546],[-49.50506,-21.20719],[-49.57169,-21.26793],[-49.58542,-21.36082],[-49.69275,-21.36439]]]]}},{"type":"Feature","id":"35005","properties":{"code":"35005","name":"Catanduva"},"geometry":{"type":"MultiPolygon","coordinates":[[[[-48.77356,-21.42763],[-48.89016,-21.38574],[-48.92443,-21.2929],[-48.96677,-21.26729],[-48.99405,-21.28608],[-49.01149,-21.25277],[-49.15331,-21.18469],[-49.10628,-21.02247],[-49.1325,-20.96774],[-49.07899,-20.81177],[-48.94938,-20.86957],[-48.92085,-20.81391],[-48.8917,-20.8238],[-48.79512,-20.72519],[-48.73148,-20.7571],[-48.71761,-20.79349],[-48.74708,-20.83118],[-48.74618,-20.90422],[-48.78564,-20.93402],[-48.69192,-21.00935],[-48.72543,-21.07382],[-48.7769,-21.09925],[-48.69525,-21.22139],[-48.74384,-21.25066],[-48.73104,-21.31714],[-48.77356,-21.42763]]]]}},{"type":"Feature","id":"35006","properties":{"code":"35006","name":"Auriflama"},"geometry":{"type":"MultiPolygon","coordinates":[[[[-50.80114,-20.67034],[-50.8022,-20.60256],[-50.76452,-20.62139],[-50.76865,-20.54474],[-50.64462,-20.50654],[-50.55429,-20.52852],[-50.54477,-20.50362],[-50.29779,-20.46041],[-50.12171,-20.51281],[-50.12506,-20.56967],[-50.08809,-20.62598],[-50.12578,-20.69824],[-50.12176,-20.83479],[-50.18577,-20.90166],[-50.26277,-20.90583],[-50.27572,-20.87282],[-50.37441,-20.85368],[-50.38383,-20.80944],[-50.50558,-20.76161],[-50.63868,-20.76209],[-50.68555,-20.7078],[-50.74389,-20.72189],[-50.75098,-20.68141],[-50.80114,-20.67034]]]]}},{"type":"Feature","id":"35007","properties":{"code":"35007","name":"Nhandeara"},"geometry":{"type":"MultiPolygon","coordinates":[[[[-49.65282,-20.99434],[-49.66807,-20.9652],[-49.72074,-20.97597],[-49.70553,-20.95062],[-49.72644,-20.93208],[-49.8273,-20.95369],[-49.87205,-20.91785],[-49.94347,-20.93543],[-49.95801,-20.90638],[-50.03292,-20.97839],[-50.03155,-20.93337],[-50.06214,-20.93926],[-50.11205,-20.87632],[-50.16386,-20.87488],[-50.12176,-20.83479],[-50.12578,-20.69824],[-50.08834,-20.62947],[-50.12155,-20.5225],[-50.00619,-20.54157],[-49.98279,-20.57231],[-49.91856,-20.56014],[-49.83856,-20.61436],[-49.79154,-20.59259],[-49.64291,-20.70914],[-49.60523,-20.70741],[-49.62594,-20.75813],[-49.56312,-20.82197],[-49.57345,-20.86385],[-49.62685,-20.87997],[-49.65282,-20.99434]]]]}},{"type":"Feature","id":"35008","properties":{"code":"35008","name":"Novo Horizonte"},"geometry":{"type":"MultiPolygon","coordinates":[[[[-49.21716,-21.67327],[-49.27824,-21.65529],[-49.34156,-21.54547],[-49.41798,-21.5433],[-49.48753,-21.50126],[-49.62842,-21.35443],[-49.58518,-21.36066],[-49.57169,-21.26793],[-49.50506,-21.20719],[-49.38363,-21.17546],[-49.3234,-21.12768],[-49.18994,-21.13794],[-49.17249,-21.18048],[-49.01522,-21.25043],[-48.99415,-21.28603],[-48.96677,-21.26729],[-48.92422,-21.29305],[-48.90017,-21.37058],[-48.94929,-21.42599],[-48.9811,-21.41605],[-48.98296,-21.45538],[-49.01961,-21.48243],[-49.08762,-21.46672],[-49.18013,-21.59114],[-49.2411,-21.62243],[-49.21716,-21.67327]]]]}},{"type":"Feature","id":"35009","properties":{"code":"35009","name":"Barretos"},"geometry":{"type":"MultiPolygon","coordinates":[[[[-48.68973,-20.84062],[-48.72803,-20.76081],[-48.80065,-20.71429],[-48.79294,-20.66133],[-48.84069,-20.65216],[-48.83195,-20.56634],[-48.89433,-20.46433],[-48.86706,-20.39887],[-48.88655,-20.27116],[-48.85539,-20.18014],[-48.73546,-20.14959],[-48.59868,-20.17093],[-48.52162,-20.24335],[-48.47791,-20.42808],[-48.3446,-20.57528],[-48.43231,-20.5611],[-48.52121,-20.62064],[-48.48986,-20.63165],[-48.49155,-20.69505],[-48.42546,-20.76207],[-48.44607,-20.78685],[-48.68973,-20.84062]]]]}},{"type":"Feature","id":"35010","properties":{"code":"35010","name":"SãO Joaquim Da Barra"},"geometry":{"type":"MultiPolygon","coordinates":[[[[-47.77975,-20.89444],[-47.88964,-20.90987],[-47.98537,-20.87637],[-48.05603,-20.93125],[-48.2416,-20.8504],[-48.25669,-20.74133],[-48.33829,-20.69554],[-48.41962,-20.74963],[-48.45939,-20.73767],[-48.49155,-20.69505],[-48.48891,-20.6332],[-48.52041,-20.61922],[-48.43231,-20.5611],[-48.3446,-20.57528],[-48.47791,-20.42808],[-48.52066,-20.24455],[-48.59712,-20.17171],[-48.64693,-20.167],[-48.57823,-20.13125],[-48.40578,-20.11351],[-48.24133,-20.14018],[-48.21775,-20.12529],[-48.25343,-20.07792],[-48.23483,-20.02828],[-48.14772,-20.12414],[-48.07678,-20.14843],[-48.00232,-20.10416],[-47.98674,-20.03875],[-47.95267,-20.05093],[-47.88951,-20.15579],[-47.92466,-20.24696],[-47.97656,-20.26196],[-47.97009,-20.2928],[-48.03924,-20.3618],[-47.93224,-20.36981],[-47.92946,-20.43194],[-47.88098,-20.4353],[-47.89246,-20.46937],[-47.86513,-20.47221],[-47.83651,-20.53792],[-47.65486,-20.64283],[-47.66222,-20.67018],[-47.61249,-20.70026],[-47.6508,-20.7211],[-47.65934,-20.81901],[-47.71916,-20.8156],[-47.77298,-20.85575],[-47.77975,-20.89444]]]]}},{"type":"Feature","id":"35011","properties":{"code":"35011","name":"Ituverava"},"geometry":{"type":"MultiPolygon","coordinates":[[[[-47.76488,-20.59798],[-47.89246,-20.46937],[-47.88098,-20.4353],[-47.92946,-20.43194],[-47.93224,-20.36981],[-48.03996,-20.35328],[-47.97022,-20.29299],[-47.97656,-20.26196],[-47.92466,-20.24696],[-47.85975,-19.99294],[-47.70841,-19.9787],[-47.63476,-20.04925],[-47.54525,-19.99289],[-47.509,-20.05991],[-47.51787,-20.10551],[-47.60912,-20.1596],[-47.60265,-20.25265],[-47.64544,-20.28826],[-47.62603,-20.40953],[-47.66589,-20.42384],[-47.61522,-20.48167],[-47.76488,-20.59798]]]]}},{"type":"Feature","id":"35012","properties":{"code":"35012","name":"Franca"},"geometry":{"type":"MultiPolygon","coordinates":[[[[-47.24613,-20.86457],[-47.28955,-20.83592],[-47.34151,-20.85766],[-47.3449,-20.82769],[-47.41801,-20.8064],[-47.42982,-20.76413],[-47.47013,-20.76989],[-47.50847,-20.72505],[-47.56818,-20.73903],[-47.58098,-20.71028],[-47.60418,-20.71816],[-47.59821,-20.6931],[-47.66186,-20.67062],[-47.65486,-20.64283],[-47.74284,-20.59733],[-47.61522,-20.48167],[-47.66575,-20.42787],[-47.62626,-20.40988],[-47.61861,-20.36441],[-47.64544,-20.28826],[-47.60265,-20.25265],[-47.60874,-20.15893],[-47.56361,-20.15329],[-47.51787,-20.10551],[-47.509,-20.05991],[-47.5476,-19.99026],[-47.4726,-19.96103],[-47.40813,-20.0802],[-47.25704,-20.1662],[-47.23107,-20.21915],[-47.29821,-20.34844],[-47.29277,-20.44773],[-47.15115,-20.52205],[-47.0969,-20.64453],[-47.1153,-20.7072],[-47.16924,-20.70343],[-47.24613,-20.86457]]]]}},{"type":"Feature","id":"35013","properties":{"code":"35013","name":"Jaboticabal"},"geometry":{"type":"MultiPolygon","coordinates":[[[[-48.63778,-21.56647],[-48.66663,-21.54481],[-48.66328,-21.48928],[-48.70711,-21.49013],[-48.71488,-21.43052],[-48.7543,-21.42069],[-48.74384,-21.25066],[-48.69525,-21.22139],[-48.7769,-21.09925],[-48.72543,-21.07382],[-48.69192,-21.00935],[-48.78564,-20.93402],[-48.7458,-20.90335],[-48.73922,-20.82183],[-48.61192,-20.83464],[-48.54567,-20.79615],[-48.46816,-20.79946],[-48.42548,-20.76283],[-48.44167,-20.75242],[-48.33829,-20.69554],[-48.25669,-20.74133],[-48.24315,-20.84808],[-48.17606,-20.89111],[-48.12979,-21.01494],[-48.12463,-21.08931],[-48.18693,-21.1304],[-48.13874,-21.24992],[-48.14641,-21.36798],[-48.11224,-21.42548],[-48.37057,-21.50502],[-48.4155,-21.47242],[-48.47849,-21.51741],[-48.60359,-21.51406],[-48.63778,-21.56647]]]]}},{"type":"Feature","id":"35014","properties":{"code":"35014","name":"RibeirãO Preto"},"geometry":{"type":"MultiPolygon","coordinates":[[[[-47.3469,-21.80653],[-47.42481,-21.7557],[-47.44053,-21.78513],[-47.54283,-21.80209],[-47.58791,-21.73453],[-47.61456,-21.75123],[-47.63638,-21.72505],[-47.66716,-21.74261],[-47.68148,-21.71579],[-47.81559,-21.69738],[-47.83058,-21.66946],[-47.80161,-21.63313],[-47.8308,-21.60102],[-47.8699,-21.61582],[-47.92435,-21.5731],[-47.99075,-21.59559],[-48.14641,-21.36798],[-48.13874,-21.24992],[-48.18693,-21.1304],[-48.12463,-21.08931],[-48.12658,-21.02659],[-48.17903,-20.88731],[-48.05344,-20.93156],[-47.98537,-20.87637],[-47.88964,-20.90987],[-47.7996,-20.88957],[-47.74657,-20.94346],[-47.61213,-20.96194],[-47.57192,-21.03843],[-47.54064,-21.03455],[-47.51811,-21.09793],[-47.62292,-21.141],[-47.6288,-21.17008],[-47.52703,-21.18072],[-47.48435,-21.24307],[-47.49814,-21.26843],[-47.45876,-21.367],[-47.40675,-21.34069],[-47.38057,-21.39508],[-47.30696,-21.4324],[-47.30765,-21.46114],[-47.26389,-21.45194],[-47.28756,-21.55111],[-47.35032,-21.56446],[-47.39923,-21.61374],[-47.3806,-21.64981],[-47.32222,-21.64995],[-47.33034,-21.72658],[-47.29381,-21.75043],[-47.3469,-21.80653]]]]}},{"type":"Feature","id":"35015","properties":{"code":"35015","name":"Batatais"},"geometry":{"type":"MultiPolygon","coordinates":[[[[-47.23757,-21.44352],[-47.30656,-21.46191],[-47.30696,-21.4324],[-47.38057,-21.39508],[-47.40813,-21.34014],[-47.45876,-21.367],[-47.49814,-21.26843],[-47.48435,-21.24307],[-47.51713,-21.22664],[-47.5022,-21.20455],[-47.6288,-21.17008],[-47.62292,-21.141],[-47.51811,-21.09793],[-47.54064,-21.03455],[-47.57192,-21.03843],[-47.61213,-20.96194],[-47.7678,-20.92832],[-47.77298,-20.85575],[-47.7075,-20.81001],[-47.66001,-20.81977],[-47.63083,-20.70384],[-47.59854,-20.69293],[-47.60418,-20.71816],[-47.58098,-20.71028],[-47.56818,-20.73903],[-47.53313,-20.7175],[-47.47013,-20.76989],[-47.42982,-20.76413],[-47.43597,-20.79222],[-47.3449,-20.82769],[-47.34151,-20.85766],[-47.28955,-20.83592],[-47.22736,-20.85647],[-47.22457,-20.91161],[-47.14781,-20.97249],[-47.11879,-21.18575],[-47.09926,-21.21419],[-47.06221,-21.20917],[-47.07729,-21.24022],[-47.04422,-21.26736],[-47.12759,-21.32882],[-47.14492,-21.29439],[-47.17086,-21.31349],[-47.23757,-21.44352]]]]}},{"type":"Feature","id":"35016","properties":{"code":"35016","name":"Andradina"},"geometry":{"type":"MultiPolygon","coordinates":[[[[-51.22037,-21.34323],[-51.57618,-21.18919],[-51.60084,-21.14426],[-51.65876,-21.16955],[-51.69914,-21.08859],[-51.77198,-21.04593],[-51.72223,-20.97677],[-51.62093,-20.93937],[-51.6349,-20.75485],[-51.58831,-20.63565],[-51.50022,-20.56822],[-51.34271,-20.35466],[-51.10939,-20.28009],[-50.99858,-20.41443],[-50.96031,-20.55712],[-50.76935,-20.54417],[-50.76452,-20.62139],[-50.8022,-20.60256],[-50.81347,-20.73256],[-50.87295,-20.82681],[-50.86728,-20.86134],[-51.05272,-21.06926],[-51.054,-21.14344],[-51.1126,-21.16422],[-51.22037,-21.34323]]]]}},{"type":"Feature","id":"35017","properties":{"code":"35017","name":"AraãAtuba"},"geometry":{"type":"MultiPolygon","coordinates":[[[[-50.81543,-21.56402],[-50.92487,-21.44136],[-51.00481,-21.43834],[-51.09274,-21.37097],[-51.17091,-21.38381],[-51.22566,-21.34289],[-51.18775,-21.31784],[-51.1126,-21.16422],[-51.054,-21.14344],[-51.05272,-21.06926],[-50.88619,-20.89178],[-50.78752,-20.67055],[-50.75098,-20.68141],[-50.74389,-20.72189],[-50.68555,-20.7078],[-50.63868,-20.76209],[-50.50558,-20.76161],[-50.38383,-20.80944],[-50.37441,-20.85368],[-50.27572,-20.87282],[-50.26277,-20.90583],[-50.30042,-21.00147],[-50.35819,-21.04355],[-50.34291,-21.07944],[-50.39324,-21.1802],[-50.39044,-21.25168],[-50.46655,-21.29711],[-50.54462,-21.44532],[-50.61718,-21.4468],[-50.69731,-21.52591],[-50.74934,-21.52374],[-50.81543,-21.56402]]]]}},{"type":"Feature","id":"35018","properties":{"code":"35018","name":"Birigui"},"geometry":{"type":"MultiPolygon","coordinates":[[[[-50.78229,-21.56745],[-50.76852,-21.53181],[-50.65477,-21.50001],[-50.61718,-21.4468],[-50.54462,-21.44532],[-50.46655,-21.29711],[-50.39044,-21.25168],[-50.39324,-21.1802],[-50.34291,-21.07944],[-50.35819,-21.04355],[-50.30042,-21.00147],[-50.24485,-20.89362],[-50.11205,-20.87632],[-50.06214,-20.93926],[-50.02237,-20.94358],[-50.10748,-21.063],[-50.10344,-21.10174],[-50.15132,-21.13989],[-50.13286,-21.19275],[-50.09098,-21.22033],[-49.92112,-21.22594],[-49.81806,-21.3031],[-49.91186,-21.55322],[-50.0482,-21.60993],[-50.06085,-21.58394],[-50.10012,-21.621],[-50.11454,-21.69224],[-50.36063,-21.72578],[-50.46132,-21.68749],[-50.5032,-21.7158],[-50.64663,-21.65068],[-50.70827,-21.57699],[-50.78229,-21.56745]]]]}},{"type":"Feature","id":"35019","properties":{"code":"35019","name":"Lins"},"geometry":{"type":"MultiPolygon","coordinates":[[[[-49.75803,-22.06165],[-49.81814,-22.00085],[-50.01113,-21.92525],[-50.15328,-21.78591],[-50.27422,-21.71118],[-50.11454,-21.69224],[-50.10012,-21.621],[-50.06085,-21.58394],[-50.0482,-21.60993],[-49.91528,-21.55744],[-49.86859,-21.45948],[-49.86855,-21.39263],[-49.81662,-21.3156],[-49.83163,-21.27495],[-49.74536,-21.29713],[-49.69586,-21.36341],[-49.58724,-21.37644],[-49.48449,-21.50346],[-49.41798,-21.5433],[-49.33503,-21.5501],[-49.30889,-21.62632],[-49.38235,-21.66891],[-49.43135,-21.77936],[-49.52543,-21.8519],[-49.56565,-21.83162],[-49.60682,-21.87089],[-49.63985,-21.85029],[-49.70201,-21.901],[-49.73982,-21.94889],[-49.75803,-22.06165]]]]}},{"type":"Feature","id":"35020","properties":{"code":"35020","name":"Bauru"},"geometry":{"type":"MultiPolygon","coordinates":[[[[-48.80257,-22.84533],[-49.02841,-22.8355],[-49.02659,-22.77192],[-49.09218,-22.70562],[-49.09533,-22.66689],[-49.15317,-22.68525],[-49.22798,-22.76041],[-49.36749,-22.783],[-49.38411,-22.70905],[-49.33567,-22.67635],[-49.35101,-22.64256],[-49.44435,-22.6005],[-49.50631,-22.5124],[-49.58539,-22.6039],[-49.59892,-22.66485],[-49.63014,-22.62399],[-49.68794,-22.60105],[-49.70539,-22.62479],[-49.7365,-22.58838],[-49.772,-22.50065],[-49.74352,-22.47025],[-49.70382,-22.43935],[-49.67447,-22.46872],[-49.64638,-22.43664],[-49.62851,-22.46915],[-49.59709,-22.45994],[-49.56997,-22.38362],[-49.51279,-22.39568],[-49.42278,-22.29374],[-49.4409,-22.3031],[-49.4367,-22.27061],[-49.49575,-22.22968],[-49.52376,-22.15262],[-49.74068,-22.02621],[-49.73982,-21.94889],[-49.65073,-21.85514],[-49.60517,-21.87082],[-49.56565,-21.83162],[-49.52678,-21.85265],[-49.43756,-21.7872],[-49.40584,-21.69598],[-49.31149,-21.61718],[-49.24069,-21.6704],[-49.16244,-21.64839],[-49.09814,-21.75383],[-48.96487,-21.76253],[-48.98784,-21.83203],[-48.90612,-21.86819],[-48.90839,-21.92617],[-48.86273,-21.9582],[-48.88913,-22.01303],[-48.85628,-22.03355],[-48.86038,-22.08921],[-48.98961,-22.21537],[-49.05516,-22.2298],[-48.9701,-22.33354],[-48.91165,-22.33785],[-48.91592,-22.39814],[-48.85723,-22.39501],[-48.86105,-22.48407],[-48.81686,-22.49503],[-48.81556,-22.54234],[-48.69861,-22.55905],[-48.643,-22.54001],[-48.65,-22.58877],[-48.60804,-22.65286],[-48.62057,-22.69592],[-48.68867,-22.69434],[-48.69141,-22.73794],[-48.7782,-22.76201],[-48.80257,-22.84533]]]]}},{"type":"Feature","id":"35021","properties":{"code":"35021","name":"Jaã"},"geometry":{"type":"MultiPolygon","coordinates":[[[[-48.25945,-22.60405],[-48.33835,-22.62426],[-48.44562,-22.53948],[-48.56107,-22.58722],[-48.65322,-22.53241],[-48.69861,-22.55905],[-48.81652,-22.54153],[-48.81686,-22.49503],[-48.86105,-22.48407],[-48.85723,-22.39501],[-48.91592,-22.39814],[-48.91165,-22.33785],[-48.9701,-22.33354],[-49.05475,-22.23453],[-49.03434,-22.20697],[-48.97946,-22.20786],[-48.86038,-22.08921],[-48.85628,-22.03355],[-48.88913,-22.01303],[-48.86273,-21.9582],[-48.90734,-21.91672],[-48.75049,-21.88463],[-48.54429,-22.03454],[-48.48148,-22.01417],[-48.39578,-22.11203],[-48.38744,-22.15962],[-48.31555,-22.19449],[-48.32998,-22.2677],[-48.29323,-22.26711],[-48.24392,-22.35068],[-48.23726,-22.39218],[-48.27865,-22.42708],[-48.24303,-22.47943],[-48.28947,-22.52541],[-48.23485,-22.52038],[-48.26065,-22.54149],[-48.25945,-22.60405]]]]}},{"type":"Feature","id":"35022","properties":{"code":"35022","name":"Avarã"},"geometry":{"type":"MultiPolygon","coordinates":[[[[-48.60922,-23.59191],[-48.76673,-23.61359],[-48.78096,-23.6428],[-48.84239,-23.5936],[-49.00689,-23.63282],[-49.0354,-23.67904],[-49.14068,-23.7027],[-49.11759,-23.5602],[-49.15657,-23.5493],[-49.15623,-23.47623],[-49.18098,-23.4242],[-49.21296,-23.41904],[-49.21734,-23.29852],[-49.19779,-23.28695],[-49.24871,-23.18618],[-49.22204,-23.03648],[-49.25684,-22.97497],[-49.30364,-22.9529],[-49.2799,-22.93881],[-49.30905,-22.88502],[-49.36951,-22.88378],[-49.37589,-22.77745],[-49.22798,-22.76041],[-49.15317,-22.68525],[-49.09533,-22.66689],[-49.09218,-22.70562],[-49.02659,-22.77192],[-49.03003,-22.83447],[-48.8036,-22.84474],[-48.78733,-22.87182],[-48.82894,-22.89223],[-48.84691,-22.94875],[-48.68528,-22.94788],[-48.6402,-22.97029],[-48.62776,-23.03319],[-48.48082,-23.07529],[-48.42933,-23.20575],[-48.5017,-23.26831],[-48.64746,-23.32908],[-48.62793,-23.35637],[-48.65337,-23.43049],[-48.61517,-23.49081],[-48.65232,-23.5375],[-48.62177,-23.53821],[-48.60922,-23.59191]]]]}},{"type":"Feature","id":"35023","properties":{"code":"35023","name":"Botucatu"},"geometry":{"type":"MultiPolygon","coordinates":[[[[-47.93687,-23.01456],[-48.05177,-23.10424],[-48.16271,-23.08662],[-48.19581,-23.11456],[-48.19446,-23.18347],[-48.26077,-23.22995],[-48.23934,-23.27907],[-48.27263,-23.2887],[-48.30036,-23.25788],[-48.36015,-23.30301],[-48.41859,-23.26253],[-48.49154,-23.26113],[-48.42778,-23.19943],[-48.48082,-23.07529],[-48.62776,-23.03319],[-48.6402,-22.97029],[-48.68528,-22.94788],[-48.78096,-22.96558],[-48.85221,-22.93172],[-48.78733,-22.87182],[-48.8037,-22.85025],[-48.7782,-22.76201],[-48.69141,-22.73794],[-48.68867,-22.69434],[-48.62057,-22.69592],[-48.60804,-22.65286],[-48.65,-22.58877],[-48.64496,-22.53661],[-48.56107,-22.58722],[-48.44562,-22.53948],[-48.33408,-22.62539],[-48.27638,-22.59539],[-48.24391,-22.61857],[-48.22724,-22.59396],[-48.16038,-22.63781],[-48.09303,-22.6255],[-48.08388,-22.72393],[-48.01428,-22.73465],[-48.04753,-22.83189],[-48.00309,-22.86576],[-48.01113,-22.89448],[-47.98554,-22.86865],[-47.97029,-22.9001],[-47.92747,-22.88524],[-47.95155,-22.92449],[-47.93687,-23.01456]]]]}},{"type":"Feature","id":"35024","properties":{"code":"35024","name":"Araraquara"},"geometry":{"type":"MultiPolygon","coordinates":[[[[-47.85919,-21.61622],[-47.92103,-21.71911],[-47.96701,-21.74008],[-47.94594,-21.77741],[-47.9918,-21.84974],[-47.97685,-21.86916],[-48.01342,-21.88725],[-48.03816,-21.85854],[-48.06766,-21.95206],[-48.16656,-21.97241],[-48.25462,-21.89315],[-48.32272,-22.07812],[-48.34821,-22.04695],[-48.44486,-22.06315],[-48.49096,-22.01133],[-48.54429,-22.03454],[-48.73115,-21.88936],[-48.83061,-21.89042],[-48.87916,-21.92087],[-48.90799,-21.86631],[-48.98784,-21.83203],[-48.96487,-21.76253],[-49.04407,-21.77422],[-49.10521,-21.75069],[-49.15608,-21.65352],[-49.21442,-21.67164],[-49.24122,-21.62415],[-49.18013,-21.59114],[-49.08714,-21.46628],[-49.01961,-21.48243],[-48.98296,-21.45538],[-48.9811,-21.41605],[-48.94929,-21.42599],[-48.90017,-21.37058],[-48.77487,-21.42738],[-48.72616,-21.41967],[-48.70906,-21.48838],[-48.66328,-21.48928],[-48.66663,-21.54481],[-48.63778,-21.56647],[-48.60359,-21.51406],[-48.47849,-21.51741],[-48.4155,-21.47242],[-48.37057,-21.50502],[-48.1135,-21.42059],[-48.01203,-21.53317],[-47.99075,-21.59559],[-47.92435,-21.5731],[-47.85919,-21.61622]]]]}},{"type":"Feature","id":"35025","properties":{"code":"35025","name":"SãO Carlos"},"geometry":{"type":"MultiPolygon","coordinates":[[[[-48.38744,-22.15962],[-48.44486,-22.06315],[-48.39447,-22.04341],[-48.32272,-22.07812],[-48.29858,-22.06374],[-48.289,-21.95374],[-48.25362,-21.89285],[-48.18676,-21.96736],[-48.06766,-21.95206],[-48.03816,-21.85854],[-48.01342,-21.88725],[-47.97634,-21.86863],[-47.9918,-21.84974],[-47.94594,-21.77741],[-47.96701,-21.74008],[-47.92103,-21.71911],[-47.85354,-21.59743],[-47.80187,-21.63188],[-47.83058,-21.66946],[-47.81559,-21.69738],[-47.68148,-21.71579],[-47.66716,-21.74261],[-47.63638,-21.72505],[-47.61456,-21.75123],[-47.58791,-21.73453],[-47.56986,-21.78433],[-47.52421,-21.80231],[-47.55502,-21.83743],[-47.51063,-21.87932],[-47.51191,-21.9359],[-47.58192,-21.99042],[-47.60075,-22.0516],[-47.62647,-22.0436],[-47.55115,-22.15356],[-47.69494,-22.20158],[-47.71318,-22.24009],[-47.72908,-22.18724],[-47.7545,-22.19114],[-47.79977,-22.12815],[-47.81489,-22.16134],[-47.89711,-22.16007],[-48.04487,-22.07322],[-48.04372,-22.12887],[-48.10509,-22.1802],[-48.19862,-22.14804],[-48.31497,-22.19877],[-48.38744,-22.15962]]]]}},{"type":"Feature","id":"35026","properties":{"code":"35026","name":"Rio Claro"},"geometry":{"type":"MultiPolygon","coordinates":[[[[-47.46206,-22.40833],[-47.56951,-22.46075],[-47.56265,-22.5266],[-47.60705,-22.55203],[-47.65445,-22.52094],[-47.66923,-22.53995],[-47.69007,-22.48264],[-47.74849,-22.48376],[-47.76821,-22.44341],[-47.81797,-22.45632],[-47.89275,-22.42433],[-47.94954,-22.43147],[-47.99483,-22.49381],[-48.07439,-22.52769],[-48.12599,-22.49002],[-48.1383,-22.52779],[-48.13947,-22.49125],[-48.17262,-22.476],[-48.21717,-22.53656],[-48.2886,-22.52567],[-48.24303,-22.47943],[-48.27865,-22.42708],[-48.23925,-22.36702],[-48.29323,-22.26711],[-48.32998,-22.2677],[-48.32647,-22.21742],[-48.24479,-22.1779],[-48.25595,-22.15464],[-48.10472,-22.18008],[-48.04372,-22.12887],[-48.04487,-22.07322],[-47.89711,-22.16007],[-47.81489,-22.16134],[-47.79977,-22.12815],[-47.7545,-22.19114],[-47.72908,-22.18724],[-47.71318,-22.24009],[-47.69494,-22.20158],[-47.59932,-22.17907],[-47.58722,-22.15024],[-47.52755,-22.17568],[-47.49146,-22.16013],[-47.46251,-22.29588],[-47.4839,-22.3787],[-47.46206,-22.40833]]]]}},{"type":"Feature","id":"35027","properties":{"code":"35027","name":"Limeira"},"geometry":{"type":"MultiPolygon","coordinates":[[[[-47.47671,-22.73838],[-47.50306,-22.6903],[-47.55001,-22.70543],[-47.52212,-22.67682],[-47.58275,-22.54196],[-47.56951,-22.46075],[-47.46206,-22.40833],[-47.48396,-22.37787],[-47.46586,-22.26111],[-47.49146,-22.16013],[-47.54345,-22.17111],[-47.57825,-22.08858],[-47.44205,-22.06358],[-47.37749,-22.09579],[-47.19749,-22.09872],[-47.19036,-22.17243],[-47.24126,-22.23012],[-47.17807,-22.29574],[-47.08375,-22.29981],[-47.0885,-22.39907],[-47.14859,-22.48133],[-47.20999,-22.43117],[-47.2529,-22.47686],[-47.2118,-22.53797],[-47.28022,-22.69236],[-47.33408,-22.71332],[-47.37054,-22.68188],[-47.47671,-22.73838]]]]}},{"type":"Feature","id":"35028","properties":{"code":"35028","name":"Piracicaba"},"geometry":{"type":"MultiPolygon","coordinates":[[[[-47.68945,-23.22318],[-47.71398,-23.14067],[-47.75292,-23.12175],[-47.79246,-23.15293],[-47.83623,-23.1243],[-47.80643,-23.10514],[-47.83844,-23.08221],[-47.76124,-23.03728],[-47.79205,-23.0176],[-47.74762,-23.0017],[-47.81707,-22.97775],[-47.80888,-22.87775],[-47.86877,-22.89901],[-47.86682,-22.8607],[-47.97029,-22.9001],[-47.98554,-22.86865],[-48.01048,-22.89529],[-48.00309,-22.86576],[-48.04753,-22.83189],[-48.01471,-22.73367],[-48.08388,-22.72393],[-48.09526,-22.62377],[-48.16038,-22.63781],[-48.22724,-22.59396],[-48.25415,-22.61778],[-48.24272,-22.52198],[-48.21696,-22.53645],[-48.17262,-22.476],[-48.13947,-22.49125],[-48.1383,-22.52779],[-48.12599,-22.49002],[-48.07439,-22.52769],[-47.99483,-22.49381],[-47.94954,-22.43147],[-47.89275,-22.42433],[-47.81797,-22.45632],[-47.76821,-22.44341],[-47.74849,-22.48376],[-47.69007,-22.48264],[-47.66923,-22.53995],[-47.65445,-22.52094],[-47.63095,-22.5476],[-47.58275,-22.54196],[-47.54997,-22.5825],[-47.52198,-22.6796],[-47.55001,-22.70543],[-47.50433,-22.69],[-47.49123,-22.71336],[-47.53055,-22.84568],[-47.44889,-22.84577],[-47.44113,-22.88947],[-47.38665,-22.91814],[-47.40652,-22.96445],[-47.38301,-22.99476],[-47.46275,-23.02648],[-47.43179,-23.1051],[-47.46503,-23.12806],[-47.50971,-23.09137],[-47.60869,-23.09926],[-47.62553,-23.14024],[-47.58363,-23.15142],[-47.68945,-23.22318]]]]}},{"type":"Feature","id":"35029","properties":{"code":"35029","name":"Pirassununga"},"geometry":{"type":"MultiPolygon","coordinates":[[[[-46.87805,-22.12084],[-46.94709,-22.14747],[-47.10094,-22.06663],[-47.1396,-22.11249],[-47.37749,-22.09579],[-47.44205,-22.06358],[-47.57839,-22.08893],[-47.62647,-22.0436],[-47.60075,-22.0516],[-47.58192,-21.99042],[-47.51191,-21.9359],[-47.51063,-21.87932],[-47.55502,-21.83743],[-47.52421,-21.80231],[-47.44053,-21.78513],[-47.42481,-21.7557],[-47.3469,-21.80653],[-47.25878,-21.74351],[-47.18604,-21.79144],[-47.19846,-21.90765],[-47.15981,-21.95286],[-47.19549,-21.97373],[-47.03739,-21.99053],[-47.03069,-22.01067],[-47.00702,-21.9754],[-46.94095,-21.97609],[-46.93506,-22.00873],[-46.88209,-22.01211],[-46.8612,-22.05043],[-46.89218,-22.08618],[-46.87805,-22.12084]]]]}},{"type":"Feature","id":"35030","properties":{"code":"35030","name":"SãO JoãO Da Boa Vista"},"geometry":{"type":"MultiPolygon","coordinates":[[[[-46.7174,-22.3073],[-46.89999,-22.24575],[-46.89995,-22.17569],[-46.86527,-22.13134],[-46.88976,-22.1113],[-46.8612,-22.05043],[-46.88209,-22.01211],[-46.93231,-22.01062],[-46.97436,-21.96734],[-47.03069,-22.01067],[-47.03739,-21.99053],[-47.19549,-21.97373],[-47.15981,-21.95286],[-47.19846,-21.90765],[-47.1862,-21.79096],[-47.21126,-21.75613],[-47.3295,-21.72777],[-47.32222,-21.64995],[-47.3806,-21.64981],[-47.39977,-21.62209],[-47.35032,-21.56446],[-47.28525,-21.54834],[-47.27655,-21.46446],[-47.21492,-21.42699],[-47.14593,-21.29437],[-47.12759,-21.32882],[-47.04343,-21.26773],[-46.99727,-21.35123],[-47.01151,-21.42227],[-46.92078,-21.42713],[-46.83215,-21.36654],[-46.76471,-21.36006],[-46.70596,-21.40484],[-46.66553,-21.36116],[-46.61526,-21.44147],[-46.57651,-21.42696],[-46.50925,-21.4699],[-46.51823,-21.61282],[-46.56463,-21.67868],[-46.62159,-21.67554],[-46.62603,-21.76623],[-46.69097,-21.83696],[-46.64754,-21.88046],[-46.67378,-21.91105],[-46.61326,-22.01496],[-46.67557,-22.02237],[-46.66479,-22.06886],[-46.72342,-22.0769],[-46.64675,-22.09189],[-46.59853,-22.13639],[-46.67384,-22.17562],[-46.7174,-22.3073]]]]}},{"type":"Feature","id":"35031","properties":{"code":"35031","name":"Moji Mirim"},"geometry":{"type":"MultiPolygon","coordinates":[[[[-46.93115,-22.68291],[-47.01375,-22.60866],[-47.0314,-22.619],[-47.04937,-22.56953],[-47.08895,-22.58713],[-47.11007,-22.6391],[-47.21522,-22.59771],[-47.2118,-22.53797],[-47.2529,-22.47686],[-47.2115,-22.43116],[-47.15349,-22.48172],[-47.1302,-22.46777],[-47.07485,-22.33738],[-47.08375,-22.29981],[-47.17661,-22.29633],[-47.23027,-22.25683],[-47.21844,-22.23077],[-47.24174,-22.21979],[-47.19036,-22.17243],[-47.19749,-22.09872],[-47.1396,-22.11249],[-47.10094,-22.06663],[-46.94709,-22.14747],[-46.87405,-22.11261],[-46.89999,-22.24575],[-46.72448,-22.29887],[-46.66092,-22.36604],[-46.66652,-22.41511],[-46.6163,-22.43863],[-46.69283,-22.47881],[-46.73783,-22.54836],[-46.793,-22.53835],[-46.87177,-22.58448],[-46.93115,-22.68291]]]]}},{"type":"Feature","id":"35032","properties":{"code":"35032","name":"Campinas"},"geometry":{"type":"MultiPolygon","coordinates":[[[[-47.41854,-23.16868],[-47.41154,-23.12005],[-47.46275,-23.02648],[-47.38312,-22.99495],[-47.40652,-22.96445],[-47.38656,-22.91859],[-47.44113,-22.88947],[-47.44889,-22.84577],[-47.53055,-22.84568],[-47.49648,-22.78213],[-47.50388,-22.73033],[-47.465,-22.73561],[-47.36421,-22.68056],[-47.33408,-22.71332],[-47.28038,-22.69248],[-47.22696,-22.56996],[-47.21136,-22.6021],[-47.12806,-22.6133],[-47.11007,-22.6391],[-47.08895,-22.58713],[-47.04897,-22.56966],[-47.0314,-22.619],[-46.93934,-22.65771],[-46.91381,-22.70004],[-46.87987,-22.69054],[-46.8289,-22.80259],[-46.86056,-22.84909],[-46.81673,-22.89752],[-46.88928,-22.90949],[-46.87556,-22.93746],[-46.92764,-22.98518],[-46.90356,-23.03676],[-46.99567,-23.08537],[-46.9952,-23.11572],[-47.07017,-23.04764],[-47.08432,-23.08969],[-47.14681,-23.10296],[-47.11281,-23.22603],[-47.24537,-23.1828],[-47.26027,-23.14682],[-47.29163,-23.15659],[-47.30072,-23.11277],[-47.41854,-23.16868]]]]}},{"type":"Feature","id":"35033","properties":{"code":"35033","name":"Amparo"},"geometry":{"type":"MultiPolygon","coordinates":[[[[-46.83605,-22.84418],[-46.8353,-22.77638],[-46.87961,-22.69094],[-46.9322,-22.68147],[-46.87177,-22.58448],[-46.793,-22.53835],[-46.73783,-22.54836],[-46.69283,-22.47881],[-46.61192,-22.43544],[-46.55481,-22.44665],[-46.50529,-22.51705],[-46.40695,-22.53993],[-46.43373,-22.57457],[-46.39306,-22.66297],[-46.47042,-22.67324],[-46.47889,-22.69828],[-46.33454,-22.7603],[-46.37452,-22.82024],[-46.51283,-22.8216],[-46.58268,-22.85085],[-46.62447,-22.83295],[-46.64798,-22.77316],[-46.69853,-22.76851],[-46.76668,-22.85234],[-46.83605,-22.84418]]]]}},{"type":"Feature","id":"35034","properties":{"code":"35034","name":"Dracena"},"geometry":{"type":"MultiPolygon","coordinates":[[[[-51.4932,-21.70766],[-51.6065,-21.68053],[-51.69988,-21.63313],[-51.71402,-21.59598],[-51.88059,-21.58336],[-51.96582,-21.52558],[-51.86196,-21.34162],[-51.84851,-21.26664],[-51.87586,-21.13615],[-51.78967,-21.10212],[-51.77248,-21.05112],[-51.6995,-21.0882],[-51.65876,-21.16955],[-51.60084,-21.14426],[-51.57618,-21.18919],[-51.32752,-21.29405],[-51.36509,-21.36931],[-51.36386,-21.48593],[-51.41562,-21.6492],[-51.4932,-21.70766]]]]}},{"type":"Feature","id":"35035","properties":{"code":"35035","name":"Adamantina"},"geometry":{"type":"MultiPolygon","coordinates":[[[[-50.78784,-21.93724],[-50.88954,-21.96709],[-51.06677,-21.88294],[-51.11133,-21.88885],[-51.22403,-21.82882],[-51.24916,-21.78283],[-51.22362,-21.74166],[-51.28394,-21.72145],[-51.33906,-21.77468],[-51.37405,-21.74016],[-51.48306,-21.7293],[-51.49645,-21.70744],[-51.41645,-21.65114],[-51.38762,-21.57061],[-51.36509,-21.36931],[-51.32883,-21.29251],[-51.18973,-21.37709],[-51.09274,-21.37097],[-51.00481,-21.43834],[-50.92487,-21.44136],[-50.81759,-21.56335],[-50.77746,-21.54277],[-50.78229,-21.56745],[-50.70827,-21.57699],[-50.64663,-21.65068],[-50.62078,-21.64501],[-50.63491,-21.76664],[-50.69328,-21.79305],[-50.70739,-21.77412],[-50.70642,-21.85665],[-50.78784,-21.93724]]]]}},{"type":"Feature","id":"35036","properties":{"code":"35036","name":"Presidente Prudente"},"geometry":{"type":"MultiPolygon","coordinates":[[[[-50.83272,-22.65877],[-50.90589,-22.63779],[-50.94729,-22.67468],[-50.97299,-22.54428],[-51.03556,-22.50432],[-51.01846,-22.47308],[-51.14235,-22.47785],[-51.27361,-22.54502],[-51.2982,-22.67351],[-51.44641,-22.65295],[-51.55957,-22.69718],[-51.62788,-22.65824],[-51.71817,-22.66902],[-51.7538,-22.61727],[-51.86862,-22.63045],[-51.94051,-22.56734],[-52.10921,-22.5163],[-52.14876,-22.54925],[-52.15668,-22.64472],[-52.22258,-22.67553],[-52.25041,-22.61543],[-52.31314,-22.63651],[-52.43763,-22.60685],[-52.50268,-22.63456],[-52.58492,-22.56593],[-52.70169,-22.62767],[-52.85836,-22.608],[-52.92474,-22.56562],[-52.98486,-22.57635],[-53.08779,-22.65845],[-53.11011,-22.61022],[-52.99858,-22.49318],[-52.85784,-22.44148],[-52.74584,-22.34331],[-52.48771,-22.21721],[-52.41502,-22.14883],[-52.34543,-22.06198],[-52.30148,-21.94217],[-52.05583,-21.67716],[-52.05209,-21.63659],[-52.1034,-21.56456],[-52.07779,-21.51522],[-51.96222,-21.49331],[-51.96558,-21.52592],[-51.8824,-21.58271],[-51.71402,-21.59598],[-51.69927,-21.63359],[-51.53752,-21.6837],[-51.4626,-21.74077],[-51.37577,-21.73964],[-51.342,-21.77475],[-51.28964,-21.72235],[-51.22705,-21.73946],[-51.24844,-21.79506],[-51.16433,-21.86258],[-50.71054,-22.01456],[-50.71659,-22.2524],[-50.75894,-22.30349],[-50.78354,-22.43519],[-50.84365,-22.44517],[-50.83135,-22.48409],[-50.85794,-22.5287],[-50.83272,-22.65877]]]]}},{"type":"Feature","id":"35037","properties":{"code":"35037","name":"Tupã"},"geometry":{"type":"MultiPolygon","coordinates":[[[[-50.35414,-22.19455],[-50.46949,-22.16603],[-50.55015,-22.08247],[-50.66886,-22.02835],[-50.86466,-21.96899],[-50.78784,-21.93724],[-50.70642,-21.85665],[-50.71586,-21.7904],[-50.63491,-21.76664],[-50.61407,-21.65678],[-50.5032,-21.7158],[-50.45796,-21.68732],[-50.36063,-21.72578],[-50.27436,-21.70755],[-50.13062,-21.80889],[-50.16052,-21.85915],[-50.22532,-21.86],[-50.25917,-21.89123],[-50.27046,-21.84174],[-50.28469,-21.9595],[-50.24836,-21.99103],[-50.29025,-22.03953],[-50.25913,-22.05588],[-50.28939,-22.08907],[-50.28463,-22.13665],[-50.35414,-22.19455]]]]}},{"type":"Feature","id":"35038","properties":{"code":"35038","name":"MarãLia"},"geometry":{"type":"MultiPolygon","coordinates":[[[[-49.43104,-22.31522],[-49.51279,-22.39568],[-49.56997,-22.38362],[-49.59709,-22.45994],[-49.62851,-22.46915],[-49.64638,-22.43664],[-49.67447,-22.46872],[-49.70482,-22.43962],[-49.8186,-22.52681],[-49.88539,-22.50581],[-49.92631,-22.54081],[-49.98281,-22.53002],[-49.99991,-22.4969],[-50.0877,-22.49045],[-50.16697,-22.59313],[-50.18612,-22.54401],[-50.22881,-22.52542],[-50.26435,-22.56267],[-50.31456,-22.54722],[-50.34999,-22.47897],[-50.33626,-22.44494],[-50.23679,-22.37935],[-50.33161,-22.35846],[-50.2982,-22.20719],[-50.34589,-22.1885],[-50.28463,-22.13665],[-50.28939,-22.08907],[-50.25913,-22.05588],[-50.29025,-22.03953],[-50.24836,-21.99103],[-50.28469,-21.9595],[-50.27046,-21.84174],[-50.26018,-21.8914],[-50.11986,-21.81972],[-50.01113,-21.92525],[-49.81814,-22.00085],[-49.76657,-22.05776],[-49.74068,-22.02621],[-49.6399,-22.06954],[-49.62272,-22.11267],[-49.52326,-22.15311],[-49.53004,-22.18159],[-49.4367,-22.27061],[-49.43104,-22.31522]]]]}},{"type":"Feature","id":"35039","properties":{"code":"35039","name":"Assis"},"geometry":{"type":"MultiPolygon","coordinates":[[[[-50.06747,-22.92752],[-50.33616,-22.9504],[-50.3817,-22.90548],[-50.4303,-22.94641],[-50.50608,-22.94538],[-50.54049,-22.91213],[-50.60852,-22.92415],[-50.66159,-22.89548],[-50.71308,-22.95599],[-50.79594,-22.95118],[-50.79295,-22.89435],[-50.88872,-22.79653],[-51.14958,-22.75505],[-51.2652,-22.6677],[-51.2982,-22.67351],[-51.27361,-22.54502],[-51.14235,-22.47785],[-51.01846,-22.47308],[-51.03556,-22.50432],[-50.97299,-22.54428],[-50.94729,-22.67468],[-50.90589,-22.63779],[-50.83272,-22.65877],[-50.85794,-22.5287],[-50.83135,-22.48409],[-50.84365,-22.44517],[-50.78354,-22.43519],[-50.75894,-22.30349],[-50.71659,-22.2524],[-50.72444,-22.084],[-50.70577,-22.02195],[-50.66886,-22.02835],[-50.55015,-22.08247],[-50.46949,-22.16603],[-50.2982,-22.20719],[-50.33174,-22.35817],[-50.23679,-22.37935],[-50.33626,-22.44494],[-50.34999,-22.47897],[-50.31456,-22.54722],[-50.26435,-22.56267],[-50.22881,-22.52542],[-50.18612,-22.54401],[-50.16697,-22.59313],[-50.0877,-22.49045],[-49.99991,-22.4969],[-49.98281,-22.53002],[-49.92631,-22.54081],[-49.88785,-22.52547],[-49.8909,-22.65541],[-49.97231,-22.68453],[-50.06747,-22.92752]]]]}},{"type":"Feature","id":"35040","properties":{"code":"35040","name":"Ourinhos"},"geometry":{"type":"MultiPolygon","coordinates":[[[[-49.33113,-23.52536],[-49.47763,-23.54112],[-49.57752,-23.49185],[-49.60319,-23.45129],[-49.56662,-23.42642],[-49.62101,-23.39742],[-49.5904,-23.38279],[-49.6371,-23.35162],[-49.62646,-23.28292],[-49.67832,-23.16506],[-49.73049,-23.14145],[-49.74024,-23.09917],[-49.9116,-23.05112],[-49.89959,-23.00201],[-49.96933,-22.96448],[-49.97521,-22.90449],[-49.99808,-22.90023],[-49.99487,-22.92972],[-50.05284,-22.90551],[-49.97231,-22.68453],[-49.8909,-22.65541],[-49.88539,-22.50581],[-49.81896,-22.52685],[-49.772,-22.50065],[-49.70539,-22.62479],[-49.66156,-22.60711],[-49.60259,-22.66546],[-49.58539,-22.6039],[-49.50631,-22.5124],[-49.44435,-22.6005],[-49.35101,-22.64256],[-49.33567,-22.67635],[-49.38411,-22.70905],[-49.37775,-22.86365],[-49.36207,-22.88936],[-49.30905,-22.88502],[-49.2799,-22.93881],[-49.30364,-22.9529],[-49.25684,-22.97497],[-49.22204,-23.03648],[-49.24871,-23.18618],[-49.19765,-23.28792],[-49.21734,-23.29852],[-49.21411,-23.41877],[-49.31725,-23.40063],[-49.36176,-23.42328],[-49.32221,-23.4703],[-49.34853,-23.51319],[-49.33113,-23.52536]]]]}},{"type":"Feature","id":"35041","properties":{"code":"35041","name":"Itapeva"},"geometry":{"type":"MultiPolygon","coordinates":[[[[-48.34939,-23.83619],[-48.56639,-23.9459],[-48.58669,-23.9748],[-48.54878,-23.99986],[-48.58263,-24.04847],[-48.5699,-24.09239],[-48.67037,-24.14757],[-48.72978,-24.11573],[-48.82081,-24.12738],[-48.81901,-24.16695],[-48.87084,-24.16341],[-48.98099,-24.31193],[-49.05652,-24.24459],[-49.10769,-24.24998],[-49.07491,-24.28468],[-49.086,-24.31239],[-49.2535,-24.40504],[-49.20121,-24.3427],[-49.28381,-24.30806],[-49.35596,-24.21451],[-49.33657,-24.13758],[-49.43001,-24.08854],[-49.51676,-23.97012],[-49.5116,-23.9259],[-49.55699,-23.92273],[-49.61013,-23.85319],[-49.56089,-23.81591],[-49.57346,-23.75604],[-49.5492,-23.70402],[-49.61714,-23.63959],[-49.60021,-23.53562],[-49.62937,-23.51183],[-49.59807,-23.45823],[-49.47942,-23.5408],[-49.33386,-23.52611],[-49.32221,-23.4703],[-49.3588,-23.41911],[-49.31725,-23.40063],[-49.18293,-23.42316],[-49.16129,-23.54166],[-49.11676,-23.56437],[-49.14068,-23.7027],[-49.04084,-23.6818],[-48.97832,-23.62341],[-48.84112,-23.59352],[-48.78096,-23.6428],[-48.76673,-23.61359],[-48.61222,-23.59291],[-48.52817,-23.54116],[-48.4937,-23.56904],[-48.47585,-23.65286],[-48.39654,-23.72152],[-48.4084,-23.7492],[-48.37233,-23.76532],[-48.40023,-23.77742],[-48.34939,-23.83619]]]]}},{"type":"Feature","id":"35042","properties":{"code":"35042","name":"Itapetininga"},"geometry":{"type":"MultiPolygon","coordinates":[[[[-47.86544,-23.78327],[-47.92283,-23.79344],[-47.93833,-23.74599],[-47.99626,-23.74323],[-48.05955,-23.7594],[-48.15797,-23.84277],[-48.25179,-23.86051],[-48.29612,-23.82513],[-48.34201,-23.85411],[-48.37453,-23.81374],[-48.35251,-23.80639],[-48.40023,-23.77742],[-48.37233,-23.76532],[-48.4084,-23.7492],[-48.39654,-23.72152],[-48.47585,-23.65286],[-48.50584,-23.54935],[-48.54933,-23.53905],[-48.53376,-23.55601],[-48.59996,-23.58542],[-48.62177,-23.53821],[-48.65193,-23.53857],[-48.61517,-23.49081],[-48.65337,-23.43049],[-48.62793,-23.35637],[-48.64746,-23.32908],[-48.49154,-23.26113],[-48.41859,-23.26253],[-48.36015,-23.30301],[-48.30036,-23.25788],[-48.21124,-23.30316],[-48.14075,-23.26586],[-48.08127,-23.32735],[-48.09179,-23.35506],[-48.04593,-23.43201],[-47.9491,-23.40839],[-47.93559,-23.46235],[-47.87002,-23.44553],[-47.84723,-23.48306],[-47.78938,-23.49624],[-47.78811,-23.56678],[-47.91771,-23.61945],[-47.8811,-23.66074],[-47.89216,-23.68937],[-47.84074,-23.72059],[-47.86544,-23.78327]]]]}},{"type":"Feature","id":"35043","properties":{"code":"35043","name":"Tatuã"},"geometry":{"type":"MultiPolygon","coordinates":[[[[-47.80721,-23.4887],[-47.84723,-23.48306],[-47.87002,-23.44553],[-47.93559,-23.46235],[-47.9491,-23.40839],[-48.04593,-23.43201],[-48.09179,-23.35506],[-48.08127,-23.32735],[-48.14075,-23.26586],[-48.21198,-23.30305],[-48.26079,-23.2318],[-48.19446,-23.18347],[-48.19581,-23.11456],[-48.16271,-23.08662],[-48.05177,-23.10424],[-48.03686,-23.07056],[-47.95468,-23.03361],[-47.92847,-22.97984],[-47.94624,-22.90754],[-47.86682,-22.8607],[-47.86877,-22.89901],[-47.80838,-22.87865],[-47.81642,-22.97867],[-47.76599,-22.97999],[-47.78114,-23.00914],[-47.7477,-23.00082],[-47.79226,-23.01807],[-47.7619,-23.03814],[-47.83905,-23.08293],[-47.80643,-23.10514],[-47.83623,-23.1243],[-47.79246,-23.15293],[-47.75292,-23.12175],[-47.71398,-23.14067],[-47.69012,-23.22323],[-47.62963,-23.19135],[-47.57345,-23.35277],[-47.66305,-23.37914],[-47.68783,-23.33041],[-47.73703,-23.33155],[-47.72467,-23.3842],[-47.76171,-23.39877],[-47.76023,-23.44154],[-47.80721,-23.4887]]]]}},{"type":"Feature","id":"35044","properties":{"code":"35044","name":"CapãO Bonito"},"geometry":{"type":"MultiPolygon","coordinates":[[[[-49.3054,-24.67365],[-49.31768,-24.56405],[-49.28027,-24.53726],[-49.29567,-24.50031],[-49.24692,-24.4691],[-49.2535,-24.40504],[-49.086,-24.31239],[-49.07491,-24.28468],[-49.10769,-24.24998],[-49.05652,-24.24459],[-48.98099,-24.31193],[-48.87084,-24.16341],[-48.81901,-24.16695],[-48.82081,-24.12738],[-48.72978,-24.11573],[-48.66442,-24.14553],[-48.56938,-24.09157],[-48.58263,-24.04847],[-48.54878,-23.99986],[-48.58669,-23.9748],[-48.56576,-23.94519],[-48.34906,-23.83114],[-48.34037,-23.8548],[-48.29612,-23.82513],[-48.26894,-23.85682],[-48.19065,-23.85375],[-48.19123,-23.88697],[-48.12115,-23.96473],[-48.12514,-24.01428],[-48.06197,-24.01413],[-47.95364,-24.1112],[-48.04992,-24.1379],[-48.05972,-24.18336],[-48.14126,-24.19452],[-48.14491,-24.2317],[-48.2529,-24.25784],[-48.2755,-24.29665],[-48.37861,-24.29919],[-48.35067,-24.34603],[-48.39977,-24.42758],[-48.34716,-24.44186],[-48.43431,-24.54007],[-48.39083,-24.57082],[-48.44575,-24.59734],[-48.46193,-24.66062],[-48.5245,-24.68263],[-48.53814,-24.7262],[-48.58204,-24.6707],[-48.66049,-24.70676],[-48.67872,-24.67089],[-48.68989,-24.69385],[-48.77865,-24.69673],[-48.82731,-24.65445],[-48.95845,-24.68528],[-49.00943,-24.66037],[-49.00468,-24.63324],[-49.04003,-24.63685],[-49.0644,-24.68603],[-49.18054,-24.67165],[-49.21483,-24.70223],[-49.3054,-24.67365]]]]}},{"type":"Feature","id":"35045","properties":{"code":"35045","name":"Piedade"},"geometry":{"type":"MultiPolygon","coordinates":[[[[-48.20741,-23.85032],[-47.99626,-23.74323],[-47.93847,-23.7459],[-47.91113,-23.79443],[-47.71476,-23.71063],[-47.66538,-23.74287],[-47.63739,-23.70938],[-47.61875,-23.75673],[-47.57791,-23.75703],[-47.57858,-23.71678],[-47.52626,-23.71654],[-47.45423,-23.62554],[-47.36766,-23.63378],[-47.27629,-23.59703],[-47.0813,-23.65144],[-47.03353,-23.76746],[-46.98402,-23.80305],[-47.02869,-23.84621],[-47.11726,-23.84115],[-47.16,-23.93559],[-47.20045,-23.93915],[-47.18871,-23.99108],[-47.22159,-24.01455],[-47.34027,-24.01314],[-47.47733,-24.08132],[-47.55367,-24.03691],[-47.62845,-24.11399],[-47.61375,-24.04468],[-47.67284,-24.04115],[-47.72513,-24.08093],[-47.72471,-24.11811],[-47.77273,-24.13445],[-47.8585,-24.1226],[-47.86948,-24.07616],[-47.9524,-24.12021],[-48.06197,-24.01413],[-48.12514,-24.01428],[-48.12156,-23.96389],[-48.20741,-23.85032]]]]}},{"type":"Feature","id":"35046","properties":{"code":"35046","name":"Sorocaba"},"geometry":{"type":"MultiPolygon","coordinates":[[[[-47.06204,-23.64387],[-47.17882,-23.64117],[-47.27518,-23.59709],[-47.36766,-23.63378],[-47.44396,-23.62137],[-47.49417,-23.65001],[-47.48733,-23.68464],[-47.52626,-23.71654],[-47.57858,-23.71678],[-47.57791,-23.75703],[-47.61875,-23.75673],[-47.63739,-23.70938],[-47.66538,-23.74287],[-47.71476,-23.71063],[-47.81615,-23.76598],[-47.89216,-23.68937],[-47.8811,-23.66074],[-47.91771,-23.61945],[-47.78707,-23.56533],[-47.80717,-23.48755],[-47.76063,-23.44233],[-47.76171,-23.39877],[-47.72467,-23.3842],[-47.73703,-23.33155],[-47.68783,-23.33041],[-47.66305,-23.37914],[-47.57802,-23.36371],[-47.63191,-23.1921],[-47.61028,-23.14932],[-47.58338,-23.15057],[-47.63007,-23.11554],[-47.50971,-23.09137],[-47.46548,-23.12802],[-47.42821,-23.10109],[-47.41854,-23.16868],[-47.30072,-23.11277],[-47.29225,-23.15606],[-47.26027,-23.14682],[-47.24533,-23.18282],[-46.96983,-23.26041],[-46.95895,-23.32789],[-47.04291,-23.35226],[-47.03757,-23.43553],[-47.01053,-23.44572],[-46.99093,-23.52787],[-47.06204,-23.64387]]]]}},{"type":"Feature","id":"35047","properties":{"code":"35047","name":"Jundiaã"},"geometry":{"type":"MultiPolygon","coordinates":[[[[-46.70406,-23.25212],[-46.80244,-23.25701],[-46.81435,-23.28217],[-46.86746,-23.27794],[-46.95911,-23.32683],[-46.96983,-23.26041],[-47.11281,-23.22603],[-47.14707,-23.10339],[-47.08432,-23.08969],[-47.07017,-23.04764],[-46.9952,-23.11572],[-46.99567,-23.08537],[-46.91691,-23.04491],[-46.84509,-23.09871],[-46.7926,-23.10284],[-46.80662,-23.14658],[-46.71535,-23.19167],[-46.70406,-23.25212]]]]}},{"type":"Feature","id":"35048","properties":{"code":"35048","name":"BraganãA Paulista"},"geometry":{"type":"MultiPolygon","coordinates":[[[[-46.05071,-22.96622],[-46.20487,-23.08442],[-46.2631,-23.18802],[-46.30774,-23.19804],[-46.41845,-23.31632],[-46.43974,-23.27344],[-46.47082,-23.28266],[-46.51538,-23.2375],[-46.60992,-23.22582],[-46.62317,-23.25709],[-46.6988,-23.25694],[-46.71535,-23.19167],[-46.80552,-23.14843],[-46.7926,-23.10284],[-46.91005,-23.05744],[-46.92764,-22.98518],[-46.87556,-22.93746],[-46.88916,-22.90938],[-46.81673,-22.89752],[-46.85839,-22.83618],[-46.76784,-22.85281],[-46.72128,-22.78367],[-46.67495,-22.76762],[-46.58268,-22.85085],[-46.40202,-22.80765],[-46.34522,-22.90468],[-46.14502,-22.85719],[-46.13909,-22.92276],[-46.05067,-22.89697],[-46.05071,-22.96622]]]]}},{"type":"Feature","id":"35049","properties":{"code":"35049","name":"Campos Do JordãO"},"geometry":{"type":"MultiPolygon","coordinates":[[[[-45.92369,-23.03606],[-45.84813,-22.83783],[-45.8098,-22.82939],[-45.79085,-22.85861],[-45.75492,-22.79291],[-45.71358,-22.81479],[-45.72814,-22.72368],[-45.81993,-22.72272],[-45.69399,-22.65171],[-45.73743,-22.60854],[-45.71845,-22.57799],[-45.66057,-22.57784],[-45.66618,-22.6512],[-45.57652,-22.6017],[-45.55536,-22.62644],[-45.58437,-22.65169],[-45.53991,-22.65258],[-45.4888,-22.62879],[-45.47386,-22.58889],[-45.41293,-22.62222],[-45.39998,-22.65614],[-45.42652,-22.69401],[-45.61481,-22.79762],[-45.72067,-22.96796],[-45.84773,-23.04538],[-45.88534,-23.00948],[-45.92369,-23.03606]]]]}},{"type":"Feature","id":"35050","properties":{"code":"35050","name":"SãO Josã Dos Campos"},"geometry":{"type":"MultiPolygon","coordinates":[[[[-46.26331,-23.18555],[-46.20487,-23.08442],[-46.05158,-22.96779],[-46.05067,-22.89697],[-45.91267,-22.81651],[-45.86381,-22.89244],[-45.9319,-23.03008],[-45.88534,-23.00948],[-45.84788,-23.04541],[-45.6752,-22.92778],[-45.6127,-22.79566],[-45.4657,-22.71459],[-45.43881,-22.70266],[-45.39878,-22.78201],[-45.3469,-22.78786],[-45.36424,-22.80003],[-45.32571,-22.8572],[-45.35444,-22.87276],[-45.32933,-23.01361],[-45.28908,-23.04526],[-45.31405,-23.05712],[-45.30007,-23.09313],[-45.34728,-23.09826],[-45.3541,-23.1374],[-45.45119,-23.22139],[-45.50275,-23.22035],[-45.55406,-23.16115],[-45.60948,-23.1635],[-45.76373,-23.25165],[-45.80913,-23.32005],[-45.75403,-23.38087],[-45.78673,-23.42004],[-45.7634,-23.43659],[-45.78879,-23.49288],[-45.84026,-23.47211],[-45.90406,-23.50531],[-45.961,-23.49882],[-45.95225,-23.44975],[-46.00142,-23.38611],[-46.04129,-23.38436],[-46.11381,-23.28569],[-46.15096,-23.27434],[-46.1532,-23.2357],[-46.26331,-23.18555]]]]}},{"type":"Feature","id":"35051","properties":{"code":"35051","name":"Guaratinguetã"},"geometry":{"type":"MultiPolygon","coordinates":[[[[-45.328,-23.01634],[-45.35444,-22.87276],[-45.32572,-22.85305],[-45.36424,-22.80003],[-45.3469,-22.78786],[-45.39878,-22.78201],[-45.39842,-22.74508],[-45.44033,-22.71123],[-45.39999,-22.65368],[-45.27424,-22.61624],[-45.26017,-22.58205],[-45.09732,-22.48507],[-44.96586,-22.47519],[-44.80584,-22.40391],[-44.74145,-22.42483],[-44.69752,-22.53405],[-44.81541,-22.61366],[-44.9108,-22.61327],[-44.92772,-22.65487],[-44.89303,-22.69023],[-44.92465,-22.69712],[-44.889,-22.87004],[-44.948,-22.91387],[-45.06306,-22.92938],[-45.12344,-23.01529],[-45.328,-23.01634]]]]}},{"type":"Feature","id":"35052","properties":{"code":"35052","name":"Bananal"},"geometry":{"type":"MultiPolygon","coordinates":[[[[-44.16137,-22.67826],[-44.25711,-22.76628],[-44.24014,-22.79266],[-44.26768,-22.82924],[-44.32294,-22.84984],[-44.4182,-22.84811],[-44.46619,-22.88537],[-44.49464,-22.84679],[-44.54365,-22.88495],[-44.6531,-22.90671],[-44.72442,-22.84673],[-44.7053,-22.80104],[-44.76254,-22.78926],[-44.80674,-22.85939],[-44.90895,-22.89637],[-44.889,-22.86988],[-44.92207,-22.75435],[-44.92465,-22.69712],[-44.89303,-22.69023],[-44.92772,-22.65487],[-44.91124,-22.61362],[-44.81541,-22.61366],[-44.73253,-22.57524],[-44.68921,-22.52116],[-44.67743,-22.5615],[-44.64173,-22.55937],[-44.64544,-22.60457],[-44.58378,-22.62622],[-44.55028,-22.60376],[-44.50859,-22.64095],[-44.4849,-22.6039],[-44.40662,-22.60885],[-44.3824,-22.57349],[-44.35602,-22.6149],[-44.34499,-22.58785],[-44.20743,-22.61202],[-44.16137,-22.67826]]]]}},{"type":"Feature","id":"35053","properties":{"code":"35053","name":"Paraibuna/Paraitinga"},"geometry":{"type":"MultiPolygon","coordinates":[[[[-45.74375,-23.60209],[-45.75588,-23.51133],[-45.79115,-23.50633],[-45.76348,-23.43928],[-45.78673,-23.42004],[-45.75403,-23.38087],[-45.80912,-23.32023],[-45.76373,-23.25165],[-45.60948,-23.1635],[-45.55406,-23.16115],[-45.50275,-23.22035],[-45.4509,-23.22128],[-45.3541,-23.1374],[-45.34728,-23.09826],[-45.30007,-23.09313],[-45.29293,-23.0261],[-45.24503,-22.99876],[-45.12344,-23.01529],[-45.06306,-22.92938],[-44.81574,-22.86544],[-44.76685,-22.79021],[-44.70449,-22.80218],[-44.72477,-22.84585],[-44.69452,-22.89234],[-44.62364,-22.8915],[-44.7919,-22.98188],[-44.82442,-23.16269],[-44.96135,-23.24504],[-44.98446,-23.2296],[-45.01763,-23.26972],[-45.00993,-23.30656],[-45.07423,-23.30423],[-45.06833,-23.34814],[-45.13971,-23.36016],[-45.17608,-23.44004],[-45.307,-23.49602],[-45.34223,-23.54808],[-45.48753,-23.57248],[-45.60295,-23.65412],[-45.63214,-23.65688],[-45.63657,-23.62213],[-45.69791,-23.63816],[-45.7058,-23.60168],[-45.74375,-23.60209]]]]}},{"type":"Feature","id":"35054","properties":{"code":"35054","name":"Caraguatatuba"},"geometry":{"type":"MultiPolygon","coordinates":[[[[-45.29803,-23.91871],[-45.29555,-23.91792],[-45.29527,-23.91971],[-45.29789,-23.91971],[-45.29803,-23.91871]]],[[[-45.32646,-23.91733],[-45.32383,-23.91699],[-45.32374,-23.91768],[-45.3244,-23.91844],[-45.32565,-23.91866],[-45.32655,-23.9182],[-45.32646,-23.91733]]],[[[-45.26311,-23.88831],[-45.26225,-23.88804],[-45.26138,-23.88799],[-45.26044,-23.88909],[-45.26172,-23.89003],[-45.26301,-23.88957],[-45.26311,-23.88831]]],[[[-45.78713,-23.86897],[-45.78626,-23.85956],[-45.77677,-23.85835],[-45.77868,-23.86836],[-45.78514,-23.86954],[-45.78713,-23.86897]]],[[[-45.28101,-23.85319],[-45.27888,-23.85184],[-45.27795,-23.85266],[-45.27996,-23.85457],[-45.28101,-23.85319]]],[[[-45.5232,-23.84617],[-45.52265,-23.85493],[-45.52595,-23.85389],[-45.5261,-23.8496],[-45.5232,-23.84617]]],[[[-45.44861,-23.83519],[-45.44589,-23.8345],[-45.44642,-23.83737],[-45.44831,-23.83706],[-45.44861,-23.83519]]],[[[-45.41186,-23.82952],[-45.4102,-23.82936],[-45.40957,-23.83055],[-45.40924,-23.83068],[-45.40985,-23.83114],[-45.41153,-23.83087],[-45.41186,-23.82952]]],[[[-45.39375,-23.82881],[-45.39163,-23.82848],[-45.3914,-23.82955],[-45.39345,-23.82966],[-45.39375,-23.82881]]],[[[-45.16018,-23.83124],[-45.15448,-23.82767],[-45.15209,-23.83366],[-45.15791,-23.83543],[-45.16018,-23.83124]]],[[[-45.23035,-23.815],[-45.22961,-23.81424],[-45.2279,-23.81371],[-45.22703,-23.81489],[-45.22779,-23.81659],[-45.22953,-23.81654],[-45.23035,-23.815]]],[[[-45.66777,-23.80401],[-45.66761,-23.80536],[-45.6714,-23.80771],[-45.6698,-23.80505],[-45.66777,-23.80401]]],[[[-45.72621,-23.80291],[-45.71969,-23.79894],[-45.71522,-23.80341],[-45.71723,-23.80509],[-45.72621,-23.80291]]],[[[-45.11753,-23.81617],[-45.14352,-23.81849],[-45.16111,-23.80476],[-45.13738,-23.80191],[-45.11713,-23.81424],[-45.11753,-23.81617]]],[[[-45.71783,-23.79405],[-45.71429,-23.79107],[-45.71026,-23.78835],[-45.71204,-23.79144],[-45.71783,-23.79405]]],[[[-45.70805,-23.78959],[-45.70671,-23.78862],[-45.70473,-23.78739],[-45.7045,-23.78963],[-45.70793,-23.78998],[-45.70805,-23.78959]]],[[[-45.80082,-23.77336],[-45.79884,-23.77309],[-45.79885,-23.77377],[-45.80058,-23.77376],[-45.80082,-23.77336]]],[[[-45.01592,-23.7661],[-45.0196,-23.7556],[-45.02256,-23.74532],[-45.0125,-23.75317],[-45.01443,-23.76499],[-45.01592,-23.7661]]],[[[-45.0258,-23.74125],[-45.02401,-23.7414],[-45.02438,-23.74232],[-45.02542,-23.74241],[-45.0258,-23.74125]]],[[[-45.25105,-23.96607],[-45.29074,-23.91052],[-45.42742,-23.94146],[-45.4604,-23.91422],[-45.46176,-23.88758],[-45.36693,-23.81123],[-45.33351,-23.72258],[-45.23003,-23.77689],[-45.2487,-23.82496],[-45.22826,-23.83867],[-45.27276,-23.83879],[-45.29027,-23.86633],[-45.22465,-23.90322],[-45.25105,-23.96607]]],[[[-45.29628,-23.60217],[-45.29278,-23.59375],[-45.28098,-23.59512],[-45.28334,-23.6019],[-45.29598,-23.60247],[-45.29628,-23.60217]]],[[[-45.31144,-23.58695],[-45.30944,-23.58612],[-45.30792,-23.5877],[-45.30847,-23.58881],[-45.3099,-23.58874],[-45.31081,-23.58769],[-45.31144,-23.58695]]],[[[-45.3139,-23.58334],[-45.31187,-23.58179],[-45.31032,-23.58358],[-45.31316,-23.58364],[-45.3139,-23.58334]]],[[[-45.16391,-23.56719],[-45.15232,-23.56366],[-45.14693,-23.57159],[-45.1568,-23.57263],[-45.16391,-23.56719]]],[[[-45.02664,-23.55014],[-45.02528,-23.54964],[-45.0248,-23.55037],[-45.02508,-23.55077],[-45.02619,-23.55071],[-45.02664,-23.55014]]],[[[-45.21817,-23.55029],[-45.21788,-23.54952],[-45.21724,-23.5492],[-45.21632,-23.54972],[-45.21658,-23.55029],[-45.21781,-23.55084],[-45.21817,-23.55029]]],[[[-45.03069,-23.54848],[-45.02978,-23.54728],[-45.02891,-23.54765],[-45.02959,-23.54852],[-45.03069,-23.54848]]],[[[-45.0245,-23.54441],[-45.0239,-23.54526],[-45.02422,-23.54587],[-45.02493,-23.54478],[-45.0245,-23.54441]]],[[[-45.21354,-23.53261],[-45.21291,-23.53231],[-45.21239,-23.53179],[-45.21157,-23.53274],[-45.21165,-23.5334],[-45.21326,-23.53326],[-45.21354,-23.53261]]],[[[-45.03982,-23.53487],[-45.07965,-23.56452],[-45.08096,-23.52586],[-45.03982,-23.53487]]],[[[-45.04295,-23.51754],[-45.03961,-23.51778],[-45.03965,-23.51959],[-45.04339,-23.51923],[-45.04295,-23.51754]]],[[[-44.865,-23.4236],[-44.86403,-23.4227],[-44.86242,-23.42353],[-44.86414,-23.42416],[-44.865,-23.4236]]],[[[-44.90635,-23.42258],[-44.90363,-23.42525],[-44.90784,-23.4273],[-44.90779,-23.42353],[-44.90635,-23.42258]]],[[[-44.86193,-23.42588],[-44.85709,-23.42111],[-44.85526,-23.41771],[-44.85495,-23.42378],[-44.86193,-23.42588]]],[[[-44.85334,-23.40563],[-44.85301,-23.40496],[-44.85186,-23.40449],[-44.8512,-23.4052],[-44.85151,-23.40597],[-44.85334,-23.40563]]],[[[-44.8549,-23.39954],[-44.85427,-23.39836],[-44.85216,-23.3982],[-44.85209,-23.39994],[-44.85415,-23.40155],[-44.8549,-23.39954]]],[[[-44.93847,-23.38806],[-44.93782,-23.3878],[-44.93691,-23.38772],[-44.93678,-23.38851],[-44.93742,-23.38888],[-44.93868,-23.38891],[-44.93847,-23.38806]]],[[[-44.94795,-23.38626],[-44.94637,-23.38497],[-44.94351,-23.38526],[-44.9446,-23.38847],[-44.94703,-23.38865],[-44.94795,-23.38784],[-44.94795,-23.38626]]],[[[-44.89148,-23.38583],[-44.8909,-23.38385],[-44.88876,-23.38163],[-44.88706,-23.38334],[-44.88799,-23.38585],[-44.89148,-23.38583]]],[[[-44.90268,-23.37747],[-44.90396,-23.37892],[-44.90713,-23.37922],[-44.90555,-23.37696],[-44.90268,-23.37747]]],[[[-44.90762,-23.35257],[-44.90632,-23.35069],[-44.90277,-23.3494],[-44.90076,-23.35102],[-44.90215,-23.35392],[-44.9065,-23.35504],[-44.90762,-23.35257]]],[[[-45.84218,-23.75798],[-45.79488,-23.71568],[-45.79606,-23.68297],[-45.66703,-23.62035],[-45.60295,-23.65412],[-45.48753,-23.57248],[-45.34223,-23.54808],[-45.307,-23.49602],[-45.17608,-23.44004],[-45.13971,-23.36016],[-45.06833,-23.34814],[-45.07423,-23.30423],[-45.00993,-23.30656],[-44.99527,-23.23938],[-44.96135,-23.24504],[-44.91618,-23.19858],[-44.88265,-23.20271],[-44.88595,-23.23579],[-44.72418,-23.36753],[-44.84364,-23.3887],[-44.85395,-23.36151],[-44.89162,-23.37308],[-44.90806,-23.3342],[-44.97618,-23.40332],[-45.0594,-23.42259],[-45.05911,-23.45744],[-45.01443,-23.46374],[-45.06213,-23.47175],[-45.08097,-23.52339],[-45.08434,-23.49669],[-45.12133,-23.50337],[-45.11138,-23.5283],[-45.16704,-23.49419],[-45.15987,-23.54329],[-45.1932,-23.52116],[-45.2254,-23.53811],[-45.2093,-23.58347],[-45.26287,-23.59637],[-45.29725,-23.5717],[-45.35979,-23.62556],[-45.40838,-23.62496],[-45.43078,-23.68222],[-45.42051,-23.72589],[-45.39715,-23.72346],[-45.39612,-23.80888],[-45.43225,-23.83298],[-45.51421,-23.84175],[-45.56248,-23.79139],[-45.62288,-23.80472],[-45.64354,-23.77745],[-45.84218,-23.75798]]]]}},{"type":"Feature","id":"35055","properties":{"code":"35055","name":"Registro"},"geometry":{"type":"MultiPolygon","coordinates":[[[[-48.00239,-25.24622],[-48.00024,-25.24803],[-48.00174,-25.2489],[-48.00397,-25.2485],[-48.00281,-25.24643],[-48.00239,-25.24622]]],[[[-48.55601,-25.08655],[-48.60083,-25.01051],[-48.56737,-24.97227],[-48.57206,-24.89501],[-48.54479,-24.87896],[-48.56668,-24.86396],[-48.55575,-24.8062],[-48.49931,-24.73897],[-48.53084,-24.73839],[-48.53163,-24.69785],[-48.46193,-24.66062],[-48.44747,-24.59929],[-48.39083,-24.57082],[-48.43431,-24.54007],[-48.35152,-24.45919],[-48.36213,-24.42115],[-48.39991,-24.42694],[-48.35071,-24.34625],[-48.35728,-24.30623],[-48.38313,-24.30417],[-48.36101,-24.28278],[-48.32267,-24.31449],[-48.2755,-24.29665],[-48.2529,-24.25784],[-48.14491,-24.2317],[-48.14126,-24.19452],[-48.05972,-24.18336],[-48.04992,-24.1379],[-47.95051,-24.12011],[-47.89273,-24.07806],[-47.86778,-24.07682],[-47.8585,-24.1226],[-47.77273,-24.13445],[-47.72471,-24.11811],[-47.72513,-24.08093],[-47.67284,-24.04115],[-47.61375,-24.04468],[-47.62845,-24.11399],[-47.55367,-24.03691],[-47.47733,-24.08132],[-47.34027,-24.01314],[-47.12713,-24.00872],[-47.26817,-24.11571],[-47.28672,-24.27745],[-47.35063,-24.32246],[-47.23508,-24.37643],[-47.12077,-24.36477],[-47.10065,-24.39147],[-47.11772,-24.41763],[-47.07849,-24.44478],[-47.22796,-24.57105],[-47.43142,-24.67382],[-47.77258,-24.91336],[-47.90993,-25.05339],[-47.90886,-25.16751],[-48.09947,-25.31232],[-48.02755,-25.22051],[-48.11488,-25.2507],[-48.19136,-25.19624],[-48.15689,-25.14465],[-48.2045,-25.09966],[-48.20947,-25.02718],[-48.25028,-24.97742],[-48.33038,-25.06971],[-48.32414,-25.03675],[-48.41115,-24.98023],[-48.47405,-25.01255],[-48.52858,-25.10079],[-48.55601,-25.08655]]]]}},{"type":"Feature","id":"35056","properties":{"code":"35056","name":"ItanhaãM"},"geometry":{"type":"MultiPolygon","coordinates":[[[[-46.90579,-24.38709],[-46.90185,-24.39068],[-46.90386,-24.39713],[-46.90718,-24.3921],[-46.90579,-24.38709]]],[[[-46.90582,-24.37389],[-46.90492,-24.37791],[-46.90923,-24.38146],[-46.91112,-24.37795],[-46.90891,-24.3739],[-46.90582,-24.37389]]],[[[-46.97491,-24.36621],[-46.97401,-24.37024],[-46.97832,-24.37378],[-46.98021,-24.37028],[-46.978,-24.36622],[-46.97491,-24.36621]]],[[[-47.34916,-24.32668],[-47.33182,-24.28735],[-47.28672,-24.27745],[-47.26817,-24.11571],[-47.16022,-24.0524],[-47.12338,-23.99682],[-47.05531,-24.00991],[-47.00669,-24.06406],[-46.93621,-24.03339],[-46.90034,-24.04614],[-46.86767,-24.01917],[-46.88251,-23.98396],[-46.8069,-23.93815],[-46.75484,-23.97289],[-46.7712,-24.00819],[-46.68513,-23.9824],[-46.64254,-24.0102],[-46.5914,-24.00056],[-46.60609,-24.08933],[-46.96283,-24.29656],[-47.00206,-24.33385],[-47.02597,-24.42464],[-47.07849,-24.44478],[-47.11772,-24.41763],[-47.10065,-24.39147],[-47.12077,-24.36477],[-47.23508,-24.37643],[-47.34916,-24.32668]]]]}},{"type":"Feature","id":"35057","properties":{"code":"35057","name":"Osasco"},"geometry":{"type":"MultiPolygon","coordinates":[[[[-46.98948,-23.60264],[-47.02807,-23.58132],[-46.99093,-23.52787],[-47.01053,-23.44572],[-47.03757,-23.43553],[-47.04291,-23.35226],[-46.84437,-23.28201],[-46.8226,-23.42532],[-46.79953,-23.47138],[-46.76925,-23.45848],[-46.74704,-23.52038],[-46.76012,-23.55483],[-46.80777,-23.60907],[-46.81733,-23.58186],[-46.91112,-23.56306],[-46.98948,-23.60264]]]]}},{"type":"Feature","id":"35058","properties":{"code":"35058","name":"Franco Da Rocha"},"geometry":{"type":"MultiPolygon","coordinates":[[[[-46.82297,-23.40103],[-46.84284,-23.29197],[-46.8023,-23.25698],[-46.62973,-23.25911],[-46.60979,-23.22581],[-46.51538,-23.2375],[-46.47082,-23.28266],[-46.43974,-23.27344],[-46.41846,-23.3147],[-46.44503,-23.35873],[-46.54969,-23.35638],[-46.63425,-23.42927],[-46.69896,-23.42387],[-46.73546,-23.38812],[-46.82297,-23.40103]]]]}},{"type":"Feature","id":"35059","properties":{"code":"35059","name":"Guarulhos"},"geometry":{"type":"MultiPolygon","coordinates":[[[[-46.55866,-23.50757],[-46.56691,-23.41617],[-46.5366,-23.36402],[-46.44492,-23.35866],[-46.28296,-23.18369],[-46.1536,-23.23543],[-46.15096,-23.27434],[-46.10065,-23.30556],[-46.27546,-23.43382],[-46.35172,-23.42063],[-46.39724,-23.44639],[-46.38819,-23.48218],[-46.50338,-23.47732],[-46.55866,-23.50757]]]]}},{"type":"Feature","id":"35060","properties":{"code":"35060","name":"Itapecerica Da Serra"},"geometry":{"type":"MultiPolygon","coordinates":[[[[-47.19995,-24.00059],[-47.20045,-23.93915],[-47.16,-23.93559],[-47.11726,-23.84115],[-47.02869,-23.84621],[-46.98404,-23.80315],[-47.01927,-23.78865],[-47.08476,-23.66716],[-47.03153,-23.58253],[-46.96179,-23.60257],[-46.9291,-23.56323],[-46.87596,-23.56528],[-46.80777,-23.60907],[-46.75125,-23.60211],[-46.80156,-23.68494],[-46.76917,-23.75469],[-46.80194,-23.80787],[-46.76275,-23.8272],[-46.77655,-23.89262],[-46.80737,-23.88652],[-46.80694,-23.9397],[-46.88251,-23.98396],[-46.86829,-24.02081],[-47.00669,-24.06406],[-47.05601,-24.00962],[-47.19995,-24.00059]]]]}},{"type":"Feature","id":"35061","properties":{"code":"35061","name":"SãO Paulo"},"geometry":{"type":"MultiPolygon","coordinates":[[[[-46.7712,-24.00819],[-46.75484,-23.97289],[-46.81182,-23.9171],[-46.76251,-23.83636],[-46.80173,-23.80878],[-46.76912,-23.75597],[-46.80156,-23.68494],[-46.7492,-23.60444],[-46.809,-23.59865],[-46.74704,-23.52038],[-46.82553,-23.40417],[-46.73546,-23.38812],[-46.69896,-23.42387],[-46.63425,-23.42927],[-46.54412,-23.35725],[-46.55924,-23.50691],[-46.5111,-23.47879],[-46.38194,-23.47209],[-46.36518,-23.50533],[-46.39557,-23.5309],[-46.37728,-23.58964],[-46.39952,-23.60615],[-46.35412,-23.6414],[-46.32193,-23.74443],[-46.27839,-23.77031],[-46.44456,-23.82916],[-46.49742,-23.90147],[-46.64037,-23.99783],[-46.6855,-23.98242],[-46.7712,-24.00819]]]]}},{"type":"Feature","id":"35062","properties":{"code":"35062","name":"Mogi Das Cruzes"},"geometry":{"type":"MultiPolygon","coordinates":[[[[-45.69498,-23.63123],[-45.77766,-23.68306],[-45.84984,-23.64386],[-45.91506,-23.66556],[-45.9361,-23.70121],[-46.10239,-23.73632],[-46.12612,-23.71289],[-46.19409,-23.75423],[-46.23838,-23.73526],[-46.27839,-23.77031],[-46.32193,-23.74443],[-46.35412,-23.6414],[-46.39952,-23.60615],[-46.37728,-23.58964],[-46.39557,-23.5309],[-46.36508,-23.50398],[-46.3973,-23.44654],[-46.31317,-23.41614],[-46.27546,-23.43382],[-46.099,-23.30891],[-45.96638,-23.42798],[-45.96124,-23.49865],[-45.90406,-23.50531],[-45.84026,-23.47211],[-45.78879,-23.49288],[-45.75588,-23.51133],[-45.74375,-23.60209],[-45.70595,-23.60159],[-45.69498,-23.63123]]]]}},{"type":"Feature","id":"35063","properties":{"code":"35063","name":"Santos"},"geometry":{"type":"MultiPolygon","coordinates":[[[[-46.29412,-24.02764],[-46.29422,-24.02821],[-46.29494,-24.02859],[-46.29491,-24.02796],[-46.29418,-24.02761],[-46.29412,-24.02764]]],[[[-46.29211,-24.02466],[-46.29252,-24.02556],[-46.29344,-24.02606],[-46.29351,-24.02531],[-46.29211,-24.02466]]],[[[-46.32546,-24.00939],[-46.32458,-24.0082],[-46.32384,-24.00862],[-46.32428,-24.0094],[-46.32546,-24.00939]]],[[[-46.25353,-24.00258],[-46.2547,-24.00184],[-46.25529,-24.00165],[-46.25489,-24.00116],[-46.25353,-24.00258]]],[[[-46.18419,-23.97487],[-46.18148,-23.97069],[-46.18084,-23.97214],[-46.18165,-23.97465],[-46.18419,-23.97487]]],[[[-46.17586,-23.96989],[-46.1763,-23.97024],[-46.17689,-23.9705],[-46.17658,-23.97006],[-46.17593,-23.96981],[-46.17586,-23.96989]]],[[[-46.16593,-23.9673],[-46.16789,-23.96779],[-46.16796,-23.96675],[-46.16676,-23.96659],[-46.16593,-23.9673]]],[[[-46.17039,-23.92752],[-46.17003,-23.92736],[-46.16967,-23.92743],[-46.17014,-23.92785],[-46.17041,-23.92769],[-46.17039,-23.92752]]],[[[-46.1666,-23.91566],[-46.16809,-23.91578],[-46.16822,-23.91501],[-46.16736,-23.91479],[-46.16658,-23.91555],[-46.1666,-23.91566]]],[[[-46.12919,-23.88921],[-46.1299,-23.89269],[-46.13419,-23.89418],[-46.13534,-23.89158],[-46.12919,-23.88921]]],[[[-46.12776,-23.88091],[-46.12532,-23.87941],[-46.12327,-23.87827],[-46.12164,-23.88105],[-46.12582,-23.88173],[-46.12776,-23.88091]]],[[[-46.13104,-23.86677],[-46.13214,-23.87069],[-46.13525,-23.87103],[-46.13338,-23.86792],[-46.13104,-23.86677]]],[[[-46.02599,-23.82586],[-46.0249,-23.82614],[-46.02553,-23.82716],[-46.0267,-23.82675],[-46.02599,-23.82586]]],[[[-46.61251,-24.08288],[-46.58923,-24.00916],[-46.6446,-24.009],[-46.63571,-23.97732],[-46.56514,-23.95347],[-46.37235,-23.78969],[-46.31653,-23.802],[-46.23838,-23.73526],[-46.19409,-23.75423],[-46.12612,-23.71289],[-46.10239,-23.73632],[-45.9361,-23.70121],[-45.91506,-23.66556],[-45.84984,-23.64386],[-45.79407,-23.68008],[-45.79488,-23.71568],[-45.84218,-23.75798],[-46.1226,-23.83838],[-46.17983,-23.92565],[-46.16086,-23.94525],[-46.18229,-23.99104],[-46.24864,-23.99332],[-46.28293,-24.0432],[-46.29479,-24.0167],[-46.32438,-24.02238],[-46.31701,-23.97931],[-46.37864,-23.96935],[-46.39986,-24.03333],[-46.42792,-24.01552],[-46.61251,-24.08288]]]]}},{"type":"Feature","id":"41001","properties":{"code":"41001","name":"Paranavaã"},"geometry":{"type":"MultiPolygon","coordinates":[[[[-53.71491,-23.28338],[-53.63659,-23.12503],[-53.63459,-23.00075],[-53.60742,-22.95133],[-53.35951,-22.77956],[-53.19353,-22.72535],[-53.10519,-22.62193],[-53.08779,-22.65845],[-52.98486,-22.57635],[-52.92474,-22.56562],[-52.85836,-22.608],[-52.70169,-22.62767],[-52.58492,-22.56593],[-52.50268,-22.63456],[-52.43763,-22.60685],[-52.31314,-22.63651],[-52.25041,-22.61543],[-52.22258,-22.67553],[-52.15668,-22.64472],[-52.1276,-22.51992],[-52.02835,-22.53951],[-52.00396,-22.57912],[-52.01132,-22.65036],[-52.05788,-22.69502],[-52.05285,-22.75279],[-52.08863,-22.76966],[-52.06619,-22.87689],[-52.10323,-22.9059],[-52.04249,-22.94931],[-52.02805,-23.01655],[-52.16289,-23.06639],[-52.24776,-23.02634],[-52.24384,-23.17135],[-52.3818,-23.19874],[-52.42052,-23.23411],[-52.42197,-23.4697],[-52.47122,-23.45412],[-52.4823,-23.39402],[-52.58495,-23.32202],[-52.72875,-23.31084],[-52.79575,-23.26646],[-52.92111,-23.27169],[-52.93674,-23.20625],[-52.99182,-23.23792],[-53.05343,-23.19411],[-53.04487,-23.22999],[-53.12177,-23.2443],[-53.20358,-23.19488],[-53.2258,-23.21319],[-53.21014,-23.24686],[-53.30179,-23.19826],[-53.32669,-23.24261],[-53.40125,-23.25102],[-53.42456,-23.22943],[-53.38846,-23.20036],[-53.4292,-23.19589],[-53.47219,-23.23218],[-53.5361,-23.187],[-53.56526,-23.22226],[-53.62226,-23.21352],[-53.64817,-23.28579],[-53.69815,-23.30595],[-53.71491,-23.28338]]]]}},{"type":"Feature","id":"41002","properties":{"code":"41002","name":"Umuarama"},"geometry":{"type":"MultiPolygon","coordinates":[[[[-53.57088,-24.2608],[-53.63949,-24.24173],[-53.70901,-24.17905],[-53.74692,-24.18766],[-53.74322,-24.14956],[-53.8655,-24.19103],[-53.92464,-24.16125],[-53.91314,-24.13555],[-53.98705,-24.1292],[-53.97331,-23.98183],[-54.05583,-24.03655],[-54.16901,-23.99899],[-54.09804,-23.94392],[-54.08046,-23.7809],[-53.9866,-23.46479],[-53.77549,-23.37513],[-53.71491,-23.28338],[-53.69815,-23.30595],[-53.64817,-23.28579],[-53.62226,-23.21352],[-53.56526,-23.22226],[-53.5361,-23.187],[-53.47219,-23.23218],[-53.4292,-23.19589],[-53.38846,-23.20036],[-53.42456,-23.22943],[-53.40125,-23.25102],[-53.32281,-23.24048],[-53.3177,-23.19991],[-53.21014,-23.24686],[-53.2258,-23.21319],[-53.20358,-23.19488],[-53.12177,-23.2443],[-53.04487,-23.22999],[-53.05533,-23.19454],[-53.01804,-23.19842],[-53.03352,-23.21394],[-52.99671,-23.23818],[-53.02986,-23.31451],[-53.04709,-23.55597],[-53.01678,-23.68611],[-52.97076,-23.70892],[-52.95212,-23.77768],[-53.02718,-23.86232],[-52.96377,-23.9649],[-53.10721,-23.9286],[-53.13917,-24.15404],[-53.20358,-24.13651],[-53.23271,-24.17094],[-53.28039,-24.16355],[-53.36473,-24.25274],[-53.48113,-24.21812],[-53.57088,-24.2608]]]]}},{"type":"Feature","id":"41003","properties":{"code":"41003","name":"Cianorte"},"geometry":{"type":"MultiPolygon","coordinates":[[[[-52.75747,-24.02975],[-52.93478,-23.98403],[-53.02718,-23.86232],[-52.95212,-23.77768],[-52.97076,-23.70892],[-53.01678,-23.68611],[-53.04709,-23.55597],[-53.02986,-23.31451],[-52.99818,-23.23605],[-52.93798,-23.20631],[-52.92111,-23.27169],[-52.79575,-23.26646],[-52.72875,-23.31084],[-52.58495,-23.32202],[-52.4823,-23.39402],[-52.47122,-23.45412],[-52.41625,-23.47535],[-52.39266,-23.5476],[-52.32776,-23.55249],[-52.51885,-23.77616],[-52.55181,-23.75405],[-52.56517,-23.85701],[-52.61598,-23.95128],[-52.70562,-23.92777],[-52.69542,-23.95117],[-52.75747,-24.02975]]]]}},{"type":"Feature","id":"41004","properties":{"code":"41004","name":"Goioerã"},"geometry":{"type":"MultiPolygon","coordinates":[[[[-52.65443,-24.92935],[-52.68548,-24.92969],[-52.65609,-24.89722],[-52.69883,-24.89335],[-52.68494,-24.87897],[-52.71922,-24.85588],[-52.74065,-24.88242],[-52.76835,-24.86477],[-52.74913,-24.85987],[-52.76236,-24.82763],[-52.79636,-24.84443],[-52.77896,-24.80022],[-52.87113,-24.80347],[-52.85434,-24.76292],[-52.9197,-24.76209],[-52.90225,-24.72448],[-52.95912,-24.72369],[-52.94987,-24.68445],[-53.02772,-24.66524],[-53.02334,-24.63609],[-53.06837,-24.64732],[-53.0425,-24.6109],[-53.09233,-24.61357],[-53.09636,-24.57199],[-53.18223,-24.51789],[-53.15196,-24.41729],[-53.16564,-24.36559],[-53.27738,-24.33443],[-53.27815,-24.25247],[-53.23444,-24.1575],[-53.20358,-24.13651],[-53.13803,-24.15303],[-53.10721,-23.9286],[-52.76842,-24.02385],[-52.62764,-24.24169],[-52.65605,-24.29462],[-52.70154,-24.29876],[-52.73344,-24.42099],[-52.78167,-24.47957],[-52.71868,-24.47689],[-52.66789,-24.51033],[-52.64362,-24.47937],[-52.59371,-24.51393],[-52.55922,-24.49882],[-52.50861,-24.52297],[-52.51753,-24.54844],[-52.42365,-24.64208],[-52.42667,-24.7369],[-52.48419,-24.7343],[-52.52164,-24.76781],[-52.54349,-24.74937],[-52.53468,-24.84959],[-52.65443,-24.92935]]]]}},{"type":"Feature","id":"41005","properties":{"code":"41005","name":"Campo MourãO"},"geometry":{"type":"MultiPolygon","coordinates":[[[[-52.40602,-24.7298],[-52.42365,-24.64208],[-52.51753,-24.54844],[-52.50861,-24.52297],[-52.61345,-24.50853],[-52.63202,-24.47849],[-52.66678,-24.51033],[-52.71868,-24.47689],[-52.78167,-24.47957],[-52.73344,-24.42099],[-52.70154,-24.29876],[-52.65605,-24.29462],[-52.62764,-24.24169],[-52.76667,-24.02793],[-52.69542,-23.95117],[-52.70562,-23.92777],[-52.61598,-23.95128],[-52.56517,-23.85701],[-52.55181,-23.75405],[-52.51885,-23.77616],[-52.32776,-23.55249],[-52.26527,-23.64291],[-52.16113,-23.64854],[-52.14085,-23.69059],[-52.1161,-23.67279],[-52.11761,-23.7019],[-52.03496,-23.76701],[-52.03833,-23.81738],[-51.99627,-23.7906],[-51.99429,-23.85389],[-51.97177,-23.84467],[-51.93926,-23.88209],[-51.95668,-23.9295],[-51.93666,-23.94206],[-51.96801,-23.94934],[-51.92898,-24.04845],[-51.95923,-24.06764],[-51.88953,-24.1169],[-51.94161,-24.13376],[-51.92155,-24.16584],[-51.94783,-24.14449],[-51.97127,-24.16442],[-51.9621,-24.20048],[-51.97021,-24.17828],[-52.01033,-24.18762],[-51.94674,-24.2294],[-51.99862,-24.28446],[-51.9874,-24.36796],[-52.01481,-24.36215],[-52.01022,-24.3966],[-52.04272,-24.40841],[-52.01361,-24.44168],[-52.03751,-24.444],[-52.01355,-24.48436],[-52.05199,-24.52894],[-52.04169,-24.56371],[-52.13414,-24.62533],[-52.2074,-24.61773],[-52.32043,-24.66203],[-52.40602,-24.7298]]]]}},{"type":"Feature","id":"41006","properties":{"code":"41006","name":"Astorga"},"geometry":{"type":"MultiPolygon","coordinates":[[[[-51.69768,-23.38716],[-51.7119,-23.35348],[-51.84279,-23.32963],[-51.86897,-23.28758],[-51.89871,-23.30392],[-51.96572,-23.25386],[-51.97752,-23.29666],[-52.07618,-23.34674],[-52.08138,-23.38913],[-52.14199,-23.41776],[-52.14837,-23.3685],[-52.2385,-23.31434],[-52.2189,-23.28866],[-52.24403,-23.26823],[-52.34391,-23.30011],[-52.42076,-23.25078],[-52.3818,-23.19874],[-52.24384,-23.17135],[-52.24776,-23.02634],[-52.16289,-23.06639],[-52.02805,-23.01655],[-52.04249,-22.94931],[-52.10323,-22.9059],[-52.06619,-22.87689],[-52.08863,-22.76966],[-52.05285,-22.75279],[-52.05788,-22.69502],[-51.9969,-22.61704],[-52.02835,-22.53951],[-51.94051,-22.56734],[-51.86862,-22.63045],[-51.76136,-22.61564],[-51.71817,-22.66902],[-51.63825,-22.65664],[-51.56243,-22.69662],[-51.51981,-22.68793],[-51.48184,-22.76007],[-51.48091,-22.91719],[-51.53255,-22.94323],[-51.49208,-23.06673],[-51.39831,-23.09032],[-51.39634,-23.12948],[-51.41591,-23.16731],[-51.47361,-23.16718],[-51.50546,-23.21324],[-51.55509,-23.13557],[-51.59728,-23.12859],[-51.62279,-23.23187],[-51.5916,-23.28298],[-51.69768,-23.38716]]]]}},{"type":"Feature","id":"41007","properties":{"code":"41007","name":"Porecatu"},"geometry":{"type":"MultiPolygon","coordinates":[[[[-50.94836,-23.10638],[-51.15239,-23.20087],[-51.1702,-23.11786],[-51.23141,-23.11806],[-51.23185,-23.05182],[-51.30642,-23.04044],[-51.30201,-23.01727],[-51.35203,-23.03177],[-51.39993,-23.09277],[-51.49208,-23.06673],[-51.53309,-22.94089],[-51.47915,-22.90364],[-51.48043,-22.76779],[-51.51721,-22.68996],[-51.44641,-22.65295],[-51.2652,-22.6677],[-51.16441,-22.74896],[-51.00438,-22.79371],[-51.00421,-22.82184],[-50.97693,-22.8185],[-50.99634,-22.8534],[-50.96063,-22.84723],[-50.93243,-22.88246],[-50.98366,-22.95226],[-50.94493,-22.97382],[-50.94393,-23.03603],[-50.98881,-23.04509],[-50.94836,-23.10638]]]]}},{"type":"Feature","id":"41008","properties":{"code":"41008","name":"Floraã"},"geometry":{"type":"MultiPolygon","coordinates":[[[[-51.95044,-23.776],[-52.03833,-23.81738],[-52.03496,-23.76701],[-52.11761,-23.7019],[-52.1161,-23.67279],[-52.14085,-23.69059],[-52.16113,-23.64854],[-52.26527,-23.64291],[-52.32191,-23.5557],[-52.39266,-23.5476],[-52.42197,-23.4697],[-52.42076,-23.25078],[-52.34391,-23.30011],[-52.24888,-23.26745],[-52.2189,-23.28866],[-52.2385,-23.31434],[-52.14406,-23.39279],[-52.22543,-23.52225],[-52.10026,-23.51955],[-51.99975,-23.55657],[-52.06072,-23.65662],[-51.96659,-23.61204],[-51.93664,-23.6397],[-51.93679,-23.68231],[-51.9636,-23.69453],[-51.91924,-23.72597],[-51.95044,-23.776]]]]}},{"type":"Feature","id":"41009","properties":{"code":"41009","name":"Maringã"},"geometry":{"type":"MultiPolygon","coordinates":[[[[-51.6448,-23.5759],[-51.73599,-23.58018],[-51.79357,-23.60697],[-51.79874,-23.64192],[-51.86986,-23.63817],[-51.93721,-23.67751],[-51.96488,-23.61221],[-52.06072,-23.65662],[-51.99975,-23.55657],[-52.22747,-23.51285],[-52.16658,-23.42457],[-52.09499,-23.40034],[-52.07618,-23.34674],[-51.97752,-23.29666],[-51.96572,-23.25386],[-51.62762,-23.40867],[-51.60616,-23.48514],[-51.6448,-23.5759]]]]}},{"type":"Feature","id":"41010","properties":{"code":"41010","name":"Apucarana"},"geometry":{"type":"MultiPolygon","coordinates":[[[[-51.09978,-23.99132],[-51.16615,-23.96236],[-51.1984,-23.91093],[-51.2942,-23.8992],[-51.36509,-23.84992],[-51.42273,-23.86947],[-51.34829,-23.80447],[-51.37312,-23.73829],[-51.43628,-23.70882],[-51.49303,-23.75119],[-51.47168,-23.76044],[-51.50653,-23.85729],[-51.58704,-23.86166],[-51.59698,-23.8168],[-51.5613,-23.7526],[-51.5946,-23.69123],[-51.63391,-23.66686],[-51.69626,-23.70436],[-51.70316,-23.67457],[-51.79574,-23.63085],[-51.7926,-23.60648],[-51.64707,-23.57741],[-51.62449,-23.54877],[-51.60616,-23.48514],[-51.62549,-23.41098],[-51.69021,-23.37769],[-51.60578,-23.28124],[-51.53273,-23.26352],[-51.50588,-23.34026],[-51.45463,-23.38219],[-51.42015,-23.35559],[-51.3638,-23.39453],[-51.31019,-23.38342],[-51.29574,-23.56352],[-51.22724,-23.55569],[-51.19775,-23.59736],[-51.24207,-23.73598],[-51.17226,-23.77855],[-51.14587,-23.76637],[-51.19043,-23.85382],[-51.17105,-23.92683],[-51.0809,-23.90732],[-51.11256,-23.94267],[-51.09978,-23.99132]]]]}},{"type":"Feature","id":"41011","properties":{"code":"41011","name":"Londrina"},"geometry":{"type":"MultiPolygon","coordinates":[[[[-50.95979,-23.90031],[-51.17384,-23.92401],[-51.1898,-23.82706],[-51.14587,-23.76637],[-51.17226,-23.77855],[-51.24207,-23.73598],[-51.19775,-23.59736],[-51.22724,-23.55569],[-51.29574,-23.56352],[-51.31019,-23.38342],[-51.3638,-23.39453],[-51.42015,-23.35559],[-51.45463,-23.38219],[-51.50588,-23.34026],[-51.53273,-23.26352],[-51.59698,-23.28025],[-51.62279,-23.23187],[-51.59728,-23.12859],[-51.55509,-23.13557],[-51.50546,-23.21324],[-51.47361,-23.16718],[-51.41591,-23.16731],[-51.39999,-23.08804],[-51.32171,-23.01267],[-51.30642,-23.04044],[-51.23185,-23.05182],[-51.23141,-23.11806],[-51.1702,-23.11786],[-51.16016,-23.20013],[-50.94836,-23.10638],[-50.99341,-23.13985],[-50.96271,-23.14083],[-50.9507,-23.17311],[-50.98816,-23.25403],[-50.96258,-23.3012],[-50.99544,-23.31045],[-50.98516,-23.35756],[-51.0104,-23.3557],[-50.98936,-23.40842],[-50.95348,-23.41617],[-50.96469,-23.46088],[-50.92358,-23.45473],[-50.95205,-23.58868],[-50.92028,-23.66461],[-50.87884,-23.68122],[-50.91545,-23.71607],[-50.87558,-23.76701],[-50.96314,-23.8508],[-50.95979,-23.90031]]]]}},{"type":"Feature","id":"41012","properties":{"code":"41012","name":"Faxinal"},"geometry":{"type":"MultiPolygon","coordinates":[[[[-51.08544,-24.07442],[-51.15487,-24.07153],[-51.20846,-24.10694],[-51.28884,-24.09317],[-51.29968,-24.13077],[-51.34815,-24.11565],[-51.39245,-24.14819],[-51.41301,-24.12966],[-51.41799,-24.15854],[-51.45182,-24.09614],[-51.52171,-24.10656],[-51.62557,-24.01906],[-51.64957,-24.04897],[-51.63876,-23.99952],[-51.70487,-24.00565],[-51.67651,-23.95875],[-51.79175,-23.9283],[-51.73453,-23.84163],[-51.78483,-23.83006],[-51.76635,-23.79417],[-51.79579,-23.77495],[-51.88354,-23.80665],[-51.9571,-23.67774],[-51.7746,-23.62635],[-51.69626,-23.70436],[-51.63391,-23.66686],[-51.5651,-23.72947],[-51.59589,-23.84567],[-51.52585,-23.87279],[-51.48175,-23.81167],[-51.47168,-23.76044],[-51.49303,-23.75119],[-51.43628,-23.70882],[-51.37312,-23.73829],[-51.34829,-23.80447],[-51.42273,-23.86947],[-51.36509,-23.84992],[-51.2942,-23.8992],[-51.18577,-23.91797],[-51.14646,-23.9782],[-51.09553,-23.98801],[-51.08544,-24.07442]]]]}},{"type":"Feature","id":"41013","properties":{"code":"41013","name":"Ivaiporã"},"geometry":{"type":"MultiPolygon","coordinates":[[[[-50.98465,-24.96579],[-51.05945,-24.95313],[-51.04554,-24.9137],[-51.09193,-24.93308],[-51.08662,-24.90467],[-51.12112,-24.90414],[-51.10392,-24.86646],[-51.12991,-24.87421],[-51.18249,-24.78303],[-51.21148,-24.79543],[-51.20292,-24.76539],[-51.23479,-24.79198],[-51.28243,-24.77455],[-51.27551,-24.75294],[-51.29462,-24.77603],[-51.41013,-24.75633],[-51.42074,-24.69263],[-51.47654,-24.6177],[-51.50259,-24.62887],[-51.45143,-24.5571],[-51.5597,-24.5751],[-51.60457,-24.55589],[-51.71604,-24.6038],[-51.82116,-24.44927],[-51.83149,-24.4945],[-51.8595,-24.49293],[-51.83179,-24.53603],[-51.87759,-24.55125],[-51.8776,-24.59406],[-51.97945,-24.62005],[-52.04754,-24.56672],[-52.04094,-24.50028],[-52.01355,-24.48436],[-52.04272,-24.40841],[-52.01022,-24.3966],[-52.01481,-24.36215],[-51.9874,-24.36796],[-51.99862,-24.28446],[-51.94674,-24.2294],[-52.01033,-24.18762],[-51.97021,-24.17828],[-51.9621,-24.20048],[-51.97127,-24.16442],[-51.94783,-24.14449],[-51.92155,-24.16584],[-51.94161,-24.13376],[-51.88953,-24.1169],[-51.95923,-24.06764],[-51.92898,-24.04845],[-51.96801,-23.94934],[-51.93666,-23.94206],[-51.95668,-23.9295],[-51.93926,-23.88209],[-52.00849,-23.8189],[-51.91924,-23.72597],[-51.88354,-23.80665],[-51.79579,-23.77495],[-51.76671,-23.7929],[-51.78483,-23.83006],[-51.73453,-23.84163],[-51.7959,-23.92006],[-51.67651,-23.95875],[-51.70487,-24.00565],[-51.63876,-23.99952],[-51.65216,-24.04737],[-51.62557,-24.01906],[-51.55518,-24.09127],[-51.49365,-24.11303],[-51.45182,-24.09614],[-51.42115,-24.15696],[-51.41301,-24.12966],[-51.34193,-24.14887],[-51.2614,-24.21794],[-51.20937,-24.20795],[-51.18104,-24.26247],[-51.15109,-24.25188],[-51.09556,-24.28863],[-51.11645,-24.29846],[-51.10451,-24.34862],[-51.07793,-24.35226],[-51.09534,-24.40328],[-51.19276,-24.52201],[-51.12526,-24.58688],[-51.12801,-24.62552],[-51.08154,-24.63717],[-51.06686,-24.81595],[-50.99839,-24.86311],[-50.96294,-24.93297],[-50.98465,-24.96579]]]]}},{"type":"Feature","id":"41014","properties":{"code":"41014","name":"Assaã"},"geometry":{"type":"MultiPolygon","coordinates":[[[[-50.84478,-23.89469],[-50.89578,-23.84019],[-50.90082,-23.78194],[-50.87558,-23.76701],[-50.9154,-23.71437],[-50.87884,-23.68122],[-50.92028,-23.66461],[-50.95205,-23.58868],[-50.92358,-23.45473],[-50.96469,-23.46088],[-50.95348,-23.41617],[-50.98936,-23.40842],[-51.0104,-23.3557],[-50.98516,-23.35756],[-50.99544,-23.31045],[-50.96258,-23.3012],[-50.98816,-23.25403],[-50.9507,-23.17311],[-50.96271,-23.14083],[-50.99255,-23.14502],[-50.94759,-23.10778],[-50.98881,-23.04509],[-50.94393,-23.03603],[-50.95452,-23.00328],[-50.92953,-22.97875],[-50.84193,-23.09024],[-50.85129,-23.11923],[-50.80201,-23.13673],[-50.78931,-23.15905],[-50.81353,-23.16807],[-50.76231,-23.18743],[-50.77056,-23.22006],[-50.72825,-23.2407],[-50.76324,-23.27286],[-50.76742,-23.34574],[-50.73617,-23.40329],[-50.66297,-23.39232],[-50.63751,-23.41919],[-50.62501,-23.44969],[-50.68762,-23.51158],[-50.69083,-23.57042],[-50.62881,-23.68929],[-50.60233,-23.6847],[-50.5465,-23.74126],[-50.60227,-23.7434],[-50.63864,-23.81852],[-50.73306,-23.82332],[-50.77348,-23.87121],[-50.84478,-23.89469]]]]}},{"type":"Feature","id":"41015","properties":{"code":"41015","name":"CornãLio ProcãPio"},"geometry":{"type":"MultiPolygon","coordinates":[[[[-50.44412,-23.74833],[-50.46241,-23.7313],[-50.51935,-23.76615],[-50.60233,-23.6847],[-50.62881,-23.68929],[-50.69083,-23.57042],[-50.68762,-23.51158],[-50.6246,-23.44744],[-50.66297,-23.39232],[-50.73617,-23.40329],[-50.76742,-23.34574],[-50.76324,-23.27286],[-50.72825,-23.2407],[-50.77056,-23.22006],[-50.76231,-23.18743],[-50.81353,-23.16807],[-50.78931,-23.15905],[-50.80201,-23.13673],[-50.85129,-23.11923],[-50.84116,-23.09212],[-50.89636,-23.00912],[-50.98144,-22.96099],[-50.93243,-22.88246],[-50.96063,-22.84723],[-50.99634,-22.8534],[-50.97693,-22.8185],[-51.00421,-22.82184],[-51.00438,-22.79371],[-50.88872,-22.79653],[-50.79295,-22.89435],[-50.80399,-22.94574],[-50.74062,-22.96251],[-50.66159,-22.89548],[-50.60852,-22.92415],[-50.54049,-22.91213],[-50.50788,-22.94522],[-50.4303,-22.94641],[-50.41895,-22.91393],[-50.37907,-22.90541],[-50.33616,-22.9504],[-50.27339,-22.931],[-50.20216,-22.9555],[-50.2098,-23.02884],[-50.17021,-23.07739],[-50.25434,-23.0927],[-50.20921,-23.17922],[-50.23927,-23.21326],[-50.20436,-23.23298],[-50.19159,-23.28474],[-50.22207,-23.30615],[-50.21822,-23.34913],[-50.29929,-23.37117],[-50.29812,-23.58833],[-50.43013,-23.62447],[-50.41865,-23.70752],[-50.44412,-23.74833]]]]}},{"type":"Feature","id":"41016","properties":{"code":"41016","name":"Jacarezinho"},"geometry":{"type":"MultiPolygon","coordinates":[[[[-50.29812,-23.58833],[-50.30426,-23.38173],[-50.21822,-23.34913],[-50.22207,-23.30615],[-50.19159,-23.28474],[-50.20436,-23.23298],[-50.23927,-23.21326],[-50.20921,-23.17922],[-50.25434,-23.0927],[-50.17021,-23.07739],[-50.2098,-23.02884],[-50.20389,-22.95279],[-50.06747,-22.92752],[-50.04785,-22.90196],[-49.99487,-22.92972],[-49.98616,-22.8975],[-49.96933,-22.96448],[-49.89959,-23.00201],[-49.9116,-23.05112],[-49.74024,-23.09917],[-49.73049,-23.14145],[-49.67832,-23.16506],[-49.62169,-23.33189],[-49.64389,-23.36345],[-49.68621,-23.35104],[-49.79194,-23.39028],[-49.82533,-23.44215],[-49.86476,-23.35242],[-49.9329,-23.30611],[-49.94305,-23.43148],[-49.98941,-23.45265],[-50.10616,-23.39321],[-50.17102,-23.39734],[-50.17486,-23.43875],[-50.12858,-23.44151],[-50.15614,-23.46448],[-50.11469,-23.46006],[-50.15701,-23.52896],[-50.19013,-23.57016],[-50.29812,-23.58833]]]]}},{"type":"Feature","id":"41017","properties":{"code":"41017","name":"Ibaiti"},"geometry":{"type":"MultiPolygon","coordinates":[[[[-50.74184,-24.00893],[-50.7627,-23.96901],[-50.73103,-23.93694],[-50.80492,-23.87641],[-50.73306,-23.82332],[-50.63864,-23.81852],[-50.58499,-23.73542],[-50.51935,-23.76615],[-50.46241,-23.7313],[-50.44412,-23.74833],[-50.41802,-23.68815],[-50.44061,-23.63624],[-50.38755,-23.59792],[-50.18423,-23.56757],[-50.13783,-23.48807],[-50.08021,-23.5178],[-50.08447,-23.63451],[-50.02886,-23.6566],[-50.03155,-23.70717],[-49.9983,-23.70238],[-50.01791,-23.70346],[-50.05934,-23.89115],[-49.96565,-23.90194],[-49.97218,-23.96797],[-50.0376,-23.9921],[-50.15882,-23.9398],[-50.22082,-23.99746],[-50.23789,-23.96476],[-50.29032,-23.95899],[-50.28931,-23.99162],[-50.34435,-24.04121],[-50.33062,-24.12259],[-50.47634,-24.10586],[-50.53742,-24.06363],[-50.65876,-24.07335],[-50.74184,-24.00893]]]]}},{"type":"Feature","id":"41018","properties":{"code":"41018","name":"Wenceslau Braz"},"geometry":{"type":"MultiPolygon","coordinates":[[[[-49.6445,-24.07779],[-49.7594,-24.0841],[-49.82925,-23.97886],[-49.83097,-23.92744],[-49.9235,-23.84379],[-49.95985,-23.85297],[-49.93491,-23.86475],[-49.96537,-23.86989],[-49.97434,-23.90451],[-50.05934,-23.89115],[-50.01791,-23.70346],[-49.9983,-23.70238],[-50.03155,-23.70717],[-50.02886,-23.6566],[-50.08447,-23.63451],[-50.08021,-23.5178],[-50.14416,-23.48871],[-50.11469,-23.46006],[-50.15614,-23.46448],[-50.12858,-23.44151],[-50.17486,-23.43875],[-50.17102,-23.39734],[-50.10616,-23.39321],[-49.98941,-23.45265],[-49.93646,-23.42374],[-49.9297,-23.30528],[-49.86476,-23.35242],[-49.82533,-23.44215],[-49.80053,-23.4328],[-49.82012,-23.40712],[-49.74961,-23.39221],[-49.73943,-23.36424],[-49.59541,-23.36709],[-49.62101,-23.39742],[-49.56657,-23.42769],[-49.62937,-23.51183],[-49.60021,-23.53562],[-49.62096,-23.61111],[-49.54843,-23.7348],[-49.57346,-23.75604],[-49.56089,-23.81591],[-49.61074,-23.85169],[-49.5358,-23.92815],[-49.61966,-23.97962],[-49.61502,-24.05736],[-49.6445,-24.07779]]]]}},{"type":"Feature","id":"41019","properties":{"code":"41019","name":"TelãMaco Borba"},"geometry":{"type":"MultiPolygon","coordinates":[[[[-50.41998,-25.00746],[-50.47458,-24.99752],[-50.52718,-24.9379],[-50.44477,-24.79812],[-50.61439,-24.88464],[-50.65162,-24.8503],[-50.74972,-24.83143],[-50.83997,-24.85986],[-50.87873,-24.8315],[-50.91646,-24.85646],[-51.0288,-24.8551],[-51.06686,-24.81595],[-51.08154,-24.63717],[-51.12801,-24.62552],[-51.12526,-24.58688],[-51.19327,-24.51785],[-51.09534,-24.40328],[-51.07793,-24.35226],[-51.10451,-24.34862],[-51.11645,-24.29846],[-51.09556,-24.28863],[-51.15109,-24.25188],[-51.18104,-24.26247],[-51.20937,-24.20795],[-51.2614,-24.21794],[-51.37254,-24.14258],[-51.34815,-24.11565],[-51.29968,-24.13077],[-51.28884,-24.09317],[-51.20846,-24.10694],[-51.15487,-24.07153],[-51.08544,-24.07442],[-51.11256,-23.94267],[-51.0819,-23.90596],[-50.95806,-23.89936],[-50.96314,-23.8508],[-50.89906,-23.79556],[-50.84743,-23.89409],[-50.80492,-23.87641],[-50.73103,-23.93694],[-50.76253,-23.97073],[-50.65876,-24.07335],[-50.53742,-24.06363],[-50.47634,-24.10586],[-50.33062,-24.12259],[-50.34435,-24.04121],[-50.26985,-23.95426],[-50.0958,-24.09207],[-50.10647,-24.13258],[-50.19422,-24.18633],[-50.19464,-24.32474],[-50.17002,-24.35133],[-50.21027,-24.42298],[-50.086,-24.52329],[-50.18506,-24.56378],[-50.15622,-24.62989],[-50.19,-24.65334],[-50.15844,-24.69141],[-50.30339,-24.78136],[-50.298,-24.85515],[-50.35948,-24.83738],[-50.339,-24.87137],[-50.31617,-24.86076],[-50.33956,-24.88204],[-50.32348,-24.8998],[-50.39948,-24.9389],[-50.38664,-24.95408],[-50.41417,-24.96332],[-50.39146,-24.98531],[-50.41998,-25.00746]]]]}},{"type":"Feature","id":"41020","properties":{"code":"41020","name":"JaguariaãVa"},"geometry":{"type":"MultiPolygon","coordinates":[[[[-49.2537,-24.42261],[-49.42916,-24.50069],[-49.48773,-24.54597],[-49.50413,-24.61109],[-49.53921,-24.57201],[-49.62295,-24.64678],[-49.67248,-24.60394],[-49.82604,-24.60892],[-49.8807,-24.56939],[-49.99277,-24.64591],[-50.04591,-24.62524],[-50.13482,-24.5411],[-50.086,-24.52329],[-50.10291,-24.49052],[-50.20997,-24.42617],[-50.17002,-24.35133],[-50.19464,-24.32474],[-50.19422,-24.18633],[-50.09454,-24.10027],[-50.13685,-24.03846],[-50.22082,-23.99746],[-50.15882,-23.9398],[-50.0376,-23.9921],[-49.97218,-23.96797],[-49.96734,-23.87262],[-49.93491,-23.86475],[-49.95985,-23.85297],[-49.9235,-23.84379],[-49.83097,-23.92744],[-49.82925,-23.97886],[-49.7594,-24.0841],[-49.6445,-24.07779],[-49.61502,-24.05736],[-49.61966,-23.97962],[-49.56679,-23.96703],[-49.57021,-23.94052],[-49.52234,-23.91656],[-49.48715,-24.0246],[-49.40915,-24.10826],[-49.33657,-24.13758],[-49.35321,-24.21863],[-49.28304,-24.30886],[-49.20121,-24.3427],[-49.2537,-24.42261]]]]}},{"type":"Feature","id":"41021","properties":{"code":"41021","name":"Ponta Grossa"},"geometry":{"type":"MultiPolygon","coordinates":[[[[-50.06405,-25.65196],[-50.16844,-25.58478],[-50.35713,-25.53089],[-50.35282,-25.42998],[-50.27593,-25.3735],[-50.26183,-25.19878],[-50.27963,-25.13293],[-50.36925,-25.10474],[-50.38503,-25.05929],[-50.41209,-25.07127],[-50.40944,-25.0297],[-50.43031,-25.04394],[-50.4585,-25.01104],[-50.39637,-24.99013],[-50.39948,-24.9389],[-50.32348,-24.8998],[-50.33956,-24.88204],[-50.31617,-24.86076],[-50.339,-24.87137],[-50.35948,-24.83738],[-50.298,-24.85515],[-50.30339,-24.78136],[-50.16211,-24.69747],[-50.19,-24.65334],[-50.15622,-24.62989],[-50.17927,-24.60405],[-50.16978,-24.55324],[-50.13482,-24.5411],[-49.99277,-24.64591],[-49.8807,-24.56939],[-49.82604,-24.60892],[-49.67248,-24.60394],[-49.62885,-24.6808],[-49.57348,-24.66802],[-49.52977,-24.71558],[-49.56716,-24.79711],[-49.49878,-24.90528],[-49.63871,-25.00768],[-49.71216,-25.02155],[-49.70094,-25.04641],[-49.73945,-25.06271],[-49.73957,-25.10226],[-49.67969,-25.17075],[-49.71219,-25.21742],[-49.78091,-25.19408],[-49.85677,-25.23393],[-49.74104,-25.36633],[-49.76716,-25.46672],[-49.86512,-25.4965],[-49.90781,-25.44705],[-49.97041,-25.52272],[-49.9921,-25.61126],[-50.02609,-25.60356],[-50.06405,-25.65196]]]]}},{"type":"Feature","id":"41022","properties":{"code":"41022","name":"Toledo"},"geometry":{"type":"MultiPolygon","coordinates":[[[[-54.45943,-25.03902],[-54.3905,-24.78507],[-54.32541,-24.66268],[-54.32871,-24.47093],[-54.25915,-24.36492],[-54.27531,-24.29451],[-54.32284,-24.2509],[-54.34447,-24.14064],[-54.27677,-24.06226],[-54.16901,-23.99899],[-54.05583,-24.03655],[-53.97331,-23.98183],[-53.98705,-24.1292],[-53.91314,-24.13555],[-53.92464,-24.16125],[-53.8655,-24.19103],[-53.74322,-24.14956],[-53.74692,-24.18766],[-53.70901,-24.17905],[-53.63949,-24.24173],[-53.57088,-24.2608],[-53.48113,-24.21812],[-53.36473,-24.25274],[-53.28326,-24.16485],[-53.23917,-24.16782],[-53.28974,-24.30248],[-53.24304,-24.41725],[-53.31861,-24.43025],[-53.34784,-24.54246],[-53.44776,-24.54415],[-53.41587,-24.66258],[-53.44637,-24.68234],[-53.45698,-24.7437],[-53.53701,-24.74502],[-53.54414,-24.83846],[-53.63171,-24.78686],[-53.72364,-24.79363],[-53.67356,-24.86015],[-53.62493,-24.87028],[-53.63343,-24.93849],[-53.68444,-24.93977],[-53.67439,-24.9578],[-53.73254,-24.99957],[-53.77177,-24.96883],[-53.87879,-24.99656],[-53.91224,-24.9708],[-53.89807,-24.92751],[-53.92424,-24.89773],[-53.94363,-24.91971],[-54.0446,-24.89069],[-53.97016,-25.07867],[-54.01485,-25.02911],[-54.45943,-25.03902]]]]}},{"type":"Feature","id":"41023","properties":{"code":"41023","name":"Cascavel"},"geometry":{"type":"MultiPolygon","coordinates":[[[[-53.60138,-25.56379],[-53.70733,-25.47479],[-53.63391,-25.31262],[-53.66496,-25.15496],[-53.62315,-25.08162],[-53.66694,-25.01787],[-53.73254,-24.99957],[-53.67439,-24.9578],[-53.68444,-24.93977],[-53.63343,-24.93849],[-53.62493,-24.87028],[-53.67356,-24.86015],[-53.72364,-24.79363],[-53.63171,-24.78686],[-53.54414,-24.83846],[-53.53701,-24.74502],[-53.45698,-24.7437],[-53.44637,-24.68234],[-53.41587,-24.66258],[-53.44776,-24.54415],[-53.34464,-24.54023],[-53.31861,-24.43025],[-53.24304,-24.41725],[-53.27547,-24.33853],[-53.2021,-24.34118],[-53.15196,-24.41729],[-53.18223,-24.51789],[-53.09636,-24.57199],[-53.09233,-24.61357],[-53.0425,-24.6109],[-53.06837,-24.64732],[-53.02334,-24.63609],[-53.02772,-24.66524],[-52.94823,-24.68582],[-52.95912,-24.72369],[-52.90434,-24.72177],[-52.9197,-24.76209],[-52.85481,-24.7623],[-52.87171,-24.80311],[-52.77896,-24.80022],[-52.79636,-24.84443],[-52.76236,-24.82763],[-52.74913,-24.85987],[-52.77373,-24.85786],[-52.74349,-24.88116],[-52.72037,-24.85568],[-52.68494,-24.87897],[-52.69883,-24.89335],[-52.65739,-24.89531],[-52.68737,-24.92712],[-52.63817,-24.9437],[-52.66291,-24.95655],[-52.64533,-24.98193],[-52.61997,-24.92516],[-52.58465,-24.95785],[-52.62251,-24.97609],[-52.60016,-25.01393],[-52.66154,-25.07044],[-52.69124,-25.16435],[-52.65447,-25.20066],[-52.88715,-25.29062],[-52.90779,-25.26501],[-52.92493,-25.29549],[-53.0002,-25.30347],[-53.00037,-25.34201],[-53.05452,-25.33687],[-53.07082,-25.3692],[-53.08088,-25.35203],[-53.12829,-25.42027],[-53.09886,-25.43779],[-53.11087,-25.47797],[-53.12893,-25.46626],[-53.15257,-25.49685],[-53.12544,-25.50752],[-53.19493,-25.51959],[-53.2079,-25.57393],[-53.26193,-25.59188],[-53.27438,-25.54656],[-53.32512,-25.55032],[-53.30317,-25.49675],[-53.32902,-25.47654],[-53.35241,-25.48622],[-53.35276,-25.53528],[-53.43771,-25.50489],[-53.45216,-25.53236],[-53.53324,-25.54685],[-53.55968,-25.50653],[-53.57633,-25.56204],[-53.60138,-25.56379]]]]}},{"type":"Feature","id":"41024","properties":{"code":"41024","name":"Foz Do IguaãU"},"geometry":{"type":"MultiPolygon","coordinates":[[[[-54.43524,-25.6969],[-54.4926,-25.61837],[-54.52634,-25.62883],[-54.55289,-25.58815],[-54.59353,-25.59224],[-54.6193,-25.4541],[-54.43031,-25.15947],[-54.46078,-25.09941],[-54.44914,-25.03071],[-54.01485,-25.02911],[-53.97016,-25.07867],[-54.04177,-24.8897],[-53.94363,-24.91971],[-53.92424,-24.89773],[-53.89807,-24.92751],[-53.91224,-24.9708],[-53.88055,-24.99588],[-53.76793,-24.96915],[-53.6323,-25.05418],[-53.66496,-25.15496],[-53.63391,-25.31262],[-53.66206,-25.37831],[-53.67816,-25.36935],[-53.68052,-25.45685],[-53.70324,-25.45381],[-53.67671,-25.49644],[-53.71541,-25.54176],[-53.709,-25.58882],[-53.7686,-25.55121],[-53.78241,-25.59993],[-53.81041,-25.60314],[-53.80907,-25.53974],[-53.89584,-25.59495],[-54.02021,-25.56331],[-54.05211,-25.58508],[-54.07789,-25.5579],[-54.09758,-25.61958],[-54.12342,-25.56809],[-54.10366,-25.49442],[-54.16311,-25.54261],[-54.20638,-25.54174],[-54.17643,-25.58443],[-54.23048,-25.56281],[-54.25372,-25.59641],[-54.28832,-25.55441],[-54.34989,-25.60697],[-54.38704,-25.59805],[-54.43524,-25.6969]]]]}},{"type":"Feature","id":"41025","properties":{"code":"41025","name":"Capanema"},"geometry":{"type":"MultiPolygon","coordinates":[[[[-53.36499,-26.02031],[-53.50719,-25.98967],[-53.55246,-25.9542],[-53.75686,-26.04175],[-53.83682,-25.96986],[-53.81944,-25.89858],[-53.84982,-25.88374],[-53.82329,-25.87213],[-53.84994,-25.83946],[-53.82196,-25.79364],[-53.87949,-25.7076],[-53.84242,-25.68723],[-53.89034,-25.66102],[-53.89108,-25.62289],[-53.94857,-25.61155],[-53.96247,-25.64329],[-53.99126,-25.58593],[-53.93999,-25.57157],[-53.89584,-25.59495],[-53.80907,-25.53974],[-53.79683,-25.60706],[-53.7686,-25.55121],[-53.70639,-25.58672],[-53.71689,-25.5462],[-53.68182,-25.50484],[-53.59536,-25.56517],[-53.55027,-25.50958],[-53.46402,-25.62126],[-53.49026,-25.6426],[-53.42365,-25.62863],[-53.4341,-25.65353],[-53.40151,-25.64891],[-53.37021,-25.74778],[-53.33399,-25.76739],[-53.38663,-25.79504],[-53.34262,-25.88852],[-53.36379,-25.89673],[-53.32581,-25.9226],[-53.37122,-25.96753],[-53.36499,-26.02031]]]]}},{"type":"Feature","id":"41026","properties":{"code":"41026","name":"Francisco BeltrãO"},"geometry":{"type":"MultiPolygon","coordinates":[[[[-52.90832,-26.35942],[-52.98836,-26.34577],[-53.09323,-26.39202],[-53.26453,-26.28933],[-53.28357,-26.24578],[-53.37607,-26.24161],[-53.46139,-26.29637],[-53.55053,-26.29384],[-53.58629,-26.25587],[-53.63997,-26.25252],[-53.65031,-26.19474],[-53.7406,-26.11778],[-53.73185,-26.03749],[-53.56608,-25.95733],[-53.3609,-26.01591],[-53.37122,-25.96753],[-53.32581,-25.9226],[-53.36379,-25.89673],[-53.34262,-25.88852],[-53.38663,-25.79504],[-53.33332,-25.7697],[-53.40397,-25.68812],[-53.40151,-25.64891],[-53.4341,-25.65353],[-53.42365,-25.62863],[-53.49026,-25.6426],[-53.46344,-25.62271],[-53.50538,-25.58032],[-53.49102,-25.53369],[-53.39782,-25.5027],[-53.35276,-25.53528],[-53.35241,-25.48622],[-53.32626,-25.47662],[-53.30317,-25.49675],[-53.32768,-25.54734],[-53.27438,-25.54656],[-53.26193,-25.59188],[-53.19801,-25.56876],[-53.19943,-25.52547],[-53.15885,-25.50894],[-53.12757,-25.56381],[-53.09093,-25.52724],[-53.04804,-25.57753],[-52.99496,-25.53482],[-52.98102,-25.57122],[-52.90736,-25.56429],[-52.87978,-25.60919],[-52.84641,-25.6055],[-52.85479,-25.68733],[-52.81161,-25.74032],[-52.94441,-25.78248],[-52.86647,-25.80671],[-52.90178,-25.81583],[-52.85155,-25.83353],[-52.87254,-25.86977],[-52.8474,-25.9376],[-52.92401,-25.94495],[-52.96569,-25.99648],[-52.88469,-26.00829],[-52.93912,-26.03252],[-52.9132,-26.05064],[-52.94362,-26.06195],[-52.91704,-26.06635],[-52.93002,-26.0941],[-52.81192,-26.13739],[-52.89783,-26.26007],[-52.94231,-26.23929],[-52.89794,-26.3057],[-52.90832,-26.35942]]]]}},{"type":"Feature","id":"41027","properties":{"code":"41027","name":"Pato Branco"},"geometry":{"type":"MultiPolygon","coordinates":[[[[-52.55315,-26.41168],[-52.60267,-26.41541],[-52.67862,-26.35268],[-52.73776,-26.34218],[-52.90617,-26.36059],[-52.89794,-26.3057],[-52.94222,-26.24737],[-52.89783,-26.26007],[-52.81225,-26.13894],[-52.93002,-26.0941],[-52.91704,-26.06635],[-52.94362,-26.06195],[-52.9132,-26.05064],[-52.93912,-26.03252],[-52.88469,-26.00829],[-52.96569,-25.99648],[-52.92401,-25.94495],[-52.8474,-25.9376],[-52.87254,-25.86977],[-52.85155,-25.83353],[-52.90178,-25.81583],[-52.86647,-25.80671],[-52.94441,-25.78248],[-52.81161,-25.74032],[-52.85289,-25.69332],[-52.85701,-25.60286],[-52.83765,-25.58386],[-52.80676,-25.60504],[-52.7912,-25.56585],[-52.76701,-25.61066],[-52.72642,-25.61941],[-52.71526,-25.6649],[-52.6278,-25.65503],[-52.6122,-25.60843],[-52.5409,-25.69759],[-52.521,-25.68331],[-52.53969,-25.64355],[-52.40428,-25.7013],[-52.31517,-25.67874],[-52.32992,-25.72417],[-52.29295,-25.70924],[-52.214,-25.75653],[-52.28139,-25.88584],[-52.38339,-25.94642],[-52.36264,-26.02941],[-52.38207,-26.05164],[-52.35769,-26.06698],[-52.415,-26.10494],[-52.51094,-26.08574],[-52.57525,-26.11443],[-52.57637,-26.15319],[-52.53454,-26.17129],[-52.56104,-26.20619],[-52.49154,-26.28839],[-52.51758,-26.39518],[-52.55315,-26.41168]]]]}},{"type":"Feature","id":"41028","properties":{"code":"41028","name":"Pitanga"},"geometry":{"type":"MultiPolygon","coordinates":[[[[-52.6626,-24.95775],[-52.63793,-24.9458],[-52.65495,-24.9102],[-52.53468,-24.84959],[-52.54349,-24.74937],[-52.52291,-24.76791],[-52.48419,-24.7343],[-52.43704,-24.74747],[-52.43135,-24.70367],[-52.4055,-24.72972],[-52.22946,-24.62358],[-52.13414,-24.62533],[-52.07502,-24.56921],[-52.03337,-24.56618],[-51.97945,-24.62005],[-51.8776,-24.59406],[-51.87759,-24.55125],[-51.83179,-24.53603],[-51.8595,-24.49293],[-51.83149,-24.4945],[-51.8245,-24.44976],[-51.71604,-24.6038],[-51.60457,-24.55589],[-51.5597,-24.5751],[-51.45038,-24.55821],[-51.50259,-24.62887],[-51.47654,-24.6177],[-51.41274,-24.72639],[-51.4448,-24.7993],[-51.43049,-24.82364],[-51.4699,-24.84683],[-51.44777,-24.88411],[-51.51599,-24.91601],[-51.50612,-24.95408],[-51.53785,-24.94297],[-51.61919,-24.98213],[-51.6641,-25.06156],[-51.86183,-24.98724],[-51.91135,-25.02874],[-51.952,-25.00283],[-51.97262,-25.034],[-51.99456,-25.01866],[-51.98145,-24.99366],[-52.02398,-25.00284],[-52.03361,-24.97513],[-52.08266,-25.01796],[-52.08667,-24.98403],[-52.12241,-24.98236],[-52.11104,-24.95959],[-52.17045,-24.96184],[-52.20682,-24.98466],[-52.18774,-25.00124],[-52.2428,-24.97766],[-52.24363,-25.01764],[-52.29934,-24.98265],[-52.31493,-25.00707],[-52.2912,-25.02591],[-52.33691,-25.00999],[-52.34496,-25.05341],[-52.34971,-25.02511],[-52.36908,-25.03274],[-52.36647,-25.07529],[-52.37738,-25.04558],[-52.384,-25.06304],[-52.4307,-25.03629],[-52.41159,-25.01464],[-52.45077,-25.04387],[-52.48479,-24.99837],[-52.51499,-25.05014],[-52.55424,-25.0365],[-52.58311,-25.00587],[-52.54447,-24.99088],[-52.61718,-24.92481],[-52.64035,-24.98262],[-52.6626,-24.95775]]]]}},{"type":"Feature","id":"41029","properties":{"code":"41029","name":"Guarapuava"},"geometry":{"type":"MultiPolygon","coordinates":[[[[-53.13484,-25.558],[-53.12532,-25.50657],[-53.15257,-25.49685],[-53.12893,-25.46626],[-53.11087,-25.47797],[-53.09886,-25.43779],[-53.12829,-25.42027],[-53.08231,-25.35306],[-53.00037,-25.34201],[-53.0002,-25.30347],[-52.92493,-25.29549],[-52.90779,-25.26501],[-52.88715,-25.29062],[-52.65624,-25.20363],[-52.69124,-25.16435],[-52.66154,-25.07044],[-52.60982,-25.03818],[-52.60357,-24.96328],[-52.54447,-24.99088],[-52.58311,-25.00587],[-52.55424,-25.0365],[-52.51499,-25.05014],[-52.48479,-24.99837],[-52.45077,-25.04387],[-52.41159,-25.01464],[-52.4307,-25.03629],[-52.384,-25.06304],[-52.37738,-25.04558],[-52.36647,-25.07529],[-52.36908,-25.03274],[-52.34971,-25.02511],[-52.34496,-25.05341],[-52.33691,-25.00999],[-52.2912,-25.02591],[-52.31493,-25.00707],[-52.29934,-24.98265],[-52.24363,-25.01764],[-52.2428,-24.97766],[-52.18774,-25.00124],[-52.20682,-24.98466],[-52.17045,-24.96184],[-52.11104,-24.95959],[-52.12241,-24.98236],[-52.08667,-24.98403],[-52.08266,-25.01796],[-52.03361,-24.97513],[-52.02398,-25.00284],[-51.98145,-24.99366],[-51.99456,-25.01866],[-51.97262,-25.034],[-51.952,-25.00283],[-51.91135,-25.02874],[-51.86183,-24.98724],[-51.6641,-25.06156],[-51.61919,-24.98213],[-51.53785,-24.94297],[-51.50612,-24.95408],[-51.51599,-24.91601],[-51.44777,-24.88411],[-51.4699,-24.84683],[-51.43049,-24.82364],[-51.42166,-24.75728],[-51.38363,-24.7548],[-51.31618,-24.78196],[-51.3526,-24.78906],[-51.3819,-24.84436],[-51.3646,-24.86365],[-51.40965,-24.92024],[-51.33283,-24.92969],[-51.32944,-25.01665],[-51.27041,-25.07411],[-51.28947,-25.04238],[-51.25362,-25.02116],[-51.24285,-24.97138],[-51.25681,-25.04846],[-51.22519,-25.0803],[-51.25391,-25.12794],[-51.17552,-25.17711],[-51.21451,-25.20256],[-51.20329,-25.2187],[-51.15759,-25.23182],[-51.20523,-25.23233],[-51.17738,-25.24985],[-51.19943,-25.29888],[-51.2265,-25.29678],[-51.1696,-25.35092],[-51.14624,-25.32506],[-51.11513,-25.34959],[-51.15679,-25.36854],[-51.13804,-25.39298],[-51.17074,-25.41166],[-51.12688,-25.41075],[-51.15432,-25.43845],[-51.12404,-25.45372],[-51.10876,-25.42606],[-51.08968,-25.44778],[-51.14141,-25.52648],[-50.98541,-25.57296],[-51.0069,-25.60397],[-50.9601,-25.68435],[-51.00965,-25.67458],[-51.01468,-25.70435],[-51.11648,-25.72028],[-51.12966,-25.76609],[-51.17174,-25.74415],[-51.18529,-25.77211],[-51.24796,-25.77681],[-51.25784,-25.80665],[-51.28329,-25.79251],[-51.40944,-25.94883],[-51.41894,-25.92132],[-51.44924,-25.95139],[-51.47783,-25.92146],[-51.55047,-25.98691],[-51.66769,-26.01029],[-51.71154,-25.973],[-51.6808,-25.9328],[-51.70161,-25.91527],[-51.75738,-26.00892],[-51.86871,-26.02674],[-51.95347,-25.98716],[-52.00843,-26.01069],[-52.03322,-25.94699],[-52.08517,-25.93887],[-52.16375,-25.86032],[-52.16811,-25.82791],[-52.11367,-25.78189],[-52.16706,-25.74867],[-52.19864,-25.77204],[-52.29295,-25.70924],[-52.32992,-25.72417],[-52.3115,-25.68004],[-52.40428,-25.7013],[-52.53969,-25.64355],[-52.53551,-25.69885],[-52.6122,-25.60843],[-52.6278,-25.65503],[-52.71526,-25.6649],[-52.72642,-25.61941],[-52.76701,-25.61066],[-52.78942,-25.56565],[-52.80676,-25.60504],[-52.83955,-25.58393],[-52.86745,-25.614],[-52.90405,-25.56536],[-52.98618,-25.56865],[-52.99496,-25.53482],[-53.04804,-25.57753],[-53.09093,-25.52724],[-53.13484,-25.558]]]]}},{"type":"Feature","id":"41030","properties":{"code":"41030","name":"Palmas"},"geometry":{"type":"MultiPolygon","coordinates":[[[[-51.51942,-26.58798],[-51.63099,-26.58782],[-51.66621,-26.56375],[-51.87345,-26.59936],[-52.00877,-26.56656],[-52.08135,-26.52511],[-52.1005,-26.48174],[-52.18634,-26.44512],[-52.22981,-26.46704],[-52.40004,-26.42314],[-52.46361,-26.4396],[-52.52323,-26.3996],[-52.49154,-26.28839],[-52.56104,-26.20619],[-52.53454,-26.17129],[-52.57637,-26.15319],[-52.57525,-26.11443],[-52.51094,-26.08574],[-52.415,-26.10494],[-52.35769,-26.06698],[-52.38207,-26.05164],[-52.36264,-26.02941],[-52.38261,-25.94498],[-52.28139,-25.88584],[-52.22836,-25.76343],[-52.16225,-25.74928],[-52.11075,-25.78885],[-52.16811,-25.82791],[-52.163,-25.86176],[-52.08517,-25.93887],[-52.03322,-25.94699],[-52.00843,-26.01069],[-51.95739,-25.98707],[-51.86871,-26.02674],[-51.79022,-25.99734],[-51.72296,-26.00694],[-51.73834,-26.04932],[-51.69567,-26.10327],[-51.77716,-26.25593],[-51.70138,-26.24392],[-51.68261,-26.28734],[-51.64446,-26.26442],[-51.63245,-26.29504],[-51.57784,-26.29341],[-51.60617,-26.32738],[-51.58483,-26.32211],[-51.5895,-26.35774],[-51.56237,-26.36823],[-51.58145,-26.39536],[-51.54113,-26.39228],[-51.51942,-26.58798]]]]}},{"type":"Feature","id":"41031","properties":{"code":"41031","name":"PrudentãPolis"},"geometry":{"type":"MultiPolygon","coordinates":[[[[-50.43103,-25.64384],[-50.48811,-25.65242],[-50.54828,-25.57737],[-50.62187,-25.58432],[-50.57968,-25.45194],[-50.59992,-25.41152],[-50.72703,-25.35486],[-50.78673,-25.38167],[-50.78564,-25.41607],[-50.83416,-25.37216],[-50.90097,-25.38036],[-51.11881,-25.51189],[-51.10556,-25.49085],[-51.12921,-25.4812],[-51.09593,-25.43037],[-51.12404,-25.45372],[-51.15432,-25.43845],[-51.12688,-25.41075],[-51.17074,-25.41166],[-51.13804,-25.39298],[-51.15679,-25.36854],[-51.11513,-25.34959],[-51.14624,-25.32506],[-51.1696,-25.35092],[-51.2265,-25.29678],[-51.19943,-25.29888],[-51.17738,-25.24985],[-51.20523,-25.23233],[-51.15759,-25.23182],[-51.20329,-25.2187],[-51.21451,-25.20256],[-51.17552,-25.17711],[-51.25391,-25.12794],[-51.22519,-25.0803],[-51.25681,-25.04846],[-51.24223,-24.97252],[-51.28947,-25.04238],[-51.26897,-25.07236],[-51.29772,-25.06545],[-51.33527,-24.99748],[-51.33283,-24.92969],[-51.4106,-24.91805],[-51.3646,-24.86365],[-51.3819,-24.84436],[-51.3526,-24.78906],[-51.3181,-24.7865],[-51.33118,-24.75451],[-51.29462,-24.77603],[-51.27551,-24.75294],[-51.28243,-24.77455],[-51.23479,-24.79198],[-51.20084,-24.76645],[-51.21148,-24.79543],[-51.18249,-24.78303],[-51.12991,-24.87421],[-51.10392,-24.86646],[-51.12032,-24.90562],[-51.08662,-24.90467],[-51.08265,-24.93745],[-51.04284,-24.91497],[-51.05945,-24.95313],[-51.01032,-24.97098],[-50.96294,-24.93297],[-51.00179,-24.86278],[-50.94707,-24.84271],[-50.91646,-24.85646],[-50.87589,-24.83192],[-50.83997,-24.85986],[-50.74972,-24.83143],[-50.65162,-24.8503],[-50.61728,-24.88487],[-50.43804,-24.8042],[-50.52718,-24.9379],[-50.47458,-24.99752],[-50.43358,-24.99857],[-50.4587,-25.01294],[-50.42672,-25.04528],[-50.40872,-25.03056],[-50.41025,-25.07431],[-50.38503,-25.05929],[-50.36925,-25.10474],[-50.27963,-25.13293],[-50.26183,-25.19878],[-50.27705,-25.377],[-50.35282,-25.42998],[-50.35752,-25.53829],[-50.42433,-25.59191],[-50.43103,-25.64384]]]]}},{"type":"Feature","id":"41032","properties":{"code":"41032","name":"Irati"},"geometry":{"type":"MultiPolygon","coordinates":[[[[-50.89745,-26.05719],[-50.95284,-25.97659],[-50.9304,-25.94206],[-51.00756,-25.90688],[-51.04098,-25.81038],[-50.94297,-25.73985],[-51.0069,-25.60397],[-50.98541,-25.57296],[-51.09887,-25.55269],[-51.14629,-25.50904],[-51.0881,-25.50466],[-50.90055,-25.38022],[-50.83416,-25.37216],[-50.78564,-25.41607],[-50.77141,-25.36679],[-50.67234,-25.36582],[-50.57968,-25.45194],[-50.62187,-25.58432],[-50.54828,-25.57737],[-50.45614,-25.68326],[-50.49191,-25.73739],[-50.59493,-25.76168],[-50.60796,-25.81897],[-50.63381,-25.81778],[-50.60249,-25.86665],[-50.62664,-25.84829],[-50.67698,-25.87288],[-50.67063,-25.96884],[-50.68529,-25.95615],[-50.72269,-26.00015],[-50.74914,-25.98073],[-50.86738,-25.99748],[-50.89745,-26.05719]]]]}},{"type":"Feature","id":"41033","properties":{"code":"41033","name":"UniãO Da VitãRia"},"geometry":{"type":"MultiPolygon","coordinates":[[[[-51.41148,-26.71712],[-51.51208,-26.58169],[-51.54113,-26.39228],[-51.58145,-26.39536],[-51.56237,-26.36823],[-51.5895,-26.35774],[-51.58483,-26.32211],[-51.60617,-26.32738],[-51.57784,-26.29341],[-51.63245,-26.29504],[-51.64446,-26.26442],[-51.68261,-26.28734],[-51.70138,-26.24392],[-51.77716,-26.25593],[-51.69567,-26.10327],[-51.73834,-26.04932],[-51.72244,-26.01266],[-51.74305,-25.9707],[-51.6985,-25.91481],[-51.6808,-25.9328],[-51.71154,-25.973],[-51.66769,-26.01029],[-51.55047,-25.98691],[-51.47783,-25.92146],[-51.44924,-25.95139],[-51.41894,-25.92132],[-51.40944,-25.94883],[-51.28329,-25.79251],[-51.25784,-25.80665],[-51.24796,-25.77681],[-51.18529,-25.77211],[-51.17174,-25.74415],[-51.12966,-25.76609],[-51.11648,-25.72028],[-51.01468,-25.70435],[-50.97915,-25.66695],[-50.94337,-25.74104],[-51.04098,-25.81038],[-51.00756,-25.90688],[-50.9304,-25.94206],[-50.95303,-25.97412],[-50.93115,-26.02643],[-50.89745,-26.05719],[-50.88535,-26.00583],[-50.74914,-25.98073],[-50.72125,-25.99986],[-50.68428,-25.95579],[-50.62079,-26.05212],[-50.64762,-26.12889],[-50.72987,-26.20338],[-50.7259,-26.24871],[-50.78072,-26.22523],[-50.8386,-26.27147],[-50.86857,-26.24136],[-50.90155,-26.28933],[-50.93251,-26.23449],[-50.94528,-26.28266],[-50.99897,-26.23105],[-51.07887,-26.22742],[-51.10431,-26.27612],[-51.2072,-26.2963],[-51.30049,-26.41787],[-51.25306,-26.4623],[-51.27317,-26.4983],[-51.2154,-26.56744],[-51.2271,-26.61523],[-51.2834,-26.65363],[-51.39113,-26.66325],[-51.41148,-26.71712]]]]}},{"type":"Feature","id":"41034","properties":{"code":"41034","name":"SãO Mateus Do Sul"},"geometry":{"type":"MultiPolygon","coordinates":[[[[-50.00355,-26.04515],[-50.03618,-26.02702],[-50.0762,-26.04641],[-50.08166,-26.02385],[-50.1184,-26.06362],[-50.17025,-26.02519],[-50.15335,-26.04185],[-50.18063,-26.07903],[-50.25122,-26.03047],[-50.33173,-26.08342],[-50.32426,-26.13528],[-50.46946,-26.02141],[-50.54798,-26.03961],[-50.57023,-26.00195],[-50.59145,-26.04149],[-50.55248,-26.05846],[-50.62851,-26.06283],[-50.67698,-25.87288],[-50.62664,-25.84829],[-50.60249,-25.86665],[-50.63333,-25.8162],[-50.60796,-25.81897],[-50.59319,-25.75982],[-50.49056,-25.73651],[-50.4556,-25.68079],[-50.4751,-25.65558],[-50.43103,-25.64384],[-50.39228,-25.5536],[-50.35845,-25.52778],[-50.27239,-25.54407],[-50.24655,-25.5806],[-50.17141,-25.58377],[-50.09343,-25.63006],[-50.09681,-25.66716],[-50.15088,-25.68138],[-50.12132,-25.71065],[-50.15364,-25.72563],[-50.15069,-25.7536],[-50.23152,-25.81065],[-50.16723,-25.88007],[-50.01305,-25.89465],[-50.01532,-25.93473],[-49.96431,-25.98924],[-50.01095,-26.01334],[-50.00355,-26.04515]]]]}},{"type":"Feature","id":"41035","properties":{"code":"41035","name":"Cerro Azul"},"geometry":{"type":"MultiPolygon","coordinates":[[[[-48.56643,-24.9168],[-48.64971,-24.94446],[-48.71276,-24.91593],[-48.73077,-24.86834],[-48.83801,-24.86847],[-48.85156,-24.82735],[-48.99489,-24.92394],[-49.11595,-24.88924],[-49.11594,-24.98453],[-49.09292,-25.03818],[-49.05404,-25.05092],[-49.1428,-25.09781],[-49.24011,-25.0747],[-49.39515,-24.97367],[-49.37327,-24.93904],[-49.39173,-24.8767],[-49.49779,-24.91433],[-49.56716,-24.79711],[-49.52977,-24.71558],[-49.57348,-24.66802],[-49.62044,-24.68269],[-49.64746,-24.65922],[-49.53921,-24.57201],[-49.50413,-24.61109],[-49.48773,-24.54597],[-49.241,-24.40207],[-49.24692,-24.4691],[-49.29567,-24.50031],[-49.28027,-24.53726],[-49.31599,-24.55551],[-49.3054,-24.67365],[-49.21483,-24.70223],[-49.18054,-24.67165],[-49.0644,-24.68603],[-49.04003,-24.63685],[-49.00468,-24.63324],[-49.00943,-24.66037],[-48.95845,-24.68528],[-48.82731,-24.65445],[-48.77865,-24.69673],[-48.68989,-24.69385],[-48.67872,-24.67089],[-48.66049,-24.70676],[-48.58204,-24.6707],[-48.53084,-24.73839],[-48.49931,-24.73897],[-48.55575,-24.8062],[-48.56643,-24.9168]]]]}},{"type":"Feature","id":"41036","properties":{"code":"41036","name":"Lapa"},"geometry":{"type":"MultiPolygon","coordinates":[[[[-49.97236,-26.05839],[-49.96418,-26.02384],[-49.99643,-25.99924],[-49.96776,-26.00508],[-49.96522,-25.98002],[-50.01532,-25.93473],[-50.01305,-25.89465],[-50.16723,-25.88007],[-50.23151,-25.81012],[-50.18136,-25.79032],[-50.18809,-25.76124],[-50.12187,-25.71326],[-50.15247,-25.6878],[-50.13575,-25.66051],[-50.09681,-25.66716],[-50.08829,-25.63328],[-50.06352,-25.6518],[-50.01599,-25.59906],[-49.9921,-25.61126],[-49.97041,-25.52272],[-49.90781,-25.44705],[-49.86512,-25.4965],[-49.76716,-25.46672],[-49.80467,-25.50281],[-49.80802,-25.56532],[-49.74704,-25.58337],[-49.74552,-25.6199],[-49.68063,-25.58909],[-49.60457,-25.60435],[-49.61486,-25.78167],[-49.51883,-25.8103],[-49.54606,-25.84676],[-49.67788,-25.8698],[-49.64324,-25.89496],[-49.67223,-25.92537],[-49.82043,-25.96288],[-49.84157,-25.94394],[-49.87334,-25.98261],[-49.93013,-25.98724],[-49.92162,-26.01452],[-49.96063,-26.02083],[-49.97236,-26.05839]]]]}},{"type":"Feature","id":"41037","properties":{"code":"41037","name":"Curitiba"},"geometry":{"type":"MultiPolygon","coordinates":[[[[-49.43229,-25.9393],[-49.44152,-25.89742],[-49.36992,-25.78822],[-49.51936,-25.80707],[-49.61486,-25.78167],[-49.60149,-25.60759],[-49.68063,-25.58909],[-49.74552,-25.6199],[-49.74704,-25.58337],[-49.80802,-25.56532],[-49.74088,-25.367],[-49.85677,-25.23393],[-49.78091,-25.19408],[-49.72794,-25.22424],[-49.68958,-25.19075],[-49.68025,-25.16776],[-49.73115,-25.12795],[-49.74284,-25.07918],[-49.7021,-25.04866],[-49.71216,-25.02155],[-49.60214,-24.98698],[-49.52888,-24.90868],[-49.45105,-24.9157],[-49.39173,-24.8767],[-49.37327,-24.93904],[-49.39529,-24.97329],[-49.36499,-25.00503],[-49.1428,-25.09781],[-49.05231,-25.04249],[-49.09292,-25.03818],[-49.11594,-24.98453],[-49.11595,-24.88924],[-48.99489,-24.92394],[-48.85156,-24.82735],[-48.83801,-24.86847],[-48.73077,-24.86834],[-48.71276,-24.91593],[-48.64971,-24.94446],[-48.56522,-24.91773],[-48.60083,-25.01051],[-48.54379,-25.10559],[-48.60154,-25.08865],[-48.67974,-25.14621],[-48.68432,-25.11672],[-48.74937,-25.08891],[-48.81969,-25.13226],[-48.84562,-25.16326],[-48.81936,-25.22357],[-48.83057,-25.30295],[-48.89965,-25.29652],[-48.89971,-25.34897],[-48.96898,-25.42745],[-48.94098,-25.4758],[-48.97511,-25.50891],[-48.9746,-25.57302],[-48.93601,-25.60218],[-48.95856,-25.60111],[-48.97792,-25.71803],[-48.87281,-25.75629],[-48.84256,-25.79791],[-48.98495,-25.82797],[-49.00526,-25.78645],[-49.07434,-25.79528],[-49.08053,-25.74048],[-49.14068,-25.74294],[-49.16498,-25.81246],[-49.20236,-25.80935],[-49.20835,-25.86947],[-49.25545,-25.89214],[-49.26149,-25.92519],[-49.33733,-25.95716],[-49.3787,-25.9296],[-49.43229,-25.9393]]]]}},{"type":"Feature","id":"41038","properties":{"code":"41038","name":"Paranaguã"},"geometry":{"type":"MultiPolygon","coordinates":[[[[-48.96828,-25.98673],[-48.95448,-25.96543],[-48.99245,-25.92165],[-48.96954,-25.83663],[-48.84256,-25.79791],[-48.87281,-25.75629],[-48.97797,-25.71767],[-48.95856,-25.60111],[-48.93601,-25.60218],[-48.9746,-25.57302],[-48.97511,-25.50891],[-48.94098,-25.4758],[-48.96898,-25.42745],[-48.89971,-25.34897],[-48.89965,-25.29652],[-48.83057,-25.30295],[-48.81936,-25.22357],[-48.84562,-25.16326],[-48.74937,-25.08891],[-48.68432,-25.11672],[-48.67974,-25.14621],[-48.60154,-25.08865],[-48.52858,-25.10079],[-48.47405,-25.01255],[-48.41115,-24.98023],[-48.32414,-25.03675],[-48.33038,-25.06971],[-48.25028,-24.97742],[-48.20947,-25.02718],[-48.2045,-25.09966],[-48.15689,-25.14465],[-48.19136,-25.19624],[-48.11488,-25.2507],[-48.05745,-25.21833],[-48.02469,-25.23276],[-48.2139,-25.46735],[-48.30974,-25.49328],[-48.27691,-25.51405],[-48.29842,-25.56751],[-48.4304,-25.64225],[-48.53426,-25.84903],[-48.56501,-25.85829],[-48.59105,-25.97682],[-48.64437,-25.95584],[-48.68203,-25.98367],[-48.96828,-25.98673]]]]}},{"type":"Feature","id":"41039","properties":{"code":"41039","name":"Rio Negro"},"geometry":{"type":"MultiPolygon","coordinates":[[[[-49.94058,-26.0272],[-49.93013,-25.98724],[-49.87334,-25.98261],[-49.84157,-25.94394],[-49.82043,-25.96288],[-49.67223,-25.92537],[-49.64324,-25.89496],[-49.67788,-25.8698],[-49.54606,-25.84676],[-49.49193,-25.79275],[-49.36992,-25.78822],[-49.45049,-25.92043],[-49.33733,-25.95716],[-49.20835,-25.86947],[-49.20236,-25.80935],[-49.16564,-25.81327],[-49.14068,-25.74294],[-49.08053,-25.74048],[-49.07434,-25.79528],[-49.00526,-25.78645],[-48.99519,-25.82186],[-48.96252,-25.82437],[-48.99245,-25.92165],[-48.9541,-25.96695],[-48.98435,-26.00457],[-49.05464,-26.02095],[-49.17496,-26.00005],[-49.37025,-26.15577],[-49.46093,-26.1623],[-49.49632,-26.22135],[-49.53796,-26.21285],[-49.55519,-26.23729],[-49.63366,-26.18992],[-49.64392,-26.21008],[-49.69124,-26.18931],[-49.6769,-26.17607],[-49.71146,-26.15432],[-49.72753,-26.17144],[-49.76831,-26.10431],[-49.77835,-26.11989],[-49.84147,-26.0772],[-49.83199,-26.05293],[-49.94058,-26.0272]]]]}},{"type":"Feature","id":"42001","properties":{"code":"42001","name":"SãO Miguel Do Oeste"},"geometry":{"type":"MultiPolygon","coordinates":[[[[-53.82964,-27.17263],[-53.82867,-27.14602],[-53.79814,-27.14503],[-53.82419,-27.13371],[-53.81836,-27.10168],[-53.7768,-27.10345],[-53.80243,-27.04003],[-53.76018,-27.06454],[-53.78602,-27.02621],[-53.74819,-27.03277],[-53.76377,-27.00785],[-53.71802,-26.98987],[-53.73754,-26.97445],[-53.70308,-26.95938],[-53.70936,-26.93397],[-53.67157,-26.94301],[-53.69718,-26.92903],[-53.6714,-26.89606],[-53.69712,-26.86019],[-53.66069,-26.85906],[-53.6952,-26.84752],[-53.71746,-26.78233],[-53.69892,-26.77001],[-53.7439,-26.76436],[-53.71414,-26.75134],[-53.75839,-26.72078],[-53.73473,-26.71686],[-53.72084,-26.65111],[-53.75992,-26.64031],[-53.7404,-26.6444],[-53.70823,-26.56173],[-53.74223,-26.54438],[-53.71726,-26.52802],[-53.73007,-26.50182],[-53.69644,-26.49046],[-53.71,-26.38774],[-53.64603,-26.24807],[-53.49841,-26.30304],[-53.37607,-26.24161],[-53.28084,-26.24613],[-53.26453,-26.28933],[-53.16015,-26.35061],[-53.25153,-26.37712],[-53.29202,-26.43233],[-53.23216,-26.46194],[-53.24816,-26.52793],[-53.22188,-26.56591],[-53.2428,-26.59032],[-53.22624,-26.64447],[-53.28463,-26.67819],[-53.28426,-26.70605],[-53.30925,-26.69728],[-53.3049,-26.72027],[-53.33943,-26.71381],[-53.32831,-26.74712],[-53.35354,-26.72996],[-53.35834,-26.7647],[-53.38963,-26.76589],[-53.37741,-26.79167],[-53.42017,-26.80533],[-53.37928,-26.8237],[-53.40795,-26.88758],[-53.37483,-26.87491],[-53.28168,-26.9372],[-53.29039,-27.06424],[-53.33561,-27.11141],[-53.37762,-27.09198],[-53.45256,-27.15614],[-53.50313,-27.13476],[-53.49471,-27.20394],[-53.56173,-27.17241],[-53.64555,-27.21957],[-53.6664,-27.16273],[-53.74514,-27.1925],[-53.77386,-27.14747],[-53.82964,-27.17263]]]]}},{"type":"Feature","id":"42002","properties":{"code":"42002","name":"Chapecã"},"geometry":{"type":"MultiPolygon","coordinates":[[[[-53.31936,-27.21732],[-53.29352,-27.13733],[-53.35538,-27.11127],[-53.29039,-27.06424],[-53.28168,-26.9372],[-53.37483,-26.87491],[-53.40795,-26.88758],[-53.37928,-26.8237],[-53.42017,-26.80533],[-53.37741,-26.79167],[-53.38963,-26.76589],[-53.35834,-26.7647],[-53.35354,-26.72996],[-53.32831,-26.74712],[-53.33943,-26.71381],[-53.3049,-26.72027],[-53.30925,-26.69728],[-53.28426,-26.70605],[-53.25214,-26.64438],[-53.22678,-26.64628],[-53.2428,-26.59032],[-53.22188,-26.56591],[-53.24816,-26.52793],[-53.2301,-26.47033],[-53.28331,-26.45186],[-53.28425,-26.40731],[-53.15035,-26.34438],[-53.09323,-26.39202],[-52.98836,-26.34577],[-52.76278,-26.35356],[-52.7771,-26.38248],[-52.74929,-26.44258],[-52.76901,-26.45501],[-52.73683,-26.45357],[-52.7552,-26.51096],[-52.67318,-26.62134],[-52.6186,-26.63843],[-52.59465,-26.72242],[-52.63759,-26.72939],[-52.62859,-26.7791],[-52.65088,-26.75309],[-52.69651,-26.76156],[-52.66804,-26.79723],[-52.71703,-26.80355],[-52.62126,-26.86495],[-52.63161,-26.92201],[-52.58453,-26.9738],[-52.58551,-27.03481],[-52.48138,-27.11125],[-52.50552,-27.11812],[-52.48841,-27.14204],[-52.5182,-27.14815],[-52.53777,-27.23469],[-52.62659,-27.26609],[-52.66758,-27.23785],[-52.69496,-27.28433],[-52.71624,-27.23605],[-52.75756,-27.25749],[-52.76356,-27.21123],[-52.84258,-27.21022],[-52.85447,-27.16969],[-52.9311,-27.20382],[-52.95135,-27.16284],[-52.98437,-27.22147],[-52.99166,-27.14097],[-53.04261,-27.14985],[-53.0321,-27.0823],[-53.0767,-27.10784],[-53.07748,-27.16312],[-53.13218,-27.18023],[-53.1594,-27.14],[-53.186,-27.19159],[-53.24166,-27.17164],[-53.31936,-27.21732]]]]}},{"type":"Feature","id":"42003","properties":{"code":"42003","name":"Xanxerã"},"geometry":{"type":"MultiPolygon","coordinates":[[[[-51.68001,-26.81851],[-51.72815,-26.85296],[-51.81328,-26.85478],[-51.84673,-26.94909],[-51.93043,-26.92926],[-52.06682,-26.95994],[-52.15367,-26.92544],[-52.17572,-26.95649],[-52.25516,-26.93801],[-52.313,-26.97559],[-52.35549,-26.94295],[-52.35193,-26.9704],[-52.39405,-26.99863],[-52.46406,-27.0034],[-52.43585,-27.03064],[-52.45264,-27.05803],[-52.48019,-27.04623],[-52.45872,-27.07774],[-52.51534,-27.09464],[-52.58846,-27.02915],[-52.58453,-26.9738],[-52.63161,-26.92201],[-52.62126,-26.86495],[-52.71703,-26.80355],[-52.66804,-26.79723],[-52.69651,-26.76156],[-52.65088,-26.75309],[-52.62859,-26.7791],[-52.63759,-26.72939],[-52.59465,-26.72242],[-52.6186,-26.63843],[-52.67318,-26.62134],[-52.7552,-26.51096],[-52.73683,-26.45357],[-52.76901,-26.45501],[-52.74944,-26.44114],[-52.77688,-26.38168],[-52.73776,-26.34218],[-52.67862,-26.35268],[-52.60267,-26.41541],[-52.52454,-26.39913],[-52.45918,-26.44112],[-52.40004,-26.42314],[-52.22981,-26.46704],[-52.18634,-26.44512],[-52.1005,-26.48174],[-52.08135,-26.52511],[-52.00877,-26.56656],[-51.87345,-26.59936],[-51.82395,-26.58192],[-51.84445,-26.65673],[-51.87915,-26.68053],[-51.84674,-26.67846],[-51.85175,-26.70736],[-51.7794,-26.7053],[-51.75942,-26.73569],[-51.77676,-26.78059],[-51.68001,-26.81851]]]]}},{"type":"Feature","id":"42004","properties":{"code":"42004","name":"JoaãAba"},"geometry":{"type":"MultiPolygon","coordinates":[[[[-51.65966,-27.5193],[-51.70117,-27.47978],[-51.6856,-27.43184],[-51.73174,-27.39661],[-51.72877,-27.34128],[-51.75917,-27.30657],[-51.76439,-27.26033],[-51.72468,-27.2072],[-51.81485,-27.18776],[-51.82237,-27.14511],[-51.89074,-27.10934],[-51.88327,-27.08519],[-51.83235,-27.09133],[-51.80233,-27.04063],[-51.86291,-26.98154],[-51.8193,-26.93802],[-51.81328,-26.85478],[-51.72815,-26.85296],[-51.68001,-26.81851],[-51.77676,-26.78059],[-51.75942,-26.73569],[-51.7794,-26.7053],[-51.85175,-26.70736],[-51.84674,-26.67846],[-51.87915,-26.68053],[-51.84445,-26.65673],[-51.82056,-26.5786],[-51.50558,-26.58153],[-51.41148,-26.71712],[-51.39113,-26.66325],[-51.2834,-26.65363],[-51.2271,-26.61523],[-51.2154,-26.56744],[-51.27317,-26.4983],[-51.25306,-26.4623],[-51.30049,-26.41787],[-51.27656,-26.38878],[-51.19056,-26.45104],[-51.11814,-26.39077],[-50.9859,-26.40291],[-50.96428,-26.42824],[-51.00775,-26.45923],[-51.00666,-26.49908],[-50.9401,-26.55023],[-50.85859,-26.55876],[-50.78329,-26.68271],[-50.67572,-26.66197],[-50.65055,-26.71251],[-50.48806,-26.81728],[-50.58746,-26.86187],[-50.61896,-26.95363],[-50.60198,-26.9859],[-50.65617,-27.02736],[-50.6582,-27.08934],[-50.71662,-27.10487],[-50.69915,-27.13653],[-50.7858,-27.11818],[-50.83955,-27.184],[-50.88052,-27.12622],[-50.93081,-27.11792],[-51.01166,-27.17311],[-51.03887,-27.23688],[-51.11451,-27.23919],[-51.15995,-27.28661],[-51.29196,-27.21533],[-51.32736,-27.26086],[-51.30012,-27.2904],[-51.3164,-27.31557],[-51.2883,-27.32269],[-51.31882,-27.34747],[-51.42226,-27.31199],[-51.45909,-27.34357],[-51.56491,-27.27428],[-51.57529,-27.31345],[-51.58923,-27.29096],[-51.61198,-27.32708],[-51.56401,-27.32986],[-51.53418,-27.37112],[-51.5572,-27.45458],[-51.63404,-27.48073],[-51.65966,-27.5193]]]]}},{"type":"Feature","id":"42005","properties":{"code":"42005","name":"ConcãRdia"},"geometry":{"type":"MultiPolygon","coordinates":[[[[-52.53868,-27.25596],[-52.5182,-27.14815],[-52.48124,-27.11211],[-52.50819,-27.09286],[-52.45872,-27.07774],[-52.48019,-27.04623],[-52.45264,-27.05803],[-52.43596,-27.0317],[-52.46406,-27.0034],[-52.39405,-26.99863],[-52.35193,-26.9704],[-52.35549,-26.94295],[-52.313,-26.97559],[-52.25516,-26.93801],[-52.17572,-26.95649],[-52.15367,-26.92544],[-52.05563,-26.96074],[-51.93043,-26.92926],[-51.84673,-26.94909],[-51.82483,-26.92362],[-51.86291,-26.98154],[-51.80249,-27.04115],[-51.83235,-27.09133],[-51.88327,-27.08519],[-51.89074,-27.10934],[-51.82237,-27.14511],[-51.81485,-27.18776],[-51.72468,-27.2072],[-51.76439,-27.26033],[-51.75917,-27.30657],[-51.72877,-27.34128],[-51.73174,-27.39661],[-51.68555,-27.43422],[-51.72036,-27.51351],[-51.79691,-27.48997],[-51.78737,-27.52969],[-51.85027,-27.52546],[-51.85904,-27.475],[-51.89079,-27.52032],[-51.9025,-27.4611],[-51.95828,-27.47436],[-51.93578,-27.42875],[-52.0078,-27.4039],[-51.94861,-27.38963],[-52.0203,-27.36511],[-52.01118,-27.3318],[-52.10083,-27.34768],[-52.11433,-27.30502],[-52.16801,-27.31227],[-52.16833,-27.27092],[-52.22114,-27.332],[-52.27772,-27.30022],[-52.23461,-27.27062],[-52.25454,-27.25636],[-52.30467,-27.26263],[-52.29649,-27.31809],[-52.34526,-27.28828],[-52.37496,-27.30509],[-52.38577,-27.25352],[-52.39806,-27.29258],[-52.43909,-27.2644],[-52.43763,-27.21623],[-52.47981,-27.23554],[-52.4804,-27.26648],[-52.53868,-27.25596]]]]}},{"type":"Feature","id":"42006","properties":{"code":"42006","name":"Canoinhas"},"geometry":{"type":"MultiPolygon","coordinates":[[[[-49.65375,-26.69278],[-49.70265,-26.70446],[-49.74539,-26.7849],[-49.83595,-26.70495],[-49.94927,-26.80808],[-49.98009,-26.79433],[-50.06636,-26.83941],[-50.06728,-26.8072],[-50.16511,-26.78919],[-50.25576,-26.86319],[-50.28309,-26.83208],[-50.34826,-26.82836],[-50.3128,-26.77369],[-50.47173,-26.70115],[-50.49294,-26.64847],[-50.51611,-26.7157],[-50.49601,-26.76241],[-50.53075,-26.78069],[-50.65055,-26.71251],[-50.67572,-26.66197],[-50.78329,-26.68271],[-50.85859,-26.55876],[-50.9401,-26.55023],[-51.01071,-26.49542],[-51.00775,-26.45923],[-50.96428,-26.42824],[-50.9859,-26.40291],[-51.11814,-26.39077],[-51.19056,-26.45104],[-51.27036,-26.3869],[-51.2474,-26.3294],[-51.10431,-26.27612],[-51.08117,-26.22789],[-50.99897,-26.23105],[-50.94528,-26.28266],[-50.93251,-26.23449],[-50.90155,-26.28933],[-50.86857,-26.24136],[-50.8386,-26.27147],[-50.78072,-26.22523],[-50.71562,-26.24458],[-50.73114,-26.20582],[-50.64894,-26.13124],[-50.631,-26.06462],[-50.55191,-26.05756],[-50.59145,-26.04149],[-50.57023,-26.00195],[-50.54798,-26.03961],[-50.44379,-26.0343],[-50.32426,-26.13528],[-50.33173,-26.08342],[-50.25122,-26.03047],[-50.18028,-26.07904],[-50.15335,-26.04185],[-50.17025,-26.02519],[-50.1184,-26.06362],[-50.0827,-26.02409],[-50.0762,-26.04641],[-50.03618,-26.02702],[-50.00557,-26.04609],[-50.01095,-26.01334],[-49.97745,-26.01368],[-49.97165,-26.05838],[-49.94169,-26.00841],[-49.93507,-26.03314],[-49.8317,-26.0531],[-49.84147,-26.0772],[-49.77835,-26.11989],[-49.76831,-26.10431],[-49.72753,-26.17144],[-49.71146,-26.15432],[-49.6769,-26.17607],[-49.69124,-26.18931],[-49.60338,-26.21437],[-49.63309,-26.28766],[-49.61131,-26.33615],[-49.65279,-26.35148],[-49.63342,-26.38008],[-49.69006,-26.388],[-49.76205,-26.46066],[-49.67645,-26.6242],[-49.70699,-26.66545],[-49.65375,-26.69278]]]]}},{"type":"Feature","id":"42007","properties":{"code":"42007","name":"SãO Bento Do Sul"},"geometry":{"type":"MultiPolygon","coordinates":[[[[-49.69089,-26.68988],[-49.70857,-26.65089],[-49.67645,-26.6242],[-49.68667,-26.5863],[-49.73457,-26.54924],[-49.76205,-26.46066],[-49.69006,-26.388],[-49.63342,-26.38008],[-49.65279,-26.35148],[-49.61131,-26.33615],[-49.63388,-26.3053],[-49.61208,-26.22584],[-49.50398,-26.22633],[-49.46093,-26.1623],[-49.37025,-26.15577],[-49.17496,-26.00005],[-49.05437,-26.02095],[-48.94936,-25.99008],[-48.97819,-26.02651],[-49.03624,-26.00887],[-49.05711,-26.07649],[-49.19092,-26.14535],[-49.15572,-26.19928],[-49.19271,-26.20143],[-49.25144,-26.26741],[-49.16883,-26.30834],[-49.17847,-26.36935],[-49.23047,-26.39665],[-49.38609,-26.35228],[-49.42444,-26.37005],[-49.44604,-26.42838],[-49.49683,-26.42694],[-49.43994,-26.48856],[-49.55057,-26.52336],[-49.58599,-26.62479],[-49.61945,-26.64253],[-49.61742,-26.70397],[-49.69089,-26.68988]]]]}},{"type":"Feature","id":"42008","properties":{"code":"42008","name":"Joinville"},"geometry":{"type":"MultiPolygon","coordinates":[[[[-48.58436,-26.49861],[-48.58377,-26.49717],[-48.58325,-26.49752],[-48.58326,-26.49863],[-48.58418,-26.4987],[-48.58436,-26.49861]]],[[[-48.58079,-26.46624],[-48.57966,-26.46781],[-48.57887,-26.46906],[-48.58143,-26.46874],[-48.58121,-26.46683],[-48.58079,-26.46624]]],[[[-48.57026,-26.4602],[-48.56627,-26.4586],[-48.56353,-26.46016],[-48.5652,-26.46117],[-48.57026,-26.4602]]],[[[-48.5829,-26.4601],[-48.57799,-26.45437],[-48.57698,-26.45917],[-48.57955,-26.46197],[-48.5829,-26.4601]]],[[[-48.52494,-26.38511],[-48.52422,-26.38699],[-48.52561,-26.38793],[-48.52589,-26.38632],[-48.52505,-26.38514],[-48.52494,-26.38511]]],[[[-48.52439,-26.38051],[-48.52303,-26.38158],[-48.52437,-26.38376],[-48.52511,-26.38226],[-48.52468,-26.3806],[-48.52439,-26.38051]]],[[[-48.52303,-26.37712],[-48.52283,-26.37724],[-48.52298,-26.37736],[-48.52311,-26.37725],[-48.52303,-26.37712]]],[[[-48.52237,-26.37549],[-48.52198,-26.37572],[-48.5222,-26.37614],[-48.5225,-26.37613],[-48.52237,-26.37549]]],[[[-48.52053,-26.3705],[-48.52098,-26.37291],[-48.52279,-26.37483],[-48.52345,-26.37327],[-48.52069,-26.37045],[-48.52053,-26.3705]]],[[[-48.52347,-26.36973],[-48.52273,-26.36795],[-48.52194,-26.36896],[-48.52149,-26.36919],[-48.52347,-26.36973]]],[[[-48.49343,-26.22109],[-48.49302,-26.22138],[-48.49327,-26.22174],[-48.49345,-26.22142],[-48.49343,-26.22109]]],[[[-48.49397,-26.20291],[-48.49273,-26.20251],[-48.49083,-26.20265],[-48.49224,-26.20356],[-48.49392,-26.20306],[-48.49397,-26.20291]]],[[[-48.48714,-26.18527],[-48.48729,-26.1855],[-48.48768,-26.18546],[-48.4874,-26.1852],[-48.48714,-26.18527]]],[[[-48.48929,-26.18137],[-48.48737,-26.18055],[-48.48674,-26.18196],[-48.48824,-26.18256],[-48.48933,-26.18162],[-48.48929,-26.18137]]],[[[-48.48472,-26.18054],[-48.48338,-26.18173],[-48.48431,-26.18312],[-48.4849,-26.18147],[-48.48472,-26.18054]]],[[[-48.48719,-26.17943],[-48.48712,-26.17972],[-48.4874,-26.17994],[-48.48762,-26.17973],[-48.48749,-26.17949],[-48.48719,-26.17943]]],[[[-48.48499,-26.18033],[-48.48588,-26.1758],[-48.48195,-26.17568],[-48.48318,-26.17919],[-48.48499,-26.18033]]],[[[-48.48711,-26.17148],[-48.48673,-26.17145],[-48.48642,-26.17178],[-48.48681,-26.17185],[-48.48714,-26.17157],[-48.48711,-26.17148]]],[[[-48.47624,-26.16698],[-48.47586,-26.16711],[-48.47574,-26.1675],[-48.47615,-26.16736],[-48.47624,-26.16698]]],[[[-48.4809,-26.1653],[-48.48095,-26.16649],[-48.48208,-26.16715],[-48.48235,-26.1657],[-48.48098,-26.16528],[-48.4809,-26.1653]]],[[[-48.48609,-26.16519],[-48.4851,-26.16448],[-48.48382,-26.16461],[-48.48551,-26.16592],[-48.48609,-26.16519]]],[[[-48.47841,-26.16411],[-48.47847,-26.1644],[-48.47904,-26.16461],[-48.47896,-26.16431],[-48.47865,-26.16403],[-48.47841,-26.16411]]],[[[-48.59547,-26.07422],[-48.5959,-26.07347],[-48.59513,-26.07298],[-48.59467,-26.07287],[-48.59547,-26.07422]]],[[[-48.59211,-25.97688],[-48.5905,-25.97675],[-48.59056,-25.97763],[-48.59116,-25.97753],[-48.59202,-25.97705],[-48.59211,-25.97688]]],[[[-49.49382,-26.43822],[-49.44604,-26.42838],[-49.4404,-26.38975],[-49.38609,-26.35228],[-49.23047,-26.39665],[-49.17847,-26.36935],[-49.16883,-26.30834],[-49.25144,-26.26741],[-49.19271,-26.20143],[-49.15572,-26.19928],[-49.19092,-26.14535],[-49.05711,-26.07649],[-49.03624,-26.00887],[-48.95694,-26.02048],[-48.96048,-25.9808],[-48.68203,-25.98367],[-48.64437,-25.95584],[-48.59459,-25.97679],[-48.59149,-26.1439],[-48.52757,-26.16413],[-48.52207,-26.21465],[-48.49293,-26.21883],[-48.66355,-26.57898],[-48.7227,-26.59836],[-48.75215,-26.53947],[-48.82573,-26.51577],[-48.86,-26.55862],[-48.85387,-26.63372],[-48.88467,-26.65789],[-48.91846,-26.64547],[-48.93762,-26.69322],[-49.0357,-26.7723],[-49.04927,-26.70929],[-49.01762,-26.68321],[-49.0471,-26.65037],[-49.10722,-26.65866],[-49.11441,-26.61333],[-49.16266,-26.64867],[-49.17622,-26.61379],[-49.27016,-26.61503],[-49.29302,-26.54235],[-49.33491,-26.53625],[-49.37311,-26.48786],[-49.4169,-26.50997],[-49.49382,-26.43822]]]]}},{"type":"Feature","id":"42009","properties":{"code":"42009","name":"Curitibanos"},"geometry":{"type":"MultiPolygon","coordinates":[[[[-51.63113,-27.54146],[-51.63404,-27.48073],[-51.56181,-27.4608],[-51.55425,-27.38393],[-51.53263,-27.37718],[-51.55312,-27.33669],[-51.61198,-27.32708],[-51.58923,-27.29096],[-51.57529,-27.31345],[-51.56491,-27.27428],[-51.45909,-27.34357],[-51.42226,-27.31199],[-51.31882,-27.34747],[-51.2883,-27.32269],[-51.3164,-27.31557],[-51.30012,-27.2904],[-51.32736,-27.26086],[-51.29196,-27.21533],[-51.15995,-27.28661],[-51.11451,-27.23919],[-51.03887,-27.23688],[-51.01166,-27.17311],[-50.93081,-27.11792],[-50.88052,-27.12622],[-50.83955,-27.184],[-50.7858,-27.11818],[-50.69915,-27.13653],[-50.71662,-27.10487],[-50.6582,-27.08934],[-50.65617,-27.02736],[-50.60198,-26.9859],[-50.61896,-26.95363],[-50.58746,-26.86187],[-50.48792,-26.81925],[-50.52752,-26.78098],[-50.49601,-26.76241],[-50.51611,-26.7157],[-50.49294,-26.64847],[-50.47173,-26.70115],[-50.3128,-26.77369],[-50.34826,-26.82836],[-50.25601,-26.85974],[-50.28298,-26.87531],[-50.2619,-26.89032],[-50.33443,-27.05955],[-50.31474,-27.07541],[-50.34998,-27.09874],[-50.28359,-27.16603],[-50.28997,-27.20823],[-50.26473,-27.19756],[-50.25888,-27.23288],[-50.07524,-27.3036],[-50.13832,-27.36231],[-50.17377,-27.45118],[-50.22905,-27.48462],[-50.26602,-27.44591],[-50.27195,-27.49519],[-50.30057,-27.50271],[-50.26289,-27.5389],[-50.3249,-27.52593],[-50.38275,-27.56192],[-50.41155,-27.54837],[-50.37636,-27.50203],[-50.40191,-27.47528],[-50.44791,-27.4778],[-50.45082,-27.50041],[-50.51354,-27.4568],[-50.52507,-27.49102],[-50.57422,-27.50471],[-50.56508,-27.46653],[-50.67048,-27.47049],[-50.68932,-27.42685],[-50.74856,-27.45048],[-50.75111,-27.4209],[-50.79197,-27.42975],[-50.78175,-27.4533],[-50.8081,-27.46976],[-50.8255,-27.45286],[-50.83371,-27.4765],[-50.80247,-27.49384],[-50.86422,-27.54209],[-50.96188,-27.55488],[-50.93267,-27.5789],[-50.97114,-27.57275],[-50.95652,-27.59812],[-50.99464,-27.61375],[-50.96155,-27.64847],[-51.00118,-27.66497],[-50.9989,-27.63941],[-51.08765,-27.65655],[-51.08286,-27.62977],[-51.16646,-27.62667],[-51.18184,-27.59308],[-51.27823,-27.63334],[-51.34476,-27.59252],[-51.37329,-27.61274],[-51.42146,-27.5661],[-51.45729,-27.60747],[-51.50014,-27.55646],[-51.57034,-27.5834],[-51.58138,-27.52292],[-51.63113,-27.54146]]]]}},{"type":"Feature","id":"42010","properties":{"code":"42010","name":"Campos De Lages"},"geometry":{"type":"MultiPolygon","coordinates":[[[[-51.45729,-27.60747],[-51.42146,-27.5661],[-51.37329,-27.61274],[-51.34476,-27.59252],[-51.27823,-27.63334],[-51.18767,-27.5922],[-51.16646,-27.62667],[-51.08286,-27.62977],[-51.08765,-27.65655],[-50.9989,-27.63941],[-51.00302,-27.66504],[-50.97739,-27.66031],[-50.96158,-27.64346],[-50.99472,-27.61102],[-50.95652,-27.59812],[-50.9695,-27.57114],[-50.93238,-27.57781],[-50.96188,-27.55488],[-50.86422,-27.54209],[-50.80247,-27.49384],[-50.83371,-27.4765],[-50.8255,-27.45286],[-50.8081,-27.46976],[-50.78175,-27.4533],[-50.79197,-27.42975],[-50.74893,-27.42075],[-50.74856,-27.45048],[-50.68932,-27.42685],[-50.67048,-27.47049],[-50.56508,-27.46653],[-50.57422,-27.50471],[-50.52507,-27.49102],[-50.51354,-27.4568],[-50.45082,-27.50041],[-50.44791,-27.4778],[-50.40191,-27.47528],[-50.37636,-27.50203],[-50.41155,-27.54837],[-50.38275,-27.56192],[-50.3249,-27.52593],[-50.26289,-27.5389],[-50.30057,-27.50271],[-50.27195,-27.49519],[-50.26602,-27.44591],[-50.22905,-27.48462],[-50.17377,-27.45118],[-50.13832,-27.36231],[-50.07194,-27.30342],[-50.06254,-27.32503],[-50.01114,-27.3184],[-50.04954,-27.35628],[-50.01613,-27.4012],[-49.9076,-27.43238],[-49.89196,-27.49698],[-49.84948,-27.49373],[-49.82446,-27.54927],[-49.7506,-27.59516],[-49.72958,-27.65663],[-49.62233,-27.6175],[-49.64027,-27.64722],[-49.62064,-27.66035],[-49.50789,-27.60043],[-49.50425,-27.65316],[-49.4584,-27.70975],[-49.4689,-27.75042],[-49.28186,-27.87356],[-49.31234,-27.97439],[-49.40462,-28.08076],[-49.39455,-28.11125],[-49.4885,-28.12733],[-49.53053,-28.18773],[-49.54823,-28.27231],[-49.516,-28.26544],[-49.56744,-28.41471],[-49.53537,-28.43025],[-49.5494,-28.48397],[-49.64734,-28.54363],[-49.64744,-28.59861],[-49.70313,-28.62892],[-49.76615,-28.45905],[-49.78225,-28.49666],[-49.81261,-28.46789],[-49.84079,-28.49644],[-49.87775,-28.45516],[-49.85499,-28.44401],[-49.92851,-28.45122],[-49.94439,-28.48274],[-49.97535,-28.43905],[-50.101,-28.48633],[-50.12831,-28.42891],[-50.16053,-28.45952],[-50.15634,-28.49791],[-50.17801,-28.45225],[-50.22265,-28.46327],[-50.2468,-28.42827],[-50.27291,-28.45707],[-50.32962,-28.43423],[-50.34585,-28.46355],[-50.35999,-28.41984],[-50.38198,-28.44699],[-50.45686,-28.41065],[-50.5275,-28.40389],[-50.537,-28.42972],[-50.5916,-28.38223],[-50.62495,-28.39259],[-50.6966,-28.26784],[-50.75335,-28.24568],[-50.7644,-28.18923],[-50.78882,-28.19834],[-50.78611,-28.14172],[-50.8324,-28.11751],[-50.87197,-28.13742],[-50.87592,-28.09508],[-50.90394,-28.08584],[-50.8754,-28.0402],[-50.92324,-28.01199],[-50.92568,-27.96939],[-50.98425,-27.9403],[-51.00919,-27.96444],[-51.08223,-27.83393],[-51.12892,-27.83205],[-51.19128,-27.77615],[-51.24013,-27.77902],[-51.31004,-27.71809],[-51.31511,-27.67507],[-51.36708,-27.67458],[-51.38607,-27.62346],[-51.43391,-27.65506],[-51.45729,-27.60747]]]]}},{"type":"Feature","id":"42011","properties":{"code":"42011","name":"Rio Do Sul"},"geometry":{"type":"MultiPolygon","coordinates":[[[[-50.28997,-27.20823],[-50.28359,-27.16603],[-50.34998,-27.09874],[-50.31215,-27.06835],[-50.33459,-27.06028],[-50.2619,-26.89032],[-50.28298,-26.87531],[-50.22068,-26.81433],[-50.16224,-26.78881],[-50.06728,-26.8072],[-50.06636,-26.83941],[-49.98009,-26.79433],[-49.94927,-26.80808],[-49.83595,-26.70495],[-49.74539,-26.7849],[-49.69317,-26.69883],[-49.64465,-26.77966],[-49.56413,-26.78512],[-49.54748,-26.89013],[-49.46422,-26.94029],[-49.45858,-27.09969],[-49.49571,-27.07913],[-49.43594,-27.18486],[-49.46049,-27.21041],[-49.44746,-27.25545],[-49.26166,-27.21049],[-49.2116,-27.15855],[-49.18716,-27.20402],[-49.30314,-27.25624],[-49.32085,-27.32343],[-49.39346,-27.32584],[-49.41114,-27.35298],[-49.45915,-27.35767],[-49.48062,-27.30469],[-49.56465,-27.39831],[-49.74209,-27.39842],[-49.83573,-27.34698],[-49.91301,-27.4345],[-50.01613,-27.4012],[-50.04954,-27.35628],[-50.01114,-27.3184],[-50.06254,-27.32503],[-50.19777,-27.23772],[-50.25888,-27.23288],[-50.26473,-27.19756],[-50.28997,-27.20823]]]]}},{"type":"Feature","id":"42012","properties":{"code":"42012","name":"Blumenau"},"geometry":{"type":"MultiPolygon","coordinates":[[[[-48.81239,-27.13569],[-49.03715,-27.27177],[-49.22199,-27.30823],[-49.2479,-27.27936],[-49.18716,-27.20402],[-49.2116,-27.15855],[-49.26166,-27.21049],[-49.44746,-27.25545],[-49.46049,-27.21041],[-49.43594,-27.18486],[-49.49571,-27.07913],[-49.45858,-27.09969],[-49.46422,-26.94029],[-49.54748,-26.89013],[-49.56413,-26.78512],[-49.64465,-26.77966],[-49.68192,-26.70237],[-49.61742,-26.70397],[-49.61945,-26.64253],[-49.58599,-26.62479],[-49.55057,-26.52336],[-49.44229,-26.48861],[-49.41376,-26.51019],[-49.37229,-26.48808],[-49.33491,-26.53625],[-49.29302,-26.54235],[-49.27016,-26.61503],[-49.17622,-26.61379],[-49.16266,-26.64867],[-49.11441,-26.61333],[-49.10722,-26.65866],[-49.0471,-26.65037],[-49.01762,-26.68321],[-49.04927,-26.70929],[-49.0357,-26.7723],[-48.93762,-26.69322],[-48.91846,-26.64547],[-48.88467,-26.65789],[-48.83459,-26.62935],[-48.80037,-26.67738],[-48.82452,-26.75213],[-48.79529,-26.80628],[-48.81971,-26.82381],[-48.89775,-26.76216],[-48.98766,-26.81323],[-48.8465,-26.90697],[-48.86856,-27.01061],[-48.84417,-27.06745],[-48.78937,-27.09673],[-48.81239,-27.13569]]]]}},{"type":"Feature","id":"42013","properties":{"code":"42013","name":"Itajaã"},"geometry":{"type":"MultiPolygon","coordinates":[[[[-48.51911,-27.22404],[-48.51894,-27.22404],[-48.51889,-27.22422],[-48.51913,-27.22432],[-48.51915,-27.2241],[-48.51911,-27.22404]]],[[[-48.51291,-27.22334],[-48.51262,-27.22328],[-48.51252,-27.22342],[-48.51274,-27.22357],[-48.5129,-27.22341],[-48.51291,-27.22334]]],[[[-48.51272,-27.22249],[-48.51247,-27.22254],[-48.51247,-27.2227],[-48.51272,-27.22271],[-48.51276,-27.22253],[-48.51272,-27.22249]]],[[[-48.51279,-27.22213],[-48.51257,-27.22205],[-48.51242,-27.22219],[-48.5126,-27.22229],[-48.51279,-27.22213]]],[[[-48.51434,-27.22168],[-48.51418,-27.22146],[-48.51396,-27.22161],[-48.51424,-27.22179],[-48.51434,-27.22168]]],[[[-48.5118,-27.22129],[-48.51154,-27.22129],[-48.51145,-27.22148],[-48.51177,-27.22151],[-48.51183,-27.22133],[-48.5118,-27.22129]]],[[[-48.51617,-27.22094],[-48.5159,-27.22097],[-48.51589,-27.22121],[-48.51614,-27.22123],[-48.51621,-27.22098],[-48.51617,-27.22094]]],[[[-48.50643,-27.21888],[-48.50621,-27.21881],[-48.50616,-27.21895],[-48.50636,-27.21902],[-48.50643,-27.21888]]],[[[-48.5114,-27.21886],[-48.51141,-27.21871],[-48.51119,-27.21869],[-48.51107,-27.21884],[-48.51132,-27.21892],[-48.5114,-27.21886]]],[[[-48.51068,-27.21859],[-48.51048,-27.21846],[-48.51034,-27.21857],[-48.51045,-27.21877],[-48.51067,-27.21864],[-48.51068,-27.21859]]],[[[-48.49814,-27.21746],[-48.4982,-27.21776],[-48.49855,-27.21787],[-48.4985,-27.21761],[-48.49814,-27.21746]]],[[[-48.50369,-27.21645],[-48.50368,-27.21669],[-48.50392,-27.21677],[-48.5039,-27.21657],[-48.50369,-27.21645]]],[[[-48.50209,-27.21607],[-48.50198,-27.21596],[-48.50187,-27.21598],[-48.50187,-27.21613],[-48.50202,-27.21616],[-48.50209,-27.21607]]],[[[-48.46323,-27.20363],[-48.46903,-27.21003],[-48.47444,-27.20784],[-48.46922,-27.20401],[-48.46323,-27.20363]]],[[[-48.47416,-27.14024],[-48.47374,-27.14007],[-48.47358,-27.14024],[-48.47409,-27.14037],[-48.47416,-27.14024]]],[[[-48.4734,-27.13953],[-48.47283,-27.13936],[-48.47272,-27.13955],[-48.4732,-27.13972],[-48.4734,-27.13953]]],[[[-48.54875,-27.14466],[-48.54403,-27.13909],[-48.53918,-27.13821],[-48.54162,-27.14198],[-48.54875,-27.14466]]],[[[-48.58833,-27.05806],[-48.58817,-27.05805],[-48.58804,-27.05826],[-48.58831,-27.05828],[-48.58833,-27.05806]]],[[[-48.58685,-27.05647],[-48.58675,-27.05669],[-48.58694,-27.0569],[-48.58698,-27.05656],[-48.58685,-27.05647]]],[[[-48.58513,-27.05417],[-48.58499,-27.05405],[-48.58471,-27.05408],[-48.58476,-27.05427],[-48.58512,-27.05422],[-48.58513,-27.05417]]],[[[-48.52314,-27.02323],[-48.52382,-27.02406],[-48.52441,-27.02409],[-48.52413,-27.0233],[-48.52314,-27.02323]]],[[[-48.52614,-27.0224],[-48.52465,-27.02146],[-48.52427,-27.02279],[-48.52548,-27.02283],[-48.52609,-27.02252],[-48.52614,-27.0224]]],[[[-48.53644,-27.03035],[-48.53486,-27.02437],[-48.53028,-27.01824],[-48.5295,-27.02429],[-48.53629,-27.0304],[-48.53644,-27.03035]]],[[[-48.57971,-26.99282],[-48.57911,-26.99251],[-48.57831,-26.99257],[-48.57854,-26.99319],[-48.57969,-26.99286],[-48.57971,-26.99282]]],[[[-48.62428,-26.98645],[-48.62369,-26.98592],[-48.62248,-26.98595],[-48.62313,-26.98675],[-48.62426,-26.98651],[-48.62428,-26.98645]]],[[[-48.6348,-26.92095],[-48.63505,-26.92155],[-48.6358,-26.9216],[-48.63564,-26.92138],[-48.63492,-26.92092],[-48.6348,-26.92095]]],[[[-48.62321,-26.8306],[-48.62249,-26.83057],[-48.6214,-26.83123],[-48.62194,-26.83136],[-48.62314,-26.83071],[-48.62321,-26.8306]]],[[[-48.63414,-26.74479],[-48.63625,-26.74564],[-48.63887,-26.74495],[-48.63685,-26.74272],[-48.6342,-26.74459],[-48.63414,-26.74479]]],[[[-48.61865,-26.70938],[-48.61812,-26.70927],[-48.618,-26.70961],[-48.61848,-26.70972],[-48.61865,-26.70938]]],[[[-48.61862,-26.70869],[-48.61832,-26.70886],[-48.61853,-26.70909],[-48.61878,-26.70898],[-48.61862,-26.70869]]],[[[-48.67648,-26.69436],[-48.67579,-26.6939],[-48.6744,-26.69417],[-48.67449,-26.69467],[-48.67645,-26.69441],[-48.67648,-26.69436]]],[[[-48.49623,-27.21692],[-48.53053,-27.18026],[-48.60182,-27.22046],[-48.66156,-27.21636],[-48.69778,-27.13728],[-48.80053,-27.15491],[-48.78937,-27.09673],[-48.86422,-27.0383],[-48.8465,-26.90697],[-48.9836,-26.82476],[-48.97054,-26.78983],[-48.89775,-26.76216],[-48.81971,-26.82381],[-48.79529,-26.80628],[-48.82452,-26.75213],[-48.80037,-26.67738],[-48.81786,-26.63798],[-48.85387,-26.63372],[-48.86198,-26.5834],[-48.82573,-26.51577],[-48.75215,-26.53947],[-48.7227,-26.59836],[-48.66386,-26.57388],[-48.67477,-26.7542],[-48.58343,-26.78612],[-48.62786,-26.83468],[-48.64329,-26.90991],[-48.62102,-26.92559],[-48.62703,-26.99346],[-48.56871,-27.00918],[-48.61265,-27.10387],[-48.56454,-27.15547],[-48.50823,-27.11025],[-48.5037,-27.14382],[-48.46533,-27.14317],[-48.49777,-27.16771],[-48.4753,-27.20072],[-48.49623,-27.21692]]]]}},{"type":"Feature","id":"42014","properties":{"code":"42014","name":"Ituporanga"},"geometry":{"type":"MultiPolygon","coordinates":[[[[-49.89315,-27.49513],[-49.91126,-27.4378],[-49.84224,-27.3486],[-49.74286,-27.3984],[-49.57056,-27.40007],[-49.48062,-27.30469],[-49.45915,-27.35767],[-49.41114,-27.35298],[-49.39346,-27.32584],[-49.32085,-27.32343],[-49.30314,-27.25624],[-49.22166,-27.23157],[-49.2479,-27.27936],[-49.22599,-27.32222],[-49.27896,-27.33607],[-49.31033,-27.39417],[-49.29303,-27.47123],[-49.32678,-27.52462],[-49.31274,-27.58919],[-49.38084,-27.55811],[-49.43663,-27.58422],[-49.47279,-27.56582],[-49.62064,-27.66035],[-49.64027,-27.64722],[-49.62233,-27.6175],[-49.72928,-27.65677],[-49.7506,-27.59516],[-49.82446,-27.54927],[-49.84948,-27.49373],[-49.89315,-27.49513]]]]}},{"type":"Feature","id":"42015","properties":{"code":"42015","name":"Tijucas"},"geometry":{"type":"MultiPolygon","coordinates":[[[[-49.2806,-27.64259],[-49.32679,-27.52494],[-49.29338,-27.47266],[-49.3106,-27.39599],[-49.27896,-27.33607],[-49.20037,-27.29272],[-49.03715,-27.27177],[-48.81386,-27.13551],[-48.80014,-27.15513],[-48.69126,-27.13874],[-48.66666,-27.21266],[-48.60434,-27.21233],[-48.59528,-27.31707],[-48.65426,-27.32142],[-48.6631,-27.34769],[-48.7947,-27.35321],[-48.92112,-27.45905],[-48.8969,-27.48202],[-48.95174,-27.62746],[-49.06541,-27.64836],[-49.08997,-27.5856],[-49.1289,-27.60082],[-49.13841,-27.58197],[-49.2054,-27.60261],[-49.21098,-27.65442],[-49.2806,-27.64259]]]]}},{"type":"Feature","id":"42016","properties":{"code":"42016","name":"FlorianãPolis"},"geometry":{"type":"MultiPolygon","coordinates":[[[[-48.54559,-27.93278],[-48.54122,-27.93753],[-48.5413,-27.9407],[-48.54399,-27.94111],[-48.54559,-27.93278]]],[[[-48.5053,-27.89177],[-48.50492,-27.89164],[-48.50481,-27.89178],[-48.50498,-27.89191],[-48.5053,-27.89184],[-48.5053,-27.89177]]],[[[-48.50375,-27.89037],[-48.50399,-27.89112],[-48.50457,-27.89148],[-48.50461,-27.89068],[-48.5039,-27.89037],[-48.50375,-27.89037]]],[[[-48.49462,-27.88636],[-48.49131,-27.88222],[-48.48784,-27.88255],[-48.4903,-27.88529],[-48.49429,-27.8864],[-48.49462,-27.88636]]],[[[-48.49089,-27.87938],[-48.49058,-27.8794],[-48.49055,-27.8796],[-48.49084,-27.87965],[-48.49093,-27.87943],[-48.49089,-27.87938]]],[[[-48.49059,-27.87998],[-48.48816,-27.87944],[-48.48838,-27.88022],[-48.48985,-27.8809],[-48.49059,-27.87998]]],[[[-48.49133,-27.87659],[-48.49055,-27.87722],[-48.48998,-27.87825],[-48.49142,-27.87803],[-48.49144,-27.87665],[-48.49133,-27.87659]]],[[[-48.50124,-27.84],[-48.50075,-27.8401],[-48.50081,-27.84041],[-48.50132,-27.84042],[-48.50133,-27.84008],[-48.50124,-27.84]]],[[[-48.49958,-27.83782],[-48.49966,-27.83813],[-48.50015,-27.83818],[-48.50013,-27.83784],[-48.49966,-27.83777],[-48.49958,-27.83782]]],[[[-48.50439,-27.84116],[-48.50858,-27.83777],[-48.50483,-27.83425],[-48.50102,-27.83569],[-48.504,-27.84103],[-48.50439,-27.84116]]],[[[-48.5299,-27.84363],[-48.52636,-27.83625],[-48.51895,-27.83521],[-48.52434,-27.84096],[-48.52919,-27.84419],[-48.5299,-27.84363]]],[[[-48.52718,-27.8289],[-48.52753,-27.83106],[-48.52827,-27.83374],[-48.52977,-27.83139],[-48.52718,-27.8289]]],[[[-48.46287,-27.69083],[-48.46346,-27.69561],[-48.467,-27.7037],[-48.46842,-27.69747],[-48.46287,-27.69083]]],[[[-48.39088,-27.61044],[-48.39122,-27.61085],[-48.39163,-27.61093],[-48.39145,-27.61032],[-48.39088,-27.61044]]],[[[-48.38951,-27.61031],[-48.38918,-27.61049],[-48.38938,-27.61098],[-48.38962,-27.61059],[-48.38951,-27.61031]]],[[[-48.38384,-27.60722],[-48.38513,-27.61049],[-48.38726,-27.61153],[-48.3859,-27.60896],[-48.38404,-27.60716],[-48.38384,-27.60722]]],[[[-48.36382,-27.49289],[-48.36276,-27.48832],[-48.35965,-27.48902],[-48.36203,-27.49079],[-48.36382,-27.49289]]],[[[-48.35511,-27.48425],[-48.35467,-27.48907],[-48.35735,-27.48971],[-48.3582,-27.48694],[-48.35511,-27.48425]]],[[[-48.34822,-27.44151],[-48.34738,-27.44298],[-48.34797,-27.44402],[-48.34886,-27.44294],[-48.34822,-27.44151]]],[[[-48.34988,-27.44073],[-48.34955,-27.44047],[-48.34929,-27.44054],[-48.34952,-27.44078],[-48.34988,-27.44073]]],[[[-48.34922,-27.43925],[-48.34878,-27.43943],[-48.3489,-27.43987],[-48.34921,-27.43956],[-48.34922,-27.43925]]],[[[-48.34998,-27.43891],[-48.34987,-27.43892],[-48.34981,-27.43911],[-48.34999,-27.4392],[-48.35008,-27.43909],[-48.34998,-27.43891]]],[[[-48.34936,-27.43859],[-48.3492,-27.43879],[-48.34949,-27.43892],[-48.34961,-27.43876],[-48.34936,-27.43859]]],[[[-48.36697,-27.42286],[-48.36573,-27.42423],[-48.36603,-27.42585],[-48.3673,-27.42499],[-48.36702,-27.4229],[-48.36697,-27.42286]]],[[[-48.35368,-27.41952],[-48.35342,-27.41952],[-48.35316,-27.41989],[-48.35352,-27.41981],[-48.35368,-27.41952]]],[[[-48.3561,-27.41845],[-48.35587,-27.41895],[-48.35631,-27.41906],[-48.3565,-27.4188],[-48.3561,-27.41845]]],[[[-48.35708,-27.41841],[-48.35667,-27.41841],[-48.35665,-27.41857],[-48.35691,-27.41873],[-48.35711,-27.4185],[-48.35708,-27.41841]]],[[[-48.35514,-27.41794],[-48.35465,-27.41809],[-48.35449,-27.41864],[-48.35501,-27.41864],[-48.35525,-27.41816],[-48.35514,-27.41794]]],[[[-48.53305,-27.36641],[-48.53265,-27.3664],[-48.53237,-27.36679],[-48.5329,-27.36683],[-48.53308,-27.36649],[-48.53305,-27.36641]]],[[[-48.52305,-27.33338],[-48.52269,-27.33324],[-48.52243,-27.33347],[-48.5226,-27.33384],[-48.52306,-27.33352],[-48.52305,-27.33338]]],[[[-48.52598,-27.32906],[-48.52664,-27.33006],[-48.5279,-27.32999],[-48.52719,-27.32941],[-48.52598,-27.32906]]],[[[-48.52516,-27.32897],[-48.52473,-27.32871],[-48.52443,-27.32901],[-48.52509,-27.32926],[-48.52516,-27.32897]]],[[[-48.52663,-27.32773],[-48.52557,-27.32763],[-48.52526,-27.32837],[-48.52601,-27.32876],[-48.52672,-27.32784],[-48.52663,-27.32773]]],[[[-48.53098,-27.30759],[-48.53337,-27.30642],[-48.53203,-27.30397],[-48.529,-27.30467],[-48.53098,-27.30759]]],[[[-48.55262,-27.30324],[-48.55255,-27.3034],[-48.5527,-27.30349],[-48.55279,-27.30331],[-48.55262,-27.30324]]],[[[-48.55244,-27.30226],[-48.55237,-27.30259],[-48.55278,-27.30291],[-48.55298,-27.30273],[-48.55259,-27.30226],[-48.55244,-27.30226]]],[[[-48.89374,-28.0799],[-48.84422,-28.00728],[-48.84606,-27.90717],[-48.82468,-27.89421],[-48.8436,-27.86134],[-48.87307,-27.8753],[-48.91438,-27.84013],[-48.87736,-27.81297],[-48.8697,-27.71651],[-48.80504,-27.70533],[-48.86162,-27.66253],[-48.84609,-27.62472],[-48.95794,-27.61908],[-48.89921,-27.49284],[-48.92112,-27.45905],[-48.7947,-27.35321],[-48.6631,-27.34769],[-48.65349,-27.3211],[-48.53953,-27.29867],[-48.53277,-27.39956],[-48.57943,-27.44853],[-48.60516,-27.42346],[-48.59817,-27.44765],[-48.54079,-27.43584],[-48.48347,-27.37828],[-48.41594,-27.38057],[-48.39408,-27.43246],[-48.35851,-27.44023],[-48.50187,-27.7147],[-48.47554,-27.77047],[-48.598,-27.85356],[-48.57497,-27.89201],[-48.70702,-28.02639],[-48.72518,-28.05793],[-48.70675,-28.08262],[-48.89374,-28.0799]]],[[[-48.36018,-27.29767],[-48.35987,-27.29795],[-48.35979,-27.29821],[-48.36061,-27.29822],[-48.36018,-27.29767]]],[[[-48.3502,-27.29629],[-48.34967,-27.29627],[-48.34969,-27.29655],[-48.35,-27.29657],[-48.3502,-27.29629]]],[[[-48.34936,-27.29616],[-48.34903,-27.29622],[-48.34903,-27.29655],[-48.34926,-27.29656],[-48.34936,-27.29616]]],[[[-48.55071,-27.2901],[-48.55,-27.28995],[-48.54982,-27.29034],[-48.55054,-27.29053],[-48.55071,-27.2901]]],[[[-48.54789,-27.28787],[-48.54852,-27.28907],[-48.54962,-27.28944],[-48.54871,-27.28802],[-48.54789,-27.28787]]],[[[-48.37912,-27.27945],[-48.37868,-27.27961],[-48.37876,-27.27993],[-48.37916,-27.27975],[-48.37912,-27.27945]]],[[[-48.33497,-27.27908],[-48.33476,-27.27905],[-48.33476,-27.27926],[-48.33499,-27.27918],[-48.33497,-27.27908]]],[[[-48.33471,-27.2787],[-48.33446,-27.27875],[-48.33444,-27.27892],[-48.3347,-27.27889],[-48.33474,-27.27874],[-48.33471,-27.2787]]],[[[-48.3345,-27.27835],[-48.33431,-27.27834],[-48.33424,-27.27848],[-48.3344,-27.27858],[-48.33452,-27.27849],[-48.3345,-27.27835]]],[[[-48.33431,-27.27797],[-48.33415,-27.27798],[-48.33414,-27.27818],[-48.33431,-27.27808],[-48.33431,-27.27797]]],[[[-48.33081,-27.27518],[-48.33103,-27.27546],[-48.3314,-27.27551],[-48.33133,-27.27506],[-48.33094,-27.27512],[-48.33081,-27.27518]]],[[[-48.35694,-27.29986],[-48.36881,-27.28929],[-48.37442,-27.2789],[-48.35984,-27.27467],[-48.35694,-27.29986]]],[[[-48.32741,-27.26985],[-48.3272,-27.26999],[-48.32712,-27.27022],[-48.32749,-27.27008],[-48.32741,-27.26985]]],[[[-48.33399,-27.27744],[-48.33072,-27.27086],[-48.32942,-27.27142],[-48.3322,-27.27537],[-48.33399,-27.27744]]],[[[-48.33241,-27.26836],[-48.3321,-27.26825],[-48.33205,-27.26846],[-48.33188,-27.26869],[-48.3324,-27.26854],[-48.33241,-27.26836]]],[[[-48.42264,-27.2517],[-48.42209,-27.2515],[-48.42161,-27.25149],[-48.42185,-27.2518],[-48.42253,-27.25187],[-48.42264,-27.2517]]],[[[-48.42483,-27.25165],[-48.42432,-27.25137],[-48.42398,-27.2517],[-48.42437,-27.25197],[-48.42484,-27.25171],[-48.42483,-27.25165]]]]}},{"type":"Feature","id":"42017","properties":{"code":"42017","name":"Tabuleiro"},"geometry":{"type":"MultiPolygon","coordinates":[[[[-48.89029,-28.07724],[-48.93192,-28.07248],[-48.96924,-28.10782],[-49.05044,-27.99056],[-49.14741,-28.00608],[-49.1562,-27.96763],[-49.18443,-27.98098],[-49.30865,-27.9404],[-49.28186,-27.87356],[-49.4689,-27.75042],[-49.4584,-27.70975],[-49.51031,-27.6353],[-49.49697,-27.58506],[-49.35501,-27.56251],[-49.30152,-27.58448],[-49.25421,-27.65444],[-49.21098,-27.65442],[-49.2054,-27.60261],[-49.13841,-27.58197],[-49.1289,-27.60082],[-49.08997,-27.5856],[-49.06541,-27.64836],[-49.01126,-27.62259],[-48.84609,-27.62472],[-48.86162,-27.66253],[-48.80504,-27.70533],[-48.8697,-27.71651],[-48.87736,-27.81297],[-48.91438,-27.84013],[-48.87307,-27.8753],[-48.8436,-27.86134],[-48.82468,-27.89421],[-48.84606,-27.90717],[-48.84422,-28.00728],[-48.89029,-28.07724]]]]}},{"type":"Feature","id":"42018","properties":{"code":"42018","name":"TubarãO"},"geometry":{"type":"MultiPolygon","coordinates":[[[[-48.82284,-28.60977],[-48.82216,-28.61018],[-48.82141,-28.61104],[-48.82249,-28.61112],[-48.82284,-28.60977]]],[[[-48.75754,-28.54081],[-48.75722,-28.5408],[-48.75695,-28.54113],[-48.75718,-28.54124],[-48.75757,-28.54096],[-48.75754,-28.54081]]],[[[-48.75996,-28.53828],[-48.7595,-28.53956],[-48.76015,-28.54055],[-48.76131,-28.53907],[-48.75996,-28.53828]]],[[[-48.71153,-28.44812],[-48.70964,-28.44593],[-48.70825,-28.44572],[-48.70842,-28.44752],[-48.71139,-28.4482],[-48.71153,-28.44812]]],[[[-48.6003,-28.35097],[-48.59953,-28.35109],[-48.59954,-28.35175],[-48.60026,-28.35158],[-48.6003,-28.35097]]],[[[-48.65191,-28.32474],[-48.64947,-28.3175],[-48.6486,-28.31945],[-48.65043,-28.32231],[-48.65175,-28.32476],[-48.65191,-28.32474]]],[[[-48.65688,-28.24848],[-48.65503,-28.24627],[-48.65305,-28.24864],[-48.65511,-28.24899],[-48.65688,-28.24848]]],[[[-48.65689,-28.18859],[-48.65708,-28.18915],[-48.65786,-28.18928],[-48.65775,-28.18898],[-48.65702,-28.1886],[-48.65689,-28.18859]]],[[[-48.64244,-28.15114],[-48.64168,-28.1533],[-48.64391,-28.15387],[-48.64455,-28.15194],[-48.64244,-28.15114]]],[[[-48.62918,-28.10231],[-48.62892,-28.10234],[-48.62892,-28.10261],[-48.62925,-28.10261],[-48.62918,-28.10231]]],[[[-48.62689,-28.10206],[-48.62662,-28.10215],[-48.62668,-28.10237],[-48.62692,-28.10218],[-48.62689,-28.10206]]],[[[-48.62748,-28.10137],[-48.62721,-28.10207],[-48.628,-28.10244],[-48.62811,-28.10194],[-48.62748,-28.10137]]],[[[-48.60096,-28.03518],[-48.60072,-28.03519],[-48.6006,-28.03554],[-48.60093,-28.03543],[-48.60096,-28.03518]]],[[[-49.18541,-28.80149],[-49.20722,-28.76504],[-49.1762,-28.72281],[-49.17515,-28.64449],[-49.25225,-28.58968],[-49.25232,-28.53564],[-49.29026,-28.50344],[-49.21333,-28.42241],[-49.2885,-28.39606],[-49.33646,-28.41812],[-49.36095,-28.34158],[-49.52639,-28.30703],[-49.51593,-28.26367],[-49.54781,-28.27321],[-49.5507,-28.23958],[-49.51078,-28.1551],[-49.4885,-28.12733],[-49.39455,-28.11125],[-49.40462,-28.08076],[-49.29342,-27.93547],[-49.18443,-27.98098],[-49.1562,-27.96763],[-49.14741,-28.00608],[-49.05044,-27.99056],[-48.95344,-28.10837],[-48.90121,-28.06103],[-48.80201,-28.09494],[-48.70675,-28.08262],[-48.71765,-28.0425],[-48.62072,-27.94497],[-48.63036,-28.00798],[-48.59799,-28.03011],[-48.66248,-28.17965],[-48.64536,-28.23458],[-48.74316,-28.39329],[-48.76099,-28.53685],[-48.81399,-28.60642],[-49.18541,-28.80149]]]]}},{"type":"Feature","id":"42019","properties":{"code":"42019","name":"CriciãMa"},"geometry":{"type":"MultiPolygon","coordinates":[[[[-49.28967,-28.88288],[-49.42494,-28.81491],[-49.45393,-28.84589],[-49.52504,-28.85434],[-49.59543,-28.80204],[-49.60545,-28.75243],[-49.6707,-28.75344],[-49.67419,-28.70068],[-49.71222,-28.6657],[-49.7043,-28.63007],[-49.64744,-28.59861],[-49.64734,-28.54363],[-49.5494,-28.48397],[-49.53537,-28.43025],[-49.56733,-28.41336],[-49.53213,-28.30672],[-49.36095,-28.34158],[-49.33646,-28.41812],[-49.2885,-28.39606],[-49.21333,-28.42241],[-49.29026,-28.50344],[-49.25232,-28.53564],[-49.25225,-28.58968],[-49.17515,-28.64449],[-49.1762,-28.72281],[-49.20722,-28.76504],[-49.18541,-28.80149],[-49.28967,-28.88288]]]]}},{"type":"Feature","id":"42020","properties":{"code":"42020","name":"Araranguã"},"geometry":{"type":"MultiPolygon","coordinates":[[[[-50.041,-29.35507],[-50.12301,-29.28197],[-50.14493,-29.29359],[-50.13875,-29.25352],[-50.17751,-29.24852],[-50.14068,-29.23778],[-50.13397,-29.20791],[-50.16155,-29.20394],[-50.13965,-29.19222],[-50.09328,-29.21278],[-50.11269,-29.24001],[-50.047,-29.21718],[-50.09135,-29.2198],[-50.09966,-29.15981],[-50.05716,-29.15795],[-50.09342,-29.16791],[-50.05973,-29.17525],[-50.06787,-29.19549],[-50.01516,-29.18674],[-50.01342,-29.12682],[-49.9626,-29.11748],[-49.94213,-29.05822],[-50.00441,-29.07238],[-49.92024,-28.97877],[-49.95803,-28.96255],[-49.96873,-28.92205],[-49.93211,-28.8722],[-49.96987,-28.87649],[-49.96133,-28.77218],[-49.90608,-28.70767],[-49.88838,-28.74667],[-49.86938,-28.70102],[-49.83963,-28.71254],[-49.8135,-28.68705],[-49.83918,-28.66654],[-49.79508,-28.61499],[-49.70582,-28.6281],[-49.6707,-28.75344],[-49.60545,-28.75243],[-49.59543,-28.80204],[-49.52504,-28.85434],[-49.45393,-28.84589],[-49.42494,-28.81491],[-49.29056,-28.88243],[-49.71158,-29.32556],[-49.84351,-29.27784],[-49.86924,-29.22444],[-49.96273,-29.19885],[-50.11432,-29.25762],[-50.041,-29.35507]]]]}},{"type":"Feature","id":"43001","properties":{"code":"43001","name":"Santa Rosa"},"geometry":{"type":"MultiPolygon","coordinates":[[[[-54.0666,-28.00114],[-54.14029,-28.01917],[-54.23803,-27.91334],[-54.30876,-27.89511],[-54.2947,-27.87029],[-54.34928,-27.86278],[-54.33721,-27.82084],[-54.36937,-27.83515],[-54.38004,-27.91674],[-54.42468,-27.92335],[-54.47422,-27.98435],[-54.5564,-27.98051],[-54.61724,-27.9365],[-54.617,-28.01186],[-54.71756,-28.01365],[-54.72043,-27.98453],[-54.78626,-27.99082],[-54.82722,-27.86799],[-54.89242,-27.8559],[-54.89081,-27.90966],[-54.94016,-27.91108],[-54.95122,-27.93596],[-54.98851,-27.90515],[-55.04858,-27.9228],[-55.05362,-27.85713],[-55.02469,-27.83531],[-55.08387,-27.78413],[-54.94942,-27.77928],[-54.90664,-27.72979],[-54.9066,-27.64188],[-54.84772,-27.62131],[-54.81714,-27.53556],[-54.77307,-27.58529],[-54.73853,-27.56094],[-54.68086,-27.5745],[-54.67548,-27.50578],[-54.6269,-27.54402],[-54.57335,-27.45361],[-54.53442,-27.50566],[-54.47464,-27.48123],[-54.47046,-27.52858],[-54.39851,-27.5697],[-54.38749,-27.62729],[-54.34605,-27.66435],[-54.27843,-27.67275],[-54.20736,-27.59225],[-54.1438,-27.61953],[-54.18051,-27.62253],[-54.14159,-27.64258],[-54.17528,-27.66658],[-54.13926,-27.69638],[-54.16587,-27.71075],[-54.11002,-27.69288],[-54.05883,-27.7441],[-54.08634,-27.78752],[-54.12541,-27.76887],[-54.14308,-27.77506],[-54.12293,-27.79892],[-54.16101,-27.79749],[-54.124,-27.80687],[-54.14463,-27.84137],[-54.08569,-27.93056],[-54.04266,-27.94403],[-54.0666,-28.00114]]]]}},{"type":"Feature","id":"43002","properties":{"code":"43002","name":"TrãS Passos"},"geometry":{"type":"MultiPolygon","coordinates":[[[[-54.47188,-27.52612],[-54.47464,-27.48123],[-54.44263,-27.46492],[-54.46993,-27.42584],[-54.4114,-27.40529],[-54.34612,-27.46698],[-54.33543,-27.4029],[-54.28296,-27.44778],[-54.26397,-27.39933],[-54.21444,-27.38158],[-54.17419,-27.25491],[-54.1549,-27.29686],[-54.08236,-27.29894],[-54.02439,-27.25165],[-54.00802,-27.19839],[-53.96017,-27.19534],[-53.9531,-27.15294],[-53.90504,-27.17544],[-53.8699,-27.1252],[-53.81965,-27.17565],[-53.77033,-27.14867],[-53.749,-27.19122],[-53.7177,-27.1825],[-53.6656,-27.25819],[-53.63551,-27.25999],[-53.66448,-27.28465],[-53.63841,-27.33068],[-53.66661,-27.36983],[-53.6182,-27.47133],[-53.55303,-27.45524],[-53.59485,-27.56391],[-53.56955,-27.5659],[-53.58642,-27.58935],[-53.55725,-27.64302],[-53.58076,-27.62792],[-53.57708,-27.68018],[-53.63145,-27.70972],[-53.74678,-27.65907],[-53.77446,-27.70904],[-53.75879,-27.75522],[-53.97601,-27.78155],[-54.01723,-27.76756],[-54.01868,-27.74013],[-54.0671,-27.74387],[-54.11002,-27.69288],[-54.1651,-27.71182],[-54.13926,-27.69638],[-54.17528,-27.66658],[-54.14159,-27.64258],[-54.18051,-27.62253],[-54.1438,-27.61953],[-54.20736,-27.59225],[-54.27843,-27.67275],[-54.32486,-27.67211],[-54.3785,-27.64096],[-54.42421,-27.5438],[-54.47188,-27.52612]]]]}},{"type":"Feature","id":"43003","properties":{"code":"43003","name":"Frederico Westphalen"},"geometry":{"type":"MultiPolygon","coordinates":[[[[-52.77215,-27.91545],[-52.85397,-27.87924],[-52.9871,-27.87279],[-53.01838,-27.80507],[-53.11379,-27.75767],[-53.06781,-27.72858],[-53.11228,-27.71428],[-53.07939,-27.71388],[-53.10338,-27.68091],[-53.07234,-27.6709],[-53.10623,-27.66362],[-53.1187,-27.5885],[-53.22717,-27.59263],[-53.22778,-27.56104],[-53.16881,-27.53782],[-53.21387,-27.48527],[-53.28013,-27.48429],[-53.28942,-27.57886],[-53.32477,-27.60846],[-53.40572,-27.61577],[-53.39036,-27.68903],[-53.42899,-27.69961],[-53.44631,-27.74714],[-53.57998,-27.73592],[-53.58678,-27.63916],[-53.55725,-27.64302],[-53.58642,-27.58935],[-53.56955,-27.5659],[-53.59485,-27.56391],[-53.55303,-27.45524],[-53.6081,-27.47745],[-53.65055,-27.42629],[-53.66661,-27.36983],[-53.6385,-27.32921],[-53.66448,-27.28465],[-53.63551,-27.25999],[-53.6656,-27.25819],[-53.7177,-27.1825],[-53.66779,-27.16202],[-53.64387,-27.21974],[-53.56173,-27.17241],[-53.49471,-27.20394],[-53.50436,-27.13564],[-53.45256,-27.15614],[-53.37064,-27.0911],[-53.29425,-27.13555],[-53.3132,-27.21909],[-53.24166,-27.17164],[-53.18467,-27.19091],[-53.1624,-27.1407],[-53.13218,-27.18023],[-53.07748,-27.16312],[-53.0767,-27.10784],[-53.0321,-27.0823],[-53.04261,-27.14985],[-52.99166,-27.14097],[-52.98661,-27.2207],[-52.95135,-27.16284],[-52.9311,-27.20382],[-52.8525,-27.16993],[-52.84258,-27.21022],[-52.75929,-27.2142],[-52.75632,-27.25841],[-52.71378,-27.23769],[-52.68468,-27.29473],[-52.7428,-27.3227],[-52.71318,-27.3716],[-52.73458,-27.37579],[-52.71321,-27.39382],[-52.73275,-27.39343],[-52.72661,-27.43587],[-52.8028,-27.49975],[-52.75711,-27.51274],[-52.76728,-27.55281],[-52.73939,-27.55801],[-52.76811,-27.58475],[-52.73387,-27.58932],[-52.76694,-27.60891],[-52.73971,-27.62472],[-52.75271,-27.68336],[-52.88197,-27.67268],[-52.89869,-27.70327],[-52.85534,-27.69859],[-52.89557,-27.72113],[-52.89478,-27.75084],[-52.85887,-27.77246],[-52.86175,-27.80597],[-52.78127,-27.82651],[-52.77215,-27.91545]]]]}},{"type":"Feature","id":"43004","properties":{"code":"43004","name":"Erechim"},"geometry":{"type":"MultiPolygon","coordinates":[[[[-51.92489,-27.88362],[-52.05686,-27.88323],[-52.05087,-27.90695],[-52.08317,-27.91024],[-52.06824,-27.93235],[-52.10591,-27.94794],[-52.2327,-27.97393],[-52.29523,-27.95465],[-52.36025,-27.98746],[-52.43647,-27.98996],[-52.53467,-27.93658],[-52.56048,-27.96056],[-52.61004,-27.94799],[-52.5736,-27.90525],[-52.60723,-27.86962],[-52.64761,-27.87635],[-52.67649,-27.7968],[-52.70507,-27.79792],[-52.70923,-27.73586],[-52.74672,-27.7474],[-52.75849,-27.6285],[-52.73971,-27.62472],[-52.76694,-27.60891],[-52.73387,-27.58932],[-52.76811,-27.58475],[-52.73939,-27.55801],[-52.76728,-27.55281],[-52.75711,-27.51274],[-52.8028,-27.49975],[-52.72661,-27.43587],[-52.73275,-27.39343],[-52.71321,-27.39382],[-52.73458,-27.37579],[-52.71318,-27.3716],[-52.74163,-27.32024],[-52.6849,-27.29596],[-52.66758,-27.23785],[-52.63322,-27.26548],[-52.54981,-27.23834],[-52.48321,-27.26721],[-52.47981,-27.23554],[-52.43763,-27.21623],[-52.43909,-27.2644],[-52.39806,-27.29258],[-52.38577,-27.25352],[-52.37496,-27.30509],[-52.34526,-27.28828],[-52.29649,-27.31809],[-52.30467,-27.26263],[-52.25454,-27.25636],[-52.23461,-27.27062],[-52.27772,-27.30022],[-52.22114,-27.332],[-52.16833,-27.27092],[-52.16801,-27.31227],[-52.11433,-27.30502],[-52.10083,-27.34768],[-52.00929,-27.33258],[-52.0203,-27.36511],[-51.94894,-27.38576],[-52.00861,-27.39878],[-51.93398,-27.43151],[-51.96232,-27.4711],[-51.90393,-27.45984],[-51.88769,-27.52075],[-51.85053,-27.477],[-51.855,-27.51956],[-51.82799,-27.53386],[-51.8623,-27.53318],[-51.84777,-27.56351],[-51.89167,-27.57897],[-51.89941,-27.60518],[-51.8685,-27.62791],[-51.89122,-27.63498],[-51.87097,-27.66077],[-51.89935,-27.64855],[-51.87841,-27.71838],[-51.90036,-27.71238],[-51.90449,-27.7549],[-51.92827,-27.75866],[-51.91068,-27.78133],[-51.92944,-27.76657],[-51.95276,-27.79103],[-51.9393,-27.81572],[-51.96169,-27.81336],[-51.91946,-27.84599],[-51.92489,-27.88362]]]]}},{"type":"Feature","id":"43005","properties":{"code":"43005","name":"Sananduva"},"geometry":{"type":"MultiPolygon","coordinates":[[[[-51.75526,-28.21446],[-51.80098,-28.16341],[-51.91806,-28.1132],[-51.92534,-28.05157],[-51.9025,-28.04447],[-51.94207,-28.0136],[-51.90802,-27.98809],[-51.94044,-27.90202],[-51.91761,-27.89943],[-51.93821,-27.88594],[-51.91946,-27.84599],[-51.96169,-27.81336],[-51.9393,-27.81572],[-51.95276,-27.79103],[-51.92944,-27.76657],[-51.91068,-27.78133],[-51.92827,-27.75866],[-51.90449,-27.7549],[-51.90036,-27.71238],[-51.87841,-27.71838],[-51.89935,-27.64855],[-51.87097,-27.66077],[-51.89122,-27.63498],[-51.8685,-27.62791],[-51.90005,-27.60378],[-51.87886,-27.56187],[-51.84777,-27.56351],[-51.8623,-27.53318],[-51.82815,-27.53848],[-51.82529,-27.5127],[-51.78737,-27.52969],[-51.79691,-27.48997],[-51.72036,-27.51351],[-51.69217,-27.47822],[-51.65966,-27.5193],[-51.62162,-27.49465],[-51.62573,-27.54548],[-51.57997,-27.52362],[-51.57034,-27.5834],[-51.54774,-27.55908],[-51.48523,-27.56185],[-51.43391,-27.65506],[-51.38129,-27.6255],[-51.36865,-27.67342],[-51.31435,-27.67597],[-51.29755,-27.75082],[-51.33496,-27.75252],[-51.38973,-27.88644],[-51.46015,-27.94923],[-51.54374,-27.9908],[-51.67274,-27.97794],[-51.64412,-28.00197],[-51.67628,-28.02492],[-51.64591,-28.01792],[-51.6137,-28.06372],[-51.62788,-28.0918],[-51.60317,-28.0983],[-51.63442,-28.11319],[-51.62281,-28.1322],[-51.69009,-28.13988],[-51.69214,-28.19086],[-51.73121,-28.18491],[-51.72856,-28.21059],[-51.75526,-28.21446]]]]}},{"type":"Feature","id":"43006","properties":{"code":"43006","name":"Cerro Largo"},"geometry":{"type":"MultiPolygon","coordinates":[[[[-54.59784,-28.43887],[-54.67776,-28.392],[-54.69474,-28.33883],[-54.78846,-28.36299],[-54.74785,-28.30671],[-54.73548,-28.17755],[-54.76505,-28.19073],[-54.77851,-28.1515],[-54.79213,-28.18916],[-54.85578,-28.16165],[-54.88428,-28.20243],[-54.89968,-28.16439],[-54.93217,-28.2014],[-55.0061,-28.14118],[-54.99229,-28.17101],[-55.03791,-28.18039],[-55.03178,-28.13922],[-55.06675,-28.1436],[-55.04975,-28.1174],[-55.10469,-28.11657],[-55.09975,-28.06519],[-55.14346,-28.08665],[-55.18264,-28.01315],[-55.22342,-28.03793],[-55.24339,-28.01823],[-55.21339,-28.00405],[-55.30832,-27.99659],[-55.33956,-27.96542],[-55.32728,-27.92674],[-55.26646,-27.92979],[-55.19139,-27.85541],[-55.13312,-27.89611],[-55.12628,-27.85982],[-55.08531,-27.8431],[-55.0438,-27.86785],[-55.04858,-27.9228],[-54.98851,-27.90515],[-54.95122,-27.93596],[-54.94016,-27.91108],[-54.89081,-27.90966],[-54.88208,-27.85549],[-54.82722,-27.86799],[-54.78626,-27.99082],[-54.71803,-27.98607],[-54.73822,-28.05907],[-54.66634,-28.05807],[-54.67416,-28.08116],[-54.64498,-28.0758],[-54.66073,-28.09671],[-54.54433,-28.11597],[-54.42715,-28.0705],[-54.39553,-28.12928],[-54.41063,-28.1931],[-54.45121,-28.19426],[-54.45101,-28.22636],[-54.53013,-28.27846],[-54.5669,-28.27602],[-54.53916,-28.35459],[-54.57337,-28.36458],[-54.59784,-28.43887]]]]}},{"type":"Feature","id":"43007","properties":{"code":"43007","name":"Santo ÃNgelo"},"geometry":{"type":"MultiPolygon","coordinates":[[[[-55.76951,-28.59451],[-55.67927,-28.49833],[-55.52876,-28.45776],[-55.49998,-28.36613],[-55.52533,-28.34335],[-55.47879,-28.26583],[-55.44357,-28.24877],[-55.38372,-28.30491],[-55.31811,-28.20894],[-55.34047,-28.1918],[-55.29883,-28.17194],[-55.35734,-28.17497],[-55.35655,-28.12105],[-55.39556,-28.12993],[-55.39977,-28.09533],[-55.43842,-28.08632],[-55.3694,-28.02726],[-55.38228,-27.9791],[-55.33956,-27.96542],[-55.30832,-27.99659],[-55.21339,-28.00405],[-55.24339,-28.01823],[-55.22475,-28.03773],[-55.18264,-28.01315],[-55.14346,-28.08665],[-55.10083,-28.06425],[-55.10469,-28.11657],[-55.04975,-28.1174],[-55.06675,-28.1436],[-55.03178,-28.13922],[-55.03791,-28.18039],[-54.99229,-28.17101],[-55.0061,-28.14118],[-54.93217,-28.2014],[-54.89968,-28.16439],[-54.88428,-28.20243],[-54.85578,-28.16165],[-54.79213,-28.18916],[-54.77851,-28.1515],[-54.76505,-28.19073],[-54.73548,-28.17755],[-54.74785,-28.30671],[-54.78846,-28.36299],[-54.69474,-28.33883],[-54.67776,-28.392],[-54.6133,-28.43998],[-54.57337,-28.36458],[-54.53916,-28.35459],[-54.5669,-28.27602],[-54.53013,-28.27846],[-54.45101,-28.22636],[-54.45121,-28.19426],[-54.41063,-28.1931],[-54.39553,-28.12928],[-54.42715,-28.0705],[-54.55349,-28.11647],[-54.57465,-28.09367],[-54.66073,-28.09671],[-54.64498,-28.0758],[-54.67416,-28.08116],[-54.66634,-28.05807],[-54.73822,-28.05907],[-54.73781,-28.0076],[-54.617,-28.01186],[-54.61724,-27.9365],[-54.5564,-27.98051],[-54.47422,-27.98435],[-54.42468,-27.92335],[-54.38004,-27.91674],[-54.36937,-27.83515],[-54.33302,-27.8209],[-54.34928,-27.86278],[-54.2947,-27.87029],[-54.30876,-27.89511],[-54.23803,-27.91334],[-54.14029,-28.01917],[-54.08969,-27.99335],[-54.05815,-28.02048],[-54.03232,-27.98447],[-53.98162,-28.06323],[-53.90453,-28.08276],[-53.93116,-28.11866],[-53.91658,-28.2145],[-53.92565,-28.23988],[-53.9536,-28.22604],[-53.96691,-28.29084],[-54.01726,-28.30612],[-54.03272,-28.27421],[-54.08613,-28.36022],[-54.11192,-28.3366],[-54.09558,-28.36799],[-54.13144,-28.35143],[-54.09297,-28.42641],[-54.14825,-28.43353],[-54.12711,-28.55499],[-54.1522,-28.55777],[-54.14839,-28.60722],[-54.19715,-28.66043],[-54.33937,-28.67473],[-54.30994,-28.68933],[-54.32781,-28.72711],[-54.37841,-28.69422],[-54.40259,-28.70867],[-54.39798,-28.78461],[-54.35768,-28.7874],[-54.35799,-28.88899],[-54.32992,-28.92038],[-54.37766,-29.00449],[-54.40964,-28.92258],[-54.4574,-28.87781],[-54.57715,-28.83817],[-54.58285,-28.78927],[-54.62708,-28.76945],[-54.61011,-28.74603],[-54.66495,-28.71635],[-54.71407,-28.79497],[-54.70774,-28.83672],[-54.794,-28.87492],[-54.99643,-28.77774],[-55.03397,-28.79817],[-55.04372,-28.76224],[-55.07111,-28.77617],[-55.11215,-28.74254],[-55.18671,-28.76194],[-55.22593,-28.66615],[-55.25327,-28.69088],[-55.32064,-28.65527],[-55.43697,-28.64995],[-55.44042,-28.67354],[-55.48587,-28.66163],[-55.49317,-28.69482],[-55.54984,-28.70747],[-55.57297,-28.67628],[-55.71717,-28.65784],[-55.69976,-28.62614],[-55.76951,-28.59451]]]]}},{"type":"Feature","id":"43008","properties":{"code":"43008","name":"Ijuã"},"geometry":{"type":"MultiPolygon","coordinates":[[[[-53.98544,-28.65616],[-54.02937,-28.59622],[-54.13039,-28.56494],[-54.14955,-28.43829],[-54.09297,-28.42641],[-54.12781,-28.3472],[-54.09558,-28.36799],[-54.11192,-28.3366],[-54.08613,-28.36022],[-54.03575,-28.27566],[-54.00442,-28.30626],[-53.96691,-28.29084],[-53.9536,-28.22604],[-53.92483,-28.23938],[-53.93116,-28.11866],[-53.90453,-28.08276],[-53.98162,-28.06323],[-54.0297,-27.98555],[-54.05815,-28.02048],[-54.07735,-28.00873],[-54.04266,-27.94403],[-54.08569,-27.93056],[-54.14463,-27.84137],[-54.124,-27.80687],[-54.16073,-27.79595],[-54.12293,-27.79892],[-54.14308,-27.77506],[-54.12541,-27.76887],[-54.0781,-27.78319],[-54.06075,-27.73264],[-53.97601,-27.78155],[-53.75879,-27.75522],[-53.77446,-27.70904],[-53.74678,-27.65907],[-53.63145,-27.70972],[-53.57132,-27.68231],[-53.59166,-27.71233],[-53.56391,-27.73216],[-53.57514,-27.75484],[-53.51154,-27.81737],[-53.54757,-27.89755],[-53.62532,-27.96611],[-53.5681,-28.00137],[-53.58578,-28.03989],[-53.52684,-28.06588],[-53.51237,-28.14613],[-53.45068,-28.07464],[-53.41407,-28.08421],[-53.403,-28.13623],[-53.35297,-28.12875],[-53.3462,-28.17015],[-53.31559,-28.17761],[-53.33121,-28.23309],[-53.40015,-28.24326],[-53.37317,-28.38675],[-53.41774,-28.41152],[-53.41442,-28.44437],[-53.45914,-28.4877],[-53.45755,-28.55208],[-53.48421,-28.56725],[-53.51298,-28.57137],[-53.52133,-28.53477],[-53.66452,-28.51563],[-53.77751,-28.43686],[-53.78147,-28.48815],[-53.8168,-28.48321],[-53.86133,-28.53693],[-53.91135,-28.54731],[-53.89421,-28.58368],[-53.98544,-28.65616]]]]}},{"type":"Feature","id":"43009","properties":{"code":"43009","name":"Carazinho"},"geometry":{"type":"MultiPolygon","coordinates":[[[[-52.66365,-28.45797],[-52.7016,-28.46866],[-52.77795,-28.36811],[-52.93767,-28.38152],[-52.9595,-28.33444],[-53.04195,-28.37582],[-53.02112,-28.31728],[-53.09161,-28.27764],[-53.13505,-28.28618],[-53.11931,-28.25764],[-53.22335,-28.14642],[-53.3115,-28.19509],[-53.35297,-28.12875],[-53.403,-28.13623],[-53.41407,-28.08421],[-53.45068,-28.07464],[-53.51237,-28.14613],[-53.52684,-28.06588],[-53.58578,-28.03989],[-53.5681,-28.00137],[-53.62532,-27.96611],[-53.51499,-27.83386],[-53.57646,-27.7481],[-53.44631,-27.74714],[-53.42899,-27.69961],[-53.39036,-27.68903],[-53.40572,-27.61577],[-53.34609,-27.61987],[-53.28942,-27.57886],[-53.28013,-27.48429],[-53.18835,-27.49425],[-53.19722,-27.52343],[-53.16881,-27.53782],[-53.22778,-27.56104],[-53.22717,-27.59263],[-53.10113,-27.60731],[-53.11327,-27.6502],[-53.07142,-27.67379],[-53.10338,-27.68091],[-53.07939,-27.71388],[-53.11217,-27.71558],[-53.06781,-27.72858],[-53.11379,-27.75767],[-53.01838,-27.80507],[-52.9871,-27.87279],[-52.81588,-27.88794],[-52.74132,-27.94824],[-52.81564,-27.99922],[-52.83603,-28.04883],[-52.75176,-28.03839],[-52.60754,-28.20564],[-52.60813,-28.23382],[-52.67712,-28.26877],[-52.59047,-28.30986],[-52.64833,-28.37058],[-52.62435,-28.41329],[-52.66365,-28.45797]]]]}},{"type":"Feature","id":"43010","properties":{"code":"43010","name":"Passo Fundo"},"geometry":{"type":"MultiPolygon","coordinates":[[[[-51.49875,-28.39815],[-51.58465,-28.42433],[-51.61944,-28.47987],[-51.72088,-28.47909],[-51.76261,-28.45016],[-51.7866,-28.53188],[-51.87118,-28.59422],[-51.84815,-28.66347],[-51.99437,-28.6725],[-51.99647,-28.61049],[-52.09298,-28.61592],[-52.09976,-28.66979],[-52.15595,-28.65171],[-52.27064,-28.67048],[-52.35318,-28.60416],[-52.3432,-28.58199],[-52.42911,-28.54966],[-52.49674,-28.55024],[-52.50981,-28.57509],[-52.53247,-28.53121],[-52.62214,-28.51298],[-52.58874,-28.42968],[-52.64922,-28.3724],[-52.59047,-28.30986],[-52.67712,-28.26877],[-52.60361,-28.2292],[-52.61172,-28.19856],[-52.75421,-28.03672],[-52.83603,-28.04883],[-52.81564,-27.99922],[-52.74132,-27.94824],[-52.77215,-27.91545],[-52.78127,-27.82651],[-52.86175,-27.80597],[-52.85887,-27.77246],[-52.89478,-27.75084],[-52.89557,-27.72113],[-52.85534,-27.69859],[-52.89869,-27.70327],[-52.88197,-27.67268],[-52.74783,-27.69032],[-52.74713,-27.74666],[-52.70923,-27.73586],[-52.70507,-27.79792],[-52.67649,-27.7968],[-52.64761,-27.87635],[-52.60723,-27.86962],[-52.5736,-27.90525],[-52.61004,-27.94799],[-52.56048,-27.96056],[-52.53467,-27.93658],[-52.43647,-27.98996],[-52.29523,-27.95465],[-52.21438,-27.9726],[-52.06824,-27.93235],[-52.08317,-27.91024],[-52.05087,-27.90695],[-52.05686,-27.88323],[-51.93718,-27.8845],[-51.90793,-27.96363],[-51.94207,-28.0136],[-51.9025,-28.04447],[-51.92534,-28.05157],[-51.91806,-28.1132],[-51.80098,-28.16341],[-51.75526,-28.21446],[-51.72856,-28.21059],[-51.73121,-28.18491],[-51.69214,-28.19086],[-51.69367,-28.15059],[-51.65767,-28.17338],[-51.66953,-28.20612],[-51.60502,-28.29258],[-51.54475,-28.31363],[-51.53887,-28.36753],[-51.49875,-28.39815]]]]}},{"type":"Feature","id":"43011","properties":{"code":"43011","name":"Cruz Alta"},"geometry":{"type":"MultiPolygon","coordinates":[[[[-54.33051,-28.93129],[-54.35799,-28.88899],[-54.35768,-28.7874],[-54.39798,-28.78461],[-54.40259,-28.70867],[-54.37841,-28.69422],[-54.32781,-28.72711],[-54.30994,-28.68933],[-54.33937,-28.67473],[-54.19715,-28.66043],[-54.13832,-28.55189],[-53.96902,-28.65322],[-53.89421,-28.58368],[-53.91135,-28.54731],[-53.86133,-28.53693],[-53.8168,-28.48321],[-53.78147,-28.48815],[-53.77751,-28.43686],[-53.66452,-28.51563],[-53.52133,-28.53477],[-53.51298,-28.57137],[-53.48421,-28.56725],[-53.45755,-28.55208],[-53.45914,-28.4877],[-53.41442,-28.44437],[-53.41774,-28.41152],[-53.37317,-28.38675],[-53.40015,-28.24326],[-53.33121,-28.23309],[-53.29148,-28.17156],[-53.22335,-28.14642],[-53.11931,-28.25764],[-53.13505,-28.28618],[-53.07693,-28.2826],[-53.02018,-28.31902],[-53.04195,-28.37582],[-52.98997,-28.37275],[-53.0575,-28.39728],[-53.07905,-28.49247],[-53.01797,-28.56317],[-53.03469,-28.76424],[-52.9622,-28.76332],[-52.87417,-28.70627],[-52.83246,-28.72488],[-52.80537,-28.70352],[-52.81946,-28.67859],[-52.77467,-28.69597],[-52.77005,-28.64586],[-52.73111,-28.67266],[-52.70944,-28.78987],[-52.7182,-29.00994],[-52.92938,-29.07595],[-52.95832,-29.06043],[-52.94843,-29.0958],[-52.98742,-29.10567],[-53.00935,-29.1548],[-53.06352,-29.1567],[-53.06427,-29.18272],[-53.09427,-29.13986],[-53.14142,-29.13079],[-53.27587,-29.14568],[-53.34972,-29.11155],[-53.40544,-29.12024],[-53.50746,-29.06445],[-53.54555,-29.00899],[-53.52671,-28.96722],[-53.66784,-28.93768],[-53.80749,-28.79702],[-53.90628,-28.8116],[-53.96408,-28.90255],[-54.0477,-28.91309],[-54.13091,-28.88274],[-54.22402,-28.92503],[-54.33051,-28.93129]]]]}},{"type":"Feature","id":"43012","properties":{"code":"43012","name":"NãO-Me-Toque"},"geometry":{"type":"MultiPolygon","coordinates":[[[[-52.55125,-28.64841],[-52.66414,-28.60642],[-52.66878,-28.63415],[-52.71098,-28.63372],[-52.7108,-28.6924],[-52.77122,-28.64587],[-52.77467,-28.69597],[-52.81946,-28.67859],[-52.80537,-28.70352],[-52.83246,-28.72488],[-52.87417,-28.70627],[-52.9622,-28.76332],[-53.03469,-28.76424],[-53.01446,-28.59157],[-53.07905,-28.49247],[-53.0575,-28.39728],[-52.9595,-28.33444],[-52.93767,-28.38152],[-52.77795,-28.36811],[-52.69831,-28.46987],[-52.61329,-28.40632],[-52.58908,-28.43536],[-52.62214,-28.51298],[-52.55225,-28.53144],[-52.54377,-28.56452],[-52.58211,-28.5978],[-52.54621,-28.62018],[-52.55125,-28.64841]]]]}},{"type":"Feature","id":"43013","properties":{"code":"43013","name":"Soledade"},"geometry":{"type":"MultiPolygon","coordinates":[[[[-52.89517,-29.31902],[-52.88404,-29.20569],[-53.00192,-29.12609],[-52.94843,-29.0958],[-52.95832,-29.06043],[-52.92938,-29.07595],[-52.7182,-29.00994],[-52.70944,-28.78987],[-52.73432,-28.73033],[-52.72841,-28.68525],[-52.70816,-28.68787],[-52.72262,-28.66653],[-52.69539,-28.66633],[-52.7102,-28.63243],[-52.66878,-28.63415],[-52.66245,-28.60634],[-52.55125,-28.64841],[-52.58177,-28.58886],[-52.53247,-28.53121],[-52.50981,-28.57509],[-52.49674,-28.55024],[-52.42911,-28.54966],[-52.3432,-28.58199],[-52.35318,-28.60416],[-52.31288,-28.65012],[-52.24945,-28.66233],[-52.32955,-28.82161],[-52.29642,-28.8471],[-52.26121,-28.96023],[-52.22677,-28.97247],[-52.21214,-29.09498],[-52.29046,-29.12966],[-52.29236,-29.16391],[-52.42511,-29.14688],[-52.45643,-29.24029],[-52.59845,-29.21426],[-52.67464,-29.2339],[-52.69151,-29.2871],[-52.73012,-29.2921],[-52.70999,-29.30696],[-52.74451,-29.36788],[-52.81334,-29.31735],[-52.89517,-29.31902]]]]}},{"type":"Feature","id":"43014","properties":{"code":"43014","name":"Guaporã"},"geometry":{"type":"MultiPolygon","coordinates":[[[[-52.2059,-29.11214],[-52.22677,-28.97247],[-52.26121,-28.96023],[-52.29642,-28.8471],[-52.32955,-28.82161],[-52.25034,-28.66284],[-52.09976,-28.66979],[-52.09298,-28.61592],[-51.99647,-28.61049],[-51.99437,-28.6725],[-51.84815,-28.66347],[-51.87118,-28.59422],[-51.7866,-28.53188],[-51.76261,-28.45016],[-51.72088,-28.47909],[-51.63507,-28.46616],[-51.60946,-28.53729],[-51.56048,-28.52158],[-51.52626,-28.54628],[-51.47411,-28.52771],[-51.45143,-28.4849],[-51.40122,-28.51529],[-51.41827,-28.53322],[-51.3963,-28.54249],[-51.39482,-28.61999],[-51.4522,-28.68287],[-51.42335,-28.74282],[-51.46045,-28.79132],[-51.43307,-28.80106],[-51.46642,-28.8037],[-51.44337,-28.8477],[-51.4941,-28.82398],[-51.75468,-28.83598],[-51.75829,-28.87261],[-51.81756,-28.90103],[-51.77936,-28.91456],[-51.79044,-28.93237],[-51.75407,-28.96084],[-51.77749,-28.97003],[-51.71033,-29.04598],[-51.73055,-29.13378],[-51.8084,-29.08172],[-51.8141,-29.01451],[-51.91833,-29.02286],[-51.92602,-29.0756],[-52.04644,-29.01875],[-52.04625,-29.05807],[-52.2059,-29.11214]]]]}},{"type":"Feature","id":"43015","properties":{"code":"43015","name":"Vacaria"},"geometry":{"type":"MultiPolygon","coordinates":[[[[-50.16837,-29.53622],[-50.22249,-29.51126],[-50.19715,-29.49528],[-50.21416,-29.48624],[-50.29202,-29.50609],[-50.26544,-29.45542],[-50.29241,-29.46799],[-50.31606,-29.43378],[-50.32339,-29.47353],[-50.43285,-29.53855],[-50.6305,-29.56046],[-50.6739,-29.47208],[-50.71582,-29.45596],[-50.66033,-29.43192],[-50.64502,-29.37836],[-50.68201,-29.36524],[-50.69217,-29.32292],[-50.74398,-29.32738],[-50.7615,-29.27732],[-50.85489,-29.26233],[-50.83935,-29.13035],[-50.91445,-29.11969],[-50.90247,-29.09034],[-50.94453,-29.07187],[-50.83045,-29.06468],[-50.78503,-29.00667],[-50.78416,-28.97912],[-50.81854,-28.96817],[-50.78747,-28.94157],[-50.81092,-28.93003],[-50.82027,-28.89359],[-50.79456,-28.87468],[-50.82129,-28.86733],[-50.81965,-28.83752],[-50.88383,-28.84125],[-50.89067,-28.80632],[-50.96207,-28.79532],[-51.04824,-28.8623],[-51.09689,-28.84145],[-51.14408,-28.88384],[-51.23389,-28.81829],[-51.31827,-28.85124],[-51.45977,-28.79296],[-51.42335,-28.74282],[-51.4522,-28.68287],[-51.39482,-28.61999],[-51.3963,-28.54249],[-51.41827,-28.53322],[-51.40122,-28.51529],[-51.45143,-28.4849],[-51.47411,-28.52771],[-51.5315,-28.54724],[-51.62382,-28.51689],[-51.61423,-28.44712],[-51.49776,-28.39618],[-51.5352,-28.37415],[-51.54475,-28.31363],[-51.60502,-28.29258],[-51.66953,-28.20612],[-51.65154,-28.18091],[-51.69541,-28.14872],[-51.62281,-28.1322],[-51.63442,-28.11319],[-51.60317,-28.0983],[-51.62788,-28.0918],[-51.6137,-28.06372],[-51.64591,-28.01792],[-51.67628,-28.02492],[-51.64412,-28.00197],[-51.67274,-27.97794],[-51.54374,-27.9908],[-51.46015,-27.94923],[-51.38973,-27.88644],[-51.33496,-27.75252],[-51.29755,-27.75082],[-51.30881,-27.71946],[-51.27804,-27.7231],[-51.24013,-27.77902],[-51.19128,-27.77615],[-51.12892,-27.83205],[-51.08223,-27.83393],[-51.00919,-27.96444],[-50.98425,-27.9403],[-50.92568,-27.96939],[-50.92324,-28.01199],[-50.8754,-28.0402],[-50.90394,-28.08584],[-50.87592,-28.09508],[-50.87197,-28.13742],[-50.8324,-28.11751],[-50.78611,-28.14172],[-50.78882,-28.19834],[-50.7644,-28.18923],[-50.75335,-28.24568],[-50.6966,-28.26784],[-50.62495,-28.39259],[-50.5916,-28.38223],[-50.537,-28.42972],[-50.5275,-28.40389],[-50.45686,-28.41065],[-50.38198,-28.44699],[-50.35999,-28.41984],[-50.34585,-28.46355],[-50.32962,-28.43423],[-50.27291,-28.45707],[-50.2468,-28.42827],[-50.22265,-28.46327],[-50.17801,-28.45225],[-50.15634,-28.49791],[-50.16053,-28.45952],[-50.12831,-28.42891],[-50.101,-28.48633],[-49.97535,-28.43905],[-49.94439,-28.48274],[-49.92851,-28.45122],[-49.85499,-28.44401],[-49.87775,-28.45516],[-49.84079,-28.49644],[-49.81261,-28.46789],[-49.78225,-28.49666],[-49.76528,-28.45949],[-49.77083,-28.49433],[-49.72657,-28.5183],[-49.74918,-28.54647],[-49.69182,-28.6227],[-49.7789,-28.62948],[-49.78383,-28.60991],[-49.83918,-28.66654],[-49.8135,-28.68705],[-49.84204,-28.71417],[-49.87181,-28.70299],[-49.87479,-28.74463],[-49.90495,-28.70761],[-49.93468,-28.72568],[-49.96987,-28.87649],[-49.93211,-28.8722],[-49.96873,-28.92205],[-49.95803,-28.96255],[-49.92024,-28.97877],[-50.00441,-29.07238],[-49.94213,-29.05822],[-49.9626,-29.11748],[-50.01342,-29.12682],[-50.01516,-29.18674],[-50.06787,-29.19549],[-50.05973,-29.17525],[-50.09342,-29.16791],[-50.05716,-29.15795],[-50.09966,-29.15981],[-50.09135,-29.2198],[-50.047,-29.21718],[-50.11269,-29.24001],[-50.09328,-29.21278],[-50.13965,-29.19222],[-50.16155,-29.20394],[-50.13397,-29.20791],[-50.14068,-29.23778],[-50.17751,-29.24852],[-50.13875,-29.25352],[-50.14493,-29.29359],[-50.12301,-29.28197],[-50.041,-29.35507],[-50.07098,-29.36122],[-50.10941,-29.32333],[-50.20342,-29.36806],[-50.1912,-29.341],[-50.25299,-29.33341],[-50.23945,-29.39635],[-50.1994,-29.40736],[-50.25009,-29.41214],[-50.20292,-29.45509],[-50.2189,-29.48185],[-50.15074,-29.47532],[-50.18837,-29.50592],[-50.16837,-29.53622]]]]}},{"type":"Feature","id":"43016","properties":{"code":"43016","name":"Caxias Do Sul"},"geometry":{"type":"MultiPolygon","coordinates":[[[[-51.797,-29.29941],[-51.80148,-29.25977],[-51.75478,-29.26056],[-51.75801,-29.18517],[-51.73351,-29.1805],[-51.75639,-29.13888],[-51.71223,-29.11565],[-51.73074,-29.08476],[-51.71147,-29.08721],[-51.71033,-29.04598],[-51.77749,-28.97003],[-51.75407,-28.96084],[-51.79044,-28.93237],[-51.77936,-28.91456],[-51.81757,-28.90206],[-51.75829,-28.87261],[-51.75468,-28.83598],[-51.4941,-28.82398],[-51.46251,-28.85643],[-51.44238,-28.84477],[-51.46553,-28.80226],[-51.411,-28.80063],[-51.31827,-28.85124],[-51.23389,-28.81829],[-51.14408,-28.88384],[-51.09689,-28.84145],[-51.04824,-28.8623],[-50.96207,-28.79532],[-50.89067,-28.80632],[-50.88383,-28.84125],[-50.81965,-28.83752],[-50.82129,-28.86733],[-50.79456,-28.87468],[-50.82027,-28.89359],[-50.78747,-28.94157],[-50.81866,-28.96713],[-50.78416,-28.97912],[-50.78664,-29.00966],[-50.83045,-29.06468],[-50.94453,-29.07187],[-50.90247,-29.09034],[-50.91445,-29.11969],[-50.83901,-29.1311],[-50.85971,-29.24873],[-50.91779,-29.30797],[-50.94017,-29.28363],[-50.98542,-29.32079],[-51.08862,-29.29094],[-51.14204,-29.34242],[-51.17961,-29.32511],[-51.2123,-29.35857],[-51.27843,-29.29494],[-51.25841,-29.31149],[-51.35448,-29.3519],[-51.53406,-29.35178],[-51.69123,-29.42353],[-51.69108,-29.37137],[-51.72745,-29.36941],[-51.72896,-29.33406],[-51.70069,-29.32302],[-51.72893,-29.31619],[-51.69945,-29.30566],[-51.797,-29.29941]]]]}},{"type":"Feature","id":"43017","properties":{"code":"43017","name":"Santiago"},"geometry":{"type":"MultiPolygon","coordinates":[[[[-53.22871,-29.40422],[-53.3152,-29.43732],[-53.36487,-29.35544],[-53.44017,-29.33867],[-53.49481,-29.35845],[-53.53268,-29.39977],[-53.49909,-29.45502],[-53.5184,-29.47102],[-53.55224,-29.4409],[-53.57078,-29.48091],[-53.61158,-29.46258],[-53.65205,-29.50244],[-53.62986,-29.56837],[-53.58285,-29.57704],[-53.62723,-29.60473],[-53.70856,-29.54577],[-53.69297,-29.41556],[-53.76555,-29.34476],[-53.79213,-29.34501],[-53.79345,-29.37437],[-53.84031,-29.35565],[-53.88519,-29.3948],[-53.99655,-29.42134],[-54.03711,-29.40135],[-54.10256,-29.47267],[-54.14734,-29.48283],[-54.16494,-29.45809],[-54.19123,-29.48245],[-54.19795,-29.42873],[-54.27512,-29.40248],[-54.32116,-29.43407],[-54.37061,-29.41047],[-54.41518,-29.46147],[-54.43049,-29.42452],[-54.51306,-29.38957],[-54.47933,-29.38361],[-54.50778,-29.34671],[-54.4893,-29.33521],[-54.54258,-29.31028],[-54.58977,-29.32926],[-54.59085,-29.36504],[-54.62649,-29.31235],[-54.69058,-29.32051],[-54.68629,-29.39405],[-54.73949,-29.39562],[-54.77483,-29.34774],[-54.84577,-29.34607],[-54.83372,-29.31871],[-54.94027,-29.32561],[-55.08136,-29.20918],[-55.23518,-29.18856],[-55.30335,-29.21335],[-55.26838,-29.14255],[-55.27289,-29.05704],[-55.24602,-29.0561],[-55.32097,-28.94203],[-55.37303,-28.92057],[-55.36751,-28.87999],[-55.43217,-28.86265],[-55.41943,-28.84496],[-55.50404,-28.7641],[-55.49716,-28.73154],[-55.54984,-28.70747],[-55.49317,-28.69482],[-55.48587,-28.66163],[-55.44042,-28.67354],[-55.43697,-28.64995],[-55.32064,-28.65527],[-55.25327,-28.69088],[-55.22593,-28.66615],[-55.18671,-28.76194],[-55.11215,-28.74254],[-55.07111,-28.77617],[-55.04372,-28.76224],[-55.03397,-28.79817],[-54.99643,-28.77774],[-54.78996,-28.87512],[-54.70774,-28.83672],[-54.71407,-28.79497],[-54.66495,-28.71635],[-54.61011,-28.74603],[-54.62708,-28.76945],[-54.58285,-28.78927],[-54.57715,-28.83817],[-54.4574,-28.87781],[-54.40964,-28.92258],[-54.37766,-29.00449],[-54.34185,-28.92944],[-54.22402,-28.92503],[-54.13091,-28.88274],[-54.0477,-28.91309],[-53.96408,-28.90255],[-53.90628,-28.8116],[-53.80749,-28.79702],[-53.66784,-28.93768],[-53.52671,-28.96722],[-53.54555,-29.00899],[-53.49438,-29.07308],[-53.40544,-29.12024],[-53.26144,-29.1443],[-53.25002,-29.23864],[-53.20956,-29.26912],[-53.23952,-29.26435],[-53.24766,-29.28939],[-53.22871,-29.40422]]]]}},{"type":"Feature","id":"43018","properties":{"code":"43018","name":"Santa Maria"},"geometry":{"type":"MultiPolygon","coordinates":[[[[-53.12435,-29.96947],[-53.46651,-30.26228],[-53.48539,-30.29035],[-53.46068,-30.31894],[-53.51658,-30.39715],[-53.54674,-30.39282],[-53.5477,-30.36302],[-53.61404,-30.37781],[-53.65595,-30.43231],[-53.71265,-30.39478],[-53.71177,-30.48302],[-53.76573,-30.51973],[-53.8189,-30.519],[-53.85889,-30.47628],[-53.88728,-30.49719],[-53.96072,-30.48203],[-53.97464,-30.44385],[-53.93922,-30.3942],[-54.01837,-30.26521],[-53.95927,-30.2165],[-53.95855,-30.12222],[-53.86971,-29.99415],[-54.00503,-29.98403],[-54.05175,-29.91213],[-54.18613,-29.92918],[-54.24784,-29.89357],[-54.28605,-29.93232],[-54.45208,-29.96027],[-54.50002,-29.9335],[-54.58615,-29.96358],[-54.65937,-30.03267],[-54.75223,-30.01741],[-54.81652,-30.10771],[-54.93182,-30.0628],[-55.0614,-30.14433],[-55.09628,-30.03262],[-55.28943,-30.10336],[-55.31311,-30.08094],[-55.22445,-29.9215],[-55.15185,-29.87528],[-55.14931,-29.82713],[-55.11147,-29.80042],[-55.14268,-29.69561],[-55.12369,-29.66052],[-55.09078,-29.64673],[-55.06225,-29.69363],[-55.00036,-29.70921],[-54.92249,-29.66328],[-54.83155,-29.66597],[-54.78331,-29.60399],[-54.79264,-29.56901],[-54.83285,-29.57456],[-54.86225,-29.54491],[-54.8319,-29.48891],[-54.92773,-29.32696],[-54.9088,-29.31206],[-54.83372,-29.31871],[-54.85324,-29.33871],[-54.83498,-29.35137],[-54.77483,-29.34774],[-54.73949,-29.39562],[-54.68629,-29.39405],[-54.69058,-29.32051],[-54.62649,-29.31235],[-54.59085,-29.36504],[-54.58977,-29.32926],[-54.51984,-29.31554],[-54.47933,-29.38361],[-54.51306,-29.38957],[-54.43049,-29.42452],[-54.41518,-29.46147],[-54.37061,-29.41047],[-54.32116,-29.43407],[-54.27512,-29.40248],[-54.19795,-29.42873],[-54.21042,-29.45002],[-54.17037,-29.48316],[-54.16494,-29.45809],[-54.15019,-29.48294],[-54.10256,-29.47267],[-54.03711,-29.40135],[-53.99655,-29.42134],[-53.88519,-29.3948],[-53.84031,-29.35565],[-53.79345,-29.37437],[-53.79213,-29.34501],[-53.76555,-29.34476],[-53.69297,-29.41556],[-53.70773,-29.54732],[-53.62723,-29.60473],[-53.65004,-29.62282],[-53.61873,-29.64883],[-53.63264,-29.67073],[-53.55663,-29.68769],[-53.51645,-29.77065],[-53.55889,-29.79429],[-53.54901,-29.86792],[-53.652,-29.89299],[-53.63506,-29.98955],[-53.67092,-30.05121],[-53.63473,-30.09276],[-53.58335,-30.09846],[-53.25535,-29.95953],[-53.12435,-29.96947]]]]}},{"type":"Feature","id":"43019","properties":{"code":"43019","name":"Restinga Seca"},"geometry":{"type":"MultiPolygon","coordinates":[[[[-53.63308,-30.09361],[-53.67092,-30.05121],[-53.63506,-29.98955],[-53.652,-29.89299],[-53.54901,-29.86792],[-53.55889,-29.79429],[-53.51645,-29.77065],[-53.55663,-29.68769],[-53.63264,-29.67073],[-53.61873,-29.64883],[-53.65004,-29.62282],[-53.58285,-29.57704],[-53.62605,-29.57213],[-53.65226,-29.52921],[-53.62273,-29.46767],[-53.57078,-29.48091],[-53.55224,-29.4409],[-53.5184,-29.47102],[-53.50047,-29.42219],[-53.53268,-29.39977],[-53.44017,-29.33867],[-53.36487,-29.35544],[-53.3152,-29.43732],[-53.23704,-29.41152],[-53.28167,-29.44725],[-53.18433,-29.46735],[-53.02919,-29.5532],[-53.13653,-29.55907],[-53.13667,-29.60822],[-53.18683,-29.63196],[-53.22083,-29.73058],[-53.11117,-29.84774],[-53.11951,-29.92261],[-53.08184,-29.93144],[-53.09021,-29.96629],[-53.25535,-29.95953],[-53.58335,-30.09846],[-53.63308,-30.09361]]]]}},{"type":"Feature","id":"43020","properties":{"code":"43020","name":"Santa Cruz Do Sul"},"geometry":{"type":"MultiPolygon","coordinates":[[[[-51.94298,-29.75865],[-52.007,-29.70555],[-52.12207,-29.72384],[-52.18884,-29.66813],[-52.2601,-29.70238],[-52.29927,-29.67395],[-52.33501,-29.72852],[-52.31386,-29.83561],[-52.39947,-29.84003],[-52.45086,-29.92483],[-52.47851,-29.87188],[-52.50981,-29.87287],[-52.5043,-29.83997],[-52.59693,-29.78573],[-52.74097,-29.80432],[-52.74134,-29.90474],[-52.84984,-29.92726],[-52.92671,-29.78434],[-52.96486,-29.56901],[-53.28529,-29.44417],[-53.22871,-29.40422],[-53.24766,-29.28939],[-53.23952,-29.26435],[-53.20956,-29.26912],[-53.25002,-29.23864],[-53.26144,-29.1443],[-53.09772,-29.13895],[-53.06427,-29.18272],[-53.06352,-29.1567],[-52.98794,-29.14326],[-52.88404,-29.20569],[-52.89946,-29.31682],[-52.81334,-29.31735],[-52.74451,-29.36788],[-52.70999,-29.30696],[-52.73012,-29.2921],[-52.69151,-29.2871],[-52.67464,-29.2339],[-52.52634,-29.21917],[-52.50101,-29.24728],[-52.52818,-29.25992],[-52.53512,-29.32898],[-52.46226,-29.37395],[-52.43063,-29.34083],[-52.38424,-29.35268],[-52.23562,-29.45735],[-52.10642,-29.49708],[-52.10105,-29.55025],[-51.96997,-29.63414],[-51.94298,-29.75865]]]]}},{"type":"Feature","id":"43021","properties":{"code":"43021","name":"Lajeado-Estrela"},"geometry":{"type":"MultiPolygon","coordinates":[[[[-51.71642,-29.86074],[-51.81554,-29.86182],[-51.84078,-29.82377],[-51.91091,-29.81115],[-51.90796,-29.76877],[-51.94298,-29.75865],[-51.9823,-29.66055],[-51.96997,-29.63414],[-52.10105,-29.55025],[-52.10642,-29.49708],[-52.23562,-29.45735],[-52.38424,-29.35268],[-52.43063,-29.34083],[-52.46226,-29.37395],[-52.52259,-29.33782],[-52.51923,-29.24772],[-52.43944,-29.22937],[-52.42511,-29.14688],[-52.29236,-29.16391],[-52.293,-29.13306],[-52.24689,-29.10198],[-52.19603,-29.09567],[-52.19494,-29.11734],[-52.04625,-29.05807],[-52.04644,-29.01875],[-51.92602,-29.0756],[-51.91833,-29.02286],[-51.8141,-29.01451],[-51.8084,-29.08172],[-51.73213,-29.12898],[-51.75639,-29.13888],[-51.73351,-29.1805],[-51.75801,-29.18517],[-51.75478,-29.26056],[-51.80148,-29.25977],[-51.797,-29.29941],[-51.69945,-29.30566],[-51.72893,-29.31619],[-51.70069,-29.32302],[-51.72896,-29.33406],[-51.72745,-29.36941],[-51.69108,-29.37137],[-51.69089,-29.47074],[-51.66808,-29.48748],[-51.69077,-29.50076],[-51.665,-29.50077],[-51.63806,-29.62893],[-51.69343,-29.66709],[-51.7577,-29.79207],[-51.71642,-29.86074]]]]}},{"type":"Feature","id":"43022","properties":{"code":"43022","name":"Cachoeira Do Sul"},"geometry":{"type":"MultiPolygon","coordinates":[[[[-52.15872,-30.44273],[-52.23393,-30.43599],[-52.29961,-30.33401],[-52.40221,-30.3808],[-52.5015,-30.36235],[-52.53128,-30.27239],[-52.55936,-30.28519],[-52.53597,-30.35526],[-52.58144,-30.37311],[-52.65737,-30.20937],[-52.71358,-30.36556],[-52.79105,-30.34133],[-52.79063,-30.30226],[-52.81101,-30.33523],[-52.87771,-30.34415],[-52.90593,-30.5742],[-52.93132,-30.60649],[-52.9746,-30.6041],[-52.97751,-30.67518],[-53.04916,-30.66519],[-53.12345,-30.60927],[-53.18923,-30.53231],[-53.21659,-30.44713],[-53.17049,-30.37379],[-53.1805,-30.31285],[-53.21645,-30.29773],[-53.2231,-30.32657],[-53.2807,-30.34554],[-53.33655,-30.31879],[-53.35185,-30.2485],[-53.28709,-30.11565],[-53.16557,-29.99391],[-53.08923,-29.96398],[-53.08184,-29.93144],[-53.11951,-29.92261],[-53.11117,-29.84774],[-53.22083,-29.73058],[-53.18683,-29.63196],[-53.13667,-29.60822],[-53.13653,-29.55907],[-53.05818,-29.5701],[-53.02234,-29.53162],[-52.96486,-29.56901],[-52.92671,-29.78434],[-52.84984,-29.92726],[-52.74134,-29.90474],[-52.74097,-29.80432],[-52.59693,-29.78573],[-52.5043,-29.83997],[-52.50981,-29.87287],[-52.47851,-29.87188],[-52.45086,-29.92483],[-52.39947,-29.84003],[-52.31386,-29.83561],[-52.33501,-29.72852],[-52.31596,-29.68124],[-52.2601,-29.70238],[-52.21004,-29.66636],[-52.17032,-29.67819],[-52.12037,-29.72378],[-52.13695,-29.75007],[-52.23261,-29.7754],[-52.1753,-29.83255],[-52.18666,-29.93031],[-52.10457,-29.94561],[-52.13942,-29.93936],[-52.15497,-29.9773],[-52.16959,-30.12553],[-52.13629,-30.2276],[-52.17708,-30.27694],[-52.15353,-30.33458],[-52.18026,-30.39141],[-52.15872,-30.44273]]]]}},{"type":"Feature","id":"43023","properties":{"code":"43023","name":"Montenegro"},"geometry":{"type":"MultiPolygon","coordinates":[[[[-51.58653,-29.77602],[-51.5659,-29.73658],[-51.66182,-29.59274],[-51.69123,-29.42353],[-51.53406,-29.35178],[-51.35448,-29.3519],[-51.26274,-29.29514],[-51.21652,-29.33665],[-51.23747,-29.34165],[-51.20766,-29.36891],[-51.22614,-29.39308],[-51.16859,-29.43543],[-51.17823,-29.49522],[-51.26341,-29.56679],[-51.23767,-29.58109],[-51.21384,-29.69476],[-51.19291,-29.68323],[-51.21012,-29.73762],[-51.19031,-29.80125],[-51.33372,-29.75664],[-51.3664,-29.78336],[-51.35629,-29.83067],[-51.43627,-29.84468],[-51.52213,-29.781],[-51.58653,-29.77602]]]]}},{"type":"Feature","id":"43024","properties":{"code":"43024","name":"Gramado-Canela"},"geometry":{"type":"MultiPolygon","coordinates":[[[[-50.31566,-29.67962],[-50.37328,-29.71917],[-50.49133,-29.68824],[-50.57226,-29.734],[-50.57469,-29.71115],[-50.68063,-29.67215],[-50.68709,-29.74648],[-50.71261,-29.75512],[-50.69578,-29.7898],[-50.8352,-29.76567],[-50.8742,-29.79753],[-50.9572,-29.79017],[-50.9344,-29.76937],[-50.94407,-29.67551],[-50.87179,-29.69302],[-50.86812,-29.72981],[-50.79835,-29.67807],[-50.81549,-29.59837],[-50.8555,-29.5837],[-50.85627,-29.55504],[-51.0027,-29.54209],[-51.04378,-29.54491],[-51.06267,-29.64594],[-51.23143,-29.61616],[-51.26204,-29.56071],[-51.17823,-29.49522],[-51.16859,-29.43543],[-51.22358,-29.37491],[-51.17961,-29.32511],[-51.14204,-29.34242],[-51.08862,-29.29094],[-50.98542,-29.32079],[-50.94017,-29.28363],[-50.90753,-29.30259],[-50.86463,-29.24979],[-50.81591,-29.25819],[-50.7615,-29.27732],[-50.74398,-29.32738],[-50.68652,-29.32658],[-50.68201,-29.36524],[-50.64502,-29.37836],[-50.66033,-29.43192],[-50.71582,-29.45596],[-50.6739,-29.47208],[-50.6305,-29.56046],[-50.43285,-29.53855],[-50.34832,-29.49462],[-50.3549,-29.55642],[-50.326,-29.58813],[-50.35934,-29.63107],[-50.31566,-29.67962]]]]}},{"type":"Feature","id":"43025","properties":{"code":"43025","name":"SãO JerãNimo"},"geometry":{"type":"MultiPolygon","coordinates":[[[[-51.97234,-30.63785],[-52.00108,-30.59636],[-51.98672,-30.56748],[-52.17356,-30.42148],[-52.15352,-30.33379],[-52.17708,-30.27694],[-52.13629,-30.2276],[-52.16959,-30.12553],[-52.15497,-29.9773],[-52.13942,-29.93936],[-52.10457,-29.94561],[-52.18666,-29.93031],[-52.1753,-29.83255],[-52.23261,-29.7754],[-52.007,-29.70555],[-51.96098,-29.76432],[-51.90796,-29.76877],[-51.91091,-29.81115],[-51.84078,-29.82377],[-51.81554,-29.86182],[-51.71642,-29.86074],[-51.7577,-29.79207],[-51.69343,-29.66709],[-51.64189,-29.63577],[-51.5659,-29.73658],[-51.58653,-29.77602],[-51.52213,-29.781],[-51.43817,-29.84437],[-51.35589,-29.84124],[-51.36491,-29.89312],[-51.26566,-29.93463],[-51.43406,-29.98391],[-51.49621,-30.03984],[-51.54315,-30.04826],[-51.59517,-30.01127],[-51.62696,-30.07272],[-51.69082,-30.08192],[-51.69504,-30.17708],[-51.668,-30.23385],[-51.6871,-30.2829],[-51.64711,-30.31351],[-51.67987,-30.43815],[-51.71589,-30.44607],[-51.75474,-30.5061],[-51.76703,-30.46681],[-51.97234,-30.63785]]]]}},{"type":"Feature","id":"43026","properties":{"code":"43026","name":"Porto Alegre"},"geometry":{"type":"MultiPolygon","coordinates":[[[[-51.74909,-30.53525],[-51.75148,-30.48263],[-51.67987,-30.43815],[-51.68081,-30.38147],[-51.6489,-30.34054],[-51.65279,-30.29808],[-51.6871,-30.2829],[-51.668,-30.23385],[-51.69504,-30.17708],[-51.69082,-30.08192],[-51.62696,-30.07272],[-51.59517,-30.01127],[-51.54315,-30.04826],[-51.49621,-30.03984],[-51.43406,-29.98391],[-51.26566,-29.93463],[-51.36491,-29.89312],[-51.37193,-29.82876],[-51.33372,-29.75664],[-51.19031,-29.80125],[-51.21012,-29.73762],[-51.19291,-29.68323],[-51.21384,-29.69476],[-51.23143,-29.61616],[-51.06267,-29.64594],[-51.04378,-29.54491],[-50.85627,-29.55504],[-50.79563,-29.67205],[-50.86812,-29.72981],[-50.87179,-29.69302],[-50.94407,-29.67551],[-50.9344,-29.76937],[-50.9572,-29.79017],[-50.8742,-29.79753],[-50.8352,-29.76567],[-50.69578,-29.7898],[-50.75206,-29.78883],[-50.67994,-29.85674],[-50.71366,-30.01112],[-50.68454,-30.05155],[-50.63562,-30.05548],[-50.62149,-30.11987],[-50.62082,-30.19841],[-50.66407,-30.222],[-50.65614,-30.28598],[-50.78473,-30.28501],[-50.7735,-30.3322],[-50.79698,-30.33838],[-50.91484,-30.32639],[-50.93921,-30.39413],[-50.90015,-30.44342],[-51.05558,-30.39198],[-51.04129,-30.36637],[-51.06874,-30.35502],[-51.0316,-30.33387],[-51.02248,-30.28415],[-51.08646,-30.24153],[-51.16956,-30.26465],[-51.15172,-30.24648],[-51.19266,-30.24256],[-51.1982,-30.19443],[-51.24868,-30.18634],[-51.22823,-30.14051],[-51.28862,-30.12047],[-51.26162,-30.11944],[-51.23298,-30.04406],[-51.29236,-30.06487],[-51.25943,-30.03504],[-51.29577,-30.00046],[-51.32861,-30.22665],[-51.40592,-30.22988],[-51.40774,-30.26857],[-51.45757,-30.25226],[-51.51588,-30.27291],[-51.52217,-30.32955],[-51.42946,-30.35398],[-51.44448,-30.38953],[-51.53638,-30.41286],[-51.52447,-30.51046],[-51.62345,-30.54309],[-51.67827,-30.50793],[-51.74909,-30.53525]]]]}},{"type":"Feature","id":"43027","properties":{"code":"43027","name":"OsãRio"},"geometry":{"type":"MultiPolygon","coordinates":[[[[-51.1918,-31.49606],[-51.23831,-31.45815],[-51.15871,-31.27993],[-51.16778,-31.06269],[-51.10362,-31.09938],[-50.98056,-31.04105],[-50.95251,-30.98208],[-50.96676,-30.89611],[-50.89512,-30.89973],[-50.72077,-30.77975],[-50.67954,-30.60917],[-50.71754,-30.35199],[-50.62399,-30.3921],[-50.62507,-30.32841],[-50.5931,-30.40034],[-50.65018,-30.41357],[-50.65441,-30.44296],[-50.59714,-30.49089],[-50.57133,-30.47106],[-50.53853,-30.26462],[-50.62082,-30.19841],[-50.63562,-30.05548],[-50.68454,-30.05155],[-50.71366,-30.01112],[-50.67994,-29.85674],[-50.75206,-29.78883],[-50.6943,-29.78772],[-50.71261,-29.75512],[-50.68709,-29.74648],[-50.6893,-29.68004],[-50.57469,-29.71115],[-50.57226,-29.734],[-50.4503,-29.68063],[-50.38326,-29.7193],[-50.33667,-29.70065],[-50.31387,-29.66549],[-50.35306,-29.65568],[-50.32916,-29.60212],[-50.34853,-29.5888],[-50.326,-29.58813],[-50.35714,-29.50771],[-50.32534,-29.43958],[-50.28773,-29.44611],[-50.29241,-29.46799],[-50.26544,-29.45542],[-50.29202,-29.50609],[-50.21416,-29.48624],[-50.19715,-29.49528],[-50.22249,-29.51126],[-50.16837,-29.53622],[-50.18837,-29.50592],[-50.15074,-29.47532],[-50.2189,-29.48185],[-50.20292,-29.45509],[-50.25009,-29.41214],[-50.1994,-29.40736],[-50.23945,-29.39635],[-50.25299,-29.33341],[-50.1912,-29.341],[-50.20342,-29.36806],[-50.10941,-29.32333],[-50.07098,-29.36122],[-50.0337,-29.34985],[-50.10765,-29.2535],[-49.96273,-29.19885],[-49.86779,-29.22528],[-49.84323,-29.27797],[-49.73968,-29.29991],[-49.74542,-29.32801],[-49.71323,-29.32834],[-49.91022,-29.58727],[-50.06446,-29.86187],[-50.36961,-30.55782],[-50.78857,-31.13409],[-51.1918,-31.49606]]]]}},{"type":"Feature","id":"43028","properties":{"code":"43028","name":"Camaquã"},"geometry":{"type":"MultiPolygon","coordinates":[[[[-51.81174,-31.28575],[-51.77966,-31.21652],[-51.82039,-31.15909],[-51.7886,-31.12216],[-51.8815,-30.91304],[-51.94153,-30.94374],[-52.10933,-30.9058],[-52.17838,-30.83765],[-52.17768,-30.77384],[-52.24037,-30.75659],[-52.26618,-30.79948],[-52.34118,-30.71101],[-52.34339,-30.62941],[-52.45373,-30.56073],[-52.41843,-30.548],[-52.40456,-30.48466],[-52.3495,-30.43453],[-52.34613,-30.36194],[-52.29961,-30.33401],[-52.23393,-30.43599],[-52.15276,-30.44403],[-52.01515,-30.54035],[-51.97234,-30.63785],[-51.76703,-30.46681],[-51.74909,-30.53525],[-51.67827,-30.50793],[-51.63045,-30.5434],[-51.54684,-30.52173],[-51.52447,-30.51046],[-51.53638,-30.41286],[-51.43184,-30.37838],[-51.43342,-30.35174],[-51.52365,-30.32811],[-51.51411,-30.26921],[-51.40774,-30.26857],[-51.40592,-30.22988],[-51.36205,-30.2215],[-51.2921,-30.23146],[-51.2732,-30.24977],[-51.29796,-30.25965],[-51.29527,-30.30295],[-51.24722,-30.32853],[-51.21072,-30.29792],[-51.18552,-30.38305],[-51.09466,-30.36473],[-51.15259,-30.50027],[-51.13576,-30.43679],[-51.19788,-30.40803],[-51.27915,-30.5104],[-51.30335,-30.58855],[-51.28243,-30.81254],[-51.33121,-30.77848],[-51.29396,-30.77089],[-51.31766,-30.64816],[-51.38093,-30.64347],[-51.40583,-30.75675],[-51.36901,-30.87435],[-51.45544,-30.87597],[-51.50183,-30.93911],[-51.48572,-31.02628],[-51.44025,-31.08822],[-51.61799,-31.13956],[-51.64359,-31.21113],[-51.61672,-31.26769],[-51.81174,-31.28575]]]]}},{"type":"Feature","id":"43029","properties":{"code":"43029","name":"Campanha Ocidental"},"geometry":{"type":"MultiPolygon","coordinates":[[[[-57.64974,-30.18932],[-57.4646,-30.11034],[-57.41752,-30.03837],[-57.33757,-29.98997],[-57.32969,-29.88764],[-57.28218,-29.81729],[-57.09972,-29.74832],[-56.97115,-29.64341],[-56.9678,-29.60179],[-56.90196,-29.53382],[-56.82209,-29.49002],[-56.7684,-29.378],[-56.69997,-29.35644],[-56.58875,-29.11981],[-56.416,-29.06896],[-56.40634,-28.9726],[-56.30005,-28.89556],[-56.28911,-28.79372],[-56.18812,-28.77228],[-56.11915,-28.68125],[-56.00979,-28.60583],[-56.01122,-28.50689],[-55.88401,-28.47916],[-55.90305,-28.40764],[-55.87874,-28.36185],[-55.75657,-28.36943],[-55.69525,-28.42297],[-55.67042,-28.33439],[-55.77318,-28.27424],[-55.77125,-28.24145],[-55.63423,-28.17784],[-55.61073,-28.11746],[-55.55755,-28.16456],[-55.49552,-28.07686],[-55.40998,-28.08863],[-55.39556,-28.12993],[-55.35655,-28.12105],[-55.36856,-28.16173],[-55.3385,-28.18484],[-55.29883,-28.17194],[-55.34047,-28.1918],[-55.31574,-28.20438],[-55.38372,-28.30491],[-55.44357,-28.24877],[-55.48623,-28.27227],[-55.52533,-28.34335],[-55.49998,-28.36613],[-55.52876,-28.45776],[-55.67927,-28.49833],[-55.77092,-28.59168],[-55.69976,-28.62614],[-55.71717,-28.65784],[-55.57297,-28.67628],[-55.53432,-28.73012],[-55.49716,-28.73154],[-55.50404,-28.7641],[-55.41943,-28.84496],[-55.43217,-28.86265],[-55.36894,-28.87838],[-55.37303,-28.92057],[-55.29417,-28.97265],[-55.24602,-29.0561],[-55.27289,-29.05704],[-55.26838,-29.14255],[-55.31257,-29.20478],[-55.13984,-29.19382],[-55.01923,-29.24395],[-54.89567,-29.34932],[-54.8319,-29.48891],[-54.86225,-29.54491],[-54.83285,-29.57456],[-54.79264,-29.56901],[-54.78331,-29.60399],[-54.83155,-29.66597],[-54.92249,-29.66328],[-55.00036,-29.70921],[-55.06225,-29.69363],[-55.09078,-29.64673],[-55.12369,-29.66052],[-55.14268,-29.69561],[-55.11147,-29.80042],[-55.14931,-29.82713],[-55.15185,-29.87528],[-55.22917,-29.92812],[-55.30575,-30.07507],[-55.44128,-30.09366],[-55.46601,-30.07371],[-55.53845,-30.16324],[-55.67151,-30.10368],[-55.64795,-30.16185],[-55.67379,-30.20043],[-55.64216,-30.2169],[-55.68991,-30.24867],[-55.65964,-30.30657],[-55.67701,-30.38728],[-55.83276,-30.43211],[-56.06451,-30.43741],[-56.28029,-30.53542],[-56.3835,-30.49882],[-56.46078,-30.38564],[-56.49136,-30.39811],[-56.54614,-30.36065],[-56.54156,-30.31314],[-56.57739,-30.28892],[-56.61924,-30.30067],[-56.6095,-30.26944],[-56.66874,-30.2181],[-56.64653,-30.20385],[-56.77654,-30.16337],[-56.78027,-30.12663],[-56.83358,-30.0923],[-56.88605,-30.08743],[-56.90538,-30.11347],[-57.06908,-30.08558],[-57.09119,-30.12152],[-57.11599,-30.11384],[-57.1057,-30.13513],[-57.16822,-30.19764],[-57.15516,-30.23414],[-57.22026,-30.28929],[-57.26177,-30.26722],[-57.28456,-30.29372],[-57.31433,-30.25775],[-57.39235,-30.30467],[-57.46352,-30.2654],[-57.52541,-30.28547],[-57.56634,-30.25911],[-57.56307,-30.20911],[-57.64974,-30.18932]]]]}},{"type":"Feature","id":"43030","properties":{"code":"43030","name":"Campanha Central"},"geometry":{"type":"MultiPolygon","coordinates":[[[[-56.289,-30.53992],[-56.06451,-30.43741],[-55.83276,-30.43211],[-55.67701,-30.38728],[-55.65964,-30.30657],[-55.68991,-30.24867],[-55.64216,-30.2169],[-55.67379,-30.20043],[-55.64795,-30.16185],[-55.6688,-30.10278],[-55.53223,-30.16251],[-55.46601,-30.07371],[-55.44128,-30.09366],[-55.31311,-30.08094],[-55.28943,-30.10336],[-55.09628,-30.03262],[-55.0614,-30.14433],[-54.93182,-30.0628],[-54.81652,-30.10771],[-54.75223,-30.01741],[-54.66655,-30.03455],[-54.57422,-29.95825],[-54.50002,-29.9335],[-54.45208,-29.96027],[-54.28605,-29.93232],[-54.24784,-29.89357],[-54.18613,-29.92918],[-54.05175,-29.91213],[-54.00503,-29.98403],[-53.86971,-29.99415],[-53.95855,-30.12222],[-53.95927,-30.2165],[-54.01837,-30.26521],[-53.93922,-30.3942],[-53.97464,-30.44385],[-53.96072,-30.48203],[-53.88159,-30.51446],[-53.9866,-30.61626],[-54.01816,-30.69346],[-54.13247,-30.70762],[-54.15733,-30.77787],[-54.32202,-30.71874],[-54.3463,-30.73708],[-54.43902,-30.62285],[-54.67579,-30.60509],[-54.68968,-30.62865],[-54.71908,-30.59684],[-54.77926,-30.69643],[-54.84416,-30.73524],[-55.01134,-30.72424],[-55.04023,-30.79569],[-55.02853,-30.85533],[-55.14687,-30.97966],[-55.11505,-31.01234],[-55.06772,-31.15933],[-55.08005,-31.21055],[-55.0332,-31.28754],[-55.05736,-31.33175],[-55.24012,-31.26057],[-55.29093,-31.14226],[-55.3401,-31.13142],[-55.34945,-31.0392],[-55.42371,-31.01775],[-55.44129,-30.95973],[-55.48669,-30.94766],[-55.57861,-30.8329],[-55.65782,-30.86382],[-55.64212,-30.9116],[-55.66619,-30.95398],[-55.72391,-30.94275],[-55.72829,-30.97945],[-55.88245,-31.07727],[-56.01112,-31.08158],[-55.98964,-30.85899],[-56.01289,-30.80549],[-56.06785,-30.74756],[-56.12816,-30.73963],[-56.17094,-30.61452],[-56.21988,-30.60708],[-56.23312,-30.57485],[-56.26075,-30.58536],[-56.289,-30.53992]]]]}},{"type":"Feature","id":"43031","properties":{"code":"43031","name":"Campanha Meridional"},"geometry":{"type":"MultiPolygon","coordinates":[[[[-53.95458,-31.957],[-53.96326,-31.92196],[-54.03226,-31.89554],[-54.09014,-31.93491],[-54.45623,-31.6517],[-54.45239,-31.59934],[-54.58646,-31.45655],[-54.75202,-31.42446],[-54.83646,-31.44194],[-54.88598,-31.37728],[-54.94065,-31.38065],[-55.00241,-31.26922],[-55.03575,-31.2839],[-55.08005,-31.21055],[-55.06772,-31.15933],[-55.11505,-31.01234],[-55.14687,-30.97966],[-55.02853,-30.85533],[-55.04023,-30.79569],[-55.01134,-30.72424],[-54.84416,-30.73524],[-54.70117,-30.59653],[-54.68968,-30.62865],[-54.67579,-30.60509],[-54.43902,-30.62285],[-54.3463,-30.73708],[-54.32202,-30.71874],[-54.15733,-30.77787],[-54.13247,-30.70762],[-54.01816,-30.69346],[-53.87182,-30.48143],[-53.8189,-30.519],[-53.74519,-30.51371],[-53.73822,-30.56995],[-53.80373,-30.63297],[-53.80519,-30.78791],[-53.77235,-30.79969],[-53.74528,-30.77272],[-53.65227,-30.84055],[-53.6604,-30.87145],[-53.60061,-30.85769],[-53.60063,-30.92022],[-53.57384,-30.90802],[-53.54223,-30.95367],[-53.51863,-30.9342],[-53.47985,-30.96853],[-53.46352,-30.94449],[-53.42977,-30.96711],[-53.45873,-30.99437],[-53.44657,-31.01617],[-53.49085,-31.0375],[-53.47456,-31.08879],[-53.52933,-31.24833],[-53.55513,-31.23283],[-53.62523,-31.33348],[-53.76525,-31.31219],[-53.79628,-31.3527],[-53.78121,-31.43859],[-53.83263,-31.47023],[-53.84025,-31.60761],[-53.92554,-31.75975],[-53.90771,-31.83867],[-53.95458,-31.957]]]]}},{"type":"Feature","id":"43032","properties":{"code":"43032","name":"Serras De Sudeste"},"geometry":{"type":"MultiPolygon","coordinates":[[[[-53.71977,-32.10067],[-53.82759,-32.05941],[-53.84976,-32.00059],[-53.94751,-31.95463],[-53.90771,-31.83867],[-53.92554,-31.75975],[-53.84025,-31.60761],[-53.83263,-31.47023],[-53.78121,-31.43859],[-53.80093,-31.37394],[-53.77478,-31.31627],[-53.62523,-31.33348],[-53.55513,-31.23283],[-53.52933,-31.24833],[-53.47456,-31.08879],[-53.49085,-31.0375],[-53.44657,-31.01617],[-53.45873,-30.99437],[-53.42977,-30.96711],[-53.46352,-30.94449],[-53.47985,-30.96853],[-53.51863,-30.9342],[-53.54223,-30.95367],[-53.57384,-30.90802],[-53.60063,-30.92022],[-53.60061,-30.85769],[-53.6604,-30.87145],[-53.65227,-30.84055],[-53.74528,-30.77272],[-53.77235,-30.79969],[-53.80519,-30.78791],[-53.80373,-30.63297],[-53.73822,-30.56995],[-53.7159,-30.39687],[-53.65595,-30.43231],[-53.61404,-30.37781],[-53.5477,-30.36302],[-53.54674,-30.39282],[-53.51658,-30.39715],[-53.46068,-30.31894],[-53.48539,-30.29035],[-53.46651,-30.26228],[-53.30331,-30.1388],[-53.35185,-30.2485],[-53.33655,-30.31879],[-53.27091,-30.34548],[-53.21645,-30.29773],[-53.1805,-30.31285],[-53.17049,-30.37379],[-53.21659,-30.44713],[-53.18923,-30.53231],[-53.05227,-30.66306],[-52.98832,-30.67843],[-52.9746,-30.6041],[-52.93132,-30.60649],[-52.90593,-30.5742],[-52.87771,-30.34415],[-52.81101,-30.33523],[-52.79063,-30.30226],[-52.79105,-30.34133],[-52.71358,-30.36556],[-52.65737,-30.20937],[-52.58144,-30.37311],[-52.53597,-30.35526],[-52.55936,-30.28519],[-52.53128,-30.27239],[-52.5015,-30.36235],[-52.40221,-30.3808],[-52.34294,-30.35901],[-52.3495,-30.43453],[-52.45264,-30.5767],[-52.36229,-30.60558],[-52.34118,-30.71101],[-52.26618,-30.79948],[-52.24037,-30.75659],[-52.17768,-30.77384],[-52.17838,-30.83765],[-52.10203,-30.92441],[-52.24396,-30.88184],[-52.28871,-30.91089],[-52.31361,-30.88762],[-52.42429,-30.9217],[-52.43997,-30.89577],[-52.63611,-30.96461],[-52.65304,-30.92129],[-52.7134,-30.89709],[-52.86603,-30.92245],[-52.87488,-30.9881],[-52.91135,-31.00155],[-52.91548,-31.05825],[-52.94548,-31.0676],[-52.91023,-31.14529],[-52.90639,-31.31367],[-52.93473,-31.38476],[-52.91846,-31.40076],[-52.99294,-31.53522],[-52.92937,-31.6093],[-52.94017,-31.64452],[-52.88902,-31.67985],[-52.89889,-31.73186],[-52.8676,-31.77177],[-52.89304,-31.80348],[-52.82558,-31.85815],[-52.88429,-31.88974],[-52.93508,-31.86475],[-53.15912,-31.89124],[-53.45327,-31.83362],[-53.55775,-31.92402],[-53.59669,-31.90852],[-53.59271,-31.95195],[-53.63659,-31.98203],[-53.70133,-31.98396],[-53.71977,-32.10067]]]]}},{"type":"Feature","id":"43033","properties":{"code":"43033","name":"Pelotas"},"geometry":{"type":"MultiPolygon","coordinates":[[[[-53.12409,-32.00263],[-53.03978,-31.91332],[-52.82558,-31.85815],[-52.89304,-31.80348],[-52.8676,-31.77177],[-52.89889,-31.73186],[-52.88902,-31.67985],[-52.94017,-31.64452],[-52.92937,-31.6093],[-52.99294,-31.53522],[-52.91846,-31.40076],[-52.93473,-31.38476],[-52.90639,-31.31367],[-52.91023,-31.14529],[-52.94548,-31.0676],[-52.91548,-31.05825],[-52.91135,-31.00155],[-52.87488,-30.9881],[-52.86603,-30.92245],[-52.7134,-30.89709],[-52.65304,-30.92129],[-52.63611,-30.96461],[-52.43997,-30.89577],[-52.42429,-30.9217],[-52.31361,-30.88762],[-52.28871,-30.91089],[-52.26482,-30.88313],[-51.94153,-30.94374],[-51.8815,-30.91304],[-51.85488,-31.00409],[-51.81046,-31.02978],[-51.7886,-31.12216],[-51.82073,-31.16752],[-51.78977,-31.17639],[-51.78029,-31.23336],[-51.85525,-31.33636],[-51.8668,-31.29507],[-51.87883,-31.32445],[-51.91946,-31.31077],[-51.96013,-31.35278],[-51.94782,-31.37469],[-51.98246,-31.38606],[-52.03268,-31.69521],[-52.12743,-31.69014],[-52.22044,-31.74596],[-52.22319,-31.78905],[-52.30334,-31.77432],[-52.38312,-31.80608],[-52.40814,-31.86657],[-52.38083,-31.91393],[-52.41926,-32.01672],[-52.6511,-31.89966],[-52.79177,-32.10702],[-52.85981,-32.04369],[-53.12409,-32.00263]]]]}},{"type":"Feature","id":"43034","properties":{"code":"43034","name":"JaguarãO"},"geometry":{"type":"MultiPolygon","coordinates":[[[[-52.40806,-32.03644],[-52.44298,-32.06551],[-52.49296,-32.05664],[-52.62652,-32.14756],[-52.74086,-32.16673],[-52.7286,-32.19505],[-52.77627,-32.2127],[-52.7291,-32.21308],[-52.7745,-32.23237],[-52.82038,-32.33709],[-52.7875,-32.34527],[-52.78768,-32.37955],[-52.77054,-32.35239],[-52.72215,-32.38513],[-52.78959,-32.44433],[-52.95285,-32.48429],[-53.0008,-32.59787],[-53.07002,-32.62221],[-53.08464,-32.65824],[-53.12838,-32.63846],[-53.1776,-32.65749],[-53.24949,-32.60321],[-53.28881,-32.6211],[-53.3697,-32.56987],[-53.38999,-32.58651],[-53.43243,-32.56493],[-53.46435,-32.48473],[-53.52642,-32.48902],[-53.58404,-32.45131],[-53.64521,-32.38385],[-53.64286,-32.2963],[-53.74439,-32.11637],[-53.70721,-32.09245],[-53.70133,-31.98396],[-53.63659,-31.98203],[-53.59271,-31.95195],[-53.59669,-31.90852],[-53.55775,-31.92402],[-53.45327,-31.83362],[-53.19323,-31.88974],[-52.93508,-31.86475],[-52.91775,-31.88817],[-53.03978,-31.91332],[-53.12409,-32.00263],[-52.85981,-32.04369],[-52.79177,-32.10702],[-52.66172,-31.90114],[-52.51423,-31.95428],[-52.49836,-31.99409],[-52.40806,-32.03644]]]]}},{"type":"Feature","id":"43035","properties":{"code":"43035","name":"Litoral Lagunar"},"geometry":{"type":"MultiPolygon","coordinates":[[[[-53.53235,-33.6888],[-53.50902,-33.52806],[-53.45709,-33.57391],[-53.43465,-33.5004],[-53.47084,-33.26086],[-53.41113,-33.10837],[-53.41579,-33.16441],[-53.31977,-33.05484],[-53.31824,-33.09015],[-53.26176,-33.10955],[-53.15999,-32.96968],[-53.1421,-32.80624],[-53.07278,-32.83305],[-52.9885,-32.74381],[-53.00127,-32.79445],[-52.88347,-32.9007],[-52.82862,-32.91355],[-52.76174,-32.87697],[-52.61168,-32.62048],[-52.58641,-32.5307],[-52.69414,-32.32193],[-52.65661,-32.20592],[-52.61654,-32.12962],[-52.40955,-32.03995],[-52.41877,-31.97193],[-52.38018,-31.90877],[-52.40772,-31.86253],[-52.38312,-31.80608],[-52.30334,-31.77432],[-52.22319,-31.78905],[-52.24873,-31.87784],[-52.1112,-31.9507],[-52.15067,-31.92828],[-52.15218,-31.95162],[-52.21863,-31.96],[-52.24823,-32.05172],[-52.20387,-32.03839],[-52.18825,-31.98286],[-52.12295,-31.9807],[-52.14951,-31.95732],[-52.09521,-32.00537],[-52.19623,-32.0273],[-52.19368,-32.05893],[-52.24022,-32.07976],[-52.069,-32.03014],[-52.06591,-32.05043],[-52.07675,-32.03176],[-52.07265,-32.05163],[-52.13412,-32.05755],[-52.15404,-32.08613],[-52.1504,-32.11634],[-52.08554,-32.0611],[-52.09888,-32.16011],[-52.23187,-32.25707],[-52.32785,-32.399],[-52.49342,-32.86493],[-52.62923,-33.11618],[-52.7729,-33.28348],[-53.36991,-33.74384],[-53.43105,-33.73935],[-53.43952,-33.69346],[-53.53235,-33.6888]]],[[[-52.0933,-32.12884],[-52.04165,-32.04043],[-52.05309,-31.97871],[-52.01175,-31.9497],[-52.09215,-31.8614],[-52.10843,-31.79131],[-52.08071,-31.82618],[-52.02026,-31.81608],[-51.85227,-31.86755],[-51.78719,-31.80629],[-51.86534,-31.79939],[-51.66469,-31.77097],[-51.48049,-31.56195],[-51.43484,-31.62371],[-51.4651,-31.56463],[-51.44724,-31.52973],[-51.46656,-31.55469],[-51.42086,-31.47393],[-51.37087,-31.52964],[-51.23831,-31.45815],[-51.1918,-31.49606],[-51.43544,-31.70351],[-51.81778,-31.9109],[-52.0688,-32.13652],[-52.0933,-32.12884]]]]}},{"type":"Feature","id":"50001","properties":{"code":"50001","name":"Baixo Pantanal"},"geometry":{"type":"MultiPolygon","coordinates":[[[[-57.92972,-22.12027],[-57.942,-22.08292],[-57.99507,-22.08871],[-57.98431,-22.06369],[-58.00959,-22.04528],[-57.96474,-22.00109],[-57.94799,-21.90039],[-57.91413,-21.88509],[-57.97164,-21.84838],[-57.90849,-21.77397],[-57.94576,-21.74041],[-57.88323,-21.68907],[-57.93345,-21.65161],[-57.91403,-21.59048],[-57.9684,-21.52777],[-57.8537,-21.33211],[-57.92169,-21.28005],[-57.85302,-21.22713],[-57.8682,-21.04188],[-57.81877,-20.94526],[-57.8636,-20.94885],[-57.88653,-20.90865],[-57.92811,-20.90018],[-57.85473,-20.83574],[-57.89329,-20.79078],[-57.96177,-20.79262],[-57.93415,-20.74595],[-57.868,-20.74941],[-57.87017,-20.72547],[-57.92312,-20.66453],[-57.95825,-20.7049],[-57.98789,-20.69955],[-57.97039,-20.64419],[-58.01264,-20.61261],[-57.99718,-20.57237],[-58.02018,-20.50976],[-57.99814,-20.43697],[-58.08402,-20.37217],[-58.09665,-20.25392],[-58.1594,-20.26385],[-58.16357,-20.22733],[-58.12185,-20.19439],[-58.16851,-20.17224],[-57.95791,-20.02143],[-57.90235,-20.04211],[-57.85815,-19.97142],[-58.13182,-19.7585],[-57.78445,-19.0339],[-57.6932,-19.01075],[-57.71984,-18.89907],[-57.76668,-18.89929],[-57.55783,-18.24035],[-57.45392,-18.23119],[-57.57486,-18.13189],[-57.72067,-17.82786],[-57.68323,-17.808],[-57.78217,-17.6427],[-57.79503,-17.55801],[-57.71214,-17.54313],[-57.66884,-17.67191],[-57.68461,-17.71648],[-57.6403,-17.71736],[-57.60588,-17.80234],[-57.57633,-17.80053],[-57.51911,-17.86166],[-57.47759,-17.85905],[-57.45247,-17.90264],[-57.3765,-17.82576],[-57.23263,-17.81238],[-57.25202,-17.79346],[-57.14674,-17.76751],[-57.11561,-17.78109],[-57.04491,-17.73032],[-56.95911,-17.61284],[-56.98236,-17.58023],[-56.87597,-17.53297],[-56.82541,-17.45889],[-56.82974,-17.39133],[-56.78786,-17.38954],[-56.73385,-17.30986],[-56.64546,-17.33935],[-56.64744,-17.31699],[-56.52718,-17.32116],[-56.50177,-17.28633],[-56.44233,-17.33128],[-56.35668,-17.26705],[-56.33587,-17.28995],[-56.29785,-17.27659],[-56.25134,-17.21902],[-56.20877,-17.22727],[-56.18543,-17.18923],[-56.11234,-17.16635],[-56.04412,-17.1714],[-56.00551,-17.2042],[-56.01079,-17.23904],[-55.95192,-17.2502],[-55.94131,-17.27788],[-55.88654,-17.2639],[-55.88656,-17.28476],[-55.87481,-17.26863],[-55.70135,-17.35413],[-55.64003,-17.33972],[-55.58561,-17.37362],[-55.58706,-17.42171],[-55.52409,-17.48118],[-55.37711,-17.51504],[-55.35067,-17.54856],[-55.29442,-17.54173],[-55.2215,-17.6171],[-55.139,-17.64783],[-55.39853,-18.57995],[-55.52794,-18.94036],[-55.70037,-19.08647],[-55.82283,-19.28575],[-55.82566,-19.33829],[-55.95012,-19.46591],[-55.97154,-19.46522],[-55.97248,-19.27824],[-56.50545,-19.28066],[-56.50451,-19.50813],[-56.61552,-19.51125],[-56.8667,-19.6205],[-57.00013,-19.61719],[-57.06854,-20.01637],[-57.02957,-20.01485],[-57.00154,-20.0484],[-56.99513,-20.16705],[-56.92559,-20.30853],[-56.99136,-20.37052],[-56.9342,-20.42045],[-56.89659,-20.55452],[-56.8652,-20.57837],[-56.89089,-20.58842],[-56.86108,-20.6009],[-56.89184,-20.68936],[-56.87212,-20.76598],[-56.83197,-20.7833],[-56.87209,-20.85175],[-56.87367,-21.01664],[-56.839,-21.07279],[-56.86348,-21.11892],[-56.80465,-21.19297],[-56.66625,-21.18589],[-56.67454,-21.29133],[-56.62506,-21.42614],[-56.69893,-21.39783],[-56.72914,-21.44235],[-56.80315,-21.45323],[-56.81078,-21.48648],[-56.84987,-21.45961],[-56.92515,-21.53636],[-56.95885,-21.63582],[-57.01112,-21.62294],[-57.08867,-21.65987],[-57.16872,-21.76353],[-57.19138,-21.88569],[-57.25324,-21.94061],[-57.30274,-21.92976],[-57.37746,-21.96892],[-57.50777,-22.17567],[-57.58077,-22.17534],[-57.61259,-22.09456],[-57.70693,-22.09105],[-57.739,-22.13477],[-57.77927,-22.12517],[-57.80103,-22.15087],[-57.82903,-22.12019],[-57.92972,-22.12027]]]]}},{"type":"Feature","id":"50002","properties":{"code":"50002","name":"Aquidauana"},"geometry":{"type":"MultiPolygon","coordinates":[[[[-55.37954,-21.10556],[-55.44369,-21.092],[-55.51358,-20.99489],[-55.58422,-20.99632],[-55.68483,-20.91926],[-55.75486,-20.75362],[-55.84411,-20.74767],[-55.89127,-20.80712],[-55.96678,-20.81982],[-56.00778,-20.8018],[-56.00678,-20.7745],[-56.0905,-20.7648],[-56.13242,-20.7261],[-56.12922,-20.68249],[-56.16397,-20.66864],[-56.15264,-20.61505],[-56.1848,-20.6314],[-56.20878,-20.60318],[-56.21047,-20.64627],[-56.27443,-20.64343],[-56.29767,-20.57601],[-56.31814,-20.58707],[-56.39436,-20.47813],[-56.40857,-20.38399],[-56.3877,-20.33382],[-56.42086,-20.34831],[-56.45797,-20.31474],[-56.5703,-20.37427],[-56.67984,-20.3579],[-56.69464,-20.40183],[-56.78045,-20.41671],[-56.83391,-20.35676],[-56.82759,-20.26971],[-56.99279,-20.17143],[-57.00154,-20.0484],[-57.02957,-20.01485],[-57.06854,-20.01637],[-56.99929,-19.6152],[-56.8667,-19.6205],[-56.61552,-19.51125],[-56.50451,-19.50813],[-56.50545,-19.28066],[-55.97248,-19.27824],[-55.97154,-19.46522],[-55.94918,-19.46537],[-55.82566,-19.33829],[-55.82283,-19.28575],[-55.70037,-19.08647],[-55.52794,-18.94036],[-55.39862,-18.5802],[-55.46417,-19.21781],[-55.40005,-19.26503],[-55.3293,-19.2369],[-55.25262,-19.24996],[-55.17028,-19.33386],[-55.10187,-19.33264],[-55.11449,-19.37016],[-55.19871,-19.41574],[-55.39642,-19.81383],[-55.33605,-19.88364],[-55.31773,-19.98664],[-55.18031,-19.99327],[-55.15743,-19.95167],[-55.12848,-19.96245],[-55.06341,-20.10904],[-55.08243,-20.15368],[-55.13654,-20.144],[-55.21814,-20.18754],[-55.27294,-20.24504],[-55.24758,-20.32421],[-55.30799,-20.34132],[-55.34529,-20.31477],[-55.35107,-20.37678],[-55.38996,-20.41292],[-55.37907,-20.44784],[-55.30949,-20.41294],[-55.2547,-20.47969],[-55.20424,-20.57915],[-55.22179,-20.68992],[-55.15182,-20.80189],[-55.20215,-20.8951],[-55.18392,-20.99043],[-55.20884,-21.03332],[-55.27783,-21.0068],[-55.37954,-21.10556]]]]}},{"type":"Feature","id":"50003","properties":{"code":"50003","name":"Alto Taquari"},"geometry":{"type":"MultiPolygon","coordinates":[[[[-55.4217,-19.25687],[-55.46424,-19.21723],[-55.39862,-18.5802],[-55.139,-17.64783],[-54.99183,-17.6384],[-54.94342,-17.60903],[-54.86086,-17.62385],[-54.75878,-17.5657],[-54.74691,-17.51994],[-54.58166,-17.46801],[-54.48131,-17.48766],[-54.46691,-17.52907],[-54.38294,-17.57153],[-54.38669,-17.63536],[-54.33558,-17.66172],[-54.17883,-17.60285],[-54.08469,-17.61903],[-54.03764,-17.48645],[-53.95225,-17.45934],[-53.83327,-17.35711],[-53.82007,-17.29462],[-53.75908,-17.24314],[-53.6945,-17.23398],[-53.70461,-17.66351],[-53.85591,-17.70272],[-53.95444,-17.86862],[-53.94891,-17.92342],[-53.86006,-17.92116],[-53.77422,-18.00077],[-53.69219,-18.01368],[-53.66125,-17.97751],[-53.61613,-17.97619],[-53.58954,-18.01261],[-53.48607,-18.0404],[-53.43902,-17.98393],[-53.38077,-18.00876],[-53.24154,-18.00471],[-53.22579,-18.06767],[-53.22115,-18.12743],[-53.24749,-18.15908],[-53.31383,-18.20896],[-53.37944,-18.2033],[-53.33221,-18.23494],[-53.34763,-18.25722],[-53.40032,-18.24015],[-53.46171,-18.27895],[-53.43607,-18.38365],[-53.5809,-18.43744],[-53.49965,-18.52216],[-53.4693,-18.61854],[-53.37281,-18.68166],[-53.37995,-18.73411],[-53.34772,-18.77494],[-53.49005,-18.84969],[-53.38386,-18.94313],[-53.40269,-19.03107],[-53.32441,-19.02095],[-53.31439,-19.04622],[-53.39755,-19.08208],[-53.44469,-19.17885],[-53.6051,-19.18103],[-53.63821,-19.26601],[-53.49936,-19.54509],[-53.47453,-19.61489],[-53.49489,-19.67184],[-53.42652,-19.7872],[-53.59927,-19.77066],[-53.85736,-19.52963],[-53.90453,-19.70155],[-53.96655,-19.7219],[-53.98856,-19.72216],[-54.02142,-19.63278],[-54.12867,-19.66071],[-54.20567,-19.61252],[-54.39945,-19.59433],[-54.45635,-19.53983],[-54.48875,-19.56167],[-54.551,-19.5324],[-54.72067,-19.59677],[-54.74812,-19.5316],[-54.73203,-19.50804],[-54.79445,-19.45504],[-54.71773,-19.3054],[-54.82228,-19.19164],[-54.87321,-19.18736],[-54.91276,-19.23519],[-54.99378,-19.23697],[-55.05793,-19.35142],[-55.17028,-19.33386],[-55.26918,-19.24547],[-55.4217,-19.25687]]]]}},{"type":"Feature","id":"50004","properties":{"code":"50004","name":"Campo Grande"},"geometry":{"type":"MultiPolygon","coordinates":[[[[-53.62123,-21.57243],[-53.6752,-21.55246],[-53.73845,-21.58494],[-53.82195,-21.54505],[-53.87578,-21.56578],[-53.97686,-21.53464],[-54.19794,-21.33735],[-54.20172,-21.29939],[-54.23492,-21.2912],[-54.22386,-21.25981],[-54.27278,-21.2368],[-54.26747,-21.18362],[-54.30572,-21.16653],[-54.29231,-21.1414],[-54.37548,-21.1065],[-54.42797,-21.02395],[-54.5046,-20.9935],[-54.4814,-21.12292],[-54.56245,-21.14509],[-54.51552,-21.20956],[-54.67414,-21.30705],[-54.7012,-21.35569],[-54.76967,-21.37802],[-54.79156,-21.34107],[-54.89154,-21.33785],[-55.01331,-21.48413],[-55.02748,-21.58605],[-55.04376,-21.56634],[-55.05867,-21.58697],[-55.06462,-21.55763],[-55.09662,-21.57171],[-55.104,-21.54001],[-55.14032,-21.53357],[-55.12025,-21.52146],[-55.13957,-21.47786],[-55.17476,-21.47917],[-55.1692,-21.45818],[-55.27076,-21.40087],[-55.33073,-21.19314],[-55.32345,-21.11674],[-55.27242,-21.00679],[-55.20884,-21.03332],[-55.18476,-20.99257],[-55.20215,-20.8951],[-55.15199,-20.7999],[-55.22179,-20.68992],[-55.20424,-20.57915],[-55.27268,-20.45046],[-55.32507,-20.40563],[-55.35452,-20.44742],[-55.39219,-20.42424],[-55.35107,-20.37678],[-55.34529,-20.31477],[-55.30799,-20.34132],[-55.24758,-20.32421],[-55.27294,-20.24504],[-55.21814,-20.18754],[-55.13654,-20.144],[-55.08243,-20.15368],[-55.06341,-20.10904],[-55.12848,-19.96245],[-55.15743,-19.95167],[-55.18031,-19.99327],[-55.31773,-19.98664],[-55.33605,-19.88364],[-55.3964,-19.81256],[-55.19434,-19.40883],[-55.11449,-19.37016],[-55.09959,-19.3325],[-55.05678,-19.35079],[-54.99378,-19.23697],[-54.91276,-19.23519],[-54.86853,-19.18602],[-54.771,-19.22181],[-54.75226,-19.28668],[-54.71753,-19.30663],[-54.79445,-19.45504],[-54.73203,-19.50804],[-54.74812,-19.5316],[-54.72067,-19.59677],[-54.551,-19.5324],[-54.48875,-19.56167],[-54.45444,-19.54037],[-54.39945,-19.59433],[-54.33609,-19.61062],[-54.19858,-19.6143],[-54.11656,-19.66318],[-54.01737,-19.63757],[-53.97147,-19.83768],[-53.89595,-19.99299],[-53.94994,-19.99665],[-53.97592,-20.0476],[-54.0997,-20.11694],[-53.98553,-20.27605],[-53.98962,-20.30888],[-53.88847,-20.37285],[-54.18264,-20.46111],[-54.20536,-20.69076],[-54.15672,-20.77349],[-54.02325,-20.85506],[-53.97789,-20.94947],[-53.86735,-20.98089],[-53.84714,-21.04291],[-53.75841,-21.07972],[-53.68661,-21.17593],[-53.61658,-21.36439],[-53.63861,-21.46129],[-53.60022,-21.55197],[-53.62123,-21.57243]]]]}},{"type":"Feature","id":"50005","properties":{"code":"50005","name":"CassilãNdia"},"geometry":{"type":"MultiPolygon","coordinates":[[[[-51.5686,-19.28049],[-51.7602,-19.21775],[-51.80553,-19.23848],[-51.98167,-19.19121],[-52.07778,-19.25863],[-52.17223,-19.19874],[-52.22265,-19.23847],[-52.16582,-19.30617],[-52.08297,-19.31606],[-52.10217,-19.35203],[-52.18689,-19.33446],[-52.21628,-19.37592],[-52.44021,-19.33538],[-52.47334,-19.41859],[-52.45801,-19.45905],[-52.51118,-19.55136],[-52.57775,-19.40885],[-52.63806,-19.42728],[-52.70669,-19.55492],[-52.75715,-19.5211],[-52.86319,-19.53745],[-53.07,-19.41527],[-53.0956,-19.42233],[-53.09427,-19.45807],[-53.29664,-19.4919],[-53.34785,-19.45248],[-53.37823,-19.50751],[-53.48996,-19.58378],[-53.63821,-19.26601],[-53.6051,-19.18103],[-53.44469,-19.17885],[-53.39755,-19.08208],[-53.31439,-19.04622],[-53.32441,-19.02095],[-53.40269,-19.03107],[-53.38386,-18.94313],[-53.49005,-18.84969],[-53.34772,-18.77494],[-53.37995,-18.73411],[-53.37281,-18.68166],[-53.4693,-18.61854],[-53.49965,-18.52216],[-53.5809,-18.43744],[-53.43607,-18.38365],[-53.45536,-18.26963],[-53.40032,-18.24015],[-53.34763,-18.25722],[-53.33221,-18.23494],[-53.37944,-18.2033],[-53.31383,-18.20896],[-53.22257,-18.13123],[-53.23776,-18.00744],[-53.17679,-18.04158],[-53.07228,-18.03398],[-53.14324,-18.08184],[-53.09966,-18.31362],[-53.02785,-18.3516],[-52.93523,-18.29655],[-52.80529,-18.31345],[-52.75932,-18.34807],[-52.79851,-18.41486],[-52.87329,-18.42679],[-52.96235,-18.54082],[-52.91676,-18.64029],[-52.74748,-18.69203],[-52.59287,-18.68989],[-52.54675,-18.65665],[-52.4552,-18.68798],[-52.33118,-18.82972],[-52.18147,-18.84792],[-52.08136,-18.95091],[-52.0156,-18.98278],[-51.94009,-18.96766],[-51.85439,-19.05185],[-51.65795,-19.13792],[-51.55458,-19.13248],[-51.5686,-19.28049]]]]}},{"type":"Feature","id":"50006","properties":{"code":"50006","name":"ParanaãBa"},"geometry":{"type":"MultiPolygon","coordinates":[[[[-51.56763,-20.61832],[-51.71996,-20.46694],[-51.83112,-20.44364],[-51.93193,-20.52246],[-52.01159,-20.46061],[-52.00236,-20.42994],[-52.06556,-20.3622],[-52.09056,-20.27733],[-52.08904,-20.18124],[-52.20015,-20.03202],[-52.2119,-19.87089],[-52.33406,-19.72834],[-52.34927,-19.66176],[-52.43681,-19.63777],[-52.51156,-19.56688],[-52.45801,-19.45905],[-52.47334,-19.41859],[-52.44021,-19.33538],[-52.21628,-19.37592],[-52.18689,-19.33446],[-52.10217,-19.35203],[-52.08297,-19.31606],[-52.16582,-19.30617],[-52.22265,-19.23847],[-52.17025,-19.19845],[-52.07778,-19.25863],[-51.98167,-19.19121],[-51.80553,-19.23848],[-51.7602,-19.21775],[-51.57143,-19.28305],[-51.52744,-19.13961],[-51.42047,-19.16654],[-51.36644,-19.22236],[-51.30781,-19.21853],[-51.25222,-19.27408],[-51.20297,-19.26124],[-51.08796,-19.30833],[-51.018,-19.38388],[-51.03072,-19.40144],[-50.93783,-19.45747],[-50.96295,-19.50058],[-50.92439,-19.58088],[-50.98755,-19.58951],[-51.04594,-19.72905],[-50.99947,-19.90638],[-51.02115,-19.96403],[-51.00048,-20.08538],[-51.05893,-20.23516],[-51.13697,-20.29746],[-51.34271,-20.35466],[-51.50022,-20.56822],[-51.56763,-20.61832]]]]}},{"type":"Feature","id":"50007","properties":{"code":"50007","name":"TrãS Lagoas"},"geometry":{"type":"MultiPolygon","coordinates":[[[[-53.58716,-21.60697],[-53.62178,-21.5745],[-53.60022,-21.55197],[-53.63861,-21.46129],[-53.61658,-21.36439],[-53.68661,-21.17593],[-53.75841,-21.07972],[-53.84714,-21.04291],[-53.86735,-20.98089],[-53.97789,-20.94947],[-54.02325,-20.85506],[-54.15672,-20.77349],[-54.20536,-20.69076],[-54.18264,-20.46111],[-53.88847,-20.37285],[-53.98962,-20.30888],[-53.98553,-20.27605],[-54.0997,-20.11694],[-53.97592,-20.0476],[-53.94994,-19.99665],[-53.89595,-19.99299],[-53.99395,-19.72557],[-53.90453,-19.70155],[-53.85736,-19.52963],[-53.60086,-19.76966],[-53.45355,-19.79798],[-53.42508,-19.78449],[-53.49489,-19.67184],[-53.48996,-19.58378],[-53.37823,-19.50751],[-53.34785,-19.45248],[-53.29664,-19.4919],[-53.09427,-19.45807],[-53.0956,-19.42233],[-53.07,-19.41527],[-52.86319,-19.53745],[-52.75715,-19.5211],[-52.70669,-19.55492],[-52.63806,-19.42728],[-52.57775,-19.40885],[-52.48195,-19.60717],[-52.34927,-19.66176],[-52.33406,-19.72834],[-52.2119,-19.87089],[-52.20015,-20.03202],[-52.08904,-20.18124],[-52.09056,-20.27733],[-52.06556,-20.3622],[-52.00236,-20.42994],[-52.01159,-20.46061],[-51.93193,-20.52246],[-51.83112,-20.44364],[-51.71996,-20.46694],[-51.57264,-20.61006],[-51.634,-20.74748],[-51.62093,-20.93937],[-51.72223,-20.97677],[-51.78967,-21.10212],[-51.87586,-21.13615],[-51.84851,-21.26664],[-51.86196,-21.34162],[-51.9679,-21.50176],[-52.07779,-21.51522],[-52.1034,-21.56456],[-52.05071,-21.66577],[-52.10287,-21.74529],[-52.16126,-21.77077],[-52.19693,-21.66852],[-52.30526,-21.63212],[-52.5056,-21.70663],[-52.62736,-21.70764],[-52.6917,-21.73951],[-52.8176,-21.66783],[-52.93515,-21.66639],[-53.13851,-21.57496],[-53.32311,-21.59791],[-53.42805,-21.55261],[-53.4921,-21.59959],[-53.58716,-21.60697]]]]}},{"type":"Feature","id":"50008","properties":{"code":"50008","name":"Nova Andradina"},"geometry":{"type":"MultiPolygon","coordinates":[[[[-53.63571,-23.00333],[-53.64979,-22.91425],[-53.48731,-22.76051],[-53.54059,-22.74334],[-53.56167,-22.67812],[-53.49772,-22.58669],[-53.56366,-22.56185],[-53.52066,-22.53573],[-53.48305,-22.45526],[-53.55372,-22.36281],[-53.53213,-22.33555],[-53.58941,-22.2096],[-53.5862,-22.15325],[-53.66312,-22.11053],[-53.68764,-22.03745],[-53.74697,-22.00952],[-53.73747,-21.98782],[-53.76502,-21.99494],[-53.76074,-21.96216],[-53.79111,-21.94262],[-53.78695,-21.87878],[-53.7277,-21.80574],[-53.73358,-21.6215],[-53.59419,-21.58855],[-53.57685,-21.60941],[-53.4921,-21.59959],[-53.42805,-21.55261],[-53.32311,-21.59791],[-53.14002,-21.57476],[-52.93515,-21.66639],[-52.8176,-21.66783],[-52.6917,-21.73951],[-52.62736,-21.70764],[-52.5056,-21.70663],[-52.30776,-21.6321],[-52.19693,-21.66852],[-52.16126,-21.77077],[-52.18935,-21.84432],[-52.30148,-21.94217],[-52.35513,-22.07723],[-52.48771,-22.21721],[-52.74584,-22.34331],[-52.85784,-22.44148],[-52.99858,-22.49318],[-53.08602,-22.56232],[-53.18889,-22.72195],[-53.35204,-22.77568],[-53.54188,-22.88619],[-53.63571,-23.00333]]]]}},{"type":"Feature","id":"50009","properties":{"code":"50009","name":"Bodoquena"},"geometry":{"type":"MultiPolygon","coordinates":[[[[-56.02426,-22.13114],[-56.07979,-22.08909],[-56.11297,-22.1275],[-56.20208,-22.10622],[-56.2036,-22.17277],[-56.28769,-22.16136],[-56.31569,-22.18975],[-56.36475,-22.16959],[-56.39324,-22.07465],[-56.47089,-22.07985],[-56.63684,-22.26345],[-56.70328,-22.21705],[-56.72039,-22.26489],[-56.74688,-22.23567],[-56.77666,-22.26049],[-56.79364,-22.24256],[-56.80269,-22.2835],[-56.84239,-22.30159],[-56.88348,-22.24742],[-56.90554,-22.26663],[-56.99671,-22.22252],[-57.08281,-22.25119],[-57.10988,-22.22561],[-57.18392,-22.23637],[-57.20143,-22.21086],[-57.23776,-22.25128],[-57.29255,-22.21874],[-57.32016,-22.2456],[-57.51683,-22.17363],[-57.46571,-22.13088],[-57.45874,-22.08026],[-57.37746,-21.96892],[-57.30274,-21.92976],[-57.25324,-21.94061],[-57.19138,-21.88569],[-57.14054,-21.70906],[-57.01112,-21.62294],[-56.95885,-21.63582],[-56.92515,-21.53636],[-56.85178,-21.46075],[-56.81078,-21.48648],[-56.80315,-21.45323],[-56.72914,-21.44235],[-56.69893,-21.39783],[-56.62506,-21.42614],[-56.67454,-21.29133],[-56.66625,-21.18589],[-56.80465,-21.19297],[-56.86348,-21.11892],[-56.839,-21.07279],[-56.87367,-21.01664],[-56.87209,-20.85175],[-56.83215,-20.78058],[-56.87212,-20.76598],[-56.89184,-20.68936],[-56.86108,-20.6009],[-56.89089,-20.58842],[-56.8652,-20.57837],[-56.89659,-20.55452],[-56.9342,-20.42045],[-56.99136,-20.37052],[-56.92559,-20.30853],[-56.95778,-20.2836],[-56.94123,-20.25693],[-56.98127,-20.18016],[-56.82759,-20.26971],[-56.83391,-20.35676],[-56.78045,-20.41671],[-56.69464,-20.40183],[-56.67984,-20.3579],[-56.5703,-20.37427],[-56.45797,-20.31474],[-56.42086,-20.34831],[-56.3877,-20.33382],[-56.40857,-20.38399],[-56.39436,-20.47813],[-56.31814,-20.58707],[-56.29767,-20.57601],[-56.27443,-20.64343],[-56.21047,-20.64627],[-56.20878,-20.60318],[-56.1848,-20.6314],[-56.15264,-20.61505],[-56.16397,-20.66864],[-56.12922,-20.68249],[-56.13242,-20.7261],[-56.0905,-20.7648],[-56.00678,-20.7745],[-56.00778,-20.8018],[-55.96678,-20.81982],[-55.89127,-20.80712],[-55.84411,-20.74767],[-55.75486,-20.75362],[-55.68483,-20.91926],[-55.58422,-20.99632],[-55.51358,-20.99489],[-55.42351,-21.1009],[-55.46227,-21.06651],[-55.47977,-21.08301],[-55.46624,-21.06204],[-55.49616,-21.03337],[-55.49671,-21.07638],[-55.53188,-21.09662],[-55.53393,-21.07512],[-55.56646,-21.09471],[-55.54396,-21.05868],[-55.51921,-21.07011],[-55.55087,-21.04572],[-55.57807,-21.08379],[-55.58339,-21.04374],[-55.63077,-21.06534],[-55.6046,-21.0918],[-55.67344,-21.08047],[-55.59722,-21.1706],[-55.65494,-21.18257],[-55.61861,-21.21298],[-55.6292,-21.24316],[-55.68658,-21.19742],[-55.66374,-21.21272],[-55.6929,-21.22705],[-55.66652,-21.23815],[-55.71197,-21.25775],[-55.66019,-21.26877],[-55.68282,-21.28179],[-55.66841,-21.30008],[-55.71017,-21.30182],[-55.66775,-21.31538],[-55.70033,-21.31614],[-55.67622,-21.32949],[-55.70085,-21.34863],[-55.6913,-21.36829],[-55.6485,-21.34056],[-55.67177,-21.37959],[-55.70452,-21.37995],[-55.63283,-21.37384],[-55.66397,-21.40138],[-55.62677,-21.42344],[-55.69177,-21.39747],[-55.65194,-21.45979],[-55.6635,-21.49234],[-55.69147,-21.44684],[-55.70419,-21.46613],[-55.70024,-21.42347],[-55.71864,-21.44251],[-55.73858,-21.38533],[-55.72678,-21.46081],[-55.74692,-21.444],[-55.75638,-21.46359],[-55.78536,-21.41069],[-55.81067,-21.42544],[-55.77161,-21.44918],[-55.78711,-21.46678],[-55.82878,-21.44664],[-55.83803,-21.48732],[-55.78043,-21.52269],[-55.82168,-21.53087],[-55.80398,-21.5625],[-55.77424,-21.55709],[-55.80101,-21.56893],[-55.79018,-21.59706],[-55.75029,-21.5856],[-55.74088,-21.62162],[-55.77057,-21.61348],[-55.74471,-21.64526],[-55.81504,-21.59466],[-55.82899,-21.60851],[-55.79813,-21.63381],[-55.83893,-21.62774],[-55.82901,-21.66405],[-55.8571,-21.64346],[-55.84582,-21.68172],[-55.86013,-21.66441],[-55.87055,-21.6922],[-55.86863,-21.65511],[-55.88607,-21.68355],[-55.90233,-21.65262],[-55.91582,-21.68823],[-55.9156,-21.64232],[-55.93149,-21.67764],[-55.9711,-21.63848],[-55.93491,-21.68495],[-55.95793,-21.68815],[-55.95154,-21.71657],[-55.92882,-21.69588],[-55.90034,-21.71297],[-55.94435,-21.74139],[-55.88232,-21.73341],[-55.89372,-21.76395],[-55.85691,-21.77694],[-55.87446,-21.79356],[-55.92857,-21.77056],[-55.92449,-21.79518],[-55.9696,-21.80103],[-55.89455,-21.81203],[-55.93396,-21.8227],[-55.92435,-21.86335],[-55.96407,-21.8191],[-55.96441,-21.85766],[-55.98291,-21.84545],[-56.02179,-21.78442],[-56.00755,-21.83282],[-56.03235,-21.84162],[-55.97949,-21.86235],[-56.01158,-21.8774],[-55.97643,-21.92661],[-56.00963,-21.90205],[-56.02185,-21.92131],[-56.01394,-21.89466],[-56.04274,-21.88113],[-56.04058,-21.91669],[-56.06493,-21.88474],[-56.11129,-21.92595],[-56.07237,-21.90832],[-56.0588,-21.95465],[-56.08074,-21.97121],[-56.02032,-21.97854],[-56.05713,-22.02384],[-55.98733,-22.00258],[-55.98992,-22.03237],[-56.02427,-22.03534],[-55.97302,-22.08172],[-56.01795,-22.06217],[-56.01731,-22.09358],[-56.04755,-22.09329],[-56.02426,-22.13114]]]]}},{"type":"Feature","id":"50010","properties":{"code":"50010","name":"Dourados"},"geometry":{"type":"MultiPolygon","coordinates":[[[[-54.92139,-23.56566],[-55.08917,-23.46898],[-55.16498,-23.35677],[-55.33916,-23.26296],[-55.43394,-23.09102],[-55.53728,-23.25126],[-55.52328,-23.19779],[-55.54189,-23.15613],[-55.59678,-23.1526],[-55.66585,-22.85246],[-55.61803,-22.76753],[-55.61442,-22.6551],[-55.72365,-22.55178],[-55.75284,-22.47475],[-55.74672,-22.38406],[-55.79109,-22.38842],[-55.84313,-22.28711],[-56.16573,-22.28831],[-56.34625,-22.18796],[-56.28769,-22.16136],[-56.2036,-22.17277],[-56.20208,-22.10622],[-56.11297,-22.1275],[-56.07979,-22.08909],[-56.02992,-22.13161],[-56.04755,-22.09329],[-56.01731,-22.09358],[-56.01795,-22.06217],[-55.97812,-22.09099],[-55.98649,-22.04598],[-56.02427,-22.03534],[-55.98992,-22.03237],[-55.98941,-21.9993],[-56.05713,-22.02384],[-56.02032,-21.97854],[-56.08074,-21.97121],[-56.0588,-21.95465],[-56.07237,-21.90832],[-56.11129,-21.92595],[-56.06493,-21.88474],[-56.04058,-21.91669],[-56.04274,-21.88113],[-56.01394,-21.89466],[-56.02185,-21.92131],[-56.00963,-21.90205],[-55.97643,-21.92661],[-56.01158,-21.8774],[-55.97949,-21.86235],[-56.03235,-21.84162],[-56.00755,-21.83282],[-56.02179,-21.78442],[-55.98291,-21.84545],[-55.96441,-21.85766],[-55.96407,-21.8191],[-55.92435,-21.86335],[-55.93396,-21.8227],[-55.89455,-21.81203],[-55.9696,-21.80103],[-55.92449,-21.79518],[-55.92857,-21.77056],[-55.87446,-21.79356],[-55.85691,-21.77694],[-55.89372,-21.76395],[-55.88232,-21.73341],[-55.94435,-21.74139],[-55.90034,-21.71297],[-55.92882,-21.69588],[-55.95154,-21.71657],[-55.95793,-21.68815],[-55.93491,-21.68495],[-55.9711,-21.63848],[-55.93149,-21.67764],[-55.9156,-21.64232],[-55.91582,-21.68823],[-55.90233,-21.65262],[-55.88607,-21.68355],[-55.86863,-21.65511],[-55.87055,-21.6922],[-55.86013,-21.66441],[-55.84582,-21.68172],[-55.8571,-21.64346],[-55.82901,-21.66405],[-55.83893,-21.62774],[-55.79813,-21.63381],[-55.82899,-21.60851],[-55.81504,-21.59466],[-55.74321,-21.64385],[-55.77057,-21.61348],[-55.74088,-21.62162],[-55.75029,-21.5856],[-55.79018,-21.59706],[-55.80101,-21.56893],[-55.77424,-21.55709],[-55.80398,-21.5625],[-55.82168,-21.53087],[-55.78043,-21.52269],[-55.83845,-21.47668],[-55.82878,-21.44664],[-55.78839,-21.46775],[-55.77161,-21.44918],[-55.81067,-21.42544],[-55.78769,-21.41045],[-55.77852,-21.43849],[-55.75506,-21.42862],[-55.75638,-21.46359],[-55.74692,-21.444],[-55.72678,-21.46081],[-55.73858,-21.38533],[-55.71864,-21.44251],[-55.70024,-21.42347],[-55.69728,-21.47473],[-55.69322,-21.44585],[-55.67771,-21.48887],[-55.6548,-21.48352],[-55.69219,-21.39941],[-55.62786,-21.42498],[-55.66397,-21.40138],[-55.63283,-21.37384],[-55.70286,-21.39027],[-55.6485,-21.34056],[-55.69483,-21.36746],[-55.67638,-21.32798],[-55.70033,-21.31614],[-55.66775,-21.31538],[-55.71017,-21.30182],[-55.66841,-21.30008],[-55.68282,-21.28179],[-55.66019,-21.26877],[-55.71197,-21.25775],[-55.66838,-21.2425],[-55.69337,-21.2258],[-55.66374,-21.21272],[-55.6748,-21.19191],[-55.61927,-21.23678],[-55.65494,-21.18257],[-55.59708,-21.16902],[-55.67344,-21.08047],[-55.6046,-21.0918],[-55.63077,-21.06534],[-55.58339,-21.04374],[-55.58671,-21.08131],[-55.55087,-21.04572],[-55.51932,-21.06853],[-55.54396,-21.05868],[-55.56321,-21.09791],[-55.50336,-21.08727],[-55.49616,-21.03337],[-55.46624,-21.06204],[-55.47977,-21.08301],[-55.46227,-21.06651],[-55.44155,-21.10054],[-55.37954,-21.10556],[-55.27242,-21.00679],[-55.33084,-21.17367],[-55.28212,-21.31787],[-55.29923,-21.34462],[-55.27076,-21.40087],[-55.1692,-21.45818],[-55.17476,-21.47917],[-55.13957,-21.47786],[-55.12025,-21.52146],[-55.13951,-21.53452],[-55.104,-21.54001],[-55.09662,-21.57171],[-55.06462,-21.55763],[-55.05867,-21.58697],[-55.04376,-21.56634],[-55.02748,-21.58605],[-55.01331,-21.48413],[-54.89154,-21.33785],[-54.79156,-21.34107],[-54.76967,-21.37802],[-54.7012,-21.35569],[-54.67414,-21.30705],[-54.51552,-21.20956],[-54.56245,-21.14509],[-54.4814,-21.12292],[-54.5046,-20.9935],[-54.42797,-21.02395],[-54.37548,-21.1065],[-54.29231,-21.1414],[-54.30572,-21.16653],[-54.26747,-21.18362],[-54.27278,-21.2368],[-54.22386,-21.25981],[-54.23492,-21.2912],[-54.20172,-21.29939],[-54.19794,-21.33735],[-53.97686,-21.53464],[-53.87578,-21.56578],[-53.82195,-21.54505],[-53.73845,-21.58494],[-53.66943,-21.55224],[-53.60835,-21.59024],[-53.73358,-21.6215],[-53.7277,-21.80574],[-53.79009,-21.92122],[-53.89509,-21.88008],[-53.88982,-21.9057],[-53.94187,-21.89806],[-53.95462,-21.92448],[-53.96375,-21.89639],[-54.03431,-21.89784],[-54.07731,-21.90574],[-54.07626,-21.92923],[-54.10856,-21.91507],[-54.12737,-21.94748],[-54.1891,-21.923],[-54.23175,-21.95376],[-54.20092,-22.01842],[-54.24547,-22.09176],[-54.22335,-22.13559],[-54.30754,-22.23068],[-54.26151,-22.25185],[-54.43024,-22.62518],[-54.38684,-22.6309],[-54.32662,-22.58621],[-54.22771,-22.71036],[-54.14751,-22.71069],[-54.09089,-22.75693],[-54.42528,-22.82073],[-54.46685,-23.04925],[-54.5213,-23.11245],[-54.65165,-23.18221],[-54.66175,-23.21654],[-54.62924,-23.26455],[-54.67163,-23.31034],[-54.70676,-23.28745],[-54.81454,-23.30657],[-54.88176,-23.43884],[-54.81248,-23.54633],[-54.92139,-23.56566]]]]}},{"type":"Feature","id":"50011","properties":{"code":"50011","name":"Iguatemi"},"geometry":{"type":"MultiPolygon","coordinates":[[[[-55.40286,-23.97416],[-55.44634,-23.91693],[-55.43626,-23.71676],[-55.46347,-23.71197],[-55.48401,-23.64027],[-55.53987,-23.62519],[-55.52653,-23.56735],[-55.56212,-23.47621],[-55.50448,-23.37847],[-55.55486,-23.28296],[-55.52266,-23.25971],[-55.47708,-23.12807],[-55.43394,-23.09102],[-55.33916,-23.26296],[-55.16498,-23.35677],[-55.08917,-23.46898],[-54.92139,-23.56566],[-54.81382,-23.54739],[-54.88176,-23.43884],[-54.81568,-23.30815],[-54.70676,-23.28745],[-54.67163,-23.31034],[-54.62924,-23.26455],[-54.66175,-23.21654],[-54.65165,-23.18221],[-54.5213,-23.11245],[-54.46685,-23.04925],[-54.42528,-22.82073],[-54.09089,-22.75693],[-54.14751,-22.71069],[-54.22771,-22.71036],[-54.32662,-22.58621],[-54.38684,-22.6309],[-54.43024,-22.62518],[-54.26151,-22.25185],[-54.30754,-22.23068],[-54.22335,-22.13559],[-54.24547,-22.09176],[-54.20092,-22.01842],[-54.23175,-21.95376],[-54.1891,-21.923],[-54.12737,-21.94748],[-54.10856,-21.91507],[-54.07626,-21.92923],[-54.07731,-21.90574],[-54.03431,-21.89784],[-53.96375,-21.89639],[-53.95462,-21.92448],[-53.94187,-21.89806],[-53.88982,-21.9057],[-53.89509,-21.88008],[-53.79525,-21.91504],[-53.76502,-21.99494],[-53.73397,-21.98994],[-53.74903,-22.00653],[-53.68764,-22.03745],[-53.66312,-22.11053],[-53.5862,-22.15325],[-53.58941,-22.2096],[-53.53213,-22.33555],[-53.55372,-22.36281],[-53.48305,-22.45526],[-53.52066,-22.53573],[-53.5633,-22.55851],[-53.49772,-22.58669],[-53.56128,-22.68138],[-53.54059,-22.74334],[-53.48689,-22.75877],[-53.65187,-22.91862],[-53.63659,-23.12503],[-53.74132,-23.33564],[-53.77549,-23.37513],[-53.9866,-23.46479],[-54.08046,-23.7809],[-54.10176,-23.95196],[-54.28933,-24.06837],[-54.32419,-24.00382],[-54.38379,-23.98679],[-54.44014,-23.90428],[-54.56858,-23.87447],[-54.58417,-23.83703],[-54.60974,-23.85138],[-54.66947,-23.8125],[-54.70518,-23.86461],[-54.89089,-23.90022],[-54.94114,-23.96851],[-54.99859,-23.95759],[-55.06233,-23.99329],[-55.10717,-23.96195],[-55.22904,-24.01397],[-55.30418,-23.96503],[-55.34122,-23.99457],[-55.40286,-23.97416]]]]}},{"type":"Feature","id":"51001","properties":{"code":"51001","name":"Aripuanã"},"geometry":{"type":"MultiPolygon","coordinates":[[[[-57.41242,-13.11753],[-57.48795,-13.15436],[-57.66961,-13.16335],[-57.74126,-13.25431],[-57.92141,-13.20761],[-58.0591,-13.24441],[-58.14937,-13.22518],[-58.1812,-13.18362],[-58.17294,-13.04901],[-58.20325,-12.98024],[-58.29716,-12.92735],[-58.39867,-12.79644],[-58.39881,-12.67344],[-58.44696,-12.54836],[-58.42195,-12.50614],[-58.4554,-12.46653],[-58.44236,-12.42949],[-58.48953,-12.3521],[-58.48511,-12.29977],[-58.52888,-12.27323],[-58.47547,-12.16857],[-58.48693,-12.03059],[-58.45506,-11.91765],[-58.58936,-12.0384],[-58.66263,-12.05424],[-58.73651,-12.13786],[-58.84222,-12.20302],[-59.04798,-12.25312],[-59.16343,-12.36626],[-59.22932,-12.30417],[-59.33227,-12.2797],[-59.7025,-12.30927],[-59.77624,-12.3411],[-59.89233,-12.24545],[-59.8998,-12.11722],[-59.97936,-12.02955],[-59.9858,-11.91208],[-60.06052,-11.895],[-60.10877,-11.83958],[-60.11414,-11.58749],[-59.92063,-11.39801],[-59.92041,-11.32691],[-59.98203,-11.2335],[-59.96402,-11.18912],[-59.99777,-11.15136],[-59.98685,-11.11452],[-60.02625,-11.13073],[-60.15927,-11.09565],[-60.20336,-11.11346],[-60.271,-11.09869],[-60.30125,-11.05715],[-60.34844,-11.07404],[-60.34797,-11.10904],[-60.4466,-11.04215],[-60.45852,-10.98931],[-61.55026,-10.98609],[-61.51952,-10.9497],[-61.5109,-10.79368],[-61.47383,-10.79751],[-61.47239,-10.71497],[-61.49939,-10.69862],[-61.46179,-10.4199],[-61.5528,-10.30823],[-61.57793,-10.23531],[-61.55172,-10.19778],[-61.60187,-10.15438],[-61.50842,-9.8888],[-61.52491,-9.79573],[-61.54736,-9.78754],[-61.5315,-9.73991],[-61.57464,-9.71779],[-61.50527,-9.69138],[-61.47681,-9.62872],[-61.50303,-9.61535],[-61.51344,-9.52853],[-61.54957,-9.51522],[-61.52581,-9.5018],[-61.57864,-9.47161],[-61.5527,-9.38742],[-61.62593,-9.36301],[-61.61199,-9.2807],[-61.63335,-9.27058],[-61.57698,-9.23753],[-61.52621,-9.24585],[-61.55575,-9.0924],[-61.4685,-8.91737],[-61.52359,-8.8186],[-61.58313,-8.79869],[-58.44287,-8.7994],[-58.5053,-8.89468],[-58.56378,-8.8912],[-58.55339,-8.94098],[-58.60257,-9.00637],[-58.66065,-9.19181],[-58.5864,-9.35454],[-58.42404,-9.45666],[-58.28067,-9.46368],[-58.24723,-9.52672],[-58.2624,-9.63619],[-58.20476,-9.84531],[-58.23637,-9.9939],[-58.34861,-10.2383],[-58.33299,-10.42257],[-58.41895,-10.57095],[-58.33185,-10.7919],[-58.34912,-10.93968],[-58.25177,-11.04945],[-58.27694,-11.18572],[-58.19193,-11.28791],[-58.12716,-11.28248],[-58.15596,-11.41639],[-58.13995,-11.4552],[-58.1803,-11.49682],[-58.07648,-11.59879],[-58.05034,-11.7407],[-57.97307,-11.81064],[-57.92262,-11.92572],[-57.88865,-11.93716],[-57.89126,-11.98173],[-57.86408,-11.98424],[-57.87091,-12.11309],[-57.64344,-12.25562],[-57.62557,-12.33987],[-57.44061,-12.468],[-57.44169,-12.5775],[-57.39551,-12.71195],[-57.41033,-12.76305],[-57.36983,-12.85019],[-57.29249,-12.92656],[-57.32803,-13.04146],[-57.41242,-13.11753]]]]}},{"type":"Feature","id":"51002","properties":{"code":"51002","name":"Alta Floresta"},"geometry":{"type":"MultiPolygon","coordinates":[[[[-55.59371,-10.22311],[-55.66888,-10.25617],[-55.81417,-10.23994],[-55.92802,-10.39031],[-56.01648,-10.39472],[-56.06759,-10.33795],[-56.28122,-10.40425],[-56.28429,-10.44779],[-56.23292,-10.53194],[-56.27389,-10.58185],[-56.40959,-10.57878],[-56.39263,-10.63704],[-56.4298,-10.68331],[-56.65073,-10.58382],[-56.80793,-10.38605],[-56.9775,-10.36023],[-56.96344,-10.2836],[-57.1623,-10.32538],[-57.27834,-10.27085],[-57.36952,-10.28119],[-57.39158,-10.30982],[-57.38456,-10.27828],[-57.45298,-10.25384],[-57.54251,-10.27706],[-57.60038,-10.24905],[-57.60326,-10.29862],[-57.65846,-10.30218],[-57.68438,-10.34595],[-57.93995,-10.42156],[-58.00534,-10.43278],[-58.00845,-10.39578],[-58.06763,-10.38307],[-58.16387,-10.41971],[-58.20717,-10.40772],[-58.28751,-10.45164],[-58.33299,-10.42257],[-58.34861,-10.2383],[-58.23637,-9.9939],[-58.20476,-9.84531],[-58.2624,-9.63619],[-58.25161,-9.50731],[-58.28832,-9.46016],[-58.42404,-9.45666],[-58.5864,-9.35454],[-58.65971,-9.14662],[-58.61378,-9.099],[-58.60257,-9.00637],[-58.55339,-8.94098],[-58.56172,-8.88827],[-58.5053,-8.89468],[-58.44287,-8.7994],[-58.32622,-8.72003],[-58.4373,-8.70335],[-58.38952,-8.59479],[-58.41705,-8.49196],[-58.31489,-8.32306],[-58.32246,-8.17004],[-58.28717,-8.12854],[-58.38474,-7.84399],[-58.29406,-7.77154],[-58.28055,-7.70646],[-58.20217,-7.62085],[-58.21306,-7.45853],[-58.13844,-7.34903],[-58.06136,-7.39519],[-57.97258,-7.53459],[-57.93956,-7.65313],[-57.89675,-7.67788],[-57.82883,-7.9729],[-57.72844,-8.09422],[-57.71514,-8.15795],[-57.64321,-8.21218],[-57.68694,-8.41625],[-57.63413,-8.51891],[-57.64864,-8.57637],[-57.62225,-8.59119],[-57.59294,-8.75648],[-57.53039,-8.74817],[-57.42758,-8.78324],[-57.41991,-8.85304],[-57.38438,-8.87956],[-57.195,-8.92751],[-57.03924,-9.09829],[-57.05717,-9.18593],[-56.99555,-9.23384],[-56.82011,-9.24634],[-56.76111,-9.405],[-56.67188,-9.3674],[-55.86537,-9.43443],[-55.90184,-9.4573],[-55.92729,-9.63657],[-55.8634,-9.72148],[-55.72872,-9.79402],[-55.67731,-9.89586],[-55.62999,-9.88133],[-55.57654,-9.94664],[-55.55406,-10.0258],[-55.59371,-10.22311]]]]}},{"type":"Feature","id":"51003","properties":{"code":"51003","name":"ColãDer"},"geometry":{"type":"MultiPolygon","coordinates":[[[[-52.61926,-9.68225],[-52.65735,-9.78133],[-52.78329,-9.83434],[-52.89826,-9.99419],[-52.99212,-10.07414],[-53.00015,-10.21919],[-52.95882,-10.28229],[-53.04802,-10.3705],[-53.08286,-10.50646],[-53.0689,-10.58414],[-53.09709,-10.7771],[-53.3185,-10.64306],[-53.66231,-10.51494],[-53.91983,-10.56692],[-54.07737,-10.44329],[-54.24284,-10.42967],[-54.35198,-10.45419],[-54.42324,-10.54666],[-54.52625,-10.57575],[-54.5543,-10.60925],[-54.6038,-10.61282],[-54.61447,-10.54612],[-54.6423,-10.54162],[-54.70728,-10.61421],[-54.7995,-10.61934],[-54.87592,-10.72835],[-55.07969,-10.72269],[-55.1059,-10.75425],[-55.16542,-10.72385],[-55.1755,-10.78637],[-55.29622,-10.90376],[-55.39079,-10.91249],[-55.44543,-11.01097],[-55.52344,-11.01496],[-55.55449,-10.95582],[-55.8475,-10.98433],[-55.84069,-10.89559],[-55.90768,-10.84742],[-55.93813,-10.90201],[-56.32301,-11.09213],[-56.49766,-11.10177],[-56.59532,-11.01681],[-56.56684,-10.94351],[-56.40315,-10.79941],[-56.43215,-10.68342],[-56.39263,-10.63704],[-56.40959,-10.57878],[-56.27389,-10.58185],[-56.23292,-10.53194],[-56.28429,-10.44779],[-56.28122,-10.40425],[-56.06759,-10.33795],[-56.01648,-10.39472],[-55.92802,-10.39031],[-55.81781,-10.2419],[-55.66888,-10.25617],[-55.57525,-10.19301],[-55.55406,-10.0258],[-55.57654,-9.94664],[-55.62999,-9.88133],[-55.67731,-9.89586],[-55.72872,-9.79402],[-55.8634,-9.72148],[-55.92729,-9.63657],[-55.90184,-9.4573],[-55.86537,-9.43443],[-52.61926,-9.68225]]]]}},{"type":"Feature","id":"51004","properties":{"code":"51004","name":"Parecis"},"geometry":{"type":"MultiPolygon","coordinates":[[[[-56.25513,-14.61373],[-56.4393,-14.63128],[-56.48875,-14.68813],[-56.52455,-14.66821],[-56.39479,-14.53275],[-56.38848,-14.48578],[-56.40859,-14.45632],[-56.4869,-14.47643],[-56.55128,-14.3938],[-56.54339,-14.24384],[-56.52217,-14.2543],[-56.60418,-14.20089],[-56.70542,-14.19744],[-56.72744,-14.171],[-56.70484,-14.13094],[-56.93255,-14.15405],[-57.01137,-14.20216],[-57.14187,-14.16492],[-57.19832,-14.19559],[-57.38043,-14.16139],[-57.50046,-14.21384],[-57.57707,-14.16726],[-57.71628,-14.29096],[-58.23167,-14.38593],[-58.20808,-14.28112],[-58.09652,-14.15837],[-58.08341,-14.00038],[-59.04459,-14.00042],[-59.03721,-14.06076],[-59.10249,-14.22906],[-59.09624,-14.30149],[-59.14928,-14.34697],[-59.28844,-14.39056],[-59.30965,-14.5117],[-59.4214,-14.22939],[-59.34465,-14.05995],[-59.36953,-13.97977],[-59.45409,-14.04523],[-59.53302,-14.01176],[-59.62638,-14.09152],[-59.71238,-14.12371],[-59.74928,-13.98929],[-59.77048,-14.095],[-59.83812,-14.18002],[-59.98118,-14.03696],[-60.00005,-14.05298],[-60.16806,-14.0128],[-60.31835,-14.0658],[-60.35036,-14.00924],[-60.37573,-14.01805],[-60.38907,-13.97886],[-60.41513,-13.98058],[-60.41902,-13.93756],[-60.45093,-13.93756],[-60.45138,-13.88333],[-60.47601,-13.88556],[-60.45585,-13.85569],[-60.49279,-13.8563],[-60.46729,-13.79573],[-60.55015,-13.78168],[-60.62352,-13.71954],[-60.65632,-13.73834],[-60.71681,-13.68222],[-60.6322,-13.5717],[-60.57764,-13.56523],[-60.51095,-13.5036],[-60.38403,-13.44923],[-60.36497,-13.29994],[-60.26851,-13.14497],[-60.28299,-13.08055],[-60.18928,-12.97114],[-60.11717,-12.95956],[-60.08128,-12.8893],[-60.06509,-12.67098],[-60.0034,-12.59236],[-59.97273,-12.60994],[-59.92944,-12.57962],[-59.79294,-12.34578],[-59.7025,-12.30927],[-59.33227,-12.2797],[-59.22932,-12.30417],[-59.16343,-12.36626],[-59.04798,-12.25312],[-58.84222,-12.20302],[-58.73651,-12.13786],[-58.66263,-12.05424],[-58.58936,-12.0384],[-58.4572,-11.91703],[-58.48693,-12.03059],[-58.47547,-12.16857],[-58.52888,-12.27323],[-58.48511,-12.29977],[-58.48953,-12.3521],[-58.44236,-12.42949],[-58.4554,-12.46653],[-58.42195,-12.50614],[-58.44696,-12.54836],[-58.39881,-12.67344],[-58.39867,-12.79644],[-58.29716,-12.92735],[-58.20325,-12.98024],[-58.17294,-13.04901],[-58.1812,-13.18362],[-58.14937,-13.22518],[-58.0591,-13.24441],[-57.92141,-13.20761],[-57.74126,-13.25431],[-57.66961,-13.16335],[-57.48636,-13.15359],[-57.61823,-13.33971],[-57.63096,-13.41112],[-57.56556,-13.45468],[-57.54089,-13.57847],[-57.3462,-13.55392],[-57.36525,-13.58835],[-57.32995,-13.6222],[-57.35316,-13.73777],[-57.27961,-13.80617],[-57.34627,-13.88787],[-57.21034,-13.91742],[-57.1827,-13.87514],[-56.89923,-13.79408],[-56.81693,-13.7453],[-56.74195,-13.64959],[-56.67023,-13.69852],[-56.70255,-13.79097],[-56.67902,-13.86698],[-56.55388,-13.89786],[-56.52924,-13.85252],[-56.40843,-13.83689],[-56.26471,-14.12688],[-56.20063,-14.16737],[-56.18941,-14.14361],[-56.05444,-14.14437],[-56.02222,-14.23575],[-55.97141,-14.27009],[-55.98775,-14.35526],[-56.20493,-14.53707],[-56.25513,-14.61373]]]]}},{"type":"Feature","id":"51005","properties":{"code":"51005","name":"Arinos"},"geometry":{"type":"MultiPolygon","coordinates":[[[[-56.55388,-13.89786],[-56.68809,-13.85636],[-56.70041,-13.76814],[-56.66943,-13.74417],[-56.67023,-13.69852],[-56.74195,-13.64959],[-56.81693,-13.7453],[-56.89923,-13.79408],[-57.1827,-13.87514],[-57.21034,-13.91742],[-57.34627,-13.88787],[-57.27961,-13.80617],[-57.35316,-13.73777],[-57.32995,-13.6222],[-57.36525,-13.58835],[-57.3462,-13.55392],[-57.54089,-13.57847],[-57.56556,-13.45468],[-57.63096,-13.41112],[-57.61823,-13.33971],[-57.48636,-13.15359],[-57.32803,-13.04146],[-57.29309,-12.92373],[-57.36983,-12.85019],[-57.40998,-12.76413],[-57.39551,-12.71195],[-57.44134,-12.57937],[-57.44155,-12.46629],[-57.62557,-12.33987],[-57.64344,-12.25562],[-57.87091,-12.11309],[-57.86408,-11.98424],[-57.89126,-11.98173],[-57.88865,-11.93716],[-57.92262,-11.92572],[-57.97307,-11.81064],[-58.05034,-11.7407],[-58.07648,-11.59879],[-58.1803,-11.49682],[-58.13995,-11.4552],[-58.15596,-11.41639],[-58.12716,-11.28248],[-58.19193,-11.28791],[-58.27694,-11.18572],[-58.25177,-11.04945],[-58.34912,-10.93968],[-58.33185,-10.7919],[-58.41895,-10.57095],[-58.33144,-10.4167],[-58.28751,-10.45164],[-58.20717,-10.40772],[-58.16387,-10.41971],[-58.06763,-10.38307],[-58.00845,-10.39578],[-58.00534,-10.43278],[-57.93995,-10.42156],[-57.68438,-10.34595],[-57.65846,-10.30218],[-57.60326,-10.29862],[-57.60038,-10.24905],[-57.54251,-10.27706],[-57.45298,-10.25384],[-57.38456,-10.27828],[-57.39158,-10.30982],[-57.36952,-10.28119],[-57.27834,-10.27085],[-57.1623,-10.32538],[-56.96344,-10.2836],[-56.9775,-10.36023],[-56.80793,-10.38605],[-56.65073,-10.58382],[-56.41203,-10.70083],[-56.40315,-10.79941],[-56.56684,-10.94351],[-56.58867,-11.02816],[-56.49766,-11.10177],[-56.31719,-11.09183],[-55.83796,-11.30036],[-55.78529,-11.42927],[-55.84165,-11.55127],[-55.9255,-11.60812],[-55.9514,-11.59162],[-56.07364,-11.69602],[-56.11312,-11.82847],[-56.23007,-11.94887],[-56.32206,-12.11189],[-56.31528,-12.14411],[-56.37606,-12.1845],[-56.46448,-11.99496],[-56.5434,-11.98787],[-56.57601,-11.95764],[-56.68849,-11.98786],[-56.78689,-11.9152],[-56.89324,-11.91877],[-57.14413,-12.00688],[-57.04078,-12.25549],[-56.95398,-12.29854],[-56.97799,-12.31681],[-56.94116,-12.4282],[-56.95741,-12.52338],[-56.90018,-12.5635],[-56.90175,-12.63131],[-56.84501,-12.67777],[-56.75708,-12.84933],[-56.76171,-12.91062],[-56.71332,-12.99446],[-56.74487,-13.10078],[-56.64934,-13.23838],[-56.61047,-13.39925],[-56.54546,-13.44873],[-56.55754,-13.47054],[-56.53262,-13.46943],[-56.52163,-13.51954],[-56.41709,-13.58851],[-56.38314,-13.6776],[-56.41388,-13.75836],[-56.39748,-13.83025],[-56.52924,-13.85252],[-56.55388,-13.89786]]]]}},{"type":"Feature","id":"51006","properties":{"code":"51006","name":"Alto Teles Pires"},"geometry":{"type":"MultiPolygon","coordinates":[[[[-56.34736,-14.76608],[-56.44602,-14.73989],[-56.47547,-14.66351],[-56.4393,-14.63128],[-56.25513,-14.61373],[-56.20493,-14.53707],[-55.98775,-14.35526],[-55.97141,-14.27009],[-56.02222,-14.23575],[-56.05444,-14.14437],[-56.22252,-14.16233],[-56.30465,-14.0719],[-56.30134,-14.02451],[-56.37061,-13.93123],[-56.3503,-13.91655],[-56.41354,-13.84271],[-56.41388,-13.75836],[-56.38195,-13.72273],[-56.40202,-13.61792],[-56.52163,-13.51954],[-56.53262,-13.46943],[-56.55754,-13.47054],[-56.54546,-13.44873],[-56.60976,-13.4008],[-56.64934,-13.23838],[-56.74487,-13.10078],[-56.71332,-12.99446],[-56.76171,-12.91062],[-56.75708,-12.84933],[-56.84501,-12.67777],[-56.90175,-12.63131],[-56.90018,-12.5635],[-56.95741,-12.52338],[-56.94116,-12.4282],[-56.97799,-12.31681],[-56.95398,-12.29854],[-57.04078,-12.25549],[-57.14413,-12.00688],[-56.89324,-11.91877],[-56.78689,-11.9152],[-56.68849,-11.98786],[-56.57601,-11.95764],[-56.5434,-11.98787],[-56.46448,-11.99496],[-56.37971,-12.1861],[-56.31528,-12.14411],[-56.32206,-12.11189],[-56.23007,-11.94887],[-56.11312,-11.82847],[-56.07364,-11.69602],[-55.9514,-11.59162],[-55.9255,-11.60812],[-55.86224,-11.57757],[-55.78529,-11.42927],[-55.79809,-11.5467],[-55.77093,-11.598],[-55.68909,-11.6203],[-55.71494,-11.6906],[-55.74791,-11.69214],[-55.7385,-11.74141],[-55.69996,-11.74664],[-55.67502,-11.80493],[-55.69312,-11.82673],[-55.67039,-11.84455],[-55.71306,-11.87497],[-55.65931,-11.88682],[-55.66942,-11.95008],[-55.5984,-12.02379],[-55.57999,-12.1113],[-55.51881,-12.14478],[-55.53346,-12.1768],[-55.58597,-12.18723],[-55.58936,-12.26383],[-55.56427,-12.27239],[-55.57293,-12.32388],[-55.5242,-12.41647],[-55.58105,-12.59923],[-55.45067,-12.76775],[-55.42778,-12.84025],[-55.37599,-12.85545],[-55.39482,-12.79983],[-55.37574,-12.74852],[-55.26426,-12.64821],[-55.23929,-12.64024],[-55.22827,-12.68632],[-54.91516,-12.68041],[-54.74477,-12.60044],[-54.70464,-12.49085],[-54.53418,-12.45684],[-54.51755,-12.38279],[-54.23905,-12.24397],[-54.17982,-12.23951],[-54.17558,-12.2061],[-54.10348,-12.14705],[-54.06,-12.16398],[-54.01536,-12.10626],[-53.9748,-12.12674],[-53.94401,-12.08712],[-53.85369,-12.08819],[-53.84803,-12.06113],[-53.78742,-12.08557],[-53.8506,-12.2143],[-53.89944,-12.24002],[-53.91638,-12.20614],[-53.97127,-12.21377],[-54.08306,-12.34705],[-54.12724,-12.34453],[-54.1755,-12.44016],[-54.16903,-12.49116],[-54.30396,-12.57841],[-54.35032,-12.75844],[-54.32392,-12.88532],[-54.40608,-13.00613],[-54.40073,-13.06254],[-54.46577,-13.22444],[-54.53721,-13.26978],[-54.55341,-13.33975],[-54.6284,-13.40701],[-54.67093,-13.51475],[-54.65008,-13.56503],[-54.67751,-13.62681],[-54.67089,-13.72784],[-54.64104,-13.79202],[-54.76014,-13.87067],[-55.10268,-13.70127],[-54.97342,-13.86656],[-55.01567,-13.88553],[-54.97332,-13.88248],[-54.97429,-13.93214],[-54.94905,-13.95567],[-54.93412,-13.93328],[-54.90699,-13.97197],[-54.9259,-14.09254],[-54.88663,-14.10529],[-54.87467,-14.21415],[-55.03133,-14.25455],[-55.06751,-14.20396],[-55.19822,-14.21696],[-55.24394,-14.24066],[-55.20127,-14.25168],[-55.22125,-14.28768],[-55.30645,-14.29068],[-55.30812,-14.31569],[-55.34854,-14.31177],[-55.3639,-14.33888],[-55.42855,-14.32074],[-55.53383,-14.4126],[-55.65394,-14.43991],[-55.68798,-14.47287],[-55.72052,-14.4579],[-55.76519,-14.51289],[-55.82769,-14.52185],[-55.84586,-14.65881],[-55.92215,-14.68489],[-56.01317,-14.66697],[-56.09668,-14.69841],[-56.13383,-14.65354],[-56.2504,-14.69982],[-56.2864,-14.77061],[-56.31667,-14.74941],[-56.34736,-14.76608]]]]}},{"type":"Feature","id":"51007","properties":{"code":"51007","name":"Sinop"},"geometry":{"type":"MultiPolygon","coordinates":[[[[-55.42156,-12.8471],[-55.45067,-12.76775],[-55.58105,-12.59923],[-55.5242,-12.41647],[-55.57293,-12.32388],[-55.56427,-12.27239],[-55.58936,-12.26383],[-55.58597,-12.18723],[-55.53346,-12.1768],[-55.51881,-12.14478],[-55.57999,-12.1113],[-55.5984,-12.02379],[-55.66942,-11.95008],[-55.65931,-11.88682],[-55.71306,-11.87497],[-55.67039,-11.84455],[-55.69312,-11.82673],[-55.67502,-11.80493],[-55.69996,-11.74664],[-55.7385,-11.74141],[-55.74791,-11.69214],[-55.71494,-11.6906],[-55.68909,-11.6203],[-55.77093,-11.598],[-55.79809,-11.5467],[-55.78143,-11.43851],[-55.83538,-11.30547],[-56.32301,-11.09213],[-56.31361,-11.07258],[-56.18518,-11.04105],[-56.0781,-10.95774],[-55.93813,-10.90201],[-55.90768,-10.84742],[-55.84069,-10.89559],[-55.8475,-10.98433],[-55.55449,-10.95582],[-55.52344,-11.01496],[-55.44333,-11.01041],[-55.39079,-10.91249],[-55.29622,-10.90376],[-55.1755,-10.78637],[-55.16542,-10.72385],[-55.1059,-10.75425],[-55.07969,-10.72269],[-54.87592,-10.72835],[-54.7995,-10.61934],[-54.70728,-10.61421],[-54.6423,-10.54162],[-54.61447,-10.54612],[-54.6038,-10.61282],[-54.5543,-10.60925],[-54.52625,-10.57575],[-54.42324,-10.54666],[-54.35198,-10.45419],[-54.24284,-10.42967],[-54.07737,-10.44329],[-53.91983,-10.56692],[-53.66231,-10.51494],[-53.3185,-10.64306],[-53.09709,-10.7771],[-53.12889,-10.84767],[-53.23707,-10.87294],[-53.31838,-10.96155],[-53.24332,-11.14257],[-53.25315,-11.26794],[-53.39999,-11.43615],[-53.4362,-11.42894],[-53.4746,-11.51745],[-53.4924,-11.50144],[-53.57113,-11.61839],[-53.60871,-11.75153],[-53.54987,-11.95437],[-53.61422,-11.95804],[-53.64532,-12.0326],[-53.72351,-12.03574],[-53.76727,-12.09117],[-53.84803,-12.06113],[-53.85369,-12.08819],[-53.94401,-12.08712],[-53.9748,-12.12674],[-54.01536,-12.10626],[-54.06,-12.16398],[-54.10348,-12.14705],[-54.17558,-12.2061],[-54.17982,-12.23951],[-54.23905,-12.24397],[-54.51755,-12.38279],[-54.53418,-12.45684],[-54.70464,-12.49085],[-54.74477,-12.60044],[-54.91516,-12.68041],[-55.22827,-12.68632],[-55.23929,-12.64024],[-55.26426,-12.64821],[-55.37574,-12.74852],[-55.39482,-12.79983],[-55.37599,-12.85545],[-55.42156,-12.8471]]]]}},{"type":"Feature","id":"51008","properties":{"code":"51008","name":"Paranatinga"},"geometry":{"type":"MultiPolygon","coordinates":[[[[-55.65117,-14.82711],[-55.50228,-14.74495],[-55.47295,-14.67262],[-55.37568,-14.61638],[-55.35883,-14.56477],[-55.25527,-14.6282],[-55.15944,-14.62953],[-55.10525,-14.54934],[-55.03414,-14.53713],[-54.99428,-14.44373],[-54.87214,-14.38657],[-54.85711,-14.32876],[-54.81398,-14.29419],[-54.81517,-14.25124],[-54.84043,-14.2617],[-54.87427,-14.22014],[-54.88663,-14.10529],[-54.92563,-14.0945],[-54.90699,-13.97197],[-54.93412,-13.93328],[-54.94905,-13.95567],[-54.97429,-13.93214],[-54.97332,-13.88248],[-55.01567,-13.88553],[-54.97342,-13.86656],[-55.10268,-13.70127],[-54.76014,-13.87067],[-54.64104,-13.79202],[-54.67765,-13.63441],[-54.65282,-13.45619],[-54.55341,-13.33975],[-54.53276,-13.264],[-54.46577,-13.22444],[-54.40073,-13.06254],[-54.40608,-13.00613],[-54.32337,-12.88353],[-54.35032,-12.75844],[-54.30396,-12.57841],[-54.16903,-12.49116],[-54.1755,-12.44016],[-54.12724,-12.34453],[-54.08306,-12.34705],[-53.97015,-12.21318],[-53.91638,-12.20614],[-53.90201,-12.2393],[-53.87176,-12.23414],[-53.78344,-12.08927],[-53.72351,-12.03574],[-53.64532,-12.0326],[-53.61422,-11.95804],[-53.53129,-11.93135],[-53.4899,-11.94339],[-53.47564,-11.986],[-53.45257,-11.97483],[-53.38897,-12.01634],[-53.33714,-12.14715],[-53.29989,-12.16343],[-53.30828,-12.22751],[-53.26414,-12.22725],[-53.22309,-12.28322],[-53.19022,-12.2646],[-53.17892,-12.31055],[-53.09966,-12.37708],[-53.08646,-12.46219],[-52.9243,-12.60354],[-52.96216,-12.67],[-52.93421,-12.68178],[-52.92269,-12.74542],[-52.88795,-12.73499],[-52.91431,-12.76226],[-52.83191,-12.82602],[-52.81287,-12.88055],[-52.87814,-12.98697],[-52.87085,-13.05536],[-52.91207,-13.10468],[-52.89833,-13.16119],[-52.93692,-13.22047],[-52.96345,-13.21793],[-52.96352,-13.26808],[-53.09475,-13.51305],[-53.0781,-13.62076],[-53.13839,-13.6559],[-53.2482,-13.7999],[-53.25644,-13.88051],[-53.35893,-14.02431],[-53.36314,-14.14131],[-53.45438,-14.26369],[-53.4542,-14.38995],[-53.55679,-14.52014],[-53.77269,-14.63455],[-53.83104,-14.6168],[-53.92267,-14.63605],[-53.95995,-14.60384],[-54.10844,-14.61444],[-54.24262,-14.70619],[-54.52441,-14.78317],[-54.49847,-14.86272],[-54.65737,-14.91718],[-54.84685,-15.06825],[-54.90399,-15.04501],[-54.97971,-15.05678],[-55.02452,-14.99932],[-55.13983,-14.98825],[-55.10668,-14.95965],[-55.14808,-14.88629],[-55.15377,-14.78819],[-55.19893,-14.82672],[-55.3104,-14.8105],[-55.3338,-14.84579],[-55.3573,-14.8202],[-55.49269,-14.87863],[-55.57096,-14.87222],[-55.57191,-14.84157],[-55.65117,-14.82711]]]]}},{"type":"Feature","id":"51009","properties":{"code":"51009","name":"Norte Araguaia"},"geometry":{"type":"MultiPolygon","coordinates":[[[[-51.86755,-13.51364],[-51.91134,-13.43831],[-51.88935,-13.38041],[-51.93068,-13.21462],[-52.03366,-13.12538],[-52.11762,-13.1145],[-52.14189,-13.08105],[-52.12301,-12.71533],[-52.10993,-12.66045],[-52.06164,-12.62884],[-52.03901,-12.50808],[-52.06763,-12.28289],[-52.15135,-12.25016],[-52.17571,-12.18297],[-52.11493,-12.07802],[-52.10719,-12.02788],[-52.15132,-11.97895],[-52.12056,-11.97975],[-52.18755,-11.95122],[-52.24402,-11.88014],[-52.27203,-11.7789],[-52.29585,-11.78853],[-52.38944,-11.70941],[-52.41899,-11.72765],[-52.4695,-11.70129],[-52.46361,-11.68059],[-52.51754,-11.70741],[-52.54713,-11.67216],[-52.58361,-11.70471],[-52.66225,-11.65073],[-52.68174,-11.67284],[-52.72502,-11.63522],[-52.79574,-11.63626],[-52.79712,-11.60876],[-52.84214,-11.61765],[-52.87355,-11.58098],[-52.93274,-11.57363],[-52.95146,-11.6121],[-52.96497,-11.52134],[-53.00923,-11.53472],[-53.06151,-11.45384],[-53.10268,-11.45351],[-53.08007,-11.40825],[-53.11001,-11.41],[-53.11196,-11.37187],[-53.24431,-11.27417],[-53.22463,-11.26589],[-53.24332,-11.14257],[-53.31838,-10.96155],[-53.23707,-10.87294],[-53.12889,-10.84767],[-53.09813,-10.78759],[-53.0689,-10.58414],[-53.08286,-10.50646],[-53.04802,-10.3705],[-52.95882,-10.28229],[-53.00015,-10.21919],[-52.99212,-10.07414],[-52.89826,-9.99419],[-52.78329,-9.83434],[-52.65735,-9.78133],[-52.61926,-9.68225],[-50.22481,-9.84115],[-50.30265,-10.03541],[-50.39215,-10.13403],[-50.38156,-10.21891],[-50.41829,-10.35628],[-50.47373,-10.40491],[-50.53496,-10.60175],[-50.6029,-10.65823],[-50.57059,-10.7525],[-50.62201,-10.83942],[-50.5994,-10.88446],[-50.63295,-10.93594],[-50.60946,-11.06745],[-50.66104,-11.13472],[-50.65941,-11.25486],[-50.73926,-11.43539],[-50.73894,-11.54451],[-50.65747,-11.59281],[-50.6637,-11.67753],[-50.72204,-11.7397],[-50.6863,-11.859],[-50.63929,-11.88457],[-50.68365,-11.99559],[-50.68687,-12.20215],[-50.64371,-12.22296],[-50.61826,-12.42899],[-50.68648,-12.5692],[-50.66798,-12.59601],[-50.70412,-12.5998],[-50.68179,-12.65423],[-50.73319,-12.73332],[-50.72858,-12.78806],[-50.77658,-12.8119],[-50.7808,-12.86709],[-50.84285,-12.89641],[-50.89598,-12.84984],[-50.94586,-12.69389],[-50.9931,-12.72397],[-50.97508,-12.76249],[-51.00345,-12.76603],[-50.9908,-12.78335],[-51.02466,-12.81489],[-50.99752,-12.86993],[-51.0338,-12.89259],[-51.0309,-12.92367],[-51.11594,-12.96518],[-51.10083,-13.07864],[-51.1994,-13.16903],[-51.20198,-13.24277],[-51.27436,-13.24768],[-51.26684,-13.294],[-51.34123,-13.33968],[-51.30574,-13.36057],[-51.38024,-13.45033],[-51.51624,-13.40823],[-51.58542,-13.35347],[-51.69811,-13.42604],[-51.81279,-13.42016],[-51.84796,-13.44263],[-51.86755,-13.51364]]]]}},{"type":"Feature","id":"51010","properties":{"code":"51010","name":"Canarana"},"geometry":{"type":"MultiPolygon","coordinates":[[[[-53.51343,-15.39974],[-53.51539,-15.36086],[-53.7233,-15.34669],[-53.8223,-15.26226],[-53.94991,-15.24739],[-53.92642,-15.19061],[-53.93256,-14.9904],[-54.02657,-14.89785],[-54.2042,-14.82258],[-54.04075,-14.81959],[-53.9102,-14.74659],[-53.69727,-14.57587],[-53.57752,-14.54549],[-53.45755,-14.39483],[-53.45479,-14.26493],[-53.36314,-14.14131],[-53.35893,-14.02431],[-53.32011,-14.00016],[-53.19788,-13.72688],[-53.0781,-13.62076],[-53.09475,-13.51305],[-52.96352,-13.26808],[-52.96345,-13.21793],[-52.90645,-13.17906],[-52.91207,-13.10468],[-52.86385,-13.02851],[-52.87814,-12.98697],[-52.82738,-12.9355],[-52.81291,-12.84826],[-52.89084,-12.79108],[-52.9154,-12.75726],[-52.88795,-12.73499],[-52.92269,-12.74542],[-52.93421,-12.68178],[-52.96216,-12.67],[-52.9243,-12.60354],[-53.08646,-12.46219],[-53.09966,-12.37708],[-53.17892,-12.31055],[-53.19022,-12.2646],[-53.22309,-12.28322],[-53.26414,-12.22725],[-53.30828,-12.22751],[-53.29989,-12.16343],[-53.33714,-12.14715],[-53.38897,-12.01634],[-53.47719,-11.98504],[-53.4899,-11.94339],[-53.54756,-11.93881],[-53.58677,-11.85964],[-53.60845,-11.74481],[-53.57113,-11.61839],[-53.53367,-11.59289],[-53.54741,-11.56899],[-53.49118,-11.50039],[-53.47525,-11.51829],[-53.4362,-11.42894],[-53.39999,-11.43615],[-53.25488,-11.27026],[-53.24829,-11.21295],[-53.23394,-11.29248],[-53.11196,-11.37187],[-53.10829,-11.41132],[-53.08007,-11.40825],[-53.10268,-11.45351],[-53.06151,-11.45384],[-53.00923,-11.53472],[-52.96497,-11.52134],[-52.95146,-11.6121],[-52.93274,-11.57363],[-52.87355,-11.58098],[-52.84214,-11.61765],[-52.79712,-11.60876],[-52.79574,-11.63626],[-52.72502,-11.63522],[-52.68174,-11.67284],[-52.66225,-11.65073],[-52.58361,-11.70471],[-52.54713,-11.67216],[-52.51754,-11.70741],[-52.46361,-11.68059],[-52.4695,-11.70129],[-52.41899,-11.72765],[-52.38944,-11.70941],[-52.29585,-11.78853],[-52.27203,-11.7789],[-52.24402,-11.88014],[-52.18755,-11.95122],[-52.12056,-11.97975],[-52.15132,-11.97895],[-52.10719,-12.02788],[-52.11493,-12.07802],[-52.17571,-12.18297],[-52.15135,-12.25016],[-52.06763,-12.28289],[-52.03901,-12.50808],[-52.06164,-12.62884],[-52.10993,-12.66045],[-52.12301,-12.71533],[-52.14189,-13.08105],[-52.11762,-13.1145],[-52.03366,-13.12538],[-51.93068,-13.21462],[-51.88935,-13.38041],[-51.91134,-13.43831],[-51.86755,-13.51364],[-51.84796,-13.44263],[-51.81279,-13.42016],[-51.69811,-13.42604],[-51.58542,-13.35347],[-51.51624,-13.40823],[-51.38024,-13.45033],[-51.43259,-13.58077],[-51.45618,-13.54155],[-51.49094,-13.58535],[-51.47083,-13.58341],[-51.46478,-13.64043],[-51.55356,-13.71178],[-51.55411,-13.77124],[-51.70227,-14.0345],[-51.69634,-14.1009],[-51.73115,-14.17794],[-51.68761,-14.3105],[-51.72448,-14.45941],[-51.69499,-14.57694],[-51.77282,-14.60772],[-51.82194,-14.69505],[-51.86714,-14.71188],[-51.85833,-14.74205],[-51.89466,-14.73416],[-51.944,-14.78598],[-51.96216,-14.76118],[-52.08987,-14.86022],[-52.19054,-14.81308],[-52.23966,-14.82205],[-52.32802,-14.92482],[-52.38014,-14.94507],[-52.48838,-14.89386],[-52.52382,-15.1782],[-52.58421,-15.06825],[-52.60329,-14.9378],[-52.67742,-14.86243],[-52.73741,-15.02183],[-52.94324,-15.27307],[-53.04339,-15.27484],[-53.05253,-15.24912],[-53.20017,-15.21282],[-53.26296,-15.2447],[-53.32085,-15.3667],[-53.38002,-15.37632],[-53.39712,-15.34914],[-53.45778,-15.34549],[-53.51343,-15.39974]]]]}},{"type":"Feature","id":"51011","properties":{"code":"51011","name":"MãDio Araguaia"},"geometry":{"type":"MultiPolygon","coordinates":[[[[-53.10185,-15.54974],[-53.30114,-15.31142],[-53.25761,-15.24007],[-53.19817,-15.21262],[-53.05253,-15.24912],[-53.04339,-15.27484],[-52.94324,-15.27307],[-52.73901,-15.02429],[-52.72703,-14.9448],[-52.67273,-14.86196],[-52.60329,-14.9378],[-52.58421,-15.06825],[-52.52242,-15.1778],[-52.48838,-14.89386],[-52.38014,-14.94507],[-52.32802,-14.92482],[-52.239,-14.82185],[-52.19054,-14.81308],[-52.08928,-14.86002],[-51.96216,-14.76118],[-51.944,-14.78598],[-51.89466,-14.73416],[-51.85833,-14.74205],[-51.86714,-14.71188],[-51.82194,-14.69505],[-51.77282,-14.60772],[-51.69662,-14.57939],[-51.72444,-14.45817],[-51.68761,-14.3105],[-51.73115,-14.17794],[-51.69634,-14.1009],[-51.70227,-14.0345],[-51.55411,-13.77124],[-51.55356,-13.71178],[-51.46478,-13.64043],[-51.47083,-13.58341],[-51.49094,-13.58535],[-51.45618,-13.54155],[-51.43259,-13.58077],[-51.40895,-13.4808],[-51.30574,-13.36057],[-51.34123,-13.33968],[-51.26969,-13.29843],[-51.27254,-13.24571],[-51.20198,-13.24277],[-51.1994,-13.16903],[-51.1029,-13.08238],[-51.11594,-12.96518],[-51.0309,-12.92367],[-51.0338,-12.89259],[-50.99752,-12.86993],[-51.02466,-12.81489],[-50.9908,-12.78335],[-51.00345,-12.76603],[-50.97508,-12.76249],[-50.99431,-12.72527],[-50.94586,-12.69389],[-50.89598,-12.84984],[-50.84285,-12.89641],[-50.7808,-12.86709],[-50.69891,-12.67208],[-50.64693,-12.65112],[-50.62273,-12.81974],[-50.58192,-12.79938],[-50.60054,-12.82443],[-50.51876,-12.83702],[-50.50187,-12.88269],[-50.52593,-12.97642],[-50.59301,-13.00286],[-50.56918,-13.03913],[-50.61171,-13.06436],[-50.58453,-13.21529],[-50.60721,-13.31086],[-50.66565,-13.37614],[-50.66546,-13.44228],[-50.76345,-13.53001],[-50.80396,-13.69096],[-50.87179,-13.73309],[-50.84062,-13.86585],[-50.86558,-13.98022],[-50.83177,-14.08093],[-50.86909,-14.12566],[-50.91749,-14.11482],[-50.91335,-14.16978],[-50.97527,-14.29085],[-50.99907,-14.41923],[-50.96285,-14.52702],[-51.05396,-14.74666],[-51.04296,-14.79139],[-51.08982,-14.84116],[-51.08324,-14.91593],[-51.2426,-15.0354],[-51.29049,-15.03433],[-51.32622,-14.97093],[-51.37681,-15.01286],[-51.42776,-15.00833],[-51.47775,-15.05672],[-51.53254,-15.06557],[-51.599,-15.15674],[-51.6521,-15.17987],[-51.66802,-15.24634],[-51.64694,-15.26795],[-51.6883,-15.30885],[-51.67138,-15.37173],[-51.7001,-15.49077],[-51.73547,-15.51087],[-51.72772,-15.55079],[-51.77882,-15.54446],[-51.75858,-15.63797],[-51.881,-15.82777],[-51.94883,-15.81039],[-52.00804,-15.88548],[-52.19592,-15.88203],[-52.30358,-15.91198],[-52.53725,-15.84785],[-52.59732,-15.81247],[-52.64871,-15.73302],[-52.6926,-15.72001],[-52.72203,-15.74205],[-52.75292,-15.71805],[-52.76569,-15.61632],[-52.70676,-15.54234],[-52.7284,-15.47831],[-52.80301,-15.44666],[-52.88435,-15.50677],[-53.01036,-15.52161],[-53.05148,-15.5618],[-53.10185,-15.54974]]]]}},{"type":"Feature","id":"51012","properties":{"code":"51012","name":"Alto Guaporã"},"geometry":{"type":"MultiPolygon","coordinates":[[[[-60.17172,-16.26611],[-60.2386,-15.47385],[-60.56502,-15.10868],[-60.24432,-15.09681],[-60.27215,-14.62029],[-60.32113,-14.60887],[-60.33818,-14.51189],[-60.40679,-14.41323],[-60.39426,-14.36657],[-60.45316,-14.31435],[-60.44935,-14.2414],[-60.49243,-14.18823],[-60.47915,-14.09543],[-60.43121,-14.06776],[-60.3932,-13.99258],[-60.31687,-14.06618],[-60.16806,-14.0128],[-60.00005,-14.05298],[-59.98118,-14.03696],[-59.83812,-14.18002],[-59.77048,-14.095],[-59.74928,-13.98929],[-59.71238,-14.12371],[-59.62638,-14.09152],[-59.53302,-14.01176],[-59.45409,-14.04523],[-59.36953,-13.97977],[-59.34465,-14.05995],[-59.4214,-14.22939],[-59.31445,-14.50933],[-59.28844,-14.39056],[-59.14928,-14.34697],[-59.08929,-14.27835],[-59.05182,-14.32511],[-59.07501,-14.52287],[-59.04856,-14.53776],[-59.03675,-14.62477],[-59.10787,-14.6621],[-58.96248,-14.58679],[-58.75668,-14.59422],[-58.77816,-14.67843],[-58.75978,-14.72189],[-58.80006,-14.77473],[-58.78237,-14.81169],[-58.84931,-14.91664],[-58.88662,-15.04642],[-58.88162,-15.15507],[-58.96363,-15.19561],[-58.90096,-15.23489],[-58.96866,-15.30782],[-58.94308,-15.33315],[-59.01139,-15.37456],[-59.03238,-15.43687],[-59.06175,-15.46036],[-59.09438,-15.44698],[-59.11258,-15.61255],[-59.16743,-15.63532],[-59.15661,-15.7332],[-59.31623,-15.9585],[-59.39393,-16.00835],[-59.4084,-16.06676],[-59.49188,-16.04731],[-59.52635,-16.07142],[-59.51782,-16.11067],[-59.47989,-16.12102],[-59.4905,-16.17524],[-59.45517,-16.2703],[-60.17172,-16.26611]]]]}},{"type":"Feature","id":"51013","properties":{"code":"51013","name":"Tangarã Da Serra"},"geometry":{"type":"MultiPolygon","coordinates":[[[[-57.2248,-15.85088],[-57.21862,-15.79496],[-57.24486,-15.79225],[-57.28571,-15.86205],[-57.32111,-15.7517],[-57.3708,-15.71446],[-57.45029,-15.75465],[-57.51997,-15.74517],[-57.51993,-15.70545],[-57.48927,-15.68593],[-57.48543,-15.56897],[-57.60236,-15.32998],[-57.62643,-15.17771],[-57.68494,-15.14755],[-57.66566,-15.11703],[-57.73036,-15.00026],[-58.01644,-15.00013],[-58.06034,-14.9239],[-58.12801,-14.89013],[-58.23534,-14.91272],[-58.22786,-14.7703],[-58.335,-14.80003],[-58.40316,-14.7414],[-58.39285,-14.71008],[-58.48031,-14.68393],[-58.62249,-14.83447],[-58.67392,-14.96502],[-58.72329,-15.00489],[-58.86016,-15.00524],[-58.85057,-14.91958],[-58.78237,-14.81169],[-58.80006,-14.77473],[-58.75978,-14.72189],[-58.77816,-14.67843],[-58.75668,-14.59422],[-58.96248,-14.58679],[-59.10815,-14.66166],[-59.03716,-14.63032],[-59.04856,-14.53776],[-59.07501,-14.52287],[-59.05182,-14.32511],[-59.10248,-14.23094],[-59.03721,-14.06076],[-59.04459,-14.00042],[-58.08341,-14.00038],[-58.09652,-14.15837],[-58.20808,-14.28112],[-58.23167,-14.38593],[-57.73327,-14.29109],[-57.69893,-14.44701],[-57.71324,-14.49314],[-57.65438,-14.56566],[-57.60406,-14.49435],[-57.58067,-14.50656],[-57.5042,-14.44029],[-57.45618,-14.43913],[-57.43375,-14.49348],[-57.3723,-14.50471],[-57.34674,-14.47783],[-57.30649,-14.54817],[-57.16642,-14.54134],[-57.14613,-14.57817],[-57.08275,-14.52798],[-56.99099,-14.53107],[-56.94834,-14.50466],[-56.90643,-14.59078],[-56.72612,-14.64761],[-56.71846,-14.68274],[-56.74664,-14.68108],[-56.76053,-14.7403],[-56.83498,-14.78807],[-56.89007,-14.91423],[-56.9857,-14.99775],[-56.95927,-15.02893],[-56.85843,-15.01313],[-56.80512,-15.10652],[-56.83857,-15.19566],[-56.98225,-15.3806],[-56.98461,-15.4337],[-56.9563,-15.45572],[-57.07047,-15.53986],[-57.06011,-15.56721],[-57.09495,-15.58947],[-57.2248,-15.85088]]]]}},{"type":"Feature","id":"51014","properties":{"code":"51014","name":"Jauru"},"geometry":{"type":"MultiPolygon","coordinates":[[[[-59.46919,-16.27958],[-59.45085,-16.26197],[-59.4905,-16.17524],[-59.47328,-16.14396],[-59.52635,-16.07142],[-59.49188,-16.04731],[-59.4034,-16.06359],[-59.39393,-16.00835],[-59.31623,-15.9585],[-59.15661,-15.7332],[-59.16743,-15.63532],[-59.11258,-15.61255],[-59.09438,-15.44698],[-59.06175,-15.46036],[-59.03238,-15.43687],[-59.01139,-15.37456],[-58.94308,-15.33315],[-58.96866,-15.30782],[-58.90493,-15.24532],[-58.89999,-15.22242],[-58.96363,-15.19561],[-58.88162,-15.15507],[-58.87614,-15.01438],[-58.72329,-15.00489],[-58.67392,-14.96502],[-58.62249,-14.83447],[-58.49148,-14.68617],[-58.39285,-14.71008],[-58.40316,-14.7414],[-58.335,-14.80003],[-58.22786,-14.7703],[-58.23534,-14.91272],[-58.12801,-14.89013],[-58.06034,-14.9239],[-58.01644,-15.00013],[-57.73036,-15.00026],[-57.69885,-15.02956],[-57.66534,-15.11815],[-57.68494,-15.14755],[-57.62848,-15.17309],[-57.57513,-15.4029],[-57.51309,-15.47784],[-57.71406,-15.45303],[-57.70031,-15.71336],[-57.72267,-15.72478],[-57.75955,-15.68128],[-57.79929,-15.76483],[-57.81171,-15.6828],[-57.78405,-15.63652],[-57.84815,-15.54426],[-57.83323,-15.50295],[-57.89493,-15.467],[-57.90548,-15.55387],[-57.97565,-15.53228],[-57.99191,-15.6057],[-57.9016,-15.65032],[-57.87913,-15.73777],[-57.98075,-15.70674],[-57.94327,-15.8221],[-58.08344,-15.8184],[-58.15355,-15.88029],[-58.17248,-15.93098],[-58.15239,-16.0464],[-58.2494,-16.03207],[-58.29439,-15.99366],[-58.29805,-15.93123],[-58.37954,-15.88237],[-58.49788,-15.94294],[-58.58452,-15.94835],[-58.68311,-16.01936],[-58.7137,-16.13998],[-58.76183,-16.17275],[-58.79578,-16.25123],[-58.78607,-16.30689],[-59.46919,-16.27958]]]]}},{"type":"Feature","id":"51015","properties":{"code":"51015","name":"Alto Paraguai"},"geometry":{"type":"MultiPolygon","coordinates":[[[[-57.71092,-14.50039],[-57.73301,-14.292],[-57.57901,-14.16772],[-57.50046,-14.21384],[-57.38043,-14.16139],[-57.19832,-14.19559],[-57.14187,-14.16492],[-57.01137,-14.20216],[-56.93255,-14.15405],[-56.70484,-14.13094],[-56.72744,-14.171],[-56.70542,-14.19744],[-56.60418,-14.20089],[-56.52217,-14.2543],[-56.54339,-14.24384],[-56.55128,-14.3938],[-56.4869,-14.47643],[-56.40859,-14.45632],[-56.38404,-14.50443],[-56.52455,-14.66821],[-56.48875,-14.68813],[-56.47239,-14.66636],[-56.45485,-14.73209],[-56.42081,-14.74457],[-56.65222,-14.91196],[-56.8183,-15.14553],[-56.80525,-15.10592],[-56.86279,-15.00875],[-56.95927,-15.02893],[-56.9863,-15.00099],[-56.89007,-14.91423],[-56.83498,-14.78807],[-56.76053,-14.7403],[-56.74664,-14.68108],[-56.71846,-14.68274],[-56.72612,-14.64761],[-56.90643,-14.59078],[-56.94834,-14.50466],[-56.99099,-14.53107],[-57.08275,-14.52798],[-57.14613,-14.57817],[-57.16642,-14.54134],[-57.30649,-14.54817],[-57.34674,-14.47783],[-57.3723,-14.50471],[-57.43375,-14.49348],[-57.45618,-14.43913],[-57.5042,-14.44029],[-57.58067,-14.50656],[-57.60406,-14.49435],[-57.64842,-14.56523],[-57.71092,-14.50039]]]]}},{"type":"Feature","id":"51016","properties":{"code":"51016","name":"RosãRio Oeste"},"geometry":{"type":"MultiPolygon","coordinates":[[[[-56.96037,-15.53205],[-56.98225,-15.3806],[-56.65222,-14.91196],[-56.42081,-14.74457],[-56.2864,-14.77061],[-56.2504,-14.69982],[-56.13383,-14.65354],[-56.09668,-14.69841],[-56.01317,-14.66697],[-55.92215,-14.68489],[-55.84586,-14.65881],[-55.82769,-14.52185],[-55.76519,-14.51289],[-55.72052,-14.4579],[-55.68798,-14.47287],[-55.65394,-14.43991],[-55.53383,-14.4126],[-55.42855,-14.32074],[-55.3639,-14.33888],[-55.34854,-14.31177],[-55.30812,-14.31569],[-55.30645,-14.29068],[-55.22125,-14.28768],[-55.20127,-14.25168],[-55.24394,-14.24066],[-55.19822,-14.21696],[-55.06751,-14.20396],[-55.03133,-14.25455],[-54.87467,-14.21415],[-54.84132,-14.26122],[-54.81517,-14.25124],[-54.87107,-14.3854],[-54.99428,-14.44373],[-55.03414,-14.53713],[-55.10525,-14.54934],[-55.15944,-14.62953],[-55.25527,-14.6282],[-55.35847,-14.56459],[-55.76384,-14.78472],[-55.78272,-14.83707],[-55.8284,-14.8589],[-55.8744,-14.83974],[-56.01317,-14.90118],[-55.93934,-15.02088],[-55.94839,-15.08189],[-56.2027,-14.99069],[-56.19511,-15.09795],[-56.10354,-15.11609],[-56.26524,-15.20024],[-56.30118,-15.24703],[-56.27943,-15.33965],[-56.35519,-15.41238],[-56.45245,-15.44618],[-56.50245,-15.5101],[-56.54592,-15.52411],[-56.56223,-15.48074],[-56.69785,-15.47576],[-56.7571,-15.52144],[-56.82129,-15.46994],[-56.88803,-15.46495],[-56.93701,-15.54067],[-56.96037,-15.53205]]]]}},{"type":"Feature","id":"51017","properties":{"code":"51017","name":"Cuiabã"},"geometry":{"type":"MultiPolygon","coordinates":[[[[-55.59164,-17.36987],[-55.49624,-16.38418],[-55.59799,-16.35674],[-55.67124,-16.29712],[-55.78115,-16.28755],[-55.81439,-16.31651],[-55.92863,-16.14694],[-56.0199,-16.21585],[-56.0127,-16.25341],[-56.05267,-16.26906],[-56.07587,-16.32828],[-56.12125,-16.31184],[-56.1206,-16.33613],[-56.1541,-16.34119],[-56.14308,-16.36424],[-56.19631,-16.35161],[-56.21654,-16.3991],[-56.30149,-16.39619],[-56.2507,-16.3223],[-56.21548,-16.18819],[-56.30089,-16.19326],[-56.37144,-16.26006],[-56.42768,-16.25581],[-56.53321,-16.30248],[-56.51351,-16.23719],[-56.45645,-16.2178],[-56.37905,-16.09865],[-56.39364,-16.03964],[-56.56125,-15.9378],[-56.56441,-15.88188],[-56.44778,-15.6976],[-56.7349,-15.81854],[-56.78731,-15.78483],[-56.82831,-15.82613],[-56.8583,-15.82126],[-56.91927,-15.75934],[-57.00343,-15.80725],[-57.00699,-15.74133],[-57.2248,-15.85088],[-57.22377,-15.81183],[-57.1774,-15.77691],[-57.09495,-15.58947],[-57.06011,-15.56721],[-57.07047,-15.53986],[-56.98692,-15.45645],[-56.94713,-15.54333],[-56.88803,-15.46495],[-56.82129,-15.46994],[-56.7571,-15.52144],[-56.69785,-15.47576],[-56.56223,-15.48074],[-56.54592,-15.52411],[-56.50245,-15.5101],[-56.45245,-15.44618],[-56.35519,-15.41238],[-56.27943,-15.33965],[-56.30118,-15.24703],[-56.26524,-15.20024],[-56.10354,-15.11609],[-56.19511,-15.09795],[-56.2027,-14.99069],[-55.94839,-15.08189],[-55.93934,-15.02088],[-56.01317,-14.90118],[-55.8744,-14.83974],[-55.8284,-14.8589],[-55.78272,-14.83707],[-55.76384,-14.78472],[-55.35847,-14.56459],[-55.37568,-14.61638],[-55.47295,-14.67262],[-55.50228,-14.74495],[-55.65117,-14.82711],[-55.57191,-14.84157],[-55.57096,-14.87222],[-55.49269,-14.87863],[-55.3573,-14.8202],[-55.3338,-14.84579],[-55.3104,-14.8105],[-55.19893,-14.82672],[-55.15377,-14.78819],[-55.14808,-14.88629],[-55.10668,-14.95965],[-55.13983,-14.98825],[-55.02452,-14.99932],[-54.98581,-15.05457],[-54.90399,-15.04501],[-54.86062,-15.06937],[-55.10093,-15.10675],[-55.16576,-15.20253],[-55.33399,-15.35232],[-55.29489,-15.35271],[-55.2653,-15.40084],[-55.30109,-15.51612],[-55.34762,-15.48628],[-55.40303,-15.51],[-55.44018,-15.61095],[-55.35336,-15.59807],[-55.42539,-15.66243],[-55.39658,-15.68877],[-55.42433,-15.77535],[-55.40983,-15.8203],[-55.3555,-15.80923],[-55.30128,-15.84962],[-55.20007,-16.4535],[-55.05573,-16.44727],[-55.01288,-16.51525],[-54.97114,-16.47203],[-54.96306,-16.52405],[-54.89194,-16.59239],[-54.90635,-16.67442],[-54.82731,-16.75889],[-54.87508,-16.9029],[-54.83994,-17.06941],[-55.0821,-17.13235],[-55.1163,-17.18518],[-55.18441,-17.21032],[-55.20955,-17.2697],[-55.29919,-17.29033],[-55.36782,-17.3637],[-55.43487,-17.37145],[-55.53186,-17.3288],[-55.59164,-17.36987]]]]}},{"type":"Feature","id":"51018","properties":{"code":"51018","name":"Alto Pantanal"},"geometry":{"type":"MultiPolygon","coordinates":[[[[-55.60618,-17.36536],[-55.64003,-17.33972],[-55.6462,-17.35941],[-55.65657,-17.33826],[-55.70135,-17.35413],[-55.78442,-17.33005],[-55.82632,-17.28883],[-55.89988,-17.27703],[-55.88654,-17.2639],[-55.94131,-17.27788],[-55.95192,-17.2502],[-56.01079,-17.23904],[-56.00551,-17.2042],[-56.04412,-17.1714],[-56.11234,-17.16635],[-56.18543,-17.18923],[-56.20877,-17.22727],[-56.25134,-17.21902],[-56.29785,-17.27659],[-56.33587,-17.28995],[-56.35668,-17.26705],[-56.44233,-17.33128],[-56.50177,-17.28633],[-56.52718,-17.32116],[-56.64744,-17.31699],[-56.64546,-17.33935],[-56.73385,-17.30986],[-56.78786,-17.38954],[-56.82974,-17.39133],[-56.82541,-17.45889],[-56.87597,-17.53297],[-56.98236,-17.58023],[-56.95911,-17.61284],[-57.04491,-17.73032],[-57.11561,-17.78109],[-57.14674,-17.76751],[-57.25202,-17.79346],[-57.23263,-17.81238],[-57.3765,-17.82576],[-57.45389,-17.90275],[-57.47759,-17.85905],[-57.51911,-17.86166],[-57.57633,-17.80053],[-57.60588,-17.80234],[-57.6403,-17.71736],[-57.68461,-17.71648],[-57.66884,-17.67191],[-57.72503,-17.53101],[-57.75229,-17.56446],[-57.88344,-17.44954],[-57.99297,-17.51506],[-58.04339,-17.49267],[-58.06014,-17.45072],[-58.11839,-17.45037],[-58.15158,-17.38465],[-58.2547,-17.35255],[-58.39553,-17.18446],[-58.38625,-17.11136],[-58.42353,-17.11323],[-58.43598,-17.08279],[-58.42303,-16.98928],[-58.47442,-16.93496],[-58.47058,-16.70302],[-58.43609,-16.59236],[-58.33375,-16.49002],[-58.35617,-16.42635],[-58.30714,-16.37019],[-58.32108,-16.26475],[-58.3887,-16.261],[-58.43047,-16.32129],[-58.78607,-16.30689],[-58.79578,-16.25123],[-58.76183,-16.17275],[-58.7137,-16.13998],[-58.68311,-16.01936],[-58.58452,-15.94835],[-58.49788,-15.94294],[-58.41715,-15.89372],[-58.37954,-15.88237],[-58.30539,-15.92514],[-58.29439,-15.99366],[-58.2494,-16.03207],[-58.15239,-16.0464],[-58.17248,-15.93098],[-58.15355,-15.88029],[-58.08344,-15.8184],[-57.94327,-15.8221],[-57.98075,-15.70674],[-57.87913,-15.73777],[-57.9016,-15.65032],[-57.99191,-15.6057],[-57.97565,-15.53228],[-57.90548,-15.55387],[-57.89493,-15.467],[-57.83323,-15.50295],[-57.84815,-15.54426],[-57.78441,-15.63524],[-57.81171,-15.6828],[-57.79929,-15.76483],[-57.75955,-15.68128],[-57.72267,-15.72478],[-57.70031,-15.71336],[-57.71406,-15.45303],[-57.51309,-15.47784],[-57.48471,-15.65929],[-57.51997,-15.74517],[-57.34941,-15.72489],[-57.27998,-15.83158],[-57.28571,-15.86205],[-57.24848,-15.79315],[-57.21862,-15.79496],[-57.2248,-15.85088],[-57.00874,-15.74147],[-57.00343,-15.80725],[-56.91927,-15.75934],[-56.82831,-15.82613],[-56.79069,-15.78586],[-56.7349,-15.81854],[-56.44778,-15.6976],[-56.56441,-15.88188],[-56.56125,-15.9378],[-56.39364,-16.03964],[-56.37905,-16.09865],[-56.45645,-16.2178],[-56.51351,-16.23719],[-56.53321,-16.30248],[-56.42768,-16.25581],[-56.37144,-16.26006],[-56.30089,-16.19326],[-56.21548,-16.18819],[-56.2507,-16.3223],[-56.30149,-16.39619],[-56.21654,-16.3991],[-56.19631,-16.35161],[-56.14308,-16.36424],[-56.1541,-16.34119],[-56.1206,-16.33613],[-56.12125,-16.31184],[-56.07587,-16.32828],[-56.05267,-16.26906],[-56.0127,-16.25341],[-56.0199,-16.21585],[-55.92863,-16.14694],[-55.81439,-16.31651],[-55.78115,-16.28755],[-55.67124,-16.29712],[-55.59799,-16.35674],[-55.49197,-16.38905],[-55.60618,-17.36536]]]]}},{"type":"Feature","id":"51019","properties":{"code":"51019","name":"Primavera Do Leste"},"geometry":{"type":"MultiPolygon","coordinates":[[[[-55.40983,-15.8203],[-55.42042,-15.71566],[-55.39658,-15.68877],[-55.42539,-15.66243],[-55.35336,-15.59807],[-55.42345,-15.62288],[-55.43527,-15.58332],[-55.37309,-15.49286],[-55.30109,-15.51612],[-55.2653,-15.40084],[-55.29489,-15.35271],[-55.33399,-15.35232],[-55.16576,-15.20253],[-55.10093,-15.10675],[-54.84406,-15.06757],[-54.65737,-14.91718],[-54.49847,-14.86272],[-54.52441,-14.78317],[-54.24262,-14.70619],[-54.10844,-14.61444],[-53.95995,-14.60384],[-53.92267,-14.63605],[-53.83104,-14.6168],[-53.77595,-14.63609],[-53.79489,-14.67144],[-54.04075,-14.81959],[-54.2042,-14.82258],[-54.02657,-14.89785],[-53.93226,-14.99096],[-53.92642,-15.19061],[-53.95107,-15.24579],[-53.89736,-15.26173],[-54.03433,-15.33515],[-54.05664,-15.393],[-54.02855,-15.51578],[-54.04334,-15.61541],[-54.12994,-15.62446],[-54.20082,-15.67608],[-54.17104,-15.65145],[-54.22535,-15.6432],[-54.22083,-15.5754],[-54.19185,-15.56201],[-54.21073,-15.52968],[-54.36454,-15.60245],[-54.47435,-15.58931],[-54.35331,-15.45113],[-54.28163,-15.42116],[-54.26181,-15.33029],[-54.34989,-15.34194],[-54.42409,-15.41016],[-54.52501,-15.40054],[-54.58349,-15.36108],[-54.9158,-15.48994],[-54.97079,-15.54276],[-54.97337,-15.62792],[-55.08055,-15.60758],[-55.09293,-15.66482],[-55.24244,-15.74324],[-55.30215,-15.89688],[-55.30128,-15.84962],[-55.33283,-15.82359],[-55.40983,-15.8203]]]]}},{"type":"Feature","id":"51020","properties":{"code":"51020","name":"Tesouro"},"geometry":{"type":"MultiPolygon","coordinates":[[[[-52.94842,-16.8595],[-53.05316,-16.86357],[-53.12032,-16.82377],[-53.23923,-16.80687],[-53.36229,-16.85392],[-53.14716,-16.58752],[-53.20407,-16.46362],[-53.24492,-16.47753],[-53.27129,-16.43361],[-53.30249,-16.47986],[-53.3363,-16.48541],[-53.30951,-16.46006],[-53.36933,-16.4852],[-53.42789,-16.56],[-53.41716,-16.67988],[-53.49795,-16.66903],[-53.61047,-16.72761],[-53.71142,-16.72833],[-53.73601,-16.76623],[-53.82099,-16.79793],[-53.86322,-16.75674],[-53.82601,-16.72405],[-53.84999,-16.66341],[-53.83456,-16.57903],[-53.89024,-16.59013],[-54.03615,-16.46851],[-54.15598,-16.51014],[-54.2345,-16.48897],[-54.18064,-16.39844],[-54.22872,-16.31581],[-54.27601,-16.34407],[-54.38836,-16.32736],[-54.46132,-16.24307],[-54.41611,-16.14585],[-54.48121,-16.10416],[-54.46345,-15.91829],[-54.67533,-15.84817],[-54.56108,-15.57717],[-54.51898,-15.39941],[-54.42208,-15.40967],[-54.34989,-15.34194],[-54.26181,-15.33029],[-54.28163,-15.42116],[-54.35331,-15.45113],[-54.47435,-15.58931],[-54.36454,-15.60245],[-54.21007,-15.52975],[-54.19185,-15.56201],[-54.22083,-15.5754],[-54.22535,-15.6432],[-54.17272,-15.64789],[-54.20306,-15.6656],[-54.18381,-15.67579],[-54.12994,-15.62446],[-54.04334,-15.61541],[-54.02855,-15.51578],[-54.05664,-15.393],[-54.03088,-15.33027],[-53.87468,-15.24906],[-53.81294,-15.26731],[-53.74064,-15.34169],[-53.51539,-15.36086],[-53.51343,-15.39974],[-53.45778,-15.34549],[-53.3421,-15.37784],[-53.2953,-15.3215],[-53.21138,-15.42903],[-53.17162,-15.43828],[-53.10185,-15.54974],[-53.05148,-15.5618],[-53.01036,-15.52161],[-52.88435,-15.50677],[-52.80684,-15.44635],[-52.7284,-15.47831],[-52.7048,-15.55809],[-52.76569,-15.61632],[-52.74988,-15.72132],[-52.64871,-15.73302],[-52.59732,-15.81247],[-52.49962,-15.86343],[-52.30358,-15.91198],[-52.25272,-15.89278],[-52.32809,-16.0706],[-52.52553,-16.14055],[-52.54506,-16.22313],[-52.5697,-16.22885],[-52.54768,-16.26238],[-52.57642,-16.24995],[-52.68215,-16.30406],[-52.6884,-16.3963],[-52.60439,-16.46466],[-52.61259,-16.50212],[-52.63756,-16.50291],[-52.62709,-16.53544],[-52.66862,-16.55051],[-52.67551,-16.58499],[-52.7402,-16.58906],[-52.7157,-16.63926],[-52.74687,-16.63071],[-52.78598,-16.74119],[-52.93264,-16.80287],[-52.94842,-16.8595]]]]}},{"type":"Feature","id":"51021","properties":{"code":"51021","name":"RondonãPolis"},"geometry":{"type":"MultiPolygon","coordinates":[[[[-55.12726,-17.65272],[-55.2215,-17.6171],[-55.29442,-17.54173],[-55.35067,-17.54856],[-55.37711,-17.51504],[-55.52409,-17.48118],[-55.6037,-17.36682],[-55.53186,-17.3288],[-55.43487,-17.37145],[-55.36782,-17.3637],[-55.29919,-17.29033],[-55.20955,-17.2697],[-55.18441,-17.21032],[-55.1163,-17.18518],[-55.0821,-17.13235],[-54.83994,-17.06941],[-54.87508,-16.9029],[-54.82731,-16.75889],[-54.90635,-16.67442],[-54.89194,-16.59239],[-54.96306,-16.52405],[-54.97114,-16.47203],[-55.01288,-16.51525],[-55.05573,-16.44727],[-55.20007,-16.4535],[-55.30309,-15.89747],[-55.24244,-15.74324],[-55.09293,-15.66482],[-55.08055,-15.60758],[-54.97337,-15.62792],[-54.97079,-15.54276],[-54.9158,-15.48994],[-54.70802,-15.3929],[-54.55824,-15.36127],[-54.51894,-15.40032],[-54.56108,-15.57717],[-54.67533,-15.84817],[-54.46345,-15.91829],[-54.48121,-16.10416],[-54.41611,-16.14585],[-54.46132,-16.24307],[-54.38836,-16.32736],[-54.27601,-16.34407],[-54.22872,-16.31581],[-54.18064,-16.39844],[-54.2345,-16.48897],[-54.15598,-16.51014],[-54.03615,-16.46851],[-53.89024,-16.59013],[-53.83456,-16.57903],[-53.84999,-16.66341],[-53.82601,-16.72405],[-54.0001,-16.8733],[-54.01806,-16.9357],[-53.92881,-17.08768],[-53.95223,-17.15265],[-53.88454,-17.12076],[-53.80497,-17.14895],[-53.68861,-17.21583],[-53.68353,-17.25217],[-53.70515,-17.22815],[-53.75908,-17.24314],[-53.82007,-17.29462],[-53.83327,-17.35711],[-53.95225,-17.45934],[-54.03764,-17.48645],[-54.08469,-17.61903],[-54.17883,-17.60285],[-54.33558,-17.66172],[-54.38669,-17.63536],[-54.38294,-17.57153],[-54.46691,-17.52907],[-54.48131,-17.48766],[-54.58166,-17.46801],[-54.74691,-17.51994],[-54.75878,-17.5657],[-54.86086,-17.62385],[-54.94342,-17.60903],[-54.99183,-17.6384],[-55.10876,-17.62866],[-55.12726,-17.65272]]]]}},{"type":"Feature","id":"51022","properties":{"code":"51022","name":"Alto Araguaia"},"geometry":{"type":"MultiPolygon","coordinates":[[[[-53.77422,-18.00077],[-53.86006,-17.92116],[-53.94891,-17.92342],[-53.95502,-17.87124],[-53.84932,-17.69725],[-53.70461,-17.66351],[-53.68436,-17.22412],[-53.88042,-17.12147],[-53.95223,-17.15265],[-53.92881,-17.08768],[-54.01806,-16.9357],[-54.00705,-16.88567],[-53.86322,-16.75674],[-53.82099,-16.79793],[-53.73601,-16.76623],[-53.71142,-16.72833],[-53.61047,-16.72761],[-53.49795,-16.66903],[-53.41883,-16.68096],[-53.42789,-16.56],[-53.36933,-16.4852],[-53.30951,-16.46006],[-53.3363,-16.48541],[-53.30249,-16.47986],[-53.27129,-16.43361],[-53.24492,-16.47753],[-53.20407,-16.46362],[-53.14716,-16.58752],[-53.36229,-16.85392],[-53.23923,-16.80687],[-53.01361,-16.86628],[-53.06898,-17.02997],[-53.05602,-17.07037],[-53.11912,-17.11322],[-53.21926,-17.29772],[-53.19693,-17.38045],[-53.24688,-17.52759],[-53.24688,-17.69068],[-53.16862,-17.76626],[-53.13144,-17.9169],[-53.07004,-17.98591],[-53.07228,-18.03398],[-53.17679,-18.04158],[-53.24154,-18.00471],[-53.38077,-18.00876],[-53.43041,-17.98399],[-53.48607,-18.0404],[-53.58954,-18.01261],[-53.61613,-17.97619],[-53.66125,-17.97751],[-53.69219,-18.01368],[-53.77422,-18.00077]]]]}},{"type":"Feature","id":"52001","properties":{"code":"52001","name":"SãO Miguel Do Araguaia"},"geometry":{"type":"MultiPolygon","coordinates":[[[[-50.07859,-15.13638],[-50.12832,-15.07984],[-50.19104,-15.05937],[-50.24437,-14.96629],[-50.30379,-14.93982],[-50.40329,-15.02552],[-50.50532,-15.05727],[-50.59393,-14.99065],[-50.77095,-14.95535],[-50.82887,-14.82168],[-50.83443,-14.71165],[-50.87988,-14.66634],[-50.84026,-14.62628],[-50.88046,-14.59833],[-50.83977,-14.42267],[-50.79904,-14.39374],[-50.75937,-14.2971],[-50.84865,-14.12163],[-50.83129,-14.07449],[-50.86596,-13.97522],[-50.84062,-13.86585],[-50.87179,-13.73309],[-50.80396,-13.69096],[-50.76345,-13.53001],[-50.66546,-13.44228],[-50.66565,-13.37614],[-50.60721,-13.31086],[-50.58453,-13.21529],[-50.61171,-13.06436],[-50.56918,-13.03913],[-50.59301,-13.00286],[-50.52593,-12.97642],[-50.47807,-12.70995],[-50.43538,-12.69431],[-50.44087,-12.65327],[-50.41334,-12.65014],[-50.36593,-12.54607],[-50.14487,-12.39521],[-50.21767,-12.4889],[-50.2294,-12.5339],[-50.19318,-12.56431],[-50.23821,-12.57959],[-50.26682,-12.68245],[-50.30011,-12.68089],[-50.29265,-12.83992],[-50.18343,-12.89677],[-49.9136,-12.96555],[-49.36953,-13.27462],[-49.48653,-13.25038],[-49.57928,-13.28745],[-49.62503,-13.35428],[-49.78366,-13.4552],[-49.82245,-13.45283],[-49.85466,-13.4984],[-50.00042,-13.48664],[-50.05946,-13.52452],[-50.11901,-13.50856],[-50.16815,-13.55342],[-50.22351,-13.53684],[-50.27545,-13.57626],[-50.24678,-13.57666],[-50.23962,-13.65405],[-50.14817,-13.64527],[-50.13603,-13.6807],[-50.11634,-13.68926],[-50.10709,-13.65893],[-50.05676,-13.70613],[-50.03239,-13.67989],[-49.98245,-13.68652],[-49.96045,-13.74356],[-49.92284,-13.7563],[-49.97404,-13.88638],[-49.94847,-13.91567],[-49.95262,-13.88532],[-49.83231,-13.90784],[-49.81851,-13.94083],[-49.86695,-13.95775],[-49.85148,-13.97689],[-49.88184,-13.98636],[-49.87342,-14.04519],[-49.89636,-14.06866],[-49.8205,-14.14115],[-49.86129,-14.18312],[-49.80781,-14.20898],[-49.82578,-14.23482],[-49.81009,-14.2918],[-49.7805,-14.30322],[-49.79973,-14.32819],[-49.77373,-14.32652],[-49.78164,-14.38839],[-49.694,-14.466],[-49.77049,-14.47699],[-49.75508,-14.53166],[-49.77109,-14.50683],[-49.77845,-14.54009],[-49.82518,-14.56174],[-49.81245,-14.62028],[-49.78489,-14.61976],[-49.73156,-14.68945],[-49.82479,-14.78161],[-49.839,-14.9654],[-49.87995,-14.98794],[-49.91098,-14.96536],[-49.98779,-15.01481],[-50.04565,-15.05925],[-50.07859,-15.13638]]]]}},{"type":"Feature","id":"52002","properties":{"code":"52002","name":"Rio Vermelho"},"geometry":{"type":"MultiPolygon","coordinates":[[[[-49.86717,-15.98845],[-49.9427,-15.96552],[-50.08337,-16.04459],[-50.25738,-16.09425],[-50.37388,-16.07632],[-50.47796,-16.11995],[-50.50623,-16.00831],[-50.58141,-16.04108],[-50.61821,-15.96517],[-50.68343,-15.95212],[-50.68413,-15.90988],[-50.72349,-15.87711],[-50.79415,-15.94352],[-50.78391,-15.99596],[-50.81427,-16.02363],[-50.87207,-16.01095],[-50.91424,-16.05374],[-51.06363,-15.96904],[-51.19577,-15.9656],[-51.22153,-15.94126],[-51.26457,-15.97493],[-51.33135,-15.9254],[-51.37244,-15.93561],[-51.38202,-15.90044],[-51.43239,-15.87745],[-51.42861,-15.84742],[-51.53244,-15.81199],[-51.52781,-15.72576],[-51.57572,-15.70253],[-51.57949,-15.60065],[-51.651,-15.56132],[-51.63569,-15.52471],[-51.70841,-15.45648],[-51.67138,-15.37173],[-51.68683,-15.30277],[-51.64694,-15.26795],[-51.66802,-15.24634],[-51.6521,-15.17987],[-51.599,-15.15674],[-51.53254,-15.06557],[-51.47775,-15.05672],[-51.42776,-15.00833],[-51.37681,-15.01286],[-51.32622,-14.97093],[-51.29049,-15.03433],[-51.2426,-15.0354],[-51.08324,-14.91593],[-51.08982,-14.84116],[-51.04296,-14.79139],[-51.05396,-14.74666],[-50.96285,-14.52702],[-50.9991,-14.41796],[-50.91382,-14.11158],[-50.89007,-14.1279],[-50.84143,-14.1049],[-50.75937,-14.2971],[-50.79904,-14.39374],[-50.83977,-14.42267],[-50.88046,-14.59833],[-50.84026,-14.62628],[-50.87988,-14.66634],[-50.83443,-14.71165],[-50.79763,-14.92636],[-50.76179,-14.95861],[-50.59393,-14.99065],[-50.50692,-15.05723],[-50.40329,-15.02552],[-50.30379,-14.93982],[-50.24378,-14.96685],[-50.23656,-15.01264],[-50.12832,-15.07984],[-50.11318,-15.12087],[-50.0502,-15.12759],[-50.03905,-15.19745],[-50.13184,-15.33803],[-50.1657,-15.52459],[-50.1224,-15.65962],[-50.06742,-15.70336],[-50.06943,-15.78792],[-49.88504,-15.75335],[-49.80987,-15.82417],[-49.79609,-15.88471],[-49.8404,-15.90645],[-49.86717,-15.98845]]]]}},{"type":"Feature","id":"52003","properties":{"code":"52003","name":"AragarãAs"},"geometry":{"type":"MultiPolygon","coordinates":[[[[-52.63299,-16.51559],[-52.60439,-16.46466],[-52.6884,-16.3963],[-52.67365,-16.29411],[-52.57642,-16.24995],[-52.54768,-16.26238],[-52.5697,-16.22885],[-52.54506,-16.22313],[-52.52553,-16.14055],[-52.32809,-16.0706],[-52.25264,-15.89266],[-52.01131,-15.88623],[-51.94883,-15.81039],[-51.881,-15.82777],[-51.75781,-15.63595],[-51.77755,-15.539],[-51.72772,-15.55079],[-51.73547,-15.51087],[-51.69879,-15.48496],[-51.63569,-15.52471],[-51.651,-15.56132],[-51.57949,-15.60065],[-51.57572,-15.70253],[-51.52781,-15.72576],[-51.53244,-15.81199],[-51.42861,-15.84742],[-51.43239,-15.87745],[-51.38202,-15.90044],[-51.37244,-15.93561],[-51.33135,-15.9254],[-51.26693,-15.97444],[-51.2388,-15.96325],[-51.20665,-16.00361],[-51.1709,-16.18974],[-51.11241,-16.30685],[-51.40475,-16.2673],[-51.44052,-16.34662],[-51.37552,-16.46084],[-51.5056,-16.53755],[-51.50653,-16.5801],[-51.57336,-16.65711],[-51.5953,-16.6045],[-51.63258,-16.59531],[-51.707,-16.64337],[-51.75277,-16.59891],[-51.86623,-16.659],[-51.8995,-16.63416],[-51.918,-16.65089],[-51.976,-16.62744],[-52.0035,-16.56774],[-52.04744,-16.54567],[-52.05206,-16.4915],[-52.17764,-16.46136],[-52.25973,-16.59866],[-52.36428,-16.5362],[-52.4937,-16.5635],[-52.50861,-16.54115],[-52.5659,-16.5469],[-52.56456,-16.51802],[-52.59124,-16.53511],[-52.63299,-16.51559]]]]}},{"type":"Feature","id":"52004","properties":{"code":"52004","name":"Porangatu"},"geometry":{"type":"MultiPolygon","coordinates":[[[[-48.07763,-14.89506],[-48.10135,-14.84864],[-48.18466,-14.84871],[-48.35466,-14.90855],[-48.38115,-14.94442],[-48.42204,-14.93743],[-48.52208,-15.01775],[-48.61911,-15.00545],[-48.65002,-14.95875],[-48.69755,-14.98114],[-48.68361,-14.95191],[-48.74914,-14.93928],[-48.73669,-14.88272],[-48.76178,-14.84747],[-48.71316,-14.80109],[-48.72739,-14.6727],[-48.77188,-14.64276],[-48.84284,-14.68954],[-48.95028,-14.68104],[-49.01142,-14.57578],[-49.04491,-14.58842],[-49.017,-14.62214],[-49.05408,-14.61711],[-49.00213,-14.71909],[-49.14347,-14.73375],[-49.15214,-14.76858],[-49.19305,-14.76869],[-49.31733,-14.67333],[-49.35106,-14.61169],[-49.39136,-14.63795],[-49.43498,-14.61957],[-49.44681,-14.55762],[-49.35547,-14.50469],[-49.40936,-14.42973],[-49.42583,-14.26158],[-49.45992,-14.29211],[-49.48264,-14.23794],[-49.56039,-14.20033],[-49.56164,-14.23284],[-49.49706,-14.25519],[-49.47359,-14.46249],[-49.54162,-14.46389],[-49.56772,-14.64715],[-49.62487,-14.67656],[-49.66053,-14.48098],[-49.73348,-14.44903],[-49.73228,-14.41945],[-49.78164,-14.38839],[-49.77373,-14.32652],[-49.79973,-14.32819],[-49.7805,-14.30322],[-49.81009,-14.2918],[-49.82578,-14.23482],[-49.80781,-14.20898],[-49.86129,-14.18312],[-49.8205,-14.14115],[-49.89636,-14.06866],[-49.87342,-14.04519],[-49.88184,-13.98636],[-49.85148,-13.97689],[-49.86695,-13.95775],[-49.81851,-13.94083],[-49.83414,-13.90421],[-49.95262,-13.88532],[-49.94847,-13.91567],[-49.97404,-13.88638],[-49.92062,-13.76742],[-49.96045,-13.74356],[-49.97131,-13.69026],[-50.03239,-13.67989],[-50.05676,-13.70613],[-50.10709,-13.65893],[-50.11634,-13.68926],[-50.13603,-13.6807],[-50.14817,-13.64527],[-50.23712,-13.65512],[-50.24678,-13.57666],[-50.27446,-13.57453],[-50.22351,-13.53684],[-50.16815,-13.55342],[-50.11901,-13.50856],[-50.05946,-13.52452],[-50.00042,-13.48664],[-49.85466,-13.4984],[-49.82245,-13.45283],[-49.78366,-13.4552],[-49.62503,-13.35428],[-49.57928,-13.28745],[-49.48653,-13.25038],[-49.37183,-13.27671],[-49.33943,-13.2508],[-49.338,-13.06729],[-49.23741,-12.88407],[-49.12103,-12.7904],[-49.10622,-12.8361],[-49.06752,-12.84733],[-49.07884,-12.90356],[-49.02302,-12.90712],[-48.97563,-12.95719],[-48.87147,-12.80411],[-48.84677,-12.8098],[-48.84236,-12.8444],[-48.73658,-12.92102],[-48.73075,-12.98979],[-48.67166,-12.99573],[-48.60141,-13.06088],[-48.5771,-13.12567],[-48.59677,-13.15263],[-48.58641,-13.31761],[-48.55361,-13.30198],[-48.55461,-13.20497],[-48.50794,-13.128],[-48.47363,-13.13741],[-48.47528,-13.23573],[-48.44171,-13.29237],[-48.33694,-13.24708],[-48.34213,-13.2284],[-48.3071,-13.23544],[-48.23188,-13.16817],[-48.14665,-13.15201],[-48.17199,-13.31102],[-48.14666,-13.43633],[-48.1689,-13.44843],[-48.18696,-13.42068],[-48.19871,-13.47146],[-48.13157,-13.50497],[-48.14083,-13.54786],[-48.09199,-13.55083],[-48.14671,-13.66696],[-48.13785,-13.7535],[-48.24602,-13.85774],[-48.33259,-13.83628],[-48.34136,-13.88595],[-48.31518,-13.94146],[-48.25283,-13.95795],[-48.2453,-13.99332],[-48.19232,-14.02386],[-48.12677,-14.17081],[-48.0048,-14.24292],[-48.00324,-14.26727],[-47.90913,-14.28186],[-47.90763,-14.33883],[-47.8323,-14.33466],[-47.8594,-14.40387],[-47.82243,-14.50527],[-47.76162,-14.54164],[-47.78633,-14.69029],[-47.90771,-14.79881],[-48.028,-14.82386],[-48.07763,-14.89506]]]]}},{"type":"Feature","id":"52005","properties":{"code":"52005","name":"Chapada Dos Veadeiros"},"geometry":{"type":"MultiPolygon","coordinates":[[[[-47.64635,-14.83096],[-47.6314,-14.7441],[-47.6599,-14.70643],[-47.69218,-14.7424],[-47.71741,-14.65249],[-47.77606,-14.63821],[-47.76162,-14.54164],[-47.82476,-14.50185],[-47.86433,-14.38068],[-47.8323,-14.33466],[-47.90763,-14.33883],[-47.90913,-14.28186],[-48.00324,-14.26727],[-48.0048,-14.24292],[-48.12677,-14.17081],[-48.19232,-14.02386],[-48.2453,-13.99332],[-48.25283,-13.95795],[-48.31518,-13.94146],[-48.34136,-13.88595],[-48.33259,-13.83628],[-48.24602,-13.85774],[-48.13785,-13.7535],[-48.14671,-13.66696],[-48.09199,-13.55083],[-48.14083,-13.54786],[-48.13157,-13.50497],[-48.19871,-13.47146],[-48.18696,-13.42068],[-48.1689,-13.44843],[-48.14666,-13.43633],[-48.16981,-13.29935],[-48.08302,-13.28878],[-48.06246,-13.2354],[-47.96632,-13.31526],[-47.93588,-13.29072],[-47.88358,-13.32051],[-47.82122,-13.31261],[-47.67899,-13.46771],[-47.62273,-13.36766],[-47.65013,-13.35125],[-47.64049,-13.26321],[-47.6689,-13.2094],[-47.63423,-13.10311],[-47.56252,-13.12262],[-47.56307,-13.18423],[-47.47889,-13.18514],[-47.48712,-13.22025],[-47.43576,-13.2271],[-47.4551,-13.24938],[-47.42707,-13.29066],[-47.3771,-13.22947],[-47.28215,-13.26491],[-47.22823,-13.19432],[-47.15305,-13.20997],[-47.13259,-13.1785],[-46.97887,-13.13158],[-46.89292,-13.05322],[-46.85456,-13.06731],[-46.8197,-13.00247],[-46.75061,-12.96916],[-46.45465,-12.97115],[-46.41762,-12.82346],[-46.36619,-12.86485],[-46.36428,-12.99136],[-46.11426,-12.91789],[-46.12584,-12.96148],[-46.24979,-12.99987],[-46.29592,-13.06394],[-46.45111,-13.05499],[-46.5902,-13.21378],[-46.68318,-13.24365],[-46.69906,-13.36891],[-46.76951,-13.44632],[-46.79198,-13.59008],[-46.84021,-13.59074],[-46.85433,-13.62254],[-46.79632,-13.6584],[-46.78392,-13.71782],[-46.83545,-13.75984],[-46.81717,-13.79596],[-46.85181,-13.82882],[-46.8255,-13.84796],[-46.8682,-13.88441],[-46.83717,-13.91168],[-46.85095,-13.98644],[-46.82701,-14.03033],[-46.87559,-14.03338],[-46.93804,-14.103],[-47.03211,-14.08951],[-47.12929,-14.20061],[-47.19012,-14.33009],[-47.14537,-14.53797],[-47.18531,-14.54396],[-47.23615,-14.68916],[-47.29014,-14.70143],[-47.31471,-14.76717],[-47.42857,-14.82923],[-47.4784,-14.81735],[-47.55571,-14.73009],[-47.64635,-14.83096]]]]}},{"type":"Feature","id":"52006","properties":{"code":"52006","name":"Ceres"},"geometry":{"type":"MultiPolygon","coordinates":[[[[-50.06865,-15.78845],[-50.08651,-15.76849],[-50.06712,-15.70431],[-50.12512,-15.65401],[-50.16868,-15.45283],[-50.10473,-15.28338],[-50.03905,-15.19745],[-50.0514,-15.07079],[-49.92478,-14.97052],[-49.87995,-14.98794],[-49.839,-14.9654],[-49.82479,-14.78161],[-49.73164,-14.69026],[-49.82462,-14.59554],[-49.81603,-14.54443],[-49.77845,-14.54009],[-49.77109,-14.50683],[-49.75508,-14.53166],[-49.77049,-14.47699],[-49.66053,-14.48098],[-49.62487,-14.67656],[-49.56801,-14.64779],[-49.54162,-14.46389],[-49.47359,-14.46249],[-49.49706,-14.25519],[-49.56164,-14.23284],[-49.56345,-14.20265],[-49.48264,-14.23794],[-49.45992,-14.29211],[-49.42583,-14.26158],[-49.40936,-14.42973],[-49.35547,-14.50469],[-49.44681,-14.55762],[-49.43498,-14.61957],[-49.39136,-14.63795],[-49.35106,-14.61169],[-49.31733,-14.67333],[-49.19305,-14.76869],[-49.15214,-14.76858],[-49.14347,-14.73375],[-49.00213,-14.71909],[-49.05408,-14.61711],[-49.016,-14.62095],[-49.03913,-14.57715],[-48.99172,-14.58646],[-48.9875,-14.64398],[-48.95028,-14.68104],[-48.84284,-14.68954],[-48.77188,-14.64276],[-48.72739,-14.6727],[-48.71344,-14.80191],[-48.76178,-14.84747],[-48.75919,-14.88976],[-48.90828,-15.16394],[-48.92627,-15.24985],[-49.06252,-15.30761],[-49.08264,-15.51287],[-49.1198,-15.52514],[-49.08903,-15.53864],[-49.13014,-15.57394],[-49.18672,-15.60247],[-49.23553,-15.56299],[-49.21989,-15.48666],[-49.28025,-15.43641],[-49.31409,-15.49192],[-49.42937,-15.49305],[-49.45542,-15.5327],[-49.55461,-15.46595],[-49.57565,-15.4992],[-49.55742,-15.63776],[-49.60581,-15.69814],[-49.6389,-15.68259],[-49.6895,-15.82709],[-49.68481,-15.75477],[-49.75159,-15.65756],[-49.81845,-15.71168],[-49.90028,-15.72707],[-49.89807,-15.75287],[-49.93276,-15.74019],[-50.06865,-15.78845]]]]}},{"type":"Feature","id":"52007","properties":{"code":"52007","name":"AnãPolis"},"geometry":{"type":"MultiPolygon","coordinates":[[[[-49.6912,-16.50765],[-49.69529,-16.47206],[-49.739,-16.46642],[-49.8202,-16.3863],[-49.74379,-16.36242],[-49.76928,-16.30677],[-49.82143,-16.27563],[-49.87448,-16.28551],[-49.87428,-16.22838],[-50.03237,-16.18248],[-50.03623,-16.01885],[-49.9427,-15.96552],[-49.86717,-15.98845],[-49.8404,-15.90645],[-49.79609,-15.88471],[-49.84498,-15.78136],[-49.93862,-15.7491],[-49.89807,-15.75287],[-49.90028,-15.72707],[-49.81845,-15.71168],[-49.75034,-15.65772],[-49.68481,-15.75477],[-49.6895,-15.82709],[-49.6389,-15.68259],[-49.60581,-15.69814],[-49.55742,-15.63776],[-49.56903,-15.47679],[-49.52887,-15.47087],[-49.50789,-15.5154],[-49.45542,-15.5327],[-49.42937,-15.49305],[-49.31519,-15.49251],[-49.27156,-15.43946],[-49.21989,-15.48666],[-49.23618,-15.56229],[-49.17028,-15.62747],[-49.1287,-15.62428],[-49.21735,-15.85602],[-49.18078,-15.95878],[-49.13235,-15.99841],[-49.15513,-16.02665],[-49.13163,-16.0525],[-49.18346,-16.12435],[-49.10627,-16.14613],[-48.94205,-16.13125],[-48.92264,-16.16357],[-48.95434,-16.2369],[-48.82905,-16.23348],[-48.77341,-16.27756],[-48.75024,-16.37541],[-48.86885,-16.39493],[-48.99647,-16.4856],[-48.98091,-16.399],[-49.02348,-16.41293],[-49.05011,-16.37627],[-49.09353,-16.38146],[-49.11714,-16.4269],[-49.23059,-16.32102],[-49.26183,-16.33655],[-49.25792,-16.40265],[-49.28061,-16.39911],[-49.29676,-16.44334],[-49.38665,-16.45633],[-49.42339,-16.40556],[-49.4441,-16.45347],[-49.51526,-16.4975],[-49.5843,-16.48285],[-49.6912,-16.50765]]]]}},{"type":"Feature","id":"52008","properties":{"code":"52008","name":"Iporã"},"geometry":{"type":"MultiPolygon","coordinates":[[[[-51.05458,-16.95722],[-51.22386,-16.8144],[-51.21985,-16.6976],[-51.30783,-16.56478],[-51.28764,-16.55428],[-51.30611,-16.51885],[-51.39707,-16.44584],[-51.43332,-16.31647],[-51.40096,-16.26543],[-51.11241,-16.30685],[-51.1709,-16.18974],[-51.20665,-16.00361],[-51.25744,-15.96938],[-51.24132,-15.94817],[-51.06363,-15.96904],[-50.91424,-16.05374],[-50.87207,-16.01095],[-50.81427,-16.02363],[-50.78391,-15.99596],[-50.79415,-15.94352],[-50.72349,-15.87711],[-50.68413,-15.90988],[-50.68343,-15.95212],[-50.61821,-15.96517],[-50.58141,-16.04108],[-50.50623,-16.00831],[-50.51415,-16.03318],[-50.47395,-16.07386],[-50.48955,-16.14696],[-50.55743,-16.20158],[-50.46301,-16.26085],[-50.54127,-16.40071],[-50.52315,-16.48477],[-50.55326,-16.52102],[-50.59449,-16.50576],[-50.61679,-16.58931],[-50.66138,-16.61031],[-50.60713,-16.63457],[-50.58427,-16.70029],[-50.61724,-16.78721],[-50.64873,-16.80284],[-50.64122,-16.83498],[-50.73607,-16.80686],[-50.79962,-16.82348],[-50.81891,-16.67101],[-50.84927,-16.72695],[-51.05711,-16.86044],[-51.05458,-16.95722]]]]}},{"type":"Feature","id":"52009","properties":{"code":"52009","name":"Anicuns"},"geometry":{"type":"MultiPolygon","coordinates":[[[[-50.64122,-16.83498],[-50.64873,-16.80284],[-50.61724,-16.78721],[-50.58438,-16.69802],[-50.60713,-16.63457],[-50.66082,-16.60754],[-50.61679,-16.58931],[-50.59449,-16.50576],[-50.53204,-16.50744],[-50.54127,-16.40071],[-50.46307,-16.26225],[-50.55743,-16.20158],[-50.39804,-16.08181],[-50.25738,-16.09425],[-50.04176,-16.03037],[-50.03156,-16.18356],[-49.87428,-16.22838],[-49.87448,-16.28551],[-49.82143,-16.27563],[-49.76928,-16.30677],[-49.74379,-16.36242],[-49.80056,-16.36256],[-49.81498,-16.3981],[-49.739,-16.46642],[-49.69529,-16.47206],[-49.68142,-16.53477],[-49.59528,-16.54406],[-49.66987,-16.67196],[-49.72789,-16.67012],[-49.73051,-16.63804],[-49.88656,-16.64015],[-49.97279,-16.5902],[-50.19423,-16.68585],[-50.25329,-16.73316],[-50.28256,-16.80223],[-50.28563,-16.76647],[-50.36008,-16.74139],[-50.36136,-16.69923],[-50.40604,-16.71909],[-50.45061,-16.79795],[-50.57618,-16.84794],[-50.64122,-16.83498]]]]}},{"type":"Feature","id":"52010","properties":{"code":"52010","name":"GoiãNia"},"geometry":{"type":"MultiPolygon","coordinates":[[[[-48.64478,-17.18387],[-48.72334,-17.15854],[-48.79046,-17.19432],[-48.84457,-17.06056],[-48.87715,-17.04742],[-48.98235,-17.09239],[-49.043,-17.053],[-49.08472,-17.06034],[-49.1205,-17.09767],[-49.1113,-17.13598],[-49.19192,-17.1373],[-49.2317,-17.08254],[-49.39011,-17.15767],[-49.48915,-17.15957],[-49.47534,-16.98255],[-49.60626,-17.06388],[-49.63423,-17.01052],[-49.59512,-16.95271],[-49.74918,-16.94583],[-49.72006,-16.88444],[-49.66532,-16.8753],[-49.59678,-16.81253],[-49.63745,-16.80023],[-49.61692,-16.77923],[-49.69287,-16.68048],[-49.59528,-16.54406],[-49.6512,-16.54857],[-49.69141,-16.50744],[-49.5843,-16.48285],[-49.51526,-16.4975],[-49.4441,-16.45347],[-49.42339,-16.40556],[-49.38665,-16.45633],[-49.29676,-16.44334],[-49.28061,-16.39911],[-49.25792,-16.40265],[-49.26183,-16.33655],[-49.23059,-16.32102],[-49.11714,-16.4269],[-49.09353,-16.38146],[-49.05011,-16.37627],[-49.02348,-16.41293],[-48.98091,-16.399],[-48.99647,-16.4856],[-48.90096,-16.41775],[-48.78578,-16.5877],[-48.72713,-16.60448],[-48.71883,-16.67658],[-48.79633,-16.62994],[-48.87266,-16.65714],[-48.91562,-16.73073],[-48.79103,-16.80702],[-48.80581,-16.91239],[-48.76942,-16.93706],[-48.77158,-17.01088],[-48.71522,-17.03961],[-48.68016,-17.12028],[-48.64025,-17.13026],[-48.64478,-17.18387]]]]}},{"type":"Feature","id":"52011","properties":{"code":"52011","name":"VãO Do Paranã"},"geometry":{"type":"MultiPolygon","coordinates":[[[[-46.92506,-15.05751],[-46.98434,-14.91057],[-47.0547,-14.90287],[-47.07281,-14.81012],[-47.11448,-14.77898],[-47.0932,-14.75162],[-47.10073,-14.62724],[-47.07226,-14.59676],[-47.09354,-14.54579],[-47.15218,-14.53085],[-47.1892,-14.40307],[-47.18443,-14.30271],[-47.05364,-14.10387],[-46.99643,-14.0815],[-46.93804,-14.103],[-46.87559,-14.03338],[-46.82701,-14.03033],[-46.85095,-13.98644],[-46.83717,-13.91168],[-46.8682,-13.88441],[-46.8255,-13.84796],[-46.85181,-13.82882],[-46.81717,-13.79596],[-46.83545,-13.75984],[-46.78392,-13.71782],[-46.79632,-13.6584],[-46.85433,-13.62254],[-46.84021,-13.59074],[-46.79198,-13.59008],[-46.76951,-13.44632],[-46.69906,-13.36891],[-46.68318,-13.24365],[-46.5902,-13.21378],[-46.45111,-13.05499],[-46.29592,-13.06394],[-46.32266,-13.09828],[-46.29164,-13.14359],[-46.33114,-13.24954],[-46.29859,-13.25368],[-46.31592,-13.30317],[-46.27939,-13.3479],[-46.06387,-13.26129],[-46.04108,-13.27667],[-46.13403,-13.37523],[-46.24331,-13.43026],[-46.20642,-13.46563],[-46.23025,-13.48143],[-46.2355,-13.56291],[-46.16196,-13.59093],[-46.26135,-13.68766],[-46.23564,-13.71097],[-46.26689,-13.74032],[-46.22442,-13.771],[-46.28245,-13.79649],[-46.23366,-13.84562],[-46.26813,-13.94376],[-46.21873,-13.97405],[-46.21001,-14.01285],[-46.24842,-14.05654],[-46.22686,-14.0733],[-46.26578,-14.09796],[-46.18564,-14.15186],[-46.11814,-14.16036],[-46.09622,-14.20549],[-46.06116,-14.19437],[-46.06103,-14.23252],[-45.99605,-14.25722],[-45.94267,-14.34377],[-45.9073,-14.35323],[-45.93535,-14.41534],[-46.01758,-14.41898],[-46.00427,-14.51581],[-45.97708,-14.53884],[-45.99664,-14.54297],[-45.98975,-14.65919],[-46.02931,-14.68076],[-46.00189,-14.71126],[-46.00734,-14.79245],[-46.05283,-14.83137],[-46.03688,-14.87355],[-46.08814,-14.93639],[-46.16295,-14.90611],[-46.17389,-14.94873],[-46.21756,-14.94342],[-46.30756,-14.91078],[-46.3222,-14.81458],[-46.50111,-14.70303],[-46.56628,-14.7884],[-46.52156,-14.85118],[-46.54654,-14.92544],[-46.50361,-15.05343],[-46.62806,-15.08949],[-46.84434,-15.00908],[-46.92506,-15.05751]]]]}},{"type":"Feature","id":"52012","properties":{"code":"52012","name":"Entorno De BrasãLia"},"geometry":{"type":"MultiPolygon","coordinates":[[[[-47.46529,-17.35585],[-47.50992,-17.33199],[-47.50065,-17.29528],[-47.53916,-17.23178],[-47.71324,-17.05433],[-47.6906,-16.90212],[-47.73068,-16.92928],[-47.90282,-16.9155],[-47.91949,-17.00428],[-48.01595,-16.92926],[-48.07935,-16.92875],[-48.08132,-16.78511],[-48.10522,-16.74831],[-48.19472,-16.735],[-48.19141,-16.64846],[-48.26532,-16.49742],[-48.40058,-16.38493],[-48.37974,-16.3008],[-48.45683,-16.28494],[-48.55063,-16.34629],[-48.63128,-16.28271],[-48.76805,-16.29288],[-48.84844,-16.22694],[-48.9222,-16.21903],[-48.94809,-16.2433],[-48.92264,-16.16357],[-48.94205,-16.13125],[-49.10627,-16.14613],[-49.18221,-16.12659],[-49.13163,-16.0525],[-49.15513,-16.02665],[-49.13235,-15.99841],[-49.18078,-15.95878],[-49.21735,-15.85602],[-49.1287,-15.62428],[-49.18894,-15.60803],[-49.08903,-15.53864],[-49.1198,-15.52514],[-49.08264,-15.51287],[-49.06252,-15.30761],[-48.92627,-15.24985],[-48.76141,-14.86304],[-48.73669,-14.88272],[-48.74914,-14.93928],[-48.68314,-14.95263],[-48.69821,-14.98077],[-48.65002,-14.95875],[-48.61911,-15.00545],[-48.52208,-15.01775],[-48.42204,-14.93743],[-48.38115,-14.94442],[-48.35466,-14.90855],[-48.18577,-14.84891],[-48.10135,-14.84864],[-48.07763,-14.89506],[-48.028,-14.82386],[-47.85657,-14.76566],[-47.76218,-14.63981],[-47.71705,-14.65294],[-47.69218,-14.7424],[-47.6599,-14.70643],[-47.6314,-14.7441],[-47.64635,-14.83096],[-47.55571,-14.73009],[-47.4784,-14.81735],[-47.4225,-14.82921],[-47.31471,-14.76717],[-47.28253,-14.69433],[-47.23615,-14.68916],[-47.18531,-14.54396],[-47.1062,-14.53833],[-47.07226,-14.59676],[-47.10073,-14.62724],[-47.0932,-14.75162],[-47.11448,-14.77898],[-47.07281,-14.81012],[-47.0547,-14.90287],[-46.98434,-14.91057],[-46.88832,-15.11254],[-46.94087,-15.2307],[-46.92766,-15.2551],[-46.89148,-15.23526],[-46.88932,-15.28225],[-46.83596,-15.32355],[-46.86948,-15.36147],[-46.84948,-15.37316],[-46.92931,-15.43994],[-46.9491,-15.5546],[-46.85488,-15.6183],[-46.80956,-15.88428],[-47.08517,-15.96149],[-47.14195,-15.92664],[-47.21953,-16.01424],[-47.27654,-16.00617],[-47.31875,-16.03769],[-47.37724,-15.98637],[-47.36121,-15.92447],[-47.38078,-15.88121],[-47.31258,-15.7401],[-47.33373,-15.62976],[-47.31556,-15.59492],[-47.41766,-15.54639],[-47.41734,-15.50026],[-48.20054,-15.50026],[-48.19903,-15.62198],[-48.23495,-15.64264],[-48.24133,-15.68699],[-48.21324,-15.74875],[-48.28509,-15.83672],[-48.27639,-15.93133],[-48.25021,-15.9474],[-48.27861,-16.05026],[-47.3062,-16.05288],[-47.35273,-16.13283],[-47.328,-16.24922],[-47.42718,-16.39416],[-47.46007,-16.5051],[-47.41287,-16.57586],[-47.31854,-16.60356],[-47.25016,-16.66682],[-47.22036,-16.80785],[-47.19353,-16.82521],[-47.19779,-16.91002],[-47.16007,-16.9206],[-47.16659,-16.95264],[-47.12593,-16.98177],[-47.14684,-17.03125],[-47.18445,-17.03596],[-47.18037,-17.06281],[-47.24773,-17.08177],[-47.28271,-17.1441],[-47.35199,-17.1665],[-47.35057,-17.20559],[-47.42235,-17.25961],[-47.4218,-17.32126],[-47.46529,-17.35585]]]]}},{"type":"Feature","id":"52013","properties":{"code":"52013","name":"Sudoeste De GoiãS"},"geometry":{"type":"MultiPolygon","coordinates":[[[[-51.6972,-19.12025],[-51.85439,-19.05185],[-51.94009,-18.96766],[-52.0156,-18.98278],[-52.08136,-18.95091],[-52.18147,-18.84792],[-52.34643,-18.82143],[-52.44912,-18.69096],[-52.53126,-18.65802],[-52.59287,-18.68989],[-52.74748,-18.69203],[-52.91676,-18.64029],[-52.96235,-18.54082],[-52.87329,-18.42679],[-52.79851,-18.41486],[-52.75932,-18.34807],[-52.80529,-18.31345],[-52.94779,-18.29613],[-53.02785,-18.3516],[-53.10115,-18.31083],[-53.14324,-18.08184],[-53.07571,-18.0508],[-53.07004,-17.98591],[-53.13144,-17.9169],[-53.16862,-17.76626],[-53.24688,-17.69068],[-53.24388,-17.50511],[-53.19693,-17.38045],[-53.21926,-17.29772],[-53.11912,-17.11322],[-53.05602,-17.07037],[-53.05515,-16.96344],[-53.01133,-16.85801],[-52.96415,-16.86797],[-52.92665,-16.841],[-52.93264,-16.80287],[-52.78598,-16.74119],[-52.74687,-16.63071],[-52.7157,-16.63926],[-52.7402,-16.58906],[-52.67165,-16.58301],[-52.62217,-16.5147],[-52.4937,-16.5635],[-52.36428,-16.5362],[-52.25973,-16.59866],[-52.17764,-16.46136],[-52.05206,-16.4915],[-52.04744,-16.54567],[-52.0035,-16.56774],[-51.976,-16.62744],[-51.918,-16.65089],[-51.8995,-16.63416],[-51.86623,-16.659],[-51.75277,-16.59891],[-51.707,-16.64337],[-51.63258,-16.59531],[-51.5953,-16.6045],[-51.57336,-16.65711],[-51.50653,-16.5801],[-51.5056,-16.53755],[-51.44463,-16.5224],[-51.40005,-16.46822],[-51.34466,-16.47755],[-51.21985,-16.6976],[-51.22386,-16.8144],[-51.03171,-16.97009],[-50.90374,-17.15458],[-50.77676,-17.18946],[-50.67132,-17.35756],[-50.52504,-17.4306],[-50.54266,-17.47672],[-50.51549,-17.52128],[-50.55862,-17.54289],[-50.55874,-17.59603],[-50.5211,-17.64648],[-50.47824,-17.65136],[-50.4599,-17.72521],[-50.40155,-17.69804],[-50.45276,-17.74169],[-50.44135,-17.7999],[-50.3971,-17.83816],[-50.42346,-17.88175],[-50.36992,-17.89376],[-50.38721,-17.91305],[-50.28621,-17.99851],[-50.29141,-18.02914],[-50.22726,-18.01292],[-50.16209,-18.08972],[-50.18485,-18.14166],[-50.2341,-18.13749],[-50.37849,-18.24329],[-50.51174,-18.21472],[-50.52065,-18.17497],[-50.58471,-18.13797],[-50.67635,-18.19384],[-50.81513,-18.1738],[-50.81002,-18.25134],[-50.88765,-18.32078],[-50.97927,-18.28229],[-50.98108,-18.32532],[-51.09656,-18.34786],[-51.17003,-18.29477],[-51.24933,-18.35666],[-51.27017,-18.31739],[-51.36411,-18.28094],[-51.384,-18.36416],[-51.52772,-18.53819],[-51.59019,-18.49942],[-51.75105,-18.46959],[-51.79831,-18.48943],[-51.79942,-18.5415],[-51.83314,-18.56947],[-51.92442,-18.54124],[-51.85595,-18.69234],[-51.76878,-18.7614],[-51.66462,-18.76663],[-51.72408,-18.83316],[-51.6972,-19.12025]]]]}},{"type":"Feature","id":"52014","properties":{"code":"52014","name":"Vale Do Rio Dos Bois"},"geometry":{"type":"MultiPolygon","coordinates":[[[[-50.29007,-18.02961],[-50.28621,-17.99851],[-50.38721,-17.91305],[-50.36992,-17.89376],[-50.42346,-17.88175],[-50.3971,-17.83816],[-50.44135,-17.7999],[-50.45276,-17.74169],[-50.40155,-17.69804],[-50.4599,-17.72521],[-50.47824,-17.65136],[-50.5211,-17.64648],[-50.55874,-17.59603],[-50.55862,-17.54289],[-50.51549,-17.52128],[-50.54266,-17.47672],[-50.52443,-17.43141],[-50.67132,-17.35756],[-50.77676,-17.18946],[-50.90374,-17.15458],[-51.05413,-16.95724],[-51.05711,-16.86044],[-50.84927,-16.72695],[-50.81891,-16.67101],[-50.79962,-16.82348],[-50.7054,-16.80955],[-50.57618,-16.84794],[-50.44918,-16.79716],[-50.40604,-16.71909],[-50.36136,-16.69923],[-50.36008,-16.74139],[-50.28563,-16.76647],[-50.27318,-16.79826],[-50.25329,-16.73316],[-50.19423,-16.68585],[-49.97279,-16.5902],[-49.88656,-16.64015],[-49.72401,-16.63932],[-49.72789,-16.67012],[-49.68926,-16.66932],[-49.65351,-16.76048],[-49.61692,-16.77923],[-49.63745,-16.80023],[-49.59678,-16.81253],[-49.66532,-16.8753],[-49.72006,-16.88444],[-49.74918,-16.94583],[-49.59512,-16.95271],[-49.63423,-17.01052],[-49.60626,-17.06388],[-49.47534,-16.98255],[-49.47987,-17.14565],[-49.61989,-17.22803],[-49.61634,-17.29598],[-49.65356,-17.30811],[-49.65537,-17.39181],[-49.62448,-17.41829],[-49.64823,-17.47465],[-49.62837,-17.48295],[-49.66756,-17.49189],[-49.64882,-17.51839],[-49.68173,-17.54796],[-49.7606,-17.58513],[-49.85051,-17.57728],[-49.88404,-17.61775],[-49.94779,-17.5994],[-49.93137,-17.64417],[-49.95504,-17.62761],[-49.97584,-17.6636],[-50.03427,-17.67745],[-50.02904,-17.71388],[-50.07782,-17.71416],[-50.06054,-17.7694],[-50.09146,-17.79014],[-50.14985,-17.80776],[-50.19424,-17.77399],[-50.26329,-17.78174],[-50.23291,-17.86792],[-50.24107,-17.90392],[-50.29726,-17.92031],[-50.29269,-17.97562],[-50.20054,-17.98521],[-50.25191,-18.03159],[-50.29007,-18.02961]]]]}},{"type":"Feature","id":"52015","properties":{"code":"52015","name":"Meia Ponte"},"geometry":{"type":"MultiPolygon","coordinates":[[[[-50.02876,-18.60147],[-50.06701,-18.42922],[-50.04605,-18.38292],[-50.116,-18.31602],[-50.09455,-18.25414],[-50.1268,-18.24196],[-50.11643,-18.18125],[-50.16733,-18.19937],[-50.1548,-18.16502],[-50.18789,-18.13321],[-50.16209,-18.08972],[-50.2278,-18.0118],[-50.20183,-17.98172],[-50.29269,-17.97562],[-50.29726,-17.92031],[-50.24107,-17.90392],[-50.23291,-17.86792],[-50.26399,-17.78264],[-50.19424,-17.77399],[-50.14985,-17.80776],[-50.09146,-17.79014],[-50.06054,-17.7694],[-50.07782,-17.71416],[-50.02904,-17.71388],[-50.03427,-17.67745],[-49.97584,-17.6636],[-49.95504,-17.62761],[-49.93137,-17.64417],[-49.94779,-17.5994],[-49.88404,-17.61775],[-49.85051,-17.57728],[-49.7606,-17.58513],[-49.68173,-17.54796],[-49.64882,-17.51839],[-49.66756,-17.49189],[-49.62837,-17.48295],[-49.65282,-17.44093],[-49.62448,-17.41829],[-49.65539,-17.3909],[-49.65284,-17.30507],[-49.61592,-17.29414],[-49.62753,-17.24416],[-49.51551,-17.15517],[-49.39011,-17.15767],[-49.2317,-17.08254],[-49.19192,-17.1373],[-49.11236,-17.13617],[-49.1205,-17.09767],[-49.08472,-17.06034],[-49.043,-17.053],[-48.98235,-17.09239],[-48.84866,-17.05611],[-48.78622,-17.27485],[-48.80169,-17.43071],[-48.71986,-17.49329],[-48.50111,-17.49156],[-48.5102,-17.56958],[-48.46986,-17.58876],[-48.47642,-17.63117],[-48.45163,-17.63054],[-48.45955,-17.71158],[-48.49736,-17.71426],[-48.50981,-17.78551],[-48.56316,-17.81659],[-48.51339,-17.8512],[-48.50733,-17.90127],[-48.54361,-18.03207],[-48.60561,-18.06515],[-48.64661,-18.05038],[-48.71577,-18.11734],[-48.68422,-18.11904],[-48.73019,-18.1671],[-48.71005,-18.19742],[-48.82083,-18.23486],[-48.85345,-18.28915],[-48.89309,-18.26741],[-48.90197,-18.3071],[-48.93677,-18.30621],[-49.07704,-18.41678],[-49.12628,-18.38251],[-49.1613,-18.41694],[-49.2101,-18.41478],[-49.19411,-18.45245],[-49.38401,-18.64473],[-49.48183,-18.56103],[-49.50071,-18.49148],[-49.54304,-18.49787],[-49.5571,-18.54658],[-49.65171,-18.56112],[-49.63971,-18.60014],[-49.76853,-18.61099],[-49.78482,-18.64225],[-50.02876,-18.60147]]]]}},{"type":"Feature","id":"52016","properties":{"code":"52016","name":"Pires Do Rio"},"geometry":{"type":"MultiPolygon","coordinates":[[[[-48.22371,-17.59538],[-48.28577,-17.52835],[-48.36453,-17.5134],[-48.4133,-17.57065],[-48.39636,-17.58665],[-48.44728,-17.61496],[-48.5102,-17.56958],[-48.50111,-17.49156],[-48.72317,-17.49256],[-48.80542,-17.4235],[-48.80028,-17.17774],[-48.78816,-17.19416],[-48.70342,-17.15842],[-48.64584,-17.18432],[-48.63825,-17.16545],[-48.71522,-17.03961],[-48.77158,-17.01088],[-48.76942,-16.93706],[-48.80581,-16.91239],[-48.79103,-16.80702],[-48.91743,-16.72433],[-48.87266,-16.65714],[-48.79633,-16.62994],[-48.71883,-16.67658],[-48.72713,-16.60448],[-48.78578,-16.5877],[-48.90096,-16.41775],[-48.75572,-16.38229],[-48.7595,-16.28653],[-48.63128,-16.28271],[-48.55063,-16.34629],[-48.45683,-16.28494],[-48.37647,-16.30321],[-48.40058,-16.38493],[-48.26532,-16.49742],[-48.19141,-16.64846],[-48.19472,-16.735],[-48.10522,-16.74831],[-48.08132,-16.78511],[-48.07935,-16.92875],[-48.01595,-16.92926],[-47.91949,-17.00428],[-47.99261,-17.08901],[-48.03153,-17.19332],[-48.11852,-17.26646],[-48.04326,-17.42508],[-48.11733,-17.4552],[-48.11449,-17.54191],[-48.15769,-17.52983],[-48.22371,-17.59538]]]]}},{"type":"Feature","id":"52017","properties":{"code":"52017","name":"CatalãO"},"geometry":{"type":"MultiPolygon","coordinates":[[[[-48.90939,-18.3151],[-48.89309,-18.26741],[-48.85345,-18.28915],[-48.82083,-18.23486],[-48.71005,-18.19742],[-48.73019,-18.1671],[-48.68422,-18.11904],[-48.71577,-18.11734],[-48.64661,-18.05038],[-48.60561,-18.06515],[-48.54361,-18.03207],[-48.50733,-17.90127],[-48.51339,-17.8512],[-48.56316,-17.81659],[-48.50981,-17.78551],[-48.49736,-17.71426],[-48.45955,-17.71158],[-48.45103,-17.63263],[-48.47761,-17.62337],[-48.39636,-17.58665],[-48.4133,-17.57065],[-48.37539,-17.54583],[-48.38683,-17.52039],[-48.28577,-17.52835],[-48.22371,-17.59538],[-48.15769,-17.52983],[-48.11449,-17.54191],[-48.11733,-17.4552],[-48.04327,-17.42408],[-48.11852,-17.26646],[-48.03153,-17.19332],[-47.99261,-17.08901],[-47.91968,-17.0108],[-47.91112,-16.92388],[-47.73068,-16.92928],[-47.6906,-16.90212],[-47.71324,-17.05433],[-47.50065,-17.29528],[-47.54119,-17.4543],[-47.5143,-17.46081],[-47.49448,-17.52681],[-47.32963,-17.52471],[-47.26579,-17.61044],[-47.27034,-17.67529],[-47.31368,-17.69902],[-47.37306,-17.82995],[-47.28321,-18.05824],[-47.3578,-18.08502],[-47.39687,-18.14186],[-47.42879,-18.13928],[-47.43004,-18.16581],[-47.51559,-18.19638],[-47.53374,-18.23071],[-47.53624,-18.19488],[-47.56757,-18.20386],[-47.63877,-18.28768],[-47.61061,-18.31334],[-47.62618,-18.3343],[-47.65757,-18.3278],[-47.70424,-18.38007],[-47.74057,-18.36384],[-47.74788,-18.41161],[-47.81057,-18.40012],[-47.83194,-18.44978],[-47.85796,-18.43901],[-47.86818,-18.4744],[-47.91427,-18.46658],[-47.95494,-18.50028],[-47.98091,-18.44286],[-48.00933,-18.45427],[-48.05583,-18.41324],[-48.10934,-18.42913],[-48.16136,-18.37223],[-48.26241,-18.33189],[-48.31495,-18.36416],[-48.30808,-18.38496],[-48.40977,-18.35539],[-48.48124,-18.38014],[-48.48481,-18.35363],[-48.51565,-18.36642],[-48.56141,-18.32389],[-48.75772,-18.34476],[-48.81636,-18.37966],[-48.83713,-18.34148],[-48.90939,-18.3151]]]]}},{"type":"Feature","id":"52018","properties":{"code":"52018","name":"QuirinãPolis"},"geometry":{"type":"MultiPolygon","coordinates":[[[[-51.69322,-19.11822],[-51.72408,-18.83316],[-51.66462,-18.76663],[-51.76878,-18.7614],[-51.85595,-18.69234],[-51.92442,-18.54124],[-51.83314,-18.56947],[-51.79942,-18.5415],[-51.79831,-18.48943],[-51.75105,-18.46959],[-51.59019,-18.49942],[-51.52772,-18.53819],[-51.384,-18.36416],[-51.36411,-18.28094],[-51.27017,-18.31739],[-51.24933,-18.35666],[-51.17003,-18.29477],[-51.09656,-18.34786],[-50.98108,-18.32532],[-50.97927,-18.28229],[-50.88236,-18.31778],[-50.81002,-18.25134],[-50.81124,-18.17216],[-50.68649,-18.19539],[-50.58471,-18.13797],[-50.52065,-18.17497],[-50.51174,-18.21472],[-50.40013,-18.24458],[-50.28983,-18.19822],[-50.2281,-18.13581],[-50.15834,-18.15976],[-50.1631,-18.20255],[-50.11645,-18.18121],[-50.1268,-18.24196],[-50.09455,-18.25414],[-50.116,-18.31602],[-50.04605,-18.38292],[-50.06701,-18.42922],[-50.02876,-18.60147],[-50.05021,-18.64354],[-50.08004,-18.67224],[-50.16429,-18.66435],[-50.31449,-18.70075],[-50.44344,-18.89412],[-50.51055,-18.93866],[-50.49607,-19.01915],[-50.53945,-19.10236],[-50.58502,-19.13739],[-50.67805,-19.13811],[-50.6778,-19.17251],[-50.73839,-19.18916],[-50.74764,-19.23851],[-50.82266,-19.29513],[-50.87597,-19.41503],[-50.82636,-19.47131],[-50.83539,-19.49689],[-51.03072,-19.40144],[-51.018,-19.38388],[-51.08796,-19.30833],[-51.20297,-19.26124],[-51.25222,-19.27408],[-51.30781,-19.21853],[-51.36875,-19.22151],[-51.42047,-19.16654],[-51.69322,-19.11822]]]]}},{"type":"Feature","id":"53001","properties":{"code":"53001","name":"BrasãLia"},"geometry":{"type":"MultiPolygon","coordinates":[[[[-47.30839,-16.05026],[-48.27861,-16.05026],[-48.25021,-15.9474],[-48.27639,-15.93133],[-48.28509,-15.83672],[-48.21324,-15.74875],[-48.24133,-15.68699],[-48.23495,-15.64264],[-48.19903,-15.62198],[-48.20054,-15.50026],[-47.41734,-15.50026],[-47.41766,-15.54639],[-47.31556,-15.59492],[-47.33373,-15.62976],[-47.31258,-15.7401],[-47.38078,-15.8813],[-47.36121,-15.92447],[-47.37724,-15.98637],[-47.30839,-16.05026]]]]}}]}