microrregion_code,microrregion_name,uf,macroregion,start_year,end_year,rate_2016_per_100k,rate_2024_per_100k,delta_rate_2016_2024_per_100k,population_2016,population_2024,bubble_area_points2,population_weighted_fitted_delta,rate_average_2015_2017_per_100k,delta_average_2015_2017_to_2022_2024_per_100k
11001,Porto Velho,RO,North,2016,2024,46.23408006509759,36.67531909108442,-9.558760974013168,648872.0,632578.0,86.51626666666667,-18.026978225110234,41.56656096052153,1.2306443986211306
11002,Guajará-Mirim,RO,North,2016,2024,23.97161760475597,44.244228139329095,20.272610534573126,83432.0,74586.0,11.124266666666667,-6.960665219276411,21.57738689853034,7.816675500864985
11003,Ariquemes,RO,North,2016,2024,49.60342065188816,25.436797507193845,-24.166623144694313,201599.0,188703.0,26.87986666666667,-19.70182338759421,46.13827591681219,-16.654519797542054
11004,Ji-Paraná,RO,North,2016,2024,31.207641143649717,20.633579861626053,-10.574061282023663,317230.0,310174.0,42.297333333333334,-10.557576456819303,25.323638197713517,3.1443668027534493
11005,Alvorada D'Oeste,RO,North,2016,2024,25.249840527322984,22.87910679967054,-2.3707337276524427,75248.0,65562.0,10.033066666666667,-7.596049331773246,20.819951715431127,13.256778596082615
11006,Cacoal,RO,North,2016,2024,21.63080226242169,17.7113057168159,-3.9194965456057886,249644.0,254075.0,33.285866666666664,-5.797083458576086,21.765081331969565,-2.0900631016205047
11007,Vilhena,RO,North,2016,2024,52.79864631904377,36.84555280026201,-15.953093518781756,157201.0,170984.0,20.960133333333335,-21.290118816278586,43.26369433775797,-9.48526845359737
11008,Colorado do Oeste,RO,North,2016,2024,25.900505059848665,30.26329062846767,4.362785568619003,54053.0,49565.0,7.207066666666667,-7.919484234428362,20.96552404560618,5.383840796020269
12001,Cruzeiro do Sul,AC,North,2016,2024,19.23816852635629,11.622643356130027,-7.615525170226263,145544.0,163474.0,19.405866666666668,-4.607743605503471,26.56948952223019,-12.707816418286543
12002,Tarauacá,AC,North,2016,2024,30.19475617734387,28.739302592923746,-1.4554535844201233,79484.0,93948.0,10.597866666666667,-10.054087586438882,32.29337482542705,-5.928874624946996
12003,Sena Madureira,AC,North,2016,2024,15.724094554221919,9.399232396020992,-6.3248621582009275,57237.0,63835.0,7.6316,-2.8609537986450624,26.792162709969013,-7.4212336317831
12004,Rio Branco,AC,North,2016,2024,59.57515865355871,22.30801167452611,-37.2671469790326,468316.0,484131.0,62.44213333333333,-24.65861440454629,56.94760820045558,-30.87394727424546
12005,Brasiléia,AC,North,2016,2024,34.79260581490334,18.606381989022236,-16.186223825881104,66106.0,75243.0,8.814133333333332,-12.339604893144402,28.744761645410673,7.243749364112613
13001,Rio Negro,AM,North,2016,2024,28.407829908118426,46.36858291932813,17.9607530112097,112645.0,105675.0,15.019333333333334,-9.16583519976682,30.778883318437142,-5.887460030086167
13002,Japurá,AM,North,2016,2024,4.322081514457363,19.80982567353407,15.487744159076708,23137.0,25240.0,3.0849333333333333,2.806803998562118,5.761945232710563,23.791859483808
13003,Alto Solimões,AM,North,2016,2024,15.718327569946558,23.446325676568595,7.727998106622037,248118.0,281494.0,33.0824,-2.8580871232624734,16.256973032234487,13.672110984469377
13004,Juruá,AM,North,2016,2024,23.110228995180837,36.730196302493574,13.619967307312738,147121.0,147018.0,19.616133333333334,-6.532482757870831,21.75321879659381,10.656665985099966
13005,Tefé,AM,North,2016,2024,16.44105880418699,26.972110837394133,10.531052033207143,91235.0,111226.0,12.164666666666667,-3.217345227411771,12.787630342489276,11.686637598078526
13006,Coari,AM,North,2016,2024,33.174135613578514,57.68038928126553,24.50625366768702,174835.0,162967.0,23.311333333333334,-11.535089315841072,34.32206298479914,18.01066852212187
13007,Manaus,AM,North,2016,2024,45.88401011896495,31.41427615559242,-14.46973396337253,2369017.0,2572079.0,315.86893333333336,-17.852964069904345,50.09748604904628,-7.907124386909032
13008,Rio Preto da Eva,AM,North,2016,2024,38.4751527463564,35.75867999386994,-2.7164727524864603,64977.0,58727.0,8.6636,-14.170139905824536,37.45625827372828,11.524333166913365
13009,Itacoatiara,AM,North,2016,2024,21.247272309635925,25.31805810494335,4.070785795307426,174140.0,189588.0,23.218666666666667,-5.60643687075137,22.39830308924288,4.56613846441909
13010,Parintins,AM,North,2016,2024,21.182262411710138,20.37657337532576,-0.8056890363843792,273814.0,279733.0,36.50853333333333,-5.574121493231672,15.462160319470147,9.603175427016097
13011,Boca do Acre,AM,North,2016,2024,26.25262526252625,34.20089606347686,7.94827080095061,53328.0,58478.0,7.1104,-8.094517539277245,25.62868412334273,2.026996765404938
13012,Purus,AM,North,2016,2024,12.916225362300121,12.5983530516647,-0.3178723106354209,77422.0,87313.0,10.322933333333333,-1.465207060718054,12.056077985601599,2.5198319746691986
13013,Madeira,AM,North,2016,2024,19.283086127643607,28.26385548740275,8.980769359759144,191878.0,201671.0,25.583733333333335,-4.630071424638581,18.069327143430495,10.262935196251142
14001,Boa Vista,RR,North,2016,2024,38.26171560066794,19.777549655776458,-18.484165944891483,365901.0,530905.0,48.7868,-14.064043724170423,43.73205732908282,-12.492038865430882
14002,Nordeste de Roraima,RR,North,2016,2024,28.94834787643191,16.396130513198884,-12.552217363233027,48362.0,67089.0,6.448266666666667,-9.434518012069812,22.747482267303596,-4.436919426759825
14003,Caracaraí,RR,North,2016,2024,71.20866232433451,88.94776684330053,17.739104518966016,47747.0,52840.0,6.366266666666666,-30.44144248138906,66.32873919539749,-10.726848731121706
14004,Sudeste de Roraima,RR,North,2016,2024,30.640188437158887,16.67702663775982,-13.963161799399067,52219.0,65959.0,6.962533333333333,-10.275504818193452,30.005107252298263,-10.87169153898061
15001,Óbidos,PA,North,2016,2024,13.922105817948578,13.778358474878251,-0.1437473430703271,201119.0,210475.0,26.81586666666667,-1.9652141012009317,12.100797989609891,3.8579437775927783
15002,Santarém,PA,North,2016,2024,21.14570565960896,8.660442042034191,-12.48526361757477,510742.0,611978.0,68.09893333333333,-5.555949718121486,20.560096182088046,-7.545326108284158
15003,Almeirim,PA,North,2016,2024,13.787778513125966,12.498906345694751,-1.2888721674312151,72528.0,80007.0,9.6704,-1.8984421525431783,17.007037236218554,6.666593782264094
15004,Portel,PA,North,2016,2024,13.597302295224628,14.519144096455515,0.9218418012308867,147088.0,165299.0,19.611733333333333,-1.8037594798056693,15.86700727842291,0.4155068670112527
15005,Furos de Breves,PA,North,2016,2024,17.91384337031049,17.2557706507432,-0.65807271956729,223291.0,249192.0,29.772133333333333,-3.9494428122102914,16.57287811170717,1.1501797249997772
15006,Arari,PA,North,2016,2024,9.368449404517934,8.900508997858315,-0.46794040665961845,170786.0,179765.0,22.771466666666665,0.29833546263617094,9.760668410572755,-2.3455078295664036
15007,Belém,PA,North,2016,2024,77.16722620213166,28.58186462936556,-48.585361572766104,2280761.0,2253177.0,304.1014666666667,-33.40334901146958,72.81959610118444,-44.69031060109691
15008,Castanhal,PA,North,2016,2024,70.68617160054121,23.652114442038073,-47.034057158503146,329626.0,350920.0,43.95013333333333,-30.18172072318547,68.77787779789418,-36.34691153199563
15009,Salgado,PA,North,2016,2024,40.01112690386279,17.286582730703852,-22.724544173158936,262427.0,277672.0,34.99026666666666,-14.933648022957447,36.58522642825294,-13.386090225877496
15010,Bragantina,PA,North,2016,2024,27.625727620104684,21.036491300242155,-6.589236319862529,409039.0,427828.0,54.53853333333333,-8.777064697080656,27.87322410072177,-3.433857168467295
15011,Cametá,PA,North,2016,2024,33.19810499370489,22.917147988880526,-10.280957004824362,478943.0,536716.0,63.85906666666666,-11.547004110240247,33.481692266355566,-7.745914420163512
15012,Tomé-Açu,PA,North,2016,2024,53.989717412910906,34.280340376477014,-19.709377036433892,325988.0,329635.0,43.465066666666665,-21.882181152617832,59.3197457023867,-20.13538484777162
15013,Guamá,PA,North,2016,2024,34.77745647987738,30.407344962251777,-4.3701115176256025,465819.0,440683.0,62.1092,-12.332074401693772,33.708420019795646,0.3280368933375115
15014,Itaituba,PA,North,2016,2024,50.78270592620201,37.25643604932752,-13.526269876874494,214640.0,268410.0,28.618666666666666,-20.288027182074522,49.38647400765024,-8.77250910145758
15015,Altamira,PA,North,2016,2024,70.25753251511881,41.95147053888062,-28.30606197623819,297477.0,357556.0,39.6636,-29.968651109064005,81.36231445525914,-27.18571903419545
15016,Tucuruí,PA,North,2016,2024,49.10631925076237,36.81908701470842,-12.287232236053946,368588.0,312338.0,49.145066666666665,-19.45472225445154,48.030609337476086,-8.238010542810258
15017,Paragominas,PA,North,2016,2024,51.16267936857474,35.840854248222634,-15.32182512035211,334228.0,323653.0,44.56373333333333,-20.476905885618272,48.77956325831522,-7.358206894284002
15018,São Félix do Xingu,PA,North,2016,2024,34.004187372787904,38.76183620355501,4.75764883076711,205857.0,162531.0,27.4476,-11.947694731563496,32.39679595687986,20.427910913161924
15019,Parauapebas,PA,North,2016,2024,59.74666116824205,27.549605820239925,-32.197055348002124,307967.0,453727.0,41.062266666666666,-24.743865553746623,61.28140942910845,-26.208457689490047
15020,Marabá,PA,North,2016,2024,75.99211933577259,36.63566422822837,-39.356455107544214,319770.0,338468.0,42.636,-32.819222236563185,76.8412711652348,-30.725292539786842
15021,Redenção,PA,North,2016,2024,40.89829433139154,45.94041391858085,5.042119587189312,190717.0,219850.0,25.428933333333333,-15.374644721283287,44.7462485689066,-0.36316946153783647
15022,Conceição do Araguaia,PA,North,2016,2024,21.889868210116983,38.452799188995506,16.562930978878523,155323.0,114426.0,20.709733333333332,-5.925860985835534,27.04634584548809,17.515750402737538
16001,Oiapoque,AP,North,2016,2024,28.379260436473025,42.98815437523882,14.608893938765796,35237.0,41872.0,4.698266666666667,-9.151633773657624,29.32773268244688,10.689274545625054
16002,Amapá,AP,North,2016,2024,34.47087211306446,30.46342485053882,-4.007447262525638,29010.0,26261.0,3.868,-12.179676230472102,29.877158912011765,0.21652403141210996
16003,Macapá,AP,North,2016,2024,53.710416051562,46.579295200820276,-7.131120850741723,636748.0,661238.0,84.89973333333333,-21.743344925801125,48.42698676294126,8.171079144530658
16004,Mazagão,AP,North,2016,2024,23.370233702337025,39.47404241417799,16.103808711840962,81300.0,73466.0,10.84,-6.661726927400871,30.752955359010002,12.972140730414871
17001,Bico do Papagaio,TO,North,2016,2024,25.872734371692406,15.76390448029273,-10.108829891399676,212579.0,209339.0,28.343866666666667,-7.90567987077937,24.776851520796875,-5.686985166039211
17002,Araguaína,TO,North,2016,2024,53.100933610960034,19.45783972577418,-33.643093885185856,310729.0,308359.0,41.43053333333334,-21.440380980492918,48.171727380209035,-22.86876864668289
17003,Miracema do Tocantins,TO,North,2016,2024,29.510989490063515,21.19933529826097,-8.311654191802546,149097.0,146231.0,19.8796,-9.714198133603826,28.84092997466917,1.4164308212610983
17004,Rio Formoso,TO,North,2016,2024,34.974762529311235,14.273801564108151,-20.700960965203084,125805.0,133111.0,16.774,-12.430152074137654,30.472940029254023,-6.200785300655038
17005,Gurupi,TO,North,2016,2024,35.69263923496532,22.23539875481767,-13.45724048014765,148490.0,148412.0,19.798666666666666,-12.786997069991857,39.511582955241906,-17.53069259180162
17006,Porto Nacional,TO,North,2016,2024,40.68645349747014,18.972032062734186,-21.714421434735954,383420.0,442757.0,51.12266666666667,-15.269342040604217,37.39013387407003,-9.829220373414781
17007,Jalapão,TO,North,2016,2024,20.351573431020885,24.437595883622738,4.086022452601853,78618.0,73657.0,10.4824,-5.161199324932449,22.473815884323454,6.872539894386684
17008,Dianópolis,TO,North,2016,2024,26.577752005412197,26.845405105822856,0.2676531004106586,124164.0,115476.0,16.5552,-8.256132828230681,26.847223191705282,0.28150700869727174
21001,Litoral Ocidental Maranhense,MA,Northeast,2016,2024,26.10715655769149,26.01413619230535,-0.09302036538613834,187688.0,180671.0,25.025066666666667,-8.022207379378157,22.734175326670563,1.902710570951978
21002,Aglomeração Urbana de São Luís,MA,Northeast,2016,2024,57.19711431332948,18.302675262823147,-38.894439050506335,1409162.0,1529831.0,187.88826666666668,-23.476526706134315,58.55877277847536,-37.746818820406425
21003,Rosário,MA,Northeast,2016,2024,23.498933950801256,38.00792407629227,14.508990125491014,174476.0,173648.0,23.263466666666666,-6.725701756599165,25.03353729614866,10.602507687055663
21004,Lençóis Maranhenses,MA,Northeast,2016,2024,8.234773389329792,10.752082575994184,2.5173091866643915,194298.0,195311.0,25.9064,0.861867625963888,8.754072360132238,1.994281798137278
21005,Baixada Maranhense,MA,Northeast,2016,2024,30.0818090763036,41.36703705642295,11.285227980119352,595044.0,592259.0,79.3392,-9.997943394149294,27.285848113634632,6.823340713292087
21006,Itapecuru Mirim,MA,Northeast,2016,2024,18.46016468184121,34.01219842900413,15.55203374716292,232934.0,217569.0,31.057866666666666,-4.221010373342692,19.181658898571968,10.012610328494226
21007,Gurupi,MA,Northeast,2016,2024,21.84828049830886,20.908666027107472,-0.9396144712013879,238005.0,243918.0,31.734,-5.905188401350106,23.674275588179672,-1.6414799797731199
21008,Pindaré,MA,Northeast,2016,2024,31.173403585552656,36.148728144513065,4.975324558960409,654404.0,586466.0,87.25386666666667,-10.54055751584939,31.789196869375438,3.3617881361363544
21009,Imperatriz,MA,Northeast,2016,2024,53.9496029275294,43.99979217810336,-9.949810749426035,589439.0,615912.0,78.59186666666666,-21.862240885358965,46.207610738490374,-2.479990853768278
21010,Médio Mearim,MA,Northeast,2016,2024,28.8195511835229,30.331486752419845,1.511935568896945,416384.0,412113.0,55.51786666666667,-9.37049524188496,23.936774891844205,3.4455375280430616
21011,Alto Mearim e Grajaú,MA,Northeast,2016,2024,26.3149139018363,25.27929047427604,-1.0356234275602603,330611.0,328332.0,44.081466666666664,-8.12548022278723,25.109691029789776,2.621052726282766
21012,Presidente Dutra,MA,Northeast,2016,2024,19.9162496169952,35.2112676056338,15.295017988638602,195820.0,195960.0,26.109333333333332,-4.944806839443325,23.83311372821398,7.535785387165827
21013,Baixo Parnaíba Maranhense,MA,Northeast,2016,2024,13.890528742976601,18.4788801798611,4.5883514368844995,143983.0,129878.0,19.197733333333332,-1.9495176437191466,11.809546744964733,6.134950145956131
21014,Chapadinha,MA,Northeast,2016,2024,14.10864486466075,34.44344149365766,20.33479662899691,240987.0,252588.0,32.1316,-2.057939669291348,16.18407238291792,11.03962054455441
21015,Codó,MA,Northeast,2016,2024,29.261262842951144,40.51388263090338,11.252619787952238,273399.0,264107.0,36.4532,-9.590063022864575,29.142147837262442,3.529237602446358
21016,Coelho Neto,MA,Northeast,2016,2024,18.43218041851892,51.53156608024543,33.099385661726515,92230.0,83444.0,12.297333333333333,-4.207099844904349,20.24254911529216,14.961238326667111
21017,Caxias,MA,Northeast,2016,2024,34.527228492509195,42.532547367301774,8.005318874792579,437336.0,451419.0,58.31146666666667,-12.207690082754704,33.541417170613755,8.914475560508336
21018,Chapadas do Alto Itapecuru,MA,Northeast,2016,2024,16.557433597792343,17.22436362959239,0.666930031800046,217425.0,214812.0,28.99,-3.2751932706963043,14.719320948660235,0.21398220368146426
21019,Porto Franco,MA,Northeast,2016,2024,32.09080007431554,27.6541271554608,-4.43667291885474,118414.0,112099.0,15.788533333333334,-10.996580595649663,29.845535276859575,11.115975961955069
21020,Gerais de Balsas,MA,Northeast,2016,2024,28.370806440173062,43.169943561647315,14.799137121474253,140990.0,157517.0,18.798666666666666,-9.14743142769647,30.97893432465923,6.2917325832973
21021,Chapadas das Mangabeiras,MA,Northeast,2016,2024,15.491430422352726,16.4145213799141,0.9230909575613726,71007.0,73106.0,9.4676,-2.745300190555584,11.26765853360814,8.113930341359845
22001,Baixo Parnaíba Piauiense,PI,Northeast,2016,2024,13.00224879803075,15.50147263990079,2.499223841870039,338403.0,354805.0,45.1204,-1.5079679308297136,13.594652769910502,4.140256109843955
22002,Litoral Piauiense,PI,Northeast,2016,2024,16.861796894884193,27.14440825190011,10.282611357015917,314320.0,342612.0,41.909333333333336,-3.42648738378492,16.015425718652455,18.17703023626107
22003,Teresina,PI,Northeast,2016,2024,39.22502151593625,29.28090385151011,-9.944117664426138,1037603.0,1120184.0,138.34706666666668,-14.542887643513149,36.660577990479815,-5.75881569454566
22004,Campo Maior,PI,Northeast,2016,2024,10.254078225241974,16.74333350957895,6.489255284336975,224301.0,226956.0,29.9068,-0.1418964189258345,9.51145312711314,4.009358894225969
22005,Médio Parnaíba Piauiense,PI,Northeast,2016,2024,12.783877274778161,9.751706548646013,-3.032170726132149,132980.0,133310.0,17.730666666666668,-1.3994189492344056,11.781692753506933,1.8550841185194926
22006,Valença do Piauí,PI,Northeast,2016,2024,9.513842641042718,6.6950408875711345,-2.8188017534715835,105110.0,104555.0,14.014666666666667,0.22606281682348506,6.342601989039983,-0.5519625576807758
22007,Alto Parnaíba Piauiense,PI,Northeast,2016,2024,15.301549828404049,9.47633758505013,-5.825212243353919,45747.0,52763.0,6.0996,-2.650913592931313,11.660702703096645,-1.3536491354066804
22008,Bertolínia,PI,Northeast,2016,2024,4.816027740319784,9.504122413096681,4.688094672776897,41528.0,42087.0,5.537066666666667,2.561271252434807,5.619150063416122,2.385588741956659
22009,Floriano,PI,Northeast,2016,2024,21.9583604424203,15.133774602340159,-6.824585840080141,122960.0,125547.0,16.394666666666666,-5.959907375918707,18.163482183521655,-0.6983218197626684
22010,Alto Médio Gurguéia,PI,Northeast,2016,2024,16.395055251336196,21.215335656917716,4.820280405581521,91491.0,98985.0,12.1988,-3.1944775991727923,9.474044761217634,12.759008948709425
22011,São Raimundo Nonato,PI,Northeast,2016,2024,6.443852564653321,10.272706104726815,3.828853540073494,139668.0,146018.0,18.6224,1.7521056420791883,8.592849317226515,2.7466327924262774
22012,Chapadas do Extremo Sul Piauiense,PI,Northeast,2016,2024,14.155116484812739,31.35815660495691,17.203040120144173,84775.0,86102.0,11.303333333333333,-2.081039966278092,14.15661939928745,13.277093890974953
22013,Picos,PI,Northeast,2016,2024,11.724073920286067,12.628388617612393,0.9043146973263259,204707.0,213804.0,27.294266666666665,-0.8726077006434343,13.027215481542878,-0.3786441771984901
22014,Pio IX,PI,Northeast,2016,2024,23.45805197634088,8.657858738376826,-14.800193237964054,59681.0,57751.0,7.957466666666667,-6.705379982829484,22.900805996659834,-8.926396633805561
22015,Alto Médio Canindé,PI,Northeast,2016,2024,12.64382349222405,12.214667224346423,-0.4291562678776266,268906.0,270167.0,35.85413333333333,-1.3298004603473048,11.902060916235527,-0.058476025159107436
23001,Litoral de Camocim e Acaraú,CE,Northeast,2016,2024,24.326636097065894,37.751808144355266,13.425172047289372,382297.0,418523.0,50.97293333333333,-7.1371392174138375,23.02075966762906,12.233092550180988
23002,Ibiapaba,CE,Northeast,2016,2024,22.01188641866608,33.472059716524235,11.460173297858155,313467.0,337595.0,41.7956,-5.986514280169924,19.248868730159575,12.976820194962169
23003,Coreaú,CE,Northeast,2016,2024,17.011142298205325,14.861539985798974,-2.1496023124063512,58785.0,60559.0,7.838,-3.500724588320505,20.981836534481097,6.430214138652577
23004,Meruoca,CE,Northeast,2016,2024,3.8160656363289447,7.2719339708395445,3.4558683345106,26205.0,27503.0,3.494,3.058336375237263,3.816454005368479,6.054787981959313
23005,Sobral,CE,Northeast,2016,2024,24.798725198205652,55.79051135786067,30.99178615965502,407279.0,423011.0,54.303866666666664,-7.371807137423218,35.196712790730984,9.75405320825137
23006,Ipu,CE,Northeast,2016,2024,15.055598173254088,24.587803044672526,9.532204871418438,139483.0,142347.0,18.597733333333334,-2.5286549701468415,17.92320266123713,2.5816946712187843
23007,Santa Quitéria,CE,Northeast,2016,2024,18.96350879094086,18.390414350181782,-0.5730944407590783,73826.0,70689.0,9.843466666666666,-4.471214656488009,29.800337737161023,-12.076338723956642
23008,Itapipoca,CE,Northeast,2016,2024,18.786734776035285,66.87179487179488,48.08506009575959,223562.0,243750.0,29.80826666666667,-4.383343129080478,21.47327546484422,29.286295238189858
23009,Baixo Curu,CE,Northeast,2016,2024,40.45307443365696,42.90811640896705,2.4550419753100883,113712.0,132842.0,15.1616,-15.153333051312677,54.237089373928086,-11.631320552829706
23010,Uruburetama,CE,Northeast,2016,2024,34.15836556836751,37.63534248161658,3.476976913249075,108319.0,103626.0,14.442533333333333,-12.024334239614232,33.854383065422056,5.202411750198692
23011,Médio Curu,CE,Northeast,2016,2024,33.358908496514,67.83800284919612,34.47909435268212,89931.0,88446.0,11.9908,-11.626936952246835,30.396150809390186,25.95904795769608
23012,Canindé,CE,Northeast,2016,2024,25.88031117268257,40.721488969267256,14.841177796584685,131374.0,125241.0,17.516533333333335,-7.909446177021973,27.658446102823444,11.000650950434196
23013,Baturité,CE,Northeast,2016,2024,46.10702978514124,33.267664350059,-12.839365435082243,195198.0,192379.0,26.0264,-17.963823568792215,48.159027255960105,-10.100136408330457
23014,Chorozinho,CE,Northeast,2016,2024,65.86000918976872,12.981018865747417,-52.8789903240213,65290.0,69332.0,8.705333333333334,-27.782712798983972,69.94756485466733,-50.88318591347361
23015,Cascavel,CE,Northeast,2016,2024,23.65661724289084,29.367075677677192,5.710458434786354,143723.0,156638.0,19.163066666666666,-6.804083591904316,36.64872889218779,-5.48009020972756
23016,Fortaleza,CE,Northeast,2016,2024,49.59467071587764,33.01927181973392,-16.575398896143717,3593128.0,3655441.0,479.0837333333333,-19.697473934749723,67.35831095787971,-32.32068914725102
23017,Pacajus,CE,Northeast,2016,2024,70.60572277963583,18.7388132515718,-51.86690952806403,134550.0,154759.0,17.94,-30.141730904688295,94.65895518319729,-60.93704337265232
23018,Sertão de Cratéus,CE,Northeast,2016,2024,24.368945840017872,21.401479872700826,-2.9674659673170467,246215.0,252319.0,32.82866666666666,-7.158170711999714,29.514020513598112,-3.83291662949922
23019,Sertão de Quixeramobim,CE,Northeast,2016,2024,36.88021730958815,37.42069959221929,0.540482282631146,281994.0,285938.0,37.5992,-13.377323082491733,39.72049068991892,-1.6832593724399771
23020,Sertão de Inhamuns,CE,Northeast,2016,2024,32.00362707773548,25.96072212905987,-6.042904948675609,149983.0,142523.0,19.997733333333333,-10.953248297278362,29.782212018233825,-10.788656768949348
23021,Sertão de Senador Pompeu,CE,Northeast,2016,2024,38.89345874611065,34.432500507053945,-4.460958239056708,223688.0,212009.0,29.825066666666668,-14.378073108799951,45.153454686347416,-16.69683464537308
23022,Litoral de Aracati,CE,Northeast,2016,2024,22.307065333962505,39.38558487593541,17.078519541972902,116555.0,126950.0,15.540666666666667,-6.133242984382758,30.031661952172435,4.33176891424241
23023,Baixo Jaguaribe,CE,Northeast,2016,2024,78.08782440000488,38.99979139646462,-39.088033003540254,327836.0,330771.0,43.71146666666667,-33.86096360951415,76.26237102762019,-25.201286765529915
23024,Médio Jaguaribe,CE,Northeast,2016,2024,48.68090452261306,55.20069395158111,6.519789428968046,63680.0,63405.0,8.490666666666666,-19.24325541661281,47.63375401091912,4.216137879383616
23025,Serra do Pereiro,CE,Northeast,2016,2024,18.30328543973643,30.372412504088594,12.069127064352163,43708.0,42802.0,5.827733333333334,-4.143028218388265,16.015496899857386,10.012305525460569
23026,Iguatu,CE,Northeast,2016,2024,30.35019792664791,35.282391440491836,4.932193513843927,230641.0,226742.0,30.752133333333333,-10.131355186779013,32.519338166429634,-3.929327157030105
23027,Várzea Alegre,CE,Northeast,2016,2024,36.097463150506364,24.538622769797044,-11.55884038070932,99730.0,97805.0,13.297333333333333,-12.988228545153463,25.402937381759354,-8.086920065742039
23028,Lavras da Mangabeira,CE,Northeast,2016,2024,8.685380767092829,3.4849884124135286,-5.2003923546793,57568.0,57389.0,7.6757333333333335,0.637877926084693,15.633866428877488,-10.907787036651296
23029,Chapada do Araripe,CE,Northeast,2016,2024,51.61577621018754,28.522231494881844,-23.093544715305697,98807.0,94663.0,13.174266666666666,-20.702133058046932,41.15976059863836,-17.95508824861194
23030,Caririaçu,CE,Northeast,2016,2024,36.49825329787789,22.42577929583053,-14.072474002047358,57537.0,57969.0,7.6716,-13.187454898858428,31.863739064944095,-12.587306256455456
23031,Barro,CE,Northeast,2016,2024,20.376646218523444,16.421799391298634,-3.9548468272248094,93244.0,91342.0,12.432533333333334,-5.173662605440001,24.30985049441946,-6.531875183582674
23032,Cariri,CE,Northeast,2016,2024,43.53136284888977,30.311552763976124,-13.219810084913647,567407.0,640020.0,75.65426666666667,-16.68350084770458,42.24290433774112,-14.95249667523678
23033,Brejo Santo,CE,Northeast,2016,2024,29.540408419969317,17.53932501292371,-12.001083407045606,104941.0,108328.0,13.992133333333333,-9.728821811789214,25.730540881382208,-10.963831328420776
24001,Mossoró,RN,Northeast,2016,2024,71.08216561876354,34.667909164531125,-36.414256454232415,372808.0,360564.0,49.70773333333333,-30.378562998018843,72.76198785035702,-29.8027593753907
24002,Chapada do Apodi,RN,Northeast,2016,2024,56.55736626813453,47.214353163361665,-9.343013104772865,76029.0,76248.0,10.1372,-23.158518214234128,50.858901623100465,2.0476227739207644
24003,Médio Oeste,RN,Northeast,2016,2024,19.33207674834469,27.208192139305943,7.876115390961253,41382.0,40429.0,5.5176,-4.654423876394269,33.831951861965635,-6.232247931516888
24004,Vale do Açu,RN,Northeast,2016,2024,35.1228649851053,20.957132523441565,-14.165732461663737,153746.0,147921.0,20.499466666666667,-12.503771429394037,34.93984270560253,1.2512094003502128
24005,Serra de São Miguel,RN,Northeast,2016,2024,25.363291856891355,13.676148796498905,-11.687143060392449,67026.0,65808.0,8.9368,-7.65244416797648,28.348759368767624,-4.194728600643749
24006,Pau dos Ferros,RN,Northeast,2016,2024,24.33498363682135,32.30268443590402,7.967700799082671,119170.0,120733.0,15.889333333333333,-7.141288645534246,21.81769359007351,6.531273777738903
24007,Umarizal,RN,Northeast,2016,2024,54.65449496292357,37.89553464283458,-16.75896032008899,67698.0,63332.0,9.0264,-22.21263140989717,59.086813300441676,-21.234076440939305
24008,Macau,RN,Northeast,2016,2024,28.961804490783333,24.826656736003972,-4.135147754779361,58698.0,56391.0,7.8264,-9.441207079223858,32.37201694703484,-8.295067015052219
24009,Angicos,RN,Northeast,2016,2024,16.897283292341776,29.43773918163085,12.540455889289074,53263.0,50955.0,7.101733333333334,-3.4441271027699436,24.407797978533655,4.082796812325501
24010,Serra de Santana,RN,Northeast,2016,2024,21.851100358982364,15.216762785884931,-6.634337573097433,64070.0,65717.0,8.542666666666667,-5.906590108861188,18.20934503587241,-5.849265004354205
24011,Seridó Ocidental,RN,Northeast,2016,2024,40.89785048506753,17.03475089181931,-23.86309959324822,105140.0,99796.0,14.018666666666666,-15.374424092394781,40.58351484944467,-17.15560405885454
24012,Seridó Oriental,RN,Northeast,2016,2024,23.983499352445516,10.613891134135091,-13.369608218310425,125086.0,122481.0,16.678133333333335,-6.966571445473226,24.516923339311553,-7.924163590028154
24013,Baixa Verde,RN,Northeast,2016,2024,67.8996855949341,9.375732479099929,-58.52395311583417,67747.0,63995.0,9.032933333333334,-28.796603224195614,58.55377105967564,-43.720709224349115
24014,Borborema Potiguar,RN,Northeast,2016,2024,36.9510503161755,24.45332009396003,-12.497730222215466,143433.0,134951.0,19.1244,-13.412533033926183,40.90388284756099,-15.078861159557341
24015,Agreste Potiguar,RN,Northeast,2016,2024,34.01973144423766,19.734732306579065,-14.284999137658591,249855.0,243226.0,33.314,-11.955421440158938,38.55847345802797,-9.462562756022997
24016,Litoral Nordeste,RN,Northeast,2016,2024,41.576857008435724,28.39295854628052,-13.183898462155202,91397.0,91572.0,12.186266666666667,-15.711947344100702,40.1210927526717,-10.093734492923929
24017,Macaíba,RN,Northeast,2016,2024,93.52827681892369,26.043673646194037,-67.48460317272965,322897.0,376291.0,43.052933333333335,-41.536164846745905,96.42863042436856,-59.94361998610716
24018,Natal,RN,Northeast,2016,2024,62.29325829262756,18.543960330189478,-43.749297962438085,1154218.0,1121659.0,153.89573333333334,-26.009738137626726,60.53777531185186,-37.52625278722877
24019,Litoral Sul,RN,Northeast,2016,2024,31.83924717868893,30.555131178733628,-1.2841159999553007,141335.0,144002.0,18.844666666666665,-10.871537686066462,32.78518392724048,-2.819243639685432
25001,Catolé do Rocha,PB,Northeast,2016,2024,43.21274531386314,38.49398429117833,-4.718761022684809,122649.0,122097.0,16.3532,-16.525121181572274,42.67255203605151,15.118951223750464
25002,Cajazeiras,PB,Northeast,2016,2024,17.552998731654284,16.749483557590306,-0.8035151740639783,176608.0,179110.0,23.547733333333333,-3.770072730173764,18.12059254337617,0.8034793491729495
25003,Sousa,PB,Northeast,2016,2024,24.857203300190395,15.287053973843323,-9.570149326347073,189080.0,189703.0,25.21066666666667,-7.400875663948668,24.329570477300333,-4.499625652781948
25004,Patos,PB,Northeast,2016,2024,23.12397433984783,24.797300851373997,1.6733265115261666,134060.0,133079.0,17.874666666666666,-6.539315348233599,31.352564565132464,1.079812651505602
25005,Piancó,PB,Northeast,2016,2024,16.84068710003368,8.680932332132471,-8.159754767901209,71256.0,69117.0,9.5008,-3.4159940433594915,18.711611958591202,0.29284677980511375
25006,Itaporanga,PB,Northeast,2016,2024,24.430820061193387,14.37504492201538,-10.055775139178007,85957.0,83478.0,11.460933333333333,-7.188927394902164,20.94135257869489,0.4651343946499935
25007,Serra do Teixeira,PB,Northeast,2016,2024,16.43034355848381,24.72693786717371,8.296594308689901,121726.0,117281.0,16.230133333333335,-3.2120188506420373,17.800806239593374,7.8113310357068855
25008,Seridó Ocidental Paraibano,PB,Northeast,2016,2024,9.747538746466518,17.28395061728395,7.536411870817432,41036.0,40500.0,5.471466666666666,0.10989623123255665,21.12138296316756,-6.099413332582829
25009,Seridó Oriental Paraibano,PB,Northeast,2016,2024,24.12238938614867,18.164597200057088,-5.957792186091581,78765.0,77073.0,10.502,-7.035611453472697,25.817701632017336,-6.0777426911319345
25010,Cariri Ocidental,PB,Northeast,2016,2024,23.49072116513977,23.212627669452182,-0.2780934956875889,127710.0,129240.0,17.028,-6.721619312577452,21.9109476484858,3.0034255845606275
25011,Cariri Oriental,PB,Northeast,2016,2024,22.500225002250023,10.225546336332826,-12.274678665917197,66666.0,68456.0,8.8888,-6.2292595572655,30.501830109806587,-17.144750857803025
25012,Curimataú Ocidental,PB,Northeast,2016,2024,31.34575147520943,10.673760612181225,-20.671990863028206,127609.0,121794.0,17.014533333333333,-10.626228887389459,28.2138294787495,-14.355832375070895
25013,Curimataú Oriental,PB,Northeast,2016,2024,28.048451102200247,13.309966946915415,-14.738484155284832,96262.0,90158.0,12.834933333333334,-8.987193759672849,19.39179034704379,-5.938196836160396
25014,Esperança,PB,Northeast,2016,2024,24.414914024624185,3.4865679967923575,-20.92834602783183,57342.0,57363.0,7.6456,-7.181020759251657,27.90551657180729,-22.57568908055709
25015,Brejo Paraibano,PB,Northeast,2016,2024,24.12940253875785,11.172896272549913,-12.956506266207938,116041.0,116353.0,15.472133333333334,-7.039097579145862,27.57598476426842,-14.80459268253151
25016,Guarabira,PB,Northeast,2016,2024,25.15855742001919,17.039478709465136,-8.119078710554053,170916.0,170193.0,22.7888,-7.5506739632861155,24.769516721374142,-2.1054107010718752
25017,Campina Grande,PB,Northeast,2016,2024,33.27962215407525,9.224080768139677,-24.05554138593557,531857.0,574583.0,70.91426666666666,-11.587524983149619,35.85213376606608,-24.147054236883598
25018,Itabaiana,PB,Northeast,2016,2024,29.62457582993698,19.684334848430623,-9.940240981506356,111394.0,111764.0,14.852533333333334,-9.770660081264197,29.026968148139282,-3.3331597514026967
25019,Umbuzeiro,PB,Northeast,2016,2024,34.83234641685152,16.700686583781778,-18.131659833069744,54547.0,53890.0,7.2729333333333335,-12.35935930894554,32.99886337248384,-4.207385649889726
25020,Litoral Norte,PB,Northeast,2016,2024,27.718198317109387,37.137983344558656,9.419785027449269,151525.0,158867.0,20.203333333333333,-8.823030397359526,27.060860535365023,6.527703093569066
25021,Sapé,PB,Northeast,2016,2024,30.10148500659366,44.01592957451268,13.914444567919023,139528.0,143130.0,18.603733333333334,-10.007723983500478,36.55459775607332,3.9719631386393885
25022,João Pessoa,PB,Northeast,2016,2024,47.60988704510378,36.71175169681395,-10.898135348289834,1138419.0,1244833.0,151.7892,-18.710869807341155,49.608578359883,-16.60747542828502
25023,Litoral Sul,PB,Northeast,2016,2024,58.78230200538084,80.66424315429457,21.881941148913725,88462.0,92978.0,11.794933333333333,-24.264498081919243,59.54220336300394,14.323032804633577
26001,Araripina,PE,Northeast,2016,2024,35.88971516340466,17.885674766890038,-18.004040396514622,328785.0,335464.0,43.838,-12.884960352980434,34.57443033302984,-14.113353713932629
26002,Salgueiro,PE,Northeast,2016,2024,28.158933715043325,26.271902771114615,-1.8870309439287105,170461.0,175092.0,22.728133333333332,-9.042112894409264,29.92050532408992,-12.815473626328053
26003,Pajeú,PE,Northeast,2016,2024,24.592329015001322,18.291939352058858,-6.3003896629424645,329371.0,344414.0,43.916133333333335,-7.269210905285046,24.188471713657073,-2.409387850819762
26004,Sertão do Moxotó,PE,Northeast,2016,2024,37.457914291065414,28.722220227623595,-8.73569406344182,229591.0,250677.0,30.612133333333333,-13.664486985898256,31.94405724375058,-7.258794345700718
26005,Petrolina,PE,Northeast,2016,2024,36.369740376007165,37.46414768192764,1.0944073059204769,500416.0,573882.0,66.72213333333333,-13.123573186705107,37.17519175536859,-0.7907083013321241
26006,Itaparica,PE,Northeast,2016,2024,28.822992512884564,22.413829332698274,-6.40916318018629,145717.0,142769.0,19.428933333333333,-9.372205871512755,32.25747412538777,-12.720616771845705
26007,Vale do Ipanema,PE,Northeast,2016,2024,38.230644444674056,21.494411453022213,-16.736232991651843,193562.0,200052.0,25.80826666666667,-14.048598750897858,35.47821534243367,-12.257679575181406
26008,Vale do Ipojuca,PE,Northeast,2016,2024,57.30367263462572,32.68587553990062,-24.6177970947251,923152.0,985135.0,123.08693333333333,-23.52949513848725,58.82607847810543,-23.478267125694003
26009,Alto Capibaribe,PE,Northeast,2016,2024,51.304886548439555,32.19082465880913,-19.114061889630428,309912.0,313754.0,41.3216,-20.547594793768674,55.186272495398455,-21.642418807589358
26010,Médio Capibaribe,PE,Northeast,2016,2024,33.5636494103214,22.208914499645054,-11.354734910676349,259209.0,252151.0,34.5612,-11.72871037651782,36.65019765387296,-11.746799282285984
26011,Garanhuns,PE,Northeast,2016,2024,38.897293951793145,35.11768580684441,-3.7796081449487318,465328.0,481239.0,62.043733333333336,-14.379979528029173,40.40369306947716,-2.8681095133205616
26012,Brejo Pernambucano,PE,Northeast,2016,2024,59.46233530497919,35.070232755597395,-24.392102549381796,223671.0,216708.0,29.8228,-24.60253172761999,64.9775484686312,-27.503838618198145
26013,Mata Setentrional Pernambucana,PE,Northeast,2016,2024,55.62091061915137,46.098576772675735,-9.522333846475632,562738.0,566178.0,75.03173333333334,-22.69302113159155,56.690014027372335,-7.613624461878814
26014,Vitória de Santo Antão,PE,Northeast,2016,2024,44.175020556692736,40.729568393854926,-3.4454521628378103,228636.0,235701.0,30.4848,-17.003452770177397,49.7181665223236,-4.0872209187565645
26015,Mata Meridional Pernambucana,PE,Northeast,2016,2024,62.714112519849685,39.75016431379803,-22.963948206051654,596357.0,508174.0,79.51426666666667,-26.21893802360362,59.47666127985502,-9.672001414720448
26016,Itamaracá,PE,Northeast,2016,2024,54.470637090728665,35.99675522206449,-18.473881868664172,185421.0,197240.0,24.7228,-22.121238610654054,57.35563550583535,-23.151396263676283
26017,Recife,PE,Northeast,2016,2024,44.28470090772074,41.60751159711118,-2.677189310609563,3459434.0,3434476.0,461.25786666666664,-17.057973113433576,45.75230599620202,-5.196879497292336
26018,Suape,PE,Northeast,2016,2024,71.04170824861892,49.28597333597845,-21.75573491264047,295601.0,322607.0,39.413466666666665,-30.358452288243996,82.668489207984,-27.519969551056853
26019,Fernando de Noronha,PE,Northeast,2016,2024,33.62474781439139,0.0,-33.62474781439139,2974.0,3316.0,0.39653333333333335,-11.759081413180985,11.210762331838565,-11.210762331838565
27001,Serrana do Sertão Alagoano,AL,Northeast,2016,2024,30.01007481082935,22.71097298589529,-7.299101824934063,93302.0,83660.0,12.440266666666666,-9.962285441378087,27.15265149214538,1.7959707343655253
27002,Alagoana do Sertão do São Francisco,AL,Northeast,2016,2024,38.010988631258854,30.81152825180129,-7.199460379457566,86817.0,84384.0,11.5756,-13.939411369262343,38.016097321209145,-13.215105281527556
27003,Santana do Ipanema,AL,Northeast,2016,2024,44.36360409919702,20.725627238079884,-23.637976861117135,180328.0,173698.0,24.043733333333332,-17.09719462433297,38.82044987355625,-14.932896162974355
27004,Batalha,AL,Northeast,2016,2024,40.07933653282909,37.52220983744054,-2.557126695388547,97307.0,90613.0,12.974266666666667,-14.967553935454662,35.97073010304758,-3.6508299603942262
27005,Palmeira dos Índios,AL,Northeast,2016,2024,47.81533388293487,29.09314941899269,-18.72218446394218,181950.0,175299.0,24.26,-18.812994135121507,45.98341299516899,-13.672489595136682
27006,Arapiraca,AL,Northeast,2016,2024,61.2299308169564,31.405485192313733,-29.824445624642664,442594.0,445782.0,59.01253333333333,-25.48117510492348,53.554642306209026,-22.031317514557312
27007,Traipu,AL,Northeast,2016,2024,27.382937940305194,25.66661913589049,-1.7163188044147049,40171.0,35065.0,5.356133333333333,-8.656377841525769,29.044679014804487,-4.110012635845511
27008,Serrana dos Quilombos,AL,Northeast,2016,2024,63.751032701677694,24.849835991082458,-38.90119671059524,153723.0,140846.0,20.4964,-26.734374414102476,61.15093873196373,-27.904429017524933
27009,Mata Alagoana,AL,Northeast,2016,2024,58.015857667762525,33.44530773358424,-24.57054993417829,320602.0,272086.0,42.74693333333333,-23.883510895225825,60.620176640747985,-24.83267514702225
27010,Litoral Norte Alagoano,AL,Northeast,2016,2024,41.426164765665995,70.71758332666187,29.291418560995872,72418.0,74946.0,9.655733333333334,-15.637040647278118,44.65395486728108,18.44321477396644
27011,Maceió,AL,Northeast,2016,2024,58.209501359956505,41.419039977657384,-16.79046138229912,1248937.0,1267533.0,166.52493333333334,-23.97976806862887,59.6607266649814,-16.85013501939205
27012,São Miguel dos Campos,AL,Northeast,2016,2024,54.413484179603365,34.730855602521146,-19.68262857708222,308747.0,253377.0,41.166266666666665,-22.092828815249177,53.2331872750007,-21.29348942454237
27013,Penedo,AL,Northeast,2016,2024,46.94586838498641,35.01200993364003,-11.933858451346381,132067.0,122815.0,17.608933333333333,-18.3807967820564,50.98756862497633,-18.03728236936449
28001,Sergipana do Sertão do São Francisco,SE,Northeast,2016,2024,33.92388182791234,15.886074153924712,-18.03780767398763,170971.0,176255.0,22.796133333333334,-11.90777613328264,35.876118204010325,-15.662547390096456
28002,Carira,SE,Northeast,2016,2024,47.333116953370116,31.142064435762414,-16.1910525176077,73944.0,70644.0,9.8592,-18.57329183404938,55.45111510840017,-27.799082564818416
28003,Nossa Senhora das Dores,SE,Northeast,2016,2024,25.319095065755178,21.48392542008747,-3.8351696456677082,67143.0,65165.0,8.9524,-7.630474652005924,38.228387308175414,-5.140883786165759
28004,Agreste de Itabaiana,SE,Northeast,2016,2024,95.54416746286806,29.000451118128503,-66.54371634473955,172695.0,186204.0,23.026,-42.53823175157104,83.77488876663675,-44.9369632588719
28005,Tobias Barreto,SE,Northeast,2016,2024,46.53808366513263,14.272281550137686,-32.26580211499495,116034.0,119112.0,15.4712,-18.17809353856135,44.52935346251634,-26.894851274558146
28006,Agreste de Lagarto,SE,Northeast,2016,2024,47.08441911627416,14.500108750815631,-32.584310365458535,123183.0,124137.0,16.4244,-18.449668128267483,40.321598575483925,-19.01265578589744
28007,Propriá,SE,Northeast,2016,2024,43.015265173372505,20.181182168804376,-22.83408300456813,95315.0,89192.0,12.708666666666666,-16.426956971256438,47.91248452461723,-18.473745408458758
28008,Cotinguiba,SE,Northeast,2016,2024,52.54860746190226,18.30347155843892,-34.245135903463336,51381.0,49171.0,6.8508,-21.16582851094161,55.7963304180832,-22.781793704886674
28009,Japaratuba,SE,Northeast,2016,2024,42.3169369308372,27.65078896917859,-14.666147961658613,59078.0,54248.0,7.877066666666667,-16.07982920286711,42.88382433431327,-18.08269836319418
28010,Baixo Cotinguiba,SE,Northeast,2016,2024,88.23171473773884,36.73684935595711,-51.49486538178173,98604.0,87106.0,13.1472,-38.903328791451656,68.29215519223227,-32.80346239122933
28011,Aracaju,SE,Northeast,2016,2024,80.12359490703746,24.69153510654756,-55.432059800489895,938550.0,976043.0,125.14,-34.87291247541341,73.27641476226722,-40.57634826165121
28012,Boquim,SE,Northeast,2016,2024,41.265641498671,25.617794995157613,-15.647846503513389,164786.0,160045.0,21.971466666666668,-15.55724710599983,39.24424485172149,-9.954664672549331
28013,Estância,SE,Northeast,2016,2024,49.9645773518774,12.709805240925572,-37.25477211095183,134095.0,133755.0,17.879333333333335,-19.88134859031402,43.75268793146738,-23.25224944986652
29001,Barreiras,BA,Northeast,2016,2024,18.973306928814523,30.29322817989043,11.319921251075908,337316.0,389526.0,44.97546666666667,-4.476085153665821,18.880756653736807,13.896598522920765
29002,Cotegipe,BA,Northeast,2016,2024,12.997140629061606,14.089760059674278,1.0926194306126717,123104.0,120655.0,16.413866666666667,-1.5054287419686458,12.185743222018825,1.327370832886647
29003,Santa Maria da Vitória,BA,Northeast,2016,2024,18.925952211970664,16.491905666299587,-2.4340465456710767,190215.0,187971.0,25.362,-4.4525458834781535,16.99866639328605,6.327289428438551
29004,Juazeiro,BA,Northeast,2016,2024,36.87741945772253,54.23053105613959,17.35311159841706,501662.0,545818.0,66.88826666666667,-13.375932315206038,37.14786778548867,14.983218314439512
29005,Paulo Afonso,BA,Northeast,2016,2024,49.23656274685914,39.42505133470226,-9.811511412156882,184822.0,182625.0,24.642933333333332,-19.519464207294746,45.45020046784849,-9.575861550636937
29006,Barra,BA,Northeast,2016,2024,37.35265710794384,18.878400888395337,-18.474256219548504,187403.0,180100.0,24.987066666666667,-13.612165328462078,31.46778552126298,-7.644553899893541
29007,Bom Jesus da Lapa,BA,Northeast,2016,2024,32.39093701582297,23.703192927829164,-8.687744087993806,185237.0,185629.0,24.698266666666665,-11.14577385516674,28.075126158098954,-4.906611066845343
29008,Senhor do Bonfim,BA,Northeast,2016,2024,19.295768759507187,35.476512559348556,16.18074379984137,310949.0,301608.0,41.45986666666667,-4.636375757512367,18.75531177222692,21.995657474337325
29009,Irecê,BA,Northeast,2016,2024,37.16987123470435,21.11318655114856,-16.056684683555794,406243.0,402592.0,54.165733333333336,-13.521305402705158,37.18686687922559,-14.323225300132577
29010,Jacobina,BA,Northeast,2016,2024,33.957989116321805,40.97520999795124,7.017220881629434,350433.0,346551.0,46.7244,-11.924730319280338,31.303163046663595,13.238409496498317
29011,Itaberaba,BA,Northeast,2016,2024,34.345973406403445,32.03338042514046,-2.3125929812629877,264951.0,243496.0,35.3268,-12.117591086728604,29.063952018057396,5.323704066399802
29012,Feira de Santana,BA,Northeast,2016,2024,36.479123034549765,52.75818926800894,16.279066233459176,1091035.0,1127787.0,145.47133333333332,-13.17794555180169,34.48078750695041,21.93644481310573
29013,Jeremoabo,BA,Northeast,2016,2024,36.85062888507453,30.643917676597933,-6.2067112084765945,103119.0,101162.0,13.7492,-13.362615151255445,26.51953713705426,2.2137908505436314
29014,Euclides da Cunha,BA,Northeast,2016,2024,23.898517335984476,18.73202895971677,-5.166488376267704,313827.0,320307.0,41.8436,-6.924328248176426,22.12953933499146,-1.2653021810011467
29015,Ribeira do Pombal,BA,Northeast,2016,2024,29.700379047411804,28.928010579386726,-0.7723684680250784,340063.0,314574.0,45.34173333333333,-9.808340644810123,27.39790597510031,4.04746255975623
29016,Serrinha,BA,Northeast,2016,2024,17.726606972317686,25.03168424898182,7.305077276664132,451299.0,443438.0,60.1732,-3.856370601983576,21.63054439576957,10.456646789003905
29017,Alagoinhas,BA,Northeast,2016,2024,64.1446298825296,32.86352954307293,-31.28110033945667,338298.0,322546.0,45.1064,-26.93002525952356,59.76826482667203,-18.68378274262991
29018,Entre Rios,BA,Northeast,2016,2024,50.16853492200361,37.7193508842616,-12.449184037742008,127570.0,116651.0,17.009333333333334,-19.982732627005674,50.2082859361884,-9.964548867769679
29019,Catu,BA,Northeast,2016,2024,77.32696489526683,31.849222035914682,-45.47774285935215,234071.0,213506.0,31.209466666666668,-33.48275255366647,72.47336354717959,-27.35549910483958
29020,Santo Antônio de Jesus,BA,Northeast,2016,2024,46.3868390512617,44.07407276293105,-2.31276628833065,588529.0,564958.0,78.47053333333334,-18.10291226692422,48.95012186540756,-0.627932159239009
29021,Salvador,BA,Northeast,2016,2024,64.93644633935376,52.82297393914337,-12.113472400210398,3854538.0,3502264.0,513.9384,-27.323624519713043,63.63278597777999,-3.2746696489296028
29022,Boquira,BA,Northeast,2016,2024,7.99744081893794,6.430385715969863,-1.5670551029680766,200064.0,186614.0,26.6752,0.979841839962631,8.164693532396338,0.3754428372280323
29023,Seabra,BA,Northeast,2016,2024,17.67343903031731,22.617124394184167,4.943685363866855,271594.0,278550.0,36.21253333333333,-3.829941670812989,15.338985442689255,8.575556673137656
29024,Jequié,BA,Northeast,2016,2024,38.88502312635586,51.353448669375084,12.468425543019222,537482.0,525768.0,71.66426666666666,-14.373879897524647,37.39687950018419,11.052450467604778
29025,Livramento do Brumado,BA,Northeast,2016,2024,12.422360248447205,0.9870109360811717,-11.435349312366034,104650.0,101316.0,13.953333333333333,-1.219714634069656,10.51782771798198,-5.817199008892139
29026,Guanambi,BA,Northeast,2016,2024,12.050000122959185,9.606245070479503,-2.4437550524796823,406639.0,395576.0,54.21853333333333,-1.0346203882339795,11.80505912367111,-2.605957024814293
29027,Brumado,BA,Northeast,2016,2024,14.030106958933052,12.022918169531438,-2.0071887894016136,242336.0,241206.0,32.31146666666667,-2.0188997360784953,11.965802561506976,0.9732005867493871
29028,Vitória da Conquista,BA,Northeast,2016,2024,46.59957522694889,26.71910585713902,-19.880469369809873,669534.0,707359.0,89.2712,-18.20866000763405,43.95525534415171,-16.620163582035588
29029,Itapetinga,BA,Northeast,2016,2024,31.40900810352409,26.48384485463867,-4.925163248885422,206947.0,200122.0,27.592933333333335,-10.657672742707383,35.00439160601112,-3.833773978857444
29030,Valença,BA,Northeast,2016,2024,60.1089517685771,50.090858235558656,-10.018093533018444,291138.0,273503.0,38.8184,-24.923954400140914,55.99463184388376,-1.992669606684494
29031,Ilhéus-Itabuna,BA,Northeast,2016,2024,62.419712049768044,49.730281588857174,-12.68943046091087,1049348.0,987326.0,139.91306666666668,-26.07259627202103,58.12719882805403,-3.4984829300988167
29032,Porto Seguro,BA,Northeast,2016,2024,75.35553777011636,57.42135240389369,-17.934185366222664,812150.0,839409.0,108.28666666666666,-32.50278775085232,69.49832309125914,-10.130948521657317
31001,Unaí,MG,Southeast,2016,2024,20.80260221642271,8.521879926711833,-12.280722289710877,158634.0,164283.0,21.1512,-5.385398499789634,24.166822525159763,-10.536387001766528
31002,Paracatu,MG,Southeast,2016,2024,35.046778901839104,23.401490173463547,-11.645288728375558,233973.0,239301.0,31.1964,-12.465950257800303,33.34088490128106,-12.080935244841843
31003,Januária,MG,Southeast,2016,2024,20.9912696965213,11.68758035211492,-9.30368934440638,290597.0,282351.0,38.74626666666666,-5.479182077977008,15.486304371267513,-4.127674771993988
31004,Janaúba,MG,Southeast,2016,2024,45.43616795980054,15.947846651730147,-29.488321308070397,259705.0,257088.0,34.62733333333333,-17.630348915837253,42.10191229966293,-26.96938756949887
31005,Salinas,MG,Southeast,2016,2024,10.33587086452819,5.065342923715936,-5.270527940812253,222526.0,217162.0,29.670133333333332,-0.18255422798567889,10.486325831116224,-3.1727500449651798
31006,Pirapora,MG,Southeast,2016,2024,58.93055348948977,19.92515613227813,-39.005397357211635,174782.0,160601.0,23.304266666666667,-24.338191516760574,43.1047636485703,-25.481843782504487
31007,Montes Claros,MG,Southeast,2016,2024,16.93495744707056,8.166647116208418,-8.76831033086214,649544.0,673471.0,86.60586666666667,-3.46285432080351,16.218402343661786,-7.845094029370163
31008,Grão Mogol,MG,Southeast,2016,2024,6.6748247858493714,2.627844641824775,-4.046980144024596,44945.0,38054.0,5.992666666666667,1.6372930556475902,8.900360464598815,-1.864857558056677
31009,Bocaiúva,MG,Southeast,2016,2024,10.912860806460413,14.01227475268335,3.0994139462229366,73308.0,71366.0,9.7744,-0.46936667337505966,14.551804423748544,-1.28395739254778
31010,Diamantina,MG,Southeast,2016,2024,11.657185489135504,8.101758081503686,-3.555427407631818,85784.0,86401.0,11.437866666666666,-0.8393585343888077,15.931982094006466,-3.411538557294179
31011,Capelinha,MG,Southeast,2016,2024,14.389800509398938,5.302536203065927,-9.087264306333012,208481.0,188589.0,27.797466666666665,-2.1976976306387224,13.111566640336935,-5.082383235053197
31012,Araçuaí,MG,Southeast,2016,2024,23.235905588846766,21.36413444243055,-1.871771146416215,163540.0,145103.0,21.805333333333333,-6.594954576767401,32.205331409166696,-12.290248396848291
31013,Pedra Azul,MG,Southeast,2016,2024,36.52602184491758,23.51339644823959,-13.01262539667799,84871.0,80805.0,11.316133333333333,-13.201258198192717,45.16605397932573,-19.79568823015131
31014,Almenara,MG,Southeast,2016,2024,24.91544651660853,13.253224951404842,-11.662221565203687,188638.0,181088.0,25.151733333333333,-7.429827432626448,22.08937183127961,-5.704735034922958
31015,Teófilo Otoni,MG,Southeast,2016,2024,29.149797570850204,23.3454830255746,-5.804314545275602,277875.0,265576.0,37.05,-9.534655423972637,27.711298652223203,-8.008418091085165
31016,Nanuque,MG,Southeast,2016,2024,26.198799767485653,23.677260723067114,-2.521539044418539,122143.0,109810.0,16.285733333333333,-8.067761749037315,28.109205628390843,10.41848615007493
31017,Ituiutaba,MG,Southeast,2016,2024,13.761197355228928,7.771366400497367,-5.989830954731561,152603.0,154413.0,20.347066666666667,-1.8852290853063387,16.16528788411673,-4.964128234647138
31018,Uberlândia,MG,Southeast,2016,2024,17.337012632680935,11.169811320754716,-6.167201311926219,899809.0,993750.0,119.97453333333333,-3.662709504726177,18.6735897271544,-9.174074770322985
31019,Patrocínio,MG,Southeast,2016,2024,18.538060063314607,8.776467979749455,-9.761592083565152,210378.0,216488.0,28.0504,-4.259730918054627,18.85656335171452,-7.095205996984925
31020,Patos de Minas,MG,Southeast,2016,2024,19.9426096012586,13.872145063002659,-6.070464538255941,270777.0,302765.0,36.1036,-4.9579099648144425,17.236072637734686,-2.5851725935002374
31021,Frutal,MG,Southeast,2016,2024,18.3044022087312,8.138476172067733,-10.165926036663468,196674.0,196597.0,26.2232,-4.1435833463429255,15.595070601596799,-5.944349167085992
31022,Uberaba,MG,Southeast,2016,2024,20.93933873568273,10.80585244968675,-10.133486285995978,382056.0,416441.0,50.9408,-5.453368030301146,21.902880359661,-13.055834719964308
31023,Araxá,MG,Southeast,2016,2024,13.34472082844027,11.152416356877323,-2.192304471562947,224808.0,242100.0,29.9744,-1.6782052839979231,11.715627609137004,-2.5769096025585316
31024,Três Marias,MG,Southeast,2016,2024,30.87015242137758,16.580513020579343,-14.289639400798237,103660.0,102530.0,13.821333333333333,-10.389816226195423,28.300551860761285,-2.8756757657581
31025,Curvelo,MG,Southeast,2016,2024,19.530388654734228,17.057946475954612,-2.472442178779616,158727.0,158284.0,21.1636,-4.753001544197176,18.27151470856934,-3.107087464714672
31026,Bom Despacho,MG,Southeast,2016,2024,14.612488057101107,4.318581777744189,-10.293906279356918,177930.0,185246.0,23.724,-2.308392038760183,14.239462797529828,-6.9162519723595866
31027,Sete Lagoas,MG,Southeast,2016,2024,32.71838352489168,17.556219803871944,-15.162163721019734,427894.0,438591.0,57.052533333333336,-11.308542262681273,30.38552215572035,-14.11114546434763
31028,Conceição do Mato Dentro,MG,Southeast,2016,2024,9.336632276737781,6.536374926465782,-2.800257350271999,85684.0,91794.0,11.424533333333333,0.31415124651852544,10.503384423869914,-0.563465710316283
31029,Pará de Minas,MG,Southeast,2016,2024,26.7264547357793,18.511281597729283,-8.215173138050016,134698.0,145857.0,17.959733333333332,-8.330050570349098,21.285390054772755,-7.261668930491032
31030,Belo Horizonte,MG,Southeast,2016,2024,31.005551331638983,13.129541947166494,-17.87600938447249,5157141.0,5232475.0,687.6188,-10.45712085272857,29.419162560363098,-15.752327175375902
31031,Itabira,MG,Southeast,2016,2024,17.354267538346733,10.778528191975386,-6.575739346371346,403359.0,408219.0,53.7812,-3.6712866415691483,17.603713143775227,-7.393087867496876
31032,Itaguara,MG,Southeast,2016,2024,9.246132034765456,4.1208791208791204,-5.125252913886335,64892.0,72800.0,8.652266666666666,0.35913746520630685,11.301466622145737,-1.512352117474931
31033,Ouro Preto,MG,Southeast,2016,2024,14.367663179404222,9.446532625340572,-4.92113055406365,187922.0,201132.0,25.056266666666666,-2.1866935189744643,14.901649115835486,-3.5722354214489567
31034,Conselheiro Lafaiete,MG,Southeast,2016,2024,16.456595728765382,7.09912148371639,-9.357474245048993,267370.0,281725.0,35.64933333333333,-3.2250683834120917,12.842764660701638,-3.426227773229254
31035,Guanhães,MG,Southeast,2016,2024,17.587571449509014,12.58960256198412,-4.997968887524893,136460.0,127089.0,18.194666666666667,-3.787258273683353,16.12249185325601,-5.794703747690129
31036,Peçanha,MG,Southeast,2016,2024,16.899844280006278,6.505334374186833,-10.394509905819444,82841.0,76860.0,11.045466666666666,-3.445400128660495,24.544123090789114,-14.06571842789904
31037,Governador Valadares,MG,Southeast,2016,2024,34.51152479230233,37.38807854409851,2.8765537517961803,437535.0,411896.0,58.338,-12.1998840252645,35.80881445396129,-3.4651639886724297
31038,Mantena,MG,Southeast,2016,2024,19.739739131755165,17.83166904422254,-1.908070087532625,65857.0,61688.0,8.780933333333333,-4.857066308405599,32.394401842431606,-12.729363003979898
31039,Ipatinga,MG,Southeast,2016,2024,27.66319966310804,21.469378843564645,-6.193820819543394,567541.0,549620.0,75.67213333333333,-8.795691448617324,25.140549180024543,-3.7300145182508295
31040,Caratinga,MG,Southeast,2016,2024,21.687026297388957,16.91252466409847,-4.7745016332904875,267441.0,266075.0,35.6588,-5.825031524541705,20.6912884689693,-3.4107826583992207
31041,Aimorés,MG,Southeast,2016,2024,24.552085958145156,23.501148945059537,-1.050937013085619,154773.0,153184.0,20.6364,-7.2492067272083744,25.844968953731044,-3.8045799408649685
31042,Piuí,MG,Southeast,2016,2024,6.95595719767671,5.649781353461621,-1.3061758442150895,86257.0,88499.0,11.500933333333334,1.4975466430075497,9.275183088249502,-1.2398736427432482
31043,Divinópolis,MG,Southeast,2016,2024,22.214406042318444,11.290333452415457,-10.924072589902988,540190.0,593428.0,72.02533333333334,-6.087183536733663,22.527471171008813,-7.901665780017559
31044,Formiga,MG,Southeast,2016,2024,7.484469725319961,7.22795774054041,-0.25651198477955095,160332.0,166022.0,21.3776,1.2348315426980725,9.148198740459364,-1.593786555396683
31045,Campo Belo,MG,Southeast,2016,2024,15.231647979691136,11.980454743832205,-3.2511932358589313,118175.0,116857.0,15.756666666666666,-2.616166505140753,14.386500385050452,-2.820408119440925
31046,Oliveira,MG,Southeast,2016,2024,9.77458307643724,8.454839627064711,-1.3197434493725293,132998.0,130103.0,17.733066666666666,0.09645292858702881,11.279043537108054,-3.233813774429356
31047,Passos,MG,Southeast,2016,2024,9.95834094039933,5.7818985276808395,-4.17644241271849,241004.0,242135.0,32.13386666666667,0.00510984183234342,8.714283540654899,-1.4417291818074869
31048,São Sebastião do Paraíso,MG,Southeast,2016,2024,7.500241079177545,4.932356257046223,-2.5678848221313224,279991.0,283840.0,37.33213333333333,1.2269918556632398,7.143520469757906,-0.947202036187206
31049,Alfenas,MG,Southeast,2016,2024,11.244143675169182,5.40765391014975,-5.836489765019432,240125.0,240400.0,32.016666666666666,-0.6340420737326147,9.579195652988778,-4.090246385657949
31050,Varginha,MG,Southeast,2016,2024,10.41000550243148,9.226620477645367,-1.1833850247861122,470701.0,476881.0,62.760133333333336,-0.2194053673901104,10.410993442490593,-2.2325177681219355
31051,Poços de Caldas,MG,Southeast,2016,2024,4.900292656366977,7.138060668228228,2.2377680118612506,367325.0,378254.0,48.97666666666667,2.5193845142516564,5.899153516848436,0.6595284935403365
31052,Pouso Alegre,MG,Southeast,2016,2024,7.560547383630575,7.215163387374907,-0.3453839962556682,357117.0,415791.0,47.6156,1.1970145590146242,6.9082242409588615,0.24180935187138086
31053,Santa Rita do Sapucaí,MG,Southeast,2016,2024,4.664645320361177,3.318026172590449,-1.3466191477707277,150065.0,150692.0,20.008666666666667,2.636521025267746,4.8872489453538925,-0.39745760840627753
31054,São Lourenço,MG,Southeast,2016,2024,3.1725744535240503,4.5543769840004735,1.3818025304764232,220641.0,219569.0,29.4188,3.3782055208045465,5.439134573254567,0.8688682822706282
31055,Andrelândia,MG,Southeast,2016,2024,6.544416957893222,14.46816346394139,7.923746506048169,76401.0,76029.0,10.1868,1.7021166952222546,8.289811821271657,4.126241248486608
31056,Itajubá,MG,Southeast,2016,2024,9.054234866852447,4.482942404152201,-4.571292462700246,198802.0,200761.0,26.506933333333333,0.45452646940300667,8.71937529029651,-4.504031946365803
31057,Lavras,MG,Southeast,2016,2024,8.682439765574125,5.267501272979474,-3.4149384925946515,161245.0,170859.0,21.499333333333333,0.6393398507668602,8.269964728600433,-0.9021840335797586
31058,São João Del Rei,MG,Southeast,2016,2024,11.868946192390457,12.055212874967351,0.18626668257689438,193783.0,199084.0,25.837733333333333,-0.9446213833988555,13.074189142229976,-5.4125085270481
31059,Barbacena,MG,Southeast,2016,2024,4.651477478391773,9.194194522886978,4.5427170444952045,236484.0,228405.0,31.5312,2.643066548302512,5.35673002644533,1.6021040283118104
31060,Ponte Nova,MG,Southeast,2016,2024,18.245796950345365,16.500683979964975,-1.74511297038039,191825.0,187871.0,25.576666666666668,-4.114451612410045,19.11444513372292,-4.939820940689659
31061,Manhuaçu,MG,Southeast,2016,2024,23.53342428376535,25.64710236440312,2.113678080637772,293200.0,308027.0,39.093333333333334,-6.742846347901047,18.419326193759943,3.598897188822651
31062,Viçosa,MG,Southeast,2016,2024,23.31837790454147,23.60418406018193,0.28580615564045786,231577.0,228773.0,30.876933333333334,-6.635950242068102,27.205988196343746,-2.415764398171582
31063,Muriaé,MG,Southeast,2016,2024,22.648035797622644,8.989696424866883,-13.65833937275576,291416.0,289220.0,38.855466666666665,-6.302733932804529,21.391181799879202,-13.2032285016254
31064,Ubá,MG,Southeast,2016,2024,12.030550724239154,24.833336830986408,12.802786106747254,290926.0,285906.0,38.79013333333333,-1.0249524040927573,18.563633155107176,5.473618664708162
31065,Juiz de Fora,MG,Southeast,2016,2024,22.149273298987023,7.2761622711838445,-14.873111027803178,781064.0,783380.0,104.14186666666667,-6.054807094733228,19.974843647764974,-8.475121485391934
31066,Cataguases,MG,Southeast,2016,2024,9.221041538596646,13.130929435323138,3.9098878967264916,227740.0,213237.0,30.365333333333332,0.37160954840781013,9.660690212403448,0.4625603633564275
32001,Barra de São Francisco,ES,Southeast,2016,2024,30.07705950072081,43.77909708281724,13.702037582096427,96419.0,93652.0,12.855866666666667,-9.995582456308853,25.58367070358552,11.219751650303074
32002,Nova Venécia,ES,Southeast,2016,2024,35.02090310153873,29.091885601754466,-5.929017499784262,137061.0,134058.0,18.2748,-12.453087812511042,39.644127075236284,-7.246126567582579
32003,Colatina,ES,Southeast,2016,2024,27.669920528359402,23.89303134946038,-3.7768891788990224,220456.0,221822.0,29.394133333333333,-8.79903228293312,28.578989150568933,-4.1306814608798526
32004,Montanha,ES,Southeast,2016,2024,30.064638973793656,31.616110164579418,1.5514711907857617,59871.0,56933.0,7.9828,-9.98940841159488,36.191335237554355,-9.933103431077523
32005,São Mateus,ES,Southeast,2016,2024,49.23198109491926,33.39641545140822,-15.835565643511046,213276.0,215592.0,28.4368,-19.51718674160375,52.50393779533465,-10.483270976882302
32006,Linhares,ES,Southeast,2016,2024,33.794077726378774,27.2141196364405,-6.579958089938273,361010.0,378480.0,48.13466666666667,-11.843252596429052,39.900912733378775,-6.915841447705674
32007,Afonso Cláudio,ES,Southeast,2016,2024,13.13969571230982,17.106276029501746,3.9665803171919265,144600.0,151991.0,19.28,-1.576290587310674,13.370925613852279,-0.5148025469226258
32008,Santa Teresa,ES,Southeast,2016,2024,11.33104969101099,16.817321841496742,5.4862721504857515,114729.0,118925.0,15.2972,-0.6772416602612221,15.108900304502452,1.8782916406893797
32009,Vitória,ES,Southeast,2016,2024,37.522280596409125,27.08478016988087,-10.437500426528256,1793601.0,1871900.0,239.1468,-13.696482443868435,43.58569980140162,-12.893672138688164
32010,Guarapari,ES,Southeast,2016,2024,28.351367953503757,18.707445998564314,-9.643921954939444,211630.0,229855.0,28.217333333333332,-9.137768867760638,27.56691277356223,-8.348818938216251
32011,Alegre,ES,Southeast,2016,2024,12.250183752756291,14.829433002332784,2.5792492495764936,171426.0,175327.0,22.8568,-1.134128459720908,14.389636350554875,3.2111427772678507
32012,Cachoeiro de Itapemirim,ES,Southeast,2016,2024,21.35020912256115,14.850057258393852,-6.500151864167298,365336.0,350167.0,48.71146666666667,-5.657605109380981,19.526527334857132,-2.3004031345016465
32013,Itapemirim,ES,Southeast,2016,2024,22.543366317837734,23.20477244820018,0.6614061303624474,84282.0,103427.0,11.2376,-6.250704413270425,22.940678569450927,-1.1524334952703335
33001,Itaperuna,RJ,Southeast,2016,2024,11.43817665517876,35.16107573885774,23.722899083678982,201081.0,210460.0,26.8108,-0.7304927558647352,10.2782249174012,17.482506797043147
33002,Santo Antônio de Pádua,RJ,Southeast,2016,2024,21.000088846529735,15.438650661932147,-5.561438184597588,123809.0,129545.0,16.507866666666665,-5.483565935989686,21.269607077663682,-3.641971154120263
33003,Campos dos Goytacazes,RJ,Southeast,2016,2024,51.01508612259268,24.557100564358553,-26.457985558234125,613544.0,659687.0,81.80586666666666,-20.403539650391863,40.96690591194832,-13.554152872657227
33004,Macaé,RJ,Southeast,2016,2024,44.96942079386017,16.6997569257603,-28.269663868099872,300204.0,323358.0,40.0272,-17.398336386132456,41.87000086627588,-14.335541596810799
33005,Três Rios,RJ,Southeast,2016,2024,12.509069075079433,24.648903424393996,12.139834349314564,159884.0,166336.0,21.317866666666667,-1.2628162010050366,14.378055336759061,6.952455805869246
33006,Cantagalo-Cordeiro,RJ,Southeast,2016,2024,17.021539985144837,12.349299949059137,-4.6722400360857,64624.0,64781.0,8.616533333333333,-3.505893111722365,14.97245584416255,-6.610836721139615
33007,Nova Friburgo,RJ,Southeast,2016,2024,13.034849300322929,11.149214941485845,-1.885634358837084,237824.0,260108.0,31.709866666666667,-1.524173117616904,9.81157569700733,1.8209040370318839
33008,Santa Maria Madalena,RJ,Southeast,2016,2024,10.12692411558196,10.263427984946972,0.13650386936501135,29624.0,29230.0,3.949866666666667,-0.0786901505275166,16.87839677735144,-1.8096019331975537
33009,Bacia de São João,RJ,Southeast,2016,2024,48.72608905320688,18.01514948384502,-30.71093956936186,199072.0,238688.0,26.542933333333334,-19.26571592202471,46.22891015344313,-23.74927691730539
33010,Lagos,RJ,Southeast,2016,2024,45.99179071262549,30.298218959984503,-15.693571752640985,606630.0,686509.0,80.884,-17.906540074244695,44.789005315877894,-15.13357189695958
33011,Vale do Paraíba Fluminense,RJ,Southeast,2016,2024,24.908337318667304,24.485831361615144,-0.42250595705215943,702576.0,739203.0,93.6768,-7.426293564359261,25.52595082980691,3.057269564948278
33012,Barra do Piraí,RJ,Southeast,2016,2024,17.213424249827867,12.832887901934418,-4.3805363478934485,180092.0,179227.0,24.012266666666665,-3.6012757019304065,17.58428890061175,-2.309184266145003
33013,Baía da Ilha Grande,RJ,Southeast,2016,2024,51.18741907871249,21.611227253080703,-29.576191825631785,232479.0,226734.0,30.9972,-20.489203598710233,54.352034831193194,-18.243092026696566
33014,Vassouras,RJ,Southeast,2016,2024,33.704078193461406,20.032405361614376,-13.67167283184703,169119.0,169725.0,22.5492,-11.798515272181268,26.41783953331112,-7.687910012223334
33015,Serrana,RJ,Southeast,2016,2024,9.51875599985418,9.909520015208079,0.3907640153538985,493762.0,494474.0,65.83493333333334,0.2236204649671043,9.721263035099835,2.9102837672102115
33016,Macacu-Caceribu,RJ,Southeast,2016,2024,13.965749000576087,16.813787305590584,2.848038305014496,114566.0,118950.0,15.275466666666667,-1.9869084272615432,14.252845478793802,5.847455020698664
33017,Itaguaí,RJ,Southeast,2016,2024,47.54570686649409,21.399614014369444,-26.14609285212465,246079.0,252341.0,32.81053333333333,-18.67896686998504,46.47110865432947,-23.931980864263792
33018,Rio de Janeiro,RJ,Southeast,2016,2024,34.771261698514685,19.25784675757924,-15.513414940935444,11961027.0,12270323.0,1594.8036,-12.328995075240806,33.97598888911866,-12.114676950624936
35001,Jales,SP,Southeast,2016,2024,7.715454054471105,3.0636316289329373,-4.6518224255381675,155532.0,163205.0,20.7376,1.1200129375962056,5.358023103795624,-0.39627507996682887
35002,Fernandópolis,SP,Southeast,2016,2024,5.441535238475282,6.737920172490757,1.2963849340154745,110263.0,118731.0,14.701733333333333,2.250341508053846,6.34868808895419,-0.6586581593967606
35003,Votuporanga,SP,Southeast,2016,2024,9.285666909862705,5.591069198799784,-3.6945977110629213,150770.0,160971.0,20.102666666666668,0.33948531292297,7.517417192333119,2.993188008314333
35004,São José do Rio Preto,SP,Southeast,2016,2024,8.620132319031097,8.860937314271512,0.2408049952404152,835254.0,925410.0,111.3672,0.6703118830506982,8.421187068089887,1.4470463365405148
35005,Catanduva,SP,Southeast,2016,2024,6.704154061460333,9.364966107741706,2.6608120462813734,238658.0,224240.0,31.821066666666667,1.6227139431741406,7.402886008126413,-0.34344400444649104
35006,Auriflama,SP,Southeast,2016,2024,10.209707389786209,9.175785103112885,-1.0339222866733238,48973.0,43593.0,6.529733333333334,-0.11984038831562938,8.848653983595957,-0.39407429149637707
35007,Nhandeara,SP,Southeast,2016,2024,11.310617842499646,5.932341643555253,-5.378276198944393,70730.0,67427.0,9.430666666666667,-0.6670853160869372,8.954661136770666,-2.973397445284247
35008,Novo Horizonte,SP,Southeast,2016,2024,11.696180027602985,2.2767892717689513,-9.419390755834034,85498.0,87843.0,11.399733333333334,-0.8587420940003234,7.01809107922645,-1.2542694349234118
35009,Barretos,SP,Southeast,2016,2024,6.229365227683299,4.598516649914927,-1.630848577768372,144477.0,152223.0,19.2636,1.8587238569746125,9.921207157112699,-2.5835446028723634
35010,São Joaquim da Barra,SP,Southeast,2016,2024,5.243930150850391,6.426853229034687,1.182923078184296,228836.0,217836.0,30.511466666666667,2.348567827586008,6.846670988324241,-0.8119901417049382
35011,Ituverava,SP,Southeast,2016,2024,4.90191272634582,5.320903702284796,0.41899097593897583,102001.0,93969.0,13.600133333333334,2.5185792034506087,8.823760098303223,-1.660461972580178
35012,Franca,SP,Southeast,2016,2024,9.334565176806239,5.487771416027951,-3.8467937607782874,417802.0,437336.0,55.70693333333333,0.3151787687388339,9.015923876879182,-2.051408084839623
35013,Jaboticabal,SP,Southeast,2016,2024,12.237386833033556,8.083882165529376,-4.15350466750418,433099.0,420590.0,57.74653333333333,-1.12776731618548,10.236651368132303,-1.5832836456746513
35014,Ribeirão Preto,SP,Southeast,2016,2024,10.774944430830939,7.624060873153859,-3.15088355767708,1150818.0,1206706.0,153.4424,-0.4008106551868318,10.573145600615502,-2.275579698604693
35015,Batatais,SP,Southeast,2016,2024,5.255182924158952,4.4177416504682805,-0.8374412736906711,114173.0,113180.0,15.223066666666666,2.3429742544654215,4.671519207243191,0.38981222064772325
35016,Andradina,SP,Southeast,2016,2024,15.128435198130335,10.923561080912377,-4.204874117217958,191692.0,192245.0,25.558933333333332,-2.5648610869288513,18.78064897575905,-7.206605346875499
35017,Araçatuba,SP,Southeast,2016,2024,19.87949412109142,20.816708878326338,0.9372147572349192,276667.0,288230.0,36.888933333333334,-4.926536271976655,17.832270626394653,-0.901412020227589
35018,Birigui,SP,Southeast,2016,2024,8.54703898518157,8.630268509228994,0.08322952404742345,280799.0,278091.0,37.43986666666667,0.7066454069122061,8.547698532170212,1.5291587509997964
35019,Lins,SP,Southeast,2016,2024,12.768130745658835,10.207880483733442,-2.5602502619253933,172304.0,166538.0,22.973866666666666,-1.3915916021787789,10.060245392601077,0.0575971191330904
35020,Bauru,SP,Southeast,2016,2024,8.436766435565437,10.198991893395037,1.7622254578296008,604497.0,627513.0,80.5996,0.7614601225878577,8.492353573075048,0.8308341918846942
35021,Jaú,SP,Southeast,2016,2024,6.123894370809792,5.527304886137519,-0.5965894846722728,375578.0,361840.0,50.07706666666667,1.9111517282056112,6.390553342037504,-0.9828623934399374
35022,Avaré,SP,Southeast,2016,2024,7.7084361124814995,6.309331987342509,-1.3991041251389902,194592.0,206044.0,25.9456,1.1235014439935598,8.222881194784637,-1.8194923243670624
35023,Botucatu,SP,Southeast,2016,2024,4.8286276162382356,7.29391472984627,2.465287113608034,227808.0,233071.0,30.3744,2.555008056213965,5.853310193247036,-0.916759390331567
35024,Araraquara,SP,Southeast,2016,2024,9.33807683223138,4.844552659390268,-4.493524172841112,546151.0,557327.0,72.82013333333333,0.31343318115289254,7.995839721866852,-2.712743171455635
35025,São Carlos,SP,Southeast,2016,2024,12.148436111078189,8.733009366856821,-3.4154267442213673,337492.0,354975.0,44.99893333333333,-1.083551339044293,11.754166061672825,0.6722314301066348
35026,Rio Claro,SP,Southeast,2016,2024,15.940912351550253,15.527892901904385,-0.41301944964586745,263473.0,270481.0,35.129733333333334,-2.9687304480047203,12.146163899829574,3.884715581771861
35027,Limeira,SP,Southeast,2016,2024,7.7477950407787,9.806271655516573,2.058476614737873,632438.0,642446.0,84.32506666666667,1.1039367520423933,7.853732921425247,1.7843491950343848
35028,Piracicaba,SP,Southeast,2016,2024,8.908068730699185,7.701668181328076,-1.206400549371109,606192.0,649210.0,80.8256,0.5271833112239319,9.898512748459543,-2.173945754803605
35029,Pirassununga,SP,Southeast,2016,2024,8.56725293554402,11.46860729403424,2.9013543584902184,198430.0,191828.0,26.457333333333334,0.6965973764127167,8.231710902313111,2.1476275292105225
35030,São João da Boa Vista,SP,Southeast,2016,2024,3.7195116281232274,3.7754191895118856,0.055907561388658156,430164.0,423794.0,57.3552,3.1063318240190743,4.262042789359771,-0.04440135015727176
35031,Mogi Mirim,SP,Southeast,2016,2024,7.905725422177716,5.709991800451775,-2.1957336217259416,417419.0,437829.0,55.65586666666667,1.0254320926047593,8.784700565495134,-1.2021552752616076
35032,Campinas,SP,Southeast,2016,2024,11.47544902817291,8.815009887718812,-2.6604391404540984,2927990.0,3085646.0,390.39866666666666,-0.7490202546424749,12.20513970729297,-3.426209580196753
35033,Amparo,SP,Southeast,2016,2024,6.197194736515937,4.531037607612143,-1.6661571289037935,193636.0,198630.0,25.818133333333332,1.8747152921289056,5.336785602385371,-0.4048883014937177
35034,Dracena,SP,Southeast,2016,2024,8.058732039100969,3.153280988868918,-4.905451050232051,124089.0,126852.0,16.5452,0.949374957512326,10.208111150212355,-5.159659297829087
35035,Adamantina,SP,Southeast,2016,2024,2.388202280733178,4.925046941853664,2.5368446611204862,167490.0,162435.0,22.332,3.7681043468051527,4.9755204394379655,-0.6234909948501803
35036,Presidente Prudente,SP,Southeast,2016,2024,17.9503352101589,9.572821110381229,-8.377514099777672,607231.0,605882.0,80.96413333333334,-3.9675823204807994,15.261032271593674,-5.731012709974573
35037,Tupã,SP,Southeast,2016,2024,9.63694981777404,3.463623296330291,-6.173326521443749,114144.0,115486.0,15.2192,0.1648682138724329,9.34500290571184,-4.677286002742006
35038,Marília,SP,Southeast,2016,2024,9.38347711853322,7.779960488914946,-1.603516629618274,351682.0,359899.0,46.89093333333334,0.2908654270391855,7.677666899208347,-1.093852829879845
35039,Assis,SP,Southeast,2016,2024,8.178243028936757,7.61772099552731,-0.5605220334094474,281234.0,275673.0,37.49786666666667,0.8899679613852873,6.637689989059664,1.9270283877059668
35040,Ourinhos,SP,Southeast,2016,2024,5.82051472751907,6.491651735867674,0.6711370083486043,309251.0,308088.0,41.233466666666665,2.061956882767198,7.32983728839137,-0.978941538345107
35041,Itapeva,SP,Southeast,2016,2024,7.528210980093825,8.848881219858498,1.3206702397646728,252384.0,248619.0,33.6512,1.2130884665465556,6.735910061072251,2.7532157396574624
35042,Itapetininga,SP,Southeast,2016,2024,7.555580740824691,5.556558823120842,-1.9990219177038497,211764.0,215961.0,28.2352,1.199483397489972,9.130393031935911,-3.01103255217805
35043,Tatuí,SP,Southeast,2016,2024,4.8378792119785885,9.352847458283076,4.514968246304488,289383.0,310066.0,38.5844,2.5504092363642488,6.911948685692957,0.08566119318278886
35044,Capão Bonito,SP,Southeast,2016,2024,8.072565020841894,8.061383773167318,-0.011181247674576511,136264.0,136453.0,18.168533333333333,0.9424988041657789,9.29549902152642,-0.6729404373998111
35045,Piedade,SP,Southeast,2016,2024,9.936505728395552,7.94711196984071,-1.9893937585548418,201278.0,201331.0,26.837066666666665,0.015963775489188592,11.427416857261626,-3.3783173502689703
35046,Sorocaba,SP,Southeast,2016,2024,11.452582898294247,9.109834647330176,-2.342748250964071,1466918.0,1635595.0,195.58906666666667,-0.737653868245638,10.908136447151783,-3.0515160285435643
35047,Jundiaí,SP,Southeast,2016,2024,7.510220276177723,6.600810884229394,-0.909409391948329,705705.0,787782.0,94.094,1.2220313568977703,8.07775047403641,-1.9578614164195942
35048,Bragança Paulista,SP,Southeast,2016,2024,7.572042576513687,4.607387071354127,-2.96465550515956,554672.0,629424.0,73.95626666666666,1.1913004830118656,8.354023063113743,-3.00592682331159
35049,Campos do Jordão,SP,Southeast,2016,2024,10.909586799399973,1.3999720005599887,-9.509614798839984,73330.0,71430.0,9.777333333333333,-0.46773921697940324,9.091818272736365,-8.148526609312263
35050,São José dos Campos,SP,Southeast,2016,2024,15.90468009699923,7.716021254904534,-8.188658842094696,1553002.0,1645926.0,207.06693333333334,-2.9507199754218725,13.95249796937491,-5.328723440229389
35051,Guaratinguetá,SP,Southeast,2016,2024,19.082725944129503,27.321553110462958,8.238827166333454,429708.0,417253.0,57.2944,-4.530475591130802,19.548962004420236,7.223792713873362
35052,Bananal,SP,Southeast,2016,2024,3.6255528968167647,3.802281368821293,0.17672847200452813,27582.0,26300.0,3.6776,3.153037202281727,6.042515136500417,0.3413464613801409
35053,Paraibuna/Paraitinga,SP,Southeast,2016,2024,15.121106315123855,8.063974195282576,-7.057132119841279,72746.0,74405.0,9.699466666666666,-2.561218016739409,12.830205970627993,-3.3381657243773493
35054,Caraguatatuba,SP,Southeast,2016,2024,27.2291094829286,16.199759796665084,-11.029349686263515,319511.0,358030.0,42.60146666666667,-8.579912182726053,26.18871735800707,-7.111621689219621
35055,Registro,SP,Southeast,2016,2024,10.309809784009484,10.314431476471196,0.004621692461711291,252187.0,252074.0,33.62493333333333,-0.16959968287172433,11.896028709082618,-1.0759249563099669
35056,Itanhaém,SP,Southeast,2016,2024,15.529473305652727,6.433212531898012,-9.096260773754715,244696.0,279798.0,32.626133333333335,-2.7642106976476084,14.71353563536589,-4.520338138523961
35057,Osasco,SP,Southeast,2016,2024,11.703535403974833,7.33012092350126,-4.373414480473572,1922496.0,2128205.0,256.3328,-0.8623983336167447,14.079737437172206,-6.113167654531042
35058,Franco da Rocha,SP,Southeast,2016,2024,11.010855523811959,5.033404381772107,-5.977451142039851,508589.0,516549.0,67.81186666666666,-0.5180782755647204,11.798497395809436,-5.2987367051803185
35059,Guarulhos,SP,Southeast,2016,2024,14.95504688847054,5.906464423955278,-9.048582464515261,1477762.0,1489893.0,197.03493333333333,-2.478672539293304,15.068921139688673,-8.816459518165235
35060,Itapecerica da Serra,SP,Southeast,2016,2024,11.294993607033618,4.483137368501822,-6.811856238531796,1106685.0,1159902.0,147.558,-0.6593187592448126,11.898540094314757,-6.162328001969938
35061,São Paulo,SP,Southeast,2016,2024,9.807200854316163,3.084866726607057,-6.7223341277091055,14774858.0,14684589.0,1969.9810666666667,0.08023915438276319,10.265647893240871,-7.081809086768397
35062,Mogi das Cruzes,SP,Southeast,2016,2024,12.87392026017711,6.754049344824742,-6.119870915352368,1452549.0,1539817.0,193.6732,-1.4441778730138193,13.540485938205354,-6.91150097675147
35063,Santos,SP,Southeast,2016,2024,10.586962500227088,12.10819886505816,1.521236364831072,1596303.0,1610479.0,212.8404,-0.3073678526572854,11.151445187618888,0.17244939595644304
41001,Paranavaí,PR,South,2016,2024,29.653921295004185,18.010841140917513,-11.643080154086672,286640.0,288715.0,38.218666666666664,-9.785247241256672,26.398541218938103,-5.502827175033758
41002,Umuarama,PR,South,2016,2024,25.188373047001505,17.760441799367324,-7.427931247634181,277906.0,298416.0,37.05413333333333,-7.565494833225337,24.58906278487329,-4.761281230375214
41003,Cianorte,PR,South,2016,2024,29.514423570475312,12.025849246485604,-17.48857432398971,155856.0,157993.0,20.7808,-9.715905159894913,22.458163649430205,-4.715329990633446
41004,Goioerê,PR,South,2016,2024,24.42449777126458,12.808689414899067,-11.615808356365513,114639.0,117108.0,15.2852,-7.185784685986183,29.6569389968395,-10.45290328306562
41005,Campo Mourão,PR,South,2016,2024,27.537442038126034,19.854286799488968,-7.683155238637067,225148.0,231688.0,30.019733333333335,-8.73317935035325,23.54028052907891,-0.8396473123773553
41006,Astorga,PR,South,2016,2024,16.36652840359859,15.848773881220644,-0.5177545223779454,195521.0,208218.0,26.069466666666667,-3.180297360724486,16.196595986994986,2.4816804466236384
41007,Porecatu,PR,South,2016,2024,21.16227941262918,30.992760091242687,9.830480678613508,85057.0,80664.0,11.340933333333334,-5.564188264909822,22.33796160221969,-0.33439121155252494
41008,Floraí,PR,South,2016,2024,8.265829062654984,12.545792141315802,4.279963078660819,36294.0,39854.0,4.8392,0.846430348877595,9.184085816097866,4.385873686054245
41009,Maringá,PR,South,2016,2024,14.919558712607856,20.230955414199492,5.311396701591637,603235.0,682123.0,80.43133333333333,-2.461031936291631,16.302305532836712,2.028026021405587
41010,Apucarana,PR,South,2016,2024,20.025047201896975,16.678189779605304,-3.34685742229167,314606.0,329772.0,41.947466666666664,-4.99888837381746,18.119090103798015,0.7925938737402483
41011,Londrina,PR,South,2016,2024,23.740161407842084,18.070503877930133,-5.669657529911952,791907.0,830082.0,105.5876,-6.845612056278302,22.436644892316732,-3.7895527652539727
41012,Faxinal,PR,South,2016,2024,23.285351397121083,17.140530927945495,-6.144820469175588,47240.0,46673.0,6.298666666666667,-6.619533294964672,19.756431424015354,-3.22417915622162
41013,Ivaiporã,PR,South,2016,2024,17.55489562151645,9.673842673552459,-7.881052947963992,136714.0,134383.0,18.228533333333335,-3.7710156436987035,17.066635459104685,-3.599780755244561
41014,Assaí,PR,South,2016,2024,22.04403295582927,25.683638011784257,3.6396050559549877,72582.0,66190.0,9.6776,-6.002493808172959,27.095043903155883,-5.908603225189783
41015,Cornélio Procópio,PR,South,2016,2024,17.871204463333314,22.498253425063055,4.6270489617297414,179059.0,168902.0,23.874533333333332,-3.9282476954671797,15.450915420199745,4.574105943127503
41016,Jacarezinho,PR,South,2016,2024,15.586642247593812,13.914011409489357,-1.672630838104455,128315.0,129366.0,17.108666666666668,-2.7926284617138872,13.768558328029407,1.3454678791708634
41017,Ibaiti,PR,South,2016,2024,11.041183614883515,6.329194040430892,-4.711989574452623,81513.0,78999.0,10.8684,-0.5331538831829326,11.859291550459242,-1.2204730550860639
41018,Wenceslau Braz,PR,South,2016,2024,5.8229813664596275,13.442305624260673,7.619324257801045,103040.0,111588.0,13.738666666666667,2.0607307561139936,8.734613331607978,3.9733663719330092
41019,Telêmaco Borba,PR,South,2016,2024,56.21497543522688,25.6473029529372,-30.567672482289684,170773.0,171558.0,22.769733333333335,-22.988321223041716,42.5534406799181,-10.52256527412817
41020,Jaguariaíva,PR,South,2016,2024,17.779441351237544,14.439043172739087,-3.3403981784984573,106865.0,103885.0,14.248666666666667,-3.882633724297092,14.660789873449309,2.1902662340863532
41021,Ponta Grossa,PR,South,2016,2024,22.003046246985264,24.86099546582797,2.8579492188427054,468117.0,506818.0,62.4156,-5.982119972621087,20.223987785850756,3.0831785650305967
41022,Toledo,PR,South,2016,2024,21.58232799742974,20.147338361408213,-1.4349896360215268,407741.0,456636.0,54.36546666666667,-5.7729876789612184,20.76583415292974,-1.5631690016361866
41023,Cascavel,PR,South,2016,2024,25.933943459716655,21.32208449308185,-4.611858966634806,466570.0,520587.0,62.20933333333333,-7.936105926660863,25.077787581851112,-3.357438060334758
41024,Foz do Iguaçu,PR,South,2016,2024,32.027754269977606,24.838808655594264,-7.188945614383343,427754.0,479089.0,57.03386666666667,-10.965241537549018,31.95042540822513,-3.564642084483502
41025,Capanema,PR,South,2016,2024,9.057788691854029,5.642279480910288,-3.415509210943741,99362.0,106340.0,13.248266666666666,0.45275991999700427,11.741814278046162,-1.2716566069899606
41026,Francisco Beltrão,PR,South,2016,2024,17.058627400807957,14.178854141089973,-2.879773259717984,257934.0,289163.0,34.3912,-3.524328671177509,16.413061178070084,-3.273119627345803
41027,Pato Branco,PR,South,2016,2024,15.355993266987568,11.17647656496073,-4.179516702026838,169315.0,196842.0,22.575333333333333,-2.6779765529948003,14.1751816195145,-0.5363028734626543
41028,Pitanga,PR,South,2016,2024,10.817827780181739,16.546931233711614,5.729103453529875,73952.0,72521.0,9.860266666666666,-0.42212728031308977,14.423120261779633,1.7468959082365352
41029,Guarapuava,PR,South,2016,2024,29.122533057840865,20.574376370579646,-8.54815668726122,398317.0,398554.0,53.10893333333333,-9.521102671870283,31.048025688684543,-8.360511905808284
41030,Palmas,PR,South,2016,2024,24.931697536956047,28.25534134625834,3.3236438093022933,96263.0,92018.0,12.835066666666666,-7.43790555417972,23.208124922062268,11.489747915712393
41031,Prudentópolis,PR,South,2016,2024,9.409380428488708,9.7799511002445,0.3705706717557913,138160.0,132925.0,18.421333333333333,0.2779893071416133,13.511622408060648,-0.3439485409553953
41032,Irati,PR,South,2016,2024,7.713148024952034,3.8677612430984634,-3.8453867818535703,103719.0,103419.0,13.8292,1.1211592278821163,8.35620576835312,1.091463915052211
41033,União da Vitória,PR,South,2016,2024,23.51281448389372,17.459167372308016,-6.053647111585704,123337.0,114553.0,16.444933333333335,-6.732601546959852,18.644415862344765,0.09122136887934573
41034,São Mateus do Sul,PR,South,2016,2024,5.934982269240471,12.421010138649526,6.486027869409056,67397.0,64407.0,8.986266666666667,2.0050569038024304,9.892126362022148,0.563995828221767
41035,Cerro Azul,PR,South,2016,2024,20.061522000802462,24.700070571630203,4.638548570827741,29908.0,28340.0,3.9877333333333334,-5.017019411308572,30.09228300120369,-8.825867987114691
41036,Lapa,PR,South,2016,2024,32.305265758318605,16.014092401313157,-16.291173357005448,52623.0,49956.0,7.0164,-11.10318804720252,23.437895910403892,-4.593526843435715
41037,Curitiba,PR,South,2016,2024,36.81635478832678,16.46723332877172,-20.349121459555057,3362636.0,3522146.0,448.3514666666667,-13.345578047508338,34.58819036848269,-15.930794517437977
41038,Paranaguá,PR,South,2016,2024,39.0774944755489,40.94833791336227,1.8708434378133703,289169.0,312589.0,38.55586666666667,-14.469554318025958,38.15746698975628,2.885279356299222
41039,Rio Negro,PR,South,2016,2024,13.328412073490814,6.890781119259733,-6.43763095423108,97536.0,101585.0,13.0048,-1.6700984635000724,13.329232031169896,2.312095684597228
42001,São Miguel do Oeste,SC,South,2016,2024,8.348174532502226,6.292870178088226,-2.055304354414,179680.0,190692.0,23.957333333333334,0.8054977366131002,10.388800872659273,-4.003563541369215
42002,Chapecó,SC,South,2016,2024,17.31081105705279,9.425532636849308,-7.8852784202034805,439032.0,530474.0,58.5376,-3.6496851217468187,15.564935010701841,-6.251816318884581
42003,Xanxerê,SC,South,2016,2024,16.12483099936741,9.209958267376601,-6.91487273199081,161242.0,173725.0,21.498933333333333,-3.0601534578348364,16.12503100967502,-1.8609361788462078
42004,Joaçaba,SC,South,2016,2024,9.52785164268824,9.24538081163237,-0.28247083105587123,346353.0,356935.0,46.1804,0.21909916680566877,9.239333382096481,0.8140395956699162
42005,Concórdia,SC,South,2016,2024,7.490789733532179,5.431174944179591,-2.0596147893525885,146847.0,165710.0,19.5796,1.23168996798681,7.263845570643168,-2.1349302849369423
42006,Canoinhas,SC,South,2016,2024,10.211736427227631,10.095087963160694,-0.11664846406693741,254609.0,257551.0,33.94786666666667,-0.1208489902826102,10.211830012306564,2.2432007712853093
42007,São Bento do Sul,SC,South,2016,2024,6.631690639000236,4.29080195088462,-2.3408886881156157,135712.0,139834.0,18.094933333333334,1.6587343481875534,8.596868283696653,-2.048389531691181
42008,Joinville,SC,South,2016,2024,22.202648682173773,7.155761492285471,-15.046887189888302,959345.0,1131955.0,127.91266666666667,-6.081339141590268,20.1188506333442,-11.604189222656382
42009,Curitibanos,SC,South,2016,2024,16.407019079019328,8.983515249517136,-7.423503829502192,127994.0,133578.0,17.06586666666667,-3.2004246260178792,14.844561811974092,-2.423964913574574
42010,Campos de Lages,SC,South,2016,2024,14.58581494768207,11.22490079168565,-3.3609141559964204,287951.0,302898.0,38.39346666666667,-2.2951332638966333,12.965183850937429,-1.7884279266979508
42011,Rio do Sul,SC,South,2016,2024,4.499984250055125,6.79836839158602,2.298384141530895,222223.0,250060.0,29.629733333333334,2.718371402202842,4.5000922518911635,1.22326907821801
42012,Blumenau,SC,South,2016,2024,7.400886548304418,4.813295697945066,-2.5875908503593514,770178.0,872583.0,102.6904,1.276379399343479,7.704226937093688,-2.9906781356607697
42013,Itajaí,SC,South,2016,2024,21.60214970581667,11.575689321480693,-10.026460384335978,685117.0,924351.0,91.34893333333333,-5.782840732266122,22.820085762650674,-12.482064418583843
42014,Ituporanga,SC,South,2016,2024,10.089120564990752,9.203159751514686,-0.8859608134760659,59470.0,65195.0,7.929333333333333,-0.05989861188620882,11.21057381322063,-0.7754826887873865
42015,Tijucas,SC,South,2016,2024,13.979236174535423,10.672114527034752,-3.3071216475006704,107302.0,131183.0,14.306933333333333,-1.9936126851065152,16.15478771987598,-6.177577767871611
42016,Florianópolis,SC,South,2016,2024,15.729949824465782,8.51075901785841,-7.219190806607372,998096.0,1268982.0,133.07946666666666,-2.863864359566513,18.03522279010908,-9.613698518744675
42017,Tabuleiro,SC,South,2016,2024,7.954183900731785,7.119718059164857,-0.8344658415669279,25144.0,28091.0,3.352533333333333,1.0013441601749533,7.954500258521258,-3.1177116443216555
42018,Tubarão,SC,South,2016,2024,9.145783793671118,5.041427381526456,-4.104356412144662,404558.0,456220.0,53.941066666666664,0.4090189662986967,9.47561142412672,-3.9410597415108217
42019,Criciúma,SC,South,2016,2024,13.647100859519226,6.305809226750144,-7.341291632769082,403016.0,444035.0,53.73546666666667,-1.8285135473625207,15.797997376374466,-9.186772746948982
42020,Araranguá,SC,South,2016,2024,11.185454841268227,11.519311913101724,0.33385707183349744,196684.0,234389.0,26.224533333333333,-0.6048687957516936,11.355239341328327,-1.134120026552166
43001,Santa Rosa,RS,South,2016,2024,6.799062965504027,14.30367902544267,7.504616059938642,161787.0,167789.0,21.5716,1.5755362492842955,6.180953597521025,7.900592636721473
43002,Três Passos,RS,South,2016,2024,12.258323742330035,13.916238162499914,1.6579144201698792,146839.0,143717.0,19.578533333333333,-1.1381747179750317,13.166078733150824,1.1378588360239554
43003,Frederico Westphalen,RS,South,2016,2024,16.321476812246736,19.62098791674161,3.299511104494872,177680.0,183477.0,23.690666666666665,-3.157902937277454,15.382970301487457,1.8959967839184344
43004,Erechim,RS,South,2016,2024,18.241600882893483,12.281826989997134,-5.959773892896349,219279.0,219837.0,29.2372,-4.112365814583374,16.569630451636442,-1.6626759731723801
43005,Sananduva,RS,South,2016,2024,3.210942893380641,9.979375956356863,6.7684330629762215,62287.0,60124.0,8.304933333333333,3.3591331847700707,8.562422737513579,3.1966506475036827
43006,Cerro Largo,RS,South,2016,2024,4.463754314962505,15.397170000153972,10.933415685191466,67208.0,64947.0,8.961066666666667,2.736380721820121,7.439442934513064,7.596007027250231
43007,Santo Ângelo,RS,South,2016,2024,15.476475756849588,17.32113382104212,1.844658064192533,200304.0,196292.0,26.7072,-2.73786646620231,14.477511598650096,1.1667751422151866
43008,Ijuí,RS,South,2016,2024,5.714760707383471,10.639106315069535,4.924345607686064,192484.0,197385.0,25.664533333333335,2.114525509913929,8.485906467992546,1.7967905806163333
43009,Carazinho,RS,South,2016,2024,24.029219530949636,15.564295506108985,-8.46492402484065,166464.0,167049.0,22.1952,-6.989298212869711,22.42790030798313,-4.0324114478666715
43010,Passo Fundo,RS,South,2016,2024,15.987940524861248,22.26872719467697,6.280786669815722,350264.0,372720.0,46.70186666666667,-2.9921073986398605,18.368793988740787,-0.09443863708218458
43011,Cruz Alta,RS,South,2016,2024,14.936713793081054,16.963528413910094,2.0268146208290396,153983.0,147375.0,20.531066666666668,-2.469559451632527,16.668145874417426,0.7151231865658261
43012,Não-Me-Toque,RS,South,2016,2024,4.526525439072968,13.146938954380122,8.620413515307154,44184.0,45638.0,5.8912,2.705178202854761,6.790044286177733,6.502230686683872
43013,Soledade,RS,South,2016,2024,17.554283245111808,20.646226902033654,3.0919436569218455,74056.0,67809.0,9.874133333333333,-3.7707112412102894,14.85395857996156,10.509900904256899
43014,Guaporé,RS,South,2016,2024,13.204806549584049,11.453031832270348,-1.751774717313701,136314.0,139701.0,18.1752,-1.6086561401614468,10.515992868689487,6.890826252701316
43015,Vacaria,RS,South,2016,2024,27.325224825877594,21.766601568404568,-5.558623257473027,164683.0,165391.0,21.957733333333334,-8.627689578044807,19.63455438670356,7.118621021205783
43016,Caxias do Sul,RS,South,2016,2024,25.691285896435573,16.059561331349187,-9.631724565086387,840752.0,865528.0,112.10026666666667,-7.8154847441081685,23.196980030770696,-4.9187465691961805
43017,Santiago,RS,South,2016,2024,16.556147123151593,7.4523283868503665,-9.103818736301227,114761.0,107349.0,15.301466666666666,-3.274553784787054,13.361411662188658,-2.056015219620072
43018,Santa Maria,RS,South,2016,2024,20.16535591853196,21.17410407072151,1.008748152189547,381843.0,377820.0,50.9124,-5.068633586347097,19.642592123757062,0.7142717713270699
43019,Restinga Seca,RS,South,2016,2024,12.390038409119068,11.572543314376405,-0.8174950947426627,64568.0,60488.0,8.609066666666667,-1.2036479661722206,6.711166865420455,3.857246926915777
43020,Santa Cruz do Sul,RS,South,2016,2024,22.03542709064787,13.441920675135076,-8.593506415512795,340361.0,342213.0,45.38146666666667,-5.9982159706267755,21.057703985488793,-8.502478292949464
43021,Lajeado-Estrela,RS,South,2016,2024,19.2383447694605,14.359233561549418,-4.879111207911082,327471.0,348208.0,43.6628,-4.6078312131236885,18.934978708329048,-6.112168093956134
43022,Cachoeira do Sul,RS,South,2016,2024,17.16388971883006,10.763972982427815,-6.399916736402245,157307.0,148644.0,20.974266666666665,-3.576652881090375,13.773345821166878,-4.2331167193794474
43023,Montenegro,RS,South,2016,2024,16.419462536259648,10.085197998745928,-6.33426453751372,219252.0,228057.0,29.2336,-3.20661006902273,16.421484775915157,-7.681812217376017
43024,Gramado-Canela,RS,South,2016,2024,9.652780156375039,8.55568274348293,-1.0970974128921096,321151.0,338956.0,42.82013333333333,0.1569992064677459,11.93779474674747,-2.0616062372438826
43025,São Jerônimo,RS,South,2016,2024,17.607355962046366,11.041412196619948,-6.565943765426418,153345.0,144909.0,20.446,-3.797092837528041,18.696017965568892,-5.888402324442939
43026,Porto Alegre,RS,South,2016,2024,47.73098162552506,15.800343744660006,-31.930637880865056,3840273.0,3727767.0,512.0364,-18.771063980947922,46.81420766497798,-27.11583052711666
43027,Osório,RS,South,2016,2024,38.763731049213895,18.188934681002923,-20.574796368210972,374061.0,434330.0,49.8748,-14.313587551465814,35.11567674326162,-14.067525589472137
43028,Camaquã,RS,South,2016,2024,16.679720360862124,12.468342100136372,-4.211378260725752,137892.0,128325.0,18.3856,-3.3359800591753928,16.922559948168615,0.15872198890131273
43029,Campanha Ocidental,RS,South,2016,2024,16.91275167785235,13.002651410222345,-3.9101002676300034,372500.0,353774.0,49.666666666666664,-3.451816189098997,16.37556050501155,-2.0511703659217204
43030,Campanha Central,RS,South,2016,2024,10.065585234316229,13.31515371013443,3.249568475818201,188762.0,187756.0,25.168266666666668,-0.04819957650752826,11.30147025064542,4.559100910150132
43031,Campanha Meridional,RS,South,2016,2024,16.029981593159068,19.70243690998238,3.6724553168233136,180911.0,177643.0,24.121466666666667,-3.013005339364616,14.372131331799078,-0.84310346867092
43032,Serras de Sudeste,RS,South,2016,2024,26.461589349210286,14.207698796785508,-12.253890552424778,120930.0,112615.0,16.124,-8.198390235046778,18.468493301725562,-2.906992454820804
43033,Pelotas,RS,South,2016,2024,20.00396118043177,9.16286068582994,-10.841100494601829,504900.0,491113.0,67.32,-4.988406850760548,23.305868061057414,-15.2447607336142
43034,Jaguarão,RS,South,2016,2024,9.234804129804408,1.937984496124031,-7.296819633680377,54143.0,51600.0,7.2190666666666665,0.3647683850662551,9.23446301597562,-2.695438115368799
43035,Litoral Lagunar,RS,South,2016,2024,19.743986310836156,19.349771786515106,-0.3942145243210504,273501.0,263569.0,36.4668,-4.859177513003285,26.083056251645427,3.509004327162412
50001,Baixo Pantanal,MS,Center-West,2016,2024,22.940731944294505,20.110084089944213,-2.8306478543502926,148208.0,134261.0,19.761066666666668,-6.448228492556952,25.64067961296069,-5.256398158881947
50002,Aquidauana,MS,Center-West,2016,2024,21.71159761172426,12.583251691997951,-9.12834591972631,110540.0,111259.0,14.738666666666667,-5.837245530781292,19.299663462118378,-1.6284815037858067
50003,Alto Taquari,MS,Center-West,2016,2024,28.63642871915618,22.385179467387108,-6.251249251769071,125714.0,129550.0,16.761866666666666,-9.279468002077513,23.0689682602816,-1.5647762540716101
50004,Campo Grande,MS,Center-West,2016,2024,20.064952526736032,18.1389270872112,-1.9260254395248317,966860.0,1052984.0,128.91466666666668,-5.018724670725547,19.27306415172142,0.05149524506555281
50005,Cassilândia,MS,Center-West,2016,2024,15.701948469060024,24.6415770609319,8.939628591871877,70055.0,89280.0,9.340666666666667,-2.8499453349276296,15.702919791389089,8.215725950320401
50006,Paranaíba,MS,Center-West,2016,2024,12.425292926280736,4.479584294577463,-7.9457086317032735,80481.0,89294.0,10.7308,-1.2211724211814339,20.295233519442004,-9.59622527929512
50007,Três Lagoas,MS,Center-West,2016,2024,27.683736381620307,16.824020743027926,-10.85971563859238,173387.0,202092.0,23.118266666666667,-8.805899921986985,25.570579606213073,-7.237887068382797
50008,Nova Andradina,MS,Center-West,2016,2024,20.506300560847322,11.33646632038915,-9.169834240458172,97531.0,97032.0,13.004133333333334,-5.238111699392546,14.355048191947501,-1.0648032317482876
50009,Bodoquena,MS,Center-West,2016,2024,13.749232334527989,16.552332959373217,2.8031006248452286,109097.0,108746.0,14.546266666666666,-1.8792814654312355,22.610470481114145,-6.15814961739834
50010,Dourados,MS,Center-West,2016,2024,34.02560516329604,16.666142574132888,-17.359462589163154,558403.0,636020.0,74.45373333333333,-11.958341171690174,33.609692963813764,-14.139067449743404
50011,Iguatemi,MS,Center-West,2016,2024,36.76015034488456,25.061958731307957,-11.6981916135766,242110.0,251377.0,32.281333333333336,-13.31763972017558,33.73224582408565,-8.214188760849478
51001,Aripuanã,MT,Center-West,2016,2024,37.15856630914668,47.00226282322449,9.843696514077813,158779.0,148929.0,21.170533333333335,-13.515685905538044,37.164964147358035,12.422542518085926
51002,Alta Floresta,MT,Center-West,2016,2024,51.162745798380165,30.4594150051781,-20.703330793202063,103591.0,114907.0,13.812133333333334,-20.476938906809032,49.556405809040506,-17.11678405503016
51003,Colíder,MT,Center-West,2016,2024,35.87300954620643,38.211441032499486,2.3384314862930538,150531.0,151787.0,20.0708,-12.876656258624271,35.210409880173884,8.28439792714412
51004,Parecis,MT,Center-West,2016,2024,35.75155567580103,21.956390066626287,-13.795165609174742,103492.0,132080.0,13.798933333333334,-12.816283487729295,39.936745348496416,-14.408333267826634
51005,Arinos,MT,Center-West,2016,2024,23.848673888212478,38.54281575205008,14.694141863837604,79669.0,75241.0,10.622533333333333,-6.8995518697628775,28.45283524134699,16.09138826374887
51006,Alto Teles Pires,MT,Center-West,2016,2024,37.341612822018966,40.88670826444812,3.545095442429151,238340.0,337518.0,31.778666666666666,-13.606675391075848,37.07086971058143,10.88543036824803
51007,Sinop,MT,Center-West,2016,2024,33.423662924930454,26.428760205430038,-6.994902719500416,194473.0,279998.0,25.929733333333335,-11.6591253399711,38.057751781171355,-12.459105170487817
51008,Paranatinga,MT,Center-West,2016,2024,51.37719423433709,20.202473680666234,-31.174720553670856,35035.0,44549.0,4.671333333333333,-20.583537784634807,39.0104662226451,-18.252093679052518
51009,Norte Araguaia,MT,Center-West,2016,2024,24.01844616665599,21.324313393874775,-2.6941327727812165,124904.0,135995.0,16.653866666666666,-6.983942946280864,24.82257199213151,-3.085071055170264
51010,Canarana,MT,Center-West,2016,2024,19.12098117949138,21.943509178558447,2.8225279990670664,109827.0,145829.0,14.6436,-4.549491655026722,25.194269062651774,-3.4898851309733985
51011,Médio Araguaia,MT,Center-West,2016,2024,23.780505930263665,27.68682588597843,3.906319955714764,67282.0,83072.0,8.970933333333333,-6.865666671260065,18.82698005331008,6.640732432646736
51012,Alto Guaporé,MT,Center-West,2016,2024,29.15816220269088,70.9921443118999,41.833982109209025,72021.0,85925.0,9.6028,-9.53881334829446,25.467207497545886,28.881373191252955
51013,Tangará da Serra,MT,Center-West,2016,2024,21.04116642324925,44.52809128852422,23.486924865274972,161588.0,168433.0,21.545066666666667,-5.503984940504983,25.170208376315248,13.315354500228711
51014,Jauru,MT,Center-West,2016,2024,17.6250684130945,43.30836540449029,25.68329699139579,107801.0,101597.0,14.373466666666667,-3.8058974128416807,21.337192582078615,19.053115714189225
51015,Alto Paraguai,MT,Center-West,2016,2024,39.953285389390864,39.296591020728954,-0.6566943686619098,32538.0,30537.0,4.3384,-14.90489593387395,42.00217181961604,8.167423224500489
51016,Rosário Oeste,MT,Center-West,2016,2024,36.33000858709294,28.90904491742854,-7.420963669664399,30278.0,27673.0,4.037066666666667,-13.10382315172179,33.00366340663814,2.989569865506695
51017,Cuiabá,MT,Center-West,2016,2024,39.94191871267858,18.366421589728578,-21.57549712295,906316.0,1045386.0,120.84213333333334,-14.899245741198348,37.62683886002816,-20.369009996032084
51018,Alto Pantanal,MT,Center-West,2016,2024,30.147058823529413,42.94196911139739,12.794910287867978,136000.0,135066.0,18.133333333333333,-10.030377996908925,27.72230590705913,16.039193918889453
51019,Primavera do Leste,MT,Center-West,2016,2024,45.274942377346065,17.05054064422626,-28.224401733119805,97184.0,140758.0,12.957866666666666,-17.550206264808985,44.205029093077286,-23.501784229145667
51020,Tesouro,MT,Center-West,2016,2024,31.229333529282094,25.95127647841178,-5.278057050870313,54436.0,61654.0,7.258133333333333,-10.568359393777818,28.165909452724133,-6.24906197206575
51021,Rondonópolis,MT,Center-West,2016,2024,46.31789293288207,19.33454534960898,-26.983347583273087,302259.0,346530.0,40.3012,-18.068640257352712,41.030980596316915,-19.949209924606386
51022,Alto Araguaia,MT,Center-West,2016,2024,30.622400285809068,41.9238383603121,11.301438074503029,39187.0,42935.0,5.224933333333333,-10.266662613474054,39.98604742175071,-4.307440314572176
52001,São Miguel do Araguaia,GO,Center-West,2016,2024,43.602840413604085,24.849968316290397,-18.752872097313688,80270.0,80483.0,10.702666666666667,-16.719031198645425,41.112273882493646,-11.893744325863963
52002,Rio Vermelho,GO,Center-West,2016,2024,21.25137015412836,24.450692954866245,3.1993228007378853,89406.0,89977.0,11.9208,-5.6084738435203665,30.944977592853576,-9.702398520148055
52003,Aragarças,GO,Center-West,2016,2024,29.29064939092679,35.97057606877574,6.67992667784895,58039.0,55601.0,7.738533333333334,-9.60467060451188,28.717642396429824,4.421675295145562
52004,Porangatu,GO,Center-West,2016,2024,23.235646801571725,20.80389726342068,-2.4317495381510454,241009.0,230726.0,32.13453333333333,-6.594825937763849,26.278918912937943,-1.7042139911625718
52005,Chapada dos Veadeiros,GO,Center-West,2016,2024,25.002206077006793,17.09986320109439,-7.902342875912403,67994.0,70176.0,9.065866666666667,-7.472954218503171,30.397372098154094,-14.537286886241727
52006,Ceres,GO,Center-West,2016,2024,25.420651252874954,18.55918834482972,-6.861462908045233,247830.0,258632.0,33.044,-7.680956603692469,23.40461878045795,-2.129925289404742
52007,Anápolis,GO,Center-West,2016,2024,47.909788390029384,9.73031580280511,-38.179472587224275,594868.0,647461.0,79.31573333333333,-18.8599459555763,43.263042097966135,-28.374670807149585
52008,Iporá,GO,Center-West,2016,2024,18.57166976194496,6.332721170286872,-12.238948591658088,59230.0,63164.0,7.897333333333333,-4.276437760154318,20.25909126720616,-12.257811062373387
52009,Anicuns,GO,Center-West,2016,2024,12.848515996402416,7.1275202466122005,-5.720995749790215,116745.0,112241.0,15.566,-1.4315498209681685,12.278171980069386,2.6799080007842715
52010,Goiânia,GO,Center-West,2016,2024,48.61243827472162,17.214900343808306,-31.397537930913312,2396506.0,2654677.0,319.53413333333333,-19.209221942963993,49.411753904425815,-29.78708249236709
52011,Vão do Paranã,GO,Center-West,2016,2024,45.614272198945805,22.425748347222346,-23.18852385172346,118384.0,111479.0,15.784533333333334,-17.71888167637794,36.32595362668184,-9.493832261077603
52012,Entorno de Brasília,GO,Center-West,2016,2024,63.47899757950018,21.638650001159213,-41.84034757834097,1205123.0,1423379.0,160.68306666666666,-26.59915011822958,58.31503841931943,-33.182848144131555
52013,Sudoeste de Goiás,GO,Center-West,2016,2024,32.230087665838454,19.09278917099823,-13.137298494840223,511944.0,560421.0,68.2592,-11.06581822326463,35.29555796937231,-14.640563804408163
52014,Vale do Rio dos Bois,GO,Center-West,2016,2024,20.29286665151466,24.73707487837605,4.444208226861388,123196.0,133403.0,16.426133333333333,-5.13201712647899,30.847327376732455,-6.234909523848742
52015,Meia Ponte,GO,Center-West,2016,2024,37.86243818956966,17.530689945025554,-20.331748244544105,396171.0,444934.0,52.8228,-13.86556932740305,36.18289020512333,-17.853604589030216
52016,Pires do Rio,GO,Center-West,2016,2024,25.0946066671351,19.16967904480228,-5.92492762233282,99623.0,109548.0,13.283066666666667,-7.5188850697782765,17.734530804545393,4.512513351202454
52017,Catalão,GO,Center-West,2016,2024,38.43289856116836,13.334471208209767,-25.09842735295859,166524.0,187484.0,22.2032,-14.14913602811198,35.83547712235113,-13.673383204120174
52018,Quirinópolis,GO,Center-West,2016,2024,30.083012854390088,23.13684156405049,-6.946171290339599,122993.0,116697.0,16.399066666666666,-9.99854177292785,36.04912438574189,-8.958108659983665
53001,Brasília,DF,Center-West,2016,2024,25.5272039381758,10.325805999561489,-15.20139793861431,2977216.0,2982818.0,396.9621333333333,-7.733922234482494,23.646670376387366,-12.014885558889437
